solid OpenSCAD_Model
  facet normal 0.923875 -0.382694 0
    outer loop
      vertex -42.9281 23.8282 1.2
      vertex -42.6084 24.6 0
      vertex -42.6084 24.6 1.2
    endloop
  endfacet
  facet normal 0.923875 -0.382694 0
    outer loop
      vertex -42.6084 24.6 0
      vertex -42.9281 23.8282 1.2
      vertex -42.9281 23.8282 0
    endloop
  endfacet
  facet normal -0.793358 -0.608756 0
    outer loop
      vertex -37.0659 24.6 0
      vertex -37.5744 25.2627 1.2
      vertex -37.5744 25.2627 0
    endloop
  endfacet
  facet normal -0.793358 -0.608756 0
    outer loop
      vertex -37.5744 25.2627 1.2
      vertex -37.0659 24.6 0
      vertex -37.0659 24.6 1.2
    endloop
  endfacet
  facet normal -0.99145 -0.130485 0
    outer loop
      vertex -36.6372 23 0
      vertex -36.7462 23.8282 1.2
      vertex -36.7462 23.8282 0
    endloop
  endfacet
  facet normal -0.99145 -0.130485 0
    outer loop
      vertex -36.7462 23.8282 1.2
      vertex -36.6372 23 0
      vertex -36.6372 23 1.2
    endloop
  endfacet
  facet normal -0.13047 0.991452 0
    outer loop
      vertex -39.0089 19.909 0
      vertex -39.8372 19.8 1.2
      vertex -39.0089 19.909 1.2
    endloop
  endfacet
  facet normal -0.13047 0.991452 0
    outer loop
      vertex -39.8372 19.8 1.2
      vertex -39.0089 19.909 0
      vertex -39.8372 19.8 0
    endloop
  endfacet
  facet normal 0.608831 0.7933 -0
    outer loop
      vertex -41.4372 20.2287 0
      vertex -42.0999 20.7373 1.2
      vertex -41.4372 20.2287 1.2
    endloop
  endfacet
  facet normal 0.608831 0.7933 0
    outer loop
      vertex -42.0999 20.7373 1.2
      vertex -41.4372 20.2287 0
      vertex -42.0999 20.7373 0
    endloop
  endfacet
  facet normal -0.923875 0.382694 0
    outer loop
      vertex -37.0659 21.4 0
      vertex -36.7462 22.1718 1.2
      vertex -36.7462 22.1718 0
    endloop
  endfacet
  facet normal -0.923875 0.382694 0
    outer loop
      vertex -36.7462 22.1718 1.2
      vertex -37.0659 21.4 0
      vertex -37.0659 21.4 1.2
    endloop
  endfacet
  facet normal -0.923875 -0.382694 0
    outer loop
      vertex -36.7462 23.8282 0
      vertex -37.0659 24.6 1.2
      vertex -37.0659 24.6 0
    endloop
  endfacet
  facet normal -0.923875 -0.382694 0
    outer loop
      vertex -37.0659 24.6 1.2
      vertex -36.7462 23.8282 0
      vertex -36.7462 23.8282 1.2
    endloop
  endfacet
  facet normal 0.793358 0.608756 0
    outer loop
      vertex -42.0999 20.7373 1.2
      vertex -42.6084 21.4 0
      vertex -42.6084 21.4 1.2
    endloop
  endfacet
  facet normal 0.793358 0.608756 0
    outer loop
      vertex -42.6084 21.4 0
      vertex -42.0999 20.7373 1.2
      vertex -42.0999 20.7373 0
    endloop
  endfacet
  facet normal -0.793358 0.608756 0
    outer loop
      vertex -37.5744 20.7373 0
      vertex -37.0659 21.4 1.2
      vertex -37.0659 21.4 0
    endloop
  endfacet
  facet normal -0.793358 0.608756 0
    outer loop
      vertex -37.0659 21.4 1.2
      vertex -37.5744 20.7373 0
      vertex -37.5744 20.7373 1.2
    endloop
  endfacet
  facet normal 0.608831 -0.7933 0
    outer loop
      vertex -42.0999 25.2627 0
      vertex -41.4372 25.7713 1.2
      vertex -42.0999 25.2627 1.2
    endloop
  endfacet
  facet normal 0.608831 -0.7933 0
    outer loop
      vertex -41.4372 25.7713 1.2
      vertex -42.0999 25.2627 0
      vertex -41.4372 25.7713 0
    endloop
  endfacet
  facet normal -0.608773 0.793344 0
    outer loop
      vertex -37.5744 20.7373 0
      vertex -38.2372 20.2287 1.2
      vertex -37.5744 20.7373 1.2
    endloop
  endfacet
  facet normal -0.608773 0.793344 0
    outer loop
      vertex -38.2372 20.2287 1.2
      vertex -37.5744 20.7373 0
      vertex -38.2372 20.2287 0
    endloop
  endfacet
  facet normal 0.793358 -0.608756 0
    outer loop
      vertex -42.6084 24.6 1.2
      vertex -42.0999 25.2627 0
      vertex -42.0999 25.2627 1.2
    endloop
  endfacet
  facet normal 0.793358 -0.608756 0
    outer loop
      vertex -42.0999 25.2627 0
      vertex -42.6084 24.6 1.2
      vertex -42.6084 24.6 0
    endloop
  endfacet
  facet normal -0.382736 -0.923858 0
    outer loop
      vertex -39.0089 26.091 0
      vertex -38.2372 25.7713 1.2
      vertex -39.0089 26.091 1.2
    endloop
  endfacet
  facet normal -0.382736 -0.923858 -0
    outer loop
      vertex -38.2372 25.7713 1.2
      vertex -39.0089 26.091 0
      vertex -38.2372 25.7713 0
    endloop
  endfacet
  facet normal 0.130485 -0.99145 0
    outer loop
      vertex -40.6654 26.091 0
      vertex -39.8372 26.2 1.2
      vertex -40.6654 26.091 1.2
    endloop
  endfacet
  facet normal 0.130485 -0.99145 0
    outer loop
      vertex -39.8372 26.2 1.2
      vertex -40.6654 26.091 0
      vertex -39.8372 26.2 0
    endloop
  endfacet
  facet normal -0.13047 -0.991452 0
    outer loop
      vertex -39.8372 26.2 0
      vertex -39.0089 26.091 1.2
      vertex -39.8372 26.2 1.2
    endloop
  endfacet
  facet normal -0.13047 -0.991452 -0
    outer loop
      vertex -39.0089 26.091 1.2
      vertex -39.8372 26.2 0
      vertex -39.0089 26.091 0
    endloop
  endfacet
  facet normal 0.382694 0.923875 -0
    outer loop
      vertex -40.6654 19.909 0
      vertex -41.4372 20.2287 1.2
      vertex -40.6654 19.909 1.2
    endloop
  endfacet
  facet normal 0.382694 0.923875 0
    outer loop
      vertex -41.4372 20.2287 1.2
      vertex -40.6654 19.909 0
      vertex -41.4372 20.2287 0
    endloop
  endfacet
  facet normal 0.382694 -0.923875 0
    outer loop
      vertex -41.4372 25.7713 0
      vertex -40.6654 26.091 1.2
      vertex -41.4372 25.7713 1.2
    endloop
  endfacet
  facet normal 0.382694 -0.923875 0
    outer loop
      vertex -40.6654 26.091 1.2
      vertex -41.4372 25.7713 0
      vertex -40.6654 26.091 0
    endloop
  endfacet
  facet normal 0.991435 -0.130603 0
    outer loop
      vertex -43.0372 23 1.2
      vertex -42.9281 23.8282 0
      vertex -42.9281 23.8282 1.2
    endloop
  endfacet
  facet normal 0.991435 -0.130603 0
    outer loop
      vertex -42.9281 23.8282 0
      vertex -43.0372 23 1.2
      vertex -43.0372 23 0
    endloop
  endfacet
  facet normal 0.991435 0.130603 0
    outer loop
      vertex -42.9281 22.1718 1.2
      vertex -43.0372 23 0
      vertex -43.0372 23 1.2
    endloop
  endfacet
  facet normal 0.991435 0.130603 0
    outer loop
      vertex -43.0372 23 0
      vertex -42.9281 22.1718 1.2
      vertex -42.9281 22.1718 0
    endloop
  endfacet
  facet normal -0.608773 -0.793344 0
    outer loop
      vertex -38.2372 25.7713 0
      vertex -37.5744 25.2627 1.2
      vertex -38.2372 25.7713 1.2
    endloop
  endfacet
  facet normal -0.608773 -0.793344 -0
    outer loop
      vertex -37.5744 25.2627 1.2
      vertex -38.2372 25.7713 0
      vertex -37.5744 25.2627 0
    endloop
  endfacet
  facet normal 0.130485 0.99145 -0
    outer loop
      vertex -39.8372 19.8 0
      vertex -40.6654 19.909 1.2
      vertex -39.8372 19.8 1.2
    endloop
  endfacet
  facet normal 0.130485 0.99145 0
    outer loop
      vertex -40.6654 19.909 1.2
      vertex -39.8372 19.8 0
      vertex -40.6654 19.909 0
    endloop
  endfacet
  facet normal -0.382736 0.923858 0
    outer loop
      vertex -38.2372 20.2287 0
      vertex -39.0089 19.909 1.2
      vertex -38.2372 20.2287 1.2
    endloop
  endfacet
  facet normal -0.382736 0.923858 0
    outer loop
      vertex -39.0089 19.909 1.2
      vertex -38.2372 20.2287 0
      vertex -39.0089 19.909 0
    endloop
  endfacet
  facet normal 0.923875 0.382694 0
    outer loop
      vertex -42.6084 21.4 1.2
      vertex -42.9281 22.1718 0
      vertex -42.9281 22.1718 1.2
    endloop
  endfacet
  facet normal 0.923875 0.382694 0
    outer loop
      vertex -42.9281 22.1718 0
      vertex -42.6084 21.4 1.2
      vertex -42.6084 21.4 0
    endloop
  endfacet
  facet normal -0.99145 0.130485 0
    outer loop
      vertex -36.7462 22.1718 0
      vertex -36.6372 23 1.2
      vertex -36.6372 23 0
    endloop
  endfacet
  facet normal -0.99145 0.130485 0
    outer loop
      vertex -36.6372 23 1.2
      vertex -36.7462 22.1718 0
      vertex -36.7462 22.1718 1.2
    endloop
  endfacet
  facet normal 0.398423 0.596092 0.697089
    outer loop
      vertex -43.2974 17.0282 5
      vertex -41.4372 20.2287 1.2
      vertex -41.7852 20.4613 1.2
    endloop
  endfacet
  facet normal 0.400839 0.594578 0.696997
    outer loop
      vertex -41.4372 20.2287 1.2
      vertex -43.2974 17.0282 5
      vertex -43.2885 17.0222 5
    endloop
  endfacet
  facet normal -0.536149 -0.475832 0.697229
    outer loop
      vertex -37.5744 25.2627 1.2
      vertex -34.9492 27.8728 5
      vertex -34.9563 27.8808 5
    endloop
  endfacet
  facet normal -0.539034 -0.472747 0.697103
    outer loop
      vertex -34.9492 27.8728 5
      vertex -37.5744 25.2627 1.2
      vertex -37.2984 24.948 1.2
    endloop
  endfacet
  facet normal -0.715437 -0.0469297 0.697099
    outer loop
      vertex -32.9346 23 5
      vertex -32.993 23.8903 5
      vertex -36.6372 23 1.2
    endloop
  endfacet
  facet normal -0.715458 -0.0468057 0.697086
    outer loop
      vertex -36.6645 23.4177 1.2
      vertex -32.993 23.8903 5
      vertex -32.9937 23.901 5
    endloop
  endfacet
  facet normal -0.715463 -0.0467611 0.697084
    outer loop
      vertex -32.993 23.8903 5
      vertex -36.6645 23.4177 1.2
      vertex -36.6372 23 1.2
    endloop
  endfacet
  facet normal 0.139838 0.703209 0.697096
    outer loop
      vertex -40.7487 16.1586 5
      vertex -40.6654 19.909 1.2
      vertex -41.6237 16.3326 5
    endloop
  endfacet
  facet normal 0.715449 -0.0468501 0.697092
    outer loop
      vertex -43.0372 23 1.2
      vertex -46.6814 23.8903 5
      vertex -46.7397 23 5
    endloop
  endfacet
  facet normal -0.703195 0.139954 0.697086
    outer loop
      vertex -36.7462 22.1718 1.2
      vertex -32.9937 22.099 5
      vertex -36.6645 22.5823 1.2
    endloop
  endfacet
  facet normal -0.703121 0.140624 0.697026
    outer loop
      vertex -32.9937 22.099 5
      vertex -36.7462 22.1718 1.2
      vertex -32.9958 22.0885 5
    endloop
  endfacet
  facet normal 0.400839 -0.594578 0.696997
    outer loop
      vertex -43.2974 28.9718 5
      vertex -41.4372 25.7713 1.2
      vertex -43.2885 28.9778 5
    endloop
  endfacet
  facet normal 0.398423 -0.596092 0.697089
    outer loop
      vertex -41.4372 25.7713 1.2
      vertex -43.2974 28.9718 5
      vertex -41.7852 25.5387 1.2
    endloop
  endfacet
  facet normal 0.0468051 -0.71545 0.697095
    outer loop
      vertex -40.2549 26.1726 1.2
      vertex -40.7274 29.8442 5
      vertex -40.7381 29.8435 5
    endloop
  endfacet
  facet normal 0.0469308 -0.715438 0.697099
    outer loop
      vertex -40.7274 29.8442 5
      vertex -40.2549 26.1726 1.2
      vertex -39.8372 26.2 1.2
    endloop
  endfacet
  facet normal 0.398298 -0.596161 0.697102
    outer loop
      vertex -41.7852 25.5387 1.2
      vertex -43.2974 28.9718 5
      vertex -44.0392 28.4762 5
    endloop
  endfacet
  facet normal -0.317102 0.643044 0.697095
    outer loop
      vertex -37.1957 16.6229 5
      vertex -36.3955 17.0175 5
      vertex -38.6126 20.0436 1.2
    endloop
  endfacet
  facet normal 0.230529 0.678914 0.697088
    outer loop
      vertex -41.6338 16.3361 5
      vertex -40.6654 19.909 1.2
      vertex -41.0618 20.0436 1.2
    endloop
  endfacet
  facet normal 0.234811 0.677597 0.696941
    outer loop
      vertex -40.6654 19.909 1.2
      vertex -41.6338 16.3361 5
      vertex -41.6237 16.3326 5
    endloop
  endfacet
  facet normal 0.703191 0.139915 0.697098
    outer loop
      vertex -46.5045 21.2135 5
      vertex -42.9281 22.1718 1.2
      vertex -46.6786 22.0885 5
    endloop
  endfacet
  facet normal 0.317078 0.643063 0.697088
    outer loop
      vertex -41.4372 20.2287 1.2
      vertex -43.2788 17.0175 5
      vertex -41.0618 20.0436 1.2
    endloop
  endfacet
  facet normal 0.312708 0.645376 0.696925
    outer loop
      vertex -43.2788 17.0175 5
      vertex -41.4372 20.2287 1.2
      vertex -43.2885 17.0222 5
    endloop
  endfacet
  facet normal -0.398301 -0.596165 0.697096
    outer loop
      vertex -35.6352 28.4762 5
      vertex -36.377 28.9718 5
      vertex -37.8891 25.5387 1.2
    endloop
  endfacet
  facet normal 0.234811 -0.677597 0.696941
    outer loop
      vertex -41.6338 29.6639 5
      vertex -40.6654 26.091 1.2
      vertex -41.6237 29.6674 5
    endloop
  endfacet
  facet normal 0.230529 -0.678914 0.697088
    outer loop
      vertex -40.6654 26.091 1.2
      vertex -41.6338 29.6639 5
      vertex -41.0618 25.9564 1.2
    endloop
  endfacet
  facet normal -0.597525 0.396112 0.69718
    outer loop
      vertex -37.0659 21.4 1.2
      vertex -33.8653 19.5398 5
      vertex -33.8594 19.5487 5
    endloop
  endfacet
  facet normal -0.596161 0.398297 0.697102
    outer loop
      vertex -33.8653 19.5398 5
      vertex -37.0659 21.4 1.2
      vertex -37.2984 21.052 1.2
    endloop
  endfacet
  facet normal -0.0469297 0.715437 0.697099
    outer loop
      vertex -38.9469 16.1558 5
      vertex -39.8372 19.8 1.2
      vertex -39.8372 16.0974 5
    endloop
  endfacet
  facet normal -0.472747 -0.539043 0.697096
    outer loop
      vertex -34.9644 27.8879 5
      vertex -35.6352 28.4762 5
      vertex -37.8891 25.5387 1.2
    endloop
  endfacet
  facet normal 0.596161 0.398297 0.697102
    outer loop
      vertex -42.6084 21.4 1.2
      vertex -45.809 19.5398 5
      vertex -42.3759 21.052 1.2
    endloop
  endfacet
  facet normal 0.594572 0.400835 0.697005
    outer loop
      vertex -45.809 19.5398 5
      vertex -42.6084 21.4 1.2
      vertex -45.815 19.5487 5
    endloop
  endfacet
  facet normal -0.715437 0.0469297 0.697099
    outer loop
      vertex -32.993 22.1097 5
      vertex -32.9346 23 5
      vertex -36.6372 23 1.2
    endloop
  endfacet
  facet normal -0.140625 0.703123 0.697024
    outer loop
      vertex -39.0089 19.909 1.2
      vertex -38.9362 16.1565 5
      vertex -38.9257 16.1586 5
    endloop
  endfacet
  facet normal -0.139753 0.703219 0.697103
    outer loop
      vertex -38.9362 16.1565 5
      vertex -39.0089 19.909 1.2
      vertex -39.4195 19.8274 1.2
    endloop
  endfacet
  facet normal 0.046935 0.715437 0.697099
    outer loop
      vertex -39.8372 16.0974 5
      vertex -39.8372 19.8 1.2
      vertex -40.7274 16.1558 5
    endloop
  endfacet
  facet normal -0.398301 0.596165 0.697096
    outer loop
      vertex -36.377 17.0282 5
      vertex -35.6352 17.5238 5
      vertex -37.8891 20.4613 1.2
    endloop
  endfacet
  facet normal 0.317078 -0.643063 0.697088
    outer loop
      vertex -43.2788 28.9825 5
      vertex -41.4372 25.7713 1.2
      vertex -41.0618 25.9564 1.2
    endloop
  endfacet
  facet normal 0.312708 -0.645376 0.696925
    outer loop
      vertex -41.4372 25.7713 1.2
      vertex -43.2788 28.9825 5
      vertex -43.2885 28.9778 5
    endloop
  endfacet
  facet normal -0.643036 0.317098 0.697104
    outer loop
      vertex -33.8546 19.5583 5
      vertex -33.46 20.3585 5
      vertex -36.8808 21.7754 1.2
    endloop
  endfacet
  facet normal -0.398342 0.596143 0.697092
    outer loop
      vertex -38.2372 20.2287 1.2
      vertex -36.377 17.0282 5
      vertex -37.8891 20.4613 1.2
    endloop
  endfacet
  facet normal -0.400839 0.594578 0.696997
    outer loop
      vertex -36.377 17.0282 5
      vertex -38.2372 20.2287 1.2
      vertex -36.3859 17.0222 5
    endloop
  endfacet
  facet normal -0.230486 0.678921 0.697095
    outer loop
      vertex -38.0405 16.3361 5
      vertex -37.1957 16.6229 5
      vertex -38.6126 20.0436 1.2
    endloop
  endfacet
  facet normal 0.139838 -0.703209 0.697096
    outer loop
      vertex -40.6654 26.091 1.2
      vertex -40.7487 29.8414 5
      vertex -41.6237 29.6674 5
    endloop
  endfacet
  facet normal -0.230582 0.678898 0.697087
    outer loop
      vertex -39.0089 19.909 1.2
      vertex -38.0405 16.3361 5
      vertex -38.6126 20.0436 1.2
    endloop
  endfacet
  facet normal -0.232729 0.678239 0.697014
    outer loop
      vertex -38.0405 16.3361 5
      vertex -39.0089 19.909 1.2
      vertex -38.0507 16.3326 5
    endloop
  endfacet
  facet normal -0.315294 0.644005 0.697028
    outer loop
      vertex -38.2372 20.2287 1.2
      vertex -36.3955 17.0175 5
      vertex -36.3859 17.0222 5
    endloop
  endfacet
  facet normal -0.317076 0.643059 0.697092
    outer loop
      vertex -36.3955 17.0175 5
      vertex -38.2372 20.2287 1.2
      vertex -38.6126 20.0436 1.2
    endloop
  endfacet
  facet normal -0.67894 0.230412 0.697102
    outer loop
      vertex -33.46 20.3585 5
      vertex -33.1733 21.2033 5
      vertex -36.8808 21.7754 1.2
    endloop
  endfacet
  facet normal -0.678236 0.232728 0.697018
    outer loop
      vertex -36.7462 22.1718 1.2
      vertex -33.1733 21.2033 5
      vertex -33.1698 21.2135 5
    endloop
  endfacet
  facet normal -0.678911 0.230528 0.697092
    outer loop
      vertex -33.1733 21.2033 5
      vertex -36.7462 22.1718 1.2
      vertex -36.8808 21.7754 1.2
    endloop
  endfacet
  facet normal 0.596129 -0.398357 0.697096
    outer loop
      vertex -42.3759 24.948 1.2
      vertex -45.3133 27.202 5
      vertex -45.809 26.4602 5
    endloop
  endfacet
  facet normal 0.230462 0.67893 0.697094
    outer loop
      vertex -41.6338 16.3361 5
      vertex -41.0618 20.0436 1.2
      vertex -42.4787 16.6229 5
    endloop
  endfacet
  facet normal 0.596129 0.398357 0.697096
    outer loop
      vertex -45.3133 18.798 5
      vertex -42.3759 21.052 1.2
      vertex -45.809 19.5398 5
    endloop
  endfacet
  facet normal 0.643044 0.317102 0.697095
    outer loop
      vertex -45.8197 19.5583 5
      vertex -42.7936 21.7754 1.2
      vertex -46.2143 20.3585 5
    endloop
  endfacet
  facet normal -0.472608 0.539173 0.69709
    outer loop
      vertex -37.5744 20.7373 1.2
      vertex -34.9644 18.1121 5
      vertex -34.9563 18.1192 5
    endloop
  endfacet
  facet normal -0.472751 0.539039 0.697096
    outer loop
      vertex -34.9644 18.1121 5
      vertex -37.5744 20.7373 1.2
      vertex -37.8891 20.4613 1.2
    endloop
  endfacet
  facet normal -0.715463 0.0467611 0.697084
    outer loop
      vertex -36.6645 22.5823 1.2
      vertex -32.993 22.1097 5
      vertex -36.6372 23 1.2
    endloop
  endfacet
  facet normal -0.715458 0.0468057 0.697086
    outer loop
      vertex -32.993 22.1097 5
      vertex -36.6645 22.5823 1.2
      vertex -32.9937 22.099 5
    endloop
  endfacet
  facet normal 0.678921 0.230486 0.697095
    outer loop
      vertex -46.2143 20.3585 5
      vertex -42.7936 21.7754 1.2
      vertex -46.5011 21.2033 5
    endloop
  endfacet
  facet normal -0.596129 0.398357 0.697096
    outer loop
      vertex -34.361 18.798 5
      vertex -33.8653 19.5398 5
      vertex -37.2984 21.052 1.2
    endloop
  endfacet
  facet normal 0.539082 0.472701 0.697097
    outer loop
      vertex -44.7251 18.1272 5
      vertex -42.3759 21.052 1.2
      vertex -45.3133 18.798 5
    endloop
  endfacet
  facet normal -0.139838 0.703211 0.697094
    outer loop
      vertex -38.9257 16.1586 5
      vertex -38.0507 16.3326 5
      vertex -39.0089 19.909 1.2
    endloop
  endfacet
  facet normal -0.472747 0.539043 0.697096
    outer loop
      vertex -35.6352 17.5238 5
      vertex -34.9644 18.1121 5
      vertex -37.8891 20.4613 1.2
    endloop
  endfacet
  facet normal 0.67895 0.23037 0.697106
    outer loop
      vertex -42.9281 22.1718 1.2
      vertex -46.5011 21.2033 5
      vertex -42.7936 21.7754 1.2
    endloop
  endfacet
  facet normal 0.68007 0.22669 0.697221
    outer loop
      vertex -46.5011 21.2033 5
      vertex -42.9281 22.1718 1.2
      vertex -46.5045 21.2135 5
    endloop
  endfacet
  facet normal 0.472751 0.539039 0.697096
    outer loop
      vertex -42.0999 20.7373 1.2
      vertex -44.7099 18.1121 5
      vertex -41.7852 20.4613 1.2
    endloop
  endfacet
  facet normal 0.472608 0.539173 0.69709
    outer loop
      vertex -44.7099 18.1121 5
      vertex -42.0999 20.7373 1.2
      vertex -44.718 18.1192 5
    endloop
  endfacet
  facet normal -0.703209 0.139838 0.697096
    outer loop
      vertex -33.1698 21.2135 5
      vertex -32.9958 22.0885 5
      vertex -36.7462 22.1718 1.2
    endloop
  endfacet
  facet normal 0.139787 0.703215 0.6971
    outer loop
      vertex -40.6654 19.909 1.2
      vertex -40.7381 16.1565 5
      vertex -40.2549 19.8274 1.2
    endloop
  endfacet
  facet normal 0.139326 0.703266 0.697141
    outer loop
      vertex -40.7381 16.1565 5
      vertex -40.6654 19.909 1.2
      vertex -40.7487 16.1586 5
    endloop
  endfacet
  facet normal 0.536149 -0.475832 0.697229
    outer loop
      vertex -44.7251 27.8728 5
      vertex -42.0999 25.2627 1.2
      vertex -44.718 27.8808 5
    endloop
  endfacet
  facet normal 0.539034 -0.472747 0.697103
    outer loop
      vertex -42.0999 25.2627 1.2
      vertex -44.7251 27.8728 5
      vertex -42.3759 24.948 1.2
    endloop
  endfacet
  facet normal 0.139326 -0.703266 0.697141
    outer loop
      vertex -40.6654 26.091 1.2
      vertex -40.7381 29.8435 5
      vertex -40.7487 29.8414 5
    endloop
  endfacet
  facet normal 0.139787 -0.703215 0.6971
    outer loop
      vertex -40.7381 29.8435 5
      vertex -40.6654 26.091 1.2
      vertex -40.2549 26.1726 1.2
    endloop
  endfacet
  facet normal 0.317134 0.643029 0.697094
    outer loop
      vertex -42.4787 16.6229 5
      vertex -41.0618 20.0436 1.2
      vertex -43.2788 17.0175 5
    endloop
  endfacet
  facet normal 0.703186 0.139952 0.697096
    outer loop
      vertex -46.6807 22.099 5
      vertex -42.9281 22.1718 1.2
      vertex -43.0098 22.5823 1.2
    endloop
  endfacet
  facet normal 0.703112 0.140622 0.697036
    outer loop
      vertex -42.9281 22.1718 1.2
      vertex -46.6807 22.099 5
      vertex -46.6786 22.0885 5
    endloop
  endfacet
  facet normal 0.715437 0.0469307 0.697099
    outer loop
      vertex -46.6814 22.1097 5
      vertex -43.0098 22.5823 1.2
      vertex -43.0372 23 1.2
    endloop
  endfacet
  facet normal 0.715449 0.0468051 0.697095
    outer loop
      vertex -43.0098 22.5823 1.2
      vertex -46.6814 22.1097 5
      vertex -46.6807 22.099 5
    endloop
  endfacet
  facet normal -0.0468051 0.715449 0.697095
    outer loop
      vertex -39.4195 19.8274 1.2
      vertex -38.9469 16.1558 5
      vertex -38.9362 16.1565 5
    endloop
  endfacet
  facet normal -0.0469307 0.715437 0.697099
    outer loop
      vertex -38.9469 16.1558 5
      vertex -39.4195 19.8274 1.2
      vertex -39.8372 19.8 1.2
    endloop
  endfacet
  facet normal 0 0 1
    outer loop
      vertex -41.4372 25.7713 1.2
      vertex -41.7852 25.5387 1.2
      vertex -42.0999 25.2627 1.2
    endloop
  endfacet
  facet normal -0 -0 1
    outer loop
      vertex -41.0618 20.0436 1.2
      vertex -40.6654 19.909 1.2
      vertex -41.4372 20.2287 1.2
    endloop
  endfacet
  facet normal -0 -0 1
    outer loop
      vertex -40.2549 19.8274 1.2
      vertex -39.8372 19.8 1.2
      vertex -40.6654 19.909 1.2
    endloop
  endfacet
  facet normal 0 0 1
    outer loop
      vertex -40.6654 26.091 1.2
      vertex -41.0618 25.9564 1.2
      vertex -41.4372 25.7713 1.2
    endloop
  endfacet
  facet normal 0 -0 1
    outer loop
      vertex -36.6645 22.5823 1.2
      vertex -36.6372 23 1.2
      vertex -36.7462 22.1718 1.2
    endloop
  endfacet
  facet normal 0 -0 1
    outer loop
      vertex -39.4195 19.8274 1.2
      vertex -39.0089 19.909 1.2
      vertex -39.8372 19.8 1.2
    endloop
  endfacet
  facet normal 0 0 1
    outer loop
      vertex -42.0999 25.2627 1.2
      vertex -42.3759 24.948 1.2
      vertex -42.6084 24.6 1.2
    endloop
  endfacet
  facet normal 0 0 1
    outer loop
      vertex -36.6372 23 1.2
      vertex -36.6645 23.4177 1.2
      vertex -36.7462 23.8282 1.2
    endloop
  endfacet
  facet normal -0 -0 1
    outer loop
      vertex -43.0098 22.5823 1.2
      vertex -42.9281 22.1718 1.2
      vertex -43.0372 23 1.2
    endloop
  endfacet
  facet normal 0 -0 1
    outer loop
      vertex -37.8891 20.4613 1.2
      vertex -37.5744 20.7373 1.2
      vertex -38.2372 20.2287 1.2
    endloop
  endfacet
  facet normal 0 -0 1
    outer loop
      vertex -38.6126 20.0436 1.2
      vertex -38.2372 20.2287 1.2
      vertex -39.0089 19.909 1.2
    endloop
  endfacet
  facet normal 0 -0 1
    outer loop
      vertex -37.2984 21.052 1.2
      vertex -37.0659 21.4 1.2
      vertex -37.5744 20.7373 1.2
    endloop
  endfacet
  facet normal 0 0 1
    outer loop
      vertex -37.0659 24.6 1.2
      vertex -37.2984 24.948 1.2
      vertex -37.5744 25.2627 1.2
    endloop
  endfacet
  facet normal 0 0 1
    outer loop
      vertex -36.7462 23.8282 1.2
      vertex -36.8808 24.2246 1.2
      vertex -37.0659 24.6 1.2
    endloop
  endfacet
  facet normal 0 0 1
    outer loop
      vertex -39.0089 26.091 1.2
      vertex -39.4195 26.1726 1.2
      vertex -39.8372 26.2 1.2
    endloop
  endfacet
  facet normal -0 -0 1
    outer loop
      vertex -42.7936 21.7754 1.2
      vertex -42.6084 21.4 1.2
      vertex -42.9281 22.1718 1.2
    endloop
  endfacet
  facet normal -0 -0 1
    outer loop
      vertex -42.3759 21.052 1.2
      vertex -42.0999 20.7373 1.2
      vertex -42.6084 21.4 1.2
    endloop
  endfacet
  facet normal 0 0 1
    outer loop
      vertex -39.8372 26.2 1.2
      vertex -40.2549 26.1726 1.2
      vertex -40.6654 26.091 1.2
    endloop
  endfacet
  facet normal 0 0 1
    outer loop
      vertex -42.9281 23.8282 1.2
      vertex -43.0098 23.4177 1.2
      vertex -43.0372 23 1.2
    endloop
  endfacet
  facet normal -0 -0 1
    outer loop
      vertex -41.7852 20.4613 1.2
      vertex -41.4372 20.2287 1.2
      vertex -42.0999 20.7373 1.2
    endloop
  endfacet
  facet normal 0 0 1
    outer loop
      vertex -42.6084 24.6 1.2
      vertex -42.7936 24.2246 1.2
      vertex -42.9281 23.8282 1.2
    endloop
  endfacet
  facet normal 0 0 1
    outer loop
      vertex -38.2372 25.7713 1.2
      vertex -38.6126 25.9564 1.2
      vertex -39.0089 26.091 1.2
    endloop
  endfacet
  facet normal 0 0 1
    outer loop
      vertex -37.5744 25.2627 1.2
      vertex -37.8891 25.5387 1.2
      vertex -38.2372 25.7713 1.2
    endloop
  endfacet
  facet normal 0 -0 1
    outer loop
      vertex -36.8808 21.7754 1.2
      vertex -36.7462 22.1718 1.2
      vertex -37.0659 21.4 1.2
    endloop
  endfacet
  facet normal -0.139838 -0.703211 0.697094
    outer loop
      vertex -38.0507 29.6674 5
      vertex -38.9257 29.8414 5
      vertex -39.0089 26.091 1.2
    endloop
  endfacet
  facet normal 0.596161 -0.398297 0.697102
    outer loop
      vertex -45.809 26.4602 5
      vertex -42.6084 24.6 1.2
      vertex -42.3759 24.948 1.2
    endloop
  endfacet
  facet normal 0.594572 -0.400835 0.697005
    outer loop
      vertex -42.6084 24.6 1.2
      vertex -45.809 26.4602 5
      vertex -45.815 26.4513 5
    endloop
  endfacet
  facet normal 0.0469308 0.715438 0.697099
    outer loop
      vertex -40.2549 19.8274 1.2
      vertex -40.7274 16.1558 5
      vertex -39.8372 19.8 1.2
    endloop
  endfacet
  facet normal 0.0468051 0.71545 0.697095
    outer loop
      vertex -40.7274 16.1558 5
      vertex -40.2549 19.8274 1.2
      vertex -40.7381 16.1565 5
    endloop
  endfacet
  facet normal -0.643052 0.317072 0.697101
    outer loop
      vertex -37.0659 21.4 1.2
      vertex -33.8546 19.5583 5
      vertex -36.8808 21.7754 1.2
    endloop
  endfacet
  facet normal -0.641176 0.320588 0.69722
    outer loop
      vertex -33.8546 19.5583 5
      vertex -37.0659 21.4 1.2
      vertex -33.8594 19.5487 5
    endloop
  endfacet
  facet normal 0.67895 -0.23037 0.697106
    outer loop
      vertex -46.5011 24.7967 5
      vertex -42.9281 23.8282 1.2
      vertex -42.7936 24.2246 1.2
    endloop
  endfacet
  facet normal 0.68007 -0.22669 0.697221
    outer loop
      vertex -42.9281 23.8282 1.2
      vertex -46.5011 24.7967 5
      vertex -46.5045 24.7865 5
    endloop
  endfacet
  facet normal -0.539082 0.472701 0.697097
    outer loop
      vertex -34.9492 18.1272 5
      vertex -34.361 18.798 5
      vertex -37.2984 21.052 1.2
    endloop
  endfacet
  facet normal 0.539082 -0.472701 0.697097
    outer loop
      vertex -42.3759 24.948 1.2
      vertex -44.7251 27.8728 5
      vertex -45.3133 27.202 5
    endloop
  endfacet
  facet normal 0.715449 0.0468501 0.697092
    outer loop
      vertex -46.6814 22.1097 5
      vertex -43.0372 23 1.2
      vertex -46.7397 23 5
    endloop
  endfacet
  facet normal -0.472608 -0.539173 0.69709
    outer loop
      vertex -34.9644 27.8879 5
      vertex -37.5744 25.2627 1.2
      vertex -34.9563 27.8808 5
    endloop
  endfacet
  facet normal -0.472751 -0.539039 0.697096
    outer loop
      vertex -37.5744 25.2627 1.2
      vertex -34.9644 27.8879 5
      vertex -37.8891 25.5387 1.2
    endloop
  endfacet
  facet normal 0.703112 -0.140622 0.697036
    outer loop
      vertex -46.6807 23.901 5
      vertex -42.9281 23.8282 1.2
      vertex -46.6786 23.9115 5
    endloop
  endfacet
  facet normal 0.703186 -0.139952 0.697096
    outer loop
      vertex -42.9281 23.8282 1.2
      vertex -46.6807 23.901 5
      vertex -43.0098 23.4177 1.2
    endloop
  endfacet
  facet normal -0.641176 -0.320588 0.69722
    outer loop
      vertex -37.0659 24.6 1.2
      vertex -33.8546 26.4417 5
      vertex -33.8594 26.4513 5
    endloop
  endfacet
  facet normal -0.643052 -0.317072 0.697101
    outer loop
      vertex -33.8546 26.4417 5
      vertex -37.0659 24.6 1.2
      vertex -36.8808 24.2246 1.2
    endloop
  endfacet
  facet normal -0.139753 -0.703219 0.697103
    outer loop
      vertex -39.0089 26.091 1.2
      vertex -38.9362 29.8435 5
      vertex -39.4195 26.1726 1.2
    endloop
  endfacet
  facet normal -0.140625 -0.703123 0.697024
    outer loop
      vertex -38.9362 29.8435 5
      vertex -39.0089 26.091 1.2
      vertex -38.9257 29.8414 5
    endloop
  endfacet
  facet normal 0.64298 0.317208 0.697106
    outer loop
      vertex -45.8197 19.5583 5
      vertex -42.6084 21.4 1.2
      vertex -42.7936 21.7754 1.2
    endloop
  endfacet
  facet normal 0.643997 0.31529 0.697036
    outer loop
      vertex -42.6084 21.4 1.2
      vertex -45.8197 19.5583 5
      vertex -45.815 19.5487 5
    endloop
  endfacet
  facet normal 0.643997 -0.31529 0.697036
    outer loop
      vertex -45.8197 26.4417 5
      vertex -42.6084 24.6 1.2
      vertex -45.815 26.4513 5
    endloop
  endfacet
  facet normal 0.64298 -0.317208 0.697106
    outer loop
      vertex -42.6084 24.6 1.2
      vertex -45.8197 26.4417 5
      vertex -42.7936 24.2246 1.2
    endloop
  endfacet
  facet normal -0.539034 0.472747 0.697103
    outer loop
      vertex -37.5744 20.7373 1.2
      vertex -34.9492 18.1272 5
      vertex -37.2984 21.052 1.2
    endloop
  endfacet
  facet normal -0.536149 0.475832 0.697229
    outer loop
      vertex -34.9492 18.1272 5
      vertex -37.5744 20.7373 1.2
      vertex -34.9563 18.1192 5
    endloop
  endfacet
  facet normal 0.703191 -0.139915 0.697098
    outer loop
      vertex -42.9281 23.8282 1.2
      vertex -46.5045 24.7865 5
      vertex -46.6786 23.9115 5
    endloop
  endfacet
  facet normal 0.715449 -0.0468051 0.697095
    outer loop
      vertex -46.6814 23.8903 5
      vertex -43.0098 23.4177 1.2
      vertex -46.6807 23.901 5
    endloop
  endfacet
  facet normal 0.715437 -0.0469307 0.697099
    outer loop
      vertex -43.0098 23.4177 1.2
      vertex -46.6814 23.8903 5
      vertex -43.0372 23 1.2
    endloop
  endfacet
  facet normal 0.539034 0.472747 0.697103
    outer loop
      vertex -44.7251 18.1272 5
      vertex -42.0999 20.7373 1.2
      vertex -42.3759 21.052 1.2
    endloop
  endfacet
  facet normal 0.536149 0.475832 0.697229
    outer loop
      vertex -42.0999 20.7373 1.2
      vertex -44.7251 18.1272 5
      vertex -44.718 18.1192 5
    endloop
  endfacet
  facet normal 0.472784 -0.539005 0.6971
    outer loop
      vertex -41.7852 25.5387 1.2
      vertex -44.0392 28.4762 5
      vertex -44.7099 27.8879 5
    endloop
  endfacet
  facet normal 0.398298 0.596161 0.697102
    outer loop
      vertex -43.2974 17.0282 5
      vertex -41.7852 20.4613 1.2
      vertex -44.0392 17.5238 5
    endloop
  endfacet
  facet normal 0.472784 0.539005 0.6971
    outer loop
      vertex -44.0392 17.5238 5
      vertex -41.7852 20.4613 1.2
      vertex -44.7099 18.1121 5
    endloop
  endfacet
  facet normal 0.678921 -0.230486 0.697095
    outer loop
      vertex -42.7936 24.2246 1.2
      vertex -46.2143 25.6415 5
      vertex -46.5011 24.7967 5
    endloop
  endfacet
  facet normal -0.67894 -0.230412 0.697102
    outer loop
      vertex -33.1733 24.7967 5
      vertex -33.46 25.6415 5
      vertex -36.8808 24.2246 1.2
    endloop
  endfacet
  facet normal 0.046935 -0.715437 0.697099
    outer loop
      vertex -39.8372 26.2 1.2
      vertex -39.8372 29.9026 5
      vertex -40.7274 29.8442 5
    endloop
  endfacet
  facet normal -0.0469297 -0.715437 0.697099
    outer loop
      vertex -38.9469 29.8442 5
      vertex -39.8372 29.9026 5
      vertex -39.8372 26.2 1.2
    endloop
  endfacet
  facet normal -0.643036 -0.317098 0.697104
    outer loop
      vertex -33.46 25.6415 5
      vertex -33.8546 26.4417 5
      vertex -36.8808 24.2246 1.2
    endloop
  endfacet
  facet normal -0.315294 -0.644005 0.697028
    outer loop
      vertex -36.3955 28.9825 5
      vertex -38.2372 25.7713 1.2
      vertex -36.3859 28.9778 5
    endloop
  endfacet
  facet normal -0.317076 -0.643059 0.697092
    outer loop
      vertex -38.2372 25.7713 1.2
      vertex -36.3955 28.9825 5
      vertex -38.6126 25.9564 1.2
    endloop
  endfacet
  facet normal -0.0469307 -0.715437 0.697099
    outer loop
      vertex -39.4195 26.1726 1.2
      vertex -38.9469 29.8442 5
      vertex -39.8372 26.2 1.2
    endloop
  endfacet
  facet normal -0.0468051 -0.715449 0.697095
    outer loop
      vertex -38.9469 29.8442 5
      vertex -39.4195 26.1726 1.2
      vertex -38.9362 29.8435 5
    endloop
  endfacet
  facet normal -0.597525 -0.396112 0.69718
    outer loop
      vertex -33.8653 26.4602 5
      vertex -37.0659 24.6 1.2
      vertex -33.8594 26.4513 5
    endloop
  endfacet
  facet normal -0.596161 -0.398297 0.697102
    outer loop
      vertex -37.0659 24.6 1.2
      vertex -33.8653 26.4602 5
      vertex -37.2984 24.948 1.2
    endloop
  endfacet
  facet normal -0.317102 -0.643044 0.697095
    outer loop
      vertex -36.3955 28.9825 5
      vertex -37.1957 29.3771 5
      vertex -38.6126 25.9564 1.2
    endloop
  endfacet
  facet normal 0.230462 -0.67893 0.697094
    outer loop
      vertex -41.0618 25.9564 1.2
      vertex -41.6338 29.6639 5
      vertex -42.4787 29.3771 5
    endloop
  endfacet
  facet normal 0.472751 -0.539039 0.697096
    outer loop
      vertex -44.7099 27.8879 5
      vertex -42.0999 25.2627 1.2
      vertex -41.7852 25.5387 1.2
    endloop
  endfacet
  facet normal 0.472608 -0.539173 0.69709
    outer loop
      vertex -42.0999 25.2627 1.2
      vertex -44.7099 27.8879 5
      vertex -44.718 27.8808 5
    endloop
  endfacet
  facet normal 0.317134 -0.643029 0.697094
    outer loop
      vertex -41.0618 25.9564 1.2
      vertex -42.4787 29.3771 5
      vertex -43.2788 28.9825 5
    endloop
  endfacet
  facet normal 0.643044 -0.317102 0.697095
    outer loop
      vertex -42.7936 24.2246 1.2
      vertex -45.8197 26.4417 5
      vertex -46.2143 25.6415 5
    endloop
  endfacet
  facet normal -0.230486 -0.678921 0.697095
    outer loop
      vertex -37.1957 29.3771 5
      vertex -38.0405 29.6639 5
      vertex -38.6126 25.9564 1.2
    endloop
  endfacet
  facet normal -0.232729 -0.678239 0.697014
    outer loop
      vertex -39.0089 26.091 1.2
      vertex -38.0405 29.6639 5
      vertex -38.0507 29.6674 5
    endloop
  endfacet
  facet normal -0.230582 -0.678898 0.697087
    outer loop
      vertex -38.0405 29.6639 5
      vertex -39.0089 26.091 1.2
      vertex -38.6126 25.9564 1.2
    endloop
  endfacet
  facet normal -0.596129 -0.398357 0.697096
    outer loop
      vertex -33.8653 26.4602 5
      vertex -34.361 27.202 5
      vertex -37.2984 24.948 1.2
    endloop
  endfacet
  facet normal -0.400839 -0.594578 0.696997
    outer loop
      vertex -38.2372 25.7713 1.2
      vertex -36.377 28.9718 5
      vertex -36.3859 28.9778 5
    endloop
  endfacet
  facet normal -0.398342 -0.596143 0.697092
    outer loop
      vertex -36.377 28.9718 5
      vertex -38.2372 25.7713 1.2
      vertex -37.8891 25.5387 1.2
    endloop
  endfacet
  facet normal -0.539082 -0.472701 0.697097
    outer loop
      vertex -34.361 27.202 5
      vertex -34.9492 27.8728 5
      vertex -37.2984 24.948 1.2
    endloop
  endfacet
  facet normal -0.703209 -0.139838 0.697096
    outer loop
      vertex -32.9958 23.9115 5
      vertex -33.1698 24.7865 5
      vertex -36.7462 23.8282 1.2
    endloop
  endfacet
  facet normal -0.703121 -0.140624 0.697026
    outer loop
      vertex -36.7462 23.8282 1.2
      vertex -32.9937 23.901 5
      vertex -32.9958 23.9115 5
    endloop
  endfacet
  facet normal -0.703195 -0.139954 0.697086
    outer loop
      vertex -32.9937 23.901 5
      vertex -36.7462 23.8282 1.2
      vertex -36.6645 23.4177 1.2
    endloop
  endfacet
  facet normal -0.678236 -0.232728 0.697018
    outer loop
      vertex -33.1733 24.7967 5
      vertex -36.7462 23.8282 1.2
      vertex -33.1698 24.7865 5
    endloop
  endfacet
  facet normal -0.678911 -0.230528 0.697092
    outer loop
      vertex -36.7462 23.8282 1.2
      vertex -33.1733 24.7967 5
      vertex -36.8808 24.2246 1.2
    endloop
  endfacet
  facet normal -0.923884 -0.382673 0
    outer loop
      vertex 3.09096 -45.1718 0
      vertex 2.77128 -44.4 1.2
      vertex 2.77128 -44.4 0
    endloop
  endfacet
  facet normal -0.923884 -0.382673 0
    outer loop
      vertex 2.77128 -44.4 1.2
      vertex 3.09096 -45.1718 0
      vertex 3.09096 -45.1718 1.2
    endloop
  endfacet
  facet normal -0.991444 -0.130533 0
    outer loop
      vertex 3.2 -46 0
      vertex 3.09096 -45.1718 1.2
      vertex 3.09096 -45.1718 0
    endloop
  endfacet
  facet normal -0.991444 -0.130533 0
    outer loop
      vertex 3.09096 -45.1718 1.2
      vertex 3.2 -46 0
      vertex 3.2 -46 1.2
    endloop
  endfacet
  facet normal 0.608808 -0.793318 0
    outer loop
      vertex -2.26274 -43.7373 0
      vertex -1.6 -43.2287 1.2
      vertex -2.26274 -43.7373 1.2
    endloop
  endfacet
  facet normal 0.608808 -0.793318 0
    outer loop
      vertex -1.6 -43.2287 1.2
      vertex -2.26274 -43.7373 0
      vertex -1.6 -43.2287 0
    endloop
  endfacet
  facet normal 0.382702 -0.923872 0
    outer loop
      vertex -1.6 -43.2287 0
      vertex -0.82822 -42.909 1.2
      vertex -1.6 -43.2287 1.2
    endloop
  endfacet
  facet normal 0.382702 -0.923872 0
    outer loop
      vertex -0.82822 -42.909 1.2
      vertex -1.6 -43.2287 0
      vertex -0.82822 -42.909 0
    endloop
  endfacet
  facet normal -0.608808 0.793318 0
    outer loop
      vertex 2.26274 -48.2627 0
      vertex 1.6 -48.7713 1.2
      vertex 2.26274 -48.2627 1.2
    endloop
  endfacet
  facet normal -0.608808 0.793318 0
    outer loop
      vertex 1.6 -48.7713 1.2
      vertex 2.26274 -48.2627 0
      vertex 1.6 -48.7713 0
    endloop
  endfacet
  facet normal -0.608808 -0.793318 0
    outer loop
      vertex 1.6 -43.2287 0
      vertex 2.26274 -43.7373 1.2
      vertex 1.6 -43.2287 1.2
    endloop
  endfacet
  facet normal -0.608808 -0.793318 -0
    outer loop
      vertex 2.26274 -43.7373 1.2
      vertex 1.6 -43.2287 0
      vertex 2.26274 -43.7373 0
    endloop
  endfacet
  facet normal 0.991444 -0.130533 0
    outer loop
      vertex -3.2 -46 1.2
      vertex -3.09096 -45.1718 0
      vertex -3.09096 -45.1718 1.2
    endloop
  endfacet
  facet normal 0.991444 -0.130533 0
    outer loop
      vertex -3.09096 -45.1718 0
      vertex -3.2 -46 1.2
      vertex -3.2 -46 0
    endloop
  endfacet
  facet normal 0.130482 0.991451 -0
    outer loop
      vertex 0 -49.2 0
      vertex -0.82822 -49.091 1.2
      vertex 0 -49.2 1.2
    endloop
  endfacet
  facet normal 0.130482 0.991451 0
    outer loop
      vertex -0.82822 -49.091 1.2
      vertex 0 -49.2 0
      vertex -0.82822 -49.091 0
    endloop
  endfacet
  facet normal -0.130482 -0.991451 0
    outer loop
      vertex 0 -42.8 0
      vertex 0.82822 -42.909 1.2
      vertex 0 -42.8 1.2
    endloop
  endfacet
  facet normal -0.130482 -0.991451 -0
    outer loop
      vertex 0.82822 -42.909 1.2
      vertex 0 -42.8 0
      vertex 0.82822 -42.909 0
    endloop
  endfacet
  facet normal -0.382702 -0.923872 0
    outer loop
      vertex 0.82822 -42.909 0
      vertex 1.6 -43.2287 1.2
      vertex 0.82822 -42.909 1.2
    endloop
  endfacet
  facet normal -0.382702 -0.923872 -0
    outer loop
      vertex 1.6 -43.2287 1.2
      vertex 0.82822 -42.909 0
      vertex 1.6 -43.2287 0
    endloop
  endfacet
  facet normal 0.608808 0.793318 -0
    outer loop
      vertex -1.6 -48.7713 0
      vertex -2.26274 -48.2627 1.2
      vertex -1.6 -48.7713 1.2
    endloop
  endfacet
  facet normal 0.608808 0.793318 0
    outer loop
      vertex -2.26274 -48.2627 1.2
      vertex -1.6 -48.7713 0
      vertex -2.26274 -48.2627 0
    endloop
  endfacet
  facet normal -0.793335 -0.608786 0
    outer loop
      vertex 2.77128 -44.4 0
      vertex 2.26274 -43.7373 1.2
      vertex 2.26274 -43.7373 0
    endloop
  endfacet
  facet normal -0.793335 -0.608786 0
    outer loop
      vertex 2.26274 -43.7373 1.2
      vertex 2.77128 -44.4 0
      vertex 2.77128 -44.4 1.2
    endloop
  endfacet
  facet normal -0.793335 0.608786 0
    outer loop
      vertex 2.26274 -48.2627 0
      vertex 2.77128 -47.6 1.2
      vertex 2.77128 -47.6 0
    endloop
  endfacet
  facet normal -0.793335 0.608786 0
    outer loop
      vertex 2.77128 -47.6 1.2
      vertex 2.26274 -48.2627 0
      vertex 2.26274 -48.2627 1.2
    endloop
  endfacet
  facet normal -0.382702 0.923872 0
    outer loop
      vertex 1.6 -48.7713 0
      vertex 0.82822 -49.091 1.2
      vertex 1.6 -48.7713 1.2
    endloop
  endfacet
  facet normal -0.382702 0.923872 0
    outer loop
      vertex 0.82822 -49.091 1.2
      vertex 1.6 -48.7713 0
      vertex 0.82822 -49.091 0
    endloop
  endfacet
  facet normal 0.793335 -0.608786 0
    outer loop
      vertex -2.77128 -44.4 1.2
      vertex -2.26274 -43.7373 0
      vertex -2.26274 -43.7373 1.2
    endloop
  endfacet
  facet normal 0.793335 -0.608786 0
    outer loop
      vertex -2.26274 -43.7373 0
      vertex -2.77128 -44.4 1.2
      vertex -2.77128 -44.4 0
    endloop
  endfacet
  facet normal 0.793335 0.608786 0
    outer loop
      vertex -2.26274 -48.2627 1.2
      vertex -2.77128 -47.6 0
      vertex -2.77128 -47.6 1.2
    endloop
  endfacet
  facet normal 0.793335 0.608786 0
    outer loop
      vertex -2.77128 -47.6 0
      vertex -2.26274 -48.2627 1.2
      vertex -2.26274 -48.2627 0
    endloop
  endfacet
  facet normal -0.991444 0.130533 0
    outer loop
      vertex 3.09096 -46.8282 0
      vertex 3.2 -46 1.2
      vertex 3.2 -46 0
    endloop
  endfacet
  facet normal -0.991444 0.130533 0
    outer loop
      vertex 3.2 -46 1.2
      vertex 3.09096 -46.8282 0
      vertex 3.09096 -46.8282 1.2
    endloop
  endfacet
  facet normal 0.130482 -0.991451 0
    outer loop
      vertex -0.82822 -42.909 0
      vertex 0 -42.8 1.2
      vertex -0.82822 -42.909 1.2
    endloop
  endfacet
  facet normal 0.130482 -0.991451 0
    outer loop
      vertex 0 -42.8 1.2
      vertex -0.82822 -42.909 0
      vertex 0 -42.8 0
    endloop
  endfacet
  facet normal 0.923884 0.382673 0
    outer loop
      vertex -2.77128 -47.6 1.2
      vertex -3.09096 -46.8282 0
      vertex -3.09096 -46.8282 1.2
    endloop
  endfacet
  facet normal 0.923884 0.382673 0
    outer loop
      vertex -3.09096 -46.8282 0
      vertex -2.77128 -47.6 1.2
      vertex -2.77128 -47.6 0
    endloop
  endfacet
  facet normal 0.991444 0.130533 0
    outer loop
      vertex -3.09096 -46.8282 1.2
      vertex -3.2 -46 0
      vertex -3.2 -46 1.2
    endloop
  endfacet
  facet normal 0.991444 0.130533 0
    outer loop
      vertex -3.2 -46 0
      vertex -3.09096 -46.8282 1.2
      vertex -3.09096 -46.8282 0
    endloop
  endfacet
  facet normal -0.923884 0.382673 0
    outer loop
      vertex 2.77128 -47.6 0
      vertex 3.09096 -46.8282 1.2
      vertex 3.09096 -46.8282 0
    endloop
  endfacet
  facet normal -0.923884 0.382673 0
    outer loop
      vertex 3.09096 -46.8282 1.2
      vertex 2.77128 -47.6 0
      vertex 2.77128 -47.6 1.2
    endloop
  endfacet
  facet normal 0.382702 0.923872 -0
    outer loop
      vertex -0.82822 -49.091 0
      vertex -1.6 -48.7713 1.2
      vertex -0.82822 -49.091 1.2
    endloop
  endfacet
  facet normal 0.382702 0.923872 0
    outer loop
      vertex -1.6 -48.7713 1.2
      vertex -0.82822 -49.091 0
      vertex -1.6 -48.7713 0
    endloop
  endfacet
  facet normal -0.130482 0.991451 0
    outer loop
      vertex 0.82822 -49.091 0
      vertex 0 -49.2 1.2
      vertex 0.82822 -49.091 1.2
    endloop
  endfacet
  facet normal -0.130482 0.991451 0
    outer loop
      vertex 0 -49.2 1.2
      vertex 0.82822 -49.091 0
      vertex 0 -49.2 0
    endloop
  endfacet
  facet normal 0.923884 -0.382673 0
    outer loop
      vertex -3.09096 -45.1718 1.2
      vertex -2.77128 -44.4 0
      vertex -2.77128 -44.4 1.2
    endloop
  endfacet
  facet normal 0.923884 -0.382673 0
    outer loop
      vertex -2.77128 -44.4 0
      vertex -3.09096 -45.1718 1.2
      vertex -3.09096 -45.1718 0
    endloop
  endfacet
  facet normal 0.39839 0.596112 0.697091
    outer loop
      vertex -3.46021 -51.9718 5
      vertex -1.6 -48.7713 1.2
      vertex -1.94804 -48.5387 1.2
    endloop
  endfacet
  facet normal 0.399892 0.595172 0.697034
    outer loop
      vertex -1.6 -48.7713 1.2
      vertex -3.46021 -51.9718 5
      vertex -3.45128 -51.9778 5
    endloop
  endfacet
  facet normal -0.536836 -0.4751 0.697199
    outer loop
      vertex 2.26274 -43.7373 1.2
      vertex 4.88793 -41.1272 5
      vertex 4.88085 -41.1192 5
    endloop
  endfacet
  facet normal -0.539044 -0.472738 0.697102
    outer loop
      vertex 4.88793 -41.1272 5
      vertex 2.26274 -43.7373 1.2
      vertex 2.53873 -44.052 1.2
    endloop
  endfacet
  facet normal -0.715442 -0.0468899 0.697097
    outer loop
      vertex 6.90256 -46 5
      vertex 6.84421 -45.1097 5
      vertex 3.2 -46 1.2
    endloop
  endfacet
  facet normal -0.71545 -0.0468051 0.697094
    outer loop
      vertex 3.17262 -45.5823 1.2
      vertex 6.84421 -45.1097 5
      vertex 6.84351 -45.099 5
    endloop
  endfacet
  facet normal -0.715441 -0.0468968 0.697097
    outer loop
      vertex 6.84421 -45.1097 5
      vertex 3.17262 -45.5823 1.2
      vertex 3.2 -46 1.2
    endloop
  endfacet
  facet normal 0.139835 0.70321 0.697095
    outer loop
      vertex -0.911492 -52.8414 5
      vertex -0.82822 -49.091 1.2
      vertex -1.78651 -52.6674 5
    endloop
  endfacet
  facet normal 0.715442 -0.0468899 0.697097
    outer loop
      vertex -3.2 -46 1.2
      vertex -6.84421 -45.1097 5
      vertex -6.90256 -46 5
    endloop
  endfacet
  facet normal -0.703198 0.139886 0.697097
    outer loop
      vertex 3.09096 -46.8282 1.2
      vertex 6.84351 -46.901 5
      vertex 3.17262 -46.4177 1.2
    endloop
  endfacet
  facet normal -0.703189 0.139968 0.69709
    outer loop
      vertex 6.84351 -46.901 5
      vertex 3.09096 -46.8282 1.2
      vertex 6.84142 -46.9115 5
    endloop
  endfacet
  facet normal 0.399892 -0.595172 0.697034
    outer loop
      vertex -3.46021 -40.0282 5
      vertex -1.6 -43.2287 1.2
      vertex -3.45128 -40.0222 5
    endloop
  endfacet
  facet normal 0.39839 -0.596112 0.697091
    outer loop
      vertex -1.6 -43.2287 1.2
      vertex -3.46021 -40.0282 5
      vertex -1.94804 -43.4613 1.2
    endloop
  endfacet
  facet normal -0.703198 -0.139884 0.697097
    outer loop
      vertex 6.84142 -45.0885 5
      vertex 6.66736 -44.2135 5
      vertex 3.09096 -45.1718 1.2
    endloop
  endfacet
  facet normal 0.0467617 -0.715453 0.697094
    outer loop
      vertex -0.417684 -42.8274 1.2
      vertex -0.890255 -39.1558 5
      vertex -0.900965 -39.1565 5
    endloop
  endfacet
  facet normal 0.0469325 -0.715437 0.697099
    outer loop
      vertex -0.890255 -39.1558 5
      vertex -0.417684 -42.8274 1.2
      vertex 0 -42.8 1.2
    endloop
  endfacet
  facet normal 0.398299 -0.596162 0.6971
    outer loop
      vertex -1.94804 -43.4613 1.2
      vertex -3.46021 -40.0282 5
      vertex -4.20201 -40.5238 5
    endloop
  endfacet
  facet normal -0.317115 0.643037 0.697095
    outer loop
      vertex 2.6415 -52.3771 5
      vertex 3.44166 -51.9825 5
      vertex 1.22459 -48.9564 1.2
    endloop
  endfacet
  facet normal 0.230544 0.678907 0.69709
    outer loop
      vertex -1.79668 -52.6639 5
      vertex -0.82822 -49.091 1.2
      vertex -1.22459 -48.9564 1.2
    endloop
  endfacet
  facet normal 0.233349 0.678046 0.696995
    outer loop
      vertex -0.82822 -49.091 1.2
      vertex -1.79668 -52.6639 5
      vertex -1.78651 -52.6674 5
    endloop
  endfacet
  facet normal 0.703198 0.139884 0.697097
    outer loop
      vertex -6.66736 -47.7865 5
      vertex -3.09096 -46.8282 1.2
      vertex -6.84142 -46.9115 5
    endloop
  endfacet
  facet normal 0.31707 0.643064 0.69709
    outer loop
      vertex -1.6 -48.7713 1.2
      vertex -3.44166 -51.9825 5
      vertex -1.22459 -48.9564 1.2
    endloop
  endfacet
  facet normal 0.314774 0.644282 0.697007
    outer loop
      vertex -3.44166 -51.9825 5
      vertex -1.6 -48.7713 1.2
      vertex -3.45128 -51.9778 5
    endloop
  endfacet
  facet normal -0.398299 -0.596162 0.6971
    outer loop
      vertex 4.20201 -40.5238 5
      vertex 3.46021 -40.0282 5
      vertex 1.94804 -43.4613 1.2
    endloop
  endfacet
  facet normal 0.233349 -0.678046 0.696995
    outer loop
      vertex -1.79668 -39.3361 5
      vertex -0.82822 -42.909 1.2
      vertex -1.78651 -39.3326 5
    endloop
  endfacet
  facet normal 0.230544 -0.678907 0.69709
    outer loop
      vertex -0.82822 -42.909 1.2
      vertex -1.79668 -39.3361 5
      vertex -1.22459 -43.0436 1.2
    endloop
  endfacet
  facet normal -0.59546 0.399426 0.697056
    outer loop
      vertex 2.77128 -47.6 1.2
      vertex 5.97183 -49.4602 5
      vertex 5.9778 -49.4513 5
    endloop
  endfacet
  facet normal -0.596127 0.39836 0.697096
    outer loop
      vertex 5.97183 -49.4602 5
      vertex 2.77128 -47.6 1.2
      vertex 2.53873 -47.948 1.2
    endloop
  endfacet
  facet normal -0.0469321 0.715437 0.697099
    outer loop
      vertex 0.890255 -52.8442 5
      vertex 0 -49.2 1.2
      vertex 0 -52.9026 5
    endloop
  endfacet
  facet normal -0.472757 -0.53903 0.6971
    outer loop
      vertex 4.87278 -41.1121 5
      vertex 4.20201 -40.5238 5
      vertex 1.94804 -43.4613 1.2
    endloop
  endfacet
  facet normal 0.596127 0.39836 0.697096
    outer loop
      vertex -2.77128 -47.6 1.2
      vertex -5.97183 -49.4602 5
      vertex -2.53873 -47.948 1.2
    endloop
  endfacet
  facet normal 0.59546 0.399426 0.697056
    outer loop
      vertex -5.97183 -49.4602 5
      vertex -2.77128 -47.6 1.2
      vertex -5.9778 -49.4513 5
    endloop
  endfacet
  facet normal -0.715442 0.0468899 0.697097
    outer loop
      vertex 6.84421 -46.8903 5
      vertex 6.90256 -46 5
      vertex 3.2 -46 1.2
    endloop
  endfacet
  facet normal -0.140272 0.703161 0.697057
    outer loop
      vertex 0.82822 -49.091 1.2
      vertex 0.900965 -52.8435 5
      vertex 0.911492 -52.8414 5
    endloop
  endfacet
  facet normal -0.139774 0.703216 0.697101
    outer loop
      vertex 0.900965 -52.8435 5
      vertex 0.82822 -49.091 1.2
      vertex 0.417684 -49.1726 1.2
    endloop
  endfacet
  facet normal 0.0469321 0.715437 0.697099
    outer loop
      vertex 0 -52.9026 5
      vertex 0 -49.2 1.2
      vertex -0.890255 -52.8442 5
    endloop
  endfacet
  facet normal -0.398299 0.596162 0.6971
    outer loop
      vertex 3.46021 -51.9718 5
      vertex 4.20201 -51.4762 5
      vertex 1.94804 -48.5387 1.2
    endloop
  endfacet
  facet normal 0.31707 -0.643064 0.69709
    outer loop
      vertex -3.44166 -40.0175 5
      vertex -1.6 -43.2287 1.2
      vertex -1.22459 -43.0436 1.2
    endloop
  endfacet
  facet normal 0.314774 -0.644282 0.697007
    outer loop
      vertex -1.6 -43.2287 1.2
      vertex -3.44166 -40.0175 5
      vertex -3.45128 -40.0222 5
    endloop
  endfacet
  facet normal -0.643041 0.317101 0.697098
    outer loop
      vertex 5.98254 -49.4417 5
      vertex 6.37714 -48.6415 5
      vertex 2.95641 -47.2246 1.2
    endloop
  endfacet
  facet normal -0.39839 0.596112 0.697091
    outer loop
      vertex 1.6 -48.7713 1.2
      vertex 3.46021 -51.9718 5
      vertex 1.94804 -48.5387 1.2
    endloop
  endfacet
  facet normal -0.399892 0.595172 0.697034
    outer loop
      vertex 3.46021 -51.9718 5
      vertex 1.6 -48.7713 1.2
      vertex 3.45128 -51.9778 5
    endloop
  endfacet
  facet normal -0.230481 0.678923 0.697095
    outer loop
      vertex 1.79668 -52.6639 5
      vertex 2.6415 -52.3771 5
      vertex 1.22459 -48.9564 1.2
    endloop
  endfacet
  facet normal -0.679155 -0.229714 0.697122
    outer loop
      vertex 6.66391 -44.2033 5
      vertex 3.09096 -45.1718 1.2
      vertex 6.66736 -44.2135 5
    endloop
  endfacet
  facet normal -0.67893 -0.230449 0.697099
    outer loop
      vertex 3.09096 -45.1718 1.2
      vertex 6.66391 -44.2033 5
      vertex 2.95641 -44.7754 1.2
    endloop
  endfacet
  facet normal 0.139835 -0.70321 0.697095
    outer loop
      vertex -0.82822 -42.909 1.2
      vertex -0.911492 -39.1586 5
      vertex -1.78651 -39.3326 5
    endloop
  endfacet
  facet normal -0.230544 0.678907 0.69709
    outer loop
      vertex 0.82822 -49.091 1.2
      vertex 1.79668 -52.6639 5
      vertex 1.22459 -48.9564 1.2
    endloop
  endfacet
  facet normal -0.233349 0.678046 0.696995
    outer loop
      vertex 1.79668 -52.6639 5
      vertex 0.82822 -49.091 1.2
      vertex 1.78651 -52.6674 5
    endloop
  endfacet
  facet normal -0.314774 0.644282 0.697007
    outer loop
      vertex 1.6 -48.7713 1.2
      vertex 3.44166 -51.9825 5
      vertex 3.45128 -51.9778 5
    endloop
  endfacet
  facet normal -0.31707 0.643064 0.69709
    outer loop
      vertex 3.44166 -51.9825 5
      vertex 1.6 -48.7713 1.2
      vertex 1.22459 -48.9564 1.2
    endloop
  endfacet
  facet normal -0.678927 0.230464 0.697097
    outer loop
      vertex 6.37714 -48.6415 5
      vertex 6.66391 -47.7967 5
      vertex 2.95641 -47.2246 1.2
    endloop
  endfacet
  facet normal -0.679155 0.229714 0.697122
    outer loop
      vertex 3.09096 -46.8282 1.2
      vertex 6.66391 -47.7967 5
      vertex 6.66736 -47.7865 5
    endloop
  endfacet
  facet normal -0.67893 0.230449 0.697099
    outer loop
      vertex 6.66391 -47.7967 5
      vertex 3.09096 -46.8282 1.2
      vertex 2.95641 -47.2246 1.2
    endloop
  endfacet
  facet normal -0.314774 -0.644282 0.697007
    outer loop
      vertex 3.44166 -40.0175 5
      vertex 1.6 -43.2287 1.2
      vertex 3.45128 -40.0222 5
    endloop
  endfacet
  facet normal -0.31707 -0.643064 0.69709
    outer loop
      vertex 1.6 -43.2287 1.2
      vertex 3.44166 -40.0175 5
      vertex 1.22459 -43.0436 1.2
    endloop
  endfacet
  facet normal 0.596142 -0.398333 0.697098
    outer loop
      vertex -2.53873 -44.052 1.2
      vertex -5.47617 -41.798 5
      vertex -5.97183 -42.5398 5
    endloop
  endfacet
  facet normal 0.230481 0.678923 0.697095
    outer loop
      vertex -1.79668 -52.6639 5
      vertex -1.22459 -48.9564 1.2
      vertex -2.6415 -52.3771 5
    endloop
  endfacet
  facet normal 0.596142 0.398333 0.697098
    outer loop
      vertex -5.47617 -50.202 5
      vertex -2.53873 -47.948 1.2
      vertex -5.97183 -49.4602 5
    endloop
  endfacet
  facet normal 0.643041 0.317101 0.697098
    outer loop
      vertex -5.98254 -49.4417 5
      vertex -2.95641 -47.2246 1.2
      vertex -6.37714 -48.6415 5
    endloop
  endfacet
  facet normal -0.473571 0.53827 0.697134
    outer loop
      vertex 2.26274 -48.2627 1.2
      vertex 4.87278 -50.8879 5
      vertex 4.88085 -50.8808 5
    endloop
  endfacet
  facet normal -0.47275 0.539037 0.697099
    outer loop
      vertex 4.87278 -50.8879 5
      vertex 2.26274 -48.2627 1.2
      vertex 1.94804 -48.5387 1.2
    endloop
  endfacet
  facet normal -0.715441 0.0468968 0.697097
    outer loop
      vertex 3.17262 -46.4177 1.2
      vertex 6.84421 -46.8903 5
      vertex 3.2 -46 1.2
    endloop
  endfacet
  facet normal -0.71545 0.0468051 0.697094
    outer loop
      vertex 6.84421 -46.8903 5
      vertex 3.17262 -46.4177 1.2
      vertex 6.84351 -46.901 5
    endloop
  endfacet
  facet normal 0.678927 0.230464 0.697097
    outer loop
      vertex -6.37714 -48.6415 5
      vertex -2.95641 -47.2246 1.2
      vertex -6.66391 -47.7967 5
    endloop
  endfacet
  facet normal -0.596142 0.398333 0.697098
    outer loop
      vertex 5.47617 -50.202 5
      vertex 5.97183 -49.4602 5
      vertex 2.53873 -47.948 1.2
    endloop
  endfacet
  facet normal 0.539065 0.472718 0.697099
    outer loop
      vertex -4.88793 -50.8728 5
      vertex -2.53873 -47.948 1.2
      vertex -5.47617 -50.202 5
    endloop
  endfacet
  facet normal -0.139835 0.70321 0.697095
    outer loop
      vertex 0.911492 -52.8414 5
      vertex 1.78651 -52.6674 5
      vertex 0.82822 -49.091 1.2
    endloop
  endfacet
  facet normal -0.472757 0.53903 0.6971
    outer loop
      vertex 4.20201 -51.4762 5
      vertex 4.87278 -50.8879 5
      vertex 1.94804 -48.5387 1.2
    endloop
  endfacet
  facet normal 0.67893 0.230449 0.697099
    outer loop
      vertex -3.09096 -46.8282 1.2
      vertex -6.66391 -47.7967 5
      vertex -2.95641 -47.2246 1.2
    endloop
  endfacet
  facet normal 0.679155 0.229714 0.697122
    outer loop
      vertex -6.66391 -47.7967 5
      vertex -3.09096 -46.8282 1.2
      vertex -6.66736 -47.7865 5
    endloop
  endfacet
  facet normal 0.47275 0.539037 0.697099
    outer loop
      vertex -2.26274 -48.2627 1.2
      vertex -4.87278 -50.8879 5
      vertex -1.94804 -48.5387 1.2
    endloop
  endfacet
  facet normal 0.473571 0.53827 0.697134
    outer loop
      vertex -4.87278 -50.8879 5
      vertex -2.26274 -48.2627 1.2
      vertex -4.88085 -50.8808 5
    endloop
  endfacet
  facet normal -0.703198 0.139884 0.697097
    outer loop
      vertex 6.66736 -47.7865 5
      vertex 6.84142 -46.9115 5
      vertex 3.09096 -46.8282 1.2
    endloop
  endfacet
  facet normal 0.139774 0.703216 0.697101
    outer loop
      vertex -0.82822 -49.091 1.2
      vertex -0.900965 -52.8435 5
      vertex -0.417684 -49.1726 1.2
    endloop
  endfacet
  facet normal 0.140272 0.703161 0.697057
    outer loop
      vertex -0.900965 -52.8435 5
      vertex -0.82822 -49.091 1.2
      vertex -0.911492 -52.8414 5
    endloop
  endfacet
  facet normal 0.536836 -0.4751 0.697199
    outer loop
      vertex -4.88793 -41.1272 5
      vertex -2.26274 -43.7373 1.2
      vertex -4.88085 -41.1192 5
    endloop
  endfacet
  facet normal 0.539044 -0.472738 0.697102
    outer loop
      vertex -2.26274 -43.7373 1.2
      vertex -4.88793 -41.1272 5
      vertex -2.53873 -44.052 1.2
    endloop
  endfacet
  facet normal 0.140272 -0.703161 0.697057
    outer loop
      vertex -0.82822 -42.909 1.2
      vertex -0.900965 -39.1565 5
      vertex -0.911492 -39.1586 5
    endloop
  endfacet
  facet normal 0.139774 -0.703216 0.697101
    outer loop
      vertex -0.900965 -39.1565 5
      vertex -0.82822 -42.909 1.2
      vertex -0.417684 -42.8274 1.2
    endloop
  endfacet
  facet normal 0.317115 0.643037 0.697095
    outer loop
      vertex -2.6415 -52.3771 5
      vertex -1.22459 -48.9564 1.2
      vertex -3.44166 -51.9825 5
    endloop
  endfacet
  facet normal 0.703198 0.139886 0.697097
    outer loop
      vertex -6.84351 -46.901 5
      vertex -3.09096 -46.8282 1.2
      vertex -3.17262 -46.4177 1.2
    endloop
  endfacet
  facet normal 0.703189 0.139968 0.69709
    outer loop
      vertex -3.09096 -46.8282 1.2
      vertex -6.84351 -46.901 5
      vertex -6.84142 -46.9115 5
    endloop
  endfacet
  facet normal 0.715441 0.0468968 0.697097
    outer loop
      vertex -6.84421 -46.8903 5
      vertex -3.17262 -46.4177 1.2
      vertex -3.2 -46 1.2
    endloop
  endfacet
  facet normal 0.71545 0.0468051 0.697094
    outer loop
      vertex -3.17262 -46.4177 1.2
      vertex -6.84421 -46.8903 5
      vertex -6.84351 -46.901 5
    endloop
  endfacet
  facet normal -0.0467617 0.715453 0.697094
    outer loop
      vertex 0.417684 -49.1726 1.2
      vertex 0.890255 -52.8442 5
      vertex 0.900965 -52.8435 5
    endloop
  endfacet
  facet normal -0.0469325 0.715437 0.697099
    outer loop
      vertex 0.890255 -52.8442 5
      vertex 0.417684 -49.1726 1.2
      vertex 0 -49.2 1.2
    endloop
  endfacet
  facet normal -0.678927 -0.230464 0.697097
    outer loop
      vertex 6.66391 -44.2033 5
      vertex 6.37714 -43.3585 5
      vertex 2.95641 -44.7754 1.2
    endloop
  endfacet
  facet normal -0.139835 -0.70321 0.697095
    outer loop
      vertex 1.78651 -39.3326 5
      vertex 0.911492 -39.1586 5
      vertex 0.82822 -42.909 1.2
    endloop
  endfacet
  facet normal 0.596127 -0.39836 0.697096
    outer loop
      vertex -5.97183 -42.5398 5
      vertex -2.77128 -44.4 1.2
      vertex -2.53873 -44.052 1.2
    endloop
  endfacet
  facet normal 0.59546 -0.399426 0.697056
    outer loop
      vertex -2.77128 -44.4 1.2
      vertex -5.97183 -42.5398 5
      vertex -5.9778 -42.5487 5
    endloop
  endfacet
  facet normal 0.0469325 0.715437 0.697099
    outer loop
      vertex -0.417684 -49.1726 1.2
      vertex -0.890255 -52.8442 5
      vertex 0 -49.2 1.2
    endloop
  endfacet
  facet normal 0.0467617 0.715453 0.697094
    outer loop
      vertex -0.890255 -52.8442 5
      vertex -0.417684 -49.1726 1.2
      vertex -0.900965 -52.8435 5
    endloop
  endfacet
  facet normal -0.643033 0.317114 0.697099
    outer loop
      vertex 2.77128 -47.6 1.2
      vertex 5.98254 -49.4417 5
      vertex 2.95641 -47.2246 1.2
    endloop
  endfacet
  facet normal -0.642872 0.317418 0.69711
    outer loop
      vertex 5.98254 -49.4417 5
      vertex 2.77128 -47.6 1.2
      vertex 5.9778 -49.4513 5
    endloop
  endfacet
  facet normal 0.67893 -0.230449 0.697099
    outer loop
      vertex -6.66391 -44.2033 5
      vertex -3.09096 -45.1718 1.2
      vertex -2.95641 -44.7754 1.2
    endloop
  endfacet
  facet normal 0.679155 -0.229714 0.697122
    outer loop
      vertex -3.09096 -45.1718 1.2
      vertex -6.66391 -44.2033 5
      vertex -6.66736 -44.2135 5
    endloop
  endfacet
  facet normal -0.539065 0.472718 0.697099
    outer loop
      vertex 4.88793 -50.8728 5
      vertex 5.47617 -50.202 5
      vertex 2.53873 -47.948 1.2
    endloop
  endfacet
  facet normal 0.539065 -0.472718 0.697099
    outer loop
      vertex -2.53873 -44.052 1.2
      vertex -4.88793 -41.1272 5
      vertex -5.47617 -41.798 5
    endloop
  endfacet
  facet normal 0.715442 0.0468899 0.697097
    outer loop
      vertex -6.84421 -46.8903 5
      vertex -3.2 -46 1.2
      vertex -6.90256 -46 5
    endloop
  endfacet
  facet normal -0.473571 -0.53827 0.697134
    outer loop
      vertex 4.87278 -41.1121 5
      vertex 2.26274 -43.7373 1.2
      vertex 4.88085 -41.1192 5
    endloop
  endfacet
  facet normal -0.47275 -0.539037 0.697099
    outer loop
      vertex 2.26274 -43.7373 1.2
      vertex 4.87278 -41.1121 5
      vertex 1.94804 -43.4613 1.2
    endloop
  endfacet
  facet normal 0.703189 -0.139968 0.69709
    outer loop
      vertex -6.84351 -45.099 5
      vertex -3.09096 -45.1718 1.2
      vertex -6.84142 -45.0885 5
    endloop
  endfacet
  facet normal 0.703198 -0.139886 0.697097
    outer loop
      vertex -3.09096 -45.1718 1.2
      vertex -6.84351 -45.099 5
      vertex -3.17262 -45.5823 1.2
    endloop
  endfacet
  facet normal -0.139774 -0.703216 0.697101
    outer loop
      vertex 0.82822 -42.909 1.2
      vertex 0.900965 -39.1565 5
      vertex 0.417684 -42.8274 1.2
    endloop
  endfacet
  facet normal -0.140272 -0.703161 0.697057
    outer loop
      vertex 0.900965 -39.1565 5
      vertex 0.82822 -42.909 1.2
      vertex 0.911492 -39.1586 5
    endloop
  endfacet
  facet normal 0.643033 0.317114 0.697099
    outer loop
      vertex -5.98254 -49.4417 5
      vertex -2.77128 -47.6 1.2
      vertex -2.95641 -47.2246 1.2
    endloop
  endfacet
  facet normal 0.642872 0.317418 0.69711
    outer loop
      vertex -2.77128 -47.6 1.2
      vertex -5.98254 -49.4417 5
      vertex -5.9778 -49.4513 5
    endloop
  endfacet
  facet normal 0.642872 -0.317418 0.69711
    outer loop
      vertex -5.98254 -42.5583 5
      vertex -2.77128 -44.4 1.2
      vertex -5.9778 -42.5487 5
    endloop
  endfacet
  facet normal 0.643033 -0.317114 0.697099
    outer loop
      vertex -2.77128 -44.4 1.2
      vertex -5.98254 -42.5583 5
      vertex -2.95641 -44.7754 1.2
    endloop
  endfacet
  facet normal -0.539044 0.472738 0.697102
    outer loop
      vertex 2.26274 -48.2627 1.2
      vertex 4.88793 -50.8728 5
      vertex 2.53873 -47.948 1.2
    endloop
  endfacet
  facet normal -0.536836 0.4751 0.697199
    outer loop
      vertex 4.88793 -50.8728 5
      vertex 2.26274 -48.2627 1.2
      vertex 4.88085 -50.8808 5
    endloop
  endfacet
  facet normal 0.703198 -0.139884 0.697097
    outer loop
      vertex -3.09096 -45.1718 1.2
      vertex -6.66736 -44.2135 5
      vertex -6.84142 -45.0885 5
    endloop
  endfacet
  facet normal 0.71545 -0.0468051 0.697094
    outer loop
      vertex -6.84421 -45.1097 5
      vertex -3.17262 -45.5823 1.2
      vertex -6.84351 -45.099 5
    endloop
  endfacet
  facet normal 0.715441 -0.0468968 0.697097
    outer loop
      vertex -3.17262 -45.5823 1.2
      vertex -6.84421 -45.1097 5
      vertex -3.2 -46 1.2
    endloop
  endfacet
  facet normal 0.539044 0.472738 0.697102
    outer loop
      vertex -4.88793 -50.8728 5
      vertex -2.26274 -48.2627 1.2
      vertex -2.53873 -47.948 1.2
    endloop
  endfacet
  facet normal 0.536836 0.4751 0.697199
    outer loop
      vertex -2.26274 -48.2627 1.2
      vertex -4.88793 -50.8728 5
      vertex -4.88085 -50.8808 5
    endloop
  endfacet
  facet normal -0.703189 -0.139968 0.69709
    outer loop
      vertex 3.09096 -45.1718 1.2
      vertex 6.84351 -45.099 5
      vertex 6.84142 -45.0885 5
    endloop
  endfacet
  facet normal -0.703198 -0.139886 0.697097
    outer loop
      vertex 6.84351 -45.099 5
      vertex 3.09096 -45.1718 1.2
      vertex 3.17262 -45.5823 1.2
    endloop
  endfacet
  facet normal 0.472757 -0.53903 0.6971
    outer loop
      vertex -1.94804 -43.4613 1.2
      vertex -4.20201 -40.5238 5
      vertex -4.87278 -41.1121 5
    endloop
  endfacet
  facet normal 0.398299 0.596162 0.6971
    outer loop
      vertex -3.46021 -51.9718 5
      vertex -1.94804 -48.5387 1.2
      vertex -4.20201 -51.4762 5
    endloop
  endfacet
  facet normal 0.472757 0.53903 0.6971
    outer loop
      vertex -4.20201 -51.4762 5
      vertex -1.94804 -48.5387 1.2
      vertex -4.87278 -50.8879 5
    endloop
  endfacet
  facet normal 0.678927 -0.230464 0.697097
    outer loop
      vertex -2.95641 -44.7754 1.2
      vertex -6.37714 -43.3585 5
      vertex -6.66391 -44.2033 5
    endloop
  endfacet
  facet normal 0.0469321 -0.715437 0.697099
    outer loop
      vertex 0 -42.8 1.2
      vertex 0 -39.0974 5
      vertex -0.890255 -39.1558 5
    endloop
  endfacet
  facet normal -0.0469321 -0.715437 0.697099
    outer loop
      vertex 0.890255 -39.1558 5
      vertex 0 -39.0974 5
      vertex 0 -42.8 1.2
    endloop
  endfacet
  facet normal -0.0469325 -0.715437 0.697099
    outer loop
      vertex 0.417684 -42.8274 1.2
      vertex 0.890255 -39.1558 5
      vertex 0 -42.8 1.2
    endloop
  endfacet
  facet normal -0.0467617 -0.715453 0.697094
    outer loop
      vertex 0.890255 -39.1558 5
      vertex 0.417684 -42.8274 1.2
      vertex 0.900965 -39.1565 5
    endloop
  endfacet
  facet normal -0.59546 -0.399426 0.697056
    outer loop
      vertex 5.97183 -42.5398 5
      vertex 2.77128 -44.4 1.2
      vertex 5.9778 -42.5487 5
    endloop
  endfacet
  facet normal -0.596127 -0.39836 0.697096
    outer loop
      vertex 2.77128 -44.4 1.2
      vertex 5.97183 -42.5398 5
      vertex 2.53873 -44.052 1.2
    endloop
  endfacet
  facet normal -0.317115 -0.643037 0.697095
    outer loop
      vertex 3.44166 -40.0175 5
      vertex 2.6415 -39.6229 5
      vertex 1.22459 -43.0436 1.2
    endloop
  endfacet
  facet normal -0.642872 -0.317418 0.69711
    outer loop
      vertex 2.77128 -44.4 1.2
      vertex 5.98254 -42.5583 5
      vertex 5.9778 -42.5487 5
    endloop
  endfacet
  facet normal -0.643033 -0.317114 0.697099
    outer loop
      vertex 5.98254 -42.5583 5
      vertex 2.77128 -44.4 1.2
      vertex 2.95641 -44.7754 1.2
    endloop
  endfacet
  facet normal 0.230481 -0.678923 0.697095
    outer loop
      vertex -1.22459 -43.0436 1.2
      vertex -1.79668 -39.3361 5
      vertex -2.6415 -39.6229 5
    endloop
  endfacet
  facet normal 0.47275 -0.539037 0.697099
    outer loop
      vertex -4.87278 -41.1121 5
      vertex -2.26274 -43.7373 1.2
      vertex -1.94804 -43.4613 1.2
    endloop
  endfacet
  facet normal 0.473571 -0.53827 0.697134
    outer loop
      vertex -2.26274 -43.7373 1.2
      vertex -4.87278 -41.1121 5
      vertex -4.88085 -41.1192 5
    endloop
  endfacet
  facet normal 0.317115 -0.643037 0.697095
    outer loop
      vertex -1.22459 -43.0436 1.2
      vertex -2.6415 -39.6229 5
      vertex -3.44166 -40.0175 5
    endloop
  endfacet
  facet normal -0.643041 -0.317101 0.697098
    outer loop
      vertex 6.37714 -43.3585 5
      vertex 5.98254 -42.5583 5
      vertex 2.95641 -44.7754 1.2
    endloop
  endfacet
  facet normal 0.643041 -0.317101 0.697098
    outer loop
      vertex -2.95641 -44.7754 1.2
      vertex -5.98254 -42.5583 5
      vertex -6.37714 -43.3585 5
    endloop
  endfacet
  facet normal -0.230481 -0.678923 0.697095
    outer loop
      vertex 2.6415 -39.6229 5
      vertex 1.79668 -39.3361 5
      vertex 1.22459 -43.0436 1.2
    endloop
  endfacet
  facet normal -0.233349 -0.678046 0.696995
    outer loop
      vertex 0.82822 -42.909 1.2
      vertex 1.79668 -39.3361 5
      vertex 1.78651 -39.3326 5
    endloop
  endfacet
  facet normal -0.230544 -0.678907 0.69709
    outer loop
      vertex 1.79668 -39.3361 5
      vertex 0.82822 -42.909 1.2
      vertex 1.22459 -43.0436 1.2
    endloop
  endfacet
  facet normal -0.596142 -0.398333 0.697098
    outer loop
      vertex 5.97183 -42.5398 5
      vertex 5.47617 -41.798 5
      vertex 2.53873 -44.052 1.2
    endloop
  endfacet
  facet normal -0.399892 -0.595172 0.697034
    outer loop
      vertex 1.6 -43.2287 1.2
      vertex 3.46021 -40.0282 5
      vertex 3.45128 -40.0222 5
    endloop
  endfacet
  facet normal -0.39839 -0.596112 0.697091
    outer loop
      vertex 3.46021 -40.0282 5
      vertex 1.6 -43.2287 1.2
      vertex 1.94804 -43.4613 1.2
    endloop
  endfacet
  facet normal -0.539065 -0.472718 0.697099
    outer loop
      vertex 5.47617 -41.798 5
      vertex 4.88793 -41.1272 5
      vertex 2.53873 -44.052 1.2
    endloop
  endfacet
  facet normal -0 -0 1
    outer loop
      vertex -1.94804 -48.5387 1.2
      vertex -1.6 -48.7713 1.2
      vertex -2.26274 -48.2627 1.2
    endloop
  endfacet
  facet normal -0 -0 1
    outer loop
      vertex -1.22459 -48.9564 1.2
      vertex -0.82822 -49.091 1.2
      vertex -1.6 -48.7713 1.2
    endloop
  endfacet
  facet normal 0 0 1
    outer loop
      vertex 2.26274 -43.7373 1.2
      vertex 1.94804 -43.4613 1.2
      vertex 1.6 -43.2287 1.2
    endloop
  endfacet
  facet normal 0 0 1
    outer loop
      vertex 2.77128 -44.4 1.2
      vertex 2.53873 -44.052 1.2
      vertex 2.26274 -43.7373 1.2
    endloop
  endfacet
  facet normal 0 0 1
    outer loop
      vertex 3.2 -46 1.2
      vertex 3.17262 -45.5823 1.2
      vertex 3.09096 -45.1718 1.2
    endloop
  endfacet
  facet normal 0 -0 1
    outer loop
      vertex 3.17262 -46.4177 1.2
      vertex 3.2 -46 1.2
      vertex 3.09096 -46.8282 1.2
    endloop
  endfacet
  facet normal 0 0 1
    outer loop
      vertex -1.6 -43.2287 1.2
      vertex -1.94804 -43.4613 1.2
      vertex -2.26274 -43.7373 1.2
    endloop
  endfacet
  facet normal 0 -0 1
    outer loop
      vertex 2.53873 -47.948 1.2
      vertex 2.77128 -47.6 1.2
      vertex 2.26274 -48.2627 1.2
    endloop
  endfacet
  facet normal 0 -0 1
    outer loop
      vertex 2.95641 -47.2246 1.2
      vertex 3.09096 -46.8282 1.2
      vertex 2.77128 -47.6 1.2
    endloop
  endfacet
  facet normal 0 0 1
    outer loop
      vertex -0.82822 -42.909 1.2
      vertex -1.22459 -43.0436 1.2
      vertex -1.6 -43.2287 1.2
    endloop
  endfacet
  facet normal -0 -0 1
    outer loop
      vertex -2.53873 -47.948 1.2
      vertex -2.26274 -48.2627 1.2
      vertex -2.77128 -47.6 1.2
    endloop
  endfacet
  facet normal 0 -0 1
    outer loop
      vertex 0.417684 -49.1726 1.2
      vertex 0.82822 -49.091 1.2
      vertex 0 -49.2 1.2
    endloop
  endfacet
  facet normal 0 -0 1
    outer loop
      vertex 1.22459 -48.9564 1.2
      vertex 1.6 -48.7713 1.2
      vertex 0.82822 -49.091 1.2
    endloop
  endfacet
  facet normal 0 -0 1
    outer loop
      vertex 1.94804 -48.5387 1.2
      vertex 2.26274 -48.2627 1.2
      vertex 1.6 -48.7713 1.2
    endloop
  endfacet
  facet normal 0 0 1
    outer loop
      vertex 1.6 -43.2287 1.2
      vertex 1.22459 -43.0436 1.2
      vertex 0.82822 -42.909 1.2
    endloop
  endfacet
  facet normal 0 0 1
    outer loop
      vertex 3.09096 -45.1718 1.2
      vertex 2.95641 -44.7754 1.2
      vertex 2.77128 -44.4 1.2
    endloop
  endfacet
  facet normal 0 0 1
    outer loop
      vertex 0 -42.8 1.2
      vertex -0.417684 -42.8274 1.2
      vertex -0.82822 -42.909 1.2
    endloop
  endfacet
  facet normal -0 -0 1
    outer loop
      vertex -2.95641 -47.2246 1.2
      vertex -2.77128 -47.6 1.2
      vertex -3.09096 -46.8282 1.2
    endloop
  endfacet
  facet normal -0 -0 1
    outer loop
      vertex -0.417684 -49.1726 1.2
      vertex 0 -49.2 1.2
      vertex -0.82822 -49.091 1.2
    endloop
  endfacet
  facet normal 0 0 1
    outer loop
      vertex -2.26274 -43.7373 1.2
      vertex -2.53873 -44.052 1.2
      vertex -2.77128 -44.4 1.2
    endloop
  endfacet
  facet normal -0 -0 1
    outer loop
      vertex -3.17262 -46.4177 1.2
      vertex -3.09096 -46.8282 1.2
      vertex -3.2 -46 1.2
    endloop
  endfacet
  facet normal 0 0 1
    outer loop
      vertex -2.77128 -44.4 1.2
      vertex -2.95641 -44.7754 1.2
      vertex -3.09096 -45.1718 1.2
    endloop
  endfacet
  facet normal 0 0 1
    outer loop
      vertex -3.09096 -45.1718 1.2
      vertex -3.17262 -45.5823 1.2
      vertex -3.2 -46 1.2
    endloop
  endfacet
  facet normal 0 0 1
    outer loop
      vertex 0.82822 -42.909 1.2
      vertex 0.417684 -42.8274 1.2
      vertex 0 -42.8 1.2
    endloop
  endfacet
  facet normal -0.923875 -0.382694 0
    outer loop
      vertex 42.9281 23.8282 0
      vertex 42.6084 24.6 1.2
      vertex 42.6084 24.6 0
    endloop
  endfacet
  facet normal -0.923875 -0.382694 0
    outer loop
      vertex 42.6084 24.6 1.2
      vertex 42.9281 23.8282 0
      vertex 42.9281 23.8282 1.2
    endloop
  endfacet
  facet normal -0.991435 -0.130603 0
    outer loop
      vertex 43.0372 23 0
      vertex 42.9281 23.8282 1.2
      vertex 42.9281 23.8282 0
    endloop
  endfacet
  facet normal -0.991435 -0.130603 0
    outer loop
      vertex 42.9281 23.8282 1.2
      vertex 43.0372 23 0
      vertex 43.0372 23 1.2
    endloop
  endfacet
  facet normal 0.608773 -0.793344 0
    outer loop
      vertex 37.5744 25.2627 0
      vertex 38.2372 25.7713 1.2
      vertex 37.5744 25.2627 1.2
    endloop
  endfacet
  facet normal 0.608773 -0.793344 0
    outer loop
      vertex 38.2372 25.7713 1.2
      vertex 37.5744 25.2627 0
      vertex 38.2372 25.7713 0
    endloop
  endfacet
  facet normal 0.382736 -0.923858 0
    outer loop
      vertex 38.2372 25.7713 0
      vertex 39.0089 26.091 1.2
      vertex 38.2372 25.7713 1.2
    endloop
  endfacet
  facet normal 0.382736 -0.923858 0
    outer loop
      vertex 39.0089 26.091 1.2
      vertex 38.2372 25.7713 0
      vertex 39.0089 26.091 0
    endloop
  endfacet
  facet normal -0.608831 0.7933 0
    outer loop
      vertex 42.0999 20.7373 0
      vertex 41.4372 20.2287 1.2
      vertex 42.0999 20.7373 1.2
    endloop
  endfacet
  facet normal -0.608831 0.7933 0
    outer loop
      vertex 41.4372 20.2287 1.2
      vertex 42.0999 20.7373 0
      vertex 41.4372 20.2287 0
    endloop
  endfacet
  facet normal -0.608831 -0.7933 0
    outer loop
      vertex 41.4372 25.7713 0
      vertex 42.0999 25.2627 1.2
      vertex 41.4372 25.7713 1.2
    endloop
  endfacet
  facet normal -0.608831 -0.7933 -0
    outer loop
      vertex 42.0999 25.2627 1.2
      vertex 41.4372 25.7713 0
      vertex 42.0999 25.2627 0
    endloop
  endfacet
  facet normal 0.13047 0.991452 -0
    outer loop
      vertex 39.8372 19.8 0
      vertex 39.0089 19.909 1.2
      vertex 39.8372 19.8 1.2
    endloop
  endfacet
  facet normal 0.13047 0.991452 0
    outer loop
      vertex 39.0089 19.909 1.2
      vertex 39.8372 19.8 0
      vertex 39.0089 19.909 0
    endloop
  endfacet
  facet normal -0.130485 -0.99145 0
    outer loop
      vertex 39.8372 26.2 0
      vertex 40.6654 26.091 1.2
      vertex 39.8372 26.2 1.2
    endloop
  endfacet
  facet normal -0.130485 -0.99145 -0
    outer loop
      vertex 40.6654 26.091 1.2
      vertex 39.8372 26.2 0
      vertex 40.6654 26.091 0
    endloop
  endfacet
  facet normal -0.382694 -0.923875 0
    outer loop
      vertex 40.6654 26.091 0
      vertex 41.4372 25.7713 1.2
      vertex 40.6654 26.091 1.2
    endloop
  endfacet
  facet normal -0.382694 -0.923875 -0
    outer loop
      vertex 41.4372 25.7713 1.2
      vertex 40.6654 26.091 0
      vertex 41.4372 25.7713 0
    endloop
  endfacet
  facet normal 0.608773 0.793344 -0
    outer loop
      vertex 38.2372 20.2287 0
      vertex 37.5744 20.7373 1.2
      vertex 38.2372 20.2287 1.2
    endloop
  endfacet
  facet normal 0.608773 0.793344 0
    outer loop
      vertex 37.5744 20.7373 1.2
      vertex 38.2372 20.2287 0
      vertex 37.5744 20.7373 0
    endloop
  endfacet
  facet normal -0.793358 0.608756 0
    outer loop
      vertex 42.0999 20.7373 0
      vertex 42.6084 21.4 1.2
      vertex 42.6084 21.4 0
    endloop
  endfacet
  facet normal -0.793358 0.608756 0
    outer loop
      vertex 42.6084 21.4 1.2
      vertex 42.0999 20.7373 0
      vertex 42.0999 20.7373 1.2
    endloop
  endfacet
  facet normal -0.382694 0.923875 0
    outer loop
      vertex 41.4372 20.2287 0
      vertex 40.6654 19.909 1.2
      vertex 41.4372 20.2287 1.2
    endloop
  endfacet
  facet normal -0.382694 0.923875 0
    outer loop
      vertex 40.6654 19.909 1.2
      vertex 41.4372 20.2287 0
      vertex 40.6654 19.909 0
    endloop
  endfacet
  facet normal 0.793358 -0.608756 0
    outer loop
      vertex 37.0659 24.6 1.2
      vertex 37.5744 25.2627 0
      vertex 37.5744 25.2627 1.2
    endloop
  endfacet
  facet normal 0.793358 -0.608756 0
    outer loop
      vertex 37.5744 25.2627 0
      vertex 37.0659 24.6 1.2
      vertex 37.0659 24.6 0
    endloop
  endfacet
  facet normal 0.793358 0.608756 0
    outer loop
      vertex 37.5744 20.7373 1.2
      vertex 37.0659 21.4 0
      vertex 37.0659 21.4 1.2
    endloop
  endfacet
  facet normal 0.793358 0.608756 0
    outer loop
      vertex 37.0659 21.4 0
      vertex 37.5744 20.7373 1.2
      vertex 37.5744 20.7373 0
    endloop
  endfacet
  facet normal -0.991435 0.130603 0
    outer loop
      vertex 42.9281 22.1718 0
      vertex 43.0372 23 1.2
      vertex 43.0372 23 0
    endloop
  endfacet
  facet normal -0.991435 0.130603 0
    outer loop
      vertex 43.0372 23 1.2
      vertex 42.9281 22.1718 0
      vertex 42.9281 22.1718 1.2
    endloop
  endfacet
  facet normal 0.13047 -0.991452 0
    outer loop
      vertex 39.0089 26.091 0
      vertex 39.8372 26.2 1.2
      vertex 39.0089 26.091 1.2
    endloop
  endfacet
  facet normal 0.13047 -0.991452 0
    outer loop
      vertex 39.8372 26.2 1.2
      vertex 39.0089 26.091 0
      vertex 39.8372 26.2 0
    endloop
  endfacet
  facet normal 0.923875 0.382694 0
    outer loop
      vertex 37.0659 21.4 1.2
      vertex 36.7462 22.1718 0
      vertex 36.7462 22.1718 1.2
    endloop
  endfacet
  facet normal 0.923875 0.382694 0
    outer loop
      vertex 36.7462 22.1718 0
      vertex 37.0659 21.4 1.2
      vertex 37.0659 21.4 0
    endloop
  endfacet
  facet normal 0.99145 0.130485 0
    outer loop
      vertex 36.7462 22.1718 1.2
      vertex 36.6372 23 0
      vertex 36.6372 23 1.2
    endloop
  endfacet
  facet normal 0.99145 0.130485 0
    outer loop
      vertex 36.6372 23 0
      vertex 36.7462 22.1718 1.2
      vertex 36.7462 22.1718 0
    endloop
  endfacet
  facet normal -0.923875 0.382694 0
    outer loop
      vertex 42.6084 21.4 0
      vertex 42.9281 22.1718 1.2
      vertex 42.9281 22.1718 0
    endloop
  endfacet
  facet normal -0.923875 0.382694 0
    outer loop
      vertex 42.9281 22.1718 1.2
      vertex 42.6084 21.4 0
      vertex 42.6084 21.4 1.2
    endloop
  endfacet
  facet normal 0.382736 0.923858 -0
    outer loop
      vertex 39.0089 19.909 0
      vertex 38.2372 20.2287 1.2
      vertex 39.0089 19.909 1.2
    endloop
  endfacet
  facet normal 0.382736 0.923858 0
    outer loop
      vertex 38.2372 20.2287 1.2
      vertex 39.0089 19.909 0
      vertex 38.2372 20.2287 0
    endloop
  endfacet
  facet normal -0.130485 0.99145 0
    outer loop
      vertex 40.6654 19.909 0
      vertex 39.8372 19.8 1.2
      vertex 40.6654 19.909 1.2
    endloop
  endfacet
  facet normal -0.130485 0.99145 0
    outer loop
      vertex 39.8372 19.8 1.2
      vertex 40.6654 19.909 0
      vertex 39.8372 19.8 0
    endloop
  endfacet
  facet normal -0.793358 -0.608756 0
    outer loop
      vertex 42.6084 24.6 0
      vertex 42.0999 25.2627 1.2
      vertex 42.0999 25.2627 0
    endloop
  endfacet
  facet normal -0.793358 -0.608756 0
    outer loop
      vertex 42.0999 25.2627 1.2
      vertex 42.6084 24.6 0
      vertex 42.6084 24.6 1.2
    endloop
  endfacet
  facet normal 0.923875 -0.382694 0
    outer loop
      vertex 36.7462 23.8282 1.2
      vertex 37.0659 24.6 0
      vertex 37.0659 24.6 1.2
    endloop
  endfacet
  facet normal 0.923875 -0.382694 0
    outer loop
      vertex 37.0659 24.6 0
      vertex 36.7462 23.8282 1.2
      vertex 36.7462 23.8282 0
    endloop
  endfacet
  facet normal 0.99145 -0.130485 0
    outer loop
      vertex 36.6372 23 1.2
      vertex 36.7462 23.8282 0
      vertex 36.7462 23.8282 1.2
    endloop
  endfacet
  facet normal 0.99145 -0.130485 0
    outer loop
      vertex 36.7462 23.8282 0
      vertex 36.6372 23 1.2
      vertex 36.6372 23 0
    endloop
  endfacet
  facet normal 0.398342 0.596143 0.697092
    outer loop
      vertex 36.377 17.0282 5
      vertex 38.2372 20.2287 1.2
      vertex 37.8891 20.4613 1.2
    endloop
  endfacet
  facet normal 0.400839 0.594578 0.696997
    outer loop
      vertex 38.2372 20.2287 1.2
      vertex 36.377 17.0282 5
      vertex 36.3859 17.0222 5
    endloop
  endfacet
  facet normal -0.536149 -0.475832 0.697229
    outer loop
      vertex 42.0999 25.2627 1.2
      vertex 44.7251 27.8728 5
      vertex 44.718 27.8808 5
    endloop
  endfacet
  facet normal -0.539034 -0.472747 0.697103
    outer loop
      vertex 44.7251 27.8728 5
      vertex 42.0999 25.2627 1.2
      vertex 42.3759 24.948 1.2
    endloop
  endfacet
  facet normal -0.715449 -0.0468501 0.697092
    outer loop
      vertex 46.7397 23 5
      vertex 46.6814 23.8903 5
      vertex 43.0372 23 1.2
    endloop
  endfacet
  facet normal -0.715449 -0.0468051 0.697095
    outer loop
      vertex 43.0098 23.4177 1.2
      vertex 46.6814 23.8903 5
      vertex 46.6807 23.901 5
    endloop
  endfacet
  facet normal -0.715437 -0.0469307 0.697099
    outer loop
      vertex 46.6814 23.8903 5
      vertex 43.0098 23.4177 1.2
      vertex 43.0372 23 1.2
    endloop
  endfacet
  facet normal 0.139838 0.703211 0.697094
    outer loop
      vertex 38.9257 16.1586 5
      vertex 39.0089 19.909 1.2
      vertex 38.0507 16.3326 5
    endloop
  endfacet
  facet normal 0.715437 -0.0469297 0.697099
    outer loop
      vertex 36.6372 23 1.2
      vertex 32.993 23.8903 5
      vertex 32.9346 23 5
    endloop
  endfacet
  facet normal -0.703186 0.139952 0.697096
    outer loop
      vertex 42.9281 22.1718 1.2
      vertex 46.6807 22.099 5
      vertex 43.0098 22.5823 1.2
    endloop
  endfacet
  facet normal -0.703112 0.140622 0.697036
    outer loop
      vertex 46.6807 22.099 5
      vertex 42.9281 22.1718 1.2
      vertex 46.6786 22.0885 5
    endloop
  endfacet
  facet normal 0.400839 -0.594578 0.696997
    outer loop
      vertex 36.377 28.9718 5
      vertex 38.2372 25.7713 1.2
      vertex 36.3859 28.9778 5
    endloop
  endfacet
  facet normal 0.398342 -0.596143 0.697092
    outer loop
      vertex 38.2372 25.7713 1.2
      vertex 36.377 28.9718 5
      vertex 37.8891 25.5387 1.2
    endloop
  endfacet
  facet normal 0.0468051 -0.715449 0.697095
    outer loop
      vertex 39.4195 26.1726 1.2
      vertex 38.9469 29.8442 5
      vertex 38.9362 29.8435 5
    endloop
  endfacet
  facet normal 0.0469307 -0.715437 0.697099
    outer loop
      vertex 38.9469 29.8442 5
      vertex 39.4195 26.1726 1.2
      vertex 39.8372 26.2 1.2
    endloop
  endfacet
  facet normal 0.398301 -0.596165 0.697096
    outer loop
      vertex 37.8891 25.5387 1.2
      vertex 36.377 28.9718 5
      vertex 35.6352 28.4762 5
    endloop
  endfacet
  facet normal -0.317134 0.643029 0.697094
    outer loop
      vertex 42.4787 16.6229 5
      vertex 43.2788 17.0175 5
      vertex 41.0618 20.0436 1.2
    endloop
  endfacet
  facet normal 0.230582 0.678898 0.697087
    outer loop
      vertex 38.0405 16.3361 5
      vertex 39.0089 19.909 1.2
      vertex 38.6126 20.0436 1.2
    endloop
  endfacet
  facet normal 0.232729 0.678239 0.697014
    outer loop
      vertex 39.0089 19.909 1.2
      vertex 38.0405 16.3361 5
      vertex 38.0507 16.3326 5
    endloop
  endfacet
  facet normal 0.703209 0.139838 0.697096
    outer loop
      vertex 33.1698 21.2135 5
      vertex 36.7462 22.1718 1.2
      vertex 32.9958 22.0885 5
    endloop
  endfacet
  facet normal 0.317076 0.643059 0.697092
    outer loop
      vertex 38.2372 20.2287 1.2
      vertex 36.3955 17.0175 5
      vertex 38.6126 20.0436 1.2
    endloop
  endfacet
  facet normal 0.315294 0.644005 0.697028
    outer loop
      vertex 36.3955 17.0175 5
      vertex 38.2372 20.2287 1.2
      vertex 36.3859 17.0222 5
    endloop
  endfacet
  facet normal -0.398298 -0.596161 0.697102
    outer loop
      vertex 44.0392 28.4762 5
      vertex 43.2974 28.9718 5
      vertex 41.7852 25.5387 1.2
    endloop
  endfacet
  facet normal 0.232729 -0.678239 0.697014
    outer loop
      vertex 38.0405 29.6639 5
      vertex 39.0089 26.091 1.2
      vertex 38.0507 29.6674 5
    endloop
  endfacet
  facet normal 0.230582 -0.678898 0.697087
    outer loop
      vertex 39.0089 26.091 1.2
      vertex 38.0405 29.6639 5
      vertex 38.6126 25.9564 1.2
    endloop
  endfacet
  facet normal -0.594572 0.400835 0.697005
    outer loop
      vertex 42.6084 21.4 1.2
      vertex 45.809 19.5398 5
      vertex 45.815 19.5487 5
    endloop
  endfacet
  facet normal -0.596161 0.398297 0.697102
    outer loop
      vertex 45.809 19.5398 5
      vertex 42.6084 21.4 1.2
      vertex 42.3759 21.052 1.2
    endloop
  endfacet
  facet normal -0.046935 0.715437 0.697099
    outer loop
      vertex 40.7274 16.1558 5
      vertex 39.8372 19.8 1.2
      vertex 39.8372 16.0974 5
    endloop
  endfacet
  facet normal -0.472784 -0.539005 0.6971
    outer loop
      vertex 44.7099 27.8879 5
      vertex 44.0392 28.4762 5
      vertex 41.7852 25.5387 1.2
    endloop
  endfacet
  facet normal 0.596161 0.398297 0.697102
    outer loop
      vertex 37.0659 21.4 1.2
      vertex 33.8653 19.5398 5
      vertex 37.2984 21.052 1.2
    endloop
  endfacet
  facet normal 0.597525 0.396112 0.69718
    outer loop
      vertex 33.8653 19.5398 5
      vertex 37.0659 21.4 1.2
      vertex 33.8594 19.5487 5
    endloop
  endfacet
  facet normal -0.715449 0.0468501 0.697092
    outer loop
      vertex 46.6814 22.1097 5
      vertex 46.7397 23 5
      vertex 43.0372 23 1.2
    endloop
  endfacet
  facet normal -0.139326 0.703266 0.697141
    outer loop
      vertex 40.6654 19.909 1.2
      vertex 40.7381 16.1565 5
      vertex 40.7487 16.1586 5
    endloop
  endfacet
  facet normal -0.139787 0.703215 0.6971
    outer loop
      vertex 40.7381 16.1565 5
      vertex 40.6654 19.909 1.2
      vertex 40.2549 19.8274 1.2
    endloop
  endfacet
  facet normal 0.0469297 0.715437 0.697099
    outer loop
      vertex 39.8372 16.0974 5
      vertex 39.8372 19.8 1.2
      vertex 38.9469 16.1558 5
    endloop
  endfacet
  facet normal -0.398298 0.596161 0.697102
    outer loop
      vertex 43.2974 17.0282 5
      vertex 44.0392 17.5238 5
      vertex 41.7852 20.4613 1.2
    endloop
  endfacet
  facet normal 0.317076 -0.643059 0.697092
    outer loop
      vertex 36.3955 28.9825 5
      vertex 38.2372 25.7713 1.2
      vertex 38.6126 25.9564 1.2
    endloop
  endfacet
  facet normal 0.315294 -0.644005 0.697028
    outer loop
      vertex 38.2372 25.7713 1.2
      vertex 36.3955 28.9825 5
      vertex 36.3859 28.9778 5
    endloop
  endfacet
  facet normal -0.643044 0.317102 0.697095
    outer loop
      vertex 45.8197 19.5583 5
      vertex 46.2143 20.3585 5
      vertex 42.7936 21.7754 1.2
    endloop
  endfacet
  facet normal -0.398423 0.596092 0.697089
    outer loop
      vertex 41.4372 20.2287 1.2
      vertex 43.2974 17.0282 5
      vertex 41.7852 20.4613 1.2
    endloop
  endfacet
  facet normal -0.400839 0.594578 0.696997
    outer loop
      vertex 43.2974 17.0282 5
      vertex 41.4372 20.2287 1.2
      vertex 43.2885 17.0222 5
    endloop
  endfacet
  facet normal -0.230462 0.67893 0.697094
    outer loop
      vertex 41.6338 16.3361 5
      vertex 42.4787 16.6229 5
      vertex 41.0618 20.0436 1.2
    endloop
  endfacet
  facet normal 0.139838 -0.703211 0.697094
    outer loop
      vertex 39.0089 26.091 1.2
      vertex 38.9257 29.8414 5
      vertex 38.0507 29.6674 5
    endloop
  endfacet
  facet normal -0.230529 0.678914 0.697088
    outer loop
      vertex 40.6654 19.909 1.2
      vertex 41.6338 16.3361 5
      vertex 41.0618 20.0436 1.2
    endloop
  endfacet
  facet normal -0.234811 0.677597 0.696941
    outer loop
      vertex 41.6338 16.3361 5
      vertex 40.6654 19.909 1.2
      vertex 41.6237 16.3326 5
    endloop
  endfacet
  facet normal -0.312708 0.645376 0.696925
    outer loop
      vertex 41.4372 20.2287 1.2
      vertex 43.2788 17.0175 5
      vertex 43.2885 17.0222 5
    endloop
  endfacet
  facet normal -0.317078 0.643063 0.697088
    outer loop
      vertex 43.2788 17.0175 5
      vertex 41.4372 20.2287 1.2
      vertex 41.0618 20.0436 1.2
    endloop
  endfacet
  facet normal -0.678921 0.230486 0.697095
    outer loop
      vertex 46.2143 20.3585 5
      vertex 46.5011 21.2033 5
      vertex 42.7936 21.7754 1.2
    endloop
  endfacet
  facet normal -0.68007 0.22669 0.697221
    outer loop
      vertex 42.9281 22.1718 1.2
      vertex 46.5011 21.2033 5
      vertex 46.5045 21.2135 5
    endloop
  endfacet
  facet normal -0.67895 0.23037 0.697106
    outer loop
      vertex 46.5011 21.2033 5
      vertex 42.9281 22.1718 1.2
      vertex 42.7936 21.7754 1.2
    endloop
  endfacet
  facet normal 0.596129 -0.398357 0.697096
    outer loop
      vertex 37.2984 24.948 1.2
      vertex 34.361 27.202 5
      vertex 33.8653 26.4602 5
    endloop
  endfacet
  facet normal 0.230486 0.678921 0.697095
    outer loop
      vertex 38.0405 16.3361 5
      vertex 38.6126 20.0436 1.2
      vertex 37.1957 16.6229 5
    endloop
  endfacet
  facet normal 0.596129 0.398357 0.697096
    outer loop
      vertex 34.361 18.798 5
      vertex 37.2984 21.052 1.2
      vertex 33.8653 19.5398 5
    endloop
  endfacet
  facet normal 0.643036 0.317098 0.697104
    outer loop
      vertex 33.8546 19.5583 5
      vertex 36.8808 21.7754 1.2
      vertex 33.46 20.3585 5
    endloop
  endfacet
  facet normal -0.472608 0.539173 0.69709
    outer loop
      vertex 42.0999 20.7373 1.2
      vertex 44.7099 18.1121 5
      vertex 44.718 18.1192 5
    endloop
  endfacet
  facet normal -0.472751 0.539039 0.697096
    outer loop
      vertex 44.7099 18.1121 5
      vertex 42.0999 20.7373 1.2
      vertex 41.7852 20.4613 1.2
    endloop
  endfacet
  facet normal -0.715437 0.0469307 0.697099
    outer loop
      vertex 43.0098 22.5823 1.2
      vertex 46.6814 22.1097 5
      vertex 43.0372 23 1.2
    endloop
  endfacet
  facet normal -0.715449 0.0468051 0.697095
    outer loop
      vertex 46.6814 22.1097 5
      vertex 43.0098 22.5823 1.2
      vertex 46.6807 22.099 5
    endloop
  endfacet
  facet normal 0.67894 0.230412 0.697102
    outer loop
      vertex 33.46 20.3585 5
      vertex 36.8808 21.7754 1.2
      vertex 33.1733 21.2033 5
    endloop
  endfacet
  facet normal -0.596129 0.398357 0.697096
    outer loop
      vertex 45.3133 18.798 5
      vertex 45.809 19.5398 5
      vertex 42.3759 21.052 1.2
    endloop
  endfacet
  facet normal 0.539082 0.472701 0.697097
    outer loop
      vertex 34.9492 18.1272 5
      vertex 37.2984 21.052 1.2
      vertex 34.361 18.798 5
    endloop
  endfacet
  facet normal -0.139838 0.703209 0.697096
    outer loop
      vertex 40.7487 16.1586 5
      vertex 41.6237 16.3326 5
      vertex 40.6654 19.909 1.2
    endloop
  endfacet
  facet normal -0.472784 0.539005 0.6971
    outer loop
      vertex 44.0392 17.5238 5
      vertex 44.7099 18.1121 5
      vertex 41.7852 20.4613 1.2
    endloop
  endfacet
  facet normal 0.678911 0.230528 0.697092
    outer loop
      vertex 36.7462 22.1718 1.2
      vertex 33.1733 21.2033 5
      vertex 36.8808 21.7754 1.2
    endloop
  endfacet
  facet normal 0.678236 0.232728 0.697018
    outer loop
      vertex 33.1733 21.2033 5
      vertex 36.7462 22.1718 1.2
      vertex 33.1698 21.2135 5
    endloop
  endfacet
  facet normal 0.472751 0.539039 0.697096
    outer loop
      vertex 37.5744 20.7373 1.2
      vertex 34.9644 18.1121 5
      vertex 37.8891 20.4613 1.2
    endloop
  endfacet
  facet normal 0.472608 0.539173 0.69709
    outer loop
      vertex 34.9644 18.1121 5
      vertex 37.5744 20.7373 1.2
      vertex 34.9563 18.1192 5
    endloop
  endfacet
  facet normal -0.703191 0.139915 0.697098
    outer loop
      vertex 46.5045 21.2135 5
      vertex 46.6786 22.0885 5
      vertex 42.9281 22.1718 1.2
    endloop
  endfacet
  facet normal 0.139753 0.703219 0.697103
    outer loop
      vertex 39.0089 19.909 1.2
      vertex 38.9362 16.1565 5
      vertex 39.4195 19.8274 1.2
    endloop
  endfacet
  facet normal 0.140625 0.703123 0.697024
    outer loop
      vertex 38.9362 16.1565 5
      vertex 39.0089 19.909 1.2
      vertex 38.9257 16.1586 5
    endloop
  endfacet
  facet normal 0.536149 -0.475832 0.697229
    outer loop
      vertex 34.9492 27.8728 5
      vertex 37.5744 25.2627 1.2
      vertex 34.9563 27.8808 5
    endloop
  endfacet
  facet normal 0.539034 -0.472747 0.697103
    outer loop
      vertex 37.5744 25.2627 1.2
      vertex 34.9492 27.8728 5
      vertex 37.2984 24.948 1.2
    endloop
  endfacet
  facet normal 0.140625 -0.703123 0.697024
    outer loop
      vertex 39.0089 26.091 1.2
      vertex 38.9362 29.8435 5
      vertex 38.9257 29.8414 5
    endloop
  endfacet
  facet normal 0.139753 -0.703219 0.697103
    outer loop
      vertex 38.9362 29.8435 5
      vertex 39.0089 26.091 1.2
      vertex 39.4195 26.1726 1.2
    endloop
  endfacet
  facet normal 0.317102 0.643044 0.697095
    outer loop
      vertex 37.1957 16.6229 5
      vertex 38.6126 20.0436 1.2
      vertex 36.3955 17.0175 5
    endloop
  endfacet
  facet normal 0.703195 0.139954 0.697086
    outer loop
      vertex 32.9937 22.099 5
      vertex 36.7462 22.1718 1.2
      vertex 36.6645 22.5823 1.2
    endloop
  endfacet
  facet normal 0.703121 0.140624 0.697026
    outer loop
      vertex 36.7462 22.1718 1.2
      vertex 32.9937 22.099 5
      vertex 32.9958 22.0885 5
    endloop
  endfacet
  facet normal 0.715463 0.0467611 0.697084
    outer loop
      vertex 32.993 22.1097 5
      vertex 36.6645 22.5823 1.2
      vertex 36.6372 23 1.2
    endloop
  endfacet
  facet normal 0.715458 0.0468057 0.697086
    outer loop
      vertex 36.6645 22.5823 1.2
      vertex 32.993 22.1097 5
      vertex 32.9937 22.099 5
    endloop
  endfacet
  facet normal -0.0468051 0.71545 0.697095
    outer loop
      vertex 40.2549 19.8274 1.2
      vertex 40.7274 16.1558 5
      vertex 40.7381 16.1565 5
    endloop
  endfacet
  facet normal -0.0469308 0.715438 0.697099
    outer loop
      vertex 40.7274 16.1558 5
      vertex 40.2549 19.8274 1.2
      vertex 39.8372 19.8 1.2
    endloop
  endfacet
  facet normal 0 0 1
    outer loop
      vertex 38.2372 25.7713 1.2
      vertex 37.8891 25.5387 1.2
      vertex 37.5744 25.2627 1.2
    endloop
  endfacet
  facet normal -0 -0 1
    outer loop
      vertex 38.6126 20.0436 1.2
      vertex 39.0089 19.909 1.2
      vertex 38.2372 20.2287 1.2
    endloop
  endfacet
  facet normal -0 -0 1
    outer loop
      vertex 39.4195 19.8274 1.2
      vertex 39.8372 19.8 1.2
      vertex 39.0089 19.909 1.2
    endloop
  endfacet
  facet normal 0 0 1
    outer loop
      vertex 39.0089 26.091 1.2
      vertex 38.6126 25.9564 1.2
      vertex 38.2372 25.7713 1.2
    endloop
  endfacet
  facet normal 0 -0 1
    outer loop
      vertex 40.2549 19.8274 1.2
      vertex 40.6654 19.909 1.2
      vertex 39.8372 19.8 1.2
    endloop
  endfacet
  facet normal 0 -0 1
    outer loop
      vertex 41.0618 20.0436 1.2
      vertex 41.4372 20.2287 1.2
      vertex 40.6654 19.909 1.2
    endloop
  endfacet
  facet normal 0 0 1
    outer loop
      vertex 42.9281 23.8282 1.2
      vertex 42.7936 24.2246 1.2
      vertex 42.6084 24.6 1.2
    endloop
  endfacet
  facet normal -0 -0 1
    outer loop
      vertex 36.6645 22.5823 1.2
      vertex 36.7462 22.1718 1.2
      vertex 36.6372 23 1.2
    endloop
  endfacet
  facet normal 0 0 1
    outer loop
      vertex 36.7462 23.8282 1.2
      vertex 36.6645 23.4177 1.2
      vertex 36.6372 23 1.2
    endloop
  endfacet
  facet normal 0 -0 1
    outer loop
      vertex 43.0098 22.5823 1.2
      vertex 43.0372 23 1.2
      vertex 42.9281 22.1718 1.2
    endloop
  endfacet
  facet normal 0 -0 1
    outer loop
      vertex 41.7852 20.4613 1.2
      vertex 42.0999 20.7373 1.2
      vertex 41.4372 20.2287 1.2
    endloop
  endfacet
  facet normal 0 0 1
    outer loop
      vertex 37.5744 25.2627 1.2
      vertex 37.2984 24.948 1.2
      vertex 37.0659 24.6 1.2
    endloop
  endfacet
  facet normal 0 0 1
    outer loop
      vertex 43.0372 23 1.2
      vertex 43.0098 23.4177 1.2
      vertex 42.9281 23.8282 1.2
    endloop
  endfacet
  facet normal -0 -0 1
    outer loop
      vertex 37.2984 21.052 1.2
      vertex 37.5744 20.7373 1.2
      vertex 37.0659 21.4 1.2
    endloop
  endfacet
  facet normal -0 -0 1
    outer loop
      vertex 37.8891 20.4613 1.2
      vertex 38.2372 20.2287 1.2
      vertex 37.5744 20.7373 1.2
    endloop
  endfacet
  facet normal -0 -0 1
    outer loop
      vertex 36.8808 21.7754 1.2
      vertex 37.0659 21.4 1.2
      vertex 36.7462 22.1718 1.2
    endloop
  endfacet
  facet normal 0 0 1
    outer loop
      vertex 39.8372 26.2 1.2
      vertex 39.4195 26.1726 1.2
      vertex 39.0089 26.091 1.2
    endloop
  endfacet
  facet normal 0 0 1
    outer loop
      vertex 37.0659 24.6 1.2
      vertex 36.8808 24.2246 1.2
      vertex 36.7462 23.8282 1.2
    endloop
  endfacet
  facet normal 0 -0 1
    outer loop
      vertex 42.3759 21.052 1.2
      vertex 42.6084 21.4 1.2
      vertex 42.0999 20.7373 1.2
    endloop
  endfacet
  facet normal 0 0 1
    outer loop
      vertex 42.6084 24.6 1.2
      vertex 42.3759 24.948 1.2
      vertex 42.0999 25.2627 1.2
    endloop
  endfacet
  facet normal 0 0 1
    outer loop
      vertex 40.6654 26.091 1.2
      vertex 40.2549 26.1726 1.2
      vertex 39.8372 26.2 1.2
    endloop
  endfacet
  facet normal 0 0 1
    outer loop
      vertex 41.4372 25.7713 1.2
      vertex 41.0618 25.9564 1.2
      vertex 40.6654 26.091 1.2
    endloop
  endfacet
  facet normal 0 0 1
    outer loop
      vertex 42.0999 25.2627 1.2
      vertex 41.7852 25.5387 1.2
      vertex 41.4372 25.7713 1.2
    endloop
  endfacet
  facet normal 0 -0 1
    outer loop
      vertex 42.7936 21.7754 1.2
      vertex 42.9281 22.1718 1.2
      vertex 42.6084 21.4 1.2
    endloop
  endfacet
  facet normal -0.139838 -0.703209 0.697096
    outer loop
      vertex 41.6237 29.6674 5
      vertex 40.7487 29.8414 5
      vertex 40.6654 26.091 1.2
    endloop
  endfacet
  facet normal 0.596161 -0.398297 0.697102
    outer loop
      vertex 33.8653 26.4602 5
      vertex 37.0659 24.6 1.2
      vertex 37.2984 24.948 1.2
    endloop
  endfacet
  facet normal 0.597525 -0.396112 0.69718
    outer loop
      vertex 37.0659 24.6 1.2
      vertex 33.8653 26.4602 5
      vertex 33.8594 26.4513 5
    endloop
  endfacet
  facet normal 0.0469307 0.715437 0.697099
    outer loop
      vertex 39.4195 19.8274 1.2
      vertex 38.9469 16.1558 5
      vertex 39.8372 19.8 1.2
    endloop
  endfacet
  facet normal 0.0468051 0.715449 0.697095
    outer loop
      vertex 38.9469 16.1558 5
      vertex 39.4195 19.8274 1.2
      vertex 38.9362 16.1565 5
    endloop
  endfacet
  facet normal -0.64298 0.317208 0.697106
    outer loop
      vertex 42.6084 21.4 1.2
      vertex 45.8197 19.5583 5
      vertex 42.7936 21.7754 1.2
    endloop
  endfacet
  facet normal -0.643997 0.31529 0.697036
    outer loop
      vertex 45.8197 19.5583 5
      vertex 42.6084 21.4 1.2
      vertex 45.815 19.5487 5
    endloop
  endfacet
  facet normal 0.678911 -0.230528 0.697092
    outer loop
      vertex 33.1733 24.7967 5
      vertex 36.7462 23.8282 1.2
      vertex 36.8808 24.2246 1.2
    endloop
  endfacet
  facet normal 0.678236 -0.232728 0.697018
    outer loop
      vertex 36.7462 23.8282 1.2
      vertex 33.1733 24.7967 5
      vertex 33.1698 24.7865 5
    endloop
  endfacet
  facet normal -0.539082 0.472701 0.697097
    outer loop
      vertex 44.7251 18.1272 5
      vertex 45.3133 18.798 5
      vertex 42.3759 21.052 1.2
    endloop
  endfacet
  facet normal 0.539082 -0.472701 0.697097
    outer loop
      vertex 37.2984 24.948 1.2
      vertex 34.9492 27.8728 5
      vertex 34.361 27.202 5
    endloop
  endfacet
  facet normal 0.715437 0.0469297 0.697099
    outer loop
      vertex 32.993 22.1097 5
      vertex 36.6372 23 1.2
      vertex 32.9346 23 5
    endloop
  endfacet
  facet normal -0.472608 -0.539173 0.69709
    outer loop
      vertex 44.7099 27.8879 5
      vertex 42.0999 25.2627 1.2
      vertex 44.718 27.8808 5
    endloop
  endfacet
  facet normal -0.472751 -0.539039 0.697096
    outer loop
      vertex 42.0999 25.2627 1.2
      vertex 44.7099 27.8879 5
      vertex 41.7852 25.5387 1.2
    endloop
  endfacet
  facet normal 0.703121 -0.140624 0.697026
    outer loop
      vertex 32.9937 23.901 5
      vertex 36.7462 23.8282 1.2
      vertex 32.9958 23.9115 5
    endloop
  endfacet
  facet normal 0.703195 -0.139954 0.697086
    outer loop
      vertex 36.7462 23.8282 1.2
      vertex 32.9937 23.901 5
      vertex 36.6645 23.4177 1.2
    endloop
  endfacet
  facet normal -0.643997 -0.31529 0.697036
    outer loop
      vertex 42.6084 24.6 1.2
      vertex 45.8197 26.4417 5
      vertex 45.815 26.4513 5
    endloop
  endfacet
  facet normal -0.64298 -0.317208 0.697106
    outer loop
      vertex 45.8197 26.4417 5
      vertex 42.6084 24.6 1.2
      vertex 42.7936 24.2246 1.2
    endloop
  endfacet
  facet normal -0.139787 -0.703215 0.6971
    outer loop
      vertex 40.6654 26.091 1.2
      vertex 40.7381 29.8435 5
      vertex 40.2549 26.1726 1.2
    endloop
  endfacet
  facet normal -0.139326 -0.703266 0.697141
    outer loop
      vertex 40.7381 29.8435 5
      vertex 40.6654 26.091 1.2
      vertex 40.7487 29.8414 5
    endloop
  endfacet
  facet normal 0.643052 0.317072 0.697101
    outer loop
      vertex 33.8546 19.5583 5
      vertex 37.0659 21.4 1.2
      vertex 36.8808 21.7754 1.2
    endloop
  endfacet
  facet normal 0.641176 0.320588 0.69722
    outer loop
      vertex 37.0659 21.4 1.2
      vertex 33.8546 19.5583 5
      vertex 33.8594 19.5487 5
    endloop
  endfacet
  facet normal 0.641176 -0.320588 0.69722
    outer loop
      vertex 33.8546 26.4417 5
      vertex 37.0659 24.6 1.2
      vertex 33.8594 26.4513 5
    endloop
  endfacet
  facet normal 0.643052 -0.317072 0.697101
    outer loop
      vertex 37.0659 24.6 1.2
      vertex 33.8546 26.4417 5
      vertex 36.8808 24.2246 1.2
    endloop
  endfacet
  facet normal -0.539034 0.472747 0.697103
    outer loop
      vertex 42.0999 20.7373 1.2
      vertex 44.7251 18.1272 5
      vertex 42.3759 21.052 1.2
    endloop
  endfacet
  facet normal -0.536149 0.475832 0.697229
    outer loop
      vertex 44.7251 18.1272 5
      vertex 42.0999 20.7373 1.2
      vertex 44.718 18.1192 5
    endloop
  endfacet
  facet normal 0.703209 -0.139838 0.697096
    outer loop
      vertex 36.7462 23.8282 1.2
      vertex 33.1698 24.7865 5
      vertex 32.9958 23.9115 5
    endloop
  endfacet
  facet normal 0.715458 -0.0468057 0.697086
    outer loop
      vertex 32.993 23.8903 5
      vertex 36.6645 23.4177 1.2
      vertex 32.9937 23.901 5
    endloop
  endfacet
  facet normal 0.715463 -0.0467611 0.697084
    outer loop
      vertex 36.6645 23.4177 1.2
      vertex 32.993 23.8903 5
      vertex 36.6372 23 1.2
    endloop
  endfacet
  facet normal 0.539034 0.472747 0.697103
    outer loop
      vertex 34.9492 18.1272 5
      vertex 37.5744 20.7373 1.2
      vertex 37.2984 21.052 1.2
    endloop
  endfacet
  facet normal 0.536149 0.475832 0.697229
    outer loop
      vertex 37.5744 20.7373 1.2
      vertex 34.9492 18.1272 5
      vertex 34.9563 18.1192 5
    endloop
  endfacet
  facet normal 0.472747 -0.539043 0.697096
    outer loop
      vertex 37.8891 25.5387 1.2
      vertex 35.6352 28.4762 5
      vertex 34.9644 27.8879 5
    endloop
  endfacet
  facet normal 0.398301 0.596165 0.697096
    outer loop
      vertex 36.377 17.0282 5
      vertex 37.8891 20.4613 1.2
      vertex 35.6352 17.5238 5
    endloop
  endfacet
  facet normal 0.472747 0.539043 0.697096
    outer loop
      vertex 35.6352 17.5238 5
      vertex 37.8891 20.4613 1.2
      vertex 34.9644 18.1121 5
    endloop
  endfacet
  facet normal 0.67894 -0.230412 0.697102
    outer loop
      vertex 36.8808 24.2246 1.2
      vertex 33.46 25.6415 5
      vertex 33.1733 24.7967 5
    endloop
  endfacet
  facet normal -0.678921 -0.230486 0.697095
    outer loop
      vertex 46.5011 24.7967 5
      vertex 46.2143 25.6415 5
      vertex 42.7936 24.2246 1.2
    endloop
  endfacet
  facet normal 0.0469297 -0.715437 0.697099
    outer loop
      vertex 39.8372 26.2 1.2
      vertex 39.8372 29.9026 5
      vertex 38.9469 29.8442 5
    endloop
  endfacet
  facet normal -0.046935 -0.715437 0.697099
    outer loop
      vertex 40.7274 29.8442 5
      vertex 39.8372 29.9026 5
      vertex 39.8372 26.2 1.2
    endloop
  endfacet
  facet normal -0.643044 -0.317102 0.697095
    outer loop
      vertex 46.2143 25.6415 5
      vertex 45.8197 26.4417 5
      vertex 42.7936 24.2246 1.2
    endloop
  endfacet
  facet normal -0.312708 -0.645376 0.696925
    outer loop
      vertex 43.2788 28.9825 5
      vertex 41.4372 25.7713 1.2
      vertex 43.2885 28.9778 5
    endloop
  endfacet
  facet normal -0.317078 -0.643063 0.697088
    outer loop
      vertex 41.4372 25.7713 1.2
      vertex 43.2788 28.9825 5
      vertex 41.0618 25.9564 1.2
    endloop
  endfacet
  facet normal -0.0469308 -0.715438 0.697099
    outer loop
      vertex 40.2549 26.1726 1.2
      vertex 40.7274 29.8442 5
      vertex 39.8372 26.2 1.2
    endloop
  endfacet
  facet normal -0.0468051 -0.71545 0.697095
    outer loop
      vertex 40.7274 29.8442 5
      vertex 40.2549 26.1726 1.2
      vertex 40.7381 29.8435 5
    endloop
  endfacet
  facet normal -0.594572 -0.400835 0.697005
    outer loop
      vertex 45.809 26.4602 5
      vertex 42.6084 24.6 1.2
      vertex 45.815 26.4513 5
    endloop
  endfacet
  facet normal -0.596161 -0.398297 0.697102
    outer loop
      vertex 42.6084 24.6 1.2
      vertex 45.809 26.4602 5
      vertex 42.3759 24.948 1.2
    endloop
  endfacet
  facet normal -0.317134 -0.643029 0.697094
    outer loop
      vertex 43.2788 28.9825 5
      vertex 42.4787 29.3771 5
      vertex 41.0618 25.9564 1.2
    endloop
  endfacet
  facet normal 0.230486 -0.678921 0.697095
    outer loop
      vertex 38.6126 25.9564 1.2
      vertex 38.0405 29.6639 5
      vertex 37.1957 29.3771 5
    endloop
  endfacet
  facet normal 0.472751 -0.539039 0.697096
    outer loop
      vertex 34.9644 27.8879 5
      vertex 37.5744 25.2627 1.2
      vertex 37.8891 25.5387 1.2
    endloop
  endfacet
  facet normal 0.472608 -0.539173 0.69709
    outer loop
      vertex 37.5744 25.2627 1.2
      vertex 34.9644 27.8879 5
      vertex 34.9563 27.8808 5
    endloop
  endfacet
  facet normal 0.317102 -0.643044 0.697095
    outer loop
      vertex 38.6126 25.9564 1.2
      vertex 37.1957 29.3771 5
      vertex 36.3955 28.9825 5
    endloop
  endfacet
  facet normal 0.643036 -0.317098 0.697104
    outer loop
      vertex 36.8808 24.2246 1.2
      vertex 33.8546 26.4417 5
      vertex 33.46 25.6415 5
    endloop
  endfacet
  facet normal -0.230462 -0.67893 0.697094
    outer loop
      vertex 42.4787 29.3771 5
      vertex 41.6338 29.6639 5
      vertex 41.0618 25.9564 1.2
    endloop
  endfacet
  facet normal -0.234811 -0.677597 0.696941
    outer loop
      vertex 40.6654 26.091 1.2
      vertex 41.6338 29.6639 5
      vertex 41.6237 29.6674 5
    endloop
  endfacet
  facet normal -0.230529 -0.678914 0.697088
    outer loop
      vertex 41.6338 29.6639 5
      vertex 40.6654 26.091 1.2
      vertex 41.0618 25.9564 1.2
    endloop
  endfacet
  facet normal -0.596129 -0.398357 0.697096
    outer loop
      vertex 45.809 26.4602 5
      vertex 45.3133 27.202 5
      vertex 42.3759 24.948 1.2
    endloop
  endfacet
  facet normal -0.400839 -0.594578 0.696997
    outer loop
      vertex 41.4372 25.7713 1.2
      vertex 43.2974 28.9718 5
      vertex 43.2885 28.9778 5
    endloop
  endfacet
  facet normal -0.398423 -0.596092 0.697089
    outer loop
      vertex 43.2974 28.9718 5
      vertex 41.4372 25.7713 1.2
      vertex 41.7852 25.5387 1.2
    endloop
  endfacet
  facet normal -0.539082 -0.472701 0.697097
    outer loop
      vertex 45.3133 27.202 5
      vertex 44.7251 27.8728 5
      vertex 42.3759 24.948 1.2
    endloop
  endfacet
  facet normal -0.703191 -0.139915 0.697098
    outer loop
      vertex 46.6786 23.9115 5
      vertex 46.5045 24.7865 5
      vertex 42.9281 23.8282 1.2
    endloop
  endfacet
  facet normal -0.703112 -0.140622 0.697036
    outer loop
      vertex 42.9281 23.8282 1.2
      vertex 46.6807 23.901 5
      vertex 46.6786 23.9115 5
    endloop
  endfacet
  facet normal -0.703186 -0.139952 0.697096
    outer loop
      vertex 46.6807 23.901 5
      vertex 42.9281 23.8282 1.2
      vertex 43.0098 23.4177 1.2
    endloop
  endfacet
  facet normal -0.68007 -0.22669 0.697221
    outer loop
      vertex 46.5011 24.7967 5
      vertex 42.9281 23.8282 1.2
      vertex 46.5045 24.7865 5
    endloop
  endfacet
  facet normal -0.67895 -0.23037 0.697106
    outer loop
      vertex 42.9281 23.8282 1.2
      vertex 46.5011 24.7967 5
      vertex 42.7936 24.2246 1.2
    endloop
  endfacet
  facet normal -0.923938 0.382543 0
    outer loop
      vertex 15.6256 -14.5643 0
      vertex 15.7554 -14.2508 5
      vertex 15.7554 -14.2508 0
    endloop
  endfacet
  facet normal -0.923938 0.382543 0
    outer loop
      vertex 15.7554 -14.2508 5
      vertex 15.6256 -14.5643 0
      vertex 15.6256 -14.5643 5
    endloop
  endfacet
  facet normal -0.923938 -0.382543 0
    outer loop
      vertex 15.7554 -13.5778 0
      vertex 15.6256 -13.2643 5
      vertex 15.6256 -13.2643 0
    endloop
  endfacet
  facet normal -0.923938 -0.382543 0
    outer loop
      vertex 15.6256 -13.2643 5
      vertex 15.7554 -13.5778 0
      vertex 15.7554 -13.5778 5
    endloop
  endfacet
  facet normal -0.991445 -0.130523 0
    outer loop
      vertex 15.7997 -13.9143 0
      vertex 15.7554 -13.5778 5
      vertex 15.7554 -13.5778 0
    endloop
  endfacet
  facet normal -0.991445 -0.130523 0
    outer loop
      vertex 15.7554 -13.5778 5
      vertex 15.7997 -13.9143 0
      vertex 15.7997 -13.9143 5
    endloop
  endfacet
  facet normal -0.991445 0.130523 0
    outer loop
      vertex 15.7554 -14.2508 0
      vertex 15.7997 -13.9143 5
      vertex 15.7997 -13.9143 0
    endloop
  endfacet
  facet normal -0.991445 0.130523 0
    outer loop
      vertex 15.7997 -13.9143 5
      vertex 15.7554 -14.2508 0
      vertex 15.7554 -14.2508 5
    endloop
  endfacet
  facet normal -0.382794 0.923834 0
    outer loop
      vertex 15.1497 -15.0401 0
      vertex 14.8362 -15.17 5
      vertex 15.1497 -15.0401 5
    endloop
  endfacet
  facet normal -0.382794 0.923834 0
    outer loop
      vertex 14.8362 -15.17 5
      vertex 15.1497 -15.0401 0
      vertex 14.8362 -15.17 0
    endloop
  endfacet
  facet normal 0.608827 -0.793303 0
    outer loop
      vertex 13.5805 -12.9951 0
      vertex 13.8497 -12.7885 5
      vertex 13.5805 -12.9951 5
    endloop
  endfacet
  facet normal 0.608827 -0.793303 0
    outer loop
      vertex 13.8497 -12.7885 5
      vertex 13.5805 -12.9951 0
      vertex 13.8497 -12.7885 0
    endloop
  endfacet
  facet normal 0.793303 -0.608827 0
    outer loop
      vertex 13.3739 -13.2643 5
      vertex 13.5805 -12.9951 0
      vertex 13.5805 -12.9951 5
    endloop
  endfacet
  facet normal 0.793303 -0.608827 0
    outer loop
      vertex 13.5805 -12.9951 0
      vertex 13.3739 -13.2643 5
      vertex 13.3739 -13.2643 0
    endloop
  endfacet
  facet normal -0.130523 0.991445 0
    outer loop
      vertex 14.8362 -15.17 0
      vertex 14.4997 -15.2143 5
      vertex 14.8362 -15.17 5
    endloop
  endfacet
  facet normal -0.130523 0.991445 0
    outer loop
      vertex 14.4997 -15.2143 5
      vertex 14.8362 -15.17 0
      vertex 14.4997 -15.2143 0
    endloop
  endfacet
  facet normal 0.38269 0.923877 -0
    outer loop
      vertex 14.1633 -15.17 0
      vertex 13.8497 -15.0401 5
      vertex 14.1633 -15.17 5
    endloop
  endfacet
  facet normal 0.38269 0.923877 0
    outer loop
      vertex 13.8497 -15.0401 5
      vertex 14.1633 -15.17 0
      vertex 13.8497 -15.0401 0
    endloop
  endfacet
  facet normal 0.991445 -0.130523 0
    outer loop
      vertex 13.1997 -13.9143 5
      vertex 13.244 -13.5778 0
      vertex 13.244 -13.5778 5
    endloop
  endfacet
  facet normal 0.991445 -0.130523 0
    outer loop
      vertex 13.244 -13.5778 0
      vertex 13.1997 -13.9143 5
      vertex 13.1997 -13.9143 0
    endloop
  endfacet
  facet normal 0.130561 0.99144 -0
    outer loop
      vertex 14.4997 -15.2143 0
      vertex 14.1633 -15.17 5
      vertex 14.4997 -15.2143 5
    endloop
  endfacet
  facet normal 0.130561 0.99144 0
    outer loop
      vertex 14.1633 -15.17 5
      vertex 14.4997 -15.2143 0
      vertex 14.1633 -15.17 0
    endloop
  endfacet
  facet normal -0.382794 -0.923834 0
    outer loop
      vertex 14.8362 -12.6586 0
      vertex 15.1497 -12.7885 5
      vertex 14.8362 -12.6586 5
    endloop
  endfacet
  facet normal -0.382794 -0.923834 -0
    outer loop
      vertex 15.1497 -12.7885 5
      vertex 14.8362 -12.6586 0
      vertex 15.1497 -12.7885 0
    endloop
  endfacet
  facet normal 0.991445 0.130523 0
    outer loop
      vertex 13.244 -14.2508 5
      vertex 13.1997 -13.9143 0
      vertex 13.1997 -13.9143 5
    endloop
  endfacet
  facet normal 0.991445 0.130523 0
    outer loop
      vertex 13.1997 -13.9143 0
      vertex 13.244 -14.2508 5
      vertex 13.244 -14.2508 0
    endloop
  endfacet
  facet normal 0.793303 0.608827 0
    outer loop
      vertex 13.5805 -14.8335 5
      vertex 13.3739 -14.5643 0
      vertex 13.3739 -14.5643 5
    endloop
  endfacet
  facet normal 0.793303 0.608827 0
    outer loop
      vertex 13.3739 -14.5643 0
      vertex 13.5805 -14.8335 5
      vertex 13.5805 -14.8335 0
    endloop
  endfacet
  facet normal 0.38269 -0.923877 0
    outer loop
      vertex 13.8497 -12.7885 0
      vertex 14.1633 -12.6586 5
      vertex 13.8497 -12.7885 5
    endloop
  endfacet
  facet normal 0.38269 -0.923877 0
    outer loop
      vertex 14.1633 -12.6586 5
      vertex 13.8497 -12.7885 0
      vertex 14.1633 -12.6586 0
    endloop
  endfacet
  facet normal -0.608685 0.793412 0
    outer loop
      vertex 15.419 -14.8335 0
      vertex 15.1497 -15.0401 5
      vertex 15.419 -14.8335 5
    endloop
  endfacet
  facet normal -0.608685 0.793412 0
    outer loop
      vertex 15.1497 -15.0401 5
      vertex 15.419 -14.8335 0
      vertex 15.1497 -15.0401 0
    endloop
  endfacet
  facet normal -0.130523 -0.991445 0
    outer loop
      vertex 14.4997 -12.6143 0
      vertex 14.8362 -12.6586 5
      vertex 14.4997 -12.6143 5
    endloop
  endfacet
  facet normal -0.130523 -0.991445 -0
    outer loop
      vertex 14.8362 -12.6586 5
      vertex 14.4997 -12.6143 0
      vertex 14.8362 -12.6586 0
    endloop
  endfacet
  facet normal 0.130561 -0.99144 0
    outer loop
      vertex 14.1633 -12.6586 0
      vertex 14.4997 -12.6143 5
      vertex 14.1633 -12.6586 5
    endloop
  endfacet
  facet normal 0.130561 -0.99144 0
    outer loop
      vertex 14.4997 -12.6143 5
      vertex 14.1633 -12.6586 0
      vertex 14.4997 -12.6143 0
    endloop
  endfacet
  facet normal -0.608685 -0.793412 0
    outer loop
      vertex 15.1497 -12.7885 0
      vertex 15.419 -12.9951 5
      vertex 15.1497 -12.7885 5
    endloop
  endfacet
  facet normal -0.608685 -0.793412 -0
    outer loop
      vertex 15.419 -12.9951 5
      vertex 15.1497 -12.7885 0
      vertex 15.419 -12.9951 0
    endloop
  endfacet
  facet normal 0.608827 0.793303 -0
    outer loop
      vertex 13.8497 -15.0401 0
      vertex 13.5805 -14.8335 5
      vertex 13.8497 -15.0401 5
    endloop
  endfacet
  facet normal 0.608827 0.793303 0
    outer loop
      vertex 13.5805 -14.8335 5
      vertex 13.8497 -15.0401 0
      vertex 13.5805 -14.8335 0
    endloop
  endfacet
  facet normal -0.793303 -0.608827 0
    outer loop
      vertex 15.6256 -13.2643 0
      vertex 15.419 -12.9951 5
      vertex 15.419 -12.9951 0
    endloop
  endfacet
  facet normal -0.793303 -0.608827 0
    outer loop
      vertex 15.419 -12.9951 5
      vertex 15.6256 -13.2643 0
      vertex 15.6256 -13.2643 5
    endloop
  endfacet
  facet normal 0.923834 0.382794 0
    outer loop
      vertex 13.3739 -14.5643 5
      vertex 13.244 -14.2508 0
      vertex 13.244 -14.2508 5
    endloop
  endfacet
  facet normal 0.923834 0.382794 0
    outer loop
      vertex 13.244 -14.2508 0
      vertex 13.3739 -14.5643 5
      vertex 13.3739 -14.5643 0
    endloop
  endfacet
  facet normal -0.793303 0.608827 0
    outer loop
      vertex 15.419 -14.8335 0
      vertex 15.6256 -14.5643 5
      vertex 15.6256 -14.5643 0
    endloop
  endfacet
  facet normal -0.793303 0.608827 0
    outer loop
      vertex 15.6256 -14.5643 5
      vertex 15.419 -14.8335 0
      vertex 15.419 -14.8335 5
    endloop
  endfacet
  facet normal 0.923834 -0.382794 0
    outer loop
      vertex 13.244 -13.5778 5
      vertex 13.3739 -13.2643 0
      vertex 13.3739 -13.2643 5
    endloop
  endfacet
  facet normal 0.923834 -0.382794 0
    outer loop
      vertex 13.3739 -13.2643 0
      vertex 13.244 -13.5778 5
      vertex 13.244 -13.5778 0
    endloop
  endfacet
  facet normal 0.991444 -0.130532 0
    outer loop
      vertex -5.97346 18.8947 5
      vertex -5.92917 19.2311 0
      vertex -5.92917 19.2311 5
    endloop
  endfacet
  facet normal 0.991444 -0.130532 0
    outer loop
      vertex -5.92917 19.2311 0
      vertex -5.97346 18.8947 5
      vertex -5.97346 18.8947 0
    endloop
  endfacet
  facet normal -0.923908 -0.382615 0
    outer loop
      vertex -3.41776 19.2311 0
      vertex -3.54763 19.5447 5
      vertex -3.54763 19.5447 0
    endloop
  endfacet
  facet normal -0.923908 -0.382615 0
    outer loop
      vertex -3.54763 19.5447 5
      vertex -3.41776 19.2311 0
      vertex -3.41776 19.2311 5
    endloop
  endfacet
  facet normal -0.99144 -0.130561 0
    outer loop
      vertex -3.37346 18.8947 0
      vertex -3.41776 19.2311 5
      vertex -3.41776 19.2311 0
    endloop
  endfacet
  facet normal -0.99144 -0.130561 0
    outer loop
      vertex -3.41776 19.2311 5
      vertex -3.37346 18.8947 0
      vertex -3.37346 18.8947 5
    endloop
  endfacet
  facet normal -0.130538 -0.991443 0
    outer loop
      vertex -4.67346 20.1947 0
      vertex -4.337 20.1504 5
      vertex -4.67346 20.1947 5
    endloop
  endfacet
  facet normal -0.130538 -0.991443 -0
    outer loop
      vertex -4.337 20.1504 5
      vertex -4.67346 20.1947 0
      vertex -4.337 20.1504 0
    endloop
  endfacet
  facet normal -0.991445 0.130523 0
    outer loop
      vertex -3.41776 18.5582 0
      vertex -3.37346 18.8947 5
      vertex -3.37346 18.8947 0
    endloop
  endfacet
  facet normal -0.991445 0.130523 0
    outer loop
      vertex -3.37346 18.8947 5
      vertex -3.41776 18.5582 0
      vertex -3.41776 18.5582 5
    endloop
  endfacet
  facet normal -0.60877 0.793346 0
    outer loop
      vertex -3.75422 17.9754 0
      vertex -4.02346 17.7688 5
      vertex -3.75422 17.9754 5
    endloop
  endfacet
  facet normal -0.60877 0.793346 0
    outer loop
      vertex -4.02346 17.7688 5
      vertex -3.75422 17.9754 0
      vertex -4.02346 17.7688 0
    endloop
  endfacet
  facet normal -0.130538 0.991443 0
    outer loop
      vertex -4.337 17.639 0
      vertex -4.67346 17.5947 5
      vertex -4.337 17.639 5
    endloop
  endfacet
  facet normal -0.130538 0.991443 0
    outer loop
      vertex -4.67346 17.5947 5
      vertex -4.337 17.639 0
      vertex -4.67346 17.5947 0
    endloop
  endfacet
  facet normal -0.60877 -0.793346 0
    outer loop
      vertex -4.02346 20.0205 0
      vertex -3.75422 19.8139 5
      vertex -4.02346 20.0205 5
    endloop
  endfacet
  facet normal -0.60877 -0.793346 -0
    outer loop
      vertex -3.75422 19.8139 5
      vertex -4.02346 20.0205 0
      vertex -3.75422 19.8139 0
    endloop
  endfacet
  facet normal -0.382753 -0.923851 0
    outer loop
      vertex -4.337 20.1504 0
      vertex -4.02346 20.0205 5
      vertex -4.337 20.1504 5
    endloop
  endfacet
  facet normal -0.382753 -0.923851 -0
    outer loop
      vertex -4.02346 20.0205 5
      vertex -4.337 20.1504 0
      vertex -4.02346 20.0205 0
    endloop
  endfacet
  facet normal 0.793303 -0.608827 0
    outer loop
      vertex -5.7993 19.5447 5
      vertex -5.5927 19.8139 0
      vertex -5.5927 19.8139 5
    endloop
  endfacet
  facet normal 0.793303 -0.608827 0
    outer loop
      vertex -5.5927 19.8139 0
      vertex -5.7993 19.5447 5
      vertex -5.7993 19.5447 0
    endloop
  endfacet
  facet normal -0.923865 0.382719 0
    outer loop
      vertex -3.54763 18.2447 0
      vertex -3.41776 18.5582 5
      vertex -3.41776 18.5582 0
    endloop
  endfacet
  facet normal -0.923865 0.382719 0
    outer loop
      vertex -3.41776 18.5582 5
      vertex -3.54763 18.2447 0
      vertex -3.54763 18.2447 5
    endloop
  endfacet
  facet normal 0.382511 0.923951 -0
    outer loop
      vertex -5.00993 17.639 0
      vertex -5.32346 17.7688 5
      vertex -5.00993 17.639 5
    endloop
  endfacet
  facet normal 0.382511 0.923951 0
    outer loop
      vertex -5.32346 17.7688 5
      vertex -5.00993 17.639 0
      vertex -5.32346 17.7688 0
    endloop
  endfacet
  facet normal 0.130535 -0.991444 0
    outer loop
      vertex -5.00993 20.1504 0
      vertex -4.67346 20.1947 5
      vertex -5.00993 20.1504 5
    endloop
  endfacet
  facet normal 0.130535 -0.991444 0
    outer loop
      vertex -4.67346 20.1947 5
      vertex -5.00993 20.1504 0
      vertex -4.67346 20.1947 0
    endloop
  endfacet
  facet normal 0.793412 0.608685 0
    outer loop
      vertex -5.5927 17.9754 5
      vertex -5.7993 18.2447 0
      vertex -5.7993 18.2447 5
    endloop
  endfacet
  facet normal 0.793412 0.608685 0
    outer loop
      vertex -5.7993 18.2447 0
      vertex -5.5927 17.9754 5
      vertex -5.5927 17.9754 0
    endloop
  endfacet
  facet normal -0.793426 0.608667 0
    outer loop
      vertex -3.75422 17.9754 0
      vertex -3.54763 18.2447 5
      vertex -3.54763 18.2447 0
    endloop
  endfacet
  facet normal -0.793426 0.608667 0
    outer loop
      vertex -3.54763 18.2447 5
      vertex -3.75422 17.9754 0
      vertex -3.75422 17.9754 5
    endloop
  endfacet
  facet normal 0.60877 -0.793346 0
    outer loop
      vertex -5.5927 19.8139 0
      vertex -5.32346 20.0205 5
      vertex -5.5927 19.8139 5
    endloop
  endfacet
  facet normal 0.60877 -0.793346 0
    outer loop
      vertex -5.32346 20.0205 5
      vertex -5.5927 19.8139 0
      vertex -5.32346 20.0205 0
    endloop
  endfacet
  facet normal 0.382763 -0.923847 0
    outer loop
      vertex -5.32346 20.0205 0
      vertex -5.00993 20.1504 5
      vertex -5.32346 20.0205 5
    endloop
  endfacet
  facet normal 0.382763 -0.923847 0
    outer loop
      vertex -5.00993 20.1504 5
      vertex -5.32346 20.0205 0
      vertex -5.00993 20.1504 0
    endloop
  endfacet
  facet normal 0.923865 0.382719 0
    outer loop
      vertex -5.7993 18.2447 5
      vertex -5.92917 18.5582 0
      vertex -5.92917 18.5582 5
    endloop
  endfacet
  facet normal 0.923865 0.382719 0
    outer loop
      vertex -5.92917 18.5582 0
      vertex -5.7993 18.2447 5
      vertex -5.7993 18.2447 0
    endloop
  endfacet
  facet normal -0.382501 0.923955 0
    outer loop
      vertex -4.02346 17.7688 0
      vertex -4.337 17.639 5
      vertex -4.02346 17.7688 5
    endloop
  endfacet
  facet normal -0.382501 0.923955 0
    outer loop
      vertex -4.337 17.639 5
      vertex -4.02346 17.7688 0
      vertex -4.337 17.639 0
    endloop
  endfacet
  facet normal 0.923908 -0.382615 0
    outer loop
      vertex -5.92917 19.2311 5
      vertex -5.7993 19.5447 0
      vertex -5.7993 19.5447 5
    endloop
  endfacet
  facet normal 0.923908 -0.382615 0
    outer loop
      vertex -5.7993 19.5447 0
      vertex -5.92917 19.2311 5
      vertex -5.92917 19.2311 0
    endloop
  endfacet
  facet normal 0.130535 0.991444 -0
    outer loop
      vertex -4.67346 17.5947 0
      vertex -5.00993 17.639 5
      vertex -4.67346 17.5947 5
    endloop
  endfacet
  facet normal 0.130535 0.991444 0
    outer loop
      vertex -5.00993 17.639 5
      vertex -4.67346 17.5947 0
      vertex -5.00993 17.639 0
    endloop
  endfacet
  facet normal -0.793317 -0.608809 0
    outer loop
      vertex -3.54763 19.5447 0
      vertex -3.75422 19.8139 5
      vertex -3.75422 19.8139 0
    endloop
  endfacet
  facet normal -0.793317 -0.608809 0
    outer loop
      vertex -3.75422 19.8139 5
      vertex -3.54763 19.5447 0
      vertex -3.54763 19.5447 5
    endloop
  endfacet
  facet normal 0.991449 0.130494 0
    outer loop
      vertex -5.92917 18.5582 5
      vertex -5.97346 18.8947 0
      vertex -5.97346 18.8947 5
    endloop
  endfacet
  facet normal 0.991449 0.130494 0
    outer loop
      vertex -5.97346 18.8947 0
      vertex -5.92917 18.5582 5
      vertex -5.92917 18.5582 0
    endloop
  endfacet
  facet normal 0.60877 0.793346 -0
    outer loop
      vertex -5.32346 17.7688 0
      vertex -5.5927 17.9754 5
      vertex -5.32346 17.7688 5
    endloop
  endfacet
  facet normal 0.60877 0.793346 0
    outer loop
      vertex -5.5927 17.9754 5
      vertex -5.32346 17.7688 0
      vertex -5.5927 17.9754 0
    endloop
  endfacet
  facet normal 0.99144 -0.130561 0
    outer loop
      vertex -37.5572 -49.8006 5
      vertex -37.5129 -49.4642 0
      vertex -37.5129 -49.4642 5
    endloop
  endfacet
  facet normal 0.99144 -0.130561 0
    outer loop
      vertex -37.5129 -49.4642 0
      vertex -37.5572 -49.8006 5
      vertex -37.5572 -49.8006 0
    endloop
  endfacet
  facet normal -0.923877 -0.38269 0
    outer loop
      vertex -35.0015 -49.4642 0
      vertex -35.1314 -49.1506 5
      vertex -35.1314 -49.1506 0
    endloop
  endfacet
  facet normal -0.923877 -0.38269 0
    outer loop
      vertex -35.1314 -49.1506 5
      vertex -35.0015 -49.4642 0
      vertex -35.0015 -49.4642 5
    endloop
  endfacet
  facet normal -0.99144 -0.130561 0
    outer loop
      vertex -34.9572 -49.8006 0
      vertex -35.0015 -49.4642 5
      vertex -35.0015 -49.4642 0
    endloop
  endfacet
  facet normal -0.99144 -0.130561 0
    outer loop
      vertex -35.0015 -49.4642 5
      vertex -34.9572 -49.8006 0
      vertex -34.9572 -49.8006 5
    endloop
  endfacet
  facet normal -0.793303 -0.608827 0
    outer loop
      vertex -35.1314 -49.1506 0
      vertex -35.338 -48.8814 5
      vertex -35.338 -48.8814 0
    endloop
  endfacet
  facet normal -0.793303 -0.608827 0
    outer loop
      vertex -35.338 -48.8814 5
      vertex -35.1314 -49.1506 0
      vertex -35.1314 -49.1506 5
    endloop
  endfacet
  facet normal -0.991445 0.130523 0
    outer loop
      vertex -35.0015 -50.1371 0
      vertex -34.9572 -49.8006 5
      vertex -34.9572 -49.8006 0
    endloop
  endfacet
  facet normal -0.991445 0.130523 0
    outer loop
      vertex -34.9572 -49.8006 5
      vertex -35.0015 -50.1371 0
      vertex -35.0015 -50.1371 5
    endloop
  endfacet
  facet normal -0.608827 0.793303 0
    outer loop
      vertex -35.338 -50.7199 0
      vertex -35.6072 -50.9265 5
      vertex -35.338 -50.7199 5
    endloop
  endfacet
  facet normal -0.608827 0.793303 0
    outer loop
      vertex -35.6072 -50.9265 5
      vertex -35.338 -50.7199 0
      vertex -35.6072 -50.9265 0
    endloop
  endfacet
  facet normal -0.130561 0.99144 0
    outer loop
      vertex -35.9208 -51.0563 0
      vertex -36.2572 -51.1006 5
      vertex -35.9208 -51.0563 5
    endloop
  endfacet
  facet normal -0.130561 0.99144 0
    outer loop
      vertex -36.2572 -51.1006 5
      vertex -35.9208 -51.0563 0
      vertex -36.2572 -51.1006 0
    endloop
  endfacet
  facet normal 0.793303 -0.608827 0
    outer loop
      vertex -37.3831 -49.1506 5
      vertex -37.1765 -48.8814 0
      vertex -37.1765 -48.8814 5
    endloop
  endfacet
  facet normal 0.793303 -0.608827 0
    outer loop
      vertex -37.1765 -48.8814 0
      vertex -37.3831 -49.1506 5
      vertex -37.3831 -49.1506 0
    endloop
  endfacet
  facet normal -0.793412 0.608685 0
    outer loop
      vertex -35.338 -50.7199 0
      vertex -35.1314 -50.4506 5
      vertex -35.1314 -50.4506 0
    endloop
  endfacet
  facet normal -0.793412 0.608685 0
    outer loop
      vertex -35.1314 -50.4506 5
      vertex -35.338 -50.7199 0
      vertex -35.338 -50.7199 5
    endloop
  endfacet
  facet normal -0.923834 0.382794 0
    outer loop
      vertex -35.1314 -50.4506 0
      vertex -35.0015 -50.1371 5
      vertex -35.0015 -50.1371 0
    endloop
  endfacet
  facet normal -0.923834 0.382794 0
    outer loop
      vertex -35.0015 -50.1371 5
      vertex -35.1314 -50.4506 0
      vertex -35.1314 -50.4506 5
    endloop
  endfacet
  facet normal 0.130523 0.991445 -0
    outer loop
      vertex -36.2572 -51.1006 0
      vertex -36.5937 -51.0563 5
      vertex -36.2572 -51.1006 5
    endloop
  endfacet
  facet normal 0.130523 0.991445 0
    outer loop
      vertex -36.5937 -51.0563 5
      vertex -36.2572 -51.1006 0
      vertex -36.5937 -51.0563 0
    endloop
  endfacet
  facet normal 0.923938 0.382543 0
    outer loop
      vertex -37.3831 -50.4506 5
      vertex -37.5129 -50.1371 0
      vertex -37.5129 -50.1371 5
    endloop
  endfacet
  facet normal 0.923938 0.382543 0
    outer loop
      vertex -37.5129 -50.1371 0
      vertex -37.3831 -50.4506 5
      vertex -37.3831 -50.4506 0
    endloop
  endfacet
  facet normal 0.608685 -0.793412 0
    outer loop
      vertex -37.1765 -48.8814 0
      vertex -36.9072 -48.6748 5
      vertex -37.1765 -48.8814 5
    endloop
  endfacet
  facet normal 0.608685 -0.793412 0
    outer loop
      vertex -36.9072 -48.6748 5
      vertex -37.1765 -48.8814 0
      vertex -36.9072 -48.6748 0
    endloop
  endfacet
  facet normal -0.130561 -0.99144 0
    outer loop
      vertex -36.2572 -48.5006 0
      vertex -35.9208 -48.5449 5
      vertex -36.2572 -48.5006 5
    endloop
  endfacet
  facet normal -0.130561 -0.99144 -0
    outer loop
      vertex -35.9208 -48.5449 5
      vertex -36.2572 -48.5006 0
      vertex -35.9208 -48.5449 0
    endloop
  endfacet
  facet normal 0.382794 -0.923834 0
    outer loop
      vertex -36.9072 -48.6748 0
      vertex -36.5937 -48.5449 5
      vertex -36.9072 -48.6748 5
    endloop
  endfacet
  facet normal 0.382794 -0.923834 0
    outer loop
      vertex -36.5937 -48.5449 5
      vertex -36.9072 -48.6748 0
      vertex -36.5937 -48.5449 0
    endloop
  endfacet
  facet normal -0.608827 -0.793303 0
    outer loop
      vertex -35.6072 -48.6748 0
      vertex -35.338 -48.8814 5
      vertex -35.6072 -48.6748 5
    endloop
  endfacet
  facet normal -0.608827 -0.793303 -0
    outer loop
      vertex -35.338 -48.8814 5
      vertex -35.6072 -48.6748 0
      vertex -35.338 -48.8814 0
    endloop
  endfacet
  facet normal 0.130523 -0.991445 0
    outer loop
      vertex -36.5937 -48.5449 0
      vertex -36.2572 -48.5006 5
      vertex -36.5937 -48.5449 5
    endloop
  endfacet
  facet normal 0.130523 -0.991445 0
    outer loop
      vertex -36.2572 -48.5006 5
      vertex -36.5937 -48.5449 0
      vertex -36.2572 -48.5006 0
    endloop
  endfacet
  facet normal 0.608685 0.793412 -0
    outer loop
      vertex -36.9072 -50.9265 0
      vertex -37.1765 -50.7199 5
      vertex -36.9072 -50.9265 5
    endloop
  endfacet
  facet normal 0.608685 0.793412 0
    outer loop
      vertex -37.1765 -50.7199 5
      vertex -36.9072 -50.9265 0
      vertex -37.1765 -50.7199 0
    endloop
  endfacet
  facet normal 0.991445 0.130523 0
    outer loop
      vertex -37.5129 -50.1371 5
      vertex -37.5572 -49.8006 0
      vertex -37.5572 -49.8006 5
    endloop
  endfacet
  facet normal 0.991445 0.130523 0
    outer loop
      vertex -37.5572 -49.8006 0
      vertex -37.5129 -50.1371 5
      vertex -37.5129 -50.1371 0
    endloop
  endfacet
  facet normal -0.382439 0.923981 0
    outer loop
      vertex -35.6072 -50.9265 0
      vertex -35.9208 -51.0563 5
      vertex -35.6072 -50.9265 5
    endloop
  endfacet
  facet normal -0.382439 0.923981 0
    outer loop
      vertex -35.9208 -51.0563 5
      vertex -35.6072 -50.9265 0
      vertex -35.9208 -51.0563 0
    endloop
  endfacet
  facet normal -0.38269 -0.923877 0
    outer loop
      vertex -35.9208 -48.5449 0
      vertex -35.6072 -48.6748 5
      vertex -35.9208 -48.5449 5
    endloop
  endfacet
  facet normal -0.38269 -0.923877 -0
    outer loop
      vertex -35.6072 -48.6748 5
      vertex -35.9208 -48.5449 0
      vertex -35.6072 -48.6748 0
    endloop
  endfacet
  facet normal 0.793412 0.608685 0
    outer loop
      vertex -37.1765 -50.7199 5
      vertex -37.3831 -50.4506 0
      vertex -37.3831 -50.4506 5
    endloop
  endfacet
  facet normal 0.793412 0.608685 0
    outer loop
      vertex -37.3831 -50.4506 0
      vertex -37.1765 -50.7199 5
      vertex -37.1765 -50.7199 0
    endloop
  endfacet
  facet normal 0.382543 0.923938 -0
    outer loop
      vertex -36.5937 -51.0563 0
      vertex -36.9072 -50.9265 5
      vertex -36.5937 -51.0563 5
    endloop
  endfacet
  facet normal 0.382543 0.923938 0
    outer loop
      vertex -36.9072 -50.9265 5
      vertex -36.5937 -51.0563 0
      vertex -36.9072 -50.9265 0
    endloop
  endfacet
  facet normal 0.923981 -0.382439 0
    outer loop
      vertex -37.5129 -49.4642 5
      vertex -37.3831 -49.1506 0
      vertex -37.3831 -49.1506 5
    endloop
  endfacet
  facet normal 0.923981 -0.382439 0
    outer loop
      vertex -37.3831 -49.1506 0
      vertex -37.5129 -49.4642 5
      vertex -37.5129 -49.4642 0
    endloop
  endfacet
  facet normal -0.923851 -0.382753 0
    outer loop
      vertex -59.3283 -6.92893 0
      vertex -59.4582 -6.61539 5
      vertex -59.4582 -6.61539 0
    endloop
  endfacet
  facet normal -0.923851 -0.382753 0
    outer loop
      vertex -59.4582 -6.61539 5
      vertex -59.3283 -6.92893 0
      vertex -59.3283 -6.92893 5
    endloop
  endfacet
  facet normal -0.991443 -0.130538 0
    outer loop
      vertex -59.284 -7.26539 0
      vertex -59.3283 -6.92893 5
      vertex -59.3283 -6.92893 0
    endloop
  endfacet
  facet normal -0.991443 -0.130538 0
    outer loop
      vertex -59.3283 -6.92893 5
      vertex -59.284 -7.26539 0
      vertex -59.284 -7.26539 5
    endloop
  endfacet
  facet normal -0.793346 -0.60877 0
    outer loop
      vertex -59.4582 -6.61539 0
      vertex -59.6648 -6.34615 5
      vertex -59.6648 -6.34615 0
    endloop
  endfacet
  facet normal -0.793346 -0.60877 0
    outer loop
      vertex -59.6648 -6.34615 5
      vertex -59.4582 -6.61539 0
      vertex -59.4582 -6.61539 5
    endloop
  endfacet
  facet normal -0.608809 -0.793317 0
    outer loop
      vertex -59.934 -6.13956 0
      vertex -59.6648 -6.34615 5
      vertex -59.934 -6.13956 5
    endloop
  endfacet
  facet normal -0.608809 -0.793317 -0
    outer loop
      vertex -59.6648 -6.34615 5
      vertex -59.934 -6.13956 0
      vertex -59.6648 -6.34615 0
    endloop
  endfacet
  facet normal -0.608809 0.793317 0
    outer loop
      vertex -59.6648 -8.18463 0
      vertex -59.934 -8.39122 5
      vertex -59.6648 -8.18463 5
    endloop
  endfacet
  facet normal -0.608809 0.793317 0
    outer loop
      vertex -59.934 -8.39122 5
      vertex -59.6648 -8.18463 0
      vertex -59.934 -8.39122 0
    endloop
  endfacet
  facet normal -0.991443 0.130538 0
    outer loop
      vertex -59.3283 -7.60185 0
      vertex -59.284 -7.26539 5
      vertex -59.284 -7.26539 0
    endloop
  endfacet
  facet normal -0.991443 0.130538 0
    outer loop
      vertex -59.284 -7.26539 5
      vertex -59.3283 -7.60185 0
      vertex -59.3283 -7.60185 5
    endloop
  endfacet
  facet normal -0.382615 0.923908 0
    outer loop
      vertex -59.934 -8.39122 0
      vertex -60.2476 -8.52109 5
      vertex -59.934 -8.39122 5
    endloop
  endfacet
  facet normal -0.382615 0.923908 0
    outer loop
      vertex -60.2476 -8.52109 5
      vertex -59.934 -8.39122 0
      vertex -60.2476 -8.52109 0
    endloop
  endfacet
  facet normal 0.130523 0.991445 -0
    outer loop
      vertex -60.584 -8.56539 0
      vertex -60.9205 -8.52109 5
      vertex -60.584 -8.56539 5
    endloop
  endfacet
  facet normal 0.130523 0.991445 0
    outer loop
      vertex -60.9205 -8.52109 5
      vertex -60.584 -8.56539 0
      vertex -60.9205 -8.52109 0
    endloop
  endfacet
  facet normal -0.130561 -0.99144 0
    outer loop
      vertex -60.584 -5.96539 0
      vertex -60.2476 -6.00969 5
      vertex -60.584 -5.96539 5
    endloop
  endfacet
  facet normal -0.130561 -0.99144 -0
    outer loop
      vertex -60.2476 -6.00969 5
      vertex -60.584 -5.96539 0
      vertex -60.2476 -6.00969 0
    endloop
  endfacet
  facet normal 0.382719 0.923865 -0
    outer loop
      vertex -60.9205 -8.52109 0
      vertex -61.234 -8.39122 5
      vertex -60.9205 -8.52109 5
    endloop
  endfacet
  facet normal 0.382719 0.923865 0
    outer loop
      vertex -61.234 -8.39122 5
      vertex -60.9205 -8.52109 0
      vertex -61.234 -8.39122 0
    endloop
  endfacet
  facet normal 0.991443 0.130538 0
    outer loop
      vertex -61.8397 -7.60185 5
      vertex -61.884 -7.26539 0
      vertex -61.884 -7.26539 5
    endloop
  endfacet
  facet normal 0.991443 0.130538 0
    outer loop
      vertex -61.884 -7.26539 0
      vertex -61.8397 -7.60185 5
      vertex -61.8397 -7.60185 0
    endloop
  endfacet
  facet normal 0.130523 -0.991445 0
    outer loop
      vertex -60.9205 -6.00969 0
      vertex -60.584 -5.96539 5
      vertex -60.9205 -6.00969 5
    endloop
  endfacet
  facet normal 0.130523 -0.991445 0
    outer loop
      vertex -60.584 -5.96539 5
      vertex -60.9205 -6.00969 0
      vertex -60.584 -5.96539 0
    endloop
  endfacet
  facet normal 0.923955 -0.382501 0
    outer loop
      vertex -61.8397 -6.92893 5
      vertex -61.7099 -6.61539 0
      vertex -61.7099 -6.61539 5
    endloop
  endfacet
  facet normal 0.923955 -0.382501 0
    outer loop
      vertex -61.7099 -6.61539 0
      vertex -61.8397 -6.92893 5
      vertex -61.8397 -6.92893 0
    endloop
  endfacet
  facet normal -0.382615 -0.923908 0
    outer loop
      vertex -60.2476 -6.00969 0
      vertex -59.934 -6.13956 5
      vertex -60.2476 -6.00969 5
    endloop
  endfacet
  facet normal -0.382615 -0.923908 -0
    outer loop
      vertex -59.934 -6.13956 5
      vertex -60.2476 -6.00969 0
      vertex -59.934 -6.13956 0
    endloop
  endfacet
  facet normal 0.793346 -0.60877 0
    outer loop
      vertex -61.7099 -6.61539 5
      vertex -61.5033 -6.34615 0
      vertex -61.5033 -6.34615 5
    endloop
  endfacet
  facet normal 0.793346 -0.60877 0
    outer loop
      vertex -61.5033 -6.34615 0
      vertex -61.7099 -6.61539 5
      vertex -61.7099 -6.61539 0
    endloop
  endfacet
  facet normal 0.923955 0.382501 0
    outer loop
      vertex -61.7099 -7.91539 5
      vertex -61.8397 -7.60185 0
      vertex -61.8397 -7.60185 5
    endloop
  endfacet
  facet normal 0.923955 0.382501 0
    outer loop
      vertex -61.8397 -7.60185 0
      vertex -61.7099 -7.91539 5
      vertex -61.7099 -7.91539 0
    endloop
  endfacet
  facet normal 0.382719 -0.923865 0
    outer loop
      vertex -61.234 -6.13956 0
      vertex -60.9205 -6.00969 5
      vertex -61.234 -6.13956 5
    endloop
  endfacet
  facet normal 0.382719 -0.923865 0
    outer loop
      vertex -60.9205 -6.00969 5
      vertex -61.234 -6.13956 0
      vertex -60.9205 -6.00969 0
    endloop
  endfacet
  facet normal -0.793346 0.60877 0
    outer loop
      vertex -59.6648 -8.18463 0
      vertex -59.4582 -7.91539 5
      vertex -59.4582 -7.91539 0
    endloop
  endfacet
  facet normal -0.793346 0.60877 0
    outer loop
      vertex -59.4582 -7.91539 5
      vertex -59.6648 -8.18463 0
      vertex -59.6648 -8.18463 5
    endloop
  endfacet
  facet normal 0.793346 0.60877 0
    outer loop
      vertex -61.5033 -8.18463 5
      vertex -61.7099 -7.91539 0
      vertex -61.7099 -7.91539 5
    endloop
  endfacet
  facet normal 0.793346 0.60877 0
    outer loop
      vertex -61.7099 -7.91539 0
      vertex -61.5033 -8.18463 5
      vertex -61.5033 -8.18463 0
    endloop
  endfacet
  facet normal 0.608667 -0.793426 0
    outer loop
      vertex -61.5033 -6.34615 0
      vertex -61.234 -6.13956 5
      vertex -61.5033 -6.34615 5
    endloop
  endfacet
  facet normal 0.608667 -0.793426 0
    outer loop
      vertex -61.234 -6.13956 5
      vertex -61.5033 -6.34615 0
      vertex -61.234 -6.13956 0
    endloop
  endfacet
  facet normal 0.991443 -0.130538 0
    outer loop
      vertex -61.884 -7.26539 5
      vertex -61.8397 -6.92893 0
      vertex -61.8397 -6.92893 5
    endloop
  endfacet
  facet normal 0.991443 -0.130538 0
    outer loop
      vertex -61.8397 -6.92893 0
      vertex -61.884 -7.26539 5
      vertex -61.884 -7.26539 0
    endloop
  endfacet
  facet normal 0.608667 0.793426 -0
    outer loop
      vertex -61.234 -8.39122 0
      vertex -61.5033 -8.18463 5
      vertex -61.234 -8.39122 5
    endloop
  endfacet
  facet normal 0.608667 0.793426 0
    outer loop
      vertex -61.5033 -8.18463 5
      vertex -61.234 -8.39122 0
      vertex -61.5033 -8.18463 0
    endloop
  endfacet
  facet normal -0.923851 0.382753 0
    outer loop
      vertex -59.4582 -7.91539 0
      vertex -59.3283 -7.60185 5
      vertex -59.3283 -7.60185 0
    endloop
  endfacet
  facet normal -0.923851 0.382753 0
    outer loop
      vertex -59.3283 -7.60185 5
      vertex -59.4582 -7.91539 0
      vertex -59.4582 -7.91539 5
    endloop
  endfacet
  facet normal -0.130561 0.99144 0
    outer loop
      vertex -60.2476 -8.52109 0
      vertex -60.584 -8.56539 5
      vertex -60.2476 -8.52109 5
    endloop
  endfacet
  facet normal -0.130561 0.99144 0
    outer loop
      vertex -60.584 -8.56539 5
      vertex -60.2476 -8.52109 0
      vertex -60.584 -8.56539 0
    endloop
  endfacet
  facet normal -0.956939 -0.290291 0
    outer loop
      vertex -67.5131 -10.1355 0
      vertex -67.9399 -8.72856 5
      vertex -67.9399 -8.72856 0
    endloop
  endfacet
  facet normal -0.956939 -0.290291 0
    outer loop
      vertex -67.9399 -8.72856 5
      vertex -67.5131 -10.1355 0
      vertex -67.5131 -10.1355 5
    endloop
  endfacet
  facet normal -0.995185 -0.09801 0
    outer loop
      vertex -67.9399 -8.72856 0
      vertex -68.084 -7.26538 5
      vertex -68.084 -7.26538 0
    endloop
  endfacet
  facet normal -0.995185 -0.09801 0
    outer loop
      vertex -68.084 -7.26538 5
      vertex -67.9399 -8.72856 0
      vertex -67.9399 -8.72856 5
    endloop
  endfacet
  facet normal 0.471404 0.881917 -0
    outer loop
      vertex 28.1663 49.7657 0
      vertex 26.2646 50.7822 5
      vertex 28.1663 49.7657 5
    endloop
  endfacet
  facet normal 0.471404 0.881917 0
    outer loop
      vertex 26.2646 50.7822 5
      vertex 28.1663 49.7657 0
      vertex 26.2646 50.7822 0
    endloop
  endfacet
  facet normal -0.074714 -0.997205 0
    outer loop
      vertex -36.2572 -57.3006 0
      vertex -1.82736 -59.8802 5
      vertex -36.2572 -57.3006 5
    endloop
  endfacet
  facet normal -0.074714 -0.997205 -0
    outer loop
      vertex -1.82736 -59.8802 5
      vertex -36.2572 -57.3006 0
      vertex -1.82736 -59.8802 0
    endloop
  endfacet
  facet normal -0.956939 0.290291 0
    outer loop
      vertex -67.9399 -5.8022 0
      vertex -67.5131 -4.39526 5
      vertex -67.5131 -4.39526 0
    endloop
  endfacet
  facet normal -0.956939 0.290291 0
    outer loop
      vertex -67.5131 -4.39526 5
      vertex -67.9399 -5.8022 0
      vertex -67.9399 -5.8022 5
    endloop
  endfacet
  facet normal 0.321416 -0.946938 0
    outer loop
      vertex 3.62346 -59.5229 0
      vertex 5.35756 -58.9343 5
      vertex 3.62346 -59.5229 5
    endloop
  endfacet
  facet normal 0.321416 -0.946938 0
    outer loop
      vertex 5.35756 -58.9343 5
      vertex 3.62346 -59.5229 0
      vertex 5.35756 -58.9343 0
    endloop
  endfacet
  facet normal 0.751818 0.65937 0
    outer loop
      vertex 50.9441 31.5227 5
      vertex 49.7366 32.8995 0
      vertex 49.7366 32.8995 5
    endloop
  endfacet
  facet normal 0.751818 0.65937 0
    outer loop
      vertex 49.7366 32.8995 0
      vertex 50.9441 31.5227 5
      vertex 50.9441 31.5227 0
    endloop
  endfacet
  facet normal -0.881921 -0.471396 0
    outer loop
      vertex -66.82 -11.4322 0
      vertex -67.5131 -10.1355 5
      vertex -67.5131 -10.1355 0
    endloop
  endfacet
  facet normal -0.881921 -0.471396 0
    outer loop
      vertex -67.5131 -10.1355 5
      vertex -66.82 -11.4322 0
      vertex -66.82 -11.4322 5
    endloop
  endfacet
  facet normal -0.995185 0.09801 0
    outer loop
      vertex -68.084 -7.26538 0
      vertex -67.9399 -5.8022 5
      vertex -67.9399 -5.8022 0
    endloop
  endfacet
  facet normal -0.995185 0.09801 0
    outer loop
      vertex -67.9399 -5.8022 5
      vertex -68.084 -7.26538 0
      vertex -68.084 -7.26538 5
    endloop
  endfacet
  facet normal 0.89686 0.442314 0
    outer loop
      vertex 52.7715 28.3576 5
      vertex 51.9615 30 0
      vertex 51.9615 30 5
    endloop
  endfacet
  facet normal 0.89686 0.442314 0
    outer loop
      vertex 51.9615 30 0
      vertex 52.7715 28.3576 5
      vertex 52.7715 28.3576 0
    endloop
  endfacet
  facet normal 0.925328 0.379169 0
    outer loop
      vertex 61.847 6.20964 5
      vertex 52.7715 28.3576 0
      vertex 52.7715 28.3576 5
    endloop
  endfacet
  facet normal 0.925328 0.379169 0
    outer loop
      vertex 52.7715 28.3576 0
      vertex 61.847 6.20964 5
      vertex 61.847 6.20964 0
    endloop
  endfacet
  facet normal -0.911892 0.41043 0
    outer loop
      vertex -67.5131 -4.39526 0
      vertex -52.7715 28.3576 5
      vertex -52.7715 28.3576 0
    endloop
  endfacet
  facet normal -0.911892 0.41043 0
    outer loop
      vertex -52.7715 28.3576 5
      vertex -67.5131 -4.39526 0
      vertex -67.5131 -4.39526 5
    endloop
  endfacet
  facet normal -0.831479 0.555557 0
    outer loop
      vertex -51.9615 30 0
      vertex -50.9441 31.5227 5
      vertex -50.9441 31.5227 0
    endloop
  endfacet
  facet normal -0.831479 0.555557 0
    outer loop
      vertex -50.9441 31.5227 5
      vertex -51.9615 30 0
      vertex -51.9615 30 5
    endloop
  endfacet
  facet normal 0.995183 0.0980343 0
    outer loop
      vertex 62.6843 2.00012 5
      vertex 62.4729 4.14612 0
      vertex 62.4729 4.14612 5
    endloop
  endfacet
  facet normal 0.995183 0.0980343 0
    outer loop
      vertex 62.4729 4.14612 0
      vertex 62.6843 2.00012 5
      vertex 62.6843 2.00012 0
    endloop
  endfacet
  facet normal -0.290298 -0.956936 0
    outer loop
      vertex -39.1273 -56.7297 0
      vertex -37.7204 -57.1565 5
      vertex -39.1273 -56.7297 5
    endloop
  endfacet
  facet normal -0.290298 -0.956936 -0
    outer loop
      vertex -37.7204 -57.1565 5
      vertex -39.1273 -56.7297 0
      vertex -37.7204 -57.1565 0
    endloop
  endfacet
  facet normal 0.290248 0.956951 -0
    outer loop
      vertex 26.2646 50.7822 0
      vertex 24.201 51.4081 5
      vertex 26.2646 50.7822 5
    endloop
  endfacet
  facet normal 0.290248 0.956951 0
    outer loop
      vertex 24.201 51.4081 5
      vertex 26.2646 50.7822 0
      vertex 24.201 51.4081 0
    endloop
  endfacet
  facet normal 0.612788 0.790248 -0
    outer loop
      vertex 48.3598 34.1069 0
      vertex 28.1663 49.7657 5
      vertex 48.3598 34.1069 5
    endloop
  endfacet
  facet normal 0.612788 0.790248 0
    outer loop
      vertex 28.1663 49.7657 5
      vertex 48.3598 34.1069 0
      vertex 28.1663 49.7657 0
    endloop
  endfacet
  facet normal 0.711057 -0.703134 0
    outer loop
      vertex 9.89949 -55.8995 5
      vertex 59.4625 -5.77805 0
      vertex 59.4625 -5.77805 5
    endloop
  endfacet
  facet normal 0.711057 -0.703134 0
    outer loop
      vertex 59.4625 -5.77805 0
      vertex 9.89949 -55.8995 5
      vertex 9.89949 -55.8995 0
    endloop
  endfacet
  facet normal 0.956948 0.290258 0
    outer loop
      vertex 62.4729 4.14612 5
      vertex 61.847 6.20964 0
      vertex 61.847 6.20964 5
    endloop
  endfacet
  facet normal 0.956948 0.290258 0
    outer loop
      vertex 61.847 6.20964 0
      vertex 62.4729 4.14612 5
      vertex 62.4729 4.14612 0
    endloop
  endfacet
  facet normal -0.89686 0.442314 0
    outer loop
      vertex -52.7715 28.3576 0
      vertex -51.9615 30 5
      vertex -51.9615 30 0
    endloop
  endfacet
  facet normal -0.89686 0.442314 0
    outer loop
      vertex -51.9615 30 5
      vertex -52.7715 28.3576 0
      vertex -52.7715 28.3576 5
    endloop
  endfacet
  facet normal -0.0980343 0.995183 0
    outer loop
      vertex 22.0551 51.6195 0
      vertex 19.9091 51.4081 5
      vertex 22.0551 51.6195 5
    endloop
  endfacet
  facet normal -0.0980343 0.995183 0
    outer loop
      vertex 19.9091 51.4081 5
      vertex 22.0551 51.6195 0
      vertex 19.9091 51.4081 0
    endloop
  endfacet
  facet normal -0.228671 0.973504 0
    outer loop
      vertex 19.9091 51.4081 0
      vertex -43.4606 36.5229 5
      vertex 19.9091 51.4081 5
    endloop
  endfacet
  facet normal -0.228671 0.973504 0
    outer loop
      vertex -43.4606 36.5229 5
      vertex 19.9091 51.4081 0
      vertex -43.4606 36.5229 0
    endloop
  endfacet
  facet normal 0.956948 -0.290258 0
    outer loop
      vertex 61.847 -2.20938 5
      vertex 62.4729 -0.145859 0
      vertex 62.4729 -0.145859 5
    endloop
  endfacet
  facet normal 0.956948 -0.290258 0
    outer loop
      vertex 62.4729 -0.145859 0
      vertex 61.847 -2.20938 5
      vertex 61.847 -2.20938 0
    endloop
  endfacet
  facet normal -0.0980086 -0.995186 0
    outer loop
      vertex -37.7204 -57.1565 0
      vertex -36.2572 -57.3006 5
      vertex -37.7204 -57.1565 5
    endloop
  endfacet
  facet normal -0.0980086 -0.995186 -0
    outer loop
      vertex -36.2572 -57.3006 5
      vertex -37.7204 -57.1565 0
      vertex -36.2572 -57.3006 0
    endloop
  endfacet
  facet normal -0.659339 0.751846 0
    outer loop
      vertex -48.3598 34.1069 0
      vertex -49.7366 32.8995 5
      vertex -48.3598 34.1069 5
    endloop
  endfacet
  facet normal -0.659339 0.751846 0
    outer loop
      vertex -49.7366 32.8995 5
      vertex -48.3598 34.1069 0
      vertex -49.7366 32.8995 0
    endloop
  endfacet
  facet normal -0.471344 -0.88195 0
    outer loop
      vertex -40.424 -56.0367 0
      vertex -39.1273 -56.7297 5
      vertex -40.424 -56.0367 5
    endloop
  endfacet
  facet normal -0.471344 -0.88195 -0
    outer loop
      vertex -39.1273 -56.7297 5
      vertex -40.424 -56.0367 0
      vertex -39.1273 -56.7297 0
    endloop
  endfacet
  facet normal 0 0 -1
    outer loop
      vertex -5.97346 18.8947 0
      vertex -36.7462 22.1718 0
      vertex -36.6372 23 0
    endloop
  endfacet
  facet normal 0 0 -1
    outer loop
      vertex -59.6648 -8.18463 0
      vertex -36.5937 -48.5449 0
      vertex -36.9072 -48.6748 0
    endloop
  endfacet
  facet normal 0 0 -1
    outer loop
      vertex -36.2572 -48.5006 0
      vertex -37.0659 21.4 0
      vertex -36.7462 22.1718 0
    endloop
  endfacet
  facet normal 0 0 -1
    outer loop
      vertex -59.934 -8.39122 0
      vertex -36.9072 -48.6748 0
      vertex -37.1765 -48.8814 0
    endloop
  endfacet
  facet normal 0 0 -1
    outer loop
      vertex -42.4932 -53.9674 0
      vertex -37.1765 -48.8814 0
      vertex -37.3831 -49.1506 0
    endloop
  endfacet
  facet normal 0 0 -1
    outer loop
      vertex -42.4932 -53.9674 0
      vertex -37.3831 -49.1506 0
      vertex -37.5129 -49.4642 0
    endloop
  endfacet
  facet normal 0 0 -1
    outer loop
      vertex -42.4932 -53.9674 0
      vertex -37.5129 -49.4642 0
      vertex -37.5572 -49.8006 0
    endloop
  endfacet
  facet normal 0 0 -1
    outer loop
      vertex -36.2572 -48.5006 0
      vertex -37.5744 20.7373 0
      vertex -37.0659 21.4 0
    endloop
  endfacet
  facet normal 0 0 -1
    outer loop
      vertex 9.89949 -55.8995 0
      vertex 3.09096 -46.8282 0
      vertex 3.2 -46 0
    endloop
  endfacet
  facet normal 0 0 -1
    outer loop
      vertex 5.35756 -58.9343 0
      vertex 2.77128 -47.6 0
      vertex 3.09096 -46.8282 0
    endloop
  endfacet
  facet normal 0 0 -1
    outer loop
      vertex 5.35756 -58.9343 0
      vertex 2.26274 -48.2627 0
      vertex 2.77128 -47.6 0
    endloop
  endfacet
  facet normal 0 0 -1
    outer loop
      vertex 0.82822 -49.091 0
      vertex 3.62346 -59.5229 0
      vertex 1.82736 -59.8802 0
    endloop
  endfacet
  facet normal 0 0 -1
    outer loop
      vertex 5.35756 -58.9343 0
      vertex 1.6 -48.7713 0
      vertex 2.26274 -48.2627 0
    endloop
  endfacet
  facet normal 0 0 -1
    outer loop
      vertex 5.35756 -58.9343 0
      vertex 0.82822 -49.091 0
      vertex 1.6 -48.7713 0
    endloop
  endfacet
  facet normal 0 0 -1
    outer loop
      vertex 0 -49.2 0
      vertex 1.82736 -59.8802 0
      vertex 0 -60 0
    endloop
  endfacet
  facet normal 0 0 -1
    outer loop
      vertex 1.82736 -59.8802 0
      vertex 0 -49.2 0
      vertex 0.82822 -49.091 0
    endloop
  endfacet
  facet normal 0 0 -1
    outer loop
      vertex -1.82736 -59.8802 0
      vertex 0 -49.2 0
      vertex 0 -60 0
    endloop
  endfacet
  facet normal -0 0 -1
    outer loop
      vertex 0 -49.2 0
      vertex -1.82736 -59.8802 0
      vertex -0.82822 -49.091 0
    endloop
  endfacet
  facet normal -0 0 -1
    outer loop
      vertex -0.82822 -49.091 0
      vertex -1.82736 -59.8802 0
      vertex -1.6 -48.7713 0
    endloop
  endfacet
  facet normal 0 0 -1
    outer loop
      vertex -1.82736 -59.8802 0
      vertex -2.26274 -48.2627 0
      vertex -1.6 -48.7713 0
    endloop
  endfacet
  facet normal 0 0 -1
    outer loop
      vertex -1.82736 -59.8802 0
      vertex -2.77128 -47.6 0
      vertex -2.26274 -48.2627 0
    endloop
  endfacet
  facet normal 0 0 -1
    outer loop
      vertex -35.0015 -50.1371 0
      vertex -2.77128 -47.6 0
      vertex -1.82736 -59.8802 0
    endloop
  endfacet
  facet normal -0 0 -1
    outer loop
      vertex -2.77128 -47.6 0
      vertex -35.0015 -50.1371 0
      vertex -3.09096 -46.8282 0
    endloop
  endfacet
  facet normal 0 0 -1
    outer loop
      vertex 36.7462 22.1718 0
      vertex -3.41776 18.5582 0
      vertex -3.37346 18.8947 0
    endloop
  endfacet
  facet normal 0 0 -1
    outer loop
      vertex -3.09096 -45.1718 0
      vertex -3.54763 18.2447 0
      vertex -3.41776 18.5582 0
    endloop
  endfacet
  facet normal 0 0 -1
    outer loop
      vertex -3.09096 -45.1718 0
      vertex -3.75422 17.9754 0
      vertex -3.54763 18.2447 0
    endloop
  endfacet
  facet normal 0 0 -1
    outer loop
      vertex -3.09096 -45.1718 0
      vertex -4.02346 17.7688 0
      vertex -3.75422 17.9754 0
    endloop
  endfacet
  facet normal 0 0 -1
    outer loop
      vertex -3.09096 -45.1718 0
      vertex -4.337 17.639 0
      vertex -4.02346 17.7688 0
    endloop
  endfacet
  facet normal 0 0 -1
    outer loop
      vertex -3.09096 -45.1718 0
      vertex -4.67346 17.5947 0
      vertex -4.337 17.639 0
    endloop
  endfacet
  facet normal 0 0 -1
    outer loop
      vertex -3.09096 -45.1718 0
      vertex -5.00993 17.639 0
      vertex -4.67346 17.5947 0
    endloop
  endfacet
  facet normal 0 0 -1
    outer loop
      vertex -3.09096 -45.1718 0
      vertex -5.32346 17.7688 0
      vertex -5.00993 17.639 0
    endloop
  endfacet
  facet normal -0 0 -1
    outer loop
      vertex -3.09096 -45.1718 0
      vertex -35.9208 -48.5449 0
      vertex -5.32346 17.7688 0
    endloop
  endfacet
  facet normal 0 0 -1
    outer loop
      vertex -36.7462 22.1718 0
      vertex -5.32346 17.7688 0
      vertex -35.9208 -48.5449 0
    endloop
  endfacet
  facet normal 0 0 -1
    outer loop
      vertex -36.7462 22.1718 0
      vertex -5.5927 17.9754 0
      vertex -5.32346 17.7688 0
    endloop
  endfacet
  facet normal 0 0 -1
    outer loop
      vertex -36.7462 22.1718 0
      vertex -5.7993 18.2447 0
      vertex -5.5927 17.9754 0
    endloop
  endfacet
  facet normal 0 0 -1
    outer loop
      vertex -35.0015 -49.4642 0
      vertex -3.2 -46 0
      vertex -34.9572 -49.8006 0
    endloop
  endfacet
  facet normal 0 -0 -1
    outer loop
      vertex -34.9572 -49.8006 0
      vertex -3.09096 -46.8282 0
      vertex -35.0015 -50.1371 0
    endloop
  endfacet
  facet normal -0 0 -1
    outer loop
      vertex -3.09096 -46.8282 0
      vertex -34.9572 -49.8006 0
      vertex -3.2 -46 0
    endloop
  endfacet
  facet normal 0 0 -1
    outer loop
      vertex -36.2572 -57.3006 0
      vertex -35.0015 -50.1371 0
      vertex -1.82736 -59.8802 0
    endloop
  endfacet
  facet normal 0 0 -1
    outer loop
      vertex -35.0015 -50.1371 0
      vertex -36.2572 -57.3006 0
      vertex -35.1314 -50.4506 0
    endloop
  endfacet
  facet normal 0 0 -1
    outer loop
      vertex -35.1314 -50.4506 0
      vertex -36.2572 -57.3006 0
      vertex -35.338 -50.7199 0
    endloop
  endfacet
  facet normal 0 0 -1
    outer loop
      vertex -35.338 -50.7199 0
      vertex -36.2572 -57.3006 0
      vertex -35.6072 -50.9265 0
    endloop
  endfacet
  facet normal 0 0 -1
    outer loop
      vertex -35.6072 -50.9265 0
      vertex -36.2572 -57.3006 0
      vertex -35.9208 -51.0563 0
    endloop
  endfacet
  facet normal 0 0 -1
    outer loop
      vertex -36.2572 -57.3006 0
      vertex -36.2572 -51.1006 0
      vertex -35.9208 -51.0563 0
    endloop
  endfacet
  facet normal 0 0 -1
    outer loop
      vertex -37.7204 -57.1565 0
      vertex -36.2572 -51.1006 0
      vertex -36.2572 -57.3006 0
    endloop
  endfacet
  facet normal -0 0 -1
    outer loop
      vertex -36.2572 -51.1006 0
      vertex -37.7204 -57.1565 0
      vertex -36.5937 -51.0563 0
    endloop
  endfacet
  facet normal 0 0 -1
    outer loop
      vertex -39.1273 -56.7297 0
      vertex -36.5937 -51.0563 0
      vertex -37.7204 -57.1565 0
    endloop
  endfacet
  facet normal -0 0 -1
    outer loop
      vertex -36.5937 -51.0563 0
      vertex -39.1273 -56.7297 0
      vertex -36.9072 -50.9265 0
    endloop
  endfacet
  facet normal 0 0 -1
    outer loop
      vertex -40.424 -56.0367 0
      vertex -36.9072 -50.9265 0
      vertex -39.1273 -56.7297 0
    endloop
  endfacet
  facet normal -0 0 -1
    outer loop
      vertex -36.9072 -50.9265 0
      vertex -40.424 -56.0367 0
      vertex -37.1765 -50.7199 0
    endloop
  endfacet
  facet normal 0 0 -1
    outer loop
      vertex -41.5605 -55.1039 0
      vertex -37.1765 -50.7199 0
      vertex -40.424 -56.0367 0
    endloop
  endfacet
  facet normal 0 0 -1
    outer loop
      vertex -42.4932 -53.9674 0
      vertex -37.1765 -50.7199 0
      vertex -41.5605 -55.1039 0
    endloop
  endfacet
  facet normal 0 0 -1
    outer loop
      vertex -36.2572 -48.5006 0
      vertex -38.2372 20.2287 0
      vertex -37.5744 20.7373 0
    endloop
  endfacet
  facet normal -0 0 -1
    outer loop
      vertex -37.1765 -48.8814 0
      vertex -42.4932 -53.9674 0
      vertex -66.82 -11.4322 0
    endloop
  endfacet
  facet normal -0 0 -1
    outer loop
      vertex -37.1765 -50.7199 0
      vertex -42.4932 -53.9674 0
      vertex -37.3831 -50.4506 0
    endloop
  endfacet
  facet normal 0 0 -1
    outer loop
      vertex -36.2572 -48.5006 0
      vertex -59.3283 -7.60185 0
      vertex -38.2372 20.2287 0
    endloop
  endfacet
  facet normal -0 0 -1
    outer loop
      vertex -37.3831 -50.4506 0
      vertex -42.4932 -53.9674 0
      vertex -37.5129 -50.1371 0
    endloop
  endfacet
  facet normal 0 -0 -1
    outer loop
      vertex -59.284 -7.26539 0
      vertex -38.2372 20.2287 0
      vertex -59.3283 -7.60185 0
    endloop
  endfacet
  facet normal 0 0 -1
    outer loop
      vertex -38.2372 20.2287 0
      vertex -59.284 -7.26539 0
      vertex -39.0089 19.909 0
    endloop
  endfacet
  facet normal -0 0 -1
    outer loop
      vertex -37.5129 -50.1371 0
      vertex -42.4932 -53.9674 0
      vertex -37.5572 -49.8006 0
    endloop
  endfacet
  facet normal 0 0 -1
    outer loop
      vertex -59.3283 -6.92893 0
      vertex -39.0089 19.909 0
      vertex -59.284 -7.26539 0
    endloop
  endfacet
  facet normal 0 0 -1
    outer loop
      vertex -39.0089 19.909 0
      vertex -59.3283 -6.92893 0
      vertex -39.8372 19.8 0
    endloop
  endfacet
  facet normal 0 0 -1
    outer loop
      vertex -59.4582 -6.61539 0
      vertex -39.8372 19.8 0
      vertex -59.3283 -6.92893 0
    endloop
  endfacet
  facet normal -0 0 -1
    outer loop
      vertex -39.8372 19.8 0
      vertex -59.4582 -6.61539 0
      vertex -40.6654 19.909 0
    endloop
  endfacet
  facet normal 0 0 -1
    outer loop
      vertex -59.6648 -6.34615 0
      vertex -40.6654 19.909 0
      vertex -59.4582 -6.61539 0
    endloop
  endfacet
  facet normal -0 0 -1
    outer loop
      vertex -40.6654 19.909 0
      vertex -59.6648 -6.34615 0
      vertex -41.4372 20.2287 0
    endloop
  endfacet
  facet normal -0 0 -1
    outer loop
      vertex -41.4372 20.2287 0
      vertex -59.934 -6.13956 0
      vertex -42.0999 20.7373 0
    endloop
  endfacet
  facet normal 0 0 -1
    outer loop
      vertex -60.2476 -6.00969 0
      vertex -42.0999 20.7373 0
      vertex -59.934 -6.13956 0
    endloop
  endfacet
  facet normal 0 -0 -1
    outer loop
      vertex -51.9615 30 0
      vertex -43.0372 23 0
      vertex -52.7715 28.3576 0
    endloop
  endfacet
  facet normal 0 0 -1
    outer loop
      vertex -43.0372 23 0
      vertex -45.1947 35.9343 0
      vertex -43.4606 36.5229 0
    endloop
  endfacet
  facet normal 0 0 -1
    outer loop
      vertex -43.0372 23 0
      vertex -46.8372 35.1243 0
      vertex -45.1947 35.9343 0
    endloop
  endfacet
  facet normal 0 0 -1
    outer loop
      vertex -43.0372 23 0
      vertex -48.3598 34.1069 0
      vertex -46.8372 35.1243 0
    endloop
  endfacet
  facet normal 0 0 -1
    outer loop
      vertex -43.0372 23 0
      vertex -50.9441 31.5227 0
      vertex -49.7366 32.8995 0
    endloop
  endfacet
  facet normal 0 0 -1
    outer loop
      vertex -43.0372 23 0
      vertex -51.9615 30 0
      vertex -50.9441 31.5227 0
    endloop
  endfacet
  facet normal 0 0 -1
    outer loop
      vertex -59.934 -6.13956 0
      vertex -41.4372 20.2287 0
      vertex -59.6648 -6.34615 0
    endloop
  endfacet
  facet normal 0 0 -1
    outer loop
      vertex -36.2572 -48.5006 0
      vertex -59.4582 -7.91539 0
      vertex -59.3283 -7.60185 0
    endloop
  endfacet
  facet normal 0 0 -1
    outer loop
      vertex -36.5937 -48.5449 0
      vertex -59.6648 -8.18463 0
      vertex -59.4582 -7.91539 0
    endloop
  endfacet
  facet normal 0 0 -1
    outer loop
      vertex -36.9072 -48.6748 0
      vertex -59.934 -8.39122 0
      vertex -59.6648 -8.18463 0
    endloop
  endfacet
  facet normal 0 0 -1
    outer loop
      vertex -37.1765 -48.8814 0
      vertex -60.2476 -8.52109 0
      vertex -59.934 -8.39122 0
    endloop
  endfacet
  facet normal 0 0 -1
    outer loop
      vertex -37.1765 -48.8814 0
      vertex -66.82 -11.4322 0
      vertex -60.2476 -8.52109 0
    endloop
  endfacet
  facet normal 0 0 -1
    outer loop
      vertex -60.2476 -8.52109 0
      vertex -66.82 -11.4322 0
      vertex -60.584 -8.56539 0
    endloop
  endfacet
  facet normal -0 0 -1
    outer loop
      vertex -60.584 -8.56539 0
      vertex -66.82 -11.4322 0
      vertex -60.9205 -8.52109 0
    endloop
  endfacet
  facet normal -0 0 -1
    outer loop
      vertex -60.9205 -8.52109 0
      vertex -66.82 -11.4322 0
      vertex -61.234 -8.39122 0
    endloop
  endfacet
  facet normal -0 0 -1
    outer loop
      vertex -61.234 -8.39122 0
      vertex -66.82 -11.4322 0
      vertex -61.5033 -8.18463 0
    endloop
  endfacet
  facet normal -0 0 -1
    outer loop
      vertex -61.7099 -7.91539 0
      vertex -67.5131 -10.1355 0
      vertex -61.8397 -7.60185 0
    endloop
  endfacet
  facet normal 0 0 -1
    outer loop
      vertex -67.5131 -10.1355 0
      vertex -61.7099 -7.91539 0
      vertex -66.82 -11.4322 0
    endloop
  endfacet
  facet normal -0 0 -1
    outer loop
      vertex -61.5033 -8.18463 0
      vertex -66.82 -11.4322 0
      vertex -61.7099 -7.91539 0
    endloop
  endfacet
  facet normal 0 0 -1
    outer loop
      vertex -43.0372 23 0
      vertex -49.7366 32.8995 0
      vertex -48.3598 34.1069 0
    endloop
  endfacet
  facet normal -0 0 -1
    outer loop
      vertex -42.0999 20.7373 0
      vertex -60.2476 -6.00969 0
      vertex -42.6084 21.4 0
    endloop
  endfacet
  facet normal 0 -0 -1
    outer loop
      vertex -52.7715 28.3576 0
      vertex -42.6084 21.4 0
      vertex -60.2476 -6.00969 0
    endloop
  endfacet
  facet normal 0 0 -1
    outer loop
      vertex -42.6084 21.4 0
      vertex -52.7715 28.3576 0
      vertex -42.9281 22.1718 0
    endloop
  endfacet
  facet normal 0 0 -1
    outer loop
      vertex -42.9281 22.1718 0
      vertex -52.7715 28.3576 0
      vertex -43.0372 23 0
    endloop
  endfacet
  facet normal 0 0 -1
    outer loop
      vertex -60.584 -5.96539 0
      vertex -52.7715 28.3576 0
      vertex -60.2476 -6.00969 0
    endloop
  endfacet
  facet normal 0 0 -1
    outer loop
      vertex -67.5131 -4.39526 0
      vertex -60.584 -5.96539 0
      vertex -60.9205 -6.00969 0
    endloop
  endfacet
  facet normal 0 0 -1
    outer loop
      vertex -67.5131 -4.39526 0
      vertex -60.9205 -6.00969 0
      vertex -61.234 -6.13956 0
    endloop
  endfacet
  facet normal 0 0 -1
    outer loop
      vertex -67.5131 -4.39526 0
      vertex -61.234 -6.13956 0
      vertex -61.5033 -6.34615 0
    endloop
  endfacet
  facet normal 0 0 -1
    outer loop
      vertex -67.5131 -4.39526 0
      vertex -61.5033 -6.34615 0
      vertex -61.7099 -6.61539 0
    endloop
  endfacet
  facet normal 0 0 -1
    outer loop
      vertex -67.5131 -4.39526 0
      vertex -61.7099 -6.61539 0
      vertex -61.8397 -6.92893 0
    endloop
  endfacet
  facet normal 0 0 -1
    outer loop
      vertex -67.9399 -8.72856 0
      vertex -61.8397 -7.60185 0
      vertex -67.5131 -10.1355 0
    endloop
  endfacet
  facet normal -0 0 -1
    outer loop
      vertex -61.8397 -7.60185 0
      vertex -67.9399 -8.72856 0
      vertex -61.884 -7.26539 0
    endloop
  endfacet
  facet normal 0 0 -1
    outer loop
      vertex -68.084 -7.26538 0
      vertex -61.884 -7.26539 0
      vertex -67.9399 -8.72856 0
    endloop
  endfacet
  facet normal 0 0 -1
    outer loop
      vertex -60.584 -5.96539 0
      vertex -67.5131 -4.39526 0
      vertex -52.7715 28.3576 0
    endloop
  endfacet
  facet normal 0 -0 -1
    outer loop
      vertex -67.9399 -5.8022 0
      vertex -61.884 -7.26539 0
      vertex -68.084 -7.26538 0
    endloop
  endfacet
  facet normal 0 0 -1
    outer loop
      vertex -61.8397 -6.92893 0
      vertex -67.9399 -5.8022 0
      vertex -67.5131 -4.39526 0
    endloop
  endfacet
  facet normal 0 0 -1
    outer loop
      vertex -61.884 -7.26539 0
      vertex -67.9399 -5.8022 0
      vertex -61.8397 -6.92893 0
    endloop
  endfacet
  facet normal 0 0 -1
    outer loop
      vertex 62.4729 -0.145859 0
      vertex 62.4729 4.14612 0
      vertex 62.6843 2.00012 0
    endloop
  endfacet
  facet normal 0 0 -1
    outer loop
      vertex 61.847 -2.20938 0
      vertex 62.4729 4.14612 0
      vertex 62.4729 -0.145859 0
    endloop
  endfacet
  facet normal 0 0 -1
    outer loop
      vertex 61.847 -2.20938 0
      vertex 61.847 6.20964 0
      vertex 62.4729 4.14612 0
    endloop
  endfacet
  facet normal 0 0 -1
    outer loop
      vertex 60.8305 -4.11115 0
      vertex 61.847 6.20964 0
      vertex 61.847 -2.20938 0
    endloop
  endfacet
  facet normal 0 0 -1
    outer loop
      vertex 59.4625 -5.77805 0
      vertex 61.847 6.20964 0
      vertex 60.8305 -4.11115 0
    endloop
  endfacet
  facet normal 0 0 -1
    outer loop
      vertex 40.6654 19.909 0
      vertex 61.847 6.20964 0
      vertex 59.4625 -5.77805 0
    endloop
  endfacet
  facet normal 0 0 -1
    outer loop
      vertex 61.847 6.20964 0
      vertex 42.6084 21.4 0
      vertex 52.7715 28.3576 0
    endloop
  endfacet
  facet normal 0 -0 -1
    outer loop
      vertex 42.9281 22.1718 0
      vertex 52.7715 28.3576 0
      vertex 42.6084 21.4 0
    endloop
  endfacet
  facet normal 0 0 -1
    outer loop
      vertex 42.9281 23.8282 0
      vertex 52.7715 28.3576 0
      vertex 43.0372 23 0
    endloop
  endfacet
  facet normal 0 0 -1
    outer loop
      vertex 42.6084 24.6 0
      vertex 52.7715 28.3576 0
      vertex 42.9281 23.8282 0
    endloop
  endfacet
  facet normal -0 0 -1
    outer loop
      vertex 52.7715 28.3576 0
      vertex 42.6084 24.6 0
      vertex 51.9615 30 0
    endloop
  endfacet
  facet normal -0 0 -1
    outer loop
      vertex 51.9615 30 0
      vertex 42.6084 24.6 0
      vertex 50.9441 31.5227 0
    endloop
  endfacet
  facet normal 0 -0 -1
    outer loop
      vertex 43.0372 23 0
      vertex 52.7715 28.3576 0
      vertex 42.9281 22.1718 0
    endloop
  endfacet
  facet normal 0 0 -1
    outer loop
      vertex 61.847 6.20964 0
      vertex 42.0999 20.7373 0
      vertex 42.6084 21.4 0
    endloop
  endfacet
  facet normal 0 0 -1
    outer loop
      vertex 61.847 6.20964 0
      vertex 41.4372 20.2287 0
      vertex 42.0999 20.7373 0
    endloop
  endfacet
  facet normal 0 0 -1
    outer loop
      vertex 61.847 6.20964 0
      vertex 40.6654 19.909 0
      vertex 41.4372 20.2287 0
    endloop
  endfacet
  facet normal 0 0 -1
    outer loop
      vertex 59.4625 -5.77805 0
      vertex 39.8372 19.8 0
      vertex 40.6654 19.909 0
    endloop
  endfacet
  facet normal 0 0 -1
    outer loop
      vertex 59.4625 -5.77805 0
      vertex 39.0089 19.909 0
      vertex 39.8372 19.8 0
    endloop
  endfacet
  facet normal 0 0 -1
    outer loop
      vertex 15.6256 -13.2643 0
      vertex 39.0089 19.909 0
      vertex 59.4625 -5.77805 0
    endloop
  endfacet
  facet normal 0 0 -1
    outer loop
      vertex 15.419 -12.9951 0
      vertex 39.0089 19.909 0
      vertex 15.6256 -13.2643 0
    endloop
  endfacet
  facet normal 0 0 -1
    outer loop
      vertex -3.37346 18.8947 0
      vertex 36.6372 23 0
      vertex 36.7462 22.1718 0
    endloop
  endfacet
  facet normal 0 0 -1
    outer loop
      vertex 36.6372 23 0
      vertex 19.9091 51.4081 0
      vertex 28.1663 49.7657 0
    endloop
  endfacet
  facet normal 0 0 -1
    outer loop
      vertex 28.1663 49.7657 0
      vertex 19.9091 51.4081 0
      vertex 26.2646 50.7822 0
    endloop
  endfacet
  facet normal 0 0 -1
    outer loop
      vertex -3.41776 18.5582 0
      vertex 36.7462 22.1718 0
      vertex 37.0659 21.4 0
    endloop
  endfacet
  facet normal 0 0 -1
    outer loop
      vertex 26.2646 50.7822 0
      vertex 19.9091 51.4081 0
      vertex 24.201 51.4081 0
    endloop
  endfacet
  facet normal 0 0 -1
    outer loop
      vertex 24.201 51.4081 0
      vertex 19.9091 51.4081 0
      vertex 22.0551 51.6195 0
    endloop
  endfacet
  facet normal -0 0 -1
    outer loop
      vertex 39.0089 19.909 0
      vertex 15.419 -12.9951 0
      vertex 38.2372 20.2287 0
    endloop
  endfacet
  facet normal 0 0 -1
    outer loop
      vertex 15.6256 -13.2643 0
      vertex 59.4625 -5.77805 0
      vertex 15.7554 -13.5778 0
    endloop
  endfacet
  facet normal 0 0 -1
    outer loop
      vertex 15.7554 -13.5778 0
      vertex 59.4625 -5.77805 0
      vertex 15.7997 -13.9143 0
    endloop
  endfacet
  facet normal 0 0 -1
    outer loop
      vertex 59.4625 -5.77805 0
      vertex 15.7554 -14.2508 0
      vertex 15.7997 -13.9143 0
    endloop
  endfacet
  facet normal 0 0 -1
    outer loop
      vertex 59.4625 -5.77805 0
      vertex 15.6256 -14.5643 0
      vertex 15.7554 -14.2508 0
    endloop
  endfacet
  facet normal 0 0 -1
    outer loop
      vertex 59.4625 -5.77805 0
      vertex 15.419 -14.8335 0
      vertex 15.6256 -14.5643 0
    endloop
  endfacet
  facet normal 0 0 -1
    outer loop
      vertex 9.89949 -55.8995 0
      vertex 15.419 -14.8335 0
      vertex 59.4625 -5.77805 0
    endloop
  endfacet
  facet normal 0 0 -1
    outer loop
      vertex 15.419 -14.8335 0
      vertex 9.89949 -55.8995 0
      vertex 15.1497 -15.0401 0
    endloop
  endfacet
  facet normal -0 0 -1
    outer loop
      vertex 14.1633 -15.17 0
      vertex 1.6 -43.2287 0
      vertex 13.8497 -15.0401 0
    endloop
  endfacet
  facet normal 0 0 -1
    outer loop
      vertex 1.6 -43.2287 0
      vertex 14.1633 -15.17 0
      vertex 2.26274 -43.7373 0
    endloop
  endfacet
  facet normal -0 0 -1
    outer loop
      vertex 14.4997 -15.2143 0
      vertex 2.26274 -43.7373 0
      vertex 14.1633 -15.17 0
    endloop
  endfacet
  facet normal 0 0 -1
    outer loop
      vertex 2.26274 -43.7373 0
      vertex 14.4997 -15.2143 0
      vertex 2.77128 -44.4 0
    endloop
  endfacet
  facet normal 0 0 -1
    outer loop
      vertex 14.8362 -15.17 0
      vertex 2.77128 -44.4 0
      vertex 14.4997 -15.2143 0
    endloop
  endfacet
  facet normal 0 0 -1
    outer loop
      vertex 15.1497 -15.0401 0
      vertex 2.77128 -44.4 0
      vertex 14.8362 -15.17 0
    endloop
  endfacet
  facet normal 0 0 -1
    outer loop
      vertex 2.77128 -44.4 0
      vertex 15.1497 -15.0401 0
      vertex 3.09096 -45.1718 0
    endloop
  endfacet
  facet normal 0 0 -1
    outer loop
      vertex 3.09096 -45.1718 0
      vertex 15.1497 -15.0401 0
      vertex 9.89949 -55.8995 0
    endloop
  endfacet
  facet normal 0 0 -1
    outer loop
      vertex 42.0999 25.2627 0
      vertex 50.9441 31.5227 0
      vertex 42.6084 24.6 0
    endloop
  endfacet
  facet normal -0 0 -1
    outer loop
      vertex 50.9441 31.5227 0
      vertex 42.0999 25.2627 0
      vertex 49.7366 32.8995 0
    endloop
  endfacet
  facet normal -0 0 -1
    outer loop
      vertex 49.7366 32.8995 0
      vertex 42.0999 25.2627 0
      vertex 48.3598 34.1069 0
    endloop
  endfacet
  facet normal 0 0 -1
    outer loop
      vertex 41.4372 25.7713 0
      vertex 48.3598 34.1069 0
      vertex 42.0999 25.2627 0
    endloop
  endfacet
  facet normal 0 0 -1
    outer loop
      vertex 40.6654 26.091 0
      vertex 48.3598 34.1069 0
      vertex 41.4372 25.7713 0
    endloop
  endfacet
  facet normal 0 0 -1
    outer loop
      vertex 39.8372 26.2 0
      vertex 48.3598 34.1069 0
      vertex 40.6654 26.091 0
    endloop
  endfacet
  facet normal 0 0 -1
    outer loop
      vertex 39.0089 26.091 0
      vertex 48.3598 34.1069 0
      vertex 39.8372 26.2 0
    endloop
  endfacet
  facet normal 0 0 -1
    outer loop
      vertex 28.1663 49.7657 0
      vertex 39.0089 26.091 0
      vertex 38.2372 25.7713 0
    endloop
  endfacet
  facet normal 0 0 -1
    outer loop
      vertex 28.1663 49.7657 0
      vertex 38.2372 25.7713 0
      vertex 37.5744 25.2627 0
    endloop
  endfacet
  facet normal 0 0 -1
    outer loop
      vertex 39.0089 26.091 0
      vertex 28.1663 49.7657 0
      vertex 48.3598 34.1069 0
    endloop
  endfacet
  facet normal 0 0 -1
    outer loop
      vertex 37.0659 24.6 0
      vertex 28.1663 49.7657 0
      vertex 37.5744 25.2627 0
    endloop
  endfacet
  facet normal 0 0 -1
    outer loop
      vertex 36.7462 23.8282 0
      vertex 28.1663 49.7657 0
      vertex 37.0659 24.6 0
    endloop
  endfacet
  facet normal 0 0 -1
    outer loop
      vertex 28.1663 49.7657 0
      vertex 36.7462 23.8282 0
      vertex 36.6372 23 0
    endloop
  endfacet
  facet normal 0 0 -1
    outer loop
      vertex 15.1497 -12.7885 0
      vertex 38.2372 20.2287 0
      vertex 15.419 -12.9951 0
    endloop
  endfacet
  facet normal -0 0 -1
    outer loop
      vertex 38.2372 20.2287 0
      vertex 15.1497 -12.7885 0
      vertex 37.5744 20.7373 0
    endloop
  endfacet
  facet normal 0 0 -1
    outer loop
      vertex 14.8362 -12.6586 0
      vertex 37.5744 20.7373 0
      vertex 15.1497 -12.7885 0
    endloop
  endfacet
  facet normal -0 0 -1
    outer loop
      vertex 37.5744 20.7373 0
      vertex 14.8362 -12.6586 0
      vertex 37.0659 21.4 0
    endloop
  endfacet
  facet normal 0 0 -1
    outer loop
      vertex -3.41776 18.5582 0
      vertex 37.0659 21.4 0
      vertex 14.8362 -12.6586 0
    endloop
  endfacet
  facet normal 0 0 -1
    outer loop
      vertex -3.41776 18.5582 0
      vertex 14.8362 -12.6586 0
      vertex 14.4997 -12.6143 0
    endloop
  endfacet
  facet normal 0 0 -1
    outer loop
      vertex -3.41776 18.5582 0
      vertex 14.4997 -12.6143 0
      vertex 14.1633 -12.6586 0
    endloop
  endfacet
  facet normal 0 0 -1
    outer loop
      vertex -3.41776 18.5582 0
      vertex 14.1633 -12.6586 0
      vertex 13.8497 -12.7885 0
    endloop
  endfacet
  facet normal 0 0 -1
    outer loop
      vertex -3.41776 18.5582 0
      vertex 13.8497 -12.7885 0
      vertex 13.5805 -12.9951 0
    endloop
  endfacet
  facet normal 0 0 -1
    outer loop
      vertex -3.41776 18.5582 0
      vertex 13.5805 -12.9951 0
      vertex 13.3739 -13.2643 0
    endloop
  endfacet
  facet normal 0 0 -1
    outer loop
      vertex -3.41776 18.5582 0
      vertex 13.3739 -13.2643 0
      vertex 13.244 -13.5778 0
    endloop
  endfacet
  facet normal 0 0 -1
    outer loop
      vertex -3.41776 18.5582 0
      vertex 13.244 -13.5778 0
      vertex 13.1997 -13.9143 0
    endloop
  endfacet
  facet normal 0 0 -1
    outer loop
      vertex 3.09096 -46.8282 0
      vertex 9.89949 -55.8995 0
      vertex 8.52266 -57.1069 0
    endloop
  endfacet
  facet normal 0 0 -1
    outer loop
      vertex 0.82822 -42.909 0
      vertex 13.8497 -15.0401 0
      vertex 1.6 -43.2287 0
    endloop
  endfacet
  facet normal 0 0 -1
    outer loop
      vertex 3.09096 -46.8282 0
      vertex 8.52266 -57.1069 0
      vertex 7 -58.1243 0
    endloop
  endfacet
  facet normal 0 0 -1
    outer loop
      vertex 3.09096 -46.8282 0
      vertex 7 -58.1243 0
      vertex 5.35756 -58.9343 0
    endloop
  endfacet
  facet normal 0 0 -1
    outer loop
      vertex 0.82822 -49.091 0
      vertex 5.35756 -58.9343 0
      vertex 3.62346 -59.5229 0
    endloop
  endfacet
  facet normal 0 0 -1
    outer loop
      vertex 9.89949 -55.8995 0
      vertex 3.2 -46 0
      vertex 3.09096 -45.1718 0
    endloop
  endfacet
  facet normal -0 0 -1
    outer loop
      vertex 13.8497 -15.0401 0
      vertex 0.82822 -42.909 0
      vertex 13.5805 -14.8335 0
    endloop
  endfacet
  facet normal 0 0 -1
    outer loop
      vertex 0 -42.8 0
      vertex 13.5805 -14.8335 0
      vertex 0.82822 -42.909 0
    endloop
  endfacet
  facet normal -0 0 -1
    outer loop
      vertex 13.5805 -14.8335 0
      vertex 0 -42.8 0
      vertex 13.3739 -14.5643 0
    endloop
  endfacet
  facet normal 0 0 -1
    outer loop
      vertex -0.82822 -42.909 0
      vertex 13.3739 -14.5643 0
      vertex 0 -42.8 0
    endloop
  endfacet
  facet normal -0 0 -1
    outer loop
      vertex 13.3739 -14.5643 0
      vertex -0.82822 -42.909 0
      vertex 13.244 -14.2508 0
    endloop
  endfacet
  facet normal 0 0 -1
    outer loop
      vertex -1.6 -43.2287 0
      vertex 13.244 -14.2508 0
      vertex -0.82822 -42.909 0
    endloop
  endfacet
  facet normal -0 0 -1
    outer loop
      vertex 13.244 -14.2508 0
      vertex -1.6 -43.2287 0
      vertex 13.1997 -13.9143 0
    endloop
  endfacet
  facet normal 0 0 -1
    outer loop
      vertex -3.41776 18.5582 0
      vertex 13.1997 -13.9143 0
      vertex -1.6 -43.2287 0
    endloop
  endfacet
  facet normal 0 0 -1
    outer loop
      vertex -3.41776 18.5582 0
      vertex -1.6 -43.2287 0
      vertex -2.26274 -43.7373 0
    endloop
  endfacet
  facet normal 0 0 -1
    outer loop
      vertex -3.41776 18.5582 0
      vertex -2.26274 -43.7373 0
      vertex -2.77128 -44.4 0
    endloop
  endfacet
  facet normal 0 0 -1
    outer loop
      vertex -3.41776 18.5582 0
      vertex -2.77128 -44.4 0
      vertex -3.09096 -45.1718 0
    endloop
  endfacet
  facet normal 0 0 -1
    outer loop
      vertex -35.0015 -49.4642 0
      vertex -3.09096 -45.1718 0
      vertex -3.2 -46 0
    endloop
  endfacet
  facet normal 0 0 -1
    outer loop
      vertex 36.6372 23 0
      vertex -3.37346 18.8947 0
      vertex -3.41776 19.2311 0
    endloop
  endfacet
  facet normal 0 0 -1
    outer loop
      vertex 36.6372 23 0
      vertex -3.41776 19.2311 0
      vertex -3.54763 19.5447 0
    endloop
  endfacet
  facet normal -0 0 -1
    outer loop
      vertex 36.6372 23 0
      vertex -3.54763 19.5447 0
      vertex 19.9091 51.4081 0
    endloop
  endfacet
  facet normal 0 0 -1
    outer loop
      vertex -3.75422 19.8139 0
      vertex 19.9091 51.4081 0
      vertex -3.54763 19.5447 0
    endloop
  endfacet
  facet normal 0 0 -1
    outer loop
      vertex -4.02346 20.0205 0
      vertex 19.9091 51.4081 0
      vertex -3.75422 19.8139 0
    endloop
  endfacet
  facet normal 0 0 -1
    outer loop
      vertex -4.337 20.1504 0
      vertex 19.9091 51.4081 0
      vertex -4.02346 20.0205 0
    endloop
  endfacet
  facet normal 0 0 -1
    outer loop
      vertex -4.67346 20.1947 0
      vertex 19.9091 51.4081 0
      vertex -4.337 20.1504 0
    endloop
  endfacet
  facet normal 0 0 -1
    outer loop
      vertex -5.00993 20.1504 0
      vertex 19.9091 51.4081 0
      vertex -4.67346 20.1947 0
    endloop
  endfacet
  facet normal 0 0 -1
    outer loop
      vertex -43.4606 36.5229 0
      vertex -5.00993 20.1504 0
      vertex -5.32346 20.0205 0
    endloop
  endfacet
  facet normal 0 0 -1
    outer loop
      vertex -37.0659 24.6 0
      vertex -5.32346 20.0205 0
      vertex -5.5927 19.8139 0
    endloop
  endfacet
  facet normal 0 0 -1
    outer loop
      vertex -3.09096 -45.1718 0
      vertex -35.0015 -49.4642 0
      vertex -35.1314 -49.1506 0
    endloop
  endfacet
  facet normal 0 0 -1
    outer loop
      vertex -3.09096 -45.1718 0
      vertex -35.1314 -49.1506 0
      vertex -35.338 -48.8814 0
    endloop
  endfacet
  facet normal 0 0 -1
    outer loop
      vertex -3.09096 -45.1718 0
      vertex -35.338 -48.8814 0
      vertex -35.6072 -48.6748 0
    endloop
  endfacet
  facet normal 0 0 -1
    outer loop
      vertex -3.09096 -45.1718 0
      vertex -35.6072 -48.6748 0
      vertex -35.9208 -48.5449 0
    endloop
  endfacet
  facet normal 0 0 -1
    outer loop
      vertex -36.7462 22.1718 0
      vertex -5.92917 18.5582 0
      vertex -5.7993 18.2447 0
    endloop
  endfacet
  facet normal 0 0 -1
    outer loop
      vertex -36.7462 22.1718 0
      vertex -5.97346 18.8947 0
      vertex -5.92917 18.5582 0
    endloop
  endfacet
  facet normal 0 0 -1
    outer loop
      vertex -5.97346 18.8947 0
      vertex -36.6372 23 0
      vertex -5.92917 19.2311 0
    endloop
  endfacet
  facet normal 0 0 -1
    outer loop
      vertex -36.7462 22.1718 0
      vertex -35.9208 -48.5449 0
      vertex -36.2572 -48.5006 0
    endloop
  endfacet
  facet normal 0 0 -1
    outer loop
      vertex -59.4582 -7.91539 0
      vertex -36.2572 -48.5006 0
      vertex -36.5937 -48.5449 0
    endloop
  endfacet
  facet normal 0 0 -1
    outer loop
      vertex -5.92917 19.2311 0
      vertex -36.6372 23 0
      vertex -5.7993 19.5447 0
    endloop
  endfacet
  facet normal 0 0 -1
    outer loop
      vertex -36.7462 23.8282 0
      vertex -5.7993 19.5447 0
      vertex -36.6372 23 0
    endloop
  endfacet
  facet normal 0 0 -1
    outer loop
      vertex -5.7993 19.5447 0
      vertex -36.7462 23.8282 0
      vertex -5.5927 19.8139 0
    endloop
  endfacet
  facet normal 0 0 -1
    outer loop
      vertex -37.0659 24.6 0
      vertex -5.5927 19.8139 0
      vertex -36.7462 23.8282 0
    endloop
  endfacet
  facet normal 0 0 -1
    outer loop
      vertex -5.32346 20.0205 0
      vertex -37.0659 24.6 0
      vertex -37.5744 25.2627 0
    endloop
  endfacet
  facet normal 0 0 -1
    outer loop
      vertex -5.32346 20.0205 0
      vertex -37.5744 25.2627 0
      vertex -43.4606 36.5229 0
    endloop
  endfacet
  facet normal 0 0 -1
    outer loop
      vertex -43.4606 36.5229 0
      vertex -37.5744 25.2627 0
      vertex -38.2372 25.7713 0
    endloop
  endfacet
  facet normal 0 0 -1
    outer loop
      vertex -43.4606 36.5229 0
      vertex -38.2372 25.7713 0
      vertex -39.0089 26.091 0
    endloop
  endfacet
  facet normal 0 0 -1
    outer loop
      vertex -43.4606 36.5229 0
      vertex -39.0089 26.091 0
      vertex -39.8372 26.2 0
    endloop
  endfacet
  facet normal 0 0 -1
    outer loop
      vertex -43.4606 36.5229 0
      vertex -39.8372 26.2 0
      vertex -40.6654 26.091 0
    endloop
  endfacet
  facet normal 0 0 -1
    outer loop
      vertex -43.4606 36.5229 0
      vertex -40.6654 26.091 0
      vertex -41.4372 25.7713 0
    endloop
  endfacet
  facet normal 0 0 -1
    outer loop
      vertex -5.00993 20.1504 0
      vertex -43.4606 36.5229 0
      vertex 19.9091 51.4081 0
    endloop
  endfacet
  facet normal 0 0 -1
    outer loop
      vertex -42.0999 25.2627 0
      vertex -43.4606 36.5229 0
      vertex -41.4372 25.7713 0
    endloop
  endfacet
  facet normal 0 0 -1
    outer loop
      vertex -42.6084 24.6 0
      vertex -43.4606 36.5229 0
      vertex -42.0999 25.2627 0
    endloop
  endfacet
  facet normal 0 0 -1
    outer loop
      vertex -42.9281 23.8282 0
      vertex -43.4606 36.5229 0
      vertex -42.6084 24.6 0
    endloop
  endfacet
  facet normal 0 0 -1
    outer loop
      vertex -43.4606 36.5229 0
      vertex -42.9281 23.8282 0
      vertex -43.0372 23 0
    endloop
  endfacet
  facet normal -0.555582 0.831462 0
    outer loop
      vertex -46.8372 35.1243 0
      vertex -48.3598 34.1069 5
      vertex -46.8372 35.1243 5
    endloop
  endfacet
  facet normal -0.555582 0.831462 0
    outer loop
      vertex -48.3598 34.1069 5
      vertex -46.8372 35.1243 0
      vertex -48.3598 34.1069 0
    endloop
  endfacet
  facet normal 0.831479 0.555557 0
    outer loop
      vertex 51.9615 30 5
      vertex 50.9441 31.5227 0
      vertex 50.9441 31.5227 5
    endloop
  endfacet
  facet normal 0.831479 0.555557 0
    outer loop
      vertex 50.9441 31.5227 0
      vertex 51.9615 30 5
      vertex 51.9615 30 0
    endloop
  endfacet
  facet normal 0.773008 -0.634396 0
    outer loop
      vertex 59.4625 -5.77805 5
      vertex 60.8305 -4.11115 0
      vertex 60.8305 -4.11115 5
    endloop
  endfacet
  facet normal 0.773008 -0.634396 0
    outer loop
      vertex 60.8305 -4.11115 0
      vertex 59.4625 -5.77805 5
      vertex 59.4625 -5.77805 0
    endloop
  endfacet
  facet normal -0.442292 0.896871 0
    outer loop
      vertex -45.1947 35.9343 0
      vertex -46.8372 35.1243 5
      vertex -45.1947 35.9343 5
    endloop
  endfacet
  facet normal -0.442292 0.896871 0
    outer loop
      vertex -46.8372 35.1243 5
      vertex -45.1947 35.9343 0
      vertex -46.8372 35.1243 0
    endloop
  endfacet
  facet normal 0.555567 -0.831472 0
    outer loop
      vertex 7 -58.1243 0
      vertex 8.52266 -57.1069 5
      vertex 7 -58.1243 5
    endloop
  endfacet
  facet normal 0.555567 -0.831472 0
    outer loop
      vertex 8.52266 -57.1069 5
      vertex 7 -58.1243 0
      vertex 8.52266 -57.1069 0
    endloop
  endfacet
  facet normal -0.0654186 -0.997858 0
    outer loop
      vertex -1.82736 -59.8802 0
      vertex 0 -60 5
      vertex -1.82736 -59.8802 5
    endloop
  endfacet
  facet normal -0.0654186 -0.997858 -0
    outer loop
      vertex 0 -60 5
      vertex -1.82736 -59.8802 0
      vertex 0 -60 0
    endloop
  endfacet
  facet normal -0.321416 0.946938 0
    outer loop
      vertex -43.4606 36.5229 0
      vertex -45.1947 35.9343 5
      vertex -43.4606 36.5229 5
    endloop
  endfacet
  facet normal -0.321416 0.946938 0
    outer loop
      vertex -45.1947 35.9343 5
      vertex -43.4606 36.5229 0
      vertex -45.1947 35.9343 0
    endloop
  endfacet
  facet normal -0.751818 0.65937 0
    outer loop
      vertex -50.9441 31.5227 0
      vertex -49.7366 32.8995 5
      vertex -49.7366 32.8995 0
    endloop
  endfacet
  facet normal -0.751818 0.65937 0
    outer loop
      vertex -49.7366 32.8995 5
      vertex -50.9441 31.5227 0
      vertex -50.9441 31.5227 5
    endloop
  endfacet
  facet normal -0.773011 -0.634393 0
    outer loop
      vertex -41.5605 -55.1039 0
      vertex -42.4932 -53.9674 5
      vertex -42.4932 -53.9674 0
    endloop
  endfacet
  facet normal -0.773011 -0.634393 0
    outer loop
      vertex -42.4932 -53.9674 5
      vertex -41.5605 -55.1039 0
      vertex -41.5605 -55.1039 5
    endloop
  endfacet
  facet normal 0 0 1
    outer loop
      vertex -39.8372 16.0974 5
      vertex -59.3283 -6.92893 5
      vertex -59.284 -7.26539 5
    endloop
  endfacet
  facet normal 0 0 1
    outer loop
      vertex -46.2143 20.3585 5
      vertex -59.4582 -6.61539 5
      vertex -59.3283 -6.92893 5
    endloop
  endfacet
  facet normal 0 0 1
    outer loop
      vertex -46.2143 20.3585 5
      vertex -59.6648 -6.34615 5
      vertex -59.4582 -6.61539 5
    endloop
  endfacet
  facet normal 0 0 1
    outer loop
      vertex -46.2143 20.3585 5
      vertex -59.934 -6.13956 5
      vertex -59.6648 -6.34615 5
    endloop
  endfacet
  facet normal 0 0 1
    outer loop
      vertex -46.2143 20.3585 5
      vertex -60.2476 -6.00969 5
      vertex -59.934 -6.13956 5
    endloop
  endfacet
  facet normal 0 0 1
    outer loop
      vertex -46.2143 20.3585 5
      vertex -60.584 -5.96539 5
      vertex -60.2476 -6.00969 5
    endloop
  endfacet
  facet normal 0 0 1
    outer loop
      vertex -46.2143 20.3585 5
      vertex -67.5131 -4.39526 5
      vertex -60.584 -5.96539 5
    endloop
  endfacet
  facet normal 0 0 1
    outer loop
      vertex -60.584 -5.96539 5
      vertex -67.5131 -4.39526 5
      vertex -60.9205 -6.00969 5
    endloop
  endfacet
  facet normal 0 0 1
    outer loop
      vertex -60.9205 -6.00969 5
      vertex -67.5131 -4.39526 5
      vertex -61.234 -6.13956 5
    endloop
  endfacet
  facet normal 0 0 1
    outer loop
      vertex -61.234 -6.13956 5
      vertex -67.5131 -4.39526 5
      vertex -61.5033 -6.34615 5
    endloop
  endfacet
  facet normal 0 0 1
    outer loop
      vertex -61.5033 -6.34615 5
      vertex -67.5131 -4.39526 5
      vertex -61.7099 -6.61539 5
    endloop
  endfacet
  facet normal 0 0 1
    outer loop
      vertex -67.9399 -5.8022 5
      vertex -61.884 -7.26539 5
      vertex -61.8397 -6.92893 5
    endloop
  endfacet
  facet normal 0 0 1
    outer loop
      vertex -61.7099 -6.61539 5
      vertex -67.5131 -4.39526 5
      vertex -61.8397 -6.92893 5
    endloop
  endfacet
  facet normal -0 0 1
    outer loop
      vertex -67.9399 -5.8022 5
      vertex -61.8397 -6.92893 5
      vertex -67.5131 -4.39526 5
    endloop
  endfacet
  facet normal 0 0 1
    outer loop
      vertex -61.884 -7.26539 5
      vertex -67.5131 -10.1355 5
      vertex -66.82 -11.4322 5
    endloop
  endfacet
  facet normal 0 0 1
    outer loop
      vertex -61.884 -7.26539 5
      vertex -67.9399 -5.8022 5
      vertex -68.084 -7.26538 5
    endloop
  endfacet
  facet normal 0 0 1
    outer loop
      vertex -61.884 -7.26539 5
      vertex -67.9399 -8.72856 5
      vertex -67.5131 -10.1355 5
    endloop
  endfacet
  facet normal 0 0 1
    outer loop
      vertex -61.884 -7.26539 5
      vertex -68.084 -7.26538 5
      vertex -67.9399 -8.72856 5
    endloop
  endfacet
  facet normal 0 0 1
    outer loop
      vertex -5.9778 -42.5487 5
      vertex -34.9572 -49.8006 5
      vertex -5.98254 -42.5583 5
    endloop
  endfacet
  facet normal 0 0 1
    outer loop
      vertex -4.88085 -41.1192 5
      vertex -35.0015 -49.4642 5
      vertex -34.9572 -49.8006 5
    endloop
  endfacet
  facet normal 0 0 1
    outer loop
      vertex -4.88085 -41.1192 5
      vertex -35.1314 -49.1506 5
      vertex -35.0015 -49.4642 5
    endloop
  endfacet
  facet normal 0 0 1
    outer loop
      vertex -4.88085 -41.1192 5
      vertex -35.338 -48.8814 5
      vertex -35.1314 -49.1506 5
    endloop
  endfacet
  facet normal 0 0 1
    outer loop
      vertex -3.46021 -40.0282 5
      vertex -36.3955 17.0175 5
      vertex -4.20201 -40.5238 5
    endloop
  endfacet
  facet normal 0 0 1
    outer loop
      vertex -4.88085 -41.1192 5
      vertex -35.6072 -48.6748 5
      vertex -35.338 -48.8814 5
    endloop
  endfacet
  facet normal -0 0 1
    outer loop
      vertex -37.1957 16.6229 5
      vertex -4.20201 -40.5238 5
      vertex -36.3955 17.0175 5
    endloop
  endfacet
  facet normal 0 0 1
    outer loop
      vertex -4.20201 -40.5238 5
      vertex -37.1957 16.6229 5
      vertex -4.87278 -41.1121 5
    endloop
  endfacet
  facet normal -0 0 1
    outer loop
      vertex -59.3283 -7.60185 5
      vertex -4.87278 -41.1121 5
      vertex -37.1957 16.6229 5
    endloop
  endfacet
  facet normal 0 0 1
    outer loop
      vertex -4.87278 -41.1121 5
      vertex -59.3283 -7.60185 5
      vertex -4.88085 -41.1192 5
    endloop
  endfacet
  facet normal 0 0 1
    outer loop
      vertex -4.88085 -41.1192 5
      vertex -35.9208 -48.5449 5
      vertex -35.6072 -48.6748 5
    endloop
  endfacet
  facet normal 0 0 1
    outer loop
      vertex -4.88085 -41.1192 5
      vertex -59.3283 -7.60185 5
      vertex -35.9208 -48.5449 5
    endloop
  endfacet
  facet normal 0 0 1
    outer loop
      vertex -35.9208 -48.5449 5
      vertex -59.3283 -7.60185 5
      vertex -36.2572 -48.5006 5
    endloop
  endfacet
  facet normal -0 0 1
    outer loop
      vertex -59.4582 -7.91539 5
      vertex -36.2572 -48.5006 5
      vertex -59.3283 -7.60185 5
    endloop
  endfacet
  facet normal 0 0 1
    outer loop
      vertex -36.2572 -48.5006 5
      vertex -59.4582 -7.91539 5
      vertex -36.5937 -48.5449 5
    endloop
  endfacet
  facet normal -0 0 1
    outer loop
      vertex -59.6648 -8.18463 5
      vertex -36.5937 -48.5449 5
      vertex -59.4582 -7.91539 5
    endloop
  endfacet
  facet normal 0 0 1
    outer loop
      vertex -36.5937 -48.5449 5
      vertex -59.6648 -8.18463 5
      vertex -36.9072 -48.6748 5
    endloop
  endfacet
  facet normal -0 0 1
    outer loop
      vertex -59.934 -8.39122 5
      vertex -36.9072 -48.6748 5
      vertex -59.6648 -8.18463 5
    endloop
  endfacet
  facet normal 0 0 1
    outer loop
      vertex -36.9072 -48.6748 5
      vertex -59.934 -8.39122 5
      vertex -37.1765 -48.8814 5
    endloop
  endfacet
  facet normal 0 0 1
    outer loop
      vertex -59.3283 -7.60185 5
      vertex -37.1957 16.6229 5
      vertex -38.0405 16.3361 5
    endloop
  endfacet
  facet normal 0 0 1
    outer loop
      vertex -59.3283 -7.60185 5
      vertex -38.0405 16.3361 5
      vertex -38.0507 16.3326 5
    endloop
  endfacet
  facet normal 0 0 1
    outer loop
      vertex -59.284 -7.26539 5
      vertex -38.0507 16.3326 5
      vertex -38.9257 16.1586 5
    endloop
  endfacet
  facet normal 0 0 1
    outer loop
      vertex -59.284 -7.26539 5
      vertex -38.9257 16.1586 5
      vertex -38.9362 16.1565 5
    endloop
  endfacet
  facet normal 0 0 1
    outer loop
      vertex -59.284 -7.26539 5
      vertex -38.9362 16.1565 5
      vertex -38.9469 16.1558 5
    endloop
  endfacet
  facet normal 0 -0 1
    outer loop
      vertex -41.5605 -55.1039 5
      vertex -37.5572 -49.8006 5
      vertex -42.4932 -53.9674 5
    endloop
  endfacet
  facet normal 0 0 1
    outer loop
      vertex -59.284 -7.26539 5
      vertex -38.9469 16.1558 5
      vertex -39.8372 16.0974 5
    endloop
  endfacet
  facet normal 0 0 1
    outer loop
      vertex -37.5572 -49.8006 5
      vertex -39.1273 -56.7297 5
      vertex -37.7204 -57.1565 5
    endloop
  endfacet
  facet normal 0 0 1
    outer loop
      vertex -59.3283 -6.92893 5
      vertex -39.8372 16.0974 5
      vertex -40.7274 16.1558 5
    endloop
  endfacet
  facet normal 0 0 1
    outer loop
      vertex -59.3283 -6.92893 5
      vertex -40.7274 16.1558 5
      vertex -40.7381 16.1565 5
    endloop
  endfacet
  facet normal 0 0 1
    outer loop
      vertex -59.3283 -6.92893 5
      vertex -40.7381 16.1565 5
      vertex -40.7487 16.1586 5
    endloop
  endfacet
  facet normal 0 0 1
    outer loop
      vertex -37.5572 -49.8006 5
      vertex -40.424 -56.0367 5
      vertex -39.1273 -56.7297 5
    endloop
  endfacet
  facet normal 0 0 1
    outer loop
      vertex -59.3283 -6.92893 5
      vertex -40.7487 16.1586 5
      vertex -41.6237 16.3326 5
    endloop
  endfacet
  facet normal 0 0 1
    outer loop
      vertex -59.3283 -6.92893 5
      vertex -41.6237 16.3326 5
      vertex -41.6338 16.3361 5
    endloop
  endfacet
  facet normal 0 0 1
    outer loop
      vertex -59.3283 -6.92893 5
      vertex -41.6338 16.3361 5
      vertex -42.4787 16.6229 5
    endloop
  endfacet
  facet normal 0 0 1
    outer loop
      vertex -37.5572 -49.8006 5
      vertex -41.5605 -55.1039 5
      vertex -40.424 -56.0367 5
    endloop
  endfacet
  facet normal 0 0 1
    outer loop
      vertex -59.3283 -6.92893 5
      vertex -42.4787 16.6229 5
      vertex -43.2788 17.0175 5
    endloop
  endfacet
  facet normal 0 0 1
    outer loop
      vertex -59.3283 -6.92893 5
      vertex -43.2788 17.0175 5
      vertex -43.2885 17.0222 5
    endloop
  endfacet
  facet normal 0 0 1
    outer loop
      vertex -59.3283 -6.92893 5
      vertex -43.2885 17.0222 5
      vertex -43.2974 17.0282 5
    endloop
  endfacet
  facet normal 0 0 1
    outer loop
      vertex -59.3283 -6.92893 5
      vertex -43.2974 17.0282 5
      vertex -44.0392 17.5238 5
    endloop
  endfacet
  facet normal 0 0 1
    outer loop
      vertex -59.3283 -6.92893 5
      vertex -44.0392 17.5238 5
      vertex -44.7099 18.1121 5
    endloop
  endfacet
  facet normal 0 0 1
    outer loop
      vertex -59.3283 -6.92893 5
      vertex -44.7099 18.1121 5
      vertex -44.718 18.1192 5
    endloop
  endfacet
  facet normal 0 0 1
    outer loop
      vertex -59.3283 -6.92893 5
      vertex -44.718 18.1192 5
      vertex -44.7251 18.1272 5
    endloop
  endfacet
  facet normal 0 0 1
    outer loop
      vertex -59.3283 -6.92893 5
      vertex -44.7251 18.1272 5
      vertex -45.3133 18.798 5
    endloop
  endfacet
  facet normal 0 0 1
    outer loop
      vertex -59.3283 -6.92893 5
      vertex -45.3133 18.798 5
      vertex -45.809 19.5398 5
    endloop
  endfacet
  facet normal 0 0 1
    outer loop
      vertex -59.3283 -6.92893 5
      vertex -45.809 19.5398 5
      vertex -45.815 19.5487 5
    endloop
  endfacet
  facet normal 0 0 1
    outer loop
      vertex -59.3283 -6.92893 5
      vertex -45.815 19.5487 5
      vertex -45.8197 19.5583 5
    endloop
  endfacet
  facet normal 0 0 1
    outer loop
      vertex -59.3283 -6.92893 5
      vertex -45.8197 19.5583 5
      vertex -46.2143 20.3585 5
    endloop
  endfacet
  facet normal 0 0 1
    outer loop
      vertex -52.7715 28.3576 5
      vertex -46.2143 20.3585 5
      vertex -46.5011 21.2033 5
    endloop
  endfacet
  facet normal 0 0 1
    outer loop
      vertex -52.7715 28.3576 5
      vertex -46.5011 21.2033 5
      vertex -46.5045 21.2135 5
    endloop
  endfacet
  facet normal 0 0 1
    outer loop
      vertex -52.7715 28.3576 5
      vertex -46.5045 21.2135 5
      vertex -46.6786 22.0885 5
    endloop
  endfacet
  facet normal 0 0 1
    outer loop
      vertex -52.7715 28.3576 5
      vertex -46.6786 22.0885 5
      vertex -46.6807 22.099 5
    endloop
  endfacet
  facet normal 0 0 1
    outer loop
      vertex -52.7715 28.3576 5
      vertex -46.6807 22.099 5
      vertex -46.6814 22.1097 5
    endloop
  endfacet
  facet normal 0 0 1
    outer loop
      vertex -52.7715 28.3576 5
      vertex -46.6814 22.1097 5
      vertex -46.7397 23 5
    endloop
  endfacet
  facet normal 0 0 1
    outer loop
      vertex -46.5011 24.7967 5
      vertex -52.7715 28.3576 5
      vertex -46.5045 24.7865 5
    endloop
  endfacet
  facet normal 0 0 1
    outer loop
      vertex -46.5045 24.7865 5
      vertex -52.7715 28.3576 5
      vertex -46.6786 23.9115 5
    endloop
  endfacet
  facet normal 0 0 1
    outer loop
      vertex -46.6786 23.9115 5
      vertex -52.7715 28.3576 5
      vertex -46.6807 23.901 5
    endloop
  endfacet
  facet normal 0 0 1
    outer loop
      vertex -46.6807 23.901 5
      vertex -52.7715 28.3576 5
      vertex -46.6814 23.8903 5
    endloop
  endfacet
  facet normal 0 0 1
    outer loop
      vertex -46.6814 23.8903 5
      vertex -52.7715 28.3576 5
      vertex -46.7397 23 5
    endloop
  endfacet
  facet normal 0 0 1
    outer loop
      vertex -67.5131 -4.39526 5
      vertex -46.2143 20.3585 5
      vertex -52.7715 28.3576 5
    endloop
  endfacet
  facet normal 0 0 1
    outer loop
      vertex -38.0507 16.3326 5
      vertex -59.284 -7.26539 5
      vertex -59.3283 -7.60185 5
    endloop
  endfacet
  facet normal -0 0 1
    outer loop
      vertex -60.2476 -8.52109 5
      vertex -37.1765 -48.8814 5
      vertex -59.934 -8.39122 5
    endloop
  endfacet
  facet normal -0 0 1
    outer loop
      vertex -66.82 -11.4322 5
      vertex -37.1765 -48.8814 5
      vertex -60.2476 -8.52109 5
    endloop
  endfacet
  facet normal 0 -0 1
    outer loop
      vertex -42.4932 -53.9674 5
      vertex -37.1765 -48.8814 5
      vertex -66.82 -11.4322 5
    endloop
  endfacet
  facet normal 0 0 1
    outer loop
      vertex -37.1765 -48.8814 5
      vertex -42.4932 -53.9674 5
      vertex -37.3831 -49.1506 5
    endloop
  endfacet
  facet normal 0 0 1
    outer loop
      vertex -37.3831 -49.1506 5
      vertex -42.4932 -53.9674 5
      vertex -37.5129 -49.4642 5
    endloop
  endfacet
  facet normal 0 0 1
    outer loop
      vertex -66.82 -11.4322 5
      vertex -60.2476 -8.52109 5
      vertex -60.584 -8.56539 5
    endloop
  endfacet
  facet normal 0 0 1
    outer loop
      vertex -66.82 -11.4322 5
      vertex -60.584 -8.56539 5
      vertex -60.9205 -8.52109 5
    endloop
  endfacet
  facet normal 0 0 1
    outer loop
      vertex -66.82 -11.4322 5
      vertex -60.9205 -8.52109 5
      vertex -61.234 -8.39122 5
    endloop
  endfacet
  facet normal 0 0 1
    outer loop
      vertex -66.82 -11.4322 5
      vertex -61.234 -8.39122 5
      vertex -61.5033 -8.18463 5
    endloop
  endfacet
  facet normal 0 0 1
    outer loop
      vertex -66.82 -11.4322 5
      vertex -61.5033 -8.18463 5
      vertex -61.7099 -7.91539 5
    endloop
  endfacet
  facet normal 0 0 1
    outer loop
      vertex -37.5129 -49.4642 5
      vertex -42.4932 -53.9674 5
      vertex -37.5572 -49.8006 5
    endloop
  endfacet
  facet normal 0 0 1
    outer loop
      vertex -61.8397 -7.60185 5
      vertex -66.82 -11.4322 5
      vertex -61.7099 -7.91539 5
    endloop
  endfacet
  facet normal 0 0 1
    outer loop
      vertex -66.82 -11.4322 5
      vertex -61.8397 -7.60185 5
      vertex -61.884 -7.26539 5
    endloop
  endfacet
  facet normal 0 0 1
    outer loop
      vertex 59.4625 -5.77805 5
      vertex 15.7554 -13.5778 5
      vertex 15.7997 -13.9143 5
    endloop
  endfacet
  facet normal 0 0 1
    outer loop
      vertex 32.9346 23 5
      vertex 15.6256 -13.2643 5
      vertex 15.7554 -13.5778 5
    endloop
  endfacet
  facet normal 0 0 1
    outer loop
      vertex 32.9346 23 5
      vertex 15.419 -12.9951 5
      vertex 15.6256 -13.2643 5
    endloop
  endfacet
  facet normal 0 0 1
    outer loop
      vertex 32.9346 23 5
      vertex 15.1497 -12.7885 5
      vertex 15.419 -12.9951 5
    endloop
  endfacet
  facet normal 0 0 1
    outer loop
      vertex -3.41776 18.5582 5
      vertex 32.9346 23 5
      vertex -3.37346 18.8947 5
    endloop
  endfacet
  facet normal 0 0 1
    outer loop
      vertex 32.9346 23 5
      vertex 14.8362 -12.6586 5
      vertex 15.1497 -12.7885 5
    endloop
  endfacet
  facet normal 0 0 1
    outer loop
      vertex -3.54763 18.2447 5
      vertex 32.9346 23 5
      vertex -3.41776 18.5582 5
    endloop
  endfacet
  facet normal 0 0 1
    outer loop
      vertex 32.9346 23 5
      vertex 14.4997 -12.6143 5
      vertex 14.8362 -12.6586 5
    endloop
  endfacet
  facet normal 0 0 1
    outer loop
      vertex 32.9346 23 5
      vertex -3.54763 18.2447 5
      vertex 14.4997 -12.6143 5
    endloop
  endfacet
  facet normal 0 0 1
    outer loop
      vertex 14.4997 -12.6143 5
      vertex -3.54763 18.2447 5
      vertex 14.1633 -12.6586 5
    endloop
  endfacet
  facet normal -0 0 1
    outer loop
      vertex -3.75422 17.9754 5
      vertex 14.1633 -12.6586 5
      vertex -3.54763 18.2447 5
    endloop
  endfacet
  facet normal 0 0 1
    outer loop
      vertex 14.1633 -12.6586 5
      vertex -3.75422 17.9754 5
      vertex 13.8497 -12.7885 5
    endloop
  endfacet
  facet normal 0 0 1
    outer loop
      vertex 13.3739 -14.5643 5
      vertex 8.52266 -57.1069 5
      vertex 9.89949 -55.8995 5
    endloop
  endfacet
  facet normal -0 0 1
    outer loop
      vertex -4.02346 17.7688 5
      vertex 13.8497 -12.7885 5
      vertex -3.75422 17.9754 5
    endloop
  endfacet
  facet normal 0 0 1
    outer loop
      vertex 13.244 -14.2508 5
      vertex 6.84351 -45.099 5
      vertex 6.84421 -45.1097 5
    endloop
  endfacet
  facet normal -0 0 1
    outer loop
      vertex 6.84421 -46.8903 5
      vertex 8.52266 -57.1069 5
      vertex 6.90256 -46 5
    endloop
  endfacet
  facet normal 0 0 1
    outer loop
      vertex 13.244 -14.2508 5
      vertex 6.90256 -46 5
      vertex 8.52266 -57.1069 5
    endloop
  endfacet
  facet normal 0 0 1
    outer loop
      vertex 13.244 -14.2508 5
      vertex 6.84421 -45.1097 5
      vertex 6.90256 -46 5
    endloop
  endfacet
  facet normal 0 0 1
    outer loop
      vertex 13.244 -14.2508 5
      vertex 6.84142 -45.0885 5
      vertex 6.84351 -45.099 5
    endloop
  endfacet
  facet normal 0 0 1
    outer loop
      vertex 13.244 -14.2508 5
      vertex 6.66736 -44.2135 5
      vertex 6.84142 -45.0885 5
    endloop
  endfacet
  facet normal 0 0 1
    outer loop
      vertex 13.244 -14.2508 5
      vertex 6.66391 -44.2033 5
      vertex 6.66736 -44.2135 5
    endloop
  endfacet
  facet normal 0 0 1
    outer loop
      vertex 13.244 -14.2508 5
      vertex 6.37714 -43.3585 5
      vertex 6.66391 -44.2033 5
    endloop
  endfacet
  facet normal 0 0 1
    outer loop
      vertex 13.244 -14.2508 5
      vertex 5.98254 -42.5583 5
      vertex 6.37714 -43.3585 5
    endloop
  endfacet
  facet normal 0 0 1
    outer loop
      vertex 13.244 -14.2508 5
      vertex 5.9778 -42.5487 5
      vertex 5.98254 -42.5583 5
    endloop
  endfacet
  facet normal 0 0 1
    outer loop
      vertex 13.244 -14.2508 5
      vertex 5.97183 -42.5398 5
      vertex 5.9778 -42.5487 5
    endloop
  endfacet
  facet normal 0 0 1
    outer loop
      vertex 13.244 -14.2508 5
      vertex 5.47617 -41.798 5
      vertex 5.97183 -42.5398 5
    endloop
  endfacet
  facet normal -0 0 1
    outer loop
      vertex -4.337 17.639 5
      vertex 13.5805 -12.9951 5
      vertex -4.02346 17.7688 5
    endloop
  endfacet
  facet normal 0 0 1
    outer loop
      vertex 13.5805 -12.9951 5
      vertex -4.337 17.639 5
      vertex 13.3739 -13.2643 5
    endloop
  endfacet
  facet normal 0 0 1
    outer loop
      vertex 13.244 -14.2508 5
      vertex 4.88793 -41.1272 5
      vertex 5.47617 -41.798 5
    endloop
  endfacet
  facet normal 0 0 1
    outer loop
      vertex 13.244 -14.2508 5
      vertex 4.88085 -41.1192 5
      vertex 4.88793 -41.1272 5
    endloop
  endfacet
  facet normal 0 0 1
    outer loop
      vertex 13.244 -14.2508 5
      vertex 4.87278 -41.1121 5
      vertex 4.88085 -41.1192 5
    endloop
  endfacet
  facet normal 0 0 1
    outer loop
      vertex 13.244 -14.2508 5
      vertex 4.20201 -40.5238 5
      vertex 4.87278 -41.1121 5
    endloop
  endfacet
  facet normal -0 0 1
    outer loop
      vertex -4.67346 17.5947 5
      vertex 13.3739 -13.2643 5
      vertex -4.337 17.639 5
    endloop
  endfacet
  facet normal 0 0 1
    outer loop
      vertex 13.244 -14.2508 5
      vertex 3.46021 -40.0282 5
      vertex 4.20201 -40.5238 5
    endloop
  endfacet
  facet normal 0 0 1
    outer loop
      vertex 13.244 -14.2508 5
      vertex 3.45128 -40.0222 5
      vertex 3.46021 -40.0282 5
    endloop
  endfacet
  facet normal 0 0 1
    outer loop
      vertex 13.244 -14.2508 5
      vertex 3.44166 -40.0175 5
      vertex 3.45128 -40.0222 5
    endloop
  endfacet
  facet normal 0 0 1
    outer loop
      vertex 13.244 -14.2508 5
      vertex 2.6415 -39.6229 5
      vertex 3.44166 -40.0175 5
    endloop
  endfacet
  facet normal 0 0 1
    outer loop
      vertex 13.3739 -13.2643 5
      vertex -4.67346 17.5947 5
      vertex 13.244 -13.5778 5
    endloop
  endfacet
  facet normal 0 0 1
    outer loop
      vertex 13.244 -14.2508 5
      vertex 1.79668 -39.3361 5
      vertex 2.6415 -39.6229 5
    endloop
  endfacet
  facet normal 0 0 1
    outer loop
      vertex 13.244 -14.2508 5
      vertex 1.78651 -39.3326 5
      vertex 1.79668 -39.3361 5
    endloop
  endfacet
  facet normal 0 0 1
    outer loop
      vertex 13.244 -14.2508 5
      vertex 0.911492 -39.1586 5
      vertex 1.78651 -39.3326 5
    endloop
  endfacet
  facet normal 0 0 1
    outer loop
      vertex -5.00993 17.639 5
      vertex 13.244 -13.5778 5
      vertex -4.67346 17.5947 5
    endloop
  endfacet
  facet normal 0 0 1
    outer loop
      vertex 13.244 -14.2508 5
      vertex 0.900965 -39.1565 5
      vertex 0.911492 -39.1586 5
    endloop
  endfacet
  facet normal 0 0 1
    outer loop
      vertex 13.244 -14.2508 5
      vertex 0.890255 -39.1558 5
      vertex 0.900965 -39.1565 5
    endloop
  endfacet
  facet normal 0 0 1
    outer loop
      vertex 13.244 -14.2508 5
      vertex 0 -39.0974 5
      vertex 0.890255 -39.1558 5
    endloop
  endfacet
  facet normal 0 0 1
    outer loop
      vertex 13.244 -13.5778 5
      vertex -5.00993 17.639 5
      vertex 13.1997 -13.9143 5
    endloop
  endfacet
  facet normal 0 0 1
    outer loop
      vertex 13.8497 -12.7885 5
      vertex -4.02346 17.7688 5
      vertex 13.5805 -12.9951 5
    endloop
  endfacet
  facet normal 0 0 1
    outer loop
      vertex 32.9346 23 5
      vertex -3.41776 19.2311 5
      vertex -3.37346 18.8947 5
    endloop
  endfacet
  facet normal 0 0 1
    outer loop
      vertex 32.993 23.8903 5
      vertex -3.41776 19.2311 5
      vertex 32.9346 23 5
    endloop
  endfacet
  facet normal 0 0 1
    outer loop
      vertex 19.9091 51.4081 5
      vertex -3.75422 19.8139 5
      vertex -3.54763 19.5447 5
    endloop
  endfacet
  facet normal 0 0 1
    outer loop
      vertex 19.9091 51.4081 5
      vertex -4.02346 20.0205 5
      vertex -3.75422 19.8139 5
    endloop
  endfacet
  facet normal 0 0 1
    outer loop
      vertex 19.9091 51.4081 5
      vertex -4.337 20.1504 5
      vertex -4.02346 20.0205 5
    endloop
  endfacet
  facet normal 0 0 1
    outer loop
      vertex 19.9091 51.4081 5
      vertex -4.67346 20.1947 5
      vertex -4.337 20.1504 5
    endloop
  endfacet
  facet normal 0 0 1
    outer loop
      vertex 19.9091 51.4081 5
      vertex -5.00993 20.1504 5
      vertex -4.67346 20.1947 5
    endloop
  endfacet
  facet normal -0 0 1
    outer loop
      vertex -34.9563 27.8808 5
      vertex -5.00993 20.1504 5
      vertex 19.9091 51.4081 5
    endloop
  endfacet
  facet normal -0 -0 1
    outer loop
      vertex -34.9492 27.8728 5
      vertex -5.00993 20.1504 5
      vertex -34.9563 27.8808 5
    endloop
  endfacet
  facet normal 0 0 1
    outer loop
      vertex -5.47617 -41.798 5
      vertex -34.9572 -49.8006 5
      vertex -5.97183 -42.5398 5
    endloop
  endfacet
  facet normal 0 0 1
    outer loop
      vertex -34.9644 18.1121 5
      vertex -5.92917 18.5582 5
      vertex -34.9563 18.1192 5
    endloop
  endfacet
  facet normal 0 0 1
    outer loop
      vertex -5.97183 -42.5398 5
      vertex -34.9572 -49.8006 5
      vertex -5.9778 -42.5487 5
    endloop
  endfacet
  facet normal 0 0 1
    outer loop
      vertex -5.98254 -42.5583 5
      vertex -34.9572 -49.8006 5
      vertex -6.37714 -43.3585 5
    endloop
  endfacet
  facet normal 0 0 1
    outer loop
      vertex -6.37714 -43.3585 5
      vertex -34.9572 -49.8006 5
      vertex -6.66391 -44.2033 5
    endloop
  endfacet
  facet normal 0 0 1
    outer loop
      vertex -6.66391 -44.2033 5
      vertex -34.9572 -49.8006 5
      vertex -6.66736 -44.2135 5
    endloop
  endfacet
  facet normal 0 0 1
    outer loop
      vertex -6.66736 -44.2135 5
      vertex -34.9572 -49.8006 5
      vertex -6.84142 -45.0885 5
    endloop
  endfacet
  facet normal 0 0 1
    outer loop
      vertex -6.84142 -45.0885 5
      vertex -34.9572 -49.8006 5
      vertex -6.84351 -45.099 5
    endloop
  endfacet
  facet normal -0 0 1
    outer loop
      vertex -32.9937 22.099 5
      vertex -5.92917 19.2311 5
      vertex -32.993 22.1097 5
    endloop
  endfacet
  facet normal -0 0 1
    outer loop
      vertex -32.993 22.1097 5
      vertex -5.92917 19.2311 5
      vertex -32.9346 23 5
    endloop
  endfacet
  facet normal 0 0 1
    outer loop
      vertex -32.993 23.8903 5
      vertex -5.92917 19.2311 5
      vertex -5.7993 19.5447 5
    endloop
  endfacet
  facet normal 0 0 1
    outer loop
      vertex -33.1698 24.7865 5
      vertex -5.7993 19.5447 5
      vertex -5.5927 19.8139 5
    endloop
  endfacet
  facet normal -0 -0 1
    outer loop
      vertex -34.361 27.202 5
      vertex -5.00993 20.1504 5
      vertex -34.9492 27.8728 5
    endloop
  endfacet
  facet normal 0 0 1
    outer loop
      vertex -5.92917 19.2311 5
      vertex -32.993 23.8903 5
      vertex -32.9346 23 5
    endloop
  endfacet
  facet normal 0 0 1
    outer loop
      vertex -5.7993 19.5447 5
      vertex -32.9937 23.901 5
      vertex -32.993 23.8903 5
    endloop
  endfacet
  facet normal 0 0 1
    outer loop
      vertex -5.7993 19.5447 5
      vertex -32.9958 23.9115 5
      vertex -32.9937 23.901 5
    endloop
  endfacet
  facet normal 0 0 1
    outer loop
      vertex -5.7993 19.5447 5
      vertex -33.1698 24.7865 5
      vertex -32.9958 23.9115 5
    endloop
  endfacet
  facet normal 0 0 1
    outer loop
      vertex -5.5927 19.8139 5
      vertex -33.1733 24.7967 5
      vertex -33.1698 24.7865 5
    endloop
  endfacet
  facet normal 0 0 1
    outer loop
      vertex -5.5927 19.8139 5
      vertex -33.46 25.6415 5
      vertex -33.1733 24.7967 5
    endloop
  endfacet
  facet normal 0 0 1
    outer loop
      vertex -5.5927 19.8139 5
      vertex -33.8546 26.4417 5
      vertex -33.46 25.6415 5
    endloop
  endfacet
  facet normal 0 0 1
    outer loop
      vertex -5.5927 19.8139 5
      vertex -33.8594 26.4513 5
      vertex -33.8546 26.4417 5
    endloop
  endfacet
  facet normal 0 0 1
    outer loop
      vertex -5.32346 20.0205 5
      vertex -33.8594 26.4513 5
      vertex -5.5927 19.8139 5
    endloop
  endfacet
  facet normal -0 -0 1
    outer loop
      vertex -33.8594 26.4513 5
      vertex -5.32346 20.0205 5
      vertex -33.8653 26.4602 5
    endloop
  endfacet
  facet normal -0 -0 1
    outer loop
      vertex -33.8653 26.4602 5
      vertex -5.32346 20.0205 5
      vertex -34.361 27.202 5
    endloop
  endfacet
  facet normal 0 0 1
    outer loop
      vertex -5.00993 20.1504 5
      vertex -34.361 27.202 5
      vertex -5.32346 20.0205 5
    endloop
  endfacet
  facet normal 0 0 1
    outer loop
      vertex 19.9091 51.4081 5
      vertex -34.9644 27.8879 5
      vertex -34.9563 27.8808 5
    endloop
  endfacet
  facet normal 0 0 1
    outer loop
      vertex 19.9091 51.4081 5
      vertex -35.6352 28.4762 5
      vertex -34.9644 27.8879 5
    endloop
  endfacet
  facet normal -0 0 1
    outer loop
      vertex -43.4606 36.5229 5
      vertex -35.6352 28.4762 5
      vertex 19.9091 51.4081 5
    endloop
  endfacet
  facet normal 0 0 1
    outer loop
      vertex -35.6352 28.4762 5
      vertex -43.4606 36.5229 5
      vertex -36.377 28.9718 5
    endloop
  endfacet
  facet normal 0 0 1
    outer loop
      vertex -36.377 28.9718 5
      vertex -43.4606 36.5229 5
      vertex -36.3859 28.9778 5
    endloop
  endfacet
  facet normal 0 0 1
    outer loop
      vertex -36.3859 28.9778 5
      vertex -43.4606 36.5229 5
      vertex -36.3955 28.9825 5
    endloop
  endfacet
  facet normal 0 0 1
    outer loop
      vertex -36.3955 28.9825 5
      vertex -43.4606 36.5229 5
      vertex -37.1957 29.3771 5
    endloop
  endfacet
  facet normal 0 0 1
    outer loop
      vertex -37.1957 29.3771 5
      vertex -43.4606 36.5229 5
      vertex -38.0405 29.6639 5
    endloop
  endfacet
  facet normal 0 0 1
    outer loop
      vertex -38.0405 29.6639 5
      vertex -43.4606 36.5229 5
      vertex -38.0507 29.6674 5
    endloop
  endfacet
  facet normal 0 0 1
    outer loop
      vertex -38.0507 29.6674 5
      vertex -43.4606 36.5229 5
      vertex -38.9257 29.8414 5
    endloop
  endfacet
  facet normal 0 0 1
    outer loop
      vertex -38.9257 29.8414 5
      vertex -43.4606 36.5229 5
      vertex -38.9362 29.8435 5
    endloop
  endfacet
  facet normal 0 0 1
    outer loop
      vertex -38.9362 29.8435 5
      vertex -43.4606 36.5229 5
      vertex -38.9469 29.8442 5
    endloop
  endfacet
  facet normal 0 0 1
    outer loop
      vertex -38.9469 29.8442 5
      vertex -43.4606 36.5229 5
      vertex -39.8372 29.9026 5
    endloop
  endfacet
  facet normal 0 0 1
    outer loop
      vertex -39.8372 29.9026 5
      vertex -43.4606 36.5229 5
      vertex -40.7274 29.8442 5
    endloop
  endfacet
  facet normal 0 0 1
    outer loop
      vertex -40.7274 29.8442 5
      vertex -43.4606 36.5229 5
      vertex -40.7381 29.8435 5
    endloop
  endfacet
  facet normal 0 0 1
    outer loop
      vertex -40.7381 29.8435 5
      vertex -43.4606 36.5229 5
      vertex -40.7487 29.8414 5
    endloop
  endfacet
  facet normal 0 0 1
    outer loop
      vertex -40.7487 29.8414 5
      vertex -43.4606 36.5229 5
      vertex -41.6237 29.6674 5
    endloop
  endfacet
  facet normal 0 0 1
    outer loop
      vertex -41.6237 29.6674 5
      vertex -43.4606 36.5229 5
      vertex -41.6338 29.6639 5
    endloop
  endfacet
  facet normal 0 0 1
    outer loop
      vertex -45.1947 35.9343 5
      vertex -43.2788 28.9825 5
      vertex -42.4787 29.3771 5
    endloop
  endfacet
  facet normal 0 0 1
    outer loop
      vertex -41.6338 29.6639 5
      vertex -43.4606 36.5229 5
      vertex -42.4787 29.3771 5
    endloop
  endfacet
  facet normal -0 0 1
    outer loop
      vertex -45.1947 35.9343 5
      vertex -42.4787 29.3771 5
      vertex -43.4606 36.5229 5
    endloop
  endfacet
  facet normal -0 0 1
    outer loop
      vertex -46.8372 35.1243 5
      vertex -43.2788 28.9825 5
      vertex -45.1947 35.9343 5
    endloop
  endfacet
  facet normal 0 0 1
    outer loop
      vertex -43.2788 28.9825 5
      vertex -46.8372 35.1243 5
      vertex -43.2885 28.9778 5
    endloop
  endfacet
  facet normal 0 0 1
    outer loop
      vertex -43.2885 28.9778 5
      vertex -46.8372 35.1243 5
      vertex -43.2974 28.9718 5
    endloop
  endfacet
  facet normal 0 0 1
    outer loop
      vertex -43.2974 28.9718 5
      vertex -46.8372 35.1243 5
      vertex -44.0392 28.4762 5
    endloop
  endfacet
  facet normal -0 0 1
    outer loop
      vertex -48.3598 34.1069 5
      vertex -44.0392 28.4762 5
      vertex -46.8372 35.1243 5
    endloop
  endfacet
  facet normal 0 0 1
    outer loop
      vertex -44.0392 28.4762 5
      vertex -48.3598 34.1069 5
      vertex -44.7099 27.8879 5
    endloop
  endfacet
  facet normal -0 0 1
    outer loop
      vertex -49.7366 32.8995 5
      vertex -44.7099 27.8879 5
      vertex -48.3598 34.1069 5
    endloop
  endfacet
  facet normal 0 0 1
    outer loop
      vertex -44.7099 27.8879 5
      vertex -49.7366 32.8995 5
      vertex -44.718 27.8808 5
    endloop
  endfacet
  facet normal 0 0 1
    outer loop
      vertex -44.718 27.8808 5
      vertex -49.7366 32.8995 5
      vertex -44.7251 27.8728 5
    endloop
  endfacet
  facet normal 0 0 1
    outer loop
      vertex -44.7251 27.8728 5
      vertex -49.7366 32.8995 5
      vertex -45.3133 27.202 5
    endloop
  endfacet
  facet normal -0 0 1
    outer loop
      vertex -50.9441 31.5227 5
      vertex -45.3133 27.202 5
      vertex -49.7366 32.8995 5
    endloop
  endfacet
  facet normal 0 0 1
    outer loop
      vertex -45.3133 27.202 5
      vertex -50.9441 31.5227 5
      vertex -45.809 26.4602 5
    endloop
  endfacet
  facet normal -0 0 1
    outer loop
      vertex -51.9615 30 5
      vertex -45.809 26.4602 5
      vertex -50.9441 31.5227 5
    endloop
  endfacet
  facet normal 0 0 1
    outer loop
      vertex -45.809 26.4602 5
      vertex -51.9615 30 5
      vertex -45.815 26.4513 5
    endloop
  endfacet
  facet normal 0 0 1
    outer loop
      vertex -45.815 26.4513 5
      vertex -51.9615 30 5
      vertex -45.8197 26.4417 5
    endloop
  endfacet
  facet normal 0 0 1
    outer loop
      vertex -46.2143 25.6415 5
      vertex -52.7715 28.3576 5
      vertex -46.5011 24.7967 5
    endloop
  endfacet
  facet normal -0 0 1
    outer loop
      vertex -52.7715 28.3576 5
      vertex -46.2143 25.6415 5
      vertex -51.9615 30 5
    endloop
  endfacet
  facet normal 0 0 1
    outer loop
      vertex -45.8197 26.4417 5
      vertex -51.9615 30 5
      vertex -46.2143 25.6415 5
    endloop
  endfacet
  facet normal -0 0 1
    outer loop
      vertex 6.84351 -46.901 5
      vertex 8.52266 -57.1069 5
      vertex 6.84421 -46.8903 5
    endloop
  endfacet
  facet normal -0 0 1
    outer loop
      vertex 6.84142 -46.9115 5
      vertex 8.52266 -57.1069 5
      vertex 6.84351 -46.901 5
    endloop
  endfacet
  facet normal -0 0 1
    outer loop
      vertex 6.66736 -47.7865 5
      vertex 8.52266 -57.1069 5
      vertex 6.84142 -46.9115 5
    endloop
  endfacet
  facet normal -0 0 1
    outer loop
      vertex 6.66391 -47.7967 5
      vertex 8.52266 -57.1069 5
      vertex 6.66736 -47.7865 5
    endloop
  endfacet
  facet normal -0 0 1
    outer loop
      vertex 6.37714 -48.6415 5
      vertex 8.52266 -57.1069 5
      vertex 6.66391 -47.7967 5
    endloop
  endfacet
  facet normal -0 0 1
    outer loop
      vertex 5.98254 -49.4417 5
      vertex 8.52266 -57.1069 5
      vertex 6.37714 -48.6415 5
    endloop
  endfacet
  facet normal -0 0 1
    outer loop
      vertex 5.9778 -49.4513 5
      vertex 8.52266 -57.1069 5
      vertex 5.98254 -49.4417 5
    endloop
  endfacet
  facet normal -0 0 1
    outer loop
      vertex 5.97183 -49.4602 5
      vertex 8.52266 -57.1069 5
      vertex 5.9778 -49.4513 5
    endloop
  endfacet
  facet normal -0 0 1
    outer loop
      vertex 5.47617 -50.202 5
      vertex 8.52266 -57.1069 5
      vertex 5.97183 -49.4602 5
    endloop
  endfacet
  facet normal -0 0 1
    outer loop
      vertex 4.88793 -50.8728 5
      vertex 8.52266 -57.1069 5
      vertex 5.47617 -50.202 5
    endloop
  endfacet
  facet normal -0 0 1
    outer loop
      vertex 4.88085 -50.8808 5
      vertex 8.52266 -57.1069 5
      vertex 4.88793 -50.8728 5
    endloop
  endfacet
  facet normal -0 0 1
    outer loop
      vertex 4.87278 -50.8879 5
      vertex 8.52266 -57.1069 5
      vertex 4.88085 -50.8808 5
    endloop
  endfacet
  facet normal -0 0 1
    outer loop
      vertex 4.20201 -51.4762 5
      vertex 8.52266 -57.1069 5
      vertex 4.87278 -50.8879 5
    endloop
  endfacet
  facet normal 0 0 1
    outer loop
      vertex 8.52266 -57.1069 5
      vertex 4.20201 -51.4762 5
      vertex 7 -58.1243 5
    endloop
  endfacet
  facet normal -0 0 1
    outer loop
      vertex 3.46021 -51.9718 5
      vertex 7 -58.1243 5
      vertex 4.20201 -51.4762 5
    endloop
  endfacet
  facet normal -0 0 1
    outer loop
      vertex 3.45128 -51.9778 5
      vertex 7 -58.1243 5
      vertex 3.46021 -51.9718 5
    endloop
  endfacet
  facet normal -0 0 1
    outer loop
      vertex 3.44166 -51.9825 5
      vertex 7 -58.1243 5
      vertex 3.45128 -51.9778 5
    endloop
  endfacet
  facet normal 0 0 1
    outer loop
      vertex 7 -58.1243 5
      vertex 3.44166 -51.9825 5
      vertex 5.35756 -58.9343 5
    endloop
  endfacet
  facet normal -0 0 1
    outer loop
      vertex 2.6415 -52.3771 5
      vertex 5.35756 -58.9343 5
      vertex 3.44166 -51.9825 5
    endloop
  endfacet
  facet normal 0 0 1
    outer loop
      vertex 5.35756 -58.9343 5
      vertex 2.6415 -52.3771 5
      vertex 3.62346 -59.5229 5
    endloop
  endfacet
  facet normal -0 0 1
    outer loop
      vertex 1.79668 -52.6639 5
      vertex 3.62346 -59.5229 5
      vertex 2.6415 -52.3771 5
    endloop
  endfacet
  facet normal -0 0 1
    outer loop
      vertex 1.78651 -52.6674 5
      vertex 3.62346 -59.5229 5
      vertex 1.79668 -52.6639 5
    endloop
  endfacet
  facet normal 0 0 1
    outer loop
      vertex 3.62346 -59.5229 5
      vertex 1.78651 -52.6674 5
      vertex 1.82736 -59.8802 5
    endloop
  endfacet
  facet normal -0 0 1
    outer loop
      vertex 0.911492 -52.8414 5
      vertex 1.82736 -59.8802 5
      vertex 1.78651 -52.6674 5
    endloop
  endfacet
  facet normal -0 0 1
    outer loop
      vertex 0.900965 -52.8435 5
      vertex 1.82736 -59.8802 5
      vertex 0.911492 -52.8414 5
    endloop
  endfacet
  facet normal -0 0 1
    outer loop
      vertex 0.890255 -52.8442 5
      vertex 1.82736 -59.8802 5
      vertex 0.900965 -52.8435 5
    endloop
  endfacet
  facet normal -0 0 1
    outer loop
      vertex 0 -52.9026 5
      vertex 1.82736 -59.8802 5
      vertex 0.890255 -52.8442 5
    endloop
  endfacet
  facet normal 0 0 1
    outer loop
      vertex 0 -52.9026 5
      vertex 0 -60 5
      vertex 1.82736 -59.8802 5
    endloop
  endfacet
  facet normal 0 0 1
    outer loop
      vertex -0.890255 -52.8442 5
      vertex 0 -60 5
      vertex 0 -52.9026 5
    endloop
  endfacet
  facet normal 0 0 1
    outer loop
      vertex -1.82736 -59.8802 5
      vertex -0.890255 -52.8442 5
      vertex -0.900965 -52.8435 5
    endloop
  endfacet
  facet normal 0 0 1
    outer loop
      vertex -1.82736 -59.8802 5
      vertex -0.900965 -52.8435 5
      vertex -0.911492 -52.8414 5
    endloop
  endfacet
  facet normal 0 0 1
    outer loop
      vertex -1.82736 -59.8802 5
      vertex -0.911492 -52.8414 5
      vertex -1.78651 -52.6674 5
    endloop
  endfacet
  facet normal 0 0 1
    outer loop
      vertex -1.82736 -59.8802 5
      vertex -1.78651 -52.6674 5
      vertex -1.79668 -52.6639 5
    endloop
  endfacet
  facet normal 0 0 1
    outer loop
      vertex -0.890255 -52.8442 5
      vertex -1.82736 -59.8802 5
      vertex 0 -60 5
    endloop
  endfacet
  facet normal 0 0 1
    outer loop
      vertex -2.6415 -52.3771 5
      vertex -1.82736 -59.8802 5
      vertex -1.79668 -52.6639 5
    endloop
  endfacet
  facet normal 0 0 1
    outer loop
      vertex -3.44166 -51.9825 5
      vertex -1.82736 -59.8802 5
      vertex -2.6415 -52.3771 5
    endloop
  endfacet
  facet normal 0 0 1
    outer loop
      vertex -3.45128 -51.9778 5
      vertex -1.82736 -59.8802 5
      vertex -3.44166 -51.9825 5
    endloop
  endfacet
  facet normal 0 0 1
    outer loop
      vertex -3.46021 -51.9718 5
      vertex -1.82736 -59.8802 5
      vertex -3.45128 -51.9778 5
    endloop
  endfacet
  facet normal 0 0 1
    outer loop
      vertex -4.20201 -51.4762 5
      vertex -1.82736 -59.8802 5
      vertex -3.46021 -51.9718 5
    endloop
  endfacet
  facet normal 0 0 1
    outer loop
      vertex -4.87278 -50.8879 5
      vertex -1.82736 -59.8802 5
      vertex -4.20201 -51.4762 5
    endloop
  endfacet
  facet normal 0 0 1
    outer loop
      vertex -4.88085 -50.8808 5
      vertex -1.82736 -59.8802 5
      vertex -4.87278 -50.8879 5
    endloop
  endfacet
  facet normal 0 0 1
    outer loop
      vertex -4.88793 -50.8728 5
      vertex -1.82736 -59.8802 5
      vertex -4.88085 -50.8808 5
    endloop
  endfacet
  facet normal 0 0 1
    outer loop
      vertex -5.47617 -50.202 5
      vertex -1.82736 -59.8802 5
      vertex -4.88793 -50.8728 5
    endloop
  endfacet
  facet normal 0 0 1
    outer loop
      vertex -36.2572 -57.3006 5
      vertex -5.47617 -50.202 5
      vertex -5.97183 -49.4602 5
    endloop
  endfacet
  facet normal 0 0 1
    outer loop
      vertex -36.2572 -57.3006 5
      vertex -5.97183 -49.4602 5
      vertex -5.9778 -49.4513 5
    endloop
  endfacet
  facet normal 0 0 1
    outer loop
      vertex -36.2572 -57.3006 5
      vertex -5.9778 -49.4513 5
      vertex -5.98254 -49.4417 5
    endloop
  endfacet
  facet normal 0 0 1
    outer loop
      vertex -35.0015 -50.1371 5
      vertex -5.98254 -49.4417 5
      vertex -6.37714 -48.6415 5
    endloop
  endfacet
  facet normal 0 0 1
    outer loop
      vertex -35.0015 -50.1371 5
      vertex -6.66391 -47.7967 5
      vertex -6.66736 -47.7865 5
    endloop
  endfacet
  facet normal 0 0 1
    outer loop
      vertex -34.9572 -49.8006 5
      vertex -6.84142 -46.9115 5
      vertex -6.84351 -46.901 5
    endloop
  endfacet
  facet normal 0 0 1
    outer loop
      vertex -34.9572 -49.8006 5
      vertex -6.84421 -46.8903 5
      vertex -6.90256 -46 5
    endloop
  endfacet
  facet normal 0 0 1
    outer loop
      vertex -5.92917 19.2311 5
      vertex -32.9937 22.099 5
      vertex -5.97346 18.8947 5
    endloop
  endfacet
  facet normal -0 0 1
    outer loop
      vertex -32.9958 22.0885 5
      vertex -5.97346 18.8947 5
      vertex -32.9937 22.099 5
    endloop
  endfacet
  facet normal -0 0 1
    outer loop
      vertex -33.1698 21.2135 5
      vertex -5.97346 18.8947 5
      vertex -32.9958 22.0885 5
    endloop
  endfacet
  facet normal 0 0 1
    outer loop
      vertex -5.92917 18.5582 5
      vertex -33.1698 21.2135 5
      vertex -33.1733 21.2033 5
    endloop
  endfacet
  facet normal 0 0 1
    outer loop
      vertex -5.92917 18.5582 5
      vertex -33.1733 21.2033 5
      vertex -33.46 20.3585 5
    endloop
  endfacet
  facet normal 0 0 1
    outer loop
      vertex -5.92917 18.5582 5
      vertex -33.46 20.3585 5
      vertex -33.8546 19.5583 5
    endloop
  endfacet
  facet normal 0 0 1
    outer loop
      vertex -5.92917 18.5582 5
      vertex -33.8546 19.5583 5
      vertex -33.8594 19.5487 5
    endloop
  endfacet
  facet normal 0 0 1
    outer loop
      vertex -5.92917 18.5582 5
      vertex -33.8594 19.5487 5
      vertex -33.8653 19.5398 5
    endloop
  endfacet
  facet normal 0 0 1
    outer loop
      vertex -5.92917 18.5582 5
      vertex -33.8653 19.5398 5
      vertex -34.361 18.798 5
    endloop
  endfacet
  facet normal 0 0 1
    outer loop
      vertex -5.92917 18.5582 5
      vertex -34.361 18.798 5
      vertex -34.9492 18.1272 5
    endloop
  endfacet
  facet normal 0 0 1
    outer loop
      vertex -5.92917 18.5582 5
      vertex -34.9492 18.1272 5
      vertex -34.9563 18.1192 5
    endloop
  endfacet
  facet normal 0 0 1
    outer loop
      vertex -6.84351 -45.099 5
      vertex -34.9572 -49.8006 5
      vertex -6.84421 -45.1097 5
    endloop
  endfacet
  facet normal 0 0 1
    outer loop
      vertex -6.84421 -45.1097 5
      vertex -34.9572 -49.8006 5
      vertex -6.90256 -46 5
    endloop
  endfacet
  facet normal 0 0 1
    outer loop
      vertex -6.84421 -46.8903 5
      vertex -34.9572 -49.8006 5
      vertex -6.84351 -46.901 5
    endloop
  endfacet
  facet normal 0 0 1
    outer loop
      vertex -6.84142 -46.9115 5
      vertex -34.9572 -49.8006 5
      vertex -6.66736 -47.7865 5
    endloop
  endfacet
  facet normal 0 0 1
    outer loop
      vertex -35.0015 -50.1371 5
      vertex -6.66736 -47.7865 5
      vertex -34.9572 -49.8006 5
    endloop
  endfacet
  facet normal 0 0 1
    outer loop
      vertex -6.66391 -47.7967 5
      vertex -35.0015 -50.1371 5
      vertex -6.37714 -48.6415 5
    endloop
  endfacet
  facet normal 0 0 1
    outer loop
      vertex -5.98254 -49.4417 5
      vertex -35.0015 -50.1371 5
      vertex -36.2572 -57.3006 5
    endloop
  endfacet
  facet normal 0 0 1
    outer loop
      vertex -36.2572 -57.3006 5
      vertex -35.0015 -50.1371 5
      vertex -35.1314 -50.4506 5
    endloop
  endfacet
  facet normal 0 0 1
    outer loop
      vertex -36.2572 -57.3006 5
      vertex -35.1314 -50.4506 5
      vertex -35.338 -50.7199 5
    endloop
  endfacet
  facet normal 0 0 1
    outer loop
      vertex -36.2572 -57.3006 5
      vertex -35.338 -50.7199 5
      vertex -35.6072 -50.9265 5
    endloop
  endfacet
  facet normal 0 0 1
    outer loop
      vertex -36.2572 -57.3006 5
      vertex -35.6072 -50.9265 5
      vertex -35.9208 -51.0563 5
    endloop
  endfacet
  facet normal 0 0 1
    outer loop
      vertex -5.47617 -50.202 5
      vertex -36.2572 -57.3006 5
      vertex -1.82736 -59.8802 5
    endloop
  endfacet
  facet normal -0 0 1
    outer loop
      vertex -36.2572 -51.1006 5
      vertex -36.2572 -57.3006 5
      vertex -35.9208 -51.0563 5
    endloop
  endfacet
  facet normal 0 0 1
    outer loop
      vertex -37.7204 -57.1565 5
      vertex -36.2572 -51.1006 5
      vertex -36.5937 -51.0563 5
    endloop
  endfacet
  facet normal 0 0 1
    outer loop
      vertex -37.7204 -57.1565 5
      vertex -36.5937 -51.0563 5
      vertex -36.9072 -50.9265 5
    endloop
  endfacet
  facet normal 0 0 1
    outer loop
      vertex -37.7204 -57.1565 5
      vertex -36.9072 -50.9265 5
      vertex -37.1765 -50.7199 5
    endloop
  endfacet
  facet normal 0 0 1
    outer loop
      vertex -37.7204 -57.1565 5
      vertex -37.1765 -50.7199 5
      vertex -37.3831 -50.4506 5
    endloop
  endfacet
  facet normal 0 0 1
    outer loop
      vertex -37.7204 -57.1565 5
      vertex -37.3831 -50.4506 5
      vertex -37.5129 -50.1371 5
    endloop
  endfacet
  facet normal 0 0 1
    outer loop
      vertex -36.2572 -51.1006 5
      vertex -37.7204 -57.1565 5
      vertex -36.2572 -57.3006 5
    endloop
  endfacet
  facet normal 0 0 1
    outer loop
      vertex -37.7204 -57.1565 5
      vertex -37.5129 -50.1371 5
      vertex -37.5572 -49.8006 5
    endloop
  endfacet
  facet normal 0 0 1
    outer loop
      vertex 13.244 -14.2508 5
      vertex -0.890255 -39.1558 5
      vertex 0 -39.0974 5
    endloop
  endfacet
  facet normal 0 0 1
    outer loop
      vertex 13.244 -14.2508 5
      vertex -0.900965 -39.1565 5
      vertex -0.890255 -39.1558 5
    endloop
  endfacet
  facet normal 0 0 1
    outer loop
      vertex 13.244 -14.2508 5
      vertex -0.911492 -39.1586 5
      vertex -0.900965 -39.1565 5
    endloop
  endfacet
  facet normal 0 0 1
    outer loop
      vertex 13.244 -14.2508 5
      vertex -1.78651 -39.3326 5
      vertex -0.911492 -39.1586 5
    endloop
  endfacet
  facet normal 0 0 1
    outer loop
      vertex -5.32346 17.7688 5
      vertex 13.1997 -13.9143 5
      vertex -5.00993 17.639 5
    endloop
  endfacet
  facet normal 0 0 1
    outer loop
      vertex 13.244 -14.2508 5
      vertex -1.79668 -39.3361 5
      vertex -1.78651 -39.3326 5
    endloop
  endfacet
  facet normal 0 0 1
    outer loop
      vertex 13.244 -14.2508 5
      vertex -2.6415 -39.6229 5
      vertex -1.79668 -39.3361 5
    endloop
  endfacet
  facet normal 0 0 1
    outer loop
      vertex 13.1997 -13.9143 5
      vertex -3.44166 -40.0175 5
      vertex -2.6415 -39.6229 5
    endloop
  endfacet
  facet normal 0 0 1
    outer loop
      vertex 13.1997 -13.9143 5
      vertex -3.45128 -40.0222 5
      vertex -3.44166 -40.0175 5
    endloop
  endfacet
  facet normal 0 0 1
    outer loop
      vertex 13.1997 -13.9143 5
      vertex -5.32346 17.7688 5
      vertex -3.45128 -40.0222 5
    endloop
  endfacet
  facet normal 0 0 1
    outer loop
      vertex -5.5927 17.9754 5
      vertex -35.6352 17.5238 5
      vertex -5.32346 17.7688 5
    endloop
  endfacet
  facet normal 0 0 1
    outer loop
      vertex -36.377 17.0282 5
      vertex -5.32346 17.7688 5
      vertex -35.6352 17.5238 5
    endloop
  endfacet
  facet normal 0 0 1
    outer loop
      vertex -35.6352 17.5238 5
      vertex -5.5927 17.9754 5
      vertex -34.9644 18.1121 5
    endloop
  endfacet
  facet normal 0 0 1
    outer loop
      vertex -36.3859 17.0222 5
      vertex -5.32346 17.7688 5
      vertex -36.377 17.0282 5
    endloop
  endfacet
  facet normal 0 0 1
    outer loop
      vertex -5.32346 17.7688 5
      vertex -36.3859 17.0222 5
      vertex -3.45128 -40.0222 5
    endloop
  endfacet
  facet normal 0 0 1
    outer loop
      vertex -3.45128 -40.0222 5
      vertex -36.3859 17.0222 5
      vertex -3.46021 -40.0282 5
    endloop
  endfacet
  facet normal -0 0 1
    outer loop
      vertex -36.3955 17.0175 5
      vertex -3.46021 -40.0282 5
      vertex -36.3859 17.0222 5
    endloop
  endfacet
  facet normal -0 0 1
    outer loop
      vertex -34.9644 18.1121 5
      vertex -5.5927 17.9754 5
      vertex -5.7993 18.2447 5
    endloop
  endfacet
  facet normal 0 0 1
    outer loop
      vertex -34.9644 18.1121 5
      vertex -5.7993 18.2447 5
      vertex -5.92917 18.5582 5
    endloop
  endfacet
  facet normal 0 0 1
    outer loop
      vertex -4.88085 -41.1192 5
      vertex -34.9572 -49.8006 5
      vertex -4.88793 -41.1272 5
    endloop
  endfacet
  facet normal 0 0 1
    outer loop
      vertex -33.1698 21.2135 5
      vertex -5.92917 18.5582 5
      vertex -5.97346 18.8947 5
    endloop
  endfacet
  facet normal 0 0 1
    outer loop
      vertex -4.88793 -41.1272 5
      vertex -34.9572 -49.8006 5
      vertex -5.47617 -41.798 5
    endloop
  endfacet
  facet normal 0 0 1
    outer loop
      vertex 52.7715 28.3576 5
      vertex 46.6814 23.8903 5
      vertex 46.7397 23 5
    endloop
  endfacet
  facet normal 0 0 1
    outer loop
      vertex 49.7366 32.8995 5
      vertex 46.6807 23.901 5
      vertex 46.6814 23.8903 5
    endloop
  endfacet
  facet normal 0 0 1
    outer loop
      vertex 49.7366 32.8995 5
      vertex 46.6786 23.9115 5
      vertex 46.6807 23.901 5
    endloop
  endfacet
  facet normal 0 0 1
    outer loop
      vertex 49.7366 32.8995 5
      vertex 46.5045 24.7865 5
      vertex 46.6786 23.9115 5
    endloop
  endfacet
  facet normal 0 0 1
    outer loop
      vertex 49.7366 32.8995 5
      vertex 46.5011 24.7967 5
      vertex 46.5045 24.7865 5
    endloop
  endfacet
  facet normal 0 0 1
    outer loop
      vertex 49.7366 32.8995 5
      vertex 46.2143 25.6415 5
      vertex 46.5011 24.7967 5
    endloop
  endfacet
  facet normal 0 0 1
    outer loop
      vertex 49.7366 32.8995 5
      vertex 45.8197 26.4417 5
      vertex 46.2143 25.6415 5
    endloop
  endfacet
  facet normal 0 0 1
    outer loop
      vertex 49.7366 32.8995 5
      vertex 45.815 26.4513 5
      vertex 45.8197 26.4417 5
    endloop
  endfacet
  facet normal 0 0 1
    outer loop
      vertex 49.7366 32.8995 5
      vertex 45.809 26.4602 5
      vertex 45.815 26.4513 5
    endloop
  endfacet
  facet normal 0 0 1
    outer loop
      vertex 49.7366 32.8995 5
      vertex 45.3133 27.202 5
      vertex 45.809 26.4602 5
    endloop
  endfacet
  facet normal 0 0 1
    outer loop
      vertex 49.7366 32.8995 5
      vertex 44.7251 27.8728 5
      vertex 45.3133 27.202 5
    endloop
  endfacet
  facet normal 0 0 1
    outer loop
      vertex 49.7366 32.8995 5
      vertex 44.718 27.8808 5
      vertex 44.7251 27.8728 5
    endloop
  endfacet
  facet normal 0 0 1
    outer loop
      vertex 49.7366 32.8995 5
      vertex 44.7099 27.8879 5
      vertex 44.718 27.8808 5
    endloop
  endfacet
  facet normal 0 0 1
    outer loop
      vertex 48.3598 34.1069 5
      vertex 44.0392 28.4762 5
      vertex 44.7099 27.8879 5
    endloop
  endfacet
  facet normal 0 0 1
    outer loop
      vertex 48.3598 34.1069 5
      vertex 43.2974 28.9718 5
      vertex 44.0392 28.4762 5
    endloop
  endfacet
  facet normal 0 0 1
    outer loop
      vertex 48.3598 34.1069 5
      vertex 43.2885 28.9778 5
      vertex 43.2974 28.9718 5
    endloop
  endfacet
  facet normal 0 0 1
    outer loop
      vertex 48.3598 34.1069 5
      vertex 43.2788 28.9825 5
      vertex 43.2885 28.9778 5
    endloop
  endfacet
  facet normal 0 0 1
    outer loop
      vertex 48.3598 34.1069 5
      vertex 42.4787 29.3771 5
      vertex 43.2788 28.9825 5
    endloop
  endfacet
  facet normal 0 0 1
    outer loop
      vertex 48.3598 34.1069 5
      vertex 41.6338 29.6639 5
      vertex 42.4787 29.3771 5
    endloop
  endfacet
  facet normal 0 0 1
    outer loop
      vertex 48.3598 34.1069 5
      vertex 41.6237 29.6674 5
      vertex 41.6338 29.6639 5
    endloop
  endfacet
  facet normal 0 0 1
    outer loop
      vertex 48.3598 34.1069 5
      vertex 40.7487 29.8414 5
      vertex 41.6237 29.6674 5
    endloop
  endfacet
  facet normal 0 0 1
    outer loop
      vertex 48.3598 34.1069 5
      vertex 40.7381 29.8435 5
      vertex 40.7487 29.8414 5
    endloop
  endfacet
  facet normal 0 0 1
    outer loop
      vertex 48.3598 34.1069 5
      vertex 40.7274 29.8442 5
      vertex 40.7381 29.8435 5
    endloop
  endfacet
  facet normal 0 0 1
    outer loop
      vertex 48.3598 34.1069 5
      vertex 39.8372 29.9026 5
      vertex 40.7274 29.8442 5
    endloop
  endfacet
  facet normal 0 0 1
    outer loop
      vertex 28.1663 49.7657 5
      vertex 39.8372 29.9026 5
      vertex 48.3598 34.1069 5
    endloop
  endfacet
  facet normal 0 0 1
    outer loop
      vertex 39.8372 29.9026 5
      vertex 28.1663 49.7657 5
      vertex 38.9469 29.8442 5
    endloop
  endfacet
  facet normal 0 0 1
    outer loop
      vertex 38.9469 29.8442 5
      vertex 28.1663 49.7657 5
      vertex 38.9362 29.8435 5
    endloop
  endfacet
  facet normal 0 0 1
    outer loop
      vertex 38.9362 29.8435 5
      vertex 28.1663 49.7657 5
      vertex 38.9257 29.8414 5
    endloop
  endfacet
  facet normal 0 0 1
    outer loop
      vertex 38.9257 29.8414 5
      vertex 28.1663 49.7657 5
      vertex 38.0507 29.6674 5
    endloop
  endfacet
  facet normal 0 0 1
    outer loop
      vertex 38.0507 29.6674 5
      vertex 28.1663 49.7657 5
      vertex 38.0405 29.6639 5
    endloop
  endfacet
  facet normal 0 0 1
    outer loop
      vertex 28.1663 49.7657 5
      vertex 36.3955 28.9825 5
      vertex 37.1957 29.3771 5
    endloop
  endfacet
  facet normal 0 0 1
    outer loop
      vertex 28.1663 49.7657 5
      vertex 34.9644 27.8879 5
      vertex 35.6352 28.4762 5
    endloop
  endfacet
  facet normal 0 0 1
    outer loop
      vertex 28.1663 49.7657 5
      vertex 34.9492 27.8728 5
      vertex 34.9563 27.8808 5
    endloop
  endfacet
  facet normal 0 0 1
    outer loop
      vertex 28.1663 49.7657 5
      vertex 33.8653 26.4602 5
      vertex 34.361 27.202 5
    endloop
  endfacet
  facet normal 0 0 1
    outer loop
      vertex 19.9091 51.4081 5
      vertex 33.8546 26.4417 5
      vertex 33.8594 26.4513 5
    endloop
  endfacet
  facet normal 0 0 1
    outer loop
      vertex -3.54763 19.5447 5
      vertex 33.1698 24.7865 5
      vertex 19.9091 51.4081 5
    endloop
  endfacet
  facet normal 0 0 1
    outer loop
      vertex 32.9958 23.9115 5
      vertex -3.54763 19.5447 5
      vertex 32.9937 23.901 5
    endloop
  endfacet
  facet normal 0 0 1
    outer loop
      vertex 33.1698 24.7865 5
      vertex -3.54763 19.5447 5
      vertex 32.9958 23.9115 5
    endloop
  endfacet
  facet normal 0 0 1
    outer loop
      vertex 33.1733 24.7967 5
      vertex 19.9091 51.4081 5
      vertex 33.1698 24.7865 5
    endloop
  endfacet
  facet normal 0 0 1
    outer loop
      vertex 33.46 25.6415 5
      vertex 19.9091 51.4081 5
      vertex 33.1733 24.7967 5
    endloop
  endfacet
  facet normal 0 0 1
    outer loop
      vertex 33.8546 26.4417 5
      vertex 19.9091 51.4081 5
      vertex 33.46 25.6415 5
    endloop
  endfacet
  facet normal 0 0 1
    outer loop
      vertex 33.8653 26.4602 5
      vertex 19.9091 51.4081 5
      vertex 33.8594 26.4513 5
    endloop
  endfacet
  facet normal 0 0 1
    outer loop
      vertex 19.9091 51.4081 5
      vertex 33.8653 26.4602 5
      vertex 28.1663 49.7657 5
    endloop
  endfacet
  facet normal 0 0 1
    outer loop
      vertex 34.9492 27.8728 5
      vertex 28.1663 49.7657 5
      vertex 34.361 27.202 5
    endloop
  endfacet
  facet normal 0 0 1
    outer loop
      vertex 34.9644 27.8879 5
      vertex 28.1663 49.7657 5
      vertex 34.9563 27.8808 5
    endloop
  endfacet
  facet normal 0 0 1
    outer loop
      vertex 36.377 28.9718 5
      vertex 28.1663 49.7657 5
      vertex 35.6352 28.4762 5
    endloop
  endfacet
  facet normal 0 0 1
    outer loop
      vertex 36.3859 28.9778 5
      vertex 28.1663 49.7657 5
      vertex 36.377 28.9718 5
    endloop
  endfacet
  facet normal 0 0 1
    outer loop
      vertex 36.3955 28.9825 5
      vertex 28.1663 49.7657 5
      vertex 36.3859 28.9778 5
    endloop
  endfacet
  facet normal 0 0 1
    outer loop
      vertex 38.0405 29.6639 5
      vertex 28.1663 49.7657 5
      vertex 37.1957 29.3771 5
    endloop
  endfacet
  facet normal 0 0 1
    outer loop
      vertex 62.4729 4.14612 5
      vertex 62.4729 -0.145859 5
      vertex 62.6843 2.00012 5
    endloop
  endfacet
  facet normal 0 0 1
    outer loop
      vertex 61.847 6.20964 5
      vertex 62.4729 -0.145859 5
      vertex 62.4729 4.14612 5
    endloop
  endfacet
  facet normal 0 0 1
    outer loop
      vertex 61.847 6.20964 5
      vertex 61.847 -2.20938 5
      vertex 62.4729 -0.145859 5
    endloop
  endfacet
  facet normal 0 0 1
    outer loop
      vertex 61.847 6.20964 5
      vertex 60.8305 -4.11115 5
      vertex 61.847 -2.20938 5
    endloop
  endfacet
  facet normal 0 0 1
    outer loop
      vertex 61.847 6.20964 5
      vertex 59.4625 -5.77805 5
      vertex 60.8305 -4.11115 5
    endloop
  endfacet
  facet normal -0 0 1
    outer loop
      vertex 46.5045 21.2135 5
      vertex 61.847 6.20964 5
      vertex 52.7715 28.3576 5
    endloop
  endfacet
  facet normal 0 0 1
    outer loop
      vertex 46.6814 23.8903 5
      vertex 52.7715 28.3576 5
      vertex 51.9615 30 5
    endloop
  endfacet
  facet normal 0 0 1
    outer loop
      vertex 46.6814 23.8903 5
      vertex 51.9615 30 5
      vertex 50.9441 31.5227 5
    endloop
  endfacet
  facet normal 0 0 1
    outer loop
      vertex 46.6814 23.8903 5
      vertex 50.9441 31.5227 5
      vertex 49.7366 32.8995 5
    endloop
  endfacet
  facet normal 0 0 1
    outer loop
      vertex 44.7099 27.8879 5
      vertex 49.7366 32.8995 5
      vertex 48.3598 34.1069 5
    endloop
  endfacet
  facet normal 0 0 1
    outer loop
      vertex 52.7715 28.3576 5
      vertex 46.7397 23 5
      vertex 46.6814 22.1097 5
    endloop
  endfacet
  facet normal 0 0 1
    outer loop
      vertex 52.7715 28.3576 5
      vertex 46.6814 22.1097 5
      vertex 46.6807 22.099 5
    endloop
  endfacet
  facet normal 0 0 1
    outer loop
      vertex 52.7715 28.3576 5
      vertex 46.6807 22.099 5
      vertex 46.6786 22.0885 5
    endloop
  endfacet
  facet normal 0 0 1
    outer loop
      vertex 52.7715 28.3576 5
      vertex 46.6786 22.0885 5
      vertex 46.5045 21.2135 5
    endloop
  endfacet
  facet normal 0 0 1
    outer loop
      vertex 61.847 6.20964 5
      vertex 46.5045 21.2135 5
      vertex 46.5011 21.2033 5
    endloop
  endfacet
  facet normal 0 0 1
    outer loop
      vertex 61.847 6.20964 5
      vertex 46.5011 21.2033 5
      vertex 46.2143 20.3585 5
    endloop
  endfacet
  facet normal -0 0 1
    outer loop
      vertex 45.8197 19.5583 5
      vertex 61.847 6.20964 5
      vertex 46.2143 20.3585 5
    endloop
  endfacet
  facet normal -0 0 1
    outer loop
      vertex 45.815 19.5487 5
      vertex 61.847 6.20964 5
      vertex 45.8197 19.5583 5
    endloop
  endfacet
  facet normal -0 0 1
    outer loop
      vertex 45.809 19.5398 5
      vertex 61.847 6.20964 5
      vertex 45.815 19.5487 5
    endloop
  endfacet
  facet normal -0 0 1
    outer loop
      vertex 45.3133 18.798 5
      vertex 61.847 6.20964 5
      vertex 45.809 19.5398 5
    endloop
  endfacet
  facet normal -0 0 1
    outer loop
      vertex 44.7251 18.1272 5
      vertex 61.847 6.20964 5
      vertex 45.3133 18.798 5
    endloop
  endfacet
  facet normal -0 0 1
    outer loop
      vertex 44.718 18.1192 5
      vertex 61.847 6.20964 5
      vertex 44.7251 18.1272 5
    endloop
  endfacet
  facet normal -0 0 1
    outer loop
      vertex 44.7099 18.1121 5
      vertex 61.847 6.20964 5
      vertex 44.718 18.1192 5
    endloop
  endfacet
  facet normal -0 0 1
    outer loop
      vertex 44.0392 17.5238 5
      vertex 61.847 6.20964 5
      vertex 44.7099 18.1121 5
    endloop
  endfacet
  facet normal -0 0 1
    outer loop
      vertex 43.2974 17.0282 5
      vertex 61.847 6.20964 5
      vertex 44.0392 17.5238 5
    endloop
  endfacet
  facet normal -0 0 1
    outer loop
      vertex 43.2885 17.0222 5
      vertex 61.847 6.20964 5
      vertex 43.2974 17.0282 5
    endloop
  endfacet
  facet normal -0 0 1
    outer loop
      vertex 43.2788 17.0175 5
      vertex 61.847 6.20964 5
      vertex 43.2885 17.0222 5
    endloop
  endfacet
  facet normal -0 0 1
    outer loop
      vertex 42.4787 16.6229 5
      vertex 61.847 6.20964 5
      vertex 43.2788 17.0175 5
    endloop
  endfacet
  facet normal 0 0 1
    outer loop
      vertex 61.847 6.20964 5
      vertex 42.4787 16.6229 5
      vertex 59.4625 -5.77805 5
    endloop
  endfacet
  facet normal -0 0 1
    outer loop
      vertex 41.6338 16.3361 5
      vertex 59.4625 -5.77805 5
      vertex 42.4787 16.6229 5
    endloop
  endfacet
  facet normal -0 0 1
    outer loop
      vertex 41.6237 16.3326 5
      vertex 59.4625 -5.77805 5
      vertex 41.6338 16.3361 5
    endloop
  endfacet
  facet normal -0 0 1
    outer loop
      vertex 40.7487 16.1586 5
      vertex 59.4625 -5.77805 5
      vertex 41.6237 16.3326 5
    endloop
  endfacet
  facet normal -0 0 1
    outer loop
      vertex 40.7381 16.1565 5
      vertex 59.4625 -5.77805 5
      vertex 40.7487 16.1586 5
    endloop
  endfacet
  facet normal -0 0 1
    outer loop
      vertex 40.7274 16.1558 5
      vertex 59.4625 -5.77805 5
      vertex 40.7381 16.1565 5
    endloop
  endfacet
  facet normal -0 0 1
    outer loop
      vertex 39.8372 16.0974 5
      vertex 59.4625 -5.77805 5
      vertex 40.7274 16.1558 5
    endloop
  endfacet
  facet normal 0 0 1
    outer loop
      vertex 38.9469 16.1558 5
      vertex 59.4625 -5.77805 5
      vertex 39.8372 16.0974 5
    endloop
  endfacet
  facet normal 0 0 1
    outer loop
      vertex 38.9362 16.1565 5
      vertex 59.4625 -5.77805 5
      vertex 38.9469 16.1558 5
    endloop
  endfacet
  facet normal 0 0 1
    outer loop
      vertex 15.7554 -13.5778 5
      vertex 38.9362 16.1565 5
      vertex 38.9257 16.1586 5
    endloop
  endfacet
  facet normal 0 0 1
    outer loop
      vertex 15.7554 -13.5778 5
      vertex 38.9257 16.1586 5
      vertex 38.0507 16.3326 5
    endloop
  endfacet
  facet normal 0 0 1
    outer loop
      vertex 15.7554 -13.5778 5
      vertex 38.0507 16.3326 5
      vertex 38.0405 16.3361 5
    endloop
  endfacet
  facet normal 0 0 1
    outer loop
      vertex 15.7554 -13.5778 5
      vertex 38.0405 16.3361 5
      vertex 37.1957 16.6229 5
    endloop
  endfacet
  facet normal 0 0 1
    outer loop
      vertex 15.7554 -13.5778 5
      vertex 37.1957 16.6229 5
      vertex 36.3955 17.0175 5
    endloop
  endfacet
  facet normal 0 0 1
    outer loop
      vertex 15.7554 -13.5778 5
      vertex 36.3955 17.0175 5
      vertex 36.3859 17.0222 5
    endloop
  endfacet
  facet normal 0 0 1
    outer loop
      vertex 15.7554 -13.5778 5
      vertex 36.3859 17.0222 5
      vertex 36.377 17.0282 5
    endloop
  endfacet
  facet normal 0 0 1
    outer loop
      vertex 15.7554 -13.5778 5
      vertex 36.377 17.0282 5
      vertex 35.6352 17.5238 5
    endloop
  endfacet
  facet normal 0 0 1
    outer loop
      vertex 15.7554 -13.5778 5
      vertex 35.6352 17.5238 5
      vertex 34.9644 18.1121 5
    endloop
  endfacet
  facet normal 0 0 1
    outer loop
      vertex 15.7554 -13.5778 5
      vertex 34.9644 18.1121 5
      vertex 34.9563 18.1192 5
    endloop
  endfacet
  facet normal 0 0 1
    outer loop
      vertex 15.7554 -13.5778 5
      vertex 34.9492 18.1272 5
      vertex 34.361 18.798 5
    endloop
  endfacet
  facet normal 0 0 1
    outer loop
      vertex 15.7554 -13.5778 5
      vertex 33.8653 19.5398 5
      vertex 33.8594 19.5487 5
    endloop
  endfacet
  facet normal 0 0 1
    outer loop
      vertex 15.7554 -13.5778 5
      vertex 33.8546 19.5583 5
      vertex 33.46 20.3585 5
    endloop
  endfacet
  facet normal 0 0 1
    outer loop
      vertex 15.7554 -13.5778 5
      vertex 32.9958 22.0885 5
      vertex 32.9937 22.099 5
    endloop
  endfacet
  facet normal 0 0 1
    outer loop
      vertex 15.7554 -13.5778 5
      vertex 32.993 22.1097 5
      vertex 32.9346 23 5
    endloop
  endfacet
  facet normal 0 -0 1
    outer loop
      vertex -3.41776 19.2311 5
      vertex 32.9937 23.901 5
      vertex -3.54763 19.5447 5
    endloop
  endfacet
  facet normal 0 0 1
    outer loop
      vertex 19.9091 51.4081 5
      vertex 28.1663 49.7657 5
      vertex 26.2646 50.7822 5
    endloop
  endfacet
  facet normal 0 0 1
    outer loop
      vertex 32.9937 23.901 5
      vertex -3.41776 19.2311 5
      vertex 32.993 23.8903 5
    endloop
  endfacet
  facet normal -0 0 1
    outer loop
      vertex 19.9091 51.4081 5
      vertex 26.2646 50.7822 5
      vertex 24.201 51.4081 5
    endloop
  endfacet
  facet normal 0 0 1
    outer loop
      vertex 19.9091 51.4081 5
      vertex 24.201 51.4081 5
      vertex 22.0551 51.6195 5
    endloop
  endfacet
  facet normal 0 0 1
    outer loop
      vertex 15.7554 -13.5778 5
      vertex 32.9937 22.099 5
      vertex 32.993 22.1097 5
    endloop
  endfacet
  facet normal 0 0 1
    outer loop
      vertex 15.7554 -13.5778 5
      vertex 33.1698 21.2135 5
      vertex 32.9958 22.0885 5
    endloop
  endfacet
  facet normal 0 0 1
    outer loop
      vertex 15.7554 -13.5778 5
      vertex 33.1733 21.2033 5
      vertex 33.1698 21.2135 5
    endloop
  endfacet
  facet normal 0 0 1
    outer loop
      vertex 15.7554 -13.5778 5
      vertex 33.46 20.3585 5
      vertex 33.1733 21.2033 5
    endloop
  endfacet
  facet normal 0 0 1
    outer loop
      vertex 15.7554 -13.5778 5
      vertex 33.8594 19.5487 5
      vertex 33.8546 19.5583 5
    endloop
  endfacet
  facet normal 0 0 1
    outer loop
      vertex 15.7554 -13.5778 5
      vertex 34.361 18.798 5
      vertex 33.8653 19.5398 5
    endloop
  endfacet
  facet normal 0 0 1
    outer loop
      vertex 15.7554 -13.5778 5
      vertex 34.9563 18.1192 5
      vertex 34.9492 18.1272 5
    endloop
  endfacet
  facet normal 0 0 1
    outer loop
      vertex 15.7554 -13.5778 5
      vertex 59.4625 -5.77805 5
      vertex 38.9362 16.1565 5
    endloop
  endfacet
  facet normal 0 0 1
    outer loop
      vertex 15.7554 -14.2508 5
      vertex 59.4625 -5.77805 5
      vertex 15.7997 -13.9143 5
    endloop
  endfacet
  facet normal 0 0 1
    outer loop
      vertex 15.6256 -14.5643 5
      vertex 59.4625 -5.77805 5
      vertex 15.7554 -14.2508 5
    endloop
  endfacet
  facet normal 0 0 1
    outer loop
      vertex 15.419 -14.8335 5
      vertex 59.4625 -5.77805 5
      vertex 15.6256 -14.5643 5
    endloop
  endfacet
  facet normal 0 0 1
    outer loop
      vertex 9.89949 -55.8995 5
      vertex 15.419 -14.8335 5
      vertex 15.1497 -15.0401 5
    endloop
  endfacet
  facet normal 0 0 1
    outer loop
      vertex 9.89949 -55.8995 5
      vertex 15.1497 -15.0401 5
      vertex 14.8362 -15.17 5
    endloop
  endfacet
  facet normal -0 0 1
    outer loop
      vertex 15.419 -14.8335 5
      vertex 9.89949 -55.8995 5
      vertex 59.4625 -5.77805 5
    endloop
  endfacet
  facet normal -0 0 1
    outer loop
      vertex 14.4997 -15.2143 5
      vertex 9.89949 -55.8995 5
      vertex 14.8362 -15.17 5
    endloop
  endfacet
  facet normal 0 0 1
    outer loop
      vertex 14.1633 -15.17 5
      vertex 9.89949 -55.8995 5
      vertex 14.4997 -15.2143 5
    endloop
  endfacet
  facet normal 0 0 1
    outer loop
      vertex 13.8497 -15.0401 5
      vertex 9.89949 -55.8995 5
      vertex 14.1633 -15.17 5
    endloop
  endfacet
  facet normal 0 0 1
    outer loop
      vertex 13.5805 -14.8335 5
      vertex 9.89949 -55.8995 5
      vertex 13.8497 -15.0401 5
    endloop
  endfacet
  facet normal 0 0 1
    outer loop
      vertex 13.3739 -14.5643 5
      vertex 9.89949 -55.8995 5
      vertex 13.5805 -14.8335 5
    endloop
  endfacet
  facet normal 0 0 1
    outer loop
      vertex 8.52266 -57.1069 5
      vertex 13.3739 -14.5643 5
      vertex 13.244 -14.2508 5
    endloop
  endfacet
  facet normal 0 0 1
    outer loop
      vertex -2.6415 -39.6229 5
      vertex 13.244 -14.2508 5
      vertex 13.1997 -13.9143 5
    endloop
  endfacet
  facet normal 0.995183 -0.0980353 0
    outer loop
      vertex 62.4729 -0.145859 5
      vertex 62.6843 2.00012 0
      vertex 62.6843 2.00012 5
    endloop
  endfacet
  facet normal 0.995183 -0.0980353 0
    outer loop
      vertex 62.6843 2.00012 0
      vertex 62.4729 -0.145859 5
      vertex 62.4729 -0.145859 0
    endloop
  endfacet
  facet normal -0.634433 -0.772978 0
    outer loop
      vertex -41.5605 -55.1039 0
      vertex -40.424 -56.0367 5
      vertex -41.5605 -55.1039 5
    endloop
  endfacet
  facet normal -0.634433 -0.772978 -0
    outer loop
      vertex -40.424 -56.0367 5
      vertex -41.5605 -55.1039 0
      vertex -40.424 -56.0367 0
    endloop
  endfacet
  facet normal 0.659331 -0.751853 0
    outer loop
      vertex 8.52266 -57.1069 0
      vertex 9.89949 -55.8995 5
      vertex 8.52266 -57.1069 5
    endloop
  endfacet
  facet normal 0.659331 -0.751853 0
    outer loop
      vertex 9.89949 -55.8995 5
      vertex 8.52266 -57.1069 0
      vertex 9.89949 -55.8995 0
    endloop
  endfacet
  facet normal 0.881925 -0.471391 0
    outer loop
      vertex 60.8305 -4.11115 5
      vertex 61.847 -2.20938 0
      vertex 61.847 -2.20938 5
    endloop
  endfacet
  facet normal 0.881925 -0.471391 0
    outer loop
      vertex 61.847 -2.20938 0
      vertex 60.8305 -4.11115 5
      vertex 60.8305 -4.11115 0
    endloop
  endfacet
  facet normal 0.659339 0.751846 -0
    outer loop
      vertex 49.7366 32.8995 0
      vertex 48.3598 34.1069 5
      vertex 49.7366 32.8995 5
    endloop
  endfacet
  facet normal 0.659339 0.751846 0
    outer loop
      vertex 48.3598 34.1069 5
      vertex 49.7366 32.8995 0
      vertex 48.3598 34.1069 0
    endloop
  endfacet
  facet normal 0.195108 -0.980782 0
    outer loop
      vertex 1.82736 -59.8802 0
      vertex 3.62346 -59.5229 5
      vertex 1.82736 -59.8802 5
    endloop
  endfacet
  facet normal 0.195108 -0.980782 0
    outer loop
      vertex 3.62346 -59.5229 5
      vertex 1.82736 -59.8802 0
      vertex 3.62346 -59.5229 0
    endloop
  endfacet
  facet normal 0.442305 -0.896864 0
    outer loop
      vertex 5.35756 -58.9343 0
      vertex 7 -58.1243 5
      vertex 5.35756 -58.9343 5
    endloop
  endfacet
  facet normal 0.442305 -0.896864 0
    outer loop
      vertex 7 -58.1243 5
      vertex 5.35756 -58.9343 0
      vertex 7 -58.1243 0
    endloop
  endfacet
  facet normal 0.0654186 -0.997858 0
    outer loop
      vertex 0 -60 0
      vertex 1.82736 -59.8802 5
      vertex 0 -60 5
    endloop
  endfacet
  facet normal 0.0654186 -0.997858 0
    outer loop
      vertex 1.82736 -59.8802 5
      vertex 0 -60 0
      vertex 1.82736 -59.8802 0
    endloop
  endfacet
  facet normal -0.868059 -0.496462 0
    outer loop
      vertex -42.4932 -53.9674 0
      vertex -66.82 -11.4322 5
      vertex -66.82 -11.4322 0
    endloop
  endfacet
  facet normal -0.868059 -0.496462 0
    outer loop
      vertex -66.82 -11.4322 5
      vertex -42.4932 -53.9674 0
      vertex -42.4932 -53.9674 5
    endloop
  endfacet
  facet normal 0.0980389 0.995183 -0
    outer loop
      vertex 24.201 51.4081 0
      vertex 22.0551 51.6195 5
      vertex 24.201 51.4081 5
    endloop
  endfacet
  facet normal 0.0980389 0.995183 0
    outer loop
      vertex 22.0551 51.6195 5
      vertex 24.201 51.4081 0
      vertex 22.0551 51.6195 0
    endloop
  endfacet
endsolid OpenSCAD_Model
