solid OpenSCAD_Model
  facet normal 1 -0 0
    outer loop
      vertex 12 -14.35 2.4
      vertex 12 -9.4 0
      vertex 12 -9.4 2.4
    endloop
  endfacet
  facet normal 1 0 0
    outer loop
      vertex 12 -9.4 0
      vertex 12 -14.35 2.4
      vertex 12 -14.35 0
    endloop
  endfacet
  facet normal 0 0 1
    outer loop
      vertex 12 -9.4 2.4
      vertex 9.6 -11.9 2.4
      vertex 12 -14.35 2.4
    endloop
  endfacet
  facet normal 0 0 1
    outer loop
      vertex 12 -9.4 2.4
      vertex 9.54548 -11.4859 2.4
      vertex 9.6 -11.9 2.4
    endloop
  endfacet
  facet normal 0 0 1
    outer loop
      vertex 12 -9.4 2.4
      vertex 9.38564 -11.1 2.4
      vertex 9.54548 -11.4859 2.4
    endloop
  endfacet
  facet normal 0 0 1
    outer loop
      vertex 12 -9.4 2.4
      vertex 9.13137 -10.7686 2.4
      vertex 9.38564 -11.1 2.4
    endloop
  endfacet
  facet normal 0 0 1
    outer loop
      vertex 12 -9.4 2.4
      vertex 8.8 -10.5144 2.4
      vertex 9.13137 -10.7686 2.4
    endloop
  endfacet
  facet normal 0 0 1
    outer loop
      vertex 12 -9.4 2.4
      vertex 8.41411 -10.3545 2.4
      vertex 8.8 -10.5144 2.4
    endloop
  endfacet
  facet normal 0 0 1
    outer loop
      vertex 12 -9.4 2.4
      vertex 8 -10.3 2.4
      vertex 8.41411 -10.3545 2.4
    endloop
  endfacet
  facet normal -0 0 1
    outer loop
      vertex 4 -9.4 2.4
      vertex 8 -10.3 2.4
      vertex 12 -9.4 2.4
    endloop
  endfacet
  facet normal 0 0 1
    outer loop
      vertex 6.45452 -11.4859 2.4
      vertex 4 -9.4 2.4
      vertex 6.4 -11.9 2.4
    endloop
  endfacet
  facet normal 0 0 1
    outer loop
      vertex 6.61436 -11.1 2.4
      vertex 4 -9.4 2.4
      vertex 6.45452 -11.4859 2.4
    endloop
  endfacet
  facet normal 0 0 1
    outer loop
      vertex 6.86863 -10.7686 2.4
      vertex 4 -9.4 2.4
      vertex 6.61436 -11.1 2.4
    endloop
  endfacet
  facet normal 0 0 1
    outer loop
      vertex 7.2 -10.5144 2.4
      vertex 4 -9.4 2.4
      vertex 6.86863 -10.7686 2.4
    endloop
  endfacet
  facet normal 0 0 1
    outer loop
      vertex 7.58589 -10.3545 2.4
      vertex 4 -9.4 2.4
      vertex 7.2 -10.5144 2.4
    endloop
  endfacet
  facet normal 0 0 1
    outer loop
      vertex 8 -10.3 2.4
      vertex 4 -9.4 2.4
      vertex 7.58589 -10.3545 2.4
    endloop
  endfacet
  facet normal -0 0 1
    outer loop
      vertex 9.54548 -12.3141 2.4
      vertex 12 -14.35 2.4
      vertex 9.6 -11.9 2.4
    endloop
  endfacet
  facet normal -0 0 1
    outer loop
      vertex 9.38564 -12.7 2.4
      vertex 12 -14.35 2.4
      vertex 9.54548 -12.3141 2.4
    endloop
  endfacet
  facet normal -0 0 1
    outer loop
      vertex 9.13137 -13.0314 2.4
      vertex 12 -14.35 2.4
      vertex 9.38564 -12.7 2.4
    endloop
  endfacet
  facet normal -0 0 1
    outer loop
      vertex 8.8 -13.2856 2.4
      vertex 12 -14.35 2.4
      vertex 9.13137 -13.0314 2.4
    endloop
  endfacet
  facet normal -0 0 1
    outer loop
      vertex 8.41411 -13.4455 2.4
      vertex 12 -14.35 2.4
      vertex 8.8 -13.2856 2.4
    endloop
  endfacet
  facet normal -0 0 1
    outer loop
      vertex 8 -13.5 2.4
      vertex 12 -14.35 2.4
      vertex 8.41411 -13.4455 2.4
    endloop
  endfacet
  facet normal 0 0 1
    outer loop
      vertex 4 -14.35 2.4
      vertex 8 -13.5 2.4
      vertex 7.58589 -13.4455 2.4
    endloop
  endfacet
  facet normal 0 0 1
    outer loop
      vertex 4 -14.35 2.4
      vertex 6.4 -11.9 2.4
      vertex 4 -9.4 2.4
    endloop
  endfacet
  facet normal 0 0 1
    outer loop
      vertex 6.4 -11.9 2.4
      vertex 4 -14.35 2.4
      vertex 6.45452 -12.3141 2.4
    endloop
  endfacet
  facet normal 0 0 1
    outer loop
      vertex 6.45452 -12.3141 2.4
      vertex 4 -14.35 2.4
      vertex 6.61436 -12.7 2.4
    endloop
  endfacet
  facet normal 0 0 1
    outer loop
      vertex 8 -13.5 2.4
      vertex 4 -14.35 2.4
      vertex 12 -14.35 2.4
    endloop
  endfacet
  facet normal 0 0 1
    outer loop
      vertex 7.2 -13.2856 2.4
      vertex 4 -14.35 2.4
      vertex 7.58589 -13.4455 2.4
    endloop
  endfacet
  facet normal 0 0 1
    outer loop
      vertex 6.86863 -13.0314 2.4
      vertex 4 -14.35 2.4
      vertex 7.2 -13.2856 2.4
    endloop
  endfacet
  facet normal 0 0 1
    outer loop
      vertex 6.61436 -12.7 2.4
      vertex 4 -14.35 2.4
      vertex 6.86863 -13.0314 2.4
    endloop
  endfacet
  facet normal 0 0 -1
    outer loop
      vertex 0 -9.4 0
      vertex 4 9.4 0
      vertex 4 -9.4 0
    endloop
  endfacet
  facet normal -0 0 -1
    outer loop
      vertex 4 9.4 0
      vertex 0 -9.4 0
      vertex 0 9.4 0
    endloop
  endfacet
  facet normal 0 0 -1
    outer loop
      vertex 9.13137 -10.7686 0
      vertex 12 -9.4 0
      vertex 9.38564 -11.1 0
    endloop
  endfacet
  facet normal 0 0 -1
    outer loop
      vertex 12 9.4 0
      vertex 9.54548 11.4859 0
      vertex 9.6 11.9 0
    endloop
  endfacet
  facet normal 0 0 -1
    outer loop
      vertex 8.8 -10.5144 0
      vertex 12 -9.4 0
      vertex 9.13137 -10.7686 0
    endloop
  endfacet
  facet normal 0 0 -1
    outer loop
      vertex 12 9.4 0
      vertex 9.38564 11.1 0
      vertex 9.54548 11.4859 0
    endloop
  endfacet
  facet normal 0 0 -1
    outer loop
      vertex 8.41411 -10.3545 0
      vertex 12 -9.4 0
      vertex 8.8 -10.5144 0
    endloop
  endfacet
  facet normal 0 0 -1
    outer loop
      vertex 12 9.4 0
      vertex 9.13137 10.7686 0
      vertex 9.38564 11.1 0
    endloop
  endfacet
  facet normal 0 0 -1
    outer loop
      vertex 8 -10.3 0
      vertex 12 -9.4 0
      vertex 8.41411 -10.3545 0
    endloop
  endfacet
  facet normal 0 0 -1
    outer loop
      vertex 12 9.4 0
      vertex 8.8 10.5144 0
      vertex 9.13137 10.7686 0
    endloop
  endfacet
  facet normal 0 0 -1
    outer loop
      vertex 4 -9.4 0
      vertex 12 -9.4 0
      vertex 8 -10.3 0
    endloop
  endfacet
  facet normal 0 0 -1
    outer loop
      vertex 12 9.4 0
      vertex 8.41411 10.3545 0
      vertex 8.8 10.5144 0
    endloop
  endfacet
  facet normal 0 0 -1
    outer loop
      vertex 12 -9.4 0
      vertex 4 -9.4 0
      vertex 12 9.4 0
    endloop
  endfacet
  facet normal 0 0 -1
    outer loop
      vertex 12 9.4 0
      vertex 8 10.3 0
      vertex 8.41411 10.3545 0
    endloop
  endfacet
  facet normal 0 0 -1
    outer loop
      vertex 4 -9.4 0
      vertex 8 -10.3 0
      vertex 7.58589 -10.3545 0
    endloop
  endfacet
  facet normal 0 0 -1
    outer loop
      vertex 4 9.4 0
      vertex 12 9.4 0
      vertex 4 -9.4 0
    endloop
  endfacet
  facet normal 0 0 -1
    outer loop
      vertex 4 -9.4 0
      vertex 7.58589 -10.3545 0
      vertex 7.2 -10.5144 0
    endloop
  endfacet
  facet normal 0 0 -1
    outer loop
      vertex 12 9.4 0
      vertex 4 9.4 0
      vertex 8 10.3 0
    endloop
  endfacet
  facet normal 0 0 -1
    outer loop
      vertex 4 -9.4 0
      vertex 7.2 -10.5144 0
      vertex 6.86863 -10.7686 0
    endloop
  endfacet
  facet normal -0 0 -1
    outer loop
      vertex 8 10.3 0
      vertex 4 9.4 0
      vertex 7.58589 10.3545 0
    endloop
  endfacet
  facet normal 0 0 -1
    outer loop
      vertex 4 -9.4 0
      vertex 6.86863 -10.7686 0
      vertex 6.61436 -11.1 0
    endloop
  endfacet
  facet normal -0 0 -1
    outer loop
      vertex 7.58589 10.3545 0
      vertex 4 9.4 0
      vertex 7.2 10.5144 0
    endloop
  endfacet
  facet normal 0 0 -1
    outer loop
      vertex 4 -9.4 0
      vertex 6.61436 -11.1 0
      vertex 6.45452 -11.4859 0
    endloop
  endfacet
  facet normal -0 0 -1
    outer loop
      vertex 7.2 10.5144 0
      vertex 4 9.4 0
      vertex 6.86863 10.7686 0
    endloop
  endfacet
  facet normal 0 0 -1
    outer loop
      vertex 4 -9.4 0
      vertex 6.45452 -11.4859 0
      vertex 6.4 -11.9 0
    endloop
  endfacet
  facet normal -0 0 -1
    outer loop
      vertex 6.86863 10.7686 0
      vertex 4 9.4 0
      vertex 6.61436 11.1 0
    endloop
  endfacet
  facet normal 0 0 -1
    outer loop
      vertex 9.6 -11.9 0
      vertex 12 -9.4 0
      vertex 12 -14.35 0
    endloop
  endfacet
  facet normal 0 0 -1
    outer loop
      vertex 9.54548 -11.4859 0
      vertex 12 -9.4 0
      vertex 9.6 -11.9 0
    endloop
  endfacet
  facet normal 0 0 -1
    outer loop
      vertex 9.38564 -11.1 0
      vertex 12 -9.4 0
      vertex 9.54548 -11.4859 0
    endloop
  endfacet
  facet normal 0 0 -1
    outer loop
      vertex 12 -14.35 0
      vertex 9.54548 -12.3141 0
      vertex 9.6 -11.9 0
    endloop
  endfacet
  facet normal 0 0 -1
    outer loop
      vertex 12 -14.35 0
      vertex 9.38564 -12.7 0
      vertex 9.54548 -12.3141 0
    endloop
  endfacet
  facet normal 0 0 -1
    outer loop
      vertex 12 -14.35 0
      vertex 9.13137 -13.0314 0
      vertex 9.38564 -12.7 0
    endloop
  endfacet
  facet normal 0 0 -1
    outer loop
      vertex 12 -14.35 0
      vertex 8.8 -13.2856 0
      vertex 9.13137 -13.0314 0
    endloop
  endfacet
  facet normal 0 0 -1
    outer loop
      vertex 12 -14.35 0
      vertex 8.41411 -13.4455 0
      vertex 8.8 -13.2856 0
    endloop
  endfacet
  facet normal 0 0 -1
    outer loop
      vertex 12 -14.35 0
      vertex 8 -13.5 0
      vertex 8.41411 -13.4455 0
    endloop
  endfacet
  facet normal 0 0 -1
    outer loop
      vertex 4 -14.35 0
      vertex 8 -13.5 0
      vertex 12 -14.35 0
    endloop
  endfacet
  facet normal 0 0 -1
    outer loop
      vertex 4 -9.4 0
      vertex 6.4 -11.9 0
      vertex 4 -14.35 0
    endloop
  endfacet
  facet normal -0 0 -1
    outer loop
      vertex 6.45452 -12.3141 0
      vertex 4 -14.35 0
      vertex 6.4 -11.9 0
    endloop
  endfacet
  facet normal -0 0 -1
    outer loop
      vertex 6.61436 -12.7 0
      vertex 4 -14.35 0
      vertex 6.45452 -12.3141 0
    endloop
  endfacet
  facet normal -0 0 -1
    outer loop
      vertex 6.86863 -13.0314 0
      vertex 4 -14.35 0
      vertex 6.61436 -12.7 0
    endloop
  endfacet
  facet normal -0 0 -1
    outer loop
      vertex 7.2 -13.2856 0
      vertex 4 -14.35 0
      vertex 6.86863 -13.0314 0
    endloop
  endfacet
  facet normal -0 0 -1
    outer loop
      vertex 7.58589 -13.4455 0
      vertex 4 -14.35 0
      vertex 7.2 -13.2856 0
    endloop
  endfacet
  facet normal -0 0 -1
    outer loop
      vertex 8 -13.5 0
      vertex 4 -14.35 0
      vertex 7.58589 -13.4455 0
    endloop
  endfacet
  facet normal 0 0 -1
    outer loop
      vertex 12 -9.4 0
      vertex 42.5 9.4 0
      vertex 42.5 -9.4 0
    endloop
  endfacet
  facet normal -0 0 -1
    outer loop
      vertex 42.5 9.4 0
      vertex 12 -9.4 0
      vertex 12 9.4 0
    endloop
  endfacet
  facet normal 0 0 -1
    outer loop
      vertex 12 9.4 0
      vertex 9.6 11.9 0
      vertex 12 14.35 0
    endloop
  endfacet
  facet normal 0 0 -1
    outer loop
      vertex 9.54548 12.3141 0
      vertex 12 14.35 0
      vertex 9.6 11.9 0
    endloop
  endfacet
  facet normal 0 0 -1
    outer loop
      vertex 9.38564 12.7 0
      vertex 12 14.35 0
      vertex 9.54548 12.3141 0
    endloop
  endfacet
  facet normal 0 0 -1
    outer loop
      vertex 9.13137 13.0314 0
      vertex 12 14.35 0
      vertex 9.38564 12.7 0
    endloop
  endfacet
  facet normal 0 0 -1
    outer loop
      vertex 8.8 13.2856 0
      vertex 12 14.35 0
      vertex 9.13137 13.0314 0
    endloop
  endfacet
  facet normal 0 0 -1
    outer loop
      vertex 8.41411 13.4455 0
      vertex 12 14.35 0
      vertex 8.8 13.2856 0
    endloop
  endfacet
  facet normal 0 0 -1
    outer loop
      vertex 8 13.5 0
      vertex 12 14.35 0
      vertex 8.41411 13.4455 0
    endloop
  endfacet
  facet normal 0 0 -1
    outer loop
      vertex 4 14.35 0
      vertex 8 13.5 0
      vertex 7.58589 13.4455 0
    endloop
  endfacet
  facet normal -0 0 -1
    outer loop
      vertex 6.61436 11.1 0
      vertex 4 9.4 0
      vertex 6.45452 11.4859 0
    endloop
  endfacet
  facet normal -0 0 -1
    outer loop
      vertex 6.45452 11.4859 0
      vertex 4 9.4 0
      vertex 6.4 11.9 0
    endloop
  endfacet
  facet normal 0 0 -1
    outer loop
      vertex 4 14.35 0
      vertex 6.4 11.9 0
      vertex 4 9.4 0
    endloop
  endfacet
  facet normal 0 0 -1
    outer loop
      vertex 6.4 11.9 0
      vertex 4 14.35 0
      vertex 6.45452 12.3141 0
    endloop
  endfacet
  facet normal 0 0 -1
    outer loop
      vertex 6.45452 12.3141 0
      vertex 4 14.35 0
      vertex 6.61436 12.7 0
    endloop
  endfacet
  facet normal 0 0 -1
    outer loop
      vertex 8 13.5 0
      vertex 4 14.35 0
      vertex 12 14.35 0
    endloop
  endfacet
  facet normal 0 0 -1
    outer loop
      vertex 7.2 13.2856 0
      vertex 4 14.35 0
      vertex 7.58589 13.4455 0
    endloop
  endfacet
  facet normal 0 0 -1
    outer loop
      vertex 6.86863 13.0314 0
      vertex 4 14.35 0
      vertex 7.2 13.2856 0
    endloop
  endfacet
  facet normal 0 0 -1
    outer loop
      vertex 6.61436 12.7 0
      vertex 4 14.35 0
      vertex 6.86863 13.0314 0
    endloop
  endfacet
  facet normal 0 0 -1
    outer loop
      vertex 47.6314 -10.7686 0
      vertex 50.5 -9.4 0
      vertex 47.8856 -11.1 0
    endloop
  endfacet
  facet normal 0 0 -1
    outer loop
      vertex 50.5 9.4 0
      vertex 48.0455 11.4859 0
      vertex 48.1 11.9 0
    endloop
  endfacet
  facet normal 0 0 -1
    outer loop
      vertex 47.3 -10.5144 0
      vertex 50.5 -9.4 0
      vertex 47.6314 -10.7686 0
    endloop
  endfacet
  facet normal 0 0 -1
    outer loop
      vertex 50.5 9.4 0
      vertex 47.8856 11.1 0
      vertex 48.0455 11.4859 0
    endloop
  endfacet
  facet normal 0 0 -1
    outer loop
      vertex 46.9141 -10.3545 0
      vertex 50.5 -9.4 0
      vertex 47.3 -10.5144 0
    endloop
  endfacet
  facet normal 0 0 -1
    outer loop
      vertex 50.5 9.4 0
      vertex 47.6314 10.7686 0
      vertex 47.8856 11.1 0
    endloop
  endfacet
  facet normal 0 0 -1
    outer loop
      vertex 46.5 -10.3 0
      vertex 50.5 -9.4 0
      vertex 46.9141 -10.3545 0
    endloop
  endfacet
  facet normal 0 0 -1
    outer loop
      vertex 50.5 9.4 0
      vertex 47.3 10.5144 0
      vertex 47.6314 10.7686 0
    endloop
  endfacet
  facet normal 0 0 -1
    outer loop
      vertex 42.5 -9.4 0
      vertex 50.5 -9.4 0
      vertex 46.5 -10.3 0
    endloop
  endfacet
  facet normal 0 0 -1
    outer loop
      vertex 50.5 9.4 0
      vertex 46.9141 10.3545 0
      vertex 47.3 10.5144 0
    endloop
  endfacet
  facet normal 0 0 -1
    outer loop
      vertex 50.5 -9.4 0
      vertex 42.5 -9.4 0
      vertex 50.5 9.4 0
    endloop
  endfacet
  facet normal 0 0 -1
    outer loop
      vertex 50.5 9.4 0
      vertex 46.5 10.3 0
      vertex 46.9141 10.3545 0
    endloop
  endfacet
  facet normal 0 0 -1
    outer loop
      vertex 42.5 -9.4 0
      vertex 46.5 -10.3 0
      vertex 46.0859 -10.3545 0
    endloop
  endfacet
  facet normal 0 0 -1
    outer loop
      vertex 42.5 9.4 0
      vertex 50.5 9.4 0
      vertex 42.5 -9.4 0
    endloop
  endfacet
  facet normal 0 0 -1
    outer loop
      vertex 42.5 -9.4 0
      vertex 46.0859 -10.3545 0
      vertex 45.7 -10.5144 0
    endloop
  endfacet
  facet normal 0 0 -1
    outer loop
      vertex 50.5 9.4 0
      vertex 42.5 9.4 0
      vertex 46.5 10.3 0
    endloop
  endfacet
  facet normal 0 0 -1
    outer loop
      vertex 42.5 -9.4 0
      vertex 45.7 -10.5144 0
      vertex 45.3686 -10.7686 0
    endloop
  endfacet
  facet normal -0 0 -1
    outer loop
      vertex 46.5 10.3 0
      vertex 42.5 9.4 0
      vertex 46.0859 10.3545 0
    endloop
  endfacet
  facet normal 0 0 -1
    outer loop
      vertex 42.5 -9.4 0
      vertex 45.3686 -10.7686 0
      vertex 45.1144 -11.1 0
    endloop
  endfacet
  facet normal -0 0 -1
    outer loop
      vertex 46.0859 10.3545 0
      vertex 42.5 9.4 0
      vertex 45.7 10.5144 0
    endloop
  endfacet
  facet normal 0 0 -1
    outer loop
      vertex 42.5 -9.4 0
      vertex 45.1144 -11.1 0
      vertex 44.9545 -11.4859 0
    endloop
  endfacet
  facet normal -0 0 -1
    outer loop
      vertex 45.7 10.5144 0
      vertex 42.5 9.4 0
      vertex 45.3686 10.7686 0
    endloop
  endfacet
  facet normal 0 0 -1
    outer loop
      vertex 42.5 -9.4 0
      vertex 44.9545 -11.4859 0
      vertex 44.9 -11.9 0
    endloop
  endfacet
  facet normal -0 0 -1
    outer loop
      vertex 45.3686 10.7686 0
      vertex 42.5 9.4 0
      vertex 45.1144 11.1 0
    endloop
  endfacet
  facet normal 0 0 -1
    outer loop
      vertex 48.1 -11.9 0
      vertex 50.5 -9.4 0
      vertex 50.5 -14.35 0
    endloop
  endfacet
  facet normal 0 0 -1
    outer loop
      vertex 48.0455 -11.4859 0
      vertex 50.5 -9.4 0
      vertex 48.1 -11.9 0
    endloop
  endfacet
  facet normal 0 0 -1
    outer loop
      vertex 47.8856 -11.1 0
      vertex 50.5 -9.4 0
      vertex 48.0455 -11.4859 0
    endloop
  endfacet
  facet normal 0 0 -1
    outer loop
      vertex 50.5 -14.35 0
      vertex 48.0455 -12.3141 0
      vertex 48.1 -11.9 0
    endloop
  endfacet
  facet normal 0 0 -1
    outer loop
      vertex 50.5 -14.35 0
      vertex 47.8856 -12.7 0
      vertex 48.0455 -12.3141 0
    endloop
  endfacet
  facet normal 0 0 -1
    outer loop
      vertex 50.5 -14.35 0
      vertex 47.6314 -13.0314 0
      vertex 47.8856 -12.7 0
    endloop
  endfacet
  facet normal 0 0 -1
    outer loop
      vertex 50.5 -14.35 0
      vertex 47.3 -13.2856 0
      vertex 47.6314 -13.0314 0
    endloop
  endfacet
  facet normal 0 0 -1
    outer loop
      vertex 50.5 -14.35 0
      vertex 46.9141 -13.4455 0
      vertex 47.3 -13.2856 0
    endloop
  endfacet
  facet normal 0 0 -1
    outer loop
      vertex 50.5 -14.35 0
      vertex 46.5 -13.5 0
      vertex 46.9141 -13.4455 0
    endloop
  endfacet
  facet normal 0 0 -1
    outer loop
      vertex 42.5 -14.35 0
      vertex 46.5 -13.5 0
      vertex 50.5 -14.35 0
    endloop
  endfacet
  facet normal 0 0 -1
    outer loop
      vertex 42.5 -9.4 0
      vertex 44.9 -11.9 0
      vertex 42.5 -14.35 0
    endloop
  endfacet
  facet normal -0 0 -1
    outer loop
      vertex 44.9545 -12.3141 0
      vertex 42.5 -14.35 0
      vertex 44.9 -11.9 0
    endloop
  endfacet
  facet normal -0 0 -1
    outer loop
      vertex 45.1144 -12.7 0
      vertex 42.5 -14.35 0
      vertex 44.9545 -12.3141 0
    endloop
  endfacet
  facet normal -0 0 -1
    outer loop
      vertex 45.3686 -13.0314 0
      vertex 42.5 -14.35 0
      vertex 45.1144 -12.7 0
    endloop
  endfacet
  facet normal -0 0 -1
    outer loop
      vertex 45.7 -13.2856 0
      vertex 42.5 -14.35 0
      vertex 45.3686 -13.0314 0
    endloop
  endfacet
  facet normal -0 0 -1
    outer loop
      vertex 46.0859 -13.4455 0
      vertex 42.5 -14.35 0
      vertex 45.7 -13.2856 0
    endloop
  endfacet
  facet normal -0 0 -1
    outer loop
      vertex 46.5 -13.5 0
      vertex 42.5 -14.35 0
      vertex 46.0859 -13.4455 0
    endloop
  endfacet
  facet normal 0 0 -1
    outer loop
      vertex 50.5 -9.4 0
      vertex 54.5 9.4 0
      vertex 54.5 -9.4 0
    endloop
  endfacet
  facet normal -0 0 -1
    outer loop
      vertex 54.5 9.4 0
      vertex 50.5 -9.4 0
      vertex 50.5 9.4 0
    endloop
  endfacet
  facet normal 0 0 -1
    outer loop
      vertex 50.5 9.4 0
      vertex 48.1 11.9 0
      vertex 50.5 14.35 0
    endloop
  endfacet
  facet normal 0 0 -1
    outer loop
      vertex 48.0455 12.3141 0
      vertex 50.5 14.35 0
      vertex 48.1 11.9 0
    endloop
  endfacet
  facet normal 0 0 -1
    outer loop
      vertex 47.8856 12.7 0
      vertex 50.5 14.35 0
      vertex 48.0455 12.3141 0
    endloop
  endfacet
  facet normal 0 0 -1
    outer loop
      vertex 47.6314 13.0314 0
      vertex 50.5 14.35 0
      vertex 47.8856 12.7 0
    endloop
  endfacet
  facet normal 0 0 -1
    outer loop
      vertex 47.3 13.2856 0
      vertex 50.5 14.35 0
      vertex 47.6314 13.0314 0
    endloop
  endfacet
  facet normal 0 0 -1
    outer loop
      vertex 46.9141 13.4455 0
      vertex 50.5 14.35 0
      vertex 47.3 13.2856 0
    endloop
  endfacet
  facet normal 0 0 -1
    outer loop
      vertex 46.5 13.5 0
      vertex 50.5 14.35 0
      vertex 46.9141 13.4455 0
    endloop
  endfacet
  facet normal 0 0 -1
    outer loop
      vertex 42.5 14.35 0
      vertex 46.5 13.5 0
      vertex 46.0859 13.4455 0
    endloop
  endfacet
  facet normal -0 0 -1
    outer loop
      vertex 45.1144 11.1 0
      vertex 42.5 9.4 0
      vertex 44.9545 11.4859 0
    endloop
  endfacet
  facet normal -0 0 -1
    outer loop
      vertex 44.9545 11.4859 0
      vertex 42.5 9.4 0
      vertex 44.9 11.9 0
    endloop
  endfacet
  facet normal 0 0 -1
    outer loop
      vertex 42.5 14.35 0
      vertex 44.9 11.9 0
      vertex 42.5 9.4 0
    endloop
  endfacet
  facet normal 0 0 -1
    outer loop
      vertex 44.9 11.9 0
      vertex 42.5 14.35 0
      vertex 44.9545 12.3141 0
    endloop
  endfacet
  facet normal 0 0 -1
    outer loop
      vertex 44.9545 12.3141 0
      vertex 42.5 14.35 0
      vertex 45.1144 12.7 0
    endloop
  endfacet
  facet normal 0 0 -1
    outer loop
      vertex 46.5 13.5 0
      vertex 42.5 14.35 0
      vertex 50.5 14.35 0
    endloop
  endfacet
  facet normal 0 0 -1
    outer loop
      vertex 45.7 13.2856 0
      vertex 42.5 14.35 0
      vertex 46.0859 13.4455 0
    endloop
  endfacet
  facet normal 0 0 -1
    outer loop
      vertex 45.3686 13.0314 0
      vertex 42.5 14.35 0
      vertex 45.7 13.2856 0
    endloop
  endfacet
  facet normal 0 0 -1
    outer loop
      vertex 45.1144 12.7 0
      vertex 42.5 14.35 0
      vertex 45.3686 13.0314 0
    endloop
  endfacet
  facet normal -1 0 0
    outer loop
      vertex 4 -14.35 0
      vertex 4 -9.4 2.4
      vertex 4 -9.4 0
    endloop
  endfacet
  facet normal -1 -0 0
    outer loop
      vertex 4 -9.4 2.4
      vertex 4 -14.35 0
      vertex 4 -14.35 2.4
    endloop
  endfacet
  facet normal 0 -1 0
    outer loop
      vertex 4 -14.35 0
      vertex 12 -14.35 2.4
      vertex 4 -14.35 2.4
    endloop
  endfacet
  facet normal 0 -1 -0
    outer loop
      vertex 12 -14.35 2.4
      vertex 4 -14.35 0
      vertex 12 -14.35 0
    endloop
  endfacet
  facet normal 1 -0 0
    outer loop
      vertex 12 9.4 2.4
      vertex 12 14.35 0
      vertex 12 14.35 2.4
    endloop
  endfacet
  facet normal 1 0 0
    outer loop
      vertex 12 14.35 0
      vertex 12 9.4 2.4
      vertex 12 9.4 0
    endloop
  endfacet
  facet normal 0 0 1
    outer loop
      vertex 12 14.35 2.4
      vertex 9.6 11.9 2.4
      vertex 12 9.4 2.4
    endloop
  endfacet
  facet normal 0 0 1
    outer loop
      vertex 12 14.35 2.4
      vertex 9.54548 12.3141 2.4
      vertex 9.6 11.9 2.4
    endloop
  endfacet
  facet normal 0 0 1
    outer loop
      vertex 12 14.35 2.4
      vertex 9.38564 12.7 2.4
      vertex 9.54548 12.3141 2.4
    endloop
  endfacet
  facet normal 0 0 1
    outer loop
      vertex 12 14.35 2.4
      vertex 9.13137 13.0314 2.4
      vertex 9.38564 12.7 2.4
    endloop
  endfacet
  facet normal 0 0 1
    outer loop
      vertex 12 14.35 2.4
      vertex 8.8 13.2856 2.4
      vertex 9.13137 13.0314 2.4
    endloop
  endfacet
  facet normal 0 0 1
    outer loop
      vertex 12 14.35 2.4
      vertex 8.41411 13.4455 2.4
      vertex 8.8 13.2856 2.4
    endloop
  endfacet
  facet normal 0 0 1
    outer loop
      vertex 12 14.35 2.4
      vertex 8 13.5 2.4
      vertex 8.41411 13.4455 2.4
    endloop
  endfacet
  facet normal -0 0 1
    outer loop
      vertex 4 14.35 2.4
      vertex 8 13.5 2.4
      vertex 12 14.35 2.4
    endloop
  endfacet
  facet normal 0 0 1
    outer loop
      vertex 6.45452 12.3141 2.4
      vertex 4 14.35 2.4
      vertex 6.4 11.9 2.4
    endloop
  endfacet
  facet normal 0 0 1
    outer loop
      vertex 6.61436 12.7 2.4
      vertex 4 14.35 2.4
      vertex 6.45452 12.3141 2.4
    endloop
  endfacet
  facet normal 0 0 1
    outer loop
      vertex 6.86863 13.0314 2.4
      vertex 4 14.35 2.4
      vertex 6.61436 12.7 2.4
    endloop
  endfacet
  facet normal 0 0 1
    outer loop
      vertex 7.2 13.2856 2.4
      vertex 4 14.35 2.4
      vertex 6.86863 13.0314 2.4
    endloop
  endfacet
  facet normal 0 0 1
    outer loop
      vertex 7.58589 13.4455 2.4
      vertex 4 14.35 2.4
      vertex 7.2 13.2856 2.4
    endloop
  endfacet
  facet normal 0 0 1
    outer loop
      vertex 8 13.5 2.4
      vertex 4 14.35 2.4
      vertex 7.58589 13.4455 2.4
    endloop
  endfacet
  facet normal -0 0 1
    outer loop
      vertex 9.54548 11.4859 2.4
      vertex 12 9.4 2.4
      vertex 9.6 11.9 2.4
    endloop
  endfacet
  facet normal -0 0 1
    outer loop
      vertex 9.38564 11.1 2.4
      vertex 12 9.4 2.4
      vertex 9.54548 11.4859 2.4
    endloop
  endfacet
  facet normal -0 0 1
    outer loop
      vertex 9.13137 10.7686 2.4
      vertex 12 9.4 2.4
      vertex 9.38564 11.1 2.4
    endloop
  endfacet
  facet normal -0 0 1
    outer loop
      vertex 8.8 10.5144 2.4
      vertex 12 9.4 2.4
      vertex 9.13137 10.7686 2.4
    endloop
  endfacet
  facet normal -0 0 1
    outer loop
      vertex 8.41411 10.3545 2.4
      vertex 12 9.4 2.4
      vertex 8.8 10.5144 2.4
    endloop
  endfacet
  facet normal -0 0 1
    outer loop
      vertex 8 10.3 2.4
      vertex 12 9.4 2.4
      vertex 8.41411 10.3545 2.4
    endloop
  endfacet
  facet normal 0 0 1
    outer loop
      vertex 4 9.4 2.4
      vertex 8 10.3 2.4
      vertex 7.58589 10.3545 2.4
    endloop
  endfacet
  facet normal 0 0 1
    outer loop
      vertex 4 9.4 2.4
      vertex 6.4 11.9 2.4
      vertex 4 14.35 2.4
    endloop
  endfacet
  facet normal 0 0 1
    outer loop
      vertex 6.4 11.9 2.4
      vertex 4 9.4 2.4
      vertex 6.45452 11.4859 2.4
    endloop
  endfacet
  facet normal 0 0 1
    outer loop
      vertex 6.45452 11.4859 2.4
      vertex 4 9.4 2.4
      vertex 6.61436 11.1 2.4
    endloop
  endfacet
  facet normal 0 0 1
    outer loop
      vertex 8 10.3 2.4
      vertex 4 9.4 2.4
      vertex 12 9.4 2.4
    endloop
  endfacet
  facet normal 0 0 1
    outer loop
      vertex 7.2 10.5144 2.4
      vertex 4 9.4 2.4
      vertex 7.58589 10.3545 2.4
    endloop
  endfacet
  facet normal 0 0 1
    outer loop
      vertex 6.86863 10.7686 2.4
      vertex 4 9.4 2.4
      vertex 7.2 10.5144 2.4
    endloop
  endfacet
  facet normal 0 0 1
    outer loop
      vertex 6.61436 11.1 2.4
      vertex 4 9.4 2.4
      vertex 6.86863 10.7686 2.4
    endloop
  endfacet
  facet normal -1 0 0
    outer loop
      vertex 4 9.4 0
      vertex 4 14.35 2.4
      vertex 4 14.35 0
    endloop
  endfacet
  facet normal -1 -0 0
    outer loop
      vertex 4 14.35 2.4
      vertex 4 9.4 0
      vertex 4 9.4 2.4
    endloop
  endfacet
  facet normal 0 1 -0
    outer loop
      vertex 12 14.35 0
      vertex 4 14.35 2.4
      vertex 12 14.35 2.4
    endloop
  endfacet
  facet normal 0 1 0
    outer loop
      vertex 4 14.35 2.4
      vertex 12 14.35 0
      vertex 4 14.35 0
    endloop
  endfacet
  facet normal 1 -0 0
    outer loop
      vertex 50.5 -14.35 2.4
      vertex 50.5 -9.4 0
      vertex 50.5 -9.4 2.4
    endloop
  endfacet
  facet normal 1 0 0
    outer loop
      vertex 50.5 -9.4 0
      vertex 50.5 -14.35 2.4
      vertex 50.5 -14.35 0
    endloop
  endfacet
  facet normal 0 0 1
    outer loop
      vertex 50.5 -9.4 2.4
      vertex 48.1 -11.9 2.4
      vertex 50.5 -14.35 2.4
    endloop
  endfacet
  facet normal 0 0 1
    outer loop
      vertex 50.5 -9.4 2.4
      vertex 48.0455 -11.4859 2.4
      vertex 48.1 -11.9 2.4
    endloop
  endfacet
  facet normal 0 0 1
    outer loop
      vertex 50.5 -9.4 2.4
      vertex 47.8856 -11.1 2.4
      vertex 48.0455 -11.4859 2.4
    endloop
  endfacet
  facet normal 0 0 1
    outer loop
      vertex 50.5 -9.4 2.4
      vertex 47.6314 -10.7686 2.4
      vertex 47.8856 -11.1 2.4
    endloop
  endfacet
  facet normal 0 0 1
    outer loop
      vertex 50.5 -9.4 2.4
      vertex 47.3 -10.5144 2.4
      vertex 47.6314 -10.7686 2.4
    endloop
  endfacet
  facet normal 0 0 1
    outer loop
      vertex 50.5 -9.4 2.4
      vertex 46.9141 -10.3545 2.4
      vertex 47.3 -10.5144 2.4
    endloop
  endfacet
  facet normal 0 0 1
    outer loop
      vertex 50.5 -9.4 2.4
      vertex 46.5 -10.3 2.4
      vertex 46.9141 -10.3545 2.4
    endloop
  endfacet
  facet normal -0 0 1
    outer loop
      vertex 42.5 -9.4 2.4
      vertex 46.5 -10.3 2.4
      vertex 50.5 -9.4 2.4
    endloop
  endfacet
  facet normal 0 0 1
    outer loop
      vertex 44.9545 -11.4859 2.4
      vertex 42.5 -9.4 2.4
      vertex 44.9 -11.9 2.4
    endloop
  endfacet
  facet normal 0 0 1
    outer loop
      vertex 45.1144 -11.1 2.4
      vertex 42.5 -9.4 2.4
      vertex 44.9545 -11.4859 2.4
    endloop
  endfacet
  facet normal 0 0 1
    outer loop
      vertex 45.3686 -10.7686 2.4
      vertex 42.5 -9.4 2.4
      vertex 45.1144 -11.1 2.4
    endloop
  endfacet
  facet normal 0 0 1
    outer loop
      vertex 45.7 -10.5144 2.4
      vertex 42.5 -9.4 2.4
      vertex 45.3686 -10.7686 2.4
    endloop
  endfacet
  facet normal 0 0 1
    outer loop
      vertex 46.0859 -10.3545 2.4
      vertex 42.5 -9.4 2.4
      vertex 45.7 -10.5144 2.4
    endloop
  endfacet
  facet normal 0 0 1
    outer loop
      vertex 46.5 -10.3 2.4
      vertex 42.5 -9.4 2.4
      vertex 46.0859 -10.3545 2.4
    endloop
  endfacet
  facet normal -0 0 1
    outer loop
      vertex 48.0455 -12.3141 2.4
      vertex 50.5 -14.35 2.4
      vertex 48.1 -11.9 2.4
    endloop
  endfacet
  facet normal -0 0 1
    outer loop
      vertex 47.8856 -12.7 2.4
      vertex 50.5 -14.35 2.4
      vertex 48.0455 -12.3141 2.4
    endloop
  endfacet
  facet normal -0 0 1
    outer loop
      vertex 47.6314 -13.0314 2.4
      vertex 50.5 -14.35 2.4
      vertex 47.8856 -12.7 2.4
    endloop
  endfacet
  facet normal -0 0 1
    outer loop
      vertex 47.3 -13.2856 2.4
      vertex 50.5 -14.35 2.4
      vertex 47.6314 -13.0314 2.4
    endloop
  endfacet
  facet normal -0 0 1
    outer loop
      vertex 46.9141 -13.4455 2.4
      vertex 50.5 -14.35 2.4
      vertex 47.3 -13.2856 2.4
    endloop
  endfacet
  facet normal -0 0 1
    outer loop
      vertex 46.5 -13.5 2.4
      vertex 50.5 -14.35 2.4
      vertex 46.9141 -13.4455 2.4
    endloop
  endfacet
  facet normal 0 0 1
    outer loop
      vertex 42.5 -14.35 2.4
      vertex 46.5 -13.5 2.4
      vertex 46.0859 -13.4455 2.4
    endloop
  endfacet
  facet normal 0 0 1
    outer loop
      vertex 42.5 -14.35 2.4
      vertex 44.9 -11.9 2.4
      vertex 42.5 -9.4 2.4
    endloop
  endfacet
  facet normal 0 0 1
    outer loop
      vertex 44.9 -11.9 2.4
      vertex 42.5 -14.35 2.4
      vertex 44.9545 -12.3141 2.4
    endloop
  endfacet
  facet normal 0 0 1
    outer loop
      vertex 44.9545 -12.3141 2.4
      vertex 42.5 -14.35 2.4
      vertex 45.1144 -12.7 2.4
    endloop
  endfacet
  facet normal 0 0 1
    outer loop
      vertex 46.5 -13.5 2.4
      vertex 42.5 -14.35 2.4
      vertex 50.5 -14.35 2.4
    endloop
  endfacet
  facet normal 0 0 1
    outer loop
      vertex 45.7 -13.2856 2.4
      vertex 42.5 -14.35 2.4
      vertex 46.0859 -13.4455 2.4
    endloop
  endfacet
  facet normal 0 0 1
    outer loop
      vertex 45.3686 -13.0314 2.4
      vertex 42.5 -14.35 2.4
      vertex 45.7 -13.2856 2.4
    endloop
  endfacet
  facet normal 0 0 1
    outer loop
      vertex 45.1144 -12.7 2.4
      vertex 42.5 -14.35 2.4
      vertex 45.3686 -13.0314 2.4
    endloop
  endfacet
  facet normal -1 0 0
    outer loop
      vertex 42.5 -14.35 0
      vertex 42.5 -9.4 2.4
      vertex 42.5 -9.4 0
    endloop
  endfacet
  facet normal -1 -0 0
    outer loop
      vertex 42.5 -9.4 2.4
      vertex 42.5 -14.35 0
      vertex 42.5 -14.35 2.4
    endloop
  endfacet
  facet normal 0 -1 0
    outer loop
      vertex 42.5 -14.35 0
      vertex 50.5 -14.35 2.4
      vertex 42.5 -14.35 2.4
    endloop
  endfacet
  facet normal 0 -1 -0
    outer loop
      vertex 50.5 -14.35 2.4
      vertex 42.5 -14.35 0
      vertex 50.5 -14.35 0
    endloop
  endfacet
  facet normal 1 -0 0
    outer loop
      vertex 50.5 9.4 2.4
      vertex 50.5 14.35 0
      vertex 50.5 14.35 2.4
    endloop
  endfacet
  facet normal 1 0 0
    outer loop
      vertex 50.5 14.35 0
      vertex 50.5 9.4 2.4
      vertex 50.5 9.4 0
    endloop
  endfacet
  facet normal 0 0 1
    outer loop
      vertex 50.5 14.35 2.4
      vertex 48.1 11.9 2.4
      vertex 50.5 9.4 2.4
    endloop
  endfacet
  facet normal 0 0 1
    outer loop
      vertex 50.5 14.35 2.4
      vertex 48.0455 12.3141 2.4
      vertex 48.1 11.9 2.4
    endloop
  endfacet
  facet normal 0 0 1
    outer loop
      vertex 50.5 14.35 2.4
      vertex 47.8856 12.7 2.4
      vertex 48.0455 12.3141 2.4
    endloop
  endfacet
  facet normal 0 0 1
    outer loop
      vertex 50.5 14.35 2.4
      vertex 47.6314 13.0314 2.4
      vertex 47.8856 12.7 2.4
    endloop
  endfacet
  facet normal 0 0 1
    outer loop
      vertex 50.5 14.35 2.4
      vertex 47.3 13.2856 2.4
      vertex 47.6314 13.0314 2.4
    endloop
  endfacet
  facet normal 0 0 1
    outer loop
      vertex 50.5 14.35 2.4
      vertex 46.9141 13.4455 2.4
      vertex 47.3 13.2856 2.4
    endloop
  endfacet
  facet normal 0 0 1
    outer loop
      vertex 50.5 14.35 2.4
      vertex 46.5 13.5 2.4
      vertex 46.9141 13.4455 2.4
    endloop
  endfacet
  facet normal -0 0 1
    outer loop
      vertex 42.5 14.35 2.4
      vertex 46.5 13.5 2.4
      vertex 50.5 14.35 2.4
    endloop
  endfacet
  facet normal 0 0 1
    outer loop
      vertex 44.9545 12.3141 2.4
      vertex 42.5 14.35 2.4
      vertex 44.9 11.9 2.4
    endloop
  endfacet
  facet normal 0 0 1
    outer loop
      vertex 45.1144 12.7 2.4
      vertex 42.5 14.35 2.4
      vertex 44.9545 12.3141 2.4
    endloop
  endfacet
  facet normal 0 0 1
    outer loop
      vertex 45.3686 13.0314 2.4
      vertex 42.5 14.35 2.4
      vertex 45.1144 12.7 2.4
    endloop
  endfacet
  facet normal 0 0 1
    outer loop
      vertex 45.7 13.2856 2.4
      vertex 42.5 14.35 2.4
      vertex 45.3686 13.0314 2.4
    endloop
  endfacet
  facet normal 0 0 1
    outer loop
      vertex 46.0859 13.4455 2.4
      vertex 42.5 14.35 2.4
      vertex 45.7 13.2856 2.4
    endloop
  endfacet
  facet normal 0 0 1
    outer loop
      vertex 46.5 13.5 2.4
      vertex 42.5 14.35 2.4
      vertex 46.0859 13.4455 2.4
    endloop
  endfacet
  facet normal -0 0 1
    outer loop
      vertex 48.0455 11.4859 2.4
      vertex 50.5 9.4 2.4
      vertex 48.1 11.9 2.4
    endloop
  endfacet
  facet normal -0 0 1
    outer loop
      vertex 47.8856 11.1 2.4
      vertex 50.5 9.4 2.4
      vertex 48.0455 11.4859 2.4
    endloop
  endfacet
  facet normal -0 0 1
    outer loop
      vertex 47.6314 10.7686 2.4
      vertex 50.5 9.4 2.4
      vertex 47.8856 11.1 2.4
    endloop
  endfacet
  facet normal -0 0 1
    outer loop
      vertex 47.3 10.5144 2.4
      vertex 50.5 9.4 2.4
      vertex 47.6314 10.7686 2.4
    endloop
  endfacet
  facet normal -0 0 1
    outer loop
      vertex 46.9141 10.3545 2.4
      vertex 50.5 9.4 2.4
      vertex 47.3 10.5144 2.4
    endloop
  endfacet
  facet normal -0 0 1
    outer loop
      vertex 46.5 10.3 2.4
      vertex 50.5 9.4 2.4
      vertex 46.9141 10.3545 2.4
    endloop
  endfacet
  facet normal 0 0 1
    outer loop
      vertex 42.5 9.4 2.4
      vertex 46.5 10.3 2.4
      vertex 46.0859 10.3545 2.4
    endloop
  endfacet
  facet normal 0 0 1
    outer loop
      vertex 42.5 9.4 2.4
      vertex 44.9 11.9 2.4
      vertex 42.5 14.35 2.4
    endloop
  endfacet
  facet normal 0 0 1
    outer loop
      vertex 44.9 11.9 2.4
      vertex 42.5 9.4 2.4
      vertex 44.9545 11.4859 2.4
    endloop
  endfacet
  facet normal 0 0 1
    outer loop
      vertex 44.9545 11.4859 2.4
      vertex 42.5 9.4 2.4
      vertex 45.1144 11.1 2.4
    endloop
  endfacet
  facet normal 0 0 1
    outer loop
      vertex 46.5 10.3 2.4
      vertex 42.5 9.4 2.4
      vertex 50.5 9.4 2.4
    endloop
  endfacet
  facet normal 0 0 1
    outer loop
      vertex 45.7 10.5144 2.4
      vertex 42.5 9.4 2.4
      vertex 46.0859 10.3545 2.4
    endloop
  endfacet
  facet normal 0 0 1
    outer loop
      vertex 45.3686 10.7686 2.4
      vertex 42.5 9.4 2.4
      vertex 45.7 10.5144 2.4
    endloop
  endfacet
  facet normal 0 0 1
    outer loop
      vertex 45.1144 11.1 2.4
      vertex 42.5 9.4 2.4
      vertex 45.3686 10.7686 2.4
    endloop
  endfacet
  facet normal -1 0 0
    outer loop
      vertex 42.5 9.4 0
      vertex 42.5 14.35 2.4
      vertex 42.5 14.35 0
    endloop
  endfacet
  facet normal -1 -0 0
    outer loop
      vertex 42.5 14.35 2.4
      vertex 42.5 9.4 0
      vertex 42.5 9.4 2.4
    endloop
  endfacet
  facet normal 0 1 -0
    outer loop
      vertex 50.5 14.35 0
      vertex 42.5 14.35 2.4
      vertex 50.5 14.35 2.4
    endloop
  endfacet
  facet normal 0 1 0
    outer loop
      vertex 42.5 14.35 2.4
      vertex 50.5 14.35 0
      vertex 42.5 14.35 0
    endloop
  endfacet
  facet normal 1 0 0
    outer loop
      vertex 54.5 5 12.24
      vertex 54.5 -9.4 12.24
      vertex 54.5 5 4.1
    endloop
  endfacet
  facet normal 1 0 0
    outer loop
      vertex 54.5 7.4 4.1
      vertex 54.5 9.4 12.24
      vertex 54.5 7.4 12.24
    endloop
  endfacet
  facet normal 1 0 0
    outer loop
      vertex 54.5 9.4 12.24
      vertex 54.5 7.4 4.1
      vertex 54.5 9.4 0
    endloop
  endfacet
  facet normal 1 -0 0
    outer loop
      vertex 54.5 5 4.1
      vertex 54.5 9.4 0
      vertex 54.5 7.4 4.1
    endloop
  endfacet
  facet normal 1 0 0
    outer loop
      vertex 54.5 -9.4 0
      vertex 54.5 5 4.1
      vertex 54.5 -9.4 12.24
    endloop
  endfacet
  facet normal 1 0 0
    outer loop
      vertex 54.5 5 4.1
      vertex 54.5 -9.4 0
      vertex 54.5 9.4 0
    endloop
  endfacet
  facet normal -0 0 1
    outer loop
      vertex 0 9.4 12.24
      vertex 54.5 7.4 12.24
      vertex 54.5 9.4 12.24
    endloop
  endfacet
  facet normal 0 0 1
    outer loop
      vertex 54.5 7.4 12.24
      vertex 0 9.4 12.24
      vertex 0 7.4 12.24
    endloop
  endfacet
  facet normal 0 0 1
    outer loop
      vertex 52.5 -7.4 12.24
      vertex 54.5 5 12.24
      vertex 52.5 5 12.24
    endloop
  endfacet
  facet normal 0 0 1
    outer loop
      vertex 54.5 5 12.24
      vertex 52.5 -7.4 12.24
      vertex 54.5 -9.4 12.24
    endloop
  endfacet
  facet normal 0 0 1
    outer loop
      vertex 0 -9.4 12.24
      vertex 52.5 -7.4 12.24
      vertex 0 -7.4 12.24
    endloop
  endfacet
  facet normal 0 0 1
    outer loop
      vertex 52.5 -7.4 12.24
      vertex 0 -9.4 12.24
      vertex 54.5 -9.4 12.24
    endloop
  endfacet
  facet normal -1 0 0
    outer loop
      vertex 0 9.4 0
      vertex 0 8.2 9.4
      vertex 0 9.4 12.24
    endloop
  endfacet
  facet normal -1 0 0
    outer loop
      vertex 0 9.4 0
      vertex 0 7.4 4.1
      vertex 0 8.2 9.4
    endloop
  endfacet
  facet normal -1 0 0
    outer loop
      vertex 0 9.4 0
      vertex 0 5 4.1
      vertex 0 7.4 4.1
    endloop
  endfacet
  facet normal -1 0 0
    outer loop
      vertex 0 1.54548 5.61411
      vertex 0 5 4.1
      vertex 0 1.6 5.2
    endloop
  endfacet
  facet normal -1 0 0
    outer loop
      vertex 0 0.799999 3.81436
      vertex 0 5 4.1
      vertex 0 9.4 0
    endloop
  endfacet
  facet normal -1 0 0
    outer loop
      vertex 0 5 4.1
      vertex 0 1.54548 4.78589
      vertex 0 1.6 5.2
    endloop
  endfacet
  facet normal -1 0 0
    outer loop
      vertex 0 5 4.1
      vertex 0 1.38564 4.4
      vertex 0 1.54548 4.78589
    endloop
  endfacet
  facet normal -1 -0 0
    outer loop
      vertex 0 5 4.1
      vertex 0 1.13137 4.06863
      vertex 0 1.38564 4.4
    endloop
  endfacet
  facet normal -1 0 0
    outer loop
      vertex 0 5 4.1
      vertex 0 0.799999 3.81436
      vertex 0 1.13137 4.06863
    endloop
  endfacet
  facet normal -1 0 0
    outer loop
      vertex 0 9.4 0
      vertex 0 0.41411 3.65452
      vertex 0 0.799999 3.81436
    endloop
  endfacet
  facet normal -1 0 0
    outer loop
      vertex 0 9.4 0
      vertex 0 0 3.6
      vertex 0 0.41411 3.65452
    endloop
  endfacet
  facet normal -1 0 0
    outer loop
      vertex 0 -9.4 0
      vertex 0 0 3.6
      vertex 0 9.4 0
    endloop
  endfacet
  facet normal -1 0 0
    outer loop
      vertex 0 -9.4 0
      vertex 0 -1.6 5.2
      vertex 0 -1.54548 4.78589
    endloop
  endfacet
  facet normal -1 0 0
    outer loop
      vertex 0 -9.4 0
      vertex 0 -1.54548 4.78589
      vertex 0 -1.38564 4.4
    endloop
  endfacet
  facet normal -1 0 0
    outer loop
      vertex 0 -9.4 0
      vertex 0 -1.38564 4.4
      vertex 0 -1.13137 4.06863
    endloop
  endfacet
  facet normal -1 0 0
    outer loop
      vertex 0 -9.4 0
      vertex 0 -1.13137 4.06863
      vertex 0 -0.799999 3.81436
    endloop
  endfacet
  facet normal -1 0 0
    outer loop
      vertex 0 -9.4 12.24
      vertex 0 -8.2 9.4
      vertex 0 -9.4 0
    endloop
  endfacet
  facet normal -1 -0 0
    outer loop
      vertex 0 -1.6 5.2
      vertex 0 -9.4 0
      vertex 0 -8.2 9.4
    endloop
  endfacet
  facet normal -1 -0 0
    outer loop
      vertex 0 -0.41411 3.65452
      vertex 0 -9.4 0
      vertex 0 -0.799999 3.81436
    endloop
  endfacet
  facet normal -1 -0 0
    outer loop
      vertex 0 0 3.6
      vertex 0 -9.4 0
      vertex 0 -0.41411 3.65452
    endloop
  endfacet
  facet normal -1 0 0
    outer loop
      vertex 0 8.2 11.24
      vertex 0 9.4 12.24
      vertex 0 8.2 9.4
    endloop
  endfacet
  facet normal -1 0 0
    outer loop
      vertex 0 7.4 12.24
      vertex 0 8.2 11.24
      vertex 0 7.4 11.24
    endloop
  endfacet
  facet normal -1 0 0
    outer loop
      vertex 0 8.2 11.24
      vertex 0 7.4 12.24
      vertex 0 9.4 12.24
    endloop
  endfacet
  facet normal -1 -0 0
    outer loop
      vertex 0 8.2 9.4
      vertex 0 7.4 4.1
      vertex 0 7.4 9.4
    endloop
  endfacet
  facet normal -1 0 0
    outer loop
      vertex 0 5 4.1
      vertex 0 1.54548 5.61411
      vertex 0 5 9.4
    endloop
  endfacet
  facet normal -1 0 0
    outer loop
      vertex 0 1.38564 6
      vertex 0 5 9.4
      vertex 0 1.54548 5.61411
    endloop
  endfacet
  facet normal -1 0 0
    outer loop
      vertex 0 1.13137 6.33137
      vertex 0 5 9.4
      vertex 0 1.38564 6
    endloop
  endfacet
  facet normal -1 0 0
    outer loop
      vertex 0 0.799999 6.58564
      vertex 0 5 9.4
      vertex 0 1.13137 6.33137
    endloop
  endfacet
  facet normal -1 0 0
    outer loop
      vertex 0 0.41411 6.74548
      vertex 0 5 9.4
      vertex 0 0.799999 6.58564
    endloop
  endfacet
  facet normal -1 0 0
    outer loop
      vertex 0 0 6.8
      vertex 0 5 9.4
      vertex 0 0.41411 6.74548
    endloop
  endfacet
  facet normal -1 0 0
    outer loop
      vertex 0 -0.41411 6.74548
      vertex 0 5 9.4
      vertex 0 0 6.8
    endloop
  endfacet
  facet normal -1 0 0
    outer loop
      vertex 0 -8.2 9.4
      vertex 0 -0.41411 6.74548
      vertex 0 -0.799999 6.58564
    endloop
  endfacet
  facet normal -1 0 0
    outer loop
      vertex 0 -0.41411 6.74548
      vertex 0 -8.2 9.4
      vertex 0 5 9.4
    endloop
  endfacet
  facet normal -1 0 0
    outer loop
      vertex 0 -1.13137 6.33137
      vertex 0 -8.2 9.4
      vertex 0 -0.799999 6.58564
    endloop
  endfacet
  facet normal -1 0 0
    outer loop
      vertex 0 -1.38564 6
      vertex 0 -8.2 9.4
      vertex 0 -1.13137 6.33137
    endloop
  endfacet
  facet normal -1 0 0
    outer loop
      vertex 0 -1.54548 5.61411
      vertex 0 -8.2 9.4
      vertex 0 -1.38564 6
    endloop
  endfacet
  facet normal -1 0 0
    outer loop
      vertex 0 -8.2 9.4
      vertex 0 -1.54548 5.61411
      vertex 0 -1.6 5.2
    endloop
  endfacet
  facet normal -1 0 0
    outer loop
      vertex 0 -8.2 11.24
      vertex 0 -7.4 12.24
      vertex 0 -7.4 11.24
    endloop
  endfacet
  facet normal -1 0 0
    outer loop
      vertex 0 -8.2 11.24
      vertex 0 -9.4 12.24
      vertex 0 -7.4 12.24
    endloop
  endfacet
  facet normal -1 0 0
    outer loop
      vertex 0 -8.2 9.4
      vertex 0 -9.4 12.24
      vertex 0 -8.2 11.24
    endloop
  endfacet
  facet normal 0 1 -0
    outer loop
      vertex 42.5 9.4 0
      vertex 12 9.4 2.4
      vertex 42.5 9.4 2.4
    endloop
  endfacet
  facet normal 0 1 0
    outer loop
      vertex 12 9.4 2.4
      vertex 42.5 9.4 0
      vertex 12 9.4 0
    endloop
  endfacet
  facet normal 0 1 0
    outer loop
      vertex 42.5 9.4 2.4
      vertex 54.5 9.4 12.24
      vertex 50.5 9.4 2.4
    endloop
  endfacet
  facet normal 0 1 -0
    outer loop
      vertex 54.5 9.4 0
      vertex 50.5 9.4 2.4
      vertex 54.5 9.4 12.24
    endloop
  endfacet
  facet normal 0 1 0
    outer loop
      vertex 50.5 9.4 2.4
      vertex 54.5 9.4 0
      vertex 50.5 9.4 0
    endloop
  endfacet
  facet normal 0 1 0
    outer loop
      vertex 54.5 9.4 12.24
      vertex 42.5 9.4 2.4
      vertex 0 9.4 12.24
    endloop
  endfacet
  facet normal 0 1 -0
    outer loop
      vertex 12 9.4 2.4
      vertex 0 9.4 12.24
      vertex 42.5 9.4 2.4
    endloop
  endfacet
  facet normal 0 1 -0
    outer loop
      vertex 4 9.4 2.4
      vertex 0 9.4 12.24
      vertex 12 9.4 2.4
    endloop
  endfacet
  facet normal 0 1 0
    outer loop
      vertex 0 9.4 0
      vertex 4 9.4 2.4
      vertex 4 9.4 0
    endloop
  endfacet
  facet normal 0 1 0
    outer loop
      vertex 4 9.4 2.4
      vertex 0 9.4 0
      vertex 0 9.4 12.24
    endloop
  endfacet
  facet normal 0 -1 0
    outer loop
      vertex 12 -9.4 0
      vertex 42.5 -9.4 2.4
      vertex 12 -9.4 2.4
    endloop
  endfacet
  facet normal 0 -1 -0
    outer loop
      vertex 42.5 -9.4 2.4
      vertex 12 -9.4 0
      vertex 42.5 -9.4 0
    endloop
  endfacet
  facet normal 0 -1 0
    outer loop
      vertex 12 -9.4 2.4
      vertex 0 -9.4 12.24
      vertex 4 -9.4 2.4
    endloop
  endfacet
  facet normal 0 -1 0
    outer loop
      vertex 0 -9.4 0
      vertex 4 -9.4 2.4
      vertex 0 -9.4 12.24
    endloop
  endfacet
  facet normal 0 -1 -0
    outer loop
      vertex 4 -9.4 2.4
      vertex 0 -9.4 0
      vertex 4 -9.4 0
    endloop
  endfacet
  facet normal 0 -1 0
    outer loop
      vertex 0 -9.4 12.24
      vertex 12 -9.4 2.4
      vertex 54.5 -9.4 12.24
    endloop
  endfacet
  facet normal 0 -1 0
    outer loop
      vertex 42.5 -9.4 2.4
      vertex 54.5 -9.4 12.24
      vertex 12 -9.4 2.4
    endloop
  endfacet
  facet normal 0 -1 0
    outer loop
      vertex 50.5 -9.4 2.4
      vertex 54.5 -9.4 12.24
      vertex 42.5 -9.4 2.4
    endloop
  endfacet
  facet normal 0 -1 0
    outer loop
      vertex 54.5 -9.4 0
      vertex 50.5 -9.4 2.4
      vertex 50.5 -9.4 0
    endloop
  endfacet
  facet normal 0 -1 0
    outer loop
      vertex 50.5 -9.4 2.4
      vertex 54.5 -9.4 0
      vertex 54.5 -9.4 12.24
    endloop
  endfacet
  facet normal -0.923884 -0.382673 0
    outer loop
      vertex 9.54548 -11.4859 0
      vertex 9.38564 -11.1 2.4
      vertex 9.38564 -11.1 0
    endloop
  endfacet
  facet normal -0.923884 -0.382673 0
    outer loop
      vertex 9.38564 -11.1 2.4
      vertex 9.54548 -11.4859 0
      vertex 9.54548 -11.4859 2.4
    endloop
  endfacet
  facet normal -0.991444 -0.130533 0
    outer loop
      vertex 9.6 -11.9 0
      vertex 9.54548 -11.4859 2.4
      vertex 9.54548 -11.4859 0
    endloop
  endfacet
  facet normal -0.991444 -0.130533 0
    outer loop
      vertex 9.54548 -11.4859 2.4
      vertex 9.6 -11.9 0
      vertex 9.6 -11.9 2.4
    endloop
  endfacet
  facet normal 0.991444 0.130533 0
    outer loop
      vertex 6.45452 -12.3141 2.4
      vertex 6.4 -11.9 0
      vertex 6.4 -11.9 2.4
    endloop
  endfacet
  facet normal 0.991444 0.130533 0
    outer loop
      vertex 6.4 -11.9 0
      vertex 6.45452 -12.3141 2.4
      vertex 6.45452 -12.3141 0
    endloop
  endfacet
  facet normal 0.793379 -0.608728 0
    outer loop
      vertex 6.61436 -11.1 2.4
      vertex 6.86863 -10.7686 0
      vertex 6.86863 -10.7686 2.4
    endloop
  endfacet
  facet normal 0.793379 -0.608728 0
    outer loop
      vertex 6.86863 -10.7686 0
      vertex 6.61436 -11.1 2.4
      vertex 6.61436 -11.1 0
    endloop
  endfacet
  facet normal 0.608657 0.793433 -0
    outer loop
      vertex 7.2 -13.2856 0
      vertex 6.86863 -13.0314 2.4
      vertex 7.2 -13.2856 2.4
    endloop
  endfacet
  facet normal 0.608657 0.793433 0
    outer loop
      vertex 6.86863 -13.0314 2.4
      vertex 7.2 -13.2856 0
      vertex 6.86863 -13.0314 0
    endloop
  endfacet
  facet normal -0.793379 -0.608728 0
    outer loop
      vertex 9.38564 -11.1 0
      vertex 9.13137 -10.7686 2.4
      vertex 9.13137 -10.7686 0
    endloop
  endfacet
  facet normal -0.793379 -0.608728 0
    outer loop
      vertex 9.13137 -10.7686 2.4
      vertex 9.38564 -11.1 0
      vertex 9.38564 -11.1 2.4
    endloop
  endfacet
  facet normal -0.130482 0.991451 0
    outer loop
      vertex 8.41411 -13.4455 0
      vertex 8 -13.5 2.4
      vertex 8.41411 -13.4455 2.4
    endloop
  endfacet
  facet normal -0.130482 0.991451 0
    outer loop
      vertex 8 -13.5 2.4
      vertex 8.41411 -13.4455 0
      vertex 8 -13.5 0
    endloop
  endfacet
  facet normal -0.923884 0.382673 0
    outer loop
      vertex 9.38564 -12.7 0
      vertex 9.54548 -12.3141 2.4
      vertex 9.54548 -12.3141 0
    endloop
  endfacet
  facet normal -0.923884 0.382673 0
    outer loop
      vertex 9.54548 -12.3141 2.4
      vertex 9.38564 -12.7 0
      vertex 9.38564 -12.7 2.4
    endloop
  endfacet
  facet normal -0.382804 0.923829 0
    outer loop
      vertex 8.8 -13.2856 0
      vertex 8.41411 -13.4455 2.4
      vertex 8.8 -13.2856 2.4
    endloop
  endfacet
  facet normal -0.382804 0.923829 0
    outer loop
      vertex 8.41411 -13.4455 2.4
      vertex 8.8 -13.2856 0
      vertex 8.41411 -13.4455 0
    endloop
  endfacet
  facet normal -0.793379 0.608728 0
    outer loop
      vertex 9.13137 -13.0314 0
      vertex 9.38564 -12.7 2.4
      vertex 9.38564 -12.7 0
    endloop
  endfacet
  facet normal -0.793379 0.608728 0
    outer loop
      vertex 9.38564 -12.7 2.4
      vertex 9.13137 -13.0314 0
      vertex 9.13137 -13.0314 2.4
    endloop
  endfacet
  facet normal -0.382804 -0.923829 0
    outer loop
      vertex 8.41411 -10.3545 0
      vertex 8.8 -10.5144 2.4
      vertex 8.41411 -10.3545 2.4
    endloop
  endfacet
  facet normal -0.382804 -0.923829 -0
    outer loop
      vertex 8.8 -10.5144 2.4
      vertex 8.41411 -10.3545 0
      vertex 8.8 -10.5144 0
    endloop
  endfacet
  facet normal -0.991444 0.130533 0
    outer loop
      vertex 9.54548 -12.3141 0
      vertex 9.6 -11.9 2.4
      vertex 9.6 -11.9 0
    endloop
  endfacet
  facet normal -0.991444 0.130533 0
    outer loop
      vertex 9.6 -11.9 2.4
      vertex 9.54548 -12.3141 0
      vertex 9.54548 -12.3141 2.4
    endloop
  endfacet
  facet normal 0.130482 0.991451 -0
    outer loop
      vertex 8 -13.5 0
      vertex 7.58589 -13.4455 2.4
      vertex 8 -13.5 2.4
    endloop
  endfacet
  facet normal 0.130482 0.991451 0
    outer loop
      vertex 7.58589 -13.4455 2.4
      vertex 8 -13.5 0
      vertex 7.58589 -13.4455 0
    endloop
  endfacet
  facet normal 0.923884 -0.382673 0
    outer loop
      vertex 6.45452 -11.4859 2.4
      vertex 6.61436 -11.1 0
      vertex 6.61436 -11.1 2.4
    endloop
  endfacet
  facet normal 0.923884 -0.382673 0
    outer loop
      vertex 6.61436 -11.1 0
      vertex 6.45452 -11.4859 2.4
      vertex 6.45452 -11.4859 0
    endloop
  endfacet
  facet normal 0.130482 -0.991451 0
    outer loop
      vertex 7.58589 -10.3545 0
      vertex 8 -10.3 2.4
      vertex 7.58589 -10.3545 2.4
    endloop
  endfacet
  facet normal 0.130482 -0.991451 0
    outer loop
      vertex 8 -10.3 2.4
      vertex 7.58589 -10.3545 0
      vertex 8 -10.3 0
    endloop
  endfacet
  facet normal 0.608657 -0.793433 0
    outer loop
      vertex 6.86863 -10.7686 0
      vertex 7.2 -10.5144 2.4
      vertex 6.86863 -10.7686 2.4
    endloop
  endfacet
  facet normal 0.608657 -0.793433 0
    outer loop
      vertex 7.2 -10.5144 2.4
      vertex 6.86863 -10.7686 0
      vertex 7.2 -10.5144 0
    endloop
  endfacet
  facet normal 0.793379 0.608728 0
    outer loop
      vertex 6.86863 -13.0314 2.4
      vertex 6.61436 -12.7 0
      vertex 6.61436 -12.7 2.4
    endloop
  endfacet
  facet normal 0.793379 0.608728 0
    outer loop
      vertex 6.61436 -12.7 0
      vertex 6.86863 -13.0314 2.4
      vertex 6.86863 -13.0314 0
    endloop
  endfacet
  facet normal 0.382804 -0.923829 0
    outer loop
      vertex 7.2 -10.5144 0
      vertex 7.58589 -10.3545 2.4
      vertex 7.2 -10.5144 2.4
    endloop
  endfacet
  facet normal 0.382804 -0.923829 0
    outer loop
      vertex 7.58589 -10.3545 2.4
      vertex 7.2 -10.5144 0
      vertex 7.58589 -10.3545 0
    endloop
  endfacet
  facet normal -0.608657 0.793433 0
    outer loop
      vertex 9.13137 -13.0314 0
      vertex 8.8 -13.2856 2.4
      vertex 9.13137 -13.0314 2.4
    endloop
  endfacet
  facet normal -0.608657 0.793433 0
    outer loop
      vertex 8.8 -13.2856 2.4
      vertex 9.13137 -13.0314 0
      vertex 8.8 -13.2856 0
    endloop
  endfacet
  facet normal 0.382804 0.923829 -0
    outer loop
      vertex 7.58589 -13.4455 0
      vertex 7.2 -13.2856 2.4
      vertex 7.58589 -13.4455 2.4
    endloop
  endfacet
  facet normal 0.382804 0.923829 0
    outer loop
      vertex 7.2 -13.2856 2.4
      vertex 7.58589 -13.4455 0
      vertex 7.2 -13.2856 0
    endloop
  endfacet
  facet normal 0.991444 -0.130533 0
    outer loop
      vertex 6.4 -11.9 2.4
      vertex 6.45452 -11.4859 0
      vertex 6.45452 -11.4859 2.4
    endloop
  endfacet
  facet normal 0.991444 -0.130533 0
    outer loop
      vertex 6.45452 -11.4859 0
      vertex 6.4 -11.9 2.4
      vertex 6.4 -11.9 0
    endloop
  endfacet
  facet normal 0.923884 0.382673 0
    outer loop
      vertex 6.61436 -12.7 2.4
      vertex 6.45452 -12.3141 0
      vertex 6.45452 -12.3141 2.4
    endloop
  endfacet
  facet normal 0.923884 0.382673 0
    outer loop
      vertex 6.45452 -12.3141 0
      vertex 6.61436 -12.7 2.4
      vertex 6.61436 -12.7 0
    endloop
  endfacet
  facet normal -0.608657 -0.793433 0
    outer loop
      vertex 8.8 -10.5144 0
      vertex 9.13137 -10.7686 2.4
      vertex 8.8 -10.5144 2.4
    endloop
  endfacet
  facet normal -0.608657 -0.793433 -0
    outer loop
      vertex 9.13137 -10.7686 2.4
      vertex 8.8 -10.5144 0
      vertex 9.13137 -10.7686 0
    endloop
  endfacet
  facet normal -0.130482 -0.991451 0
    outer loop
      vertex 8 -10.3 0
      vertex 8.41411 -10.3545 2.4
      vertex 8 -10.3 2.4
    endloop
  endfacet
  facet normal -0.130482 -0.991451 -0
    outer loop
      vertex 8.41411 -10.3545 2.4
      vertex 8 -10.3 0
      vertex 8.41411 -10.3545 0
    endloop
  endfacet
  facet normal -0.923884 -0.382673 0
    outer loop
      vertex 9.54548 12.3141 0
      vertex 9.38564 12.7 2.4
      vertex 9.38564 12.7 0
    endloop
  endfacet
  facet normal -0.923884 -0.382673 0
    outer loop
      vertex 9.38564 12.7 2.4
      vertex 9.54548 12.3141 0
      vertex 9.54548 12.3141 2.4
    endloop
  endfacet
  facet normal -0.991444 -0.130533 0
    outer loop
      vertex 9.6 11.9 0
      vertex 9.54548 12.3141 2.4
      vertex 9.54548 12.3141 0
    endloop
  endfacet
  facet normal -0.991444 -0.130533 0
    outer loop
      vertex 9.54548 12.3141 2.4
      vertex 9.6 11.9 0
      vertex 9.6 11.9 2.4
    endloop
  endfacet
  facet normal -0.608657 0.793433 0
    outer loop
      vertex 9.13137 10.7686 0
      vertex 8.8 10.5144 2.4
      vertex 9.13137 10.7686 2.4
    endloop
  endfacet
  facet normal -0.608657 0.793433 0
    outer loop
      vertex 8.8 10.5144 2.4
      vertex 9.13137 10.7686 0
      vertex 8.8 10.5144 0
    endloop
  endfacet
  facet normal -0.382804 0.923829 0
    outer loop
      vertex 8.8 10.5144 0
      vertex 8.41411 10.3545 2.4
      vertex 8.8 10.5144 2.4
    endloop
  endfacet
  facet normal -0.382804 0.923829 0
    outer loop
      vertex 8.41411 10.3545 2.4
      vertex 8.8 10.5144 0
      vertex 8.41411 10.3545 0
    endloop
  endfacet
  facet normal -0.382804 -0.923829 0
    outer loop
      vertex 8.41411 13.4455 0
      vertex 8.8 13.2856 2.4
      vertex 8.41411 13.4455 2.4
    endloop
  endfacet
  facet normal -0.382804 -0.923829 -0
    outer loop
      vertex 8.8 13.2856 2.4
      vertex 8.41411 13.4455 0
      vertex 8.8 13.2856 0
    endloop
  endfacet
  facet normal -0.793379 -0.608728 0
    outer loop
      vertex 9.38564 12.7 0
      vertex 9.13137 13.0314 2.4
      vertex 9.13137 13.0314 0
    endloop
  endfacet
  facet normal -0.793379 -0.608728 0
    outer loop
      vertex 9.13137 13.0314 2.4
      vertex 9.38564 12.7 0
      vertex 9.38564 12.7 2.4
    endloop
  endfacet
  facet normal -0.923884 0.382673 0
    outer loop
      vertex 9.38564 11.1 0
      vertex 9.54548 11.4859 2.4
      vertex 9.54548 11.4859 0
    endloop
  endfacet
  facet normal -0.923884 0.382673 0
    outer loop
      vertex 9.54548 11.4859 2.4
      vertex 9.38564 11.1 0
      vertex 9.38564 11.1 2.4
    endloop
  endfacet
  facet normal 0.991444 -0.130533 0
    outer loop
      vertex 6.4 11.9 2.4
      vertex 6.45452 12.3141 0
      vertex 6.45452 12.3141 2.4
    endloop
  endfacet
  facet normal 0.991444 -0.130533 0
    outer loop
      vertex 6.45452 12.3141 0
      vertex 6.4 11.9 2.4
      vertex 6.4 11.9 0
    endloop
  endfacet
  facet normal 0.608657 -0.793433 0
    outer loop
      vertex 6.86863 13.0314 0
      vertex 7.2 13.2856 2.4
      vertex 6.86863 13.0314 2.4
    endloop
  endfacet
  facet normal 0.608657 -0.793433 0
    outer loop
      vertex 7.2 13.2856 2.4
      vertex 6.86863 13.0314 0
      vertex 7.2 13.2856 0
    endloop
  endfacet
  facet normal 0.382804 0.923829 -0
    outer loop
      vertex 7.58589 10.3545 0
      vertex 7.2 10.5144 2.4
      vertex 7.58589 10.3545 2.4
    endloop
  endfacet
  facet normal 0.382804 0.923829 0
    outer loop
      vertex 7.2 10.5144 2.4
      vertex 7.58589 10.3545 0
      vertex 7.2 10.5144 0
    endloop
  endfacet
  facet normal 0.793379 -0.608728 0
    outer loop
      vertex 6.61436 12.7 2.4
      vertex 6.86863 13.0314 0
      vertex 6.86863 13.0314 2.4
    endloop
  endfacet
  facet normal 0.793379 -0.608728 0
    outer loop
      vertex 6.86863 13.0314 0
      vertex 6.61436 12.7 2.4
      vertex 6.61436 12.7 0
    endloop
  endfacet
  facet normal 0.923884 0.382673 0
    outer loop
      vertex 6.61436 11.1 2.4
      vertex 6.45452 11.4859 0
      vertex 6.45452 11.4859 2.4
    endloop
  endfacet
  facet normal 0.923884 0.382673 0
    outer loop
      vertex 6.45452 11.4859 0
      vertex 6.61436 11.1 2.4
      vertex 6.61436 11.1 0
    endloop
  endfacet
  facet normal -0.991444 0.130533 0
    outer loop
      vertex 9.54548 11.4859 0
      vertex 9.6 11.9 2.4
      vertex 9.6 11.9 0
    endloop
  endfacet
  facet normal -0.991444 0.130533 0
    outer loop
      vertex 9.6 11.9 2.4
      vertex 9.54548 11.4859 0
      vertex 9.54548 11.4859 2.4
    endloop
  endfacet
  facet normal 0.130482 -0.991451 0
    outer loop
      vertex 7.58589 13.4455 0
      vertex 8 13.5 2.4
      vertex 7.58589 13.4455 2.4
    endloop
  endfacet
  facet normal 0.130482 -0.991451 0
    outer loop
      vertex 8 13.5 2.4
      vertex 7.58589 13.4455 0
      vertex 8 13.5 0
    endloop
  endfacet
  facet normal -0.130482 0.991451 0
    outer loop
      vertex 8.41411 10.3545 0
      vertex 8 10.3 2.4
      vertex 8.41411 10.3545 2.4
    endloop
  endfacet
  facet normal -0.130482 0.991451 0
    outer loop
      vertex 8 10.3 2.4
      vertex 8.41411 10.3545 0
      vertex 8 10.3 0
    endloop
  endfacet
  facet normal 0.382804 -0.923829 0
    outer loop
      vertex 7.2 13.2856 0
      vertex 7.58589 13.4455 2.4
      vertex 7.2 13.2856 2.4
    endloop
  endfacet
  facet normal 0.382804 -0.923829 0
    outer loop
      vertex 7.58589 13.4455 2.4
      vertex 7.2 13.2856 0
      vertex 7.58589 13.4455 0
    endloop
  endfacet
  facet normal 0.793379 0.608728 0
    outer loop
      vertex 6.86863 10.7686 2.4
      vertex 6.61436 11.1 0
      vertex 6.61436 11.1 2.4
    endloop
  endfacet
  facet normal 0.793379 0.608728 0
    outer loop
      vertex 6.61436 11.1 0
      vertex 6.86863 10.7686 2.4
      vertex 6.86863 10.7686 0
    endloop
  endfacet
  facet normal -0.130482 -0.991451 0
    outer loop
      vertex 8 13.5 0
      vertex 8.41411 13.4455 2.4
      vertex 8 13.5 2.4
    endloop
  endfacet
  facet normal -0.130482 -0.991451 -0
    outer loop
      vertex 8.41411 13.4455 2.4
      vertex 8 13.5 0
      vertex 8.41411 13.4455 0
    endloop
  endfacet
  facet normal -0.793379 0.608728 0
    outer loop
      vertex 9.13137 10.7686 0
      vertex 9.38564 11.1 2.4
      vertex 9.38564 11.1 0
    endloop
  endfacet
  facet normal -0.793379 0.608728 0
    outer loop
      vertex 9.38564 11.1 2.4
      vertex 9.13137 10.7686 0
      vertex 9.13137 10.7686 2.4
    endloop
  endfacet
  facet normal -0.608657 -0.793433 0
    outer loop
      vertex 8.8 13.2856 0
      vertex 9.13137 13.0314 2.4
      vertex 8.8 13.2856 2.4
    endloop
  endfacet
  facet normal -0.608657 -0.793433 -0
    outer loop
      vertex 9.13137 13.0314 2.4
      vertex 8.8 13.2856 0
      vertex 9.13137 13.0314 0
    endloop
  endfacet
  facet normal 0.923884 -0.382673 0
    outer loop
      vertex 6.45452 12.3141 2.4
      vertex 6.61436 12.7 0
      vertex 6.61436 12.7 2.4
    endloop
  endfacet
  facet normal 0.923884 -0.382673 0
    outer loop
      vertex 6.61436 12.7 0
      vertex 6.45452 12.3141 2.4
      vertex 6.45452 12.3141 0
    endloop
  endfacet
  facet normal 0.130482 0.991451 -0
    outer loop
      vertex 8 10.3 0
      vertex 7.58589 10.3545 2.4
      vertex 8 10.3 2.4
    endloop
  endfacet
  facet normal 0.130482 0.991451 0
    outer loop
      vertex 7.58589 10.3545 2.4
      vertex 8 10.3 0
      vertex 7.58589 10.3545 0
    endloop
  endfacet
  facet normal 0.991444 0.130533 0
    outer loop
      vertex 6.45452 11.4859 2.4
      vertex 6.4 11.9 0
      vertex 6.4 11.9 2.4
    endloop
  endfacet
  facet normal 0.991444 0.130533 0
    outer loop
      vertex 6.4 11.9 0
      vertex 6.45452 11.4859 2.4
      vertex 6.45452 11.4859 0
    endloop
  endfacet
  facet normal 0.608657 0.793433 -0
    outer loop
      vertex 7.2 10.5144 0
      vertex 6.86863 10.7686 2.4
      vertex 7.2 10.5144 2.4
    endloop
  endfacet
  facet normal 0.608657 0.793433 0
    outer loop
      vertex 6.86863 10.7686 2.4
      vertex 7.2 10.5144 0
      vertex 6.86863 10.7686 0
    endloop
  endfacet
  facet normal -0.923833 -0.382796 0
    outer loop
      vertex 48.0455 -11.4859 0
      vertex 47.8856 -11.1 2.4
      vertex 47.8856 -11.1 0
    endloop
  endfacet
  facet normal -0.923833 -0.382796 0
    outer loop
      vertex 47.8856 -11.1 2.4
      vertex 48.0455 -11.4859 0
      vertex 48.0455 -11.4859 2.4
    endloop
  endfacet
  facet normal -0.99145 -0.130485 0
    outer loop
      vertex 48.1 -11.9 0
      vertex 48.0455 -11.4859 2.4
      vertex 48.0455 -11.4859 0
    endloop
  endfacet
  facet normal -0.99145 -0.130485 0
    outer loop
      vertex 48.0455 -11.4859 2.4
      vertex 48.1 -11.9 0
      vertex 48.1 -11.9 2.4
    endloop
  endfacet
  facet normal 0.99145 0.130485 0
    outer loop
      vertex 44.9545 -12.3141 2.4
      vertex 44.9 -11.9 0
      vertex 44.9 -11.9 2.4
    endloop
  endfacet
  facet normal 0.99145 0.130485 0
    outer loop
      vertex 44.9 -11.9 0
      vertex 44.9545 -12.3141 2.4
      vertex 44.9545 -12.3141 0
    endloop
  endfacet
  facet normal 0.79346 -0.608623 0
    outer loop
      vertex 45.1144 -11.1 2.4
      vertex 45.3686 -10.7686 0
      vertex 45.3686 -10.7686 2.4
    endloop
  endfacet
  facet normal 0.79346 -0.608623 0
    outer loop
      vertex 45.3686 -10.7686 0
      vertex 45.1144 -11.1 2.4
      vertex 45.1144 -11.1 0
    endloop
  endfacet
  facet normal 0.608623 0.79346 -0
    outer loop
      vertex 45.7 -13.2856 0
      vertex 45.3686 -13.0314 2.4
      vertex 45.7 -13.2856 2.4
    endloop
  endfacet
  facet normal 0.608623 0.79346 0
    outer loop
      vertex 45.3686 -13.0314 2.4
      vertex 45.7 -13.2856 0
      vertex 45.3686 -13.0314 0
    endloop
  endfacet
  facet normal -0.79346 -0.608623 0
    outer loop
      vertex 47.8856 -11.1 0
      vertex 47.6314 -10.7686 2.4
      vertex 47.6314 -10.7686 0
    endloop
  endfacet
  facet normal -0.79346 -0.608623 0
    outer loop
      vertex 47.6314 -10.7686 2.4
      vertex 47.8856 -11.1 0
      vertex 47.8856 -11.1 2.4
    endloop
  endfacet
  facet normal -0.923833 0.382796 0
    outer loop
      vertex 47.8856 -12.7 0
      vertex 48.0455 -12.3141 2.4
      vertex 48.0455 -12.3141 0
    endloop
  endfacet
  facet normal -0.923833 0.382796 0
    outer loop
      vertex 48.0455 -12.3141 2.4
      vertex 47.8856 -12.7 0
      vertex 47.8856 -12.7 2.4
    endloop
  endfacet
  facet normal -0.382796 0.923833 0
    outer loop
      vertex 47.3 -13.2856 0
      vertex 46.9141 -13.4455 2.4
      vertex 47.3 -13.2856 2.4
    endloop
  endfacet
  facet normal -0.382796 0.923833 0
    outer loop
      vertex 46.9141 -13.4455 2.4
      vertex 47.3 -13.2856 0
      vertex 46.9141 -13.4455 0
    endloop
  endfacet
  facet normal 0.923833 0.382796 0
    outer loop
      vertex 45.1144 -12.7 2.4
      vertex 44.9545 -12.3141 0
      vertex 44.9545 -12.3141 2.4
    endloop
  endfacet
  facet normal 0.923833 0.382796 0
    outer loop
      vertex 44.9545 -12.3141 0
      vertex 45.1144 -12.7 2.4
      vertex 45.1144 -12.7 0
    endloop
  endfacet
  facet normal -0.79346 0.608623 0
    outer loop
      vertex 47.6314 -13.0314 0
      vertex 47.8856 -12.7 2.4
      vertex 47.8856 -12.7 0
    endloop
  endfacet
  facet normal -0.79346 0.608623 0
    outer loop
      vertex 47.8856 -12.7 2.4
      vertex 47.6314 -13.0314 0
      vertex 47.6314 -13.0314 2.4
    endloop
  endfacet
  facet normal -0.382796 -0.923833 0
    outer loop
      vertex 46.9141 -10.3545 0
      vertex 47.3 -10.5144 2.4
      vertex 46.9141 -10.3545 2.4
    endloop
  endfacet
  facet normal -0.382796 -0.923833 -0
    outer loop
      vertex 47.3 -10.5144 2.4
      vertex 46.9141 -10.3545 0
      vertex 47.3 -10.5144 0
    endloop
  endfacet
  facet normal -0.99145 0.130485 0
    outer loop
      vertex 48.0455 -12.3141 0
      vertex 48.1 -11.9 2.4
      vertex 48.1 -11.9 0
    endloop
  endfacet
  facet normal -0.99145 0.130485 0
    outer loop
      vertex 48.1 -11.9 2.4
      vertex 48.0455 -12.3141 0
      vertex 48.0455 -12.3141 2.4
    endloop
  endfacet
  facet normal 0.130485 0.99145 -0
    outer loop
      vertex 46.5 -13.5 0
      vertex 46.0859 -13.4455 2.4
      vertex 46.5 -13.5 2.4
    endloop
  endfacet
  facet normal 0.130485 0.99145 0
    outer loop
      vertex 46.0859 -13.4455 2.4
      vertex 46.5 -13.5 0
      vertex 46.0859 -13.4455 0
    endloop
  endfacet
  facet normal 0.923833 -0.382796 0
    outer loop
      vertex 44.9545 -11.4859 2.4
      vertex 45.1144 -11.1 0
      vertex 45.1144 -11.1 2.4
    endloop
  endfacet
  facet normal 0.923833 -0.382796 0
    outer loop
      vertex 45.1144 -11.1 0
      vertex 44.9545 -11.4859 2.4
      vertex 44.9545 -11.4859 0
    endloop
  endfacet
  facet normal 0.130485 -0.99145 0
    outer loop
      vertex 46.0859 -10.3545 0
      vertex 46.5 -10.3 2.4
      vertex 46.0859 -10.3545 2.4
    endloop
  endfacet
  facet normal 0.130485 -0.99145 0
    outer loop
      vertex 46.5 -10.3 2.4
      vertex 46.0859 -10.3545 0
      vertex 46.5 -10.3 0
    endloop
  endfacet
  facet normal 0.608623 -0.79346 0
    outer loop
      vertex 45.3686 -10.7686 0
      vertex 45.7 -10.5144 2.4
      vertex 45.3686 -10.7686 2.4
    endloop
  endfacet
  facet normal 0.608623 -0.79346 0
    outer loop
      vertex 45.7 -10.5144 2.4
      vertex 45.3686 -10.7686 0
      vertex 45.7 -10.5144 0
    endloop
  endfacet
  facet normal 0.79346 0.608623 0
    outer loop
      vertex 45.3686 -13.0314 2.4
      vertex 45.1144 -12.7 0
      vertex 45.1144 -12.7 2.4
    endloop
  endfacet
  facet normal 0.79346 0.608623 0
    outer loop
      vertex 45.1144 -12.7 0
      vertex 45.3686 -13.0314 2.4
      vertex 45.3686 -13.0314 0
    endloop
  endfacet
  facet normal 0.382796 -0.923833 0
    outer loop
      vertex 45.7 -10.5144 0
      vertex 46.0859 -10.3545 2.4
      vertex 45.7 -10.5144 2.4
    endloop
  endfacet
  facet normal 0.382796 -0.923833 0
    outer loop
      vertex 46.0859 -10.3545 2.4
      vertex 45.7 -10.5144 0
      vertex 46.0859 -10.3545 0
    endloop
  endfacet
  facet normal -0.130485 0.99145 0
    outer loop
      vertex 46.9141 -13.4455 0
      vertex 46.5 -13.5 2.4
      vertex 46.9141 -13.4455 2.4
    endloop
  endfacet
  facet normal -0.130485 0.99145 0
    outer loop
      vertex 46.5 -13.5 2.4
      vertex 46.9141 -13.4455 0
      vertex 46.5 -13.5 0
    endloop
  endfacet
  facet normal -0.608623 0.79346 0
    outer loop
      vertex 47.6314 -13.0314 0
      vertex 47.3 -13.2856 2.4
      vertex 47.6314 -13.0314 2.4
    endloop
  endfacet
  facet normal -0.608623 0.79346 0
    outer loop
      vertex 47.3 -13.2856 2.4
      vertex 47.6314 -13.0314 0
      vertex 47.3 -13.2856 0
    endloop
  endfacet
  facet normal 0.382796 0.923833 -0
    outer loop
      vertex 46.0859 -13.4455 0
      vertex 45.7 -13.2856 2.4
      vertex 46.0859 -13.4455 2.4
    endloop
  endfacet
  facet normal 0.382796 0.923833 0
    outer loop
      vertex 45.7 -13.2856 2.4
      vertex 46.0859 -13.4455 0
      vertex 45.7 -13.2856 0
    endloop
  endfacet
  facet normal -0.608623 -0.79346 0
    outer loop
      vertex 47.3 -10.5144 0
      vertex 47.6314 -10.7686 2.4
      vertex 47.3 -10.5144 2.4
    endloop
  endfacet
  facet normal -0.608623 -0.79346 -0
    outer loop
      vertex 47.6314 -10.7686 2.4
      vertex 47.3 -10.5144 0
      vertex 47.6314 -10.7686 0
    endloop
  endfacet
  facet normal 0.99145 -0.130485 0
    outer loop
      vertex 44.9 -11.9 2.4
      vertex 44.9545 -11.4859 0
      vertex 44.9545 -11.4859 2.4
    endloop
  endfacet
  facet normal 0.99145 -0.130485 0
    outer loop
      vertex 44.9545 -11.4859 0
      vertex 44.9 -11.9 2.4
      vertex 44.9 -11.9 0
    endloop
  endfacet
  facet normal -0.130485 -0.99145 0
    outer loop
      vertex 46.5 -10.3 0
      vertex 46.9141 -10.3545 2.4
      vertex 46.5 -10.3 2.4
    endloop
  endfacet
  facet normal -0.130485 -0.99145 -0
    outer loop
      vertex 46.9141 -10.3545 2.4
      vertex 46.5 -10.3 0
      vertex 46.9141 -10.3545 0
    endloop
  endfacet
  facet normal -0.923833 -0.382796 0
    outer loop
      vertex 48.0455 12.3141 0
      vertex 47.8856 12.7 2.4
      vertex 47.8856 12.7 0
    endloop
  endfacet
  facet normal -0.923833 -0.382796 0
    outer loop
      vertex 47.8856 12.7 2.4
      vertex 48.0455 12.3141 0
      vertex 48.0455 12.3141 2.4
    endloop
  endfacet
  facet normal -0.99145 -0.130485 0
    outer loop
      vertex 48.1 11.9 0
      vertex 48.0455 12.3141 2.4
      vertex 48.0455 12.3141 0
    endloop
  endfacet
  facet normal -0.99145 -0.130485 0
    outer loop
      vertex 48.0455 12.3141 2.4
      vertex 48.1 11.9 0
      vertex 48.1 11.9 2.4
    endloop
  endfacet
  facet normal -0.608623 0.79346 0
    outer loop
      vertex 47.6314 10.7686 0
      vertex 47.3 10.5144 2.4
      vertex 47.6314 10.7686 2.4
    endloop
  endfacet
  facet normal -0.608623 0.79346 0
    outer loop
      vertex 47.3 10.5144 2.4
      vertex 47.6314 10.7686 0
      vertex 47.3 10.5144 0
    endloop
  endfacet
  facet normal -0.382796 0.923833 0
    outer loop
      vertex 47.3 10.5144 0
      vertex 46.9141 10.3545 2.4
      vertex 47.3 10.5144 2.4
    endloop
  endfacet
  facet normal -0.382796 0.923833 0
    outer loop
      vertex 46.9141 10.3545 2.4
      vertex 47.3 10.5144 0
      vertex 46.9141 10.3545 0
    endloop
  endfacet
  facet normal -0.382796 -0.923833 0
    outer loop
      vertex 46.9141 13.4455 0
      vertex 47.3 13.2856 2.4
      vertex 46.9141 13.4455 2.4
    endloop
  endfacet
  facet normal -0.382796 -0.923833 -0
    outer loop
      vertex 47.3 13.2856 2.4
      vertex 46.9141 13.4455 0
      vertex 47.3 13.2856 0
    endloop
  endfacet
  facet normal -0.79346 -0.608623 0
    outer loop
      vertex 47.8856 12.7 0
      vertex 47.6314 13.0314 2.4
      vertex 47.6314 13.0314 0
    endloop
  endfacet
  facet normal -0.79346 -0.608623 0
    outer loop
      vertex 47.6314 13.0314 2.4
      vertex 47.8856 12.7 0
      vertex 47.8856 12.7 2.4
    endloop
  endfacet
  facet normal -0.923833 0.382796 0
    outer loop
      vertex 47.8856 11.1 0
      vertex 48.0455 11.4859 2.4
      vertex 48.0455 11.4859 0
    endloop
  endfacet
  facet normal -0.923833 0.382796 0
    outer loop
      vertex 48.0455 11.4859 2.4
      vertex 47.8856 11.1 0
      vertex 47.8856 11.1 2.4
    endloop
  endfacet
  facet normal 0.99145 -0.130485 0
    outer loop
      vertex 44.9 11.9 2.4
      vertex 44.9545 12.3141 0
      vertex 44.9545 12.3141 2.4
    endloop
  endfacet
  facet normal 0.99145 -0.130485 0
    outer loop
      vertex 44.9545 12.3141 0
      vertex 44.9 11.9 2.4
      vertex 44.9 11.9 0
    endloop
  endfacet
  facet normal 0.608623 -0.79346 0
    outer loop
      vertex 45.3686 13.0314 0
      vertex 45.7 13.2856 2.4
      vertex 45.3686 13.0314 2.4
    endloop
  endfacet
  facet normal 0.608623 -0.79346 0
    outer loop
      vertex 45.7 13.2856 2.4
      vertex 45.3686 13.0314 0
      vertex 45.7 13.2856 0
    endloop
  endfacet
  facet normal 0.382796 0.923833 -0
    outer loop
      vertex 46.0859 10.3545 0
      vertex 45.7 10.5144 2.4
      vertex 46.0859 10.3545 2.4
    endloop
  endfacet
  facet normal 0.382796 0.923833 0
    outer loop
      vertex 45.7 10.5144 2.4
      vertex 46.0859 10.3545 0
      vertex 45.7 10.5144 0
    endloop
  endfacet
  facet normal 0.79346 -0.608623 0
    outer loop
      vertex 45.1144 12.7 2.4
      vertex 45.3686 13.0314 0
      vertex 45.3686 13.0314 2.4
    endloop
  endfacet
  facet normal 0.79346 -0.608623 0
    outer loop
      vertex 45.3686 13.0314 0
      vertex 45.1144 12.7 2.4
      vertex 45.1144 12.7 0
    endloop
  endfacet
  facet normal 0.923833 0.382796 0
    outer loop
      vertex 45.1144 11.1 2.4
      vertex 44.9545 11.4859 0
      vertex 44.9545 11.4859 2.4
    endloop
  endfacet
  facet normal 0.923833 0.382796 0
    outer loop
      vertex 44.9545 11.4859 0
      vertex 45.1144 11.1 2.4
      vertex 45.1144 11.1 0
    endloop
  endfacet
  facet normal -0.99145 0.130485 0
    outer loop
      vertex 48.0455 11.4859 0
      vertex 48.1 11.9 2.4
      vertex 48.1 11.9 0
    endloop
  endfacet
  facet normal -0.99145 0.130485 0
    outer loop
      vertex 48.1 11.9 2.4
      vertex 48.0455 11.4859 0
      vertex 48.0455 11.4859 2.4
    endloop
  endfacet
  facet normal 0.130485 -0.99145 0
    outer loop
      vertex 46.0859 13.4455 0
      vertex 46.5 13.5 2.4
      vertex 46.0859 13.4455 2.4
    endloop
  endfacet
  facet normal 0.130485 -0.99145 0
    outer loop
      vertex 46.5 13.5 2.4
      vertex 46.0859 13.4455 0
      vertex 46.5 13.5 0
    endloop
  endfacet
  facet normal -0.130485 0.99145 0
    outer loop
      vertex 46.9141 10.3545 0
      vertex 46.5 10.3 2.4
      vertex 46.9141 10.3545 2.4
    endloop
  endfacet
  facet normal -0.130485 0.99145 0
    outer loop
      vertex 46.5 10.3 2.4
      vertex 46.9141 10.3545 0
      vertex 46.5 10.3 0
    endloop
  endfacet
  facet normal 0.382796 -0.923833 0
    outer loop
      vertex 45.7 13.2856 0
      vertex 46.0859 13.4455 2.4
      vertex 45.7 13.2856 2.4
    endloop
  endfacet
  facet normal 0.382796 -0.923833 0
    outer loop
      vertex 46.0859 13.4455 2.4
      vertex 45.7 13.2856 0
      vertex 46.0859 13.4455 0
    endloop
  endfacet
  facet normal 0.79346 0.608623 0
    outer loop
      vertex 45.3686 10.7686 2.4
      vertex 45.1144 11.1 0
      vertex 45.1144 11.1 2.4
    endloop
  endfacet
  facet normal 0.79346 0.608623 0
    outer loop
      vertex 45.1144 11.1 0
      vertex 45.3686 10.7686 2.4
      vertex 45.3686 10.7686 0
    endloop
  endfacet
  facet normal -0.130485 -0.99145 0
    outer loop
      vertex 46.5 13.5 0
      vertex 46.9141 13.4455 2.4
      vertex 46.5 13.5 2.4
    endloop
  endfacet
  facet normal -0.130485 -0.99145 -0
    outer loop
      vertex 46.9141 13.4455 2.4
      vertex 46.5 13.5 0
      vertex 46.9141 13.4455 0
    endloop
  endfacet
  facet normal -0.79346 0.608623 0
    outer loop
      vertex 47.6314 10.7686 0
      vertex 47.8856 11.1 2.4
      vertex 47.8856 11.1 0
    endloop
  endfacet
  facet normal -0.79346 0.608623 0
    outer loop
      vertex 47.8856 11.1 2.4
      vertex 47.6314 10.7686 0
      vertex 47.6314 10.7686 2.4
    endloop
  endfacet
  facet normal -0.608623 -0.79346 0
    outer loop
      vertex 47.3 13.2856 0
      vertex 47.6314 13.0314 2.4
      vertex 47.3 13.2856 2.4
    endloop
  endfacet
  facet normal -0.608623 -0.79346 -0
    outer loop
      vertex 47.6314 13.0314 2.4
      vertex 47.3 13.2856 0
      vertex 47.6314 13.0314 0
    endloop
  endfacet
  facet normal 0.923833 -0.382796 0
    outer loop
      vertex 44.9545 12.3141 2.4
      vertex 45.1144 12.7 0
      vertex 45.1144 12.7 2.4
    endloop
  endfacet
  facet normal 0.923833 -0.382796 0
    outer loop
      vertex 45.1144 12.7 0
      vertex 44.9545 12.3141 2.4
      vertex 44.9545 12.3141 0
    endloop
  endfacet
  facet normal 0.130485 0.99145 -0
    outer loop
      vertex 46.5 10.3 0
      vertex 46.0859 10.3545 2.4
      vertex 46.5 10.3 2.4
    endloop
  endfacet
  facet normal 0.130485 0.99145 0
    outer loop
      vertex 46.0859 10.3545 2.4
      vertex 46.5 10.3 0
      vertex 46.0859 10.3545 0
    endloop
  endfacet
  facet normal 0.99145 0.130485 0
    outer loop
      vertex 44.9545 11.4859 2.4
      vertex 44.9 11.9 0
      vertex 44.9 11.9 2.4
    endloop
  endfacet
  facet normal 0.99145 0.130485 0
    outer loop
      vertex 44.9 11.9 0
      vertex 44.9545 11.4859 2.4
      vertex 44.9545 11.4859 0
    endloop
  endfacet
  facet normal 0.608623 0.79346 -0
    outer loop
      vertex 45.7 10.5144 0
      vertex 45.3686 10.7686 2.4
      vertex 45.7 10.5144 2.4
    endloop
  endfacet
  facet normal 0.608623 0.79346 0
    outer loop
      vertex 45.3686 10.7686 2.4
      vertex 45.7 10.5144 0
      vertex 45.3686 10.7686 0
    endloop
  endfacet
  facet normal 0 -0.242994 0.970028
    outer loop
      vertex 12.95 0.812797 2.52057
      vertex 35.45 0.546252 2.4538
      vertex 35.45 0.812797 2.52057
    endloop
  endfacet
  facet normal 0 -0.242994 0.970028
    outer loop
      vertex 35.45 0.546252 2.4538
      vertex 12.95 0.812797 2.52057
      vertex 12.95 0.546252 2.4538
    endloop
  endfacet
  facet normal 0 -0.336893 0.941543
    outer loop
      vertex 12.95 1.07151 2.61314
      vertex 35.45 0.812797 2.52057
      vertex 35.45 1.07151 2.61314
    endloop
  endfacet
  facet normal 0 -0.336893 0.941543
    outer loop
      vertex 35.45 0.812797 2.52057
      vertex 12.95 1.07151 2.61314
      vertex 12.95 0.812797 2.52057
    endloop
  endfacet
  facet normal -0 0.336893 0.941543
    outer loop
      vertex 12.95 -0.812797 2.52057
      vertex 35.45 -1.07151 2.61314
      vertex 35.45 -0.812797 2.52057
    endloop
  endfacet
  facet normal 0 0.336893 0.941543
    outer loop
      vertex 35.45 -1.07151 2.61314
      vertex 12.95 -0.812797 2.52057
      vertex 12.95 -1.07151 2.61314
    endloop
  endfacet
  facet normal -0 0.0490578 0.998796
    outer loop
      vertex 12.95 0 2.4
      vertex 35.45 -0.274447 2.41348
      vertex 35.45 0 2.4
    endloop
  endfacet
  facet normal 0 0.0490578 0.998796
    outer loop
      vertex 35.45 -0.274447 2.41348
      vertex 12.95 0 2.4
      vertex 12.95 -0.274447 2.41348
    endloop
  endfacet
  facet normal 0 -0.989175 0.146739
    outer loop
      vertex 12.95 2.7462 4.65375
      vertex 33.5 2.78652 4.92555
      vertex 12.95 2.78652 4.92555
    endloop
  endfacet
  facet normal 0 -0.989175 0.146739
    outer loop
      vertex 33.5 2.78652 4.92555
      vertex 12.95 2.7462 4.65375
      vertex 33.5 2.7462 4.65375
    endloop
  endfacet
  facet normal 0 -0.0490578 0.998796
    outer loop
      vertex 12.95 0.274447 2.41348
      vertex 35.45 0 2.4
      vertex 35.45 0.274447 2.41348
    endloop
  endfacet
  facet normal 0 -0.0490578 0.998796
    outer loop
      vertex 35.45 0 2.4
      vertex 12.95 0.274447 2.41348
      vertex 12.95 0 2.4
    endloop
  endfacet
  facet normal 0 -0.740955 0.671554
    outer loop
      vertex 12.95 1.9799 3.2201
      vertex 35.45 2.16443 3.4237
      vertex 12.95 2.16443 3.4237
    endloop
  endfacet
  facet normal 0 -0.740955 0.671554
    outer loop
      vertex 35.45 2.16443 3.4237
      vertex 12.95 1.9799 3.2201
      vertex 35.45 1.9799 3.2201
    endloop
  endfacet
  facet normal 0 -0.998796 0.0490573
    outer loop
      vertex 12.95 2.78652 4.92555
      vertex 33.5 2.8 5.2
      vertex 12.95 2.8 5.2
    endloop
  endfacet
  facet normal 0 -0.998796 0.0490573
    outer loop
      vertex 33.5 2.8 5.2
      vertex 12.95 2.78652 4.92555
      vertex 33.5 2.78652 4.92555
    endloop
  endfacet
  facet normal 0 0.989175 0.146739
    outer loop
      vertex 35.45 -2.7462 4.65375
      vertex 12.95 -2.78652 4.92555
      vertex 35.45 -2.78652 4.92555
    endloop
  endfacet
  facet normal 0 0.989175 0.146739
    outer loop
      vertex 12.95 -2.78652 4.92555
      vertex 35.45 -2.7462 4.65375
      vertex 12.95 -2.7462 4.65375
    endloop
  endfacet
  facet normal 0 -0.595717 0.803194
    outer loop
      vertex 12.95 1.7763 3.03557
      vertex 35.45 1.5556 2.87188
      vertex 35.45 1.7763 3.03557
    endloop
  endfacet
  facet normal 0 -0.595717 0.803194
    outer loop
      vertex 35.45 1.5556 2.87188
      vertex 12.95 1.7763 3.03557
      vertex 12.95 1.5556 2.87188
    endloop
  endfacet
  facet normal 0 -0.904048 0.427431
    outer loop
      vertex 12.95 2.58686 4.12849
      vertex 33.5 2.57339 4.1
      vertex 33.5 2.58686 4.12849
    endloop
  endfacet
  facet normal 1.87223e-07 -0.903996 0.427542
    outer loop
      vertex 12.95 2.46938 3.88009
      vertex 33.5 2.57339 4.1
      vertex 12.95 2.58686 4.12849
    endloop
  endfacet
  facet normal 0 -0.903989 0.427556
    outer loop
      vertex 35.45 2.46938 3.88009
      vertex 33.5 2.57339 4.1
      vertex 12.95 2.46938 3.88009
    endloop
  endfacet
  facet normal 0 -0.903989 0.427556
    outer loop
      vertex 33.5 2.57339 4.1
      vertex 35.45 2.46938 3.88009
      vertex 35.45 2.57339 4.1
    endloop
  endfacet
  facet normal 0 0.998796 0.0490573
    outer loop
      vertex 35.45 -2.78652 4.92555
      vertex 12.95 -2.8 5.2
      vertex 35.45 -2.8 5.2
    endloop
  endfacet
  facet normal 0 0.998796 0.0490573
    outer loop
      vertex 12.95 -2.8 5.2
      vertex 35.45 -2.78652 4.92555
      vertex 12.95 -2.78652 4.92555
    endloop
  endfacet
  facet normal 0 -0.857724 0.51411
    outer loop
      vertex 12.95 2.32811 3.6444
      vertex 35.45 2.46938 3.88009
      vertex 12.95 2.46938 3.88009
    endloop
  endfacet
  facet normal 0 -0.857724 0.51411
    outer loop
      vertex 35.45 2.46938 3.88009
      vertex 12.95 2.32811 3.6444
      vertex 35.45 2.32811 3.6444
    endloop
  endfacet
  facet normal 0 -0.941542 0.336897
    outer loop
      vertex 12.95 2.58686 4.12849
      vertex 33.5 2.67943 4.3872
      vertex 12.95 2.67943 4.3872
    endloop
  endfacet
  facet normal 0 -0.941542 0.336897
    outer loop
      vertex 33.5 2.67943 4.3872
      vertex 12.95 2.58686 4.12849
      vertex 33.5 2.58686 4.12849
    endloop
  endfacet
  facet normal 0 -0.427542 0.903996
    outer loop
      vertex 12.95 1.31991 2.73062
      vertex 35.45 1.07151 2.61314
      vertex 35.45 1.31991 2.73062
    endloop
  endfacet
  facet normal 0 -0.427542 0.903996
    outer loop
      vertex 35.45 1.07151 2.61314
      vertex 12.95 1.31991 2.73062
      vertex 12.95 1.07151 2.61314
    endloop
  endfacet
  facet normal 0 -0.146736 0.989176
    outer loop
      vertex 12.95 0.546252 2.4538
      vertex 35.45 0.274447 2.41348
      vertex 35.45 0.546252 2.4538
    endloop
  endfacet
  facet normal 0 -0.146736 0.989176
    outer loop
      vertex 35.45 0.274447 2.41348
      vertex 12.95 0.546252 2.4538
      vertex 12.95 0.274447 2.41348
    endloop
  endfacet
  facet normal -0 0.595717 0.803194
    outer loop
      vertex 12.95 -1.5556 2.87188
      vertex 35.45 -1.7763 3.03557
      vertex 35.45 -1.5556 2.87188
    endloop
  endfacet
  facet normal 0 0.595717 0.803194
    outer loop
      vertex 35.45 -1.7763 3.03557
      vertex 12.95 -1.5556 2.87188
      vertex 12.95 -1.7763 3.03557
    endloop
  endfacet
  facet normal 0 0.903996 0.427542
    outer loop
      vertex 35.45 -2.46938 3.88009
      vertex 12.95 -2.58686 4.12849
      vertex 35.45 -2.58686 4.12849
    endloop
  endfacet
  facet normal 0 0.903996 0.427542
    outer loop
      vertex 12.95 -2.58686 4.12849
      vertex 35.45 -2.46938 3.88009
      vertex 12.95 -2.46938 3.88009
    endloop
  endfacet
  facet normal -0 0.146736 0.989176
    outer loop
      vertex 12.95 -0.274447 2.41348
      vertex 35.45 -0.546252 2.4538
      vertex 35.45 -0.274447 2.41348
    endloop
  endfacet
  facet normal 0 0.146736 0.989176
    outer loop
      vertex 35.45 -0.546252 2.4538
      vertex 12.95 -0.274447 2.41348
      vertex 12.95 -0.546252 2.4538
    endloop
  endfacet
  facet normal 0 0.803211 0.595694
    outer loop
      vertex 35.45 -2.16443 3.4237
      vertex 12.95 -2.32811 3.6444
      vertex 35.45 -2.32811 3.6444
    endloop
  endfacet
  facet normal 0 0.803211 0.595694
    outer loop
      vertex 12.95 -2.32811 3.6444
      vertex 35.45 -2.16443 3.4237
      vertex 12.95 -2.16443 3.4237
    endloop
  endfacet
  facet normal 0 -0.803211 0.595694
    outer loop
      vertex 12.95 2.16443 3.4237
      vertex 35.45 2.32811 3.6444
      vertex 12.95 2.32811 3.6444
    endloop
  endfacet
  facet normal 0 -0.803211 0.595694
    outer loop
      vertex 35.45 2.32811 3.6444
      vertex 12.95 2.16443 3.4237
      vertex 35.45 2.16443 3.4237
    endloop
  endfacet
  facet normal 0 0.970029 0.242989
    outer loop
      vertex 35.45 -2.67943 4.3872
      vertex 12.95 -2.7462 4.65375
      vertex 35.45 -2.7462 4.65375
    endloop
  endfacet
  facet normal 0 0.970029 0.242989
    outer loop
      vertex 12.95 -2.7462 4.65375
      vertex 35.45 -2.67943 4.3872
      vertex 12.95 -2.67943 4.3872
    endloop
  endfacet
  facet normal -0 0.242994 0.970028
    outer loop
      vertex 12.95 -0.546252 2.4538
      vertex 35.45 -0.812797 2.52057
      vertex 35.45 -0.546252 2.4538
    endloop
  endfacet
  facet normal 0 0.242994 0.970028
    outer loop
      vertex 35.45 -0.812797 2.52057
      vertex 12.95 -0.546252 2.4538
      vertex 12.95 -0.812797 2.52057
    endloop
  endfacet
  facet normal 0 -0.671554 0.740955
    outer loop
      vertex 12.95 1.9799 3.2201
      vertex 35.45 1.7763 3.03557
      vertex 35.45 1.9799 3.2201
    endloop
  endfacet
  facet normal 0 -0.671554 0.740955
    outer loop
      vertex 35.45 1.7763 3.03557
      vertex 12.95 1.9799 3.2201
      vertex 12.95 1.7763 3.03557
    endloop
  endfacet
  facet normal 0 -0.514084 0.85774
    outer loop
      vertex 12.95 1.5556 2.87188
      vertex 35.45 1.31991 2.73062
      vertex 35.45 1.5556 2.87188
    endloop
  endfacet
  facet normal 0 -0.514084 0.85774
    outer loop
      vertex 35.45 1.31991 2.73062
      vertex 12.95 1.5556 2.87188
      vertex 12.95 1.31991 2.73062
    endloop
  endfacet
  facet normal 0 0.740955 0.671554
    outer loop
      vertex 35.45 -1.9799 3.2201
      vertex 12.95 -2.16443 3.4237
      vertex 35.45 -2.16443 3.4237
    endloop
  endfacet
  facet normal 0 0.740955 0.671554
    outer loop
      vertex 12.95 -2.16443 3.4237
      vertex 35.45 -1.9799 3.2201
      vertex 12.95 -1.9799 3.2201
    endloop
  endfacet
  facet normal -0 0.514084 0.85774
    outer loop
      vertex 12.95 -1.31991 2.73062
      vertex 35.45 -1.5556 2.87188
      vertex 35.45 -1.31991 2.73062
    endloop
  endfacet
  facet normal 0 0.514084 0.85774
    outer loop
      vertex 35.45 -1.5556 2.87188
      vertex 12.95 -1.31991 2.73062
      vertex 12.95 -1.5556 2.87188
    endloop
  endfacet
  facet normal 0 -0.970029 0.242989
    outer loop
      vertex 12.95 2.67943 4.3872
      vertex 33.5 2.7462 4.65375
      vertex 12.95 2.7462 4.65375
    endloop
  endfacet
  facet normal 0 -0.970029 0.242989
    outer loop
      vertex 33.5 2.7462 4.65375
      vertex 12.95 2.67943 4.3872
      vertex 33.5 2.67943 4.3872
    endloop
  endfacet
  facet normal 0 0.857724 0.51411
    outer loop
      vertex 35.45 -2.32811 3.6444
      vertex 12.95 -2.46938 3.88009
      vertex 35.45 -2.46938 3.88009
    endloop
  endfacet
  facet normal 0 0.857724 0.51411
    outer loop
      vertex 12.95 -2.46938 3.88009
      vertex 35.45 -2.32811 3.6444
      vertex 12.95 -2.32811 3.6444
    endloop
  endfacet
  facet normal -0 0.427542 0.903996
    outer loop
      vertex 12.95 -1.07151 2.61314
      vertex 35.45 -1.31991 2.73062
      vertex 35.45 -1.07151 2.61314
    endloop
  endfacet
  facet normal 0 0.427542 0.903996
    outer loop
      vertex 35.45 -1.31991 2.73062
      vertex 12.95 -1.07151 2.61314
      vertex 12.95 -1.31991 2.73062
    endloop
  endfacet
  facet normal 0 0.941542 0.336897
    outer loop
      vertex 35.45 -2.58686 4.12849
      vertex 12.95 -2.67943 4.3872
      vertex 35.45 -2.67943 4.3872
    endloop
  endfacet
  facet normal 0 0.941542 0.336897
    outer loop
      vertex 12.95 -2.67943 4.3872
      vertex 35.45 -2.58686 4.12849
      vertex 12.95 -2.58686 4.12849
    endloop
  endfacet
  facet normal -0 0.671554 0.740955
    outer loop
      vertex 12.95 -1.7763 3.03557
      vertex 35.45 -1.9799 3.2201
      vertex 35.45 -1.7763 3.03557
    endloop
  endfacet
  facet normal 0 0.671554 0.740955
    outer loop
      vertex 35.45 -1.9799 3.2201
      vertex 12.95 -1.7763 3.03557
      vertex 12.95 -1.9799 3.2201
    endloop
  endfacet
  facet normal 1 -0 0
    outer loop
      vertex 12.95 1.66294 6.31114
      vertex 12.95 2.8 5.2
      vertex 12.95 2.8 9.4
    endloop
  endfacet
  facet normal 1 -0 -0
    outer loop
      vertex 12.95 1.96157 5.59018
      vertex 12.95 2.8 5.2
      vertex 12.95 1.84776 5.96537
    endloop
  endfacet
  facet normal 1 0 -0
    outer loop
      vertex 12.95 2 5.2
      vertex 12.95 2.8 5.2
      vertex 12.95 1.96157 5.59018
    endloop
  endfacet
  facet normal 1 0 0
    outer loop
      vertex 12.95 1.96157 4.80982
      vertex 12.95 2.78652 4.92555
      vertex 12.95 2 5.2
    endloop
  endfacet
  facet normal 1 0 0
    outer loop
      vertex 12.95 2.78652 4.92555
      vertex 12.95 1.96157 4.80982
      vertex 12.95 2.7462 4.65375
    endloop
  endfacet
  facet normal 1 0 0
    outer loop
      vertex 12.95 2.7462 4.65375
      vertex 12.95 1.96157 4.80982
      vertex 12.95 2.67943 4.3872
    endloop
  endfacet
  facet normal 1 0 0
    outer loop
      vertex 12.95 2.67943 4.3872
      vertex 12.95 1.84776 4.43463
      vertex 12.95 2.58686 4.12849
    endloop
  endfacet
  facet normal 1 0 0
    outer loop
      vertex 12.95 2.58686 4.12849
      vertex 12.95 1.84776 4.43463
      vertex 12.95 2.46938 3.88009
    endloop
  endfacet
  facet normal 1 -0 0
    outer loop
      vertex 12.95 1.84776 4.43463
      vertex 12.95 2.67943 4.3872
      vertex 12.95 1.96157 4.80982
    endloop
  endfacet
  facet normal 1 0 0
    outer loop
      vertex 12.95 2.8 5.2
      vertex 12.95 2 5.2
      vertex 12.95 2.78652 4.92555
    endloop
  endfacet
  facet normal 1 0 0
    outer loop
      vertex 12.95 2.8 5.2
      vertex 12.95 1.66294 6.31114
      vertex 12.95 1.84776 5.96537
    endloop
  endfacet
  facet normal 1 0 0
    outer loop
      vertex 12.95 2.8 9.4
      vertex 12.95 1.41421 6.61421
      vertex 12.95 1.66294 6.31114
    endloop
  endfacet
  facet normal 1 0 0
    outer loop
      vertex 12.95 2.8 9.4
      vertex 12.95 1.11114 6.86294
      vertex 12.95 1.41421 6.61421
    endloop
  endfacet
  facet normal 1 0 0
    outer loop
      vertex 12.95 2.8 9.4
      vertex 12.95 0.765367 7.04776
      vertex 12.95 1.11114 6.86294
    endloop
  endfacet
  facet normal 1 0 0
    outer loop
      vertex 12.95 2.8 9.4
      vertex 12.95 0.390181 7.16157
      vertex 12.95 0.765367 7.04776
    endloop
  endfacet
  facet normal 1 0 0
    outer loop
      vertex 12.95 2.8 9.4
      vertex 12.95 0 7.2
      vertex 12.95 0.390181 7.16157
    endloop
  endfacet
  facet normal 1 -0 0
    outer loop
      vertex 12.95 -2.8 9.4
      vertex 12.95 0 7.2
      vertex 12.95 2.8 9.4
    endloop
  endfacet
  facet normal 1 0 0
    outer loop
      vertex 12.95 0 7.2
      vertex 12.95 -2.8 9.4
      vertex 12.95 -0.390181 7.16157
    endloop
  endfacet
  facet normal 1 0 0
    outer loop
      vertex 12.95 -0.390181 7.16157
      vertex 12.95 -2.8 9.4
      vertex 12.95 -0.765367 7.04776
    endloop
  endfacet
  facet normal 1 0 0
    outer loop
      vertex 12.95 -1.66294 4.08886
      vertex 12.95 -2.32811 3.6444
      vertex 12.95 -2.16443 3.4237
    endloop
  endfacet
  facet normal 1 0 0
    outer loop
      vertex 12.95 -2.8 5.2
      vertex 12.95 -2 5.2
      vertex 12.95 -1.96157 5.59018
    endloop
  endfacet
  facet normal 1 0 0
    outer loop
      vertex 12.95 -1.96157 4.80982
      vertex 12.95 -2.46938 3.88009
      vertex 12.95 -2.32811 3.6444
    endloop
  endfacet
  facet normal 1 0 0
    outer loop
      vertex 12.95 -1.96157 4.80982
      vertex 12.95 -2.58686 4.12849
      vertex 12.95 -2.46938 3.88009
    endloop
  endfacet
  facet normal 1 0 0
    outer loop
      vertex 12.95 -2.8 5.2
      vertex 12.95 -1.96157 5.59018
      vertex 12.95 -1.84776 5.96537
    endloop
  endfacet
  facet normal 1 0 0
    outer loop
      vertex 12.95 -1.96157 4.80982
      vertex 12.95 -2.67943 4.3872
      vertex 12.95 -2.58686 4.12849
    endloop
  endfacet
  facet normal 1 0 0
    outer loop
      vertex 12.95 -1.96157 4.80982
      vertex 12.95 -2.7462 4.65375
      vertex 12.95 -2.67943 4.3872
    endloop
  endfacet
  facet normal 1 0 0
    outer loop
      vertex 12.95 -2.8 5.2
      vertex 12.95 -1.84776 5.96537
      vertex 12.95 -1.66294 6.31114
    endloop
  endfacet
  facet normal 1 0 0
    outer loop
      vertex 12.95 -1.96157 4.80982
      vertex 12.95 -2.78652 4.92555
      vertex 12.95 -2.7462 4.65375
    endloop
  endfacet
  facet normal 1 0 0
    outer loop
      vertex 12.95 -0.765367 7.04776
      vertex 12.95 -2.8 9.4
      vertex 12.95 -1.11114 6.86294
    endloop
  endfacet
  facet normal 1 0 0
    outer loop
      vertex 12.95 -2.8 9.4
      vertex 12.95 -1.41421 6.61421
      vertex 12.95 -1.11114 6.86294
    endloop
  endfacet
  facet normal 1 0 0
    outer loop
      vertex 12.95 -2.8 9.4
      vertex 12.95 -1.66294 6.31114
      vertex 12.95 -1.41421 6.61421
    endloop
  endfacet
  facet normal 1 0 0
    outer loop
      vertex 12.95 -2.8 5.2
      vertex 12.95 -1.66294 6.31114
      vertex 12.95 -2.8 9.4
    endloop
  endfacet
  facet normal 1 0 0
    outer loop
      vertex 12.95 -2 5.2
      vertex 12.95 -2.8 5.2
      vertex 12.95 -2.78652 4.92555
    endloop
  endfacet
  facet normal 1 -0 0
    outer loop
      vertex 12.95 1.66294 4.08886
      vertex 12.95 2.46938 3.88009
      vertex 12.95 1.84776 4.43463
    endloop
  endfacet
  facet normal 1 0 0
    outer loop
      vertex 12.95 2.46938 3.88009
      vertex 12.95 1.66294 4.08886
      vertex 12.95 2.32811 3.6444
    endloop
  endfacet
  facet normal 1 0 0
    outer loop
      vertex 12.95 2.32811 3.6444
      vertex 12.95 1.66294 4.08886
      vertex 12.95 2.16443 3.4237
    endloop
  endfacet
  facet normal 1 -0 0
    outer loop
      vertex 12.95 1.41421 3.78579
      vertex 12.95 2.16443 3.4237
      vertex 12.95 1.66294 4.08886
    endloop
  endfacet
  facet normal 1 0 0
    outer loop
      vertex 12.95 2.16443 3.4237
      vertex 12.95 1.41421 3.78579
      vertex 12.95 1.9799 3.2201
    endloop
  endfacet
  facet normal 1 0 0
    outer loop
      vertex 12.95 1.9799 3.2201
      vertex 12.95 1.41421 3.78579
      vertex 12.95 1.7763 3.03557
    endloop
  endfacet
  facet normal 1 -0 0
    outer loop
      vertex 12.95 1.11114 3.53706
      vertex 12.95 1.7763 3.03557
      vertex 12.95 1.41421 3.78579
    endloop
  endfacet
  facet normal 1 0 0
    outer loop
      vertex 12.95 1.7763 3.03557
      vertex 12.95 1.11114 3.53706
      vertex 12.95 1.5556 2.87188
    endloop
  endfacet
  facet normal 1 0 0
    outer loop
      vertex 12.95 1.5556 2.87188
      vertex 12.95 1.11114 3.53706
      vertex 12.95 1.31991 2.73062
    endloop
  endfacet
  facet normal 1 -0 0
    outer loop
      vertex 12.95 0.765367 3.35224
      vertex 12.95 1.31991 2.73062
      vertex 12.95 1.11114 3.53706
    endloop
  endfacet
  facet normal 1 0 0
    outer loop
      vertex 12.95 1.31991 2.73062
      vertex 12.95 0.765367 3.35224
      vertex 12.95 1.07151 2.61314
    endloop
  endfacet
  facet normal 1 0 0
    outer loop
      vertex 12.95 1.07151 2.61314
      vertex 12.95 0.765367 3.35224
      vertex 12.95 0.812797 2.52057
    endloop
  endfacet
  facet normal 1 -0 0
    outer loop
      vertex 12.95 0.390181 3.23843
      vertex 12.95 0.812797 2.52057
      vertex 12.95 0.765367 3.35224
    endloop
  endfacet
  facet normal 1 0 0
    outer loop
      vertex 12.95 0.812797 2.52057
      vertex 12.95 0.390181 3.23843
      vertex 12.95 0.546252 2.4538
    endloop
  endfacet
  facet normal 1 0 0
    outer loop
      vertex 12.95 0.390181 3.23843
      vertex 12.95 0.274447 2.41348
      vertex 12.95 0.546252 2.4538
    endloop
  endfacet
  facet normal 1 -0 0
    outer loop
      vertex 12.95 0 3.2
      vertex 12.95 0.274447 2.41348
      vertex 12.95 0.390181 3.23843
    endloop
  endfacet
  facet normal 1 0 0
    outer loop
      vertex 12.95 0 3.2
      vertex 12.95 0 2.4
      vertex 12.95 0.274447 2.41348
    endloop
  endfacet
  facet normal 1 0 0
    outer loop
      vertex 12.95 0 3.2
      vertex 12.95 -0.274447 2.41348
      vertex 12.95 0 2.4
    endloop
  endfacet
  facet normal 1 0 0
    outer loop
      vertex 12.95 -0.390181 3.23843
      vertex 12.95 -0.274447 2.41348
      vertex 12.95 0 3.2
    endloop
  endfacet
  facet normal 1 0 0
    outer loop
      vertex 12.95 -0.390181 3.23843
      vertex 12.95 -0.546252 2.4538
      vertex 12.95 -0.274447 2.41348
    endloop
  endfacet
  facet normal 1 0 0
    outer loop
      vertex 12.95 -0.812797 2.52057
      vertex 12.95 -0.390181 3.23843
      vertex 12.95 -0.765367 3.35224
    endloop
  endfacet
  facet normal 1 0 0
    outer loop
      vertex 12.95 -0.390181 3.23843
      vertex 12.95 -0.812797 2.52057
      vertex 12.95 -0.546252 2.4538
    endloop
  endfacet
  facet normal 1 0 0
    outer loop
      vertex 12.95 -0.765367 3.35224
      vertex 12.95 -1.07151 2.61314
      vertex 12.95 -0.812797 2.52057
    endloop
  endfacet
  facet normal 1 0 0
    outer loop
      vertex 12.95 -1.31991 2.73062
      vertex 12.95 -0.765367 3.35224
      vertex 12.95 -1.11114 3.53706
    endloop
  endfacet
  facet normal 1 0 0
    outer loop
      vertex 12.95 -0.765367 3.35224
      vertex 12.95 -1.31991 2.73062
      vertex 12.95 -1.07151 2.61314
    endloop
  endfacet
  facet normal 1 0 0
    outer loop
      vertex 12.95 -1.7763 3.03557
      vertex 12.95 -1.11114 3.53706
      vertex 12.95 -1.41421 3.78579
    endloop
  endfacet
  facet normal 1 0 0
    outer loop
      vertex 12.95 -1.11114 3.53706
      vertex 12.95 -1.5556 2.87188
      vertex 12.95 -1.31991 2.73062
    endloop
  endfacet
  facet normal 1 0 0
    outer loop
      vertex 12.95 -2.16443 3.4237
      vertex 12.95 -1.41421 3.78579
      vertex 12.95 -1.66294 4.08886
    endloop
  endfacet
  facet normal 1 0 0
    outer loop
      vertex 12.95 -1.11114 3.53706
      vertex 12.95 -1.7763 3.03557
      vertex 12.95 -1.5556 2.87188
    endloop
  endfacet
  facet normal 1 0 0
    outer loop
      vertex 12.95 -2.32811 3.6444
      vertex 12.95 -1.66294 4.08886
      vertex 12.95 -1.84776 4.43463
    endloop
  endfacet
  facet normal 1 0 0
    outer loop
      vertex 12.95 -2.32811 3.6444
      vertex 12.95 -1.84776 4.43463
      vertex 12.95 -1.96157 4.80982
    endloop
  endfacet
  facet normal 1 0 0
    outer loop
      vertex 12.95 -1.41421 3.78579
      vertex 12.95 -1.9799 3.2201
      vertex 12.95 -1.7763 3.03557
    endloop
  endfacet
  facet normal 1 -0 0
    outer loop
      vertex 12.95 -2.78652 4.92555
      vertex 12.95 -1.96157 4.80982
      vertex 12.95 -2 5.2
    endloop
  endfacet
  facet normal 1 0 0
    outer loop
      vertex 12.95 -1.41421 3.78579
      vertex 12.95 -2.16443 3.4237
      vertex 12.95 -1.9799 3.2201
    endloop
  endfacet
  facet normal 0 -1 0
    outer loop
      vertex 12.95 2.8 5.2
      vertex 33.5 2.8 9.4
      vertex 12.95 2.8 9.4
    endloop
  endfacet
  facet normal 0 -1 -0
    outer loop
      vertex 33.5 2.8 9.4
      vertex 12.95 2.8 5.2
      vertex 33.5 2.8 5.2
    endloop
  endfacet
  facet normal 0 1 -0
    outer loop
      vertex 35.45 -2.8 5.2
      vertex 12.95 -2.8 9.4
      vertex 35.45 -2.8 9.4
    endloop
  endfacet
  facet normal 0 1 0
    outer loop
      vertex 12.95 -2.8 9.4
      vertex 35.45 -2.8 5.2
      vertex 12.95 -2.8 5.2
    endloop
  endfacet
  facet normal 0 -0.242979 0.970032
    outer loop
      vertex 35.45 1.10308 1.56363
      vertex 52.5 0.741343 1.47302
      vertex 52.5 1.10308 1.56363
    endloop
  endfacet
  facet normal 0 -0.242979 0.970032
    outer loop
      vertex 52.5 0.741343 1.47302
      vertex 35.45 1.10308 1.56363
      vertex 35.45 0.741343 1.47302
    endloop
  endfacet
  facet normal 0 0.941546 0.336883
    outer loop
      vertex 52.5 -3.51074 3.7458
      vertex 35.45 -3.63637 4.09692
      vertex 52.5 -3.63637 4.09692
    endloop
  endfacet
  facet normal 0 0.941546 0.336883
    outer loop
      vertex 35.45 -3.63637 4.09692
      vertex 52.5 -3.51074 3.7458
      vertex 35.45 -3.51074 3.7458
    endloop
  endfacet
  facet normal 0 -0.0490731 0.998795
    outer loop
      vertex 35.45 0.372464 1.4183
      vertex 52.5 0 1.4
      vertex 52.5 0.372464 1.4183
    endloop
  endfacet
  facet normal 0 -0.0490731 0.998795
    outer loop
      vertex 52.5 0 1.4
      vertex 35.45 0.372464 1.4183
      vertex 35.45 0 1.4
    endloop
  endfacet
  facet normal 0 -0.427553 0.90399
    outer loop
      vertex 35.45 1.79131 1.8487
      vertex 52.5 1.4542 1.68926
      vertex 52.5 1.79131 1.8487
    endloop
  endfacet
  facet normal 0 -0.427553 0.90399
    outer loop
      vertex 52.5 1.4542 1.68926
      vertex 35.45 1.79131 1.8487
      vertex 35.45 1.4542 1.68926
    endloop
  endfacet
  facet normal 0 0.998795 0.0490723
    outer loop
      vertex 52.5 -3.7817 4.82753
      vertex 35.45 -3.8 5.2
      vertex 52.5 -3.8 5.2
    endloop
  endfacet
  facet normal 0 0.998795 0.0490723
    outer loop
      vertex 35.45 -3.8 5.2
      vertex 52.5 -3.7817 4.82753
      vertex 35.45 -3.7817 4.82753
    endloop
  endfacet
  facet normal -1 0 0
    outer loop
      vertex 52.5 -3.8 5.2
      vertex 52.5 3.8 5.2
      vertex 52.5 3.7817 4.82753
    endloop
  endfacet
  facet normal -1 0 0
    outer loop
      vertex 52.5 3.8 9.4
      vertex 52.5 5 12.24
      vertex 52.5 5 9.4
    endloop
  endfacet
  facet normal -1 0 0
    outer loop
      vertex 52.5 -3.8 5.2
      vertex 52.5 3.7817 4.82753
      vertex 52.5 3.72698 4.45866
    endloop
  endfacet
  facet normal -1 0 0
    outer loop
      vertex 52.5 -3.8 5.2
      vertex 52.5 3.72698 4.45866
      vertex 52.5 3.63637 4.09692
    endloop
  endfacet
  facet normal -1 0 0
    outer loop
      vertex 52.5 -3.8 5.2
      vertex 52.5 3.63637 4.09692
      vertex 52.5 3.51074 3.7458
    endloop
  endfacet
  facet normal -1 0 0
    outer loop
      vertex 52.5 -3.8 5.2
      vertex 52.5 3.51074 3.7458
      vertex 52.5 3.3513 3.40869
    endloop
  endfacet
  facet normal -1 0 0
    outer loop
      vertex 52.5 -3.8 5.2
      vertex 52.5 3.3513 3.40869
      vertex 52.5 3.15958 3.08883
    endloop
  endfacet
  facet normal -1 0 0
    outer loop
      vertex 52.5 -3.8 5.2
      vertex 52.5 3.15958 3.08883
      vertex 52.5 2.93744 2.7893
    endloop
  endfacet
  facet normal -1 0 0
    outer loop
      vertex 52.5 -3.8 5.2
      vertex 52.5 2.93744 2.7893
      vertex 52.5 2.68701 2.51299
    endloop
  endfacet
  facet normal -1 0 0
    outer loop
      vertex 52.5 -3.8 5.2
      vertex 52.5 2.68701 2.51299
      vertex 52.5 2.41069 2.26256
    endloop
  endfacet
  facet normal -1 0 0
    outer loop
      vertex 52.5 -3.8 5.2
      vertex 52.5 2.41069 2.26256
      vertex 52.5 2.11117 2.04041
    endloop
  endfacet
  facet normal -1 0 0
    outer loop
      vertex 52.5 -3.8 5.2
      vertex 52.5 2.11117 2.04041
      vertex 52.5 1.79131 1.8487
    endloop
  endfacet
  facet normal -1 0 0
    outer loop
      vertex 52.5 -3.8 5.2
      vertex 52.5 1.79131 1.8487
      vertex 52.5 1.4542 1.68926
    endloop
  endfacet
  facet normal -1 0 0
    outer loop
      vertex 52.5 -3.8 5.2
      vertex 52.5 1.4542 1.68926
      vertex 52.5 1.10308 1.56363
    endloop
  endfacet
  facet normal -1 0 0
    outer loop
      vertex 52.5 -3.8 5.2
      vertex 52.5 1.10308 1.56363
      vertex 52.5 0.741343 1.47302
    endloop
  endfacet
  facet normal -1 0 0
    outer loop
      vertex 52.5 -3.8 5.2
      vertex 52.5 0.741343 1.47302
      vertex 52.5 0.372464 1.4183
    endloop
  endfacet
  facet normal -1 0 0
    outer loop
      vertex 52.5 3.8 5.2
      vertex 52.5 -3.8 5.2
      vertex 52.5 3.8 9.4
    endloop
  endfacet
  facet normal -1 0 0
    outer loop
      vertex 52.5 -3.8 5.2
      vertex 52.5 0.372464 1.4183
      vertex 52.5 0 1.4
    endloop
  endfacet
  facet normal -1 0 0
    outer loop
      vertex 52.5 -3.8 5.2
      vertex 52.5 0 1.4
      vertex 52.5 -0.372464 1.4183
    endloop
  endfacet
  facet normal -1 0 0
    outer loop
      vertex 52.5 -3.8 5.2
      vertex 52.5 -0.372464 1.4183
      vertex 52.5 -0.741343 1.47302
    endloop
  endfacet
  facet normal -1 0 0
    outer loop
      vertex 52.5 -3.8 5.2
      vertex 52.5 -0.741343 1.47302
      vertex 52.5 -1.10308 1.56363
    endloop
  endfacet
  facet normal -1 0 0
    outer loop
      vertex 52.5 -3.8 5.2
      vertex 52.5 -1.10308 1.56363
      vertex 52.5 -1.4542 1.68926
    endloop
  endfacet
  facet normal -1 0 0
    outer loop
      vertex 52.5 -3.8 5.2
      vertex 52.5 -1.4542 1.68926
      vertex 52.5 -1.79131 1.8487
    endloop
  endfacet
  facet normal -1 0 0
    outer loop
      vertex 52.5 -3.8 5.2
      vertex 52.5 -1.79131 1.8487
      vertex 52.5 -2.11117 2.04041
    endloop
  endfacet
  facet normal -1 0 0
    outer loop
      vertex 52.5 -3.8 5.2
      vertex 52.5 -2.11117 2.04041
      vertex 52.5 -2.41069 2.26256
    endloop
  endfacet
  facet normal -1 0 0
    outer loop
      vertex 52.5 -3.8 5.2
      vertex 52.5 -2.41069 2.26256
      vertex 52.5 -2.68701 2.51299
    endloop
  endfacet
  facet normal -1 0 0
    outer loop
      vertex 52.5 -3.8 5.2
      vertex 52.5 -2.68701 2.51299
      vertex 52.5 -2.93744 2.7893
    endloop
  endfacet
  facet normal -1 0 0
    outer loop
      vertex 52.5 -3.8 5.2
      vertex 52.5 -2.93744 2.7893
      vertex 52.5 -3.15958 3.08883
    endloop
  endfacet
  facet normal -1 0 0
    outer loop
      vertex 52.5 -3.8 5.2
      vertex 52.5 -3.15958 3.08883
      vertex 52.5 -3.3513 3.40869
    endloop
  endfacet
  facet normal -1 0 0
    outer loop
      vertex 52.5 -3.8 5.2
      vertex 52.5 -3.3513 3.40869
      vertex 52.5 -3.51074 3.7458
    endloop
  endfacet
  facet normal -1 0 0
    outer loop
      vertex 52.5 -3.8 5.2
      vertex 52.5 -3.51074 3.7458
      vertex 52.5 -3.63637 4.09692
    endloop
  endfacet
  facet normal -1 0 0
    outer loop
      vertex 52.5 -3.8 5.2
      vertex 52.5 -3.63637 4.09692
      vertex 52.5 -3.72698 4.45866
    endloop
  endfacet
  facet normal -1 0 0
    outer loop
      vertex 52.5 -3.8 5.2
      vertex 52.5 -3.72698 4.45866
      vertex 52.5 -3.7817 4.82753
    endloop
  endfacet
  facet normal -1 0 0
    outer loop
      vertex 52.5 -3.8 9.4
      vertex 52.5 3.8 9.4
      vertex 52.5 -3.8 5.2
    endloop
  endfacet
  facet normal -1 0 0
    outer loop
      vertex 52.5 3.8 9.4
      vertex 52.5 -3.8 9.4
      vertex 52.5 5 12.24
    endloop
  endfacet
  facet normal -1 0 0
    outer loop
      vertex 52.5 -7.4 12.24
      vertex 52.5 -3.8 9.4
      vertex 52.5 -7.4 11.24
    endloop
  endfacet
  facet normal -1 0 0
    outer loop
      vertex 52.5 -3.8 9.4
      vertex 52.5 -7.4 12.24
      vertex 52.5 5 12.24
    endloop
  endfacet
  facet normal -1 0 0
    outer loop
      vertex 52.5 -8.2 9.4
      vertex 52.5 -7.4 11.24
      vertex 52.5 -3.8 9.4
    endloop
  endfacet
  facet normal -1 -0 0
    outer loop
      vertex 52.5 -7.4 11.24
      vertex 52.5 -8.2 9.4
      vertex 52.5 -8.2 11.24
    endloop
  endfacet
  facet normal -1 0 0
    outer loop
      vertex 52.5 7.4 9.4
      vertex 52.5 8.2 11.24
      vertex 52.5 8.2 9.4
    endloop
  endfacet
  facet normal -1 -0 0
    outer loop
      vertex 52.5 8.2 11.24
      vertex 52.5 7.4 9.4
      vertex 52.5 7.4 11.24
    endloop
  endfacet
  facet normal 0 0.803216 0.595688
    outer loop
      vertex 52.5 -2.93744 2.7893
      vertex 35.45 -3.15958 3.08883
      vertex 52.5 -3.15958 3.08883
    endloop
  endfacet
  facet normal 0 0.803216 0.595688
    outer loop
      vertex 35.45 -3.15958 3.08883
      vertex 52.5 -2.93744 2.7893
      vertex 35.45 -2.93744 2.7893
    endloop
  endfacet
  facet normal 0 -0.989175 0.146739
    outer loop
      vertex 42 3.72698 4.45866
      vertex 52.5 3.7817 4.82753
      vertex 42 3.7817 4.82753
    endloop
  endfacet
  facet normal 0 -0.989175 0.146739
    outer loop
      vertex 52.5 3.7817 4.82753
      vertex 42 3.72698 4.45866
      vertex 52.5 3.72698 4.45866
    endloop
  endfacet
  facet normal 0 -0.857725 0.514109
    outer loop
      vertex 35.45 3.15958 3.08883
      vertex 52.5 3.3513 3.40869
      vertex 35.45 3.3513 3.40869
    endloop
  endfacet
  facet normal 0 -0.857725 0.514109
    outer loop
      vertex 52.5 3.3513 3.40869
      vertex 35.45 3.15958 3.08883
      vertex 52.5 3.15958 3.08883
    endloop
  endfacet
  facet normal -0 0.242979 0.970032
    outer loop
      vertex 35.45 -0.741343 1.47302
      vertex 52.5 -1.10308 1.56363
      vertex 52.5 -0.741343 1.47302
    endloop
  endfacet
  facet normal 0 0.242979 0.970032
    outer loop
      vertex 52.5 -1.10308 1.56363
      vertex 35.45 -0.741343 1.47302
      vertex 35.45 -1.10308 1.56363
    endloop
  endfacet
  facet normal 0 -0.740955 0.671555
    outer loop
      vertex 35.45 2.68701 2.51299
      vertex 52.5 2.93744 2.7893
      vertex 35.45 2.93744 2.7893
    endloop
  endfacet
  facet normal 0 -0.740955 0.671555
    outer loop
      vertex 52.5 2.93744 2.7893
      vertex 35.45 2.68701 2.51299
      vertex 52.5 2.68701 2.51299
    endloop
  endfacet
  facet normal 0 -0.595718 0.803194
    outer loop
      vertex 35.45 2.41069 2.26256
      vertex 52.5 2.11117 2.04041
      vertex 52.5 2.41069 2.26256
    endloop
  endfacet
  facet normal 0 -0.595718 0.803194
    outer loop
      vertex 52.5 2.11117 2.04041
      vertex 35.45 2.41069 2.26256
      vertex 35.45 2.11117 2.04041
    endloop
  endfacet
  facet normal 0 -0.803216 0.595688
    outer loop
      vertex 35.45 2.93744 2.7893
      vertex 52.5 3.15958 3.08883
      vertex 35.45 3.15958 3.08883
    endloop
  endfacet
  facet normal 0 -0.803216 0.595688
    outer loop
      vertex 52.5 3.15958 3.08883
      vertex 35.45 2.93744 2.7893
      vertex 52.5 2.93744 2.7893
    endloop
  endfacet
  facet normal 0 -0.90399 0.427553
    outer loop
      vertex 35.45 3.3513 3.40869
      vertex 52.5 3.51074 3.7458
      vertex 35.45 3.51074 3.7458
    endloop
  endfacet
  facet normal 0 -0.90399 0.427553
    outer loop
      vertex 52.5 3.51074 3.7458
      vertex 35.45 3.3513 3.40869
      vertex 52.5 3.3513 3.40869
    endloop
  endfacet
  facet normal 0 0.857725 0.514109
    outer loop
      vertex 52.5 -3.15958 3.08883
      vertex 35.45 -3.3513 3.40869
      vertex 52.5 -3.3513 3.40869
    endloop
  endfacet
  facet normal 0 0.857725 0.514109
    outer loop
      vertex 35.45 -3.3513 3.40869
      vertex 52.5 -3.15958 3.08883
      vertex 35.45 -3.15958 3.08883
    endloop
  endfacet
  facet normal 0 -0.671542 0.740967
    outer loop
      vertex 35.45 2.68701 2.51299
      vertex 52.5 2.41069 2.26256
      vertex 52.5 2.68701 2.51299
    endloop
  endfacet
  facet normal 0 -0.671542 0.740967
    outer loop
      vertex 52.5 2.41069 2.26256
      vertex 35.45 2.68701 2.51299
      vertex 35.45 2.41069 2.26256
    endloop
  endfacet
  facet normal 0 -0.146736 0.989176
    outer loop
      vertex 35.45 0.741343 1.47302
      vertex 52.5 0.372464 1.4183
      vertex 52.5 0.741343 1.47302
    endloop
  endfacet
  facet normal 0 -0.146736 0.989176
    outer loop
      vertex 52.5 0.372464 1.4183
      vertex 35.45 0.741343 1.47302
      vertex 35.45 0.372464 1.4183
    endloop
  endfacet
  facet normal -0 0.146736 0.989176
    outer loop
      vertex 35.45 -0.372464 1.4183
      vertex 52.5 -0.741343 1.47302
      vertex 52.5 -0.372464 1.4183
    endloop
  endfacet
  facet normal 0 0.146736 0.989176
    outer loop
      vertex 52.5 -0.741343 1.47302
      vertex 35.45 -0.372464 1.4183
      vertex 35.45 -0.741343 1.47302
    endloop
  endfacet
  facet normal -0 0.427553 0.90399
    outer loop
      vertex 35.45 -1.4542 1.68926
      vertex 52.5 -1.79131 1.8487
      vertex 52.5 -1.4542 1.68926
    endloop
  endfacet
  facet normal 0 0.427553 0.90399
    outer loop
      vertex 52.5 -1.79131 1.8487
      vertex 35.45 -1.4542 1.68926
      vertex 35.45 -1.79131 1.8487
    endloop
  endfacet
  facet normal 0 -0.970143 0.242536
    outer loop
      vertex 35.45 3.63714 4.1
      vertex 35.45 3.63637 4.09692
      vertex 42 3.63714 4.1
    endloop
  endfacet
  facet normal 0 -0.970031 0.242981
    outer loop
      vertex 42 3.63714 4.1
      vertex 52.5 3.72698 4.45866
      vertex 42 3.72698 4.45866
    endloop
  endfacet
  facet normal 1.37654e-07 -0.970032 0.242977
    outer loop
      vertex 42 3.63714 4.1
      vertex 52.5 3.63637 4.09692
      vertex 52.5 3.72698 4.45866
    endloop
  endfacet
  facet normal 0 -0.970143 0.242536
    outer loop
      vertex 52.5 3.63637 4.09692
      vertex 42 3.63714 4.1
      vertex 35.45 3.63637 4.09692
    endloop
  endfacet
  facet normal -0 0.0490731 0.998795
    outer loop
      vertex 35.45 0 1.4
      vertex 52.5 -0.372464 1.4183
      vertex 52.5 0 1.4
    endloop
  endfacet
  facet normal 0 0.0490731 0.998795
    outer loop
      vertex 52.5 -0.372464 1.4183
      vertex 35.45 0 1.4
      vertex 35.45 -0.372464 1.4183
    endloop
  endfacet
  facet normal 0 0.970032 0.242977
    outer loop
      vertex 52.5 -3.63637 4.09692
      vertex 35.45 -3.72698 4.45866
      vertex 52.5 -3.72698 4.45866
    endloop
  endfacet
  facet normal 0 0.970032 0.242977
    outer loop
      vertex 35.45 -3.72698 4.45866
      vertex 52.5 -3.63637 4.09692
      vertex 35.45 -3.63637 4.09692
    endloop
  endfacet
  facet normal 0 0.989175 0.146739
    outer loop
      vertex 52.5 -3.72698 4.45866
      vertex 35.45 -3.7817 4.82753
      vertex 52.5 -3.7817 4.82753
    endloop
  endfacet
  facet normal 0 0.989175 0.146739
    outer loop
      vertex 35.45 -3.7817 4.82753
      vertex 52.5 -3.72698 4.45866
      vertex 35.45 -3.72698 4.45866
    endloop
  endfacet
  facet normal 0 -0.336883 0.941546
    outer loop
      vertex 35.45 1.4542 1.68926
      vertex 52.5 1.10308 1.56363
      vertex 52.5 1.4542 1.68926
    endloop
  endfacet
  facet normal 0 -0.336883 0.941546
    outer loop
      vertex 52.5 1.10308 1.56363
      vertex 35.45 1.4542 1.68926
      vertex 35.45 1.10308 1.56363
    endloop
  endfacet
  facet normal -0 0.595718 0.803194
    outer loop
      vertex 35.45 -2.11117 2.04041
      vertex 52.5 -2.41069 2.26256
      vertex 52.5 -2.11117 2.04041
    endloop
  endfacet
  facet normal 0 0.595718 0.803194
    outer loop
      vertex 52.5 -2.41069 2.26256
      vertex 35.45 -2.11117 2.04041
      vertex 35.45 -2.41069 2.26256
    endloop
  endfacet
  facet normal -0 0.51409 0.857737
    outer loop
      vertex 35.45 -1.79131 1.8487
      vertex 52.5 -2.11117 2.04041
      vertex 52.5 -1.79131 1.8487
    endloop
  endfacet
  facet normal 0 0.51409 0.857737
    outer loop
      vertex 52.5 -2.11117 2.04041
      vertex 35.45 -1.79131 1.8487
      vertex 35.45 -2.11117 2.04041
    endloop
  endfacet
  facet normal 0 0.90399 0.427553
    outer loop
      vertex 52.5 -3.3513 3.40869
      vertex 35.45 -3.51074 3.7458
      vertex 52.5 -3.51074 3.7458
    endloop
  endfacet
  facet normal 0 0.90399 0.427553
    outer loop
      vertex 35.45 -3.51074 3.7458
      vertex 52.5 -3.3513 3.40869
      vertex 35.45 -3.3513 3.40869
    endloop
  endfacet
  facet normal 0 -0.998795 0.0490723
    outer loop
      vertex 42 3.7817 4.82753
      vertex 52.5 3.8 5.2
      vertex 42 3.8 5.2
    endloop
  endfacet
  facet normal 0 -0.998795 0.0490723
    outer loop
      vertex 52.5 3.8 5.2
      vertex 42 3.7817 4.82753
      vertex 52.5 3.7817 4.82753
    endloop
  endfacet
  facet normal -0 0.336883 0.941546
    outer loop
      vertex 35.45 -1.10308 1.56363
      vertex 52.5 -1.4542 1.68926
      vertex 52.5 -1.10308 1.56363
    endloop
  endfacet
  facet normal 0 0.336883 0.941546
    outer loop
      vertex 52.5 -1.4542 1.68926
      vertex 35.45 -1.10308 1.56363
      vertex 35.45 -1.4542 1.68926
    endloop
  endfacet
  facet normal 0 -0.51409 0.857737
    outer loop
      vertex 35.45 2.11117 2.04041
      vertex 52.5 1.79131 1.8487
      vertex 52.5 2.11117 2.04041
    endloop
  endfacet
  facet normal 0 -0.51409 0.857737
    outer loop
      vertex 52.5 1.79131 1.8487
      vertex 35.45 2.11117 2.04041
      vertex 35.45 1.79131 1.8487
    endloop
  endfacet
  facet normal 1 0 0
    outer loop
      vertex 35.45 -3.8 5.2
      vertex 35.45 -2.8 5.2
      vertex 35.45 -2.8 9.4
    endloop
  endfacet
  facet normal 1 0 -0
    outer loop
      vertex 35.45 -3.7817 4.82753
      vertex 35.45 -2.8 5.2
      vertex 35.45 -3.8 5.2
    endloop
  endfacet
  facet normal 1 0 0
    outer loop
      vertex 35.45 -2.8 5.2
      vertex 35.45 -3.15958 3.08883
      vertex 35.45 -2.93744 2.7893
    endloop
  endfacet
  facet normal 1 0 0
    outer loop
      vertex 35.45 -2.8 5.2
      vertex 35.45 -3.3513 3.40869
      vertex 35.45 -3.15958 3.08883
    endloop
  endfacet
  facet normal 1 0 0
    outer loop
      vertex 35.45 -2.8 5.2
      vertex 35.45 -3.51074 3.7458
      vertex 35.45 -3.3513 3.40869
    endloop
  endfacet
  facet normal 1 0 0
    outer loop
      vertex 35.45 -2.8 5.2
      vertex 35.45 -3.63637 4.09692
      vertex 35.45 -3.51074 3.7458
    endloop
  endfacet
  facet normal 1 0 0
    outer loop
      vertex 35.45 -2.8 5.2
      vertex 35.45 -3.72698 4.45866
      vertex 35.45 -3.63637 4.09692
    endloop
  endfacet
  facet normal 1 0 0
    outer loop
      vertex 35.45 -3.8 5.2
      vertex 35.45 -2.8 9.4
      vertex 35.45 -3.8 9.4
    endloop
  endfacet
  facet normal 1 0 0
    outer loop
      vertex 35.45 -2.8 5.2
      vertex 35.45 -3.7817 4.82753
      vertex 35.45 -3.72698 4.45866
    endloop
  endfacet
  facet normal 1 -0 0
    outer loop
      vertex 35.45 2.57339 4.1
      vertex 35.45 3.63637 4.09692
      vertex 35.45 3.63714 4.1
    endloop
  endfacet
  facet normal 1 0 0
    outer loop
      vertex 35.45 3.63637 4.09692
      vertex 35.45 2.57339 4.1
      vertex 35.45 3.51074 3.7458
    endloop
  endfacet
  facet normal 1 0 0
    outer loop
      vertex 35.45 3.51074 3.7458
      vertex 35.45 2.57339 4.1
      vertex 35.45 3.3513 3.40869
    endloop
  endfacet
  facet normal 1 -0 0
    outer loop
      vertex 35.45 2.46938 3.88009
      vertex 35.45 3.3513 3.40869
      vertex 35.45 2.57339 4.1
    endloop
  endfacet
  facet normal 1 -0 0
    outer loop
      vertex 35.45 2.32811 3.6444
      vertex 35.45 3.15958 3.08883
      vertex 35.45 2.46938 3.88009
    endloop
  endfacet
  facet normal 1 0 0
    outer loop
      vertex 35.45 3.3513 3.40869
      vertex 35.45 2.46938 3.88009
      vertex 35.45 3.15958 3.08883
    endloop
  endfacet
  facet normal 1 0 0
    outer loop
      vertex 35.45 3.15958 3.08883
      vertex 35.45 2.32811 3.6444
      vertex 35.45 2.93744 2.7893
    endloop
  endfacet
  facet normal 1 -0 0
    outer loop
      vertex 35.45 2.16443 3.4237
      vertex 35.45 2.93744 2.7893
      vertex 35.45 2.32811 3.6444
    endloop
  endfacet
  facet normal 1 0 0
    outer loop
      vertex 35.45 2.93744 2.7893
      vertex 35.45 2.16443 3.4237
      vertex 35.45 2.68701 2.51299
    endloop
  endfacet
  facet normal 1 -0 0
    outer loop
      vertex 35.45 1.9799 3.2201
      vertex 35.45 2.68701 2.51299
      vertex 35.45 2.16443 3.4237
    endloop
  endfacet
  facet normal 1 0 0
    outer loop
      vertex 35.45 2.68701 2.51299
      vertex 35.45 1.9799 3.2201
      vertex 35.45 2.41069 2.26256
    endloop
  endfacet
  facet normal 1 -0 0
    outer loop
      vertex 35.45 1.7763 3.03557
      vertex 35.45 2.41069 2.26256
      vertex 35.45 1.9799 3.2201
    endloop
  endfacet
  facet normal 1 0 0
    outer loop
      vertex 35.45 2.41069 2.26256
      vertex 35.45 1.7763 3.03557
      vertex 35.45 2.11117 2.04041
    endloop
  endfacet
  facet normal 1 -0 0
    outer loop
      vertex 35.45 1.5556 2.87188
      vertex 35.45 2.11117 2.04041
      vertex 35.45 1.7763 3.03557
    endloop
  endfacet
  facet normal 1 0 0
    outer loop
      vertex 35.45 2.11117 2.04041
      vertex 35.45 1.5556 2.87188
      vertex 35.45 1.79131 1.8487
    endloop
  endfacet
  facet normal 1 -0 0
    outer loop
      vertex 35.45 1.31991 2.73062
      vertex 35.45 1.79131 1.8487
      vertex 35.45 1.5556 2.87188
    endloop
  endfacet
  facet normal 1 0 0
    outer loop
      vertex 35.45 1.79131 1.8487
      vertex 35.45 1.31991 2.73062
      vertex 35.45 1.4542 1.68926
    endloop
  endfacet
  facet normal 1 -0 0
    outer loop
      vertex 35.45 1.07151 2.61314
      vertex 35.45 1.4542 1.68926
      vertex 35.45 1.31991 2.73062
    endloop
  endfacet
  facet normal 1 0 0
    outer loop
      vertex 35.45 1.4542 1.68926
      vertex 35.45 1.07151 2.61314
      vertex 35.45 1.10308 1.56363
    endloop
  endfacet
  facet normal 1 -0 0
    outer loop
      vertex 35.45 0.812797 2.52057
      vertex 35.45 1.10308 1.56363
      vertex 35.45 1.07151 2.61314
    endloop
  endfacet
  facet normal 1 0 0
    outer loop
      vertex 35.45 0.812797 2.52057
      vertex 35.45 0.741343 1.47302
      vertex 35.45 1.10308 1.56363
    endloop
  endfacet
  facet normal 1 -0 0
    outer loop
      vertex 35.45 0.546252 2.4538
      vertex 35.45 0.741343 1.47302
      vertex 35.45 0.812797 2.52057
    endloop
  endfacet
  facet normal 1 0 0
    outer loop
      vertex 35.45 0.546252 2.4538
      vertex 35.45 0.372464 1.4183
      vertex 35.45 0.741343 1.47302
    endloop
  endfacet
  facet normal 1 -0 0
    outer loop
      vertex 35.45 0.274447 2.41348
      vertex 35.45 0.372464 1.4183
      vertex 35.45 0.546252 2.4538
    endloop
  endfacet
  facet normal 1 -0 0
    outer loop
      vertex 35.45 0 2.4
      vertex 35.45 0.372464 1.4183
      vertex 35.45 0.274447 2.41348
    endloop
  endfacet
  facet normal 1 0 0
    outer loop
      vertex 35.45 0 2.4
      vertex 35.45 0 1.4
      vertex 35.45 0.372464 1.4183
    endloop
  endfacet
  facet normal 1 0 0
    outer loop
      vertex 35.45 -0.274447 2.41348
      vertex 35.45 0 1.4
      vertex 35.45 0 2.4
    endloop
  endfacet
  facet normal 1 0 0
    outer loop
      vertex 35.45 -0.274447 2.41348
      vertex 35.45 -0.372464 1.4183
      vertex 35.45 0 1.4
    endloop
  endfacet
  facet normal 1 0 0
    outer loop
      vertex 35.45 -0.546252 2.4538
      vertex 35.45 -0.372464 1.4183
      vertex 35.45 -0.274447 2.41348
    endloop
  endfacet
  facet normal 1 0 0
    outer loop
      vertex 35.45 -0.546252 2.4538
      vertex 35.45 -0.741343 1.47302
      vertex 35.45 -0.372464 1.4183
    endloop
  endfacet
  facet normal 1 0 0
    outer loop
      vertex 35.45 -0.812797 2.52057
      vertex 35.45 -0.741343 1.47302
      vertex 35.45 -0.546252 2.4538
    endloop
  endfacet
  facet normal 1 0 0
    outer loop
      vertex 35.45 -1.10308 1.56363
      vertex 35.45 -0.812797 2.52057
      vertex 35.45 -1.07151 2.61314
    endloop
  endfacet
  facet normal 1 0 0
    outer loop
      vertex 35.45 -0.812797 2.52057
      vertex 35.45 -1.10308 1.56363
      vertex 35.45 -0.741343 1.47302
    endloop
  endfacet
  facet normal 1 0 0
    outer loop
      vertex 35.45 -1.4542 1.68926
      vertex 35.45 -1.07151 2.61314
      vertex 35.45 -1.31991 2.73062
    endloop
  endfacet
  facet normal 1 0 0
    outer loop
      vertex 35.45 -1.07151 2.61314
      vertex 35.45 -1.4542 1.68926
      vertex 35.45 -1.10308 1.56363
    endloop
  endfacet
  facet normal 1 0 0
    outer loop
      vertex 35.45 -1.79131 1.8487
      vertex 35.45 -1.31991 2.73062
      vertex 35.45 -1.5556 2.87188
    endloop
  endfacet
  facet normal 1 0 0
    outer loop
      vertex 35.45 -2.11117 2.04041
      vertex 35.45 -1.5556 2.87188
      vertex 35.45 -1.7763 3.03557
    endloop
  endfacet
  facet normal 1 0 0
    outer loop
      vertex 35.45 -1.31991 2.73062
      vertex 35.45 -1.79131 1.8487
      vertex 35.45 -1.4542 1.68926
    endloop
  endfacet
  facet normal 1 0 0
    outer loop
      vertex 35.45 -2.41069 2.26256
      vertex 35.45 -1.7763 3.03557
      vertex 35.45 -1.9799 3.2201
    endloop
  endfacet
  facet normal 1 0 0
    outer loop
      vertex 35.45 -1.5556 2.87188
      vertex 35.45 -2.11117 2.04041
      vertex 35.45 -1.79131 1.8487
    endloop
  endfacet
  facet normal 1 0 0
    outer loop
      vertex 35.45 -2.68701 2.51299
      vertex 35.45 -1.9799 3.2201
      vertex 35.45 -2.16443 3.4237
    endloop
  endfacet
  facet normal 1 0 0
    outer loop
      vertex 35.45 -2.93744 2.7893
      vertex 35.45 -2.16443 3.4237
      vertex 35.45 -2.32811 3.6444
    endloop
  endfacet
  facet normal 1 0 0
    outer loop
      vertex 35.45 -1.7763 3.03557
      vertex 35.45 -2.41069 2.26256
      vertex 35.45 -2.11117 2.04041
    endloop
  endfacet
  facet normal 1 0 0
    outer loop
      vertex 35.45 -2.93744 2.7893
      vertex 35.45 -2.32811 3.6444
      vertex 35.45 -2.46938 3.88009
    endloop
  endfacet
  facet normal 1 0 0
    outer loop
      vertex 35.45 -2.93744 2.7893
      vertex 35.45 -2.46938 3.88009
      vertex 35.45 -2.58686 4.12849
    endloop
  endfacet
  facet normal 1 0 0
    outer loop
      vertex 35.45 -2.93744 2.7893
      vertex 35.45 -2.58686 4.12849
      vertex 35.45 -2.67943 4.3872
    endloop
  endfacet
  facet normal 1 0 0
    outer loop
      vertex 35.45 -1.9799 3.2201
      vertex 35.45 -2.68701 2.51299
      vertex 35.45 -2.41069 2.26256
    endloop
  endfacet
  facet normal 1 0 0
    outer loop
      vertex 35.45 -2.93744 2.7893
      vertex 35.45 -2.67943 4.3872
      vertex 35.45 -2.7462 4.65375
    endloop
  endfacet
  facet normal 1 0 0
    outer loop
      vertex 35.45 -2.93744 2.7893
      vertex 35.45 -2.7462 4.65375
      vertex 35.45 -2.78652 4.92555
    endloop
  endfacet
  facet normal 1 0 0
    outer loop
      vertex 35.45 -2.93744 2.7893
      vertex 35.45 -2.78652 4.92555
      vertex 35.45 -2.8 5.2
    endloop
  endfacet
  facet normal 1 0 0
    outer loop
      vertex 35.45 -2.16443 3.4237
      vertex 35.45 -2.93744 2.7893
      vertex 35.45 -2.68701 2.51299
    endloop
  endfacet
  facet normal 0 -0.941546 0.336883
    outer loop
      vertex 35.45 3.51074 3.7458
      vertex 52.5 3.63637 4.09692
      vertex 35.45 3.63637 4.09692
    endloop
  endfacet
  facet normal 0 -0.941546 0.336883
    outer loop
      vertex 52.5 3.63637 4.09692
      vertex 35.45 3.51074 3.7458
      vertex 52.5 3.51074 3.7458
    endloop
  endfacet
  facet normal -0 0.671542 0.740967
    outer loop
      vertex 35.45 -2.41069 2.26256
      vertex 52.5 -2.68701 2.51299
      vertex 52.5 -2.41069 2.26256
    endloop
  endfacet
  facet normal 0 0.671542 0.740967
    outer loop
      vertex 52.5 -2.68701 2.51299
      vertex 35.45 -2.41069 2.26256
      vertex 35.45 -2.68701 2.51299
    endloop
  endfacet
  facet normal 0 0.740955 0.671555
    outer loop
      vertex 52.5 -2.68701 2.51299
      vertex 35.45 -2.93744 2.7893
      vertex 52.5 -2.93744 2.7893
    endloop
  endfacet
  facet normal 0 0.740955 0.671555
    outer loop
      vertex 35.45 -2.93744 2.7893
      vertex 52.5 -2.68701 2.51299
      vertex 35.45 -2.68701 2.51299
    endloop
  endfacet
  facet normal 0 -1 0
    outer loop
      vertex 42 3.8 5.2
      vertex 52.5 3.8 9.4
      vertex 42 3.8 9.4
    endloop
  endfacet
  facet normal 0 -1 -0
    outer loop
      vertex 52.5 3.8 9.4
      vertex 42 3.8 5.2
      vertex 52.5 3.8 5.2
    endloop
  endfacet
  facet normal 0 1 -0
    outer loop
      vertex 52.5 -3.8 5.2
      vertex 35.45 -3.8 9.4
      vertex 52.5 -3.8 9.4
    endloop
  endfacet
  facet normal 0 1 0
    outer loop
      vertex 35.45 -3.8 9.4
      vertex 52.5 -3.8 5.2
      vertex 35.45 -3.8 5.2
    endloop
  endfacet
  facet normal -1 0 0
    outer loop
      vertex 9 7.4 1.1
      vertex 9 2 5.2
      vertex 9 7.4 9.4
    endloop
  endfacet
  facet normal -1 0 0
    outer loop
      vertex 9 7.4 1.1
      vertex 9 1.96157 4.80982
      vertex 9 2 5.2
    endloop
  endfacet
  facet normal -1 0 0
    outer loop
      vertex 9 7.4 1.1
      vertex 9 1.84776 4.43463
      vertex 9 1.96157 4.80982
    endloop
  endfacet
  facet normal -1 0 0
    outer loop
      vertex 9 7.4 1.1
      vertex 9 1.66294 4.08886
      vertex 9 1.84776 4.43463
    endloop
  endfacet
  facet normal -1 0 0
    outer loop
      vertex 9 7.4 1.1
      vertex 9 1.41421 3.78579
      vertex 9 1.66294 4.08886
    endloop
  endfacet
  facet normal -1 0 0
    outer loop
      vertex 9 7.4 1.1
      vertex 9 1.11114 3.53706
      vertex 9 1.41421 3.78579
    endloop
  endfacet
  facet normal -1 0 0
    outer loop
      vertex 9 7.4 1.1
      vertex 9 0.765367 3.35224
      vertex 9 1.11114 3.53706
    endloop
  endfacet
  facet normal -1 0 0
    outer loop
      vertex 9 7.4 1.1
      vertex 9 0.390181 3.23843
      vertex 9 0.765367 3.35224
    endloop
  endfacet
  facet normal -1 0 0
    outer loop
      vertex 9 -4.1 1.1
      vertex 9 0.390181 3.23843
      vertex 9 7.4 1.1
    endloop
  endfacet
  facet normal -1 0 0
    outer loop
      vertex 9 0.390181 3.23843
      vertex 9 -4.1 1.1
      vertex 9 0 3.2
    endloop
  endfacet
  facet normal -1 -0 0
    outer loop
      vertex 9 -1.96157 4.80982
      vertex 9 -4.1 1.1
      vertex 9 -2 5.2
    endloop
  endfacet
  facet normal -1 -0 0
    outer loop
      vertex 9 -1.84776 4.43463
      vertex 9 -4.1 1.1
      vertex 9 -1.96157 4.80982
    endloop
  endfacet
  facet normal -1 -0 0
    outer loop
      vertex 9 -1.66294 4.08886
      vertex 9 -4.1 1.1
      vertex 9 -1.84776 4.43463
    endloop
  endfacet
  facet normal -1 -0 0
    outer loop
      vertex 9 -1.41421 3.78579
      vertex 9 -4.1 1.1
      vertex 9 -1.66294 4.08886
    endloop
  endfacet
  facet normal -1 -0 0
    outer loop
      vertex 9 -1.11114 3.53706
      vertex 9 -4.1 1.1
      vertex 9 -1.41421 3.78579
    endloop
  endfacet
  facet normal -1 -0 0
    outer loop
      vertex 9 -0.765367 3.35224
      vertex 9 -4.1 1.1
      vertex 9 -1.11114 3.53706
    endloop
  endfacet
  facet normal -1 -0 0
    outer loop
      vertex 9 -0.390181 3.23843
      vertex 9 -4.1 1.1
      vertex 9 -0.765367 3.35224
    endloop
  endfacet
  facet normal -1 -0 0
    outer loop
      vertex 9 0 3.2
      vertex 9 -4.1 1.1
      vertex 9 -0.390181 3.23843
    endloop
  endfacet
  facet normal -1 0 0
    outer loop
      vertex 9 1.96157 5.59018
      vertex 9 7.4 9.4
      vertex 9 2 5.2
    endloop
  endfacet
  facet normal -1 0 0
    outer loop
      vertex 9 1.84776 5.96537
      vertex 9 7.4 9.4
      vertex 9 1.96157 5.59018
    endloop
  endfacet
  facet normal -1 0 0
    outer loop
      vertex 9 1.66294 6.31114
      vertex 9 7.4 9.4
      vertex 9 1.84776 5.96537
    endloop
  endfacet
  facet normal -1 0 0
    outer loop
      vertex 9 1.41421 6.61421
      vertex 9 7.4 9.4
      vertex 9 1.66294 6.31114
    endloop
  endfacet
  facet normal -1 0 0
    outer loop
      vertex 9 1.11114 6.86294
      vertex 9 7.4 9.4
      vertex 9 1.41421 6.61421
    endloop
  endfacet
  facet normal -1 0 0
    outer loop
      vertex 9 0.765367 7.04776
      vertex 9 7.4 9.4
      vertex 9 1.11114 6.86294
    endloop
  endfacet
  facet normal -1 0 0
    outer loop
      vertex 9 0.390181 7.16157
      vertex 9 7.4 9.4
      vertex 9 0.765367 7.04776
    endloop
  endfacet
  facet normal -1 0 0
    outer loop
      vertex 9 -4.1 9.4
      vertex 9 0.390181 7.16157
      vertex 9 0 7.2
    endloop
  endfacet
  facet normal -1 0 0
    outer loop
      vertex 9 -4.1 9.4
      vertex 9 0 7.2
      vertex 9 -0.390181 7.16157
    endloop
  endfacet
  facet normal -1 0 0
    outer loop
      vertex 9 -4.1 9.4
      vertex 9 -2 5.2
      vertex 9 -4.1 1.1
    endloop
  endfacet
  facet normal -1 0 0
    outer loop
      vertex 9 -2 5.2
      vertex 9 -4.1 9.4
      vertex 9 -1.96157 5.59018
    endloop
  endfacet
  facet normal -1 0 0
    outer loop
      vertex 9 0.390181 7.16157
      vertex 9 -4.1 9.4
      vertex 9 7.4 9.4
    endloop
  endfacet
  facet normal -1 0 0
    outer loop
      vertex 9 -0.765367 7.04776
      vertex 9 -4.1 9.4
      vertex 9 -0.390181 7.16157
    endloop
  endfacet
  facet normal -1 0 0
    outer loop
      vertex 9 -1.11114 6.86294
      vertex 9 -4.1 9.4
      vertex 9 -0.765367 7.04776
    endloop
  endfacet
  facet normal -1 0 0
    outer loop
      vertex 9 -1.41421 6.61421
      vertex 9 -4.1 9.4
      vertex 9 -1.11114 6.86294
    endloop
  endfacet
  facet normal -1 0 0
    outer loop
      vertex 9 -1.66294 6.31114
      vertex 9 -4.1 9.4
      vertex 9 -1.41421 6.61421
    endloop
  endfacet
  facet normal -1 0 0
    outer loop
      vertex 9 -1.84776 5.96537
      vertex 9 -4.1 9.4
      vertex 9 -1.66294 6.31114
    endloop
  endfacet
  facet normal -1 0 0
    outer loop
      vertex 9 -1.96157 5.59018
      vertex 9 -4.1 9.4
      vertex 9 -1.84776 5.96537
    endloop
  endfacet
  facet normal -0 0 1
    outer loop
      vertex 2 7.4 1.1
      vertex 9 -4.1 1.1
      vertex 9 7.4 1.1
    endloop
  endfacet
  facet normal 0 0 1
    outer loop
      vertex 9 -4.1 1.1
      vertex 2 7.4 1.1
      vertex 2 -4.1 1.1
    endloop
  endfacet
  facet normal 1 -0 0
    outer loop
      vertex 2 1.54548 5.61411
      vertex 2 5 4.1
      vertex 2 5 9.4
    endloop
  endfacet
  facet normal 1 0 0
    outer loop
      vertex 2 5 4.1
      vertex 2 1.54548 5.61411
      vertex 2 1.6 5.2
    endloop
  endfacet
  facet normal 1 0 0
    outer loop
      vertex 2 5 9.4
      vertex 2 1.38564 6
      vertex 2 1.54548 5.61411
    endloop
  endfacet
  facet normal 1 0 0
    outer loop
      vertex 2 5 9.4
      vertex 2 1.13137 6.33137
      vertex 2 1.38564 6
    endloop
  endfacet
  facet normal 1 0 0
    outer loop
      vertex 2 5 9.4
      vertex 2 0.799999 6.58564
      vertex 2 1.13137 6.33137
    endloop
  endfacet
  facet normal 1 0 0
    outer loop
      vertex 2 5 9.4
      vertex 2 0.41411 6.74548
      vertex 2 0.799999 6.58564
    endloop
  endfacet
  facet normal 1 0 0
    outer loop
      vertex 2 5 9.4
      vertex 2 0 6.8
      vertex 2 0.41411 6.74548
    endloop
  endfacet
  facet normal 1 -0 0
    outer loop
      vertex 2 -4.1 9.4
      vertex 2 0 6.8
      vertex 2 5 9.4
    endloop
  endfacet
  facet normal 1 0 0
    outer loop
      vertex 2 0 6.8
      vertex 2 -4.1 9.4
      vertex 2 -0.41411 6.74548
    endloop
  endfacet
  facet normal 1 0 0
    outer loop
      vertex 2 -1.54548 5.61411
      vertex 2 -4.1 9.4
      vertex 2 -1.6 5.2
    endloop
  endfacet
  facet normal 1 0 0
    outer loop
      vertex 2 -1.38564 6
      vertex 2 -4.1 9.4
      vertex 2 -1.54548 5.61411
    endloop
  endfacet
  facet normal 1 0 0
    outer loop
      vertex 2 -1.13137 6.33137
      vertex 2 -4.1 9.4
      vertex 2 -1.38564 6
    endloop
  endfacet
  facet normal 1 0 0
    outer loop
      vertex 2 -0.799999 6.58564
      vertex 2 -4.1 9.4
      vertex 2 -1.13137 6.33137
    endloop
  endfacet
  facet normal 1 0 0
    outer loop
      vertex 2 -0.41411 6.74548
      vertex 2 -4.1 9.4
      vertex 2 -0.799999 6.58564
    endloop
  endfacet
  facet normal 1 -0 0
    outer loop
      vertex 2 5 4.1
      vertex 2 7.4 1.1
      vertex 2 7.4 4.1
    endloop
  endfacet
  facet normal 1 -0 0
    outer loop
      vertex 2 1.54548 4.78589
      vertex 2 5 4.1
      vertex 2 1.6 5.2
    endloop
  endfacet
  facet normal 1 -0 0
    outer loop
      vertex 2 1.38564 4.4
      vertex 2 5 4.1
      vertex 2 1.54548 4.78589
    endloop
  endfacet
  facet normal 1 0 0
    outer loop
      vertex 2 1.13137 4.06863
      vertex 2 5 4.1
      vertex 2 1.38564 4.4
    endloop
  endfacet
  facet normal 1 0 0
    outer loop
      vertex 2 0.799999 3.81436
      vertex 2 5 4.1
      vertex 2 1.13137 4.06863
    endloop
  endfacet
  facet normal 1 0 0
    outer loop
      vertex 2 5 4.1
      vertex 2 0.799999 3.81436
      vertex 2 7.4 1.1
    endloop
  endfacet
  facet normal 1 -0 0
    outer loop
      vertex 2 0.41411 3.65452
      vertex 2 7.4 1.1
      vertex 2 0.799999 3.81436
    endloop
  endfacet
  facet normal 1 0 0
    outer loop
      vertex 2 -4.1 1.1
      vertex 2 0.41411 3.65452
      vertex 2 0 3.6
    endloop
  endfacet
  facet normal 1 0 0
    outer loop
      vertex 2 -4.1 1.1
      vertex 2 0 3.6
      vertex 2 -0.41411 3.65452
    endloop
  endfacet
  facet normal 1 0 0
    outer loop
      vertex 2 -4.1 1.1
      vertex 2 -1.6 5.2
      vertex 2 -4.1 9.4
    endloop
  endfacet
  facet normal 1 0 0
    outer loop
      vertex 2 -1.6 5.2
      vertex 2 -4.1 1.1
      vertex 2 -1.54548 4.78589
    endloop
  endfacet
  facet normal 1 0 0
    outer loop
      vertex 2 0.41411 3.65452
      vertex 2 -4.1 1.1
      vertex 2 7.4 1.1
    endloop
  endfacet
  facet normal 1 0 0
    outer loop
      vertex 2 -0.799999 3.81436
      vertex 2 -4.1 1.1
      vertex 2 -0.41411 3.65452
    endloop
  endfacet
  facet normal 1 0 0
    outer loop
      vertex 2 -1.13137 4.06863
      vertex 2 -4.1 1.1
      vertex 2 -0.799999 3.81436
    endloop
  endfacet
  facet normal 1 0 0
    outer loop
      vertex 2 -1.38564 4.4
      vertex 2 -4.1 1.1
      vertex 2 -1.13137 4.06863
    endloop
  endfacet
  facet normal 1 0 0
    outer loop
      vertex 2 -1.54548 4.78589
      vertex 2 -4.1 1.1
      vertex 2 -1.38564 4.4
    endloop
  endfacet
  facet normal 0 -1 0
    outer loop
      vertex 2 7.4 4.1
      vertex 0 7.4 9.4
      vertex 0 7.4 4.1
    endloop
  endfacet
  facet normal 0 -1 0
    outer loop
      vertex 0 7.4 9.4
      vertex 2 7.4 4.1
      vertex 9 7.4 9.4
    endloop
  endfacet
  facet normal 0 -1 0
    outer loop
      vertex 9 7.4 1.1
      vertex 2 7.4 4.1
      vertex 2 7.4 1.1
    endloop
  endfacet
  facet normal 0 -1 0
    outer loop
      vertex 2 7.4 4.1
      vertex 9 7.4 1.1
      vertex 9 7.4 9.4
    endloop
  endfacet
  facet normal 0 -1 0
    outer loop
      vertex 33.5 7.4 9.4
      vertex 33.5 7.4 4.1
      vertex 52.5 7.4 9.4
    endloop
  endfacet
  facet normal 0 -1 0
    outer loop
      vertex 52.5 7.4 11.24
      vertex 0 7.4 12.24
      vertex 0 7.4 11.24
    endloop
  endfacet
  facet normal 0 -1 0
    outer loop
      vertex 0 7.4 12.24
      vertex 52.5 7.4 11.24
      vertex 54.5 7.4 12.24
    endloop
  endfacet
  facet normal 0 -1 0
    outer loop
      vertex 52.5 7.4 9.4
      vertex 54.5 7.4 12.24
      vertex 52.5 7.4 11.24
    endloop
  endfacet
  facet normal 0 -1 0
    outer loop
      vertex 52.5 7.4 9.4
      vertex 54.5 7.4 4.1
      vertex 54.5 7.4 12.24
    endloop
  endfacet
  facet normal 0 -1 0
    outer loop
      vertex 54.5 7.4 4.1
      vertex 52.5 7.4 9.4
      vertex 33.5 7.4 4.1
    endloop
  endfacet
  facet normal 0 1 -0
    outer loop
      vertex 9 -4.1 1.1
      vertex 2 -4.1 9.4
      vertex 9 -4.1 9.4
    endloop
  endfacet
  facet normal 0 1 0
    outer loop
      vertex 2 -4.1 9.4
      vertex 9 -4.1 1.1
      vertex 2 -4.1 1.1
    endloop
  endfacet
  facet normal 0 -0.995185 0.0980187
    outer loop
      vertex 9 1.96157 4.80982
      vertex 12.95 2 5.2
      vertex 9 2 5.2
    endloop
  endfacet
  facet normal 0 -0.995185 0.0980187
    outer loop
      vertex 12.95 2 5.2
      vertex 9 1.96157 4.80982
      vertex 12.95 1.96157 4.80982
    endloop
  endfacet
  facet normal 0 -0.471398 0.881921
    outer loop
      vertex 9 1.11114 3.53706
      vertex 12.95 0.765367 3.35224
      vertex 12.95 1.11114 3.53706
    endloop
  endfacet
  facet normal 0 -0.471398 0.881921
    outer loop
      vertex 12.95 0.765367 3.35224
      vertex 9 1.11114 3.53706
      vertex 9 0.765367 3.35224
    endloop
  endfacet
  facet normal 0 0.773002 0.634404
    outer loop
      vertex 12.95 -1.41421 3.78579
      vertex 9 -1.66294 4.08886
      vertex 12.95 -1.66294 4.08886
    endloop
  endfacet
  facet normal 0 0.773002 0.634404
    outer loop
      vertex 9 -1.66294 4.08886
      vertex 12.95 -1.41421 3.78579
      vertex 9 -1.41421 3.78579
    endloop
  endfacet
  facet normal 0 -0.773002 -0.634404
    outer loop
      vertex 9 1.66294 6.31114
      vertex 12.95 1.41421 6.61421
      vertex 9 1.41421 6.61421
    endloop
  endfacet
  facet normal 0 -0.773002 -0.634404
    outer loop
      vertex 12.95 1.41421 6.61421
      vertex 9 1.66294 6.31114
      vertex 12.95 1.66294 6.31114
    endloop
  endfacet
  facet normal 0 0.995185 0.0980187
    outer loop
      vertex 12.95 -1.96157 4.80982
      vertex 9 -2 5.2
      vertex 12.95 -2 5.2
    endloop
  endfacet
  facet normal 0 0.995185 0.0980187
    outer loop
      vertex 9 -2 5.2
      vertex 12.95 -1.96157 4.80982
      vertex 9 -1.96157 4.80982
    endloop
  endfacet
  facet normal 0 -0.881919 -0.471401
    outer loop
      vertex 9 1.84776 5.96537
      vertex 12.95 1.66294 6.31114
      vertex 9 1.66294 6.31114
    endloop
  endfacet
  facet normal 0 -0.881919 -0.471401
    outer loop
      vertex 12.95 1.66294 6.31114
      vertex 9 1.84776 5.96537
      vertex 12.95 1.84776 5.96537
    endloop
  endfacet
  facet normal 0 -0.0980185 0.995185
    outer loop
      vertex 9 0.390181 3.23843
      vertex 12.95 0 3.2
      vertex 12.95 0.390181 3.23843
    endloop
  endfacet
  facet normal 0 -0.0980185 0.995185
    outer loop
      vertex 12.95 0 3.2
      vertex 9 0.390181 3.23843
      vertex 9 0 3.2
    endloop
  endfacet
  facet normal 0 0.634404 -0.773002
    outer loop
      vertex 9 -1.41421 6.61421
      vertex 12.95 -1.11114 6.86294
      vertex 12.95 -1.41421 6.61421
    endloop
  endfacet
  facet normal 0 0.634404 -0.773002
    outer loop
      vertex 12.95 -1.11114 6.86294
      vertex 9 -1.41421 6.61421
      vertex 9 -1.11114 6.86294
    endloop
  endfacet
  facet normal 0 0.773002 -0.634404
    outer loop
      vertex 12.95 -1.66294 6.31114
      vertex 9 -1.41421 6.61421
      vertex 12.95 -1.41421 6.61421
    endloop
  endfacet
  facet normal 0 0.773002 -0.634404
    outer loop
      vertex 9 -1.41421 6.61421
      vertex 12.95 -1.66294 6.31114
      vertex 9 -1.66294 6.31114
    endloop
  endfacet
  facet normal 0 -0.956942 0.290279
    outer loop
      vertex 9 1.84776 4.43463
      vertex 12.95 1.96157 4.80982
      vertex 9 1.96157 4.80982
    endloop
  endfacet
  facet normal 0 -0.956942 0.290279
    outer loop
      vertex 12.95 1.96157 4.80982
      vertex 9 1.84776 4.43463
      vertex 12.95 1.84776 4.43463
    endloop
  endfacet
  facet normal 0 0.956942 0.290279
    outer loop
      vertex 12.95 -1.84776 4.43463
      vertex 9 -1.96157 4.80982
      vertex 12.95 -1.96157 4.80982
    endloop
  endfacet
  facet normal 0 0.956942 0.290279
    outer loop
      vertex 9 -1.96157 4.80982
      vertex 12.95 -1.84776 4.43463
      vertex 9 -1.84776 4.43463
    endloop
  endfacet
  facet normal 0 -0.956942 -0.290279
    outer loop
      vertex 9 1.96157 5.59018
      vertex 12.95 1.84776 5.96537
      vertex 9 1.84776 5.96537
    endloop
  endfacet
  facet normal 0 -0.956942 -0.290279
    outer loop
      vertex 12.95 1.84776 5.96537
      vertex 9 1.96157 5.59018
      vertex 12.95 1.96157 5.59018
    endloop
  endfacet
  facet normal -0 0.290281 0.956941
    outer loop
      vertex 9 -0.390181 3.23843
      vertex 12.95 -0.765367 3.35224
      vertex 12.95 -0.390181 3.23843
    endloop
  endfacet
  facet normal 0 0.290281 0.956941
    outer loop
      vertex 12.95 -0.765367 3.35224
      vertex 9 -0.390181 3.23843
      vertex 9 -0.765367 3.35224
    endloop
  endfacet
  facet normal 0 -0.634404 -0.773002
    outer loop
      vertex 9 1.11114 6.86294
      vertex 12.95 1.41421 6.61421
      vertex 12.95 1.11114 6.86294
    endloop
  endfacet
  facet normal -0 -0.634404 -0.773002
    outer loop
      vertex 12.95 1.41421 6.61421
      vertex 9 1.11114 6.86294
      vertex 9 1.41421 6.61421
    endloop
  endfacet
  facet normal 0 0.471398 -0.881921
    outer loop
      vertex 9 -1.11114 6.86294
      vertex 12.95 -0.765367 7.04776
      vertex 12.95 -1.11114 6.86294
    endloop
  endfacet
  facet normal 0 0.471398 -0.881921
    outer loop
      vertex 12.95 -0.765367 7.04776
      vertex 9 -1.11114 6.86294
      vertex 9 -0.765367 7.04776
    endloop
  endfacet
  facet normal 0 -0.634404 0.773002
    outer loop
      vertex 9 1.41421 3.78579
      vertex 12.95 1.11114 3.53706
      vertex 12.95 1.41421 3.78579
    endloop
  endfacet
  facet normal 0 -0.634404 0.773002
    outer loop
      vertex 12.95 1.11114 3.53706
      vertex 9 1.41421 3.78579
      vertex 9 1.11114 3.53706
    endloop
  endfacet
  facet normal 0 -0.881919 0.471401
    outer loop
      vertex 9 1.66294 4.08886
      vertex 12.95 1.84776 4.43463
      vertex 9 1.84776 4.43463
    endloop
  endfacet
  facet normal 0 -0.881919 0.471401
    outer loop
      vertex 12.95 1.84776 4.43463
      vertex 9 1.66294 4.08886
      vertex 12.95 1.66294 4.08886
    endloop
  endfacet
  facet normal 0 -0.290281 0.956941
    outer loop
      vertex 9 0.765367 3.35224
      vertex 12.95 0.390181 3.23843
      vertex 12.95 0.765367 3.35224
    endloop
  endfacet
  facet normal 0 -0.290281 0.956941
    outer loop
      vertex 12.95 0.390181 3.23843
      vertex 9 0.765367 3.35224
      vertex 9 0.390181 3.23843
    endloop
  endfacet
  facet normal 0 -0.0980185 -0.995185
    outer loop
      vertex 9 0 7.2
      vertex 12.95 0.390181 7.16157
      vertex 12.95 0 7.2
    endloop
  endfacet
  facet normal -0 -0.0980185 -0.995185
    outer loop
      vertex 12.95 0.390181 7.16157
      vertex 9 0 7.2
      vertex 9 0.390181 7.16157
    endloop
  endfacet
  facet normal 0 -0.290281 -0.956941
    outer loop
      vertex 9 0.390181 7.16157
      vertex 12.95 0.765367 7.04776
      vertex 12.95 0.390181 7.16157
    endloop
  endfacet
  facet normal -0 -0.290281 -0.956941
    outer loop
      vertex 12.95 0.765367 7.04776
      vertex 9 0.390181 7.16157
      vertex 9 0.765367 7.04776
    endloop
  endfacet
  facet normal 0 0.290281 -0.956941
    outer loop
      vertex 9 -0.765367 7.04776
      vertex 12.95 -0.390181 7.16157
      vertex 12.95 -0.765367 7.04776
    endloop
  endfacet
  facet normal 0 0.290281 -0.956941
    outer loop
      vertex 12.95 -0.390181 7.16157
      vertex 9 -0.765367 7.04776
      vertex 9 -0.390181 7.16157
    endloop
  endfacet
  facet normal 0 0.881919 -0.471401
    outer loop
      vertex 12.95 -1.84776 5.96537
      vertex 9 -1.66294 6.31114
      vertex 12.95 -1.66294 6.31114
    endloop
  endfacet
  facet normal 0 0.881919 -0.471401
    outer loop
      vertex 9 -1.66294 6.31114
      vertex 12.95 -1.84776 5.96537
      vertex 9 -1.84776 5.96537
    endloop
  endfacet
  facet normal 0 -0.773002 0.634404
    outer loop
      vertex 9 1.41421 3.78579
      vertex 12.95 1.66294 4.08886
      vertex 9 1.66294 4.08886
    endloop
  endfacet
  facet normal 0 -0.773002 0.634404
    outer loop
      vertex 12.95 1.66294 4.08886
      vertex 9 1.41421 3.78579
      vertex 12.95 1.41421 3.78579
    endloop
  endfacet
  facet normal -0 0.471398 0.881921
    outer loop
      vertex 9 -0.765367 3.35224
      vertex 12.95 -1.11114 3.53706
      vertex 12.95 -0.765367 3.35224
    endloop
  endfacet
  facet normal 0 0.471398 0.881921
    outer loop
      vertex 12.95 -1.11114 3.53706
      vertex 9 -0.765367 3.35224
      vertex 9 -1.11114 3.53706
    endloop
  endfacet
  facet normal -0 0.634404 0.773002
    outer loop
      vertex 9 -1.11114 3.53706
      vertex 12.95 -1.41421 3.78579
      vertex 12.95 -1.11114 3.53706
    endloop
  endfacet
  facet normal 0 0.634404 0.773002
    outer loop
      vertex 12.95 -1.41421 3.78579
      vertex 9 -1.11114 3.53706
      vertex 9 -1.41421 3.78579
    endloop
  endfacet
  facet normal 0 0.881919 0.471401
    outer loop
      vertex 12.95 -1.66294 4.08886
      vertex 9 -1.84776 4.43463
      vertex 12.95 -1.84776 4.43463
    endloop
  endfacet
  facet normal 0 0.881919 0.471401
    outer loop
      vertex 9 -1.84776 4.43463
      vertex 12.95 -1.66294 4.08886
      vertex 9 -1.66294 4.08886
    endloop
  endfacet
  facet normal -0 0.0980185 0.995185
    outer loop
      vertex 9 0 3.2
      vertex 12.95 -0.390181 3.23843
      vertex 12.95 0 3.2
    endloop
  endfacet
  facet normal 0 0.0980185 0.995185
    outer loop
      vertex 12.95 -0.390181 3.23843
      vertex 9 0 3.2
      vertex 9 -0.390181 3.23843
    endloop
  endfacet
  facet normal 0 -0.995185 -0.0980187
    outer loop
      vertex 9 2 5.2
      vertex 12.95 1.96157 5.59018
      vertex 9 1.96157 5.59018
    endloop
  endfacet
  facet normal 0 -0.995185 -0.0980187
    outer loop
      vertex 12.95 1.96157 5.59018
      vertex 9 2 5.2
      vertex 12.95 2 5.2
    endloop
  endfacet
  facet normal 0 -0.471398 -0.881921
    outer loop
      vertex 9 0.765367 7.04776
      vertex 12.95 1.11114 6.86294
      vertex 12.95 0.765367 7.04776
    endloop
  endfacet
  facet normal -0 -0.471398 -0.881921
    outer loop
      vertex 12.95 1.11114 6.86294
      vertex 9 0.765367 7.04776
      vertex 9 1.11114 6.86294
    endloop
  endfacet
  facet normal 0 0.0980185 -0.995185
    outer loop
      vertex 9 -0.390181 7.16157
      vertex 12.95 0 7.2
      vertex 12.95 -0.390181 7.16157
    endloop
  endfacet
  facet normal 0 0.0980185 -0.995185
    outer loop
      vertex 12.95 0 7.2
      vertex 9 -0.390181 7.16157
      vertex 9 0 7.2
    endloop
  endfacet
  facet normal 0 0.956942 -0.290279
    outer loop
      vertex 12.95 -1.96157 5.59018
      vertex 9 -1.84776 5.96537
      vertex 12.95 -1.84776 5.96537
    endloop
  endfacet
  facet normal 0 0.956942 -0.290279
    outer loop
      vertex 9 -1.84776 5.96537
      vertex 12.95 -1.96157 5.59018
      vertex 9 -1.96157 5.59018
    endloop
  endfacet
  facet normal 0 0.995185 -0.0980187
    outer loop
      vertex 12.95 -2 5.2
      vertex 9 -1.96157 5.59018
      vertex 12.95 -1.96157 5.59018
    endloop
  endfacet
  facet normal 0 0.995185 -0.0980187
    outer loop
      vertex 9 -1.96157 5.59018
      vertex 12.95 -2 5.2
      vertex 9 -2 5.2
    endloop
  endfacet
  facet normal 0 -0.608762 0.793353
    outer loop
      vertex 0 1.13137 4.06863
      vertex 2 0.799999 3.81436
      vertex 2 1.13137 4.06863
    endloop
  endfacet
  facet normal 0 -0.608762 0.793353
    outer loop
      vertex 2 0.799999 3.81436
      vertex 0 1.13137 4.06863
      vertex 0 0.799999 3.81436
    endloop
  endfacet
  facet normal 0 0.382682 -0.92388
    outer loop
      vertex 0 -0.799999 6.58564
      vertex 2 -0.41411 6.74548
      vertex 2 -0.799999 6.58564
    endloop
  endfacet
  facet normal 0 0.382682 -0.92388
    outer loop
      vertex 2 -0.41411 6.74548
      vertex 0 -0.799999 6.58564
      vertex 0 -0.41411 6.74548
    endloop
  endfacet
  facet normal 0 0.991444 0.130529
    outer loop
      vertex 2 -1.54548 4.78589
      vertex 0 -1.6 5.2
      vertex 2 -1.6 5.2
    endloop
  endfacet
  facet normal 0 0.991444 0.130529
    outer loop
      vertex 0 -1.6 5.2
      vertex 2 -1.54548 4.78589
      vertex 0 -1.54548 4.78589
    endloop
  endfacet
  facet normal 0 -0.130529 0.991444
    outer loop
      vertex 0 0.41411 3.65452
      vertex 2 0 3.6
      vertex 2 0.41411 3.65452
    endloop
  endfacet
  facet normal 0 -0.130529 0.991444
    outer loop
      vertex 2 0 3.6
      vertex 0 0.41411 3.65452
      vertex 0 0 3.6
    endloop
  endfacet
  facet normal 0 -0.608762 -0.793353
    outer loop
      vertex 0 0.799999 6.58564
      vertex 2 1.13137 6.33137
      vertex 2 0.799999 6.58564
    endloop
  endfacet
  facet normal -0 -0.608762 -0.793353
    outer loop
      vertex 2 1.13137 6.33137
      vertex 0 0.799999 6.58564
      vertex 0 1.13137 6.33137
    endloop
  endfacet
  facet normal -0 0.382682 0.92388
    outer loop
      vertex 0 -0.41411 3.65452
      vertex 2 -0.799999 3.81436
      vertex 2 -0.41411 3.65452
    endloop
  endfacet
  facet normal 0 0.382682 0.92388
    outer loop
      vertex 2 -0.799999 3.81436
      vertex 0 -0.41411 3.65452
      vertex 0 -0.799999 3.81436
    endloop
  endfacet
  facet normal 0 0.991444 -0.130529
    outer loop
      vertex 2 -1.6 5.2
      vertex 0 -1.54548 5.61411
      vertex 2 -1.54548 5.61411
    endloop
  endfacet
  facet normal 0 0.991444 -0.130529
    outer loop
      vertex 0 -1.54548 5.61411
      vertex 2 -1.6 5.2
      vertex 0 -1.6 5.2
    endloop
  endfacet
  facet normal 0 -0.382682 0.92388
    outer loop
      vertex 0 0.799999 3.81436
      vertex 2 0.41411 3.65452
      vertex 2 0.799999 3.81436
    endloop
  endfacet
  facet normal 0 -0.382682 0.92388
    outer loop
      vertex 2 0.41411 3.65452
      vertex 0 0.799999 3.81436
      vertex 0 0.41411 3.65452
    endloop
  endfacet
  facet normal 0 -0.991444 0.130529
    outer loop
      vertex 0 1.54548 4.78589
      vertex 2 1.6 5.2
      vertex 0 1.6 5.2
    endloop
  endfacet
  facet normal 0 -0.991444 0.130529
    outer loop
      vertex 2 1.6 5.2
      vertex 0 1.54548 4.78589
      vertex 2 1.54548 4.78589
    endloop
  endfacet
  facet normal 0 -0.793352 -0.608763
    outer loop
      vertex 0 1.38564 6
      vertex 2 1.13137 6.33137
      vertex 0 1.13137 6.33137
    endloop
  endfacet
  facet normal 0 -0.793352 -0.608763
    outer loop
      vertex 2 1.13137 6.33137
      vertex 0 1.38564 6
      vertex 2 1.38564 6
    endloop
  endfacet
  facet normal -0 0.608762 0.793353
    outer loop
      vertex 0 -0.799999 3.81436
      vertex 2 -1.13137 4.06863
      vertex 2 -0.799999 3.81436
    endloop
  endfacet
  facet normal 0 0.608762 0.793353
    outer loop
      vertex 2 -1.13137 4.06863
      vertex 0 -0.799999 3.81436
      vertex 0 -1.13137 4.06863
    endloop
  endfacet
  facet normal -0 0.130529 0.991444
    outer loop
      vertex 0 0 3.6
      vertex 2 -0.41411 3.65452
      vertex 2 0 3.6
    endloop
  endfacet
  facet normal 0 0.130529 0.991444
    outer loop
      vertex 2 -0.41411 3.65452
      vertex 0 0 3.6
      vertex 0 -0.41411 3.65452
    endloop
  endfacet
  facet normal 0 -0.92388 -0.382682
    outer loop
      vertex 0 1.54548 5.61411
      vertex 2 1.38564 6
      vertex 0 1.38564 6
    endloop
  endfacet
  facet normal 0 -0.92388 -0.382682
    outer loop
      vertex 2 1.38564 6
      vertex 0 1.54548 5.61411
      vertex 2 1.54548 5.61411
    endloop
  endfacet
  facet normal 0 -0.793352 0.608763
    outer loop
      vertex 0 1.13137 4.06863
      vertex 2 1.38564 4.4
      vertex 0 1.38564 4.4
    endloop
  endfacet
  facet normal 0 -0.793352 0.608763
    outer loop
      vertex 2 1.38564 4.4
      vertex 0 1.13137 4.06863
      vertex 2 1.13137 4.06863
    endloop
  endfacet
  facet normal 0 -0.991444 -0.130529
    outer loop
      vertex 0 1.6 5.2
      vertex 2 1.54548 5.61411
      vertex 0 1.54548 5.61411
    endloop
  endfacet
  facet normal 0 -0.991444 -0.130529
    outer loop
      vertex 2 1.54548 5.61411
      vertex 0 1.6 5.2
      vertex 2 1.6 5.2
    endloop
  endfacet
  facet normal 0 -0.130529 -0.991444
    outer loop
      vertex 0 0 6.8
      vertex 2 0.41411 6.74548
      vertex 2 0 6.8
    endloop
  endfacet
  facet normal -0 -0.130529 -0.991444
    outer loop
      vertex 2 0.41411 6.74548
      vertex 0 0 6.8
      vertex 0 0.41411 6.74548
    endloop
  endfacet
  facet normal 0 0.92388 -0.382682
    outer loop
      vertex 2 -1.54548 5.61411
      vertex 0 -1.38564 6
      vertex 2 -1.38564 6
    endloop
  endfacet
  facet normal 0 0.92388 -0.382682
    outer loop
      vertex 0 -1.38564 6
      vertex 2 -1.54548 5.61411
      vertex 0 -1.54548 5.61411
    endloop
  endfacet
  facet normal 0 0.793352 -0.608763
    outer loop
      vertex 2 -1.38564 6
      vertex 0 -1.13137 6.33137
      vertex 2 -1.13137 6.33137
    endloop
  endfacet
  facet normal 0 0.793352 -0.608763
    outer loop
      vertex 0 -1.13137 6.33137
      vertex 2 -1.38564 6
      vertex 0 -1.38564 6
    endloop
  endfacet
  facet normal 0 0.793352 0.608763
    outer loop
      vertex 2 -1.13137 4.06863
      vertex 0 -1.38564 4.4
      vertex 2 -1.38564 4.4
    endloop
  endfacet
  facet normal 0 0.793352 0.608763
    outer loop
      vertex 0 -1.38564 4.4
      vertex 2 -1.13137 4.06863
      vertex 0 -1.13137 4.06863
    endloop
  endfacet
  facet normal 0 0.130529 -0.991444
    outer loop
      vertex 0 -0.41411 6.74548
      vertex 2 0 6.8
      vertex 2 -0.41411 6.74548
    endloop
  endfacet
  facet normal 0 0.130529 -0.991444
    outer loop
      vertex 2 0 6.8
      vertex 0 -0.41411 6.74548
      vertex 0 0 6.8
    endloop
  endfacet
  facet normal 0 0.92388 0.382682
    outer loop
      vertex 2 -1.38564 4.4
      vertex 0 -1.54548 4.78589
      vertex 2 -1.54548 4.78589
    endloop
  endfacet
  facet normal 0 0.92388 0.382682
    outer loop
      vertex 0 -1.54548 4.78589
      vertex 2 -1.38564 4.4
      vertex 0 -1.38564 4.4
    endloop
  endfacet
  facet normal 0 -0.92388 0.382682
    outer loop
      vertex 0 1.38564 4.4
      vertex 2 1.54548 4.78589
      vertex 0 1.54548 4.78589
    endloop
  endfacet
  facet normal 0 -0.92388 0.382682
    outer loop
      vertex 2 1.54548 4.78589
      vertex 0 1.38564 4.4
      vertex 2 1.38564 4.4
    endloop
  endfacet
  facet normal 0 0.608762 -0.793353
    outer loop
      vertex 0 -1.13137 6.33137
      vertex 2 -0.799999 6.58564
      vertex 2 -1.13137 6.33137
    endloop
  endfacet
  facet normal 0 0.608762 -0.793353
    outer loop
      vertex 2 -0.799999 6.58564
      vertex 0 -1.13137 6.33137
      vertex 0 -0.799999 6.58564
    endloop
  endfacet
  facet normal 0 -0.382682 -0.92388
    outer loop
      vertex 0 0.41411 6.74548
      vertex 2 0.799999 6.58564
      vertex 2 0.41411 6.74548
    endloop
  endfacet
  facet normal -0 -0.382682 -0.92388
    outer loop
      vertex 2 0.799999 6.58564
      vertex 0 0.41411 6.74548
      vertex 0 0.799999 6.58564
    endloop
  endfacet
  facet normal -0 0 1
    outer loop
      vertex 0 7.4 4.1
      vertex 2 5 4.1
      vertex 2 7.4 4.1
    endloop
  endfacet
  facet normal 0 0 1
    outer loop
      vertex 2 5 4.1
      vertex 0 7.4 4.1
      vertex 0 5 4.1
    endloop
  endfacet
  facet normal 0 1 -0
    outer loop
      vertex 2 5 4.1
      vertex 0 5 9.4
      vertex 2 5 9.4
    endloop
  endfacet
  facet normal 0 1 0
    outer loop
      vertex 0 5 9.4
      vertex 2 5 4.1
      vertex 0 5 4.1
    endloop
  endfacet
  facet normal -1 0 0
    outer loop
      vertex 42 5 4.1
      vertex 42 3.8 5.2
      vertex 42 5 9.4
    endloop
  endfacet
  facet normal -1 0 0
    outer loop
      vertex 42 5 4.1
      vertex 42 3.7817 4.82753
      vertex 42 3.8 5.2
    endloop
  endfacet
  facet normal -1 0 0
    outer loop
      vertex 42 5 4.1
      vertex 42 3.72698 4.45866
      vertex 42 3.7817 4.82753
    endloop
  endfacet
  facet normal -1 0 -0
    outer loop
      vertex 42 3.72698 4.45866
      vertex 42 5 4.1
      vertex 42 3.63714 4.1
    endloop
  endfacet
  facet normal -1 -0 0
    outer loop
      vertex 42 5 9.4
      vertex 42 3.8 5.2
      vertex 42 3.8 9.4
    endloop
  endfacet
  facet normal 0 0 1
    outer loop
      vertex 54.5 7.4 4.1
      vertex 42 5 4.1
      vertex 54.5 5 4.1
    endloop
  endfacet
  facet normal 0 0 1
    outer loop
      vertex 42 5 4.1
      vertex 35.45 3.63714 4.1
      vertex 42 3.63714 4.1
    endloop
  endfacet
  facet normal -0 0 1
    outer loop
      vertex 33.5 7.4 4.1
      vertex 42 5 4.1
      vertex 54.5 7.4 4.1
    endloop
  endfacet
  facet normal 0 0 1
    outer loop
      vertex 33.5 7.4 4.1
      vertex 35.45 3.63714 4.1
      vertex 42 5 4.1
    endloop
  endfacet
  facet normal 0 0 1
    outer loop
      vertex 33.5 2.57339 4.1
      vertex 35.45 3.63714 4.1
      vertex 33.5 7.4 4.1
    endloop
  endfacet
  facet normal 0 0 1
    outer loop
      vertex 35.45 3.63714 4.1
      vertex 33.5 2.57339 4.1
      vertex 35.45 2.57339 4.1
    endloop
  endfacet
  facet normal 1 0 0
    outer loop
      vertex 33.5 2.8 5.2
      vertex 33.5 7.4 9.4
      vertex 33.5 2.8 9.4
    endloop
  endfacet
  facet normal 1 0 0
    outer loop
      vertex 33.5 7.4 9.4
      vertex 33.5 2.8 5.2
      vertex 33.5 7.4 4.1
    endloop
  endfacet
  facet normal 1 -0 0
    outer loop
      vertex 33.5 2.78652 4.92555
      vertex 33.5 7.4 4.1
      vertex 33.5 2.8 5.2
    endloop
  endfacet
  facet normal 1 -0 0
    outer loop
      vertex 33.5 2.7462 4.65375
      vertex 33.5 7.4 4.1
      vertex 33.5 2.78652 4.92555
    endloop
  endfacet
  facet normal 1 -0 0
    outer loop
      vertex 33.5 2.67943 4.3872
      vertex 33.5 7.4 4.1
      vertex 33.5 2.7462 4.65375
    endloop
  endfacet
  facet normal 1 -0 0
    outer loop
      vertex 33.5 2.58686 4.12849
      vertex 33.5 7.4 4.1
      vertex 33.5 2.67943 4.3872
    endloop
  endfacet
  facet normal 1 0 0
    outer loop
      vertex 33.5 7.4 4.1
      vertex 33.5 2.58686 4.12849
      vertex 33.5 2.57339 4.1
    endloop
  endfacet
  facet normal 0 1 0
    outer loop
      vertex 54.5 5 12.24
      vertex 52.5 5 9.4
      vertex 52.5 5 12.24
    endloop
  endfacet
  facet normal 0 1 -0
    outer loop
      vertex 54.5 5 4.1
      vertex 52.5 5 9.4
      vertex 54.5 5 12.24
    endloop
  endfacet
  facet normal 0 1 0
    outer loop
      vertex 42 5 4.1
      vertex 52.5 5 9.4
      vertex 54.5 5 4.1
    endloop
  endfacet
  facet normal 0 1 0
    outer loop
      vertex 52.5 5 9.4
      vertex 42 5 4.1
      vertex 42 5 9.4
    endloop
  endfacet
  facet normal 0 0 1
    outer loop
      vertex 2 5 9.4
      vertex 0 5 9.4
      vertex 2 -4.1 9.4
    endloop
  endfacet
  facet normal 0 0 1
    outer loop
      vertex 52.5 8.2 9.4
      vertex 33.5 7.4 9.4
      vertex 52.5 7.4 9.4
    endloop
  endfacet
  facet normal 0 0 1
    outer loop
      vertex 33.5 7.4 9.4
      vertex 12.95 2.8 9.4
      vertex 33.5 2.8 9.4
    endloop
  endfacet
  facet normal 0 0 1
    outer loop
      vertex 9 -4.1 9.4
      vertex 12.95 2.8 9.4
      vertex 9 7.4 9.4
    endloop
  endfacet
  facet normal 0 0 1
    outer loop
      vertex 33.5 7.4 9.4
      vertex 9 7.4 9.4
      vertex 12.95 2.8 9.4
    endloop
  endfacet
  facet normal -0 0 1
    outer loop
      vertex 0 8.2 9.4
      vertex 33.5 7.4 9.4
      vertex 52.5 8.2 9.4
    endloop
  endfacet
  facet normal 0 0 1
    outer loop
      vertex 33.5 7.4 9.4
      vertex 0 8.2 9.4
      vertex 9 7.4 9.4
    endloop
  endfacet
  facet normal 0 0 1
    outer loop
      vertex 9 7.4 9.4
      vertex 0 8.2 9.4
      vertex 0 7.4 9.4
    endloop
  endfacet
  facet normal 0 0 1
    outer loop
      vertex 35.45 -2.8 9.4
      vertex 12.95 -2.8 9.4
      vertex 35.45 -3.8 9.4
    endloop
  endfacet
  facet normal -0 0 1
    outer loop
      vertex 35.45 -3.8 9.4
      vertex 52.5 -8.2 9.4
      vertex 52.5 -3.8 9.4
    endloop
  endfacet
  facet normal 0 0 1
    outer loop
      vertex 9 -4.1 9.4
      vertex 35.45 -3.8 9.4
      vertex 12.95 -2.8 9.4
    endloop
  endfacet
  facet normal 0 0 1
    outer loop
      vertex 12.95 2.8 9.4
      vertex 9 -4.1 9.4
      vertex 12.95 -2.8 9.4
    endloop
  endfacet
  facet normal 0 0 1
    outer loop
      vertex 0 -8.2 9.4
      vertex 35.45 -3.8 9.4
      vertex 9 -4.1 9.4
    endloop
  endfacet
  facet normal 0 0 1
    outer loop
      vertex 0 -8.2 9.4
      vertex 9 -4.1 9.4
      vertex 2 -4.1 9.4
    endloop
  endfacet
  facet normal 0 0 1
    outer loop
      vertex 35.45 -3.8 9.4
      vertex 0 -8.2 9.4
      vertex 52.5 -8.2 9.4
    endloop
  endfacet
  facet normal 0 0 1
    outer loop
      vertex 0 -8.2 9.4
      vertex 2 -4.1 9.4
      vertex 0 5 9.4
    endloop
  endfacet
  facet normal -0 0 1
    outer loop
      vertex 42 5 9.4
      vertex 52.5 3.8 9.4
      vertex 52.5 5 9.4
    endloop
  endfacet
  facet normal 0 0 1
    outer loop
      vertex 52.5 3.8 9.4
      vertex 42 5 9.4
      vertex 42 3.8 9.4
    endloop
  endfacet
  facet normal 0 1 -0
    outer loop
      vertex 52.5 -7.4 11.24
      vertex 0 -7.4 12.24
      vertex 52.5 -7.4 12.24
    endloop
  endfacet
  facet normal 0 1 0
    outer loop
      vertex 0 -7.4 12.24
      vertex 52.5 -7.4 11.24
      vertex 0 -7.4 11.24
    endloop
  endfacet
  facet normal 0 0 -1
    outer loop
      vertex 0 7.4 11.24
      vertex 52.5 8.2 11.24
      vertex 52.5 7.4 11.24
    endloop
  endfacet
  facet normal -0 0 -1
    outer loop
      vertex 52.5 8.2 11.24
      vertex 0 7.4 11.24
      vertex 0 8.2 11.24
    endloop
  endfacet
  facet normal 0 0 -1
    outer loop
      vertex 0 -8.2 11.24
      vertex 52.5 -7.4 11.24
      vertex 52.5 -8.2 11.24
    endloop
  endfacet
  facet normal -0 0 -1
    outer loop
      vertex 52.5 -7.4 11.24
      vertex 0 -8.2 11.24
      vertex 0 -7.4 11.24
    endloop
  endfacet
  facet normal 0 -1 0
    outer loop
      vertex 0 8.2 9.4
      vertex 52.5 8.2 11.24
      vertex 0 8.2 11.24
    endloop
  endfacet
  facet normal 0 -1 -0
    outer loop
      vertex 52.5 8.2 11.24
      vertex 0 8.2 9.4
      vertex 52.5 8.2 9.4
    endloop
  endfacet
  facet normal 0 1 -0
    outer loop
      vertex 52.5 -8.2 9.4
      vertex 0 -8.2 11.24
      vertex 52.5 -8.2 11.24
    endloop
  endfacet
  facet normal 0 1 0
    outer loop
      vertex 0 -8.2 11.24
      vertex 52.5 -8.2 9.4
      vertex 0 -8.2 9.4
    endloop
  endfacet
  facet normal 1 -0 0
    outer loop
      vertex 52.2 23.92 1.6
      vertex 52.2 40.08 5.72205e-07
      vertex 52.2 40.08 1.6
    endloop
  endfacet
  facet normal 1 0 0
    outer loop
      vertex 52.2 40.08 5.72205e-07
      vertex 52.2 23.92 1.6
      vertex 52.2 23.92 5.72205e-07
    endloop
  endfacet
  facet normal 0 0 -1
    outer loop
      vertex 34.4444 30.33 5.72205e-07
      vertex 32.9017 30.33 5.72205e-07
      vertex 34.4444 34.3344 5.72205e-07
    endloop
  endfacet
  facet normal 0 0 -1
    outer loop
      vertex 36.9908 30.33 5.72205e-07
      vertex 52.2 23.92 5.72205e-07
      vertex 36.9908 29.557 5.72205e-07
    endloop
  endfacet
  facet normal 0 0 -1
    outer loop
      vertex 52.2 23.92 5.72205e-07
      vertex 32.9017 29.557 5.72205e-07
      vertex 36.9908 29.557 5.72205e-07
    endloop
  endfacet
  facet normal 0 0 -1
    outer loop
      vertex 29.3893 29.557 5.72205e-07
      vertex 32.9017 30.33 5.72205e-07
      vertex 32.9017 29.557 5.72205e-07
    endloop
  endfacet
  facet normal -0 0 -1
    outer loop
      vertex 32.9017 30.33 5.72205e-07
      vertex 29.3893 29.557 5.72205e-07
      vertex 31.1253 34.3344 5.72205e-07
    endloop
  endfacet
  facet normal 0 0 -1
    outer loop
      vertex 52.2 23.92 5.72205e-07
      vertex 29.3893 29.557 5.72205e-07
      vertex 32.9017 29.557 5.72205e-07
    endloop
  endfacet
  facet normal 0 0 -1
    outer loop
      vertex 52.2 23.92 5.72205e-07
      vertex 28.2094 29.557 5.72205e-07
      vertex 29.3893 29.557 5.72205e-07
    endloop
  endfacet
  facet normal 0 0 -1
    outer loop
      vertex 24.4591 32.338 5.72205e-07
      vertex 26.4666 34.3344 5.72205e-07
      vertex 28.2094 29.557 5.72205e-07
    endloop
  endfacet
  facet normal 0 0 -1
    outer loop
      vertex 26.4666 34.3344 5.72205e-07
      vertex 24.4959 32.6197 5.72205e-07
      vertex 24.5006 32.7713 5.72205e-07
    endloop
  endfacet
  facet normal 0 0 -1
    outer loop
      vertex 26.4666 34.3344 5.72205e-07
      vertex 24.4821 32.4753 5.72205e-07
      vertex 24.4959 32.6197 5.72205e-07
    endloop
  endfacet
  facet normal 0 0 -1
    outer loop
      vertex 26.4666 34.3344 5.72205e-07
      vertex 24.4591 32.338 5.72205e-07
      vertex 24.4821 32.4753 5.72205e-07
    endloop
  endfacet
  facet normal 0 0 -1
    outer loop
      vertex 28.2094 29.557 5.72205e-07
      vertex 24.4269 32.208 5.72205e-07
      vertex 24.4591 32.338 5.72205e-07
    endloop
  endfacet
  facet normal 0 0 -1
    outer loop
      vertex 28.2094 29.557 5.72205e-07
      vertex 24.3854 32.0852 5.72205e-07
      vertex 24.4269 32.208 5.72205e-07
    endloop
  endfacet
  facet normal 0 0 -1
    outer loop
      vertex 28.2094 29.557 5.72205e-07
      vertex 24.3717 30.5843 5.72205e-07
      vertex 24.3854 32.0852 5.72205e-07
    endloop
  endfacet
  facet normal 0 0 -1
    outer loop
      vertex 28.2094 29.557 5.72205e-07
      vertex 24.3368 30.4629 5.72205e-07
      vertex 24.3717 30.5843 5.72205e-07
    endloop
  endfacet
  facet normal 0 0 -1
    outer loop
      vertex 23.0489 29.4891 5.72205e-07
      vertex 28.2094 29.557 5.72205e-07
      vertex 52.2 23.92 5.72205e-07
    endloop
  endfacet
  facet normal 0 0 -1
    outer loop
      vertex 28.2094 29.557 5.72205e-07
      vertex 24.2968 30.3487 5.72205e-07
      vertex 24.3368 30.4629 5.72205e-07
    endloop
  endfacet
  facet normal 0 0 -1
    outer loop
      vertex 28.2094 29.557 5.72205e-07
      vertex 24.2517 30.2419 5.72205e-07
      vertex 24.2968 30.3487 5.72205e-07
    endloop
  endfacet
  facet normal 0 0 -1
    outer loop
      vertex 28.2094 29.557 5.72205e-07
      vertex 24.2016 30.1423 5.72205e-07
      vertex 24.2517 30.2419 5.72205e-07
    endloop
  endfacet
  facet normal 0 0 -1
    outer loop
      vertex 28.2094 29.557 5.72205e-07
      vertex 24.1464 30.05 5.72205e-07
      vertex 24.2016 30.1423 5.72205e-07
    endloop
  endfacet
  facet normal 0 0 -1
    outer loop
      vertex 28.2094 29.557 5.72205e-07
      vertex 24.0862 29.965 5.72205e-07
      vertex 24.1464 30.05 5.72205e-07
    endloop
  endfacet
  facet normal 0 0 -1
    outer loop
      vertex 28.2094 29.557 5.72205e-07
      vertex 24.0209 29.8872 5.72205e-07
      vertex 24.0862 29.965 5.72205e-07
    endloop
  endfacet
  facet normal 0 0 -1
    outer loop
      vertex 28.2094 29.557 5.72205e-07
      vertex 23.9505 29.8168 5.72205e-07
      vertex 24.0209 29.8872 5.72205e-07
    endloop
  endfacet
  facet normal 0 0 -1
    outer loop
      vertex 28.2094 29.557 5.72205e-07
      vertex 23.875 29.7536 5.72205e-07
      vertex 23.9505 29.8168 5.72205e-07
    endloop
  endfacet
  facet normal 0 0 -1
    outer loop
      vertex 28.2094 29.557 5.72205e-07
      vertex 23.7939 29.6974 5.72205e-07
      vertex 23.875 29.7536 5.72205e-07
    endloop
  endfacet
  facet normal 0 0 -1
    outer loop
      vertex 28.2094 29.557 5.72205e-07
      vertex 23.7064 29.6478 5.72205e-07
      vertex 23.7939 29.6974 5.72205e-07
    endloop
  endfacet
  facet normal 0 0 -1
    outer loop
      vertex 28.2094 29.557 5.72205e-07
      vertex 23.6126 29.6048 5.72205e-07
      vertex 23.7064 29.6478 5.72205e-07
    endloop
  endfacet
  facet normal 0 0 -1
    outer loop
      vertex 28.2094 29.557 5.72205e-07
      vertex 23.5125 29.5685 5.72205e-07
      vertex 23.6126 29.6048 5.72205e-07
    endloop
  endfacet
  facet normal -0 0 -1
    outer loop
      vertex 28.2094 29.557 5.72205e-07
      vertex 23.4061 29.5387 5.72205e-07
      vertex 23.5125 29.5685 5.72205e-07
    endloop
  endfacet
  facet normal 0 0 -1
    outer loop
      vertex 28.2094 29.557 5.72205e-07
      vertex 23.2933 29.5155 5.72205e-07
      vertex 23.4061 29.5387 5.72205e-07
    endloop
  endfacet
  facet normal 0 0 -1
    outer loop
      vertex 28.2094 29.557 5.72205e-07
      vertex 23.1742 29.499 5.72205e-07
      vertex 23.2933 29.5155 5.72205e-07
    endloop
  endfacet
  facet normal 0 0 -1
    outer loop
      vertex 28.2094 29.557 5.72205e-07
      vertex 23.0489 29.4891 5.72205e-07
      vertex 23.1742 29.499 5.72205e-07
    endloop
  endfacet
  facet normal 0 0 -1
    outer loop
      vertex 0 23.92 5.72205e-07
      vertex 23.0489 29.4891 5.72205e-07
      vertex 52.2 23.92 5.72205e-07
    endloop
  endfacet
  facet normal 0 0 -1
    outer loop
      vertex 23.0489 29.4891 5.72205e-07
      vertex 0 23.92 5.72205e-07
      vertex 22.9172 29.4858 5.72205e-07
    endloop
  endfacet
  facet normal -0 0 -1
    outer loop
      vertex 22.9172 29.4858 5.72205e-07
      vertex 0 23.92 5.72205e-07
      vertex 22.7322 29.4938 5.72205e-07
    endloop
  endfacet
  facet normal 0 0 -1
    outer loop
      vertex 19.4767 33.3002 5.72205e-07
      vertex 21.1439 32.0559 5.72205e-07
      vertex 21.1495 31.7796 5.72205e-07
    endloop
  endfacet
  facet normal 0 0 -1
    outer loop
      vertex 19.4767 33.3002 5.72205e-07
      vertex 21.1495 31.7796 5.72205e-07
      vertex 21.1665 31.519 5.72205e-07
    endloop
  endfacet
  facet normal 0 0 -1
    outer loop
      vertex 17.8072 29.557 5.72205e-07
      vertex 21.1665 31.519 5.72205e-07
      vertex 21.1949 31.274 5.72205e-07
    endloop
  endfacet
  facet normal 0 0 -1
    outer loop
      vertex 17.8072 29.557 5.72205e-07
      vertex 21.1949 31.274 5.72205e-07
      vertex 21.2346 31.0446 5.72205e-07
    endloop
  endfacet
  facet normal 0 0 -1
    outer loop
      vertex 17.8072 29.557 5.72205e-07
      vertex 21.2346 31.0446 5.72205e-07
      vertex 21.2857 30.8308 5.72205e-07
    endloop
  endfacet
  facet normal 0 0 -1
    outer loop
      vertex 17.8072 29.557 5.72205e-07
      vertex 21.2857 30.8308 5.72205e-07
      vertex 21.348 30.6326 5.72205e-07
    endloop
  endfacet
  facet normal 0 0 -1
    outer loop
      vertex 21.1439 32.0559 5.72205e-07
      vertex 19.4767 33.3002 5.72205e-07
      vertex 20.4566 33.3002 5.72205e-07
    endloop
  endfacet
  facet normal 0 0 -1
    outer loop
      vertex 17.8072 29.557 5.72205e-07
      vertex 21.348 30.6326 5.72205e-07
      vertex 21.4218 30.45 5.72205e-07
    endloop
  endfacet
  facet normal 0 0 -1
    outer loop
      vertex 17.8072 29.557 5.72205e-07
      vertex 21.4218 30.45 5.72205e-07
      vertex 21.5068 30.2831 5.72205e-07
    endloop
  endfacet
  facet normal 0 0 -1
    outer loop
      vertex 17.8072 29.557 5.72205e-07
      vertex 21.5068 30.2831 5.72205e-07
      vertex 21.6033 30.1317 5.72205e-07
    endloop
  endfacet
  facet normal 0 0 -1
    outer loop
      vertex 19.4767 33.3002 5.72205e-07
      vertex 18.9024 33.6257 5.72205e-07
      vertex 19.4767 34.3344 5.72205e-07
    endloop
  endfacet
  facet normal -0 0 -1
    outer loop
      vertex 21.1665 31.519 5.72205e-07
      vertex 17.8072 29.557 5.72205e-07
      vertex 19.4767 33.3002 5.72205e-07
    endloop
  endfacet
  facet normal 0 0 -1
    outer loop
      vertex 17.8072 33.6257 5.72205e-07
      vertex 19.4767 33.3002 5.72205e-07
      vertex 17.8072 29.557 5.72205e-07
    endloop
  endfacet
  facet normal -0 0 -1
    outer loop
      vertex 21.7102 29.9962 5.72205e-07
      vertex 17.8072 29.557 5.72205e-07
      vertex 21.6033 30.1317 5.72205e-07
    endloop
  endfacet
  facet normal -0 0 -1
    outer loop
      vertex 21.827 29.8765 5.72205e-07
      vertex 17.8072 29.557 5.72205e-07
      vertex 21.7102 29.9962 5.72205e-07
    endloop
  endfacet
  facet normal -0 0 -1
    outer loop
      vertex 21.9535 29.7729 5.72205e-07
      vertex 17.8072 29.557 5.72205e-07
      vertex 21.827 29.8765 5.72205e-07
    endloop
  endfacet
  facet normal -0 0 -1
    outer loop
      vertex 22.0897 29.6852 5.72205e-07
      vertex 17.8072 29.557 5.72205e-07
      vertex 21.9535 29.7729 5.72205e-07
    endloop
  endfacet
  facet normal -0 0 -1
    outer loop
      vertex 22.2357 29.6134 5.72205e-07
      vertex 17.8072 29.557 5.72205e-07
      vertex 22.0897 29.6852 5.72205e-07
    endloop
  endfacet
  facet normal -0 0 -1
    outer loop
      vertex 22.3914 29.5576 5.72205e-07
      vertex 17.8072 29.557 5.72205e-07
      vertex 22.2357 29.6134 5.72205e-07
    endloop
  endfacet
  facet normal 0 0 -1
    outer loop
      vertex 22.5569 29.5177 5.72205e-07
      vertex 17.8072 29.557 5.72205e-07
      vertex 22.3914 29.5576 5.72205e-07
    endloop
  endfacet
  facet normal 0 -0 -1
    outer loop
      vertex 17.8072 29.557 5.72205e-07
      vertex 22.7322 29.4938 5.72205e-07
      vertex 0 23.92 5.72205e-07
    endloop
  endfacet
  facet normal 0 0 -1
    outer loop
      vertex 22.7322 29.4938 5.72205e-07
      vertex 17.8072 29.557 5.72205e-07
      vertex 22.5569 29.5177 5.72205e-07
    endloop
  endfacet
  facet normal 0 0 -1
    outer loop
      vertex 0 27.4 5.72205e-07
      vertex 15.7084 31.0828 5.72205e-07
      vertex 15.7084 30.3334 5.72205e-07
    endloop
  endfacet
  facet normal -0 0 -1
    outer loop
      vertex 15.7084 31.0828 5.72205e-07
      vertex 0 27.4 5.72205e-07
      vertex 15.6712 33.6257 5.72205e-07
    endloop
  endfacet
  facet normal 0 0 -1
    outer loop
      vertex 0 27.4 5.72205e-07
      vertex 15.7084 30.3334 5.72205e-07
      vertex 0 23.92 5.72205e-07
    endloop
  endfacet
  facet normal -0 0 -1
    outer loop
      vertex 16.9053 29.557 5.72205e-07
      vertex 0 23.92 5.72205e-07
      vertex 15.7084 30.3334 5.72205e-07
    endloop
  endfacet
  facet normal -0 0 -1
    outer loop
      vertex 17.8072 29.557 5.72205e-07
      vertex 0 23.92 5.72205e-07
      vertex 16.9053 29.557 5.72205e-07
    endloop
  endfacet
  facet normal 0 0 -1
    outer loop
      vertex 52.2 23.92 5.72205e-07
      vertex 36.9908 30.33 5.72205e-07
      vertex 52.2 40.08 5.72205e-07
    endloop
  endfacet
  facet normal 0 0 -1
    outer loop
      vertex 35.4447 34.3344 5.72205e-07
      vertex 36.9908 30.33 5.72205e-07
      vertex 35.4447 30.33 5.72205e-07
    endloop
  endfacet
  facet normal 0 0 -1
    outer loop
      vertex 36.9908 30.33 5.72205e-07
      vertex 35.4447 34.3344 5.72205e-07
      vertex 52.2 40.08 5.72205e-07
    endloop
  endfacet
  facet normal 0 0 -1
    outer loop
      vertex 34.4444 34.3344 5.72205e-07
      vertex 52.2 40.08 5.72205e-07
      vertex 35.4447 34.3344 5.72205e-07
    endloop
  endfacet
  facet normal 0 0 -1
    outer loop
      vertex 31.1253 34.3344 5.72205e-07
      vertex 34.4444 34.3344 5.72205e-07
      vertex 32.9017 30.33 5.72205e-07
    endloop
  endfacet
  facet normal 0 0 -1
    outer loop
      vertex 31.1253 34.3344 5.72205e-07
      vertex 52.2 40.08 5.72205e-07
      vertex 34.4444 34.3344 5.72205e-07
    endloop
  endfacet
  facet normal 0 0 -1
    outer loop
      vertex 30.1353 34.3344 5.72205e-07
      vertex 52.2 40.08 5.72205e-07
      vertex 31.1253 34.3344 5.72205e-07
    endloop
  endfacet
  facet normal 0 0 -1
    outer loop
      vertex 27.8907 33.1137 5.72205e-07
      vertex 30.1353 34.3344 5.72205e-07
      vertex 29.7114 33.1137 5.72205e-07
    endloop
  endfacet
  facet normal 0 0 -1
    outer loop
      vertex 27.4668 34.3344 5.72205e-07
      vertex 30.1353 34.3344 5.72205e-07
      vertex 27.8907 33.1137 5.72205e-07
    endloop
  endfacet
  facet normal 0 0 -1
    outer loop
      vertex 27.4668 34.3344 5.72205e-07
      vertex 52.2 40.08 5.72205e-07
      vertex 30.1353 34.3344 5.72205e-07
    endloop
  endfacet
  facet normal 0 0 -1
    outer loop
      vertex 26.4666 34.3344 5.72205e-07
      vertex 52.2 40.08 5.72205e-07
      vertex 27.4668 34.3344 5.72205e-07
    endloop
  endfacet
  facet normal 0 0 -1
    outer loop
      vertex 24.4953 32.9367 5.72205e-07
      vertex 26.4666 34.3344 5.72205e-07
      vertex 24.5006 32.7713 5.72205e-07
    endloop
  endfacet
  facet normal 0 0 -1
    outer loop
      vertex 24.4795 33.0941 5.72205e-07
      vertex 26.4666 34.3344 5.72205e-07
      vertex 24.4953 32.9367 5.72205e-07
    endloop
  endfacet
  facet normal 0 0 -1
    outer loop
      vertex 24.4531 33.2433 5.72205e-07
      vertex 26.4666 34.3344 5.72205e-07
      vertex 24.4795 33.0941 5.72205e-07
    endloop
  endfacet
  facet normal 0 0 -1
    outer loop
      vertex 24.4162 33.3844 5.72205e-07
      vertex 26.4666 34.3344 5.72205e-07
      vertex 24.4531 33.2433 5.72205e-07
    endloop
  endfacet
  facet normal 0 0 -1
    outer loop
      vertex 24.3687 33.5174 5.72205e-07
      vertex 26.4666 34.3344 5.72205e-07
      vertex 24.4162 33.3844 5.72205e-07
    endloop
  endfacet
  facet normal 0 0 -1
    outer loop
      vertex 24.3107 33.6423 5.72205e-07
      vertex 26.4666 34.3344 5.72205e-07
      vertex 24.3687 33.5174 5.72205e-07
    endloop
  endfacet
  facet normal 0 0 -1
    outer loop
      vertex 24.2421 33.759 5.72205e-07
      vertex 26.4666 34.3344 5.72205e-07
      vertex 24.3107 33.6423 5.72205e-07
    endloop
  endfacet
  facet normal 0 0 -1
    outer loop
      vertex 24.163 33.8677 5.72205e-07
      vertex 26.4666 34.3344 5.72205e-07
      vertex 24.2421 33.759 5.72205e-07
    endloop
  endfacet
  facet normal 0 0 -1
    outer loop
      vertex 24.0734 33.9682 5.72205e-07
      vertex 26.4666 34.3344 5.72205e-07
      vertex 24.163 33.8677 5.72205e-07
    endloop
  endfacet
  facet normal 0 0 -1
    outer loop
      vertex 23.9744 34.0592 5.72205e-07
      vertex 26.4666 34.3344 5.72205e-07
      vertex 24.0734 33.9682 5.72205e-07
    endloop
  endfacet
  facet normal 0 0 -1
    outer loop
      vertex 23.8674 34.1396 5.72205e-07
      vertex 26.4666 34.3344 5.72205e-07
      vertex 23.9744 34.0592 5.72205e-07
    endloop
  endfacet
  facet normal 0 0 -1
    outer loop
      vertex 23.7524 34.2093 5.72205e-07
      vertex 26.4666 34.3344 5.72205e-07
      vertex 23.8674 34.1396 5.72205e-07
    endloop
  endfacet
  facet normal 0 0 -1
    outer loop
      vertex 23.6293 34.2682 5.72205e-07
      vertex 26.4666 34.3344 5.72205e-07
      vertex 23.7524 34.2093 5.72205e-07
    endloop
  endfacet
  facet normal 0 0 -1
    outer loop
      vertex 23.4982 34.3164 5.72205e-07
      vertex 26.4666 34.3344 5.72205e-07
      vertex 23.6293 34.2682 5.72205e-07
    endloop
  endfacet
  facet normal 0 0 -1
    outer loop
      vertex 23.3591 34.3539 5.72205e-07
      vertex 26.4666 34.3344 5.72205e-07
      vertex 23.4982 34.3164 5.72205e-07
    endloop
  endfacet
  facet normal 0 0 -1
    outer loop
      vertex 23.2119 34.3807 5.72205e-07
      vertex 26.4666 34.3344 5.72205e-07
      vertex 23.3591 34.3539 5.72205e-07
    endloop
  endfacet
  facet normal 0 0 -1
    outer loop
      vertex 23.0567 34.3968 5.72205e-07
      vertex 26.4666 34.3344 5.72205e-07
      vertex 23.2119 34.3807 5.72205e-07
    endloop
  endfacet
  facet normal 0 0 -1
    outer loop
      vertex 26.4666 34.3344 5.72205e-07
      vertex 23.0567 34.3968 5.72205e-07
      vertex 52.2 40.08 5.72205e-07
    endloop
  endfacet
  facet normal 0 0 -1
    outer loop
      vertex 22.8934 34.4022 5.72205e-07
      vertex 52.2 40.08 5.72205e-07
      vertex 23.0567 34.3968 5.72205e-07
    endloop
  endfacet
  facet normal 0 0 -1
    outer loop
      vertex -1.4 40.08 5.72205e-07
      vertex 22.8934 34.4022 5.72205e-07
      vertex 22.7106 34.3949 5.72205e-07
    endloop
  endfacet
  facet normal 0 0 -1
    outer loop
      vertex 20.4566 34.3344 5.72205e-07
      vertex 22.7106 34.3949 5.72205e-07
      vertex 22.5375 34.373 5.72205e-07
    endloop
  endfacet
  facet normal 0 0 -1
    outer loop
      vertex 20.4566 33.3002 5.72205e-07
      vertex 21.1495 32.3073 5.72205e-07
      vertex 21.1439 32.0559 5.72205e-07
    endloop
  endfacet
  facet normal 0 0 -1
    outer loop
      vertex 20.4566 33.3002 5.72205e-07
      vertex 21.1662 32.5445 5.72205e-07
      vertex 21.1495 32.3073 5.72205e-07
    endloop
  endfacet
  facet normal 0 0 -1
    outer loop
      vertex 20.4566 33.3002 5.72205e-07
      vertex 21.1941 32.7677 5.72205e-07
      vertex 21.1662 32.5445 5.72205e-07
    endloop
  endfacet
  facet normal 0 0 -1
    outer loop
      vertex 20.4566 33.3002 5.72205e-07
      vertex 21.2333 32.9768 5.72205e-07
      vertex 21.1941 32.7677 5.72205e-07
    endloop
  endfacet
  facet normal 0 0 -1
    outer loop
      vertex 20.4566 33.3002 5.72205e-07
      vertex 21.2836 33.1718 5.72205e-07
      vertex 21.2333 32.9768 5.72205e-07
    endloop
  endfacet
  facet normal 0 0 -1
    outer loop
      vertex 20.4566 33.3002 5.72205e-07
      vertex 21.345 33.3526 5.72205e-07
      vertex 21.2836 33.1718 5.72205e-07
    endloop
  endfacet
  facet normal 0 0 -1
    outer loop
      vertex 20.4566 33.3002 5.72205e-07
      vertex 21.4177 33.5193 5.72205e-07
      vertex 21.345 33.3526 5.72205e-07
    endloop
  endfacet
  facet normal 0 0 -1
    outer loop
      vertex 20.4566 34.3344 5.72205e-07
      vertex 21.4177 33.5193 5.72205e-07
      vertex 20.4566 33.3002 5.72205e-07
    endloop
  endfacet
  facet normal 0 0 -1
    outer loop
      vertex 21.4177 33.5193 5.72205e-07
      vertex 20.4566 34.3344 5.72205e-07
      vertex 21.5015 33.672 5.72205e-07
    endloop
  endfacet
  facet normal 0 0 -1
    outer loop
      vertex 21.5015 33.672 5.72205e-07
      vertex 20.4566 34.3344 5.72205e-07
      vertex 21.5965 33.8105 5.72205e-07
    endloop
  endfacet
  facet normal 0 0 -1
    outer loop
      vertex 21.5965 33.8105 5.72205e-07
      vertex 20.4566 34.3344 5.72205e-07
      vertex 21.7019 33.9347 5.72205e-07
    endloop
  endfacet
  facet normal 0 0 -1
    outer loop
      vertex 21.7019 33.9347 5.72205e-07
      vertex 20.4566 34.3344 5.72205e-07
      vertex 21.817 34.0443 5.72205e-07
    endloop
  endfacet
  facet normal 0 0 -1
    outer loop
      vertex 21.817 34.0443 5.72205e-07
      vertex 20.4566 34.3344 5.72205e-07
      vertex 21.9418 34.1392 5.72205e-07
    endloop
  endfacet
  facet normal 0 0 -1
    outer loop
      vertex 21.9418 34.1392 5.72205e-07
      vertex 20.4566 34.3344 5.72205e-07
      vertex 22.0762 34.2196 5.72205e-07
    endloop
  endfacet
  facet normal 0 0 -1
    outer loop
      vertex 20.4566 34.3344 5.72205e-07
      vertex 22.2203 34.2853 5.72205e-07
      vertex 22.0762 34.2196 5.72205e-07
    endloop
  endfacet
  facet normal 0 0 -1
    outer loop
      vertex 20.4566 34.3344 5.72205e-07
      vertex 22.3741 34.3364 5.72205e-07
      vertex 22.2203 34.2853 5.72205e-07
    endloop
  endfacet
  facet normal 0 0 -1
    outer loop
      vertex 20.4566 34.3344 5.72205e-07
      vertex 22.5375 34.373 5.72205e-07
      vertex 22.3741 34.3364 5.72205e-07
    endloop
  endfacet
  facet normal -0 0 -1
    outer loop
      vertex 22.7106 34.3949 5.72205e-07
      vertex 20.4566 34.3344 5.72205e-07
      vertex -1.4 40.08 5.72205e-07
    endloop
  endfacet
  facet normal 0 0 -1
    outer loop
      vertex -1.4 40.08 5.72205e-07
      vertex 20.4566 34.3344 5.72205e-07
      vertex 19.4767 34.3344 5.72205e-07
    endloop
  endfacet
  facet normal 0 0 -1
    outer loop
      vertex 18.9024 34.3344 5.72205e-07
      vertex 19.4767 34.3344 5.72205e-07
      vertex 18.9024 33.6257 5.72205e-07
    endloop
  endfacet
  facet normal 0 0 -1
    outer loop
      vertex -1.4 40.08 5.72205e-07
      vertex 19.4767 34.3344 5.72205e-07
      vertex 18.9024 34.3344 5.72205e-07
    endloop
  endfacet
  facet normal 0 0 -1
    outer loop
      vertex -1.4 40.08 5.72205e-07
      vertex 18.9024 34.3344 5.72205e-07
      vertex 15.6712 34.3344 5.72205e-07
    endloop
  endfacet
  facet normal -0 0 -1
    outer loop
      vertex 15.6712 33.6257 5.72205e-07
      vertex 0 27.4 5.72205e-07
      vertex 15.6712 34.3344 5.72205e-07
    endloop
  endfacet
  facet normal 0 0 -1
    outer loop
      vertex -1.4 40.08 5.72205e-07
      vertex 0 27.4 5.72205e-07
      vertex -1.4 27.4 5.72205e-07
    endloop
  endfacet
  facet normal 0 0 -1
    outer loop
      vertex 22.8934 34.4022 5.72205e-07
      vertex -1.4 40.08 5.72205e-07
      vertex 52.2 40.08 5.72205e-07
    endloop
  endfacet
  facet normal 0 0 -1
    outer loop
      vertex 0 27.4 5.72205e-07
      vertex -1.4 40.08 5.72205e-07
      vertex 15.6712 34.3344 5.72205e-07
    endloop
  endfacet
  facet normal 0 0 -1
    outer loop
      vertex 24.3717 30.5843 5.72205e-07
      vertex 24.3348 31.9696 5.72205e-07
      vertex 24.3854 32.0852 5.72205e-07
    endloop
  endfacet
  facet normal 0 0 -1
    outer loop
      vertex 24.3717 30.5843 5.72205e-07
      vertex 24.2749 31.8612 5.72205e-07
      vertex 24.3348 31.9696 5.72205e-07
    endloop
  endfacet
  facet normal 0 0 -1
    outer loop
      vertex 24.3717 30.5843 5.72205e-07
      vertex 24.2059 31.76 5.72205e-07
      vertex 24.2749 31.8612 5.72205e-07
    endloop
  endfacet
  facet normal 0 0 -1
    outer loop
      vertex 24.3717 30.5843 5.72205e-07
      vertex 24.1276 31.666 5.72205e-07
      vertex 24.2059 31.76 5.72205e-07
    endloop
  endfacet
  facet normal 0 0 -1
    outer loop
      vertex 24.3717 30.5843 5.72205e-07
      vertex 24.0414 31.5806 5.72205e-07
      vertex 24.1276 31.666 5.72205e-07
    endloop
  endfacet
  facet normal 0 0 -1
    outer loop
      vertex 24.3717 30.5843 5.72205e-07
      vertex 23.9486 31.5052 5.72205e-07
      vertex 24.0414 31.5806 5.72205e-07
    endloop
  endfacet
  facet normal 0 0 -1
    outer loop
      vertex 24.3717 30.5843 5.72205e-07
      vertex 23.8492 31.4399 5.72205e-07
      vertex 23.9486 31.5052 5.72205e-07
    endloop
  endfacet
  facet normal 0 0 -1
    outer loop
      vertex 24.3717 30.5843 5.72205e-07
      vertex 23.7432 31.3847 5.72205e-07
      vertex 23.8492 31.4399 5.72205e-07
    endloop
  endfacet
  facet normal 0 0 -1
    outer loop
      vertex 23.4732 30.7098 5.72205e-07
      vertex 23.7432 31.3847 5.72205e-07
      vertex 24.3717 30.5843 5.72205e-07
    endloop
  endfacet
  facet normal 0 0 -1
    outer loop
      vertex 23.7432 31.3847 5.72205e-07
      vertex 23.4732 30.7098 5.72205e-07
      vertex 23.6305 31.3395 5.72205e-07
    endloop
  endfacet
  facet normal 0 0 -1
    outer loop
      vertex 23.6305 31.3395 5.72205e-07
      vertex 23.4732 30.7098 5.72205e-07
      vertex 23.5113 31.3043 5.72205e-07
    endloop
  endfacet
  facet normal 0 0 -1
    outer loop
      vertex 23.0386 31.2608 5.72205e-07
      vertex 23.4732 30.7098 5.72205e-07
      vertex 23.4406 30.6109 5.72205e-07
    endloop
  endfacet
  facet normal 0 0 -1
    outer loop
      vertex 23.0386 31.2608 5.72205e-07
      vertex 23.4406 30.6109 5.72205e-07
      vertex 23.4002 30.5236 5.72205e-07
    endloop
  endfacet
  facet normal 0 0 -1
    outer loop
      vertex 23.4732 30.7098 5.72205e-07
      vertex 23.3854 31.2792 5.72205e-07
      vertex 23.5113 31.3043 5.72205e-07
    endloop
  endfacet
  facet normal 0 0 -1
    outer loop
      vertex 22.9651 31.2658 5.72205e-07
      vertex 23.4002 30.5236 5.72205e-07
      vertex 23.3519 30.448 5.72205e-07
    endloop
  endfacet
  facet normal 0 0 -1
    outer loop
      vertex 22.9651 31.2658 5.72205e-07
      vertex 23.3519 30.448 5.72205e-07
      vertex 23.2957 30.3839 5.72205e-07
    endloop
  endfacet
  facet normal 0 0 -1
    outer loop
      vertex 23.4732 30.7098 5.72205e-07
      vertex 23.2529 31.2641 5.72205e-07
      vertex 23.3854 31.2792 5.72205e-07
    endloop
  endfacet
  facet normal 0 0 -1
    outer loop
      vertex 22.9651 31.2658 5.72205e-07
      vertex 23.2957 30.3839 5.72205e-07
      vertex 23.2317 30.3316 5.72205e-07
    endloop
  endfacet
  facet normal 0 0 -1
    outer loop
      vertex 22.9651 31.2658 5.72205e-07
      vertex 23.2317 30.3316 5.72205e-07
      vertex 23.1598 30.2908 5.72205e-07
    endloop
  endfacet
  facet normal 0 0 -1
    outer loop
      vertex 23.4732 30.7098 5.72205e-07
      vertex 23.1138 31.2591 5.72205e-07
      vertex 23.2529 31.2641 5.72205e-07
    endloop
  endfacet
  facet normal 0 0 -1
    outer loop
      vertex 22.9651 31.2658 5.72205e-07
      vertex 23.1598 30.2908 5.72205e-07
      vertex 23.08 30.2617 5.72205e-07
    endloop
  endfacet
  facet normal 0 0 -1
    outer loop
      vertex 23.4732 30.7098 5.72205e-07
      vertex 23.0386 31.2608 5.72205e-07
      vertex 23.1138 31.2591 5.72205e-07
    endloop
  endfacet
  facet normal 0 0 -1
    outer loop
      vertex 22.9651 31.2658 5.72205e-07
      vertex 23.08 30.2617 5.72205e-07
      vertex 22.9923 30.2443 5.72205e-07
    endloop
  endfacet
  facet normal 0 0 -1
    outer loop
      vertex 23.4002 30.5236 5.72205e-07
      vertex 22.9651 31.2658 5.72205e-07
      vertex 23.0386 31.2608 5.72205e-07
    endloop
  endfacet
  facet normal 0 0 -1
    outer loop
      vertex 22.8968 30.2385 5.72205e-07
      vertex 22.9651 31.2658 5.72205e-07
      vertex 22.9923 30.2443 5.72205e-07
    endloop
  endfacet
  facet normal 0 0 -1
    outer loop
      vertex 22.8137 30.2432 5.72205e-07
      vertex 22.9651 31.2658 5.72205e-07
      vertex 22.8968 30.2385 5.72205e-07
    endloop
  endfacet
  facet normal -0 0 -1
    outer loop
      vertex 22.9651 31.2658 5.72205e-07
      vertex 22.8137 30.2432 5.72205e-07
      vertex 22.8934 31.2742 5.72205e-07
    endloop
  endfacet
  facet normal 0 0 -1
    outer loop
      vertex 22.7346 30.2574 5.72205e-07
      vertex 22.8934 31.2742 5.72205e-07
      vertex 22.8137 30.2432 5.72205e-07
    endloop
  endfacet
  facet normal 0 0 -1
    outer loop
      vertex 22.6596 30.2811 5.72205e-07
      vertex 22.8934 31.2742 5.72205e-07
      vertex 22.7346 30.2574 5.72205e-07
    endloop
  endfacet
  facet normal 0 0 -1
    outer loop
      vertex 22.5887 30.3142 5.72205e-07
      vertex 22.8934 31.2742 5.72205e-07
      vertex 22.6596 30.2811 5.72205e-07
    endloop
  endfacet
  facet normal 0 0 -1
    outer loop
      vertex 22.5218 30.3567 5.72205e-07
      vertex 22.8934 31.2742 5.72205e-07
      vertex 22.5887 30.3142 5.72205e-07
    endloop
  endfacet
  facet normal 0 0 -1
    outer loop
      vertex 22.459 30.4088 5.72205e-07
      vertex 22.8934 31.2742 5.72205e-07
      vertex 22.5218 30.3567 5.72205e-07
    endloop
  endfacet
  facet normal 0 0 -1
    outer loop
      vertex 22.4003 30.4703 5.72205e-07
      vertex 22.8934 31.2742 5.72205e-07
      vertex 22.459 30.4088 5.72205e-07
    endloop
  endfacet
  facet normal -0 0 -1
    outer loop
      vertex 22.8934 31.2742 5.72205e-07
      vertex 22.4003 30.4703 5.72205e-07
      vertex 22.8235 31.2859 5.72205e-07
    endloop
  endfacet
  facet normal 0 0 -1
    outer loop
      vertex 22.3456 30.5412 5.72205e-07
      vertex 22.8235 31.2859 5.72205e-07
      vertex 22.4003 30.4703 5.72205e-07
    endloop
  endfacet
  facet normal 0 0 -1
    outer loop
      vertex 22.295 30.6216 5.72205e-07
      vertex 22.8235 31.2859 5.72205e-07
      vertex 22.3456 30.5412 5.72205e-07
    endloop
  endfacet
  facet normal -0 0 -1
    outer loop
      vertex 22.8235 31.2859 5.72205e-07
      vertex 22.295 30.6216 5.72205e-07
      vertex 22.7553 31.3009 5.72205e-07
    endloop
  endfacet
  facet normal 0 0 -1
    outer loop
      vertex 22.2491 30.7117 5.72205e-07
      vertex 22.7553 31.3009 5.72205e-07
      vertex 22.295 30.6216 5.72205e-07
    endloop
  endfacet
  facet normal -0 0 -1
    outer loop
      vertex 22.7553 31.3009 5.72205e-07
      vertex 22.2491 30.7117 5.72205e-07
      vertex 22.6889 31.3194 5.72205e-07
    endloop
  endfacet
  facet normal 0 0 -1
    outer loop
      vertex 22.2085 30.8115 5.72205e-07
      vertex 22.6889 31.3194 5.72205e-07
      vertex 22.2491 30.7117 5.72205e-07
    endloop
  endfacet
  facet normal -0 0 -1
    outer loop
      vertex 22.6889 31.3194 5.72205e-07
      vertex 22.2085 30.8115 5.72205e-07
      vertex 22.6242 31.3411 5.72205e-07
    endloop
  endfacet
  facet normal 0 0 -1
    outer loop
      vertex 22.1735 30.9211 5.72205e-07
      vertex 22.6242 31.3411 5.72205e-07
      vertex 22.2085 30.8115 5.72205e-07
    endloop
  endfacet
  facet normal -0 0 -1
    outer loop
      vertex 22.6242 31.3411 5.72205e-07
      vertex 22.1735 30.9211 5.72205e-07
      vertex 22.5613 31.3663 5.72205e-07
    endloop
  endfacet
  facet normal 0 0 -1
    outer loop
      vertex 22.1438 31.0406 5.72205e-07
      vertex 22.5613 31.3663 5.72205e-07
      vertex 22.1735 30.9211 5.72205e-07
    endloop
  endfacet
  facet normal -0 0 -1
    outer loop
      vertex 22.5613 31.3663 5.72205e-07
      vertex 22.1438 31.0406 5.72205e-07
      vertex 22.5001 31.3947 5.72205e-07
    endloop
  endfacet
  facet normal 0 0 -1
    outer loop
      vertex 22.1195 31.1698 5.72205e-07
      vertex 22.5001 31.3947 5.72205e-07
      vertex 22.1438 31.0406 5.72205e-07
    endloop
  endfacet
  facet normal -0 0 -1
    outer loop
      vertex 22.5001 31.3947 5.72205e-07
      vertex 22.1195 31.1698 5.72205e-07
      vertex 22.4413 31.4263 5.72205e-07
    endloop
  endfacet
  facet normal 0 0 -1
    outer loop
      vertex 22.1006 31.3088 5.72205e-07
      vertex 22.4413 31.4263 5.72205e-07
      vertex 22.1195 31.1698 5.72205e-07
    endloop
  endfacet
  facet normal -0 0 -1
    outer loop
      vertex 22.4413 31.4263 5.72205e-07
      vertex 22.1006 31.3088 5.72205e-07
      vertex 22.3854 31.4609 5.72205e-07
    endloop
  endfacet
  facet normal -0 0 -1
    outer loop
      vertex 22.3854 31.4609 5.72205e-07
      vertex 22.1006 31.3088 5.72205e-07
      vertex 22.3325 31.4983 5.72205e-07
    endloop
  endfacet
  facet normal 0 0 -1
    outer loop
      vertex 22.0871 31.4576 5.72205e-07
      vertex 22.3325 31.4983 5.72205e-07
      vertex 22.1006 31.3088 5.72205e-07
    endloop
  endfacet
  facet normal -0 0 -1
    outer loop
      vertex 22.3325 31.4983 5.72205e-07
      vertex 22.0871 31.4576 5.72205e-07
      vertex 22.2824 31.5387 5.72205e-07
    endloop
  endfacet
  facet normal -0 0 -1
    outer loop
      vertex 22.2824 31.5387 5.72205e-07
      vertex 22.0871 31.4576 5.72205e-07
      vertex 22.2353 31.582 5.72205e-07
    endloop
  endfacet
  facet normal -0 0 -1
    outer loop
      vertex 22.2353 31.582 5.72205e-07
      vertex 22.0871 31.4576 5.72205e-07
      vertex 22.1912 31.6283 5.72205e-07
    endloop
  endfacet
  facet normal 0 0 -1
    outer loop
      vertex 22.079 31.6162 5.72205e-07
      vertex 22.1912 31.6283 5.72205e-07
      vertex 22.0871 31.4576 5.72205e-07
    endloop
  endfacet
  facet normal -0 0 -1
    outer loop
      vertex 22.1912 31.6283 5.72205e-07
      vertex 22.079 31.6162 5.72205e-07
      vertex 22.1499 31.6775 5.72205e-07
    endloop
  endfacet
  facet normal -0 0 -1
    outer loop
      vertex 22.1499 31.6775 5.72205e-07
      vertex 22.079 31.6162 5.72205e-07
      vertex 22.1116 31.7296 5.72205e-07
    endloop
  endfacet
  facet normal -0 0 -1
    outer loop
      vertex 22.1116 31.7296 5.72205e-07
      vertex 22.079 31.6162 5.72205e-07
      vertex 22.0763 31.7846 5.72205e-07
    endloop
  endfacet
  facet normal 0 0 -1
    outer loop
      vertex 19.4767 33.3002 5.72205e-07
      vertex 17.8072 33.6257 5.72205e-07
      vertex 18.9024 33.6257 5.72205e-07
    endloop
  endfacet
  facet normal 0 0 -1
    outer loop
      vertex 15.7084 31.0828 5.72205e-07
      vertex 16.8544 33.6257 5.72205e-07
      vertex 16.8544 30.3673 5.72205e-07
    endloop
  endfacet
  facet normal -0 0 -1
    outer loop
      vertex 16.8544 33.6257 5.72205e-07
      vertex 15.7084 31.0828 5.72205e-07
      vertex 15.6712 33.6257 5.72205e-07
    endloop
  endfacet
  facet normal 0 0 -1
    outer loop
      vertex 22.1539 32.8749 5.72205e-07
      vertex 23.5444 32.7984 5.72205e-07
      vertex 23.5421 32.7104 5.72205e-07
    endloop
  endfacet
  facet normal 0 -0 -1
    outer loop
      vertex 22.1661 32.9587 5.72205e-07
      vertex 23.5444 32.7984 5.72205e-07
      vertex 22.1539 32.8749 5.72205e-07
    endloop
  endfacet
  facet normal 0 0 -1
    outer loop
      vertex 22.1466 32.7876 5.72205e-07
      vertex 23.5421 32.7104 5.72205e-07
      vertex 23.5351 32.627 5.72205e-07
    endloop
  endfacet
  facet normal 0 0 -1
    outer loop
      vertex 23.5444 32.7984 5.72205e-07
      vertex 22.1661 32.9587 5.72205e-07
      vertex 23.5422 32.8859 5.72205e-07
    endloop
  endfacet
  facet normal 0 0 -1
    outer loop
      vertex 22.1441 32.6967 5.72205e-07
      vertex 23.5351 32.627 5.72205e-07
      vertex 23.5235 32.5484 5.72205e-07
    endloop
  endfacet
  facet normal 0 -0 -1
    outer loop
      vertex 22.1833 33.0389 5.72205e-07
      vertex 23.5422 32.8859 5.72205e-07
      vertex 22.1661 32.9587 5.72205e-07
    endloop
  endfacet
  facet normal 0 0 -1
    outer loop
      vertex 22.1464 32.6245 5.72205e-07
      vertex 23.5235 32.5484 5.72205e-07
      vertex 23.5072 32.4746 5.72205e-07
    endloop
  endfacet
  facet normal 0 0 -1
    outer loop
      vertex 23.5422 32.8859 5.72205e-07
      vertex 22.1833 33.0389 5.72205e-07
      vertex 23.5355 32.9691 5.72205e-07
    endloop
  endfacet
  facet normal 0 0 -1
    outer loop
      vertex 22.8391 31.9609 5.72205e-07
      vertex 23.5072 32.4746 5.72205e-07
      vertex 23.4863 32.4054 5.72205e-07
    endloop
  endfacet
  facet normal 0 -0 -1
    outer loop
      vertex 22.2053 33.1156 5.72205e-07
      vertex 23.5355 32.9691 5.72205e-07
      vertex 22.1833 33.0389 5.72205e-07
    endloop
  endfacet
  facet normal 0 0 -1
    outer loop
      vertex 22.9105 31.9636 5.72205e-07
      vertex 23.4863 32.4054 5.72205e-07
      vertex 23.4608 32.341 5.72205e-07
    endloop
  endfacet
  facet normal 0 0 -1
    outer loop
      vertex 23.5355 32.9691 5.72205e-07
      vertex 22.2053 33.1156 5.72205e-07
      vertex 23.5244 33.048 5.72205e-07
    endloop
  endfacet
  facet normal 0 0 -1
    outer loop
      vertex 22.9784 31.9716 5.72205e-07
      vertex 23.4608 32.341 5.72205e-07
      vertex 23.4306 32.2814 5.72205e-07
    endloop
  endfacet
  facet normal 0 0 -1
    outer loop
      vertex 23.5244 33.048 5.72205e-07
      vertex 22.2323 33.1887 5.72205e-07
      vertex 23.5089 33.1226 5.72205e-07
    endloop
  endfacet
  facet normal 0 0 -1
    outer loop
      vertex 22.9784 31.9716 5.72205e-07
      vertex 23.4306 32.2814 5.72205e-07
      vertex 23.3957 32.2264 5.72205e-07
    endloop
  endfacet
  facet normal 0 -0 -1
    outer loop
      vertex 22.2641 33.2582 5.72205e-07
      vertex 23.5089 33.1226 5.72205e-07
      vertex 22.2323 33.1887 5.72205e-07
    endloop
  endfacet
  facet normal 0 0 -1
    outer loop
      vertex 23.0428 31.9848 5.72205e-07
      vertex 23.3957 32.2264 5.72205e-07
      vertex 23.3562 32.1762 5.72205e-07
    endloop
  endfacet
  facet normal 0 -0 -1
    outer loop
      vertex 22.3008 33.3242 5.72205e-07
      vertex 23.5089 33.1226 5.72205e-07
      vertex 22.2641 33.2582 5.72205e-07
    endloop
  endfacet
  facet normal 0 0 -1
    outer loop
      vertex 23.0428 31.9848 5.72205e-07
      vertex 23.3562 32.1762 5.72205e-07
      vertex 23.3127 32.131 5.72205e-07
    endloop
  endfacet
  facet normal 0 0 -1
    outer loop
      vertex 23.5089 33.1226 5.72205e-07
      vertex 22.3008 33.3242 5.72205e-07
      vertex 23.4889 33.1928 5.72205e-07
    endloop
  endfacet
  facet normal 0 0 -1
    outer loop
      vertex 23.0428 31.9848 5.72205e-07
      vertex 23.3127 32.131 5.72205e-07
      vertex 23.2656 32.0912 5.72205e-07
    endloop
  endfacet
  facet normal 0 -0 -1
    outer loop
      vertex 22.3425 33.3867 5.72205e-07
      vertex 23.4889 33.1928 5.72205e-07
      vertex 22.3008 33.3242 5.72205e-07
    endloop
  endfacet
  facet normal 0 0 -1
    outer loop
      vertex 23.0428 31.9848 5.72205e-07
      vertex 23.2656 32.0912 5.72205e-07
      vertex 23.2151 32.0566 5.72205e-07
    endloop
  endfacet
  facet normal 0 0 -1
    outer loop
      vertex 23.4889 33.1928 5.72205e-07
      vertex 22.3425 33.3867 5.72205e-07
      vertex 23.4645 33.2588 5.72205e-07
    endloop
  endfacet
  facet normal 0 0 -1
    outer loop
      vertex 23.0428 31.9848 5.72205e-07
      vertex 23.2151 32.0566 5.72205e-07
      vertex 23.1612 32.0274 5.72205e-07
    endloop
  endfacet
  facet normal 0 0 -1
    outer loop
      vertex 23.4645 33.2588 5.72205e-07
      vertex 22.3425 33.3867 5.72205e-07
      vertex 23.4357 33.3204 5.72205e-07
    endloop
  endfacet
  facet normal 0 0 -1
    outer loop
      vertex 23.0428 31.9848 5.72205e-07
      vertex 23.1612 32.0274 5.72205e-07
      vertex 23.1037 32.0034 5.72205e-07
    endloop
  endfacet
  facet normal 0 -0 -1
    outer loop
      vertex 22.9327 33.6568 5.72205e-07
      vertex 23.4357 33.3204 5.72205e-07
      vertex 22.3425 33.3867 5.72205e-07
    endloop
  endfacet
  facet normal 0 0 -1
    outer loop
      vertex 23.3957 32.2264 5.72205e-07
      vertex 23.0428 31.9848 5.72205e-07
      vertex 22.9784 31.9716 5.72205e-07
    endloop
  endfacet
  facet normal 0 0 -1
    outer loop
      vertex 23.4357 33.3204 5.72205e-07
      vertex 22.9327 33.6568 5.72205e-07
      vertex 23.4024 33.3778 5.72205e-07
    endloop
  endfacet
  facet normal 0 0 -1
    outer loop
      vertex 23.4608 32.341 5.72205e-07
      vertex 22.9784 31.9716 5.72205e-07
      vertex 22.9105 31.9636 5.72205e-07
    endloop
  endfacet
  facet normal 0 0 -1
    outer loop
      vertex 23.4024 33.3778 5.72205e-07
      vertex 22.9327 33.6568 5.72205e-07
      vertex 23.3647 33.4308 5.72205e-07
    endloop
  endfacet
  facet normal 0 0 -1
    outer loop
      vertex 23.4863 32.4054 5.72205e-07
      vertex 22.9105 31.9636 5.72205e-07
      vertex 22.8391 31.9609 5.72205e-07
    endloop
  endfacet
  facet normal -0 -0 -1
    outer loop
      vertex 22.999 33.6483 5.72205e-07
      vertex 23.3647 33.4308 5.72205e-07
      vertex 22.9327 33.6568 5.72205e-07
    endloop
  endfacet
  facet normal 0 0 -1
    outer loop
      vertex 22.1535 32.5555 5.72205e-07
      vertex 23.5072 32.4746 5.72205e-07
      vertex 22.8391 31.9609 5.72205e-07
    endloop
  endfacet
  facet normal 0 0 -1
    outer loop
      vertex 23.2778 33.5212 5.72205e-07
      vertex 22.999 33.6483 5.72205e-07
      vertex 23.2291 33.5579 5.72205e-07
    endloop
  endfacet
  facet normal 0 0 -1
    outer loop
      vertex 22.1535 32.5555 5.72205e-07
      vertex 22.8391 31.9609 5.72205e-07
      vertex 22.7706 31.9634 5.72205e-07
    endloop
  endfacet
  facet normal 0 0 -1
    outer loop
      vertex 23.1768 33.589 5.72205e-07
      vertex 23.0618 33.6342 5.72205e-07
      vertex 23.1211 33.6144 5.72205e-07
    endloop
  endfacet
  facet normal 0 0 -1
    outer loop
      vertex 22.1535 32.5555 5.72205e-07
      vertex 22.7706 31.9634 5.72205e-07
      vertex 22.7052 31.9709 5.72205e-07
    endloop
  endfacet
  facet normal 0 0 -1
    outer loop
      vertex 23.1768 33.589 5.72205e-07
      vertex 22.999 33.6483 5.72205e-07
      vertex 23.0618 33.6342 5.72205e-07
    endloop
  endfacet
  facet normal 0 0 -1
    outer loop
      vertex 22.1535 32.5555 5.72205e-07
      vertex 22.7052 31.9709 5.72205e-07
      vertex 22.6429 31.9834 5.72205e-07
    endloop
  endfacet
  facet normal 0 0 -1
    outer loop
      vertex 23.323 33.4788 5.72205e-07
      vertex 22.999 33.6483 5.72205e-07
      vertex 23.2778 33.5212 5.72205e-07
    endloop
  endfacet
  facet normal 0 0 -1
    outer loop
      vertex 22.1535 32.5555 5.72205e-07
      vertex 22.6429 31.9834 5.72205e-07
      vertex 22.5837 32.0008 5.72205e-07
    endloop
  endfacet
  facet normal 0 0 -1
    outer loop
      vertex 23.3647 33.4308 5.72205e-07
      vertex 22.999 33.6483 5.72205e-07
      vertex 23.323 33.4788 5.72205e-07
    endloop
  endfacet
  facet normal 0 0 -1
    outer loop
      vertex 22.1535 32.5555 5.72205e-07
      vertex 22.5837 32.0008 5.72205e-07
      vertex 22.5275 32.0232 5.72205e-07
    endloop
  endfacet
  facet normal -0 0 -1
    outer loop
      vertex 22.9327 33.6568 5.72205e-07
      vertex 22.3425 33.3867 5.72205e-07
      vertex 22.8629 33.6596 5.72205e-07
    endloop
  endfacet
  facet normal 0 0 -1
    outer loop
      vertex 22.1535 32.5555 5.72205e-07
      vertex 22.5275 32.0232 5.72205e-07
      vertex 22.4745 32.0506 5.72205e-07
    endloop
  endfacet
  facet normal 0 -0 -1
    outer loop
      vertex 22.3881 33.444 5.72205e-07
      vertex 22.8629 33.6596 5.72205e-07
      vertex 22.3425 33.3867 5.72205e-07
    endloop
  endfacet
  facet normal 0 0 -1
    outer loop
      vertex 22.1535 32.5555 5.72205e-07
      vertex 22.4745 32.0506 5.72205e-07
      vertex 22.4246 32.083 5.72205e-07
    endloop
  endfacet
  facet normal 0 0 -1
    outer loop
      vertex 22.8629 33.6596 5.72205e-07
      vertex 22.3881 33.444 5.72205e-07
      vertex 22.7929 33.6562 5.72205e-07
    endloop
  endfacet
  facet normal 0 0 -1
    outer loop
      vertex 22.1535 32.5555 5.72205e-07
      vertex 22.4246 32.083 5.72205e-07
      vertex 22.3777 32.1203 5.72205e-07
    endloop
  endfacet
  facet normal 0 0 -1
    outer loop
      vertex 22.7929 33.6562 5.72205e-07
      vertex 22.3881 33.444 5.72205e-07
      vertex 22.7259 33.6461 5.72205e-07
    endloop
  endfacet
  facet normal 0 0 -1
    outer loop
      vertex 22.1535 32.5555 5.72205e-07
      vertex 22.3777 32.1203 5.72205e-07
      vertex 22.334 32.1627 5.72205e-07
    endloop
  endfacet
  facet normal 0 0 -1
    outer loop
      vertex 22.5432 33.5754 5.72205e-07
      vertex 22.3881 33.444 5.72205e-07
      vertex 22.4884 33.5383 5.72205e-07
    endloop
  endfacet
  facet normal 0 0 -1
    outer loop
      vertex 22.1535 32.5555 5.72205e-07
      vertex 22.334 32.1627 5.72205e-07
      vertex 22.2941 32.2091 5.72205e-07
    endloop
  endfacet
  facet normal 0 0 -1
    outer loop
      vertex 22.4884 33.5383 5.72205e-07
      vertex 22.3881 33.444 5.72205e-07
      vertex 22.4367 33.4945 5.72205e-07
    endloop
  endfacet
  facet normal 0 0 -1
    outer loop
      vertex 22.1535 32.5555 5.72205e-07
      vertex 22.2941 32.2091 5.72205e-07
      vertex 22.2589 32.2588 5.72205e-07
    endloop
  endfacet
  facet normal 0 0 -1
    outer loop
      vertex 22.601 33.6057 5.72205e-07
      vertex 22.3881 33.444 5.72205e-07
      vertex 22.5432 33.5754 5.72205e-07
    endloop
  endfacet
  facet normal 0 0 -1
    outer loop
      vertex 22.1535 32.5555 5.72205e-07
      vertex 22.2589 32.2588 5.72205e-07
      vertex 22.2285 32.3117 5.72205e-07
    endloop
  endfacet
  facet normal 0 0 -1
    outer loop
      vertex 22.6619 33.6293 5.72205e-07
      vertex 22.3881 33.444 5.72205e-07
      vertex 22.601 33.6057 5.72205e-07
    endloop
  endfacet
  facet normal 0 0 -1
    outer loop
      vertex 22.1535 32.5555 5.72205e-07
      vertex 22.2285 32.3117 5.72205e-07
      vertex 22.2027 32.3678 5.72205e-07
    endloop
  endfacet
  facet normal 0 0 -1
    outer loop
      vertex 22.7259 33.6461 5.72205e-07
      vertex 22.3881 33.444 5.72205e-07
      vertex 22.6619 33.6293 5.72205e-07
    endloop
  endfacet
  facet normal 0 0 -1
    outer loop
      vertex 22.1652 32.4897 5.72205e-07
      vertex 22.2027 32.3678 5.72205e-07
      vertex 22.1816 32.4271 5.72205e-07
    endloop
  endfacet
  facet normal 0 0 -1
    outer loop
      vertex 23.2291 33.5579 5.72205e-07
      vertex 22.999 33.6483 5.72205e-07
      vertex 23.1768 33.589 5.72205e-07
    endloop
  endfacet
  facet normal 0 0 -1
    outer loop
      vertex 22.1535 32.5555 5.72205e-07
      vertex 22.2027 32.3678 5.72205e-07
      vertex 22.1652 32.4897 5.72205e-07
    endloop
  endfacet
  facet normal 0 -0 -1
    outer loop
      vertex 22.2323 33.1887 5.72205e-07
      vertex 23.5244 33.048 5.72205e-07
      vertex 22.2053 33.1156 5.72205e-07
    endloop
  endfacet
  facet normal 0 0 -1
    outer loop
      vertex 23.5072 32.4746 5.72205e-07
      vertex 22.1535 32.5555 5.72205e-07
      vertex 22.1464 32.6245 5.72205e-07
    endloop
  endfacet
  facet normal 0 0 -1
    outer loop
      vertex 23.5421 32.7104 5.72205e-07
      vertex 22.1466 32.7876 5.72205e-07
      vertex 22.1539 32.8749 5.72205e-07
    endloop
  endfacet
  facet normal 0 0 -1
    outer loop
      vertex 23.5235 32.5484 5.72205e-07
      vertex 22.1464 32.6245 5.72205e-07
      vertex 22.1441 32.6967 5.72205e-07
    endloop
  endfacet
  facet normal 0 0 -1
    outer loop
      vertex 23.5351 32.627 5.72205e-07
      vertex 22.1441 32.6967 5.72205e-07
      vertex 22.1466 32.7876 5.72205e-07
    endloop
  endfacet
  facet normal 0 0 -1
    outer loop
      vertex 28.779 30.3673 5.72205e-07
      vertex 28.8706 30.5267 5.72205e-07
      vertex 28.7993 30.2927 5.72205e-07
    endloop
  endfacet
  facet normal 0 0 -1
    outer loop
      vertex 28.7713 30.3949 5.72205e-07
      vertex 28.8706 30.5267 5.72205e-07
      vertex 28.779 30.3673 5.72205e-07
    endloop
  endfacet
  facet normal 0 0 -1
    outer loop
      vertex 28.7633 30.4233 5.72205e-07
      vertex 28.8706 30.5267 5.72205e-07
      vertex 28.7713 30.3949 5.72205e-07
    endloop
  endfacet
  facet normal 0 0 -1
    outer loop
      vertex 28.7549 30.4525 5.72205e-07
      vertex 28.8706 30.5267 5.72205e-07
      vertex 28.7633 30.4233 5.72205e-07
    endloop
  endfacet
  facet normal 0 0 -1
    outer loop
      vertex 28.7462 30.4826 5.72205e-07
      vertex 28.8706 30.5267 5.72205e-07
      vertex 28.7549 30.4525 5.72205e-07
    endloop
  endfacet
  facet normal 0 0 -1
    outer loop
      vertex 28.7372 30.5134 5.72205e-07
      vertex 28.8706 30.5267 5.72205e-07
      vertex 28.7462 30.4826 5.72205e-07
    endloop
  endfacet
  facet normal 0 0 -1
    outer loop
      vertex 28.7278 30.5452 5.72205e-07
      vertex 28.8706 30.5267 5.72205e-07
      vertex 28.7372 30.5134 5.72205e-07
    endloop
  endfacet
  facet normal 0 0 -1
    outer loop
      vertex 28.7181 30.5777 5.72205e-07
      vertex 28.8706 30.5267 5.72205e-07
      vertex 28.7278 30.5452 5.72205e-07
    endloop
  endfacet
  facet normal 0 0 -1
    outer loop
      vertex 28.708 30.6111 5.72205e-07
      vertex 28.8706 30.5267 5.72205e-07
      vertex 28.7181 30.5777 5.72205e-07
    endloop
  endfacet
  facet normal 0 0 -1
    outer loop
      vertex 28.6976 30.6454 5.72205e-07
      vertex 28.8706 30.5267 5.72205e-07
      vertex 28.708 30.6111 5.72205e-07
    endloop
  endfacet
  facet normal 0 0 -1
    outer loop
      vertex 28.6811 30.6974 5.72205e-07
      vertex 28.8706 30.5267 5.72205e-07
      vertex 28.6976 30.6454 5.72205e-07
    endloop
  endfacet
  facet normal 0 0 -1
    outer loop
      vertex 28.8706 30.5267 5.72205e-07
      vertex 28.6811 30.6974 5.72205e-07
      vertex 29.0163 30.9878 5.72205e-07
    endloop
  endfacet
  facet normal 0 0 -1
    outer loop
      vertex 28.6524 30.784 5.72205e-07
      vertex 29.0163 30.9878 5.72205e-07
      vertex 28.6811 30.6974 5.72205e-07
    endloop
  endfacet
  facet normal 0 0 -1
    outer loop
      vertex 28.6117 30.9053 5.72205e-07
      vertex 29.0163 30.9878 5.72205e-07
      vertex 28.6524 30.784 5.72205e-07
    endloop
  endfacet
  facet normal 0 0 -1
    outer loop
      vertex 28.559 31.0613 5.72205e-07
      vertex 29.0163 30.9878 5.72205e-07
      vertex 28.6117 30.9053 5.72205e-07
    endloop
  endfacet
  facet normal 0 0 -1
    outer loop
      vertex 28.4942 31.2519 5.72205e-07
      vertex 29.0163 30.9878 5.72205e-07
      vertex 28.559 31.0613 5.72205e-07
    endloop
  endfacet
  facet normal 0 0 -1
    outer loop
      vertex 28.4174 31.4772 5.72205e-07
      vertex 29.0163 30.9878 5.72205e-07
      vertex 28.4942 31.2519 5.72205e-07
    endloop
  endfacet
  facet normal 0 0 -1
    outer loop
      vertex 29.0163 30.9878 5.72205e-07
      vertex 28.4174 31.4772 5.72205e-07
      vertex 29.4876 32.361 5.72205e-07
    endloop
  endfacet
  facet normal 0 0 -1
    outer loop
      vertex 28.3284 31.7372 5.72205e-07
      vertex 29.4876 32.361 5.72205e-07
      vertex 28.4174 31.4772 5.72205e-07
    endloop
  endfacet
  facet normal 0 0 -1
    outer loop
      vertex 28.2275 32.0318 5.72205e-07
      vertex 29.4876 32.361 5.72205e-07
      vertex 28.3284 31.7372 5.72205e-07
    endloop
  endfacet
  facet normal -0 0 -1
    outer loop
      vertex 29.4876 32.361 5.72205e-07
      vertex 28.2275 32.0318 5.72205e-07
      vertex 28.1144 32.361 5.72205e-07
    endloop
  endfacet
  facet normal 0 0 1
    outer loop
      vertex 52.2 40.08 1.6
      vertex 0 27.4 1.6
      vertex 52.2 23.92 1.6
    endloop
  endfacet
  facet normal -0 0 1
    outer loop
      vertex -0.2 40.08 1.6
      vertex 0 27.4 1.6
      vertex 52.2 40.08 1.6
    endloop
  endfacet
  facet normal 0 0 1
    outer loop
      vertex 0 27.4 1.6
      vertex -0.2 40.08 1.6
      vertex -0.2 27.4 1.6
    endloop
  endfacet
  facet normal 0 0 1
    outer loop
      vertex 52.2 23.92 1.6
      vertex 0 27.4 1.6
      vertex 0 23.92 1.6
    endloop
  endfacet
  facet normal -1 0 0
    outer loop
      vertex 0 23.92 5.72205e-07
      vertex 0 27.4 1.6
      vertex 0 27.4 5.72205e-07
    endloop
  endfacet
  facet normal -1 -0 0
    outer loop
      vertex 0 27.4 1.6
      vertex 0 23.92 5.72205e-07
      vertex 0 23.92 1.6
    endloop
  endfacet
  facet normal 0 -1 0
    outer loop
      vertex 0 23.92 5.72205e-07
      vertex 52.2 23.92 1.6
      vertex 0 23.92 1.6
    endloop
  endfacet
  facet normal 0 -1 -0
    outer loop
      vertex 52.2 23.92 1.6
      vertex 0 23.92 5.72205e-07
      vertex 52.2 23.92 5.72205e-07
    endloop
  endfacet
  facet normal 0 1 0
    outer loop
      vertex 52.2 40.08 1.6
      vertex 52.2 40.08 5.72205e-07
      vertex -0.2 40.08 1.6
    endloop
  endfacet
  facet normal 0 1 -0
    outer loop
      vertex -0.2 40.08 1.6
      vertex -1.4 40.08 10.12
      vertex -0.2 40.08 10.12
    endloop
  endfacet
  facet normal 0 1 0
    outer loop
      vertex -0.2 40.08 1.6
      vertex -1.4 40.08 5.72205e-07
      vertex -1.4 40.08 10.12
    endloop
  endfacet
  facet normal 0 1 0
    outer loop
      vertex -1.4 40.08 5.72205e-07
      vertex -0.2 40.08 1.6
      vertex 52.2 40.08 5.72205e-07
    endloop
  endfacet
  facet normal 1 -0 0
    outer loop
      vertex -0.2 27.4 10.12
      vertex -0.2 40.08 1.6
      vertex -0.2 40.08 10.12
    endloop
  endfacet
  facet normal 1 0 0
    outer loop
      vertex -0.2 40.08 1.6
      vertex -0.2 27.4 10.12
      vertex -0.2 27.4 1.6
    endloop
  endfacet
  facet normal -0 0 1
    outer loop
      vertex -1.4 40.08 10.12
      vertex -0.2 27.4 10.12
      vertex -0.2 40.08 10.12
    endloop
  endfacet
  facet normal 0 0 1
    outer loop
      vertex -0.2 27.4 10.12
      vertex -1.4 40.08 10.12
      vertex -1.4 27.4 10.12
    endloop
  endfacet
  facet normal -1 0 0
    outer loop
      vertex -1.4 27.4 5.72205e-07
      vertex -1.4 40.08 10.12
      vertex -1.4 40.08 5.72205e-07
    endloop
  endfacet
  facet normal -1 -0 0
    outer loop
      vertex -1.4 40.08 10.12
      vertex -1.4 27.4 5.72205e-07
      vertex -1.4 27.4 10.12
    endloop
  endfacet
  facet normal 0 -1 0
    outer loop
      vertex -1.4 27.4 10.12
      vertex -0.2 27.4 1.6
      vertex -0.2 27.4 10.12
    endloop
  endfacet
  facet normal 0 -1 0
    outer loop
      vertex -1.4 27.4 5.72205e-07
      vertex -0.2 27.4 1.6
      vertex -1.4 27.4 10.12
    endloop
  endfacet
  facet normal 0 -1 0
    outer loop
      vertex 0 27.4 5.72205e-07
      vertex -0.2 27.4 1.6
      vertex -1.4 27.4 5.72205e-07
    endloop
  endfacet
  facet normal 0 -1 0
    outer loop
      vertex -0.2 27.4 1.6
      vertex 0 27.4 5.72205e-07
      vertex 0 27.4 1.6
    endloop
  endfacet
  facet normal -0 0 -1
    outer loop
      vertex 31.1253 34.3344 0.6
      vertex 29.7114 33.1137 0.6
      vertex 30.1353 34.3344 0.6
    endloop
  endfacet
  facet normal 0 0 -1
    outer loop
      vertex 31.1253 34.3344 0.6
      vertex 29.4876 32.361 0.6
      vertex 29.7114 33.1137 0.6
    endloop
  endfacet
  facet normal 0 0 -1
    outer loop
      vertex 29.3893 29.557 0.6
      vertex 29.4876 32.361 0.6
      vertex 31.1253 34.3344 0.6
    endloop
  endfacet
  facet normal 0 0 -1
    outer loop
      vertex 29.3893 29.557 0.6
      vertex 29.0163 30.9878 0.6
      vertex 29.4876 32.361 0.6
    endloop
  endfacet
  facet normal 0 0 -1
    outer loop
      vertex 29.3893 29.557 0.6
      vertex 28.8706 30.5267 0.6
      vertex 29.0163 30.9878 0.6
    endloop
  endfacet
  facet normal 0 0 -1
    outer loop
      vertex 29.3893 29.557 0.6
      vertex 28.7993 30.2927 0.6
      vertex 28.8706 30.5267 0.6
    endloop
  endfacet
  facet normal 0 0 -1
    outer loop
      vertex 28.2094 29.557 0.6
      vertex 28.779 30.3673 0.6
      vertex 28.7993 30.2927 0.6
    endloop
  endfacet
  facet normal -0 0 -1
    outer loop
      vertex 28.779 30.3673 0.6
      vertex 28.2094 29.557 0.6
      vertex 28.7713 30.3949 0.6
    endloop
  endfacet
  facet normal -0 0 -1
    outer loop
      vertex 28.7713 30.3949 0.6
      vertex 28.2094 29.557 0.6
      vertex 28.7633 30.4233 0.6
    endloop
  endfacet
  facet normal -0 0 -1
    outer loop
      vertex 28.7633 30.4233 0.6
      vertex 28.2094 29.557 0.6
      vertex 28.7549 30.4525 0.6
    endloop
  endfacet
  facet normal -0 0 -1
    outer loop
      vertex 28.7549 30.4525 0.6
      vertex 28.2094 29.557 0.6
      vertex 28.7462 30.4826 0.6
    endloop
  endfacet
  facet normal -0 0 -1
    outer loop
      vertex 28.7462 30.4826 0.6
      vertex 28.2094 29.557 0.6
      vertex 28.7372 30.5134 0.6
    endloop
  endfacet
  facet normal -0 0 -1
    outer loop
      vertex 28.7372 30.5134 0.6
      vertex 28.2094 29.557 0.6
      vertex 28.7278 30.5452 0.6
    endloop
  endfacet
  facet normal -0 0 -1
    outer loop
      vertex 28.7278 30.5452 0.6
      vertex 28.2094 29.557 0.6
      vertex 28.7181 30.5777 0.6
    endloop
  endfacet
  facet normal -0 0 -1
    outer loop
      vertex 28.7181 30.5777 0.6
      vertex 28.2094 29.557 0.6
      vertex 28.708 30.6111 0.6
    endloop
  endfacet
  facet normal -0 0 -1
    outer loop
      vertex 28.708 30.6111 0.6
      vertex 28.2094 29.557 0.6
      vertex 28.6976 30.6454 0.6
    endloop
  endfacet
  facet normal -0 0 -1
    outer loop
      vertex 28.6976 30.6454 0.6
      vertex 28.2094 29.557 0.6
      vertex 28.6811 30.6974 0.6
    endloop
  endfacet
  facet normal -0 0 -1
    outer loop
      vertex 28.6811 30.6974 0.6
      vertex 28.2094 29.557 0.6
      vertex 28.6524 30.784 0.6
    endloop
  endfacet
  facet normal -0 0 -1
    outer loop
      vertex 28.6524 30.784 0.6
      vertex 28.2094 29.557 0.6
      vertex 28.6117 30.9053 0.6
    endloop
  endfacet
  facet normal -0 0 -1
    outer loop
      vertex 28.6117 30.9053 0.6
      vertex 28.2094 29.557 0.6
      vertex 28.559 31.0613 0.6
    endloop
  endfacet
  facet normal -0 0 -1
    outer loop
      vertex 28.559 31.0613 0.6
      vertex 28.2094 29.557 0.6
      vertex 28.4942 31.2519 0.6
    endloop
  endfacet
  facet normal -0 0 -1
    outer loop
      vertex 28.4942 31.2519 0.6
      vertex 28.2094 29.557 0.6
      vertex 28.4174 31.4772 0.6
    endloop
  endfacet
  facet normal -0 0 -1
    outer loop
      vertex 28.4174 31.4772 0.6
      vertex 28.2094 29.557 0.6
      vertex 28.3284 31.7372 0.6
    endloop
  endfacet
  facet normal 0 0 -1
    outer loop
      vertex 28.2094 29.557 0.6
      vertex 28.7993 30.2927 0.6
      vertex 29.3893 29.557 0.6
    endloop
  endfacet
  facet normal -0 0 -1
    outer loop
      vertex 28.3284 31.7372 0.6
      vertex 28.2094 29.557 0.6
      vertex 28.2275 32.0318 0.6
    endloop
  endfacet
  facet normal 0 0 -1
    outer loop
      vertex 28.2094 29.557 0.6
      vertex 28.1144 32.361 0.6
      vertex 28.2275 32.0318 0.6
    endloop
  endfacet
  facet normal 0 0 -1
    outer loop
      vertex 26.4666 34.3344 0.6
      vertex 28.1144 32.361 0.6
      vertex 28.2094 29.557 0.6
    endloop
  endfacet
  facet normal 0 0 -1
    outer loop
      vertex 28.1144 32.361 0.6
      vertex 26.4666 34.3344 0.6
      vertex 27.8907 33.1137 0.6
    endloop
  endfacet
  facet normal 0 0 -1
    outer loop
      vertex 27.8907 33.1137 0.6
      vertex 26.4666 34.3344 0.6
      vertex 27.4668 34.3344 0.6
    endloop
  endfacet
  facet normal 0 0 -1
    outer loop
      vertex 28.1144 32.361 0.6
      vertex 29.7114 33.1137 0.6
      vertex 29.4876 32.361 0.6
    endloop
  endfacet
  facet normal -0 0 -1
    outer loop
      vertex 29.7114 33.1137 0.6
      vertex 28.1144 32.361 0.6
      vertex 27.8907 33.1137 0.6
    endloop
  endfacet
  facet normal 0 0 -1
    outer loop
      vertex 23.4732 30.7098 0.6
      vertex 24.3368 30.4629 0.6
      vertex 24.2968 30.3487 0.6
    endloop
  endfacet
  facet normal 0 0 -1
    outer loop
      vertex 23.4406 30.6109 0.6
      vertex 24.2968 30.3487 0.6
      vertex 24.2517 30.2419 0.6
    endloop
  endfacet
  facet normal 0 0 -1
    outer loop
      vertex 23.4406 30.6109 0.6
      vertex 24.2517 30.2419 0.6
      vertex 24.2016 30.1423 0.6
    endloop
  endfacet
  facet normal 0 0 -1
    outer loop
      vertex 23.4002 30.5236 0.6
      vertex 24.2016 30.1423 0.6
      vertex 24.1464 30.05 0.6
    endloop
  endfacet
  facet normal 0 0 -1
    outer loop
      vertex 23.4002 30.5236 0.6
      vertex 24.1464 30.05 0.6
      vertex 24.0862 29.965 0.6
    endloop
  endfacet
  facet normal 0 0 -1
    outer loop
      vertex 23.3519 30.448 0.6
      vertex 24.0862 29.965 0.6
      vertex 24.0209 29.8872 0.6
    endloop
  endfacet
  facet normal 0 0 -1
    outer loop
      vertex 23.3519 30.448 0.6
      vertex 24.0209 29.8872 0.6
      vertex 23.9505 29.8168 0.6
    endloop
  endfacet
  facet normal 0 0 -1
    outer loop
      vertex 23.2957 30.3839 0.6
      vertex 23.9505 29.8168 0.6
      vertex 23.875 29.7536 0.6
    endloop
  endfacet
  facet normal 0 0 -1
    outer loop
      vertex 23.2957 30.3839 0.6
      vertex 23.875 29.7536 0.6
      vertex 23.7939 29.6974 0.6
    endloop
  endfacet
  facet normal 0 0 -1
    outer loop
      vertex 23.2957 30.3839 0.6
      vertex 23.7939 29.6974 0.6
      vertex 23.7064 29.6478 0.6
    endloop
  endfacet
  facet normal 0 0 -1
    outer loop
      vertex 23.2317 30.3316 0.6
      vertex 23.7064 29.6478 0.6
      vertex 23.6126 29.6048 0.6
    endloop
  endfacet
  facet normal 0 0 -1
    outer loop
      vertex 23.2317 30.3316 0.6
      vertex 23.6126 29.6048 0.6
      vertex 23.5125 29.5685 0.6
    endloop
  endfacet
  facet normal 0 0 -1
    outer loop
      vertex 24.0862 29.965 0.6
      vertex 23.3519 30.448 0.6
      vertex 23.4002 30.5236 0.6
    endloop
  endfacet
  facet normal 0 0 -1
    outer loop
      vertex 24.3368 30.4629 0.6
      vertex 23.4732 30.7098 0.6
      vertex 24.3717 30.5843 0.6
    endloop
  endfacet
  facet normal 0 0 -1
    outer loop
      vertex 23.1598 30.2908 0.6
      vertex 23.5125 29.5685 0.6
      vertex 23.4061 29.5387 0.6
    endloop
  endfacet
  facet normal 0 0 -1
    outer loop
      vertex 24.2968 30.3487 0.6
      vertex 23.4406 30.6109 0.6
      vertex 23.4732 30.7098 0.6
    endloop
  endfacet
  facet normal 0 0 -1
    outer loop
      vertex 24.2016 30.1423 0.6
      vertex 23.4002 30.5236 0.6
      vertex 23.4406 30.6109 0.6
    endloop
  endfacet
  facet normal 0 0 -1
    outer loop
      vertex 23.9505 29.8168 0.6
      vertex 23.2957 30.3839 0.6
      vertex 23.3519 30.448 0.6
    endloop
  endfacet
  facet normal 0 0 -1
    outer loop
      vertex 23.1598 30.2908 0.6
      vertex 23.4061 29.5387 0.6
      vertex 23.2933 29.5155 0.6
    endloop
  endfacet
  facet normal 0 0 -1
    outer loop
      vertex 23.7064 29.6478 0.6
      vertex 23.2317 30.3316 0.6
      vertex 23.2957 30.3839 0.6
    endloop
  endfacet
  facet normal 0 0 -1
    outer loop
      vertex 23.08 30.2617 0.6
      vertex 23.2933 29.5155 0.6
      vertex 23.1742 29.499 0.6
    endloop
  endfacet
  facet normal 0 0 -1
    outer loop
      vertex 23.5125 29.5685 0.6
      vertex 23.1598 30.2908 0.6
      vertex 23.2317 30.3316 0.6
    endloop
  endfacet
  facet normal 0 0 -1
    outer loop
      vertex 23.2933 29.5155 0.6
      vertex 23.08 30.2617 0.6
      vertex 23.1598 30.2908 0.6
    endloop
  endfacet
  facet normal 0 0 -1
    outer loop
      vertex 22.9923 30.2443 0.6
      vertex 23.1742 29.499 0.6
      vertex 23.0489 29.4891 0.6
    endloop
  endfacet
  facet normal 0 0 -1
    outer loop
      vertex 23.1742 29.499 0.6
      vertex 22.9923 30.2443 0.6
      vertex 23.08 30.2617 0.6
    endloop
  endfacet
  facet normal 0 0 -1
    outer loop
      vertex 22.9172 29.4858 0.6
      vertex 22.9923 30.2443 0.6
      vertex 23.0489 29.4891 0.6
    endloop
  endfacet
  facet normal 0 0 -1
    outer loop
      vertex 22.9172 29.4858 0.6
      vertex 22.8968 30.2385 0.6
      vertex 22.9923 30.2443 0.6
    endloop
  endfacet
  facet normal 0 0 -1
    outer loop
      vertex 22.7322 29.4938 0.6
      vertex 22.8968 30.2385 0.6
      vertex 22.9172 29.4858 0.6
    endloop
  endfacet
  facet normal -0 0 -1
    outer loop
      vertex 22.8968 30.2385 0.6
      vertex 22.7322 29.4938 0.6
      vertex 22.8137 30.2432 0.6
    endloop
  endfacet
  facet normal -0 0 -1
    outer loop
      vertex 22.8137 30.2432 0.6
      vertex 22.7322 29.4938 0.6
      vertex 22.7346 30.2574 0.6
    endloop
  endfacet
  facet normal 0 0 -1
    outer loop
      vertex 22.5569 29.5177 0.6
      vertex 22.7346 30.2574 0.6
      vertex 22.7322 29.4938 0.6
    endloop
  endfacet
  facet normal -0 0 -1
    outer loop
      vertex 22.7346 30.2574 0.6
      vertex 22.5569 29.5177 0.6
      vertex 22.6596 30.2811 0.6
    endloop
  endfacet
  facet normal 0 0 -1
    outer loop
      vertex 22.3914 29.5576 0.6
      vertex 22.6596 30.2811 0.6
      vertex 22.5569 29.5177 0.6
    endloop
  endfacet
  facet normal -0 0 -1
    outer loop
      vertex 22.6596 30.2811 0.6
      vertex 22.3914 29.5576 0.6
      vertex 22.5887 30.3142 0.6
    endloop
  endfacet
  facet normal 0 0 -1
    outer loop
      vertex 22.2357 29.6134 0.6
      vertex 22.5887 30.3142 0.6
      vertex 22.3914 29.5576 0.6
    endloop
  endfacet
  facet normal -0 0 -1
    outer loop
      vertex 22.5887 30.3142 0.6
      vertex 22.2357 29.6134 0.6
      vertex 22.5218 30.3567 0.6
    endloop
  endfacet
  facet normal 0 0 -1
    outer loop
      vertex 22.0897 29.6852 0.6
      vertex 22.5218 30.3567 0.6
      vertex 22.2357 29.6134 0.6
    endloop
  endfacet
  facet normal 0 0 -1
    outer loop
      vertex 21.9535 29.7729 0.6
      vertex 22.5218 30.3567 0.6
      vertex 22.0897 29.6852 0.6
    endloop
  endfacet
  facet normal -0 0 -1
    outer loop
      vertex 22.5218 30.3567 0.6
      vertex 21.9535 29.7729 0.6
      vertex 22.459 30.4088 0.6
    endloop
  endfacet
  facet normal 0 0 -1
    outer loop
      vertex 21.827 29.8765 0.6
      vertex 22.459 30.4088 0.6
      vertex 21.9535 29.7729 0.6
    endloop
  endfacet
  facet normal -0 0 -1
    outer loop
      vertex 22.459 30.4088 0.6
      vertex 21.827 29.8765 0.6
      vertex 22.4003 30.4703 0.6
    endloop
  endfacet
  facet normal 0 0 -1
    outer loop
      vertex 21.7102 29.9962 0.6
      vertex 22.4003 30.4703 0.6
      vertex 21.827 29.8765 0.6
    endloop
  endfacet
  facet normal -0 0 -1
    outer loop
      vertex 22.4003 30.4703 0.6
      vertex 21.7102 29.9962 0.6
      vertex 22.3456 30.5412 0.6
    endloop
  endfacet
  facet normal 0 0 -1
    outer loop
      vertex 21.6033 30.1317 0.6
      vertex 22.3456 30.5412 0.6
      vertex 21.7102 29.9962 0.6
    endloop
  endfacet
  facet normal -0 0 -1
    outer loop
      vertex 22.3456 30.5412 0.6
      vertex 21.6033 30.1317 0.6
      vertex 22.295 30.6216 0.6
    endloop
  endfacet
  facet normal 0 0 -1
    outer loop
      vertex 21.5068 30.2831 0.6
      vertex 22.295 30.6216 0.6
      vertex 21.6033 30.1317 0.6
    endloop
  endfacet
  facet normal -0 0 -1
    outer loop
      vertex 22.295 30.6216 0.6
      vertex 21.5068 30.2831 0.6
      vertex 22.2491 30.7117 0.6
    endloop
  endfacet
  facet normal 0 0 -1
    outer loop
      vertex 21.4218 30.45 0.6
      vertex 22.2491 30.7117 0.6
      vertex 21.5068 30.2831 0.6
    endloop
  endfacet
  facet normal -0 0 -1
    outer loop
      vertex 22.2491 30.7117 0.6
      vertex 21.4218 30.45 0.6
      vertex 22.2085 30.8115 0.6
    endloop
  endfacet
  facet normal 0 0 -1
    outer loop
      vertex 21.348 30.6326 0.6
      vertex 22.2085 30.8115 0.6
      vertex 21.4218 30.45 0.6
    endloop
  endfacet
  facet normal -0 0 -1
    outer loop
      vertex 22.2085 30.8115 0.6
      vertex 21.348 30.6326 0.6
      vertex 22.1735 30.9211 0.6
    endloop
  endfacet
  facet normal 0 0 -1
    outer loop
      vertex 21.2857 30.8308 0.6
      vertex 22.1735 30.9211 0.6
      vertex 21.348 30.6326 0.6
    endloop
  endfacet
  facet normal 0 0 -1
    outer loop
      vertex 21.1439 32.0559 0.6
      vertex 22.0763 31.7846 0.6
      vertex 21.1495 31.7796 0.6
    endloop
  endfacet
  facet normal -0 0 -1
    outer loop
      vertex 22.1735 30.9211 0.6
      vertex 21.2857 30.8308 0.6
      vertex 22.1438 31.0406 0.6
    endloop
  endfacet
  facet normal 0 -0 -1
    outer loop
      vertex 21.1495 32.3073 0.6
      vertex 22.0763 31.7846 0.6
      vertex 21.1439 32.0559 0.6
    endloop
  endfacet
  facet normal -0 0 -1
    outer loop
      vertex 22.1438 31.0406 0.6
      vertex 21.2857 30.8308 0.6
      vertex 22.1195 31.1698 0.6
    endloop
  endfacet
  facet normal 0 -0 -1
    outer loop
      vertex 21.1662 32.5445 0.6
      vertex 22.0763 31.7846 0.6
      vertex 21.1495 32.3073 0.6
    endloop
  endfacet
  facet normal 0 0 -1
    outer loop
      vertex 21.2346 31.0446 0.6
      vertex 22.1195 31.1698 0.6
      vertex 21.2857 30.8308 0.6
    endloop
  endfacet
  facet normal 0 -0 -1
    outer loop
      vertex 21.1941 32.7677 0.6
      vertex 22.0763 31.7846 0.6
      vertex 21.1662 32.5445 0.6
    endloop
  endfacet
  facet normal -0 0 -1
    outer loop
      vertex 22.1195 31.1698 0.6
      vertex 21.2346 31.0446 0.6
      vertex 22.1006 31.3088 0.6
    endloop
  endfacet
  facet normal 0 -0 -1
    outer loop
      vertex 21.2333 32.9768 0.6
      vertex 22.0763 31.7846 0.6
      vertex 21.1941 32.7677 0.6
    endloop
  endfacet
  facet normal 0 0 -1
    outer loop
      vertex 21.1949 31.274 0.6
      vertex 22.1006 31.3088 0.6
      vertex 21.2346 31.0446 0.6
    endloop
  endfacet
  facet normal 0 -0 -1
    outer loop
      vertex 21.2836 33.1718 0.6
      vertex 22.0763 31.7846 0.6
      vertex 21.2333 32.9768 0.6
    endloop
  endfacet
  facet normal -0 0 -1
    outer loop
      vertex 22.1006 31.3088 0.6
      vertex 21.1949 31.274 0.6
      vertex 22.0871 31.4576 0.6
    endloop
  endfacet
  facet normal 0 -0 -1
    outer loop
      vertex 21.345 33.3526 0.6
      vertex 22.0763 31.7846 0.6
      vertex 21.2836 33.1718 0.6
    endloop
  endfacet
  facet normal 0 0 -1
    outer loop
      vertex 21.1665 31.519 0.6
      vertex 22.0871 31.4576 0.6
      vertex 21.1949 31.274 0.6
    endloop
  endfacet
  facet normal 0 0 -1
    outer loop
      vertex 22.079 31.6162 0.6
      vertex 21.1495 31.7796 0.6
      vertex 22.0763 31.7846 0.6
    endloop
  endfacet
  facet normal 0 0 -1
    outer loop
      vertex 22.0871 31.4576 0.6
      vertex 21.1665 31.519 0.6
      vertex 22.079 31.6162 0.6
    endloop
  endfacet
  facet normal 0 0 -1
    outer loop
      vertex 21.1495 31.7796 0.6
      vertex 22.079 31.6162 0.6
      vertex 21.1665 31.519 0.6
    endloop
  endfacet
  facet normal 0 -0 -1
    outer loop
      vertex 21.4177 33.5193 0.6
      vertex 22.0763 31.7846 0.6
      vertex 21.345 33.3526 0.6
    endloop
  endfacet
  facet normal 0 -0 -1
    outer loop
      vertex 21.5015 33.672 0.6
      vertex 22.0763 31.7846 0.6
      vertex 21.4177 33.5193 0.6
    endloop
  endfacet
  facet normal 0 -0 -1
    outer loop
      vertex 21.5965 33.8105 0.6
      vertex 22.0763 31.7846 0.6
      vertex 21.5015 33.672 0.6
    endloop
  endfacet
  facet normal 0 0 -1
    outer loop
      vertex 21.9418 34.1392 0.6
      vertex 21.7019 33.9347 0.6
      vertex 21.817 34.0443 0.6
    endloop
  endfacet
  facet normal 0 -0 -1
    outer loop
      vertex 21.7019 33.9347 0.6
      vertex 22.0763 31.7846 0.6
      vertex 21.5965 33.8105 0.6
    endloop
  endfacet
  facet normal 0 0 -1
    outer loop
      vertex 22.0763 31.7846 0.6
      vertex 21.9418 34.1392 0.6
      vertex 22.0762 34.2196 0.6
    endloop
  endfacet
  facet normal 0 0 -1
    outer loop
      vertex 22.0763 31.7846 0.6
      vertex 21.7019 33.9347 0.6
      vertex 21.9418 34.1392 0.6
    endloop
  endfacet
  facet normal 0 0 -1
    outer loop
      vertex 23.5421 32.7104 0.6
      vertex 24.5006 32.7713 0.6
      vertex 24.4959 32.6197 0.6
    endloop
  endfacet
  facet normal 0 0 -1
    outer loop
      vertex 23.5351 32.627 0.6
      vertex 24.4959 32.6197 0.6
      vertex 24.4821 32.4753 0.6
    endloop
  endfacet
  facet normal -0 0 -1
    outer loop
      vertex 24.5006 32.7713 0.6
      vertex 23.5421 32.7104 0.6
      vertex 23.5444 32.7984 0.6
    endloop
  endfacet
  facet normal 0 0 -1
    outer loop
      vertex 23.5235 32.5484 0.6
      vertex 24.4821 32.4753 0.6
      vertex 24.4591 32.338 0.6
    endloop
  endfacet
  facet normal 0 0 -1
    outer loop
      vertex 24.5006 32.7713 0.6
      vertex 23.5444 32.7984 0.6
      vertex 24.4953 32.9367 0.6
    endloop
  endfacet
  facet normal 0 0 -1
    outer loop
      vertex 23.5072 32.4746 0.6
      vertex 24.4591 32.338 0.6
      vertex 24.4269 32.208 0.6
    endloop
  endfacet
  facet normal -0 0 -1
    outer loop
      vertex 24.4953 32.9367 0.6
      vertex 23.5422 32.8859 0.6
      vertex 24.4795 33.0941 0.6
    endloop
  endfacet
  facet normal 0 0 -1
    outer loop
      vertex 23.5072 32.4746 0.6
      vertex 24.4269 32.208 0.6
      vertex 24.3854 32.0852 0.6
    endloop
  endfacet
  facet normal 0 0 -1
    outer loop
      vertex 23.5355 32.9691 0.6
      vertex 24.4795 33.0941 0.6
      vertex 23.5422 32.8859 0.6
    endloop
  endfacet
  facet normal 0 0 -1
    outer loop
      vertex 23.4863 32.4054 0.6
      vertex 24.3854 32.0852 0.6
      vertex 24.3348 31.9696 0.6
    endloop
  endfacet
  facet normal 0 0 -1
    outer loop
      vertex 23.5244 33.048 0.6
      vertex 24.4795 33.0941 0.6
      vertex 23.5355 32.9691 0.6
    endloop
  endfacet
  facet normal 0 0 -1
    outer loop
      vertex 23.4608 32.341 0.6
      vertex 24.3348 31.9696 0.6
      vertex 24.2749 31.8612 0.6
    endloop
  endfacet
  facet normal -0 0 -1
    outer loop
      vertex 24.4795 33.0941 0.6
      vertex 23.5244 33.048 0.6
      vertex 24.4531 33.2433 0.6
    endloop
  endfacet
  facet normal 0 0 -1
    outer loop
      vertex 23.4306 32.2814 0.6
      vertex 24.2749 31.8612 0.6
      vertex 24.2059 31.76 0.6
    endloop
  endfacet
  facet normal 0 0 -1
    outer loop
      vertex 23.5089 33.1226 0.6
      vertex 24.4531 33.2433 0.6
      vertex 23.5244 33.048 0.6
    endloop
  endfacet
  facet normal 0 0 -1
    outer loop
      vertex 23.4306 32.2814 0.6
      vertex 24.2059 31.76 0.6
      vertex 24.1276 31.666 0.6
    endloop
  endfacet
  facet normal -0 0 -1
    outer loop
      vertex 24.4531 33.2433 0.6
      vertex 23.5089 33.1226 0.6
      vertex 24.4162 33.3844 0.6
    endloop
  endfacet
  facet normal 0 0 -1
    outer loop
      vertex 23.3957 32.2264 0.6
      vertex 24.1276 31.666 0.6
      vertex 24.0414 31.5806 0.6
    endloop
  endfacet
  facet normal 0 0 -1
    outer loop
      vertex 23.4889 33.1928 0.6
      vertex 24.4162 33.3844 0.6
      vertex 23.5089 33.1226 0.6
    endloop
  endfacet
  facet normal 0 0 -1
    outer loop
      vertex 23.3562 32.1762 0.6
      vertex 24.0414 31.5806 0.6
      vertex 23.9486 31.5052 0.6
    endloop
  endfacet
  facet normal -0 0 -1
    outer loop
      vertex 24.4162 33.3844 0.6
      vertex 23.4889 33.1928 0.6
      vertex 24.3687 33.5174 0.6
    endloop
  endfacet
  facet normal 0 0 -1
    outer loop
      vertex 23.3562 32.1762 0.6
      vertex 23.9486 31.5052 0.6
      vertex 23.8492 31.4399 0.6
    endloop
  endfacet
  facet normal -0 0 -1
    outer loop
      vertex 24.3687 33.5174 0.6
      vertex 23.4889 33.1928 0.6
      vertex 24.3107 33.6423 0.6
    endloop
  endfacet
  facet normal 0 0 -1
    outer loop
      vertex 23.3127 32.131 0.6
      vertex 23.8492 31.4399 0.6
      vertex 23.7432 31.3847 0.6
    endloop
  endfacet
  facet normal 0 0 -1
    outer loop
      vertex 23.2656 32.0912 0.6
      vertex 23.7432 31.3847 0.6
      vertex 23.6305 31.3395 0.6
    endloop
  endfacet
  facet normal 0 0 -1
    outer loop
      vertex 23.5422 32.8859 0.6
      vertex 24.4953 32.9367 0.6
      vertex 23.5444 32.7984 0.6
    endloop
  endfacet
  facet normal -0 0 -1
    outer loop
      vertex 24.3107 33.6423 0.6
      vertex 23.4645 33.2588 0.6
      vertex 24.2421 33.759 0.6
    endloop
  endfacet
  facet normal 0 0 -1
    outer loop
      vertex 23.4645 33.2588 0.6
      vertex 24.3107 33.6423 0.6
      vertex 23.4889 33.1928 0.6
    endloop
  endfacet
  facet normal 0 0 -1
    outer loop
      vertex 24.4959 32.6197 0.6
      vertex 23.5351 32.627 0.6
      vertex 23.5421 32.7104 0.6
    endloop
  endfacet
  facet normal 0 0 -1
    outer loop
      vertex 24.4821 32.4753 0.6
      vertex 23.5235 32.5484 0.6
      vertex 23.5351 32.627 0.6
    endloop
  endfacet
  facet normal 0 0 -1
    outer loop
      vertex 23.2151 32.0566 0.6
      vertex 23.6305 31.3395 0.6
      vertex 23.5113 31.3043 0.6
    endloop
  endfacet
  facet normal 0 0 -1
    outer loop
      vertex 24.4591 32.338 0.6
      vertex 23.5072 32.4746 0.6
      vertex 23.5235 32.5484 0.6
    endloop
  endfacet
  facet normal 0 0 -1
    outer loop
      vertex 24.3854 32.0852 0.6
      vertex 23.4863 32.4054 0.6
      vertex 23.5072 32.4746 0.6
    endloop
  endfacet
  facet normal 0 0 -1
    outer loop
      vertex 24.3348 31.9696 0.6
      vertex 23.4608 32.341 0.6
      vertex 23.4863 32.4054 0.6
    endloop
  endfacet
  facet normal 0 0 -1
    outer loop
      vertex 24.2749 31.8612 0.6
      vertex 23.4306 32.2814 0.6
      vertex 23.4608 32.341 0.6
    endloop
  endfacet
  facet normal 0 0 -1
    outer loop
      vertex 24.1276 31.666 0.6
      vertex 23.3957 32.2264 0.6
      vertex 23.4306 32.2814 0.6
    endloop
  endfacet
  facet normal 0 0 -1
    outer loop
      vertex 23.1612 32.0274 0.6
      vertex 23.5113 31.3043 0.6
      vertex 23.3854 31.2792 0.6
    endloop
  endfacet
  facet normal 0 0 -1
    outer loop
      vertex 24.0414 31.5806 0.6
      vertex 23.3562 32.1762 0.6
      vertex 23.3957 32.2264 0.6
    endloop
  endfacet
  facet normal 0 0 -1
    outer loop
      vertex 23.8492 31.4399 0.6
      vertex 23.3127 32.131 0.6
      vertex 23.3562 32.1762 0.6
    endloop
  endfacet
  facet normal 0 0 -1
    outer loop
      vertex 23.7432 31.3847 0.6
      vertex 23.2656 32.0912 0.6
      vertex 23.3127 32.131 0.6
    endloop
  endfacet
  facet normal 0 0 -1
    outer loop
      vertex 23.1037 32.0034 0.6
      vertex 23.3854 31.2792 0.6
      vertex 23.2529 31.2641 0.6
    endloop
  endfacet
  facet normal 0 0 -1
    outer loop
      vertex 23.6305 31.3395 0.6
      vertex 23.2151 32.0566 0.6
      vertex 23.2656 32.0912 0.6
    endloop
  endfacet
  facet normal 0 0 -1
    outer loop
      vertex 23.5113 31.3043 0.6
      vertex 23.1612 32.0274 0.6
      vertex 23.2151 32.0566 0.6
    endloop
  endfacet
  facet normal 0 0 -1
    outer loop
      vertex 23.0428 31.9848 0.6
      vertex 23.2529 31.2641 0.6
      vertex 23.1138 31.2591 0.6
    endloop
  endfacet
  facet normal 0 0 -1
    outer loop
      vertex 23.3854 31.2792 0.6
      vertex 23.1037 32.0034 0.6
      vertex 23.1612 32.0274 0.6
    endloop
  endfacet
  facet normal 0 0 -1
    outer loop
      vertex 23.2529 31.2641 0.6
      vertex 23.0428 31.9848 0.6
      vertex 23.1037 32.0034 0.6
    endloop
  endfacet
  facet normal 0 0 -1
    outer loop
      vertex 23.0386 31.2608 0.6
      vertex 23.0428 31.9848 0.6
      vertex 23.1138 31.2591 0.6
    endloop
  endfacet
  facet normal 0 0 -1
    outer loop
      vertex 23.0386 31.2608 0.6
      vertex 22.9784 31.9716 0.6
      vertex 23.0428 31.9848 0.6
    endloop
  endfacet
  facet normal 0 0 -1
    outer loop
      vertex 22.9651 31.2658 0.6
      vertex 22.9784 31.9716 0.6
      vertex 23.0386 31.2608 0.6
    endloop
  endfacet
  facet normal 0 0 -1
    outer loop
      vertex 22.9651 31.2658 0.6
      vertex 22.9105 31.9636 0.6
      vertex 22.9784 31.9716 0.6
    endloop
  endfacet
  facet normal 0 0 -1
    outer loop
      vertex 22.8934 31.2742 0.6
      vertex 22.9105 31.9636 0.6
      vertex 22.9651 31.2658 0.6
    endloop
  endfacet
  facet normal 0 0 -1
    outer loop
      vertex 22.8235 31.2859 0.6
      vertex 22.9105 31.9636 0.6
      vertex 22.8934 31.2742 0.6
    endloop
  endfacet
  facet normal 0 0 -1
    outer loop
      vertex 22.9105 31.9636 0.6
      vertex 22.8235 31.2859 0.6
      vertex 22.8391 31.9609 0.6
    endloop
  endfacet
  facet normal 0 0 -1
    outer loop
      vertex 22.7553 31.3009 0.6
      vertex 22.8391 31.9609 0.6
      vertex 22.8235 31.2859 0.6
    endloop
  endfacet
  facet normal 0 0 -1
    outer loop
      vertex 22.6889 31.3194 0.6
      vertex 22.8391 31.9609 0.6
      vertex 22.7553 31.3009 0.6
    endloop
  endfacet
  facet normal -0 0 -1
    outer loop
      vertex 22.8391 31.9609 0.6
      vertex 22.6889 31.3194 0.6
      vertex 22.7706 31.9634 0.6
    endloop
  endfacet
  facet normal 0 0 -1
    outer loop
      vertex 22.6242 31.3411 0.6
      vertex 22.7706 31.9634 0.6
      vertex 22.6889 31.3194 0.6
    endloop
  endfacet
  facet normal 0 0 -1
    outer loop
      vertex 22.5613 31.3663 0.6
      vertex 22.7706 31.9634 0.6
      vertex 22.6242 31.3411 0.6
    endloop
  endfacet
  facet normal -0 0 -1
    outer loop
      vertex 22.7706 31.9634 0.6
      vertex 22.5613 31.3663 0.6
      vertex 22.7052 31.9709 0.6
    endloop
  endfacet
  facet normal 0 0 -1
    outer loop
      vertex 22.5001 31.3947 0.6
      vertex 22.7052 31.9709 0.6
      vertex 22.5613 31.3663 0.6
    endloop
  endfacet
  facet normal -0 0 -1
    outer loop
      vertex 22.7052 31.9709 0.6
      vertex 22.5001 31.3947 0.6
      vertex 22.6429 31.9834 0.6
    endloop
  endfacet
  facet normal 0 0 -1
    outer loop
      vertex 22.4413 31.4263 0.6
      vertex 22.6429 31.9834 0.6
      vertex 22.5001 31.3947 0.6
    endloop
  endfacet
  facet normal 0 0 -1
    outer loop
      vertex 22.3854 31.4609 0.6
      vertex 22.6429 31.9834 0.6
      vertex 22.4413 31.4263 0.6
    endloop
  endfacet
  facet normal -0 0 -1
    outer loop
      vertex 22.6429 31.9834 0.6
      vertex 22.3854 31.4609 0.6
      vertex 22.5837 32.0008 0.6
    endloop
  endfacet
  facet normal 0 0 -1
    outer loop
      vertex 22.3325 31.4983 0.6
      vertex 22.5837 32.0008 0.6
      vertex 22.3854 31.4609 0.6
    endloop
  endfacet
  facet normal 0 0 -1
    outer loop
      vertex 22.2824 31.5387 0.6
      vertex 22.5837 32.0008 0.6
      vertex 22.3325 31.4983 0.6
    endloop
  endfacet
  facet normal -0 0 -1
    outer loop
      vertex 22.5837 32.0008 0.6
      vertex 22.2824 31.5387 0.6
      vertex 22.5275 32.0232 0.6
    endloop
  endfacet
  facet normal 0 0 -1
    outer loop
      vertex 22.2353 31.582 0.6
      vertex 22.5275 32.0232 0.6
      vertex 22.2824 31.5387 0.6
    endloop
  endfacet
  facet normal 0 0 -1
    outer loop
      vertex 22.1912 31.6283 0.6
      vertex 22.5275 32.0232 0.6
      vertex 22.2353 31.582 0.6
    endloop
  endfacet
  facet normal -0 0 -1
    outer loop
      vertex 22.5275 32.0232 0.6
      vertex 22.1912 31.6283 0.6
      vertex 22.4745 32.0506 0.6
    endloop
  endfacet
  facet normal 0 0 -1
    outer loop
      vertex 22.1499 31.6775 0.6
      vertex 22.4745 32.0506 0.6
      vertex 22.1912 31.6283 0.6
    endloop
  endfacet
  facet normal 0 0 -1
    outer loop
      vertex 22.1116 31.7296 0.6
      vertex 22.4745 32.0506 0.6
      vertex 22.1499 31.6775 0.6
    endloop
  endfacet
  facet normal -0 0 -1
    outer loop
      vertex 22.4745 32.0506 0.6
      vertex 22.1116 31.7296 0.6
      vertex 22.4246 32.083 0.6
    endloop
  endfacet
  facet normal 0 0 -1
    outer loop
      vertex 22.0763 31.7846 0.6
      vertex 22.4246 32.083 0.6
      vertex 22.1116 31.7296 0.6
    endloop
  endfacet
  facet normal -0 0 -1
    outer loop
      vertex 22.4246 32.083 0.6
      vertex 22.0763 31.7846 0.6
      vertex 22.3777 32.1203 0.6
    endloop
  endfacet
  facet normal -0 0 -1
    outer loop
      vertex 22.3777 32.1203 0.6
      vertex 22.0763 31.7846 0.6
      vertex 22.334 32.1627 0.6
    endloop
  endfacet
  facet normal -0 0 -1
    outer loop
      vertex 22.334 32.1627 0.6
      vertex 22.0763 31.7846 0.6
      vertex 22.2941 32.2091 0.6
    endloop
  endfacet
  facet normal -0 0 -1
    outer loop
      vertex 22.2941 32.2091 0.6
      vertex 22.0763 31.7846 0.6
      vertex 22.2589 32.2588 0.6
    endloop
  endfacet
  facet normal -0 0 -1
    outer loop
      vertex 22.2589 32.2588 0.6
      vertex 22.0763 31.7846 0.6
      vertex 22.2285 32.3117 0.6
    endloop
  endfacet
  facet normal -0 0 -1
    outer loop
      vertex 22.2285 32.3117 0.6
      vertex 22.0763 31.7846 0.6
      vertex 22.2027 32.3678 0.6
    endloop
  endfacet
  facet normal -0 0 -1
    outer loop
      vertex 22.2027 32.3678 0.6
      vertex 22.0763 31.7846 0.6
      vertex 22.1816 32.4271 0.6
    endloop
  endfacet
  facet normal -0 0 -1
    outer loop
      vertex 22.1816 32.4271 0.6
      vertex 22.0763 31.7846 0.6
      vertex 22.1652 32.4897 0.6
    endloop
  endfacet
  facet normal -0 0 -1
    outer loop
      vertex 22.1652 32.4897 0.6
      vertex 22.0763 31.7846 0.6
      vertex 22.1535 32.5555 0.6
    endloop
  endfacet
  facet normal -0 0 -1
    outer loop
      vertex 22.1535 32.5555 0.6
      vertex 22.0763 31.7846 0.6
      vertex 22.1464 32.6245 0.6
    endloop
  endfacet
  facet normal 0 0 -1
    outer loop
      vertex 23.4357 33.3204 0.6
      vertex 24.2421 33.759 0.6
      vertex 23.4645 33.2588 0.6
    endloop
  endfacet
  facet normal -0 0 -1
    outer loop
      vertex 24.2421 33.759 0.6
      vertex 23.4357 33.3204 0.6
      vertex 24.163 33.8677 0.6
    endloop
  endfacet
  facet normal 0 0 -1
    outer loop
      vertex 23.4024 33.3778 0.6
      vertex 24.163 33.8677 0.6
      vertex 23.4357 33.3204 0.6
    endloop
  endfacet
  facet normal -0 0 -1
    outer loop
      vertex 24.163 33.8677 0.6
      vertex 23.4024 33.3778 0.6
      vertex 24.0734 33.9682 0.6
    endloop
  endfacet
  facet normal 0 0 -1
    outer loop
      vertex 23.3647 33.4308 0.6
      vertex 24.0734 33.9682 0.6
      vertex 23.4024 33.3778 0.6
    endloop
  endfacet
  facet normal -0 0 -1
    outer loop
      vertex 24.0734 33.9682 0.6
      vertex 23.3647 33.4308 0.6
      vertex 23.9744 34.0592 0.6
    endloop
  endfacet
  facet normal 0 0 -1
    outer loop
      vertex 23.323 33.4788 0.6
      vertex 23.9744 34.0592 0.6
      vertex 23.3647 33.4308 0.6
    endloop
  endfacet
  facet normal -0 0 -1
    outer loop
      vertex 23.9744 34.0592 0.6
      vertex 23.323 33.4788 0.6
      vertex 23.8674 34.1396 0.6
    endloop
  endfacet
  facet normal -0 0 -1
    outer loop
      vertex 23.8674 34.1396 0.6
      vertex 23.323 33.4788 0.6
      vertex 23.7524 34.2093 0.6
    endloop
  endfacet
  facet normal 0 0 -1
    outer loop
      vertex 23.2778 33.5212 0.6
      vertex 23.7524 34.2093 0.6
      vertex 23.323 33.4788 0.6
    endloop
  endfacet
  facet normal -0 0 -1
    outer loop
      vertex 23.7524 34.2093 0.6
      vertex 23.2778 33.5212 0.6
      vertex 23.6293 34.2682 0.6
    endloop
  endfacet
  facet normal 0 0 -1
    outer loop
      vertex 23.2291 33.5579 0.6
      vertex 23.6293 34.2682 0.6
      vertex 23.2778 33.5212 0.6
    endloop
  endfacet
  facet normal -0 0 -1
    outer loop
      vertex 23.6293 34.2682 0.6
      vertex 23.2291 33.5579 0.6
      vertex 23.4982 34.3164 0.6
    endloop
  endfacet
  facet normal 0 0 -1
    outer loop
      vertex 23.1768 33.589 0.6
      vertex 23.4982 34.3164 0.6
      vertex 23.2291 33.5579 0.6
    endloop
  endfacet
  facet normal -0 0 -1
    outer loop
      vertex 23.4982 34.3164 0.6
      vertex 23.1768 33.589 0.6
      vertex 23.3591 34.3539 0.6
    endloop
  endfacet
  facet normal 0 0 -1
    outer loop
      vertex 23.1211 33.6144 0.6
      vertex 23.3591 34.3539 0.6
      vertex 23.1768 33.589 0.6
    endloop
  endfacet
  facet normal -0 0 -1
    outer loop
      vertex 23.3591 34.3539 0.6
      vertex 23.1211 33.6144 0.6
      vertex 23.2119 34.3807 0.6
    endloop
  endfacet
  facet normal 0 0 -1
    outer loop
      vertex 23.0618 33.6342 0.6
      vertex 23.2119 34.3807 0.6
      vertex 23.1211 33.6144 0.6
    endloop
  endfacet
  facet normal 0 0 -1
    outer loop
      vertex 22.999 33.6483 0.6
      vertex 23.2119 34.3807 0.6
      vertex 23.0618 33.6342 0.6
    endloop
  endfacet
  facet normal -0 0 -1
    outer loop
      vertex 23.2119 34.3807 0.6
      vertex 22.999 33.6483 0.6
      vertex 23.0567 34.3968 0.6
    endloop
  endfacet
  facet normal 0 0 -1
    outer loop
      vertex 22.9327 33.6568 0.6
      vertex 23.0567 34.3968 0.6
      vertex 22.999 33.6483 0.6
    endloop
  endfacet
  facet normal 0 0 -1
    outer loop
      vertex 22.9327 33.6568 0.6
      vertex 22.8934 34.4022 0.6
      vertex 23.0567 34.3968 0.6
    endloop
  endfacet
  facet normal 0 0 -1
    outer loop
      vertex 22.8629 33.6596 0.6
      vertex 22.8934 34.4022 0.6
      vertex 22.9327 33.6568 0.6
    endloop
  endfacet
  facet normal 0 0 -1
    outer loop
      vertex 22.7106 34.3949 0.6
      vertex 22.8629 33.6596 0.6
      vertex 22.7929 33.6562 0.6
    endloop
  endfacet
  facet normal 0 0 -1
    outer loop
      vertex 22.7106 34.3949 0.6
      vertex 22.7929 33.6562 0.6
      vertex 22.7259 33.6461 0.6
    endloop
  endfacet
  facet normal 0 0 -1
    outer loop
      vertex 22.8629 33.6596 0.6
      vertex 22.7106 34.3949 0.6
      vertex 22.8934 34.4022 0.6
    endloop
  endfacet
  facet normal 0 0 -1
    outer loop
      vertex 22.5375 34.373 0.6
      vertex 22.7259 33.6461 0.6
      vertex 22.6619 33.6293 0.6
    endloop
  endfacet
  facet normal 0 0 -1
    outer loop
      vertex 22.3741 34.3364 0.6
      vertex 22.6619 33.6293 0.6
      vertex 22.601 33.6057 0.6
    endloop
  endfacet
  facet normal 0 0 -1
    outer loop
      vertex 22.2203 34.2853 0.6
      vertex 22.601 33.6057 0.6
      vertex 22.5432 33.5754 0.6
    endloop
  endfacet
  facet normal 0 0 -1
    outer loop
      vertex 22.7259 33.6461 0.6
      vertex 22.5375 34.373 0.6
      vertex 22.7106 34.3949 0.6
    endloop
  endfacet
  facet normal 0 0 -1
    outer loop
      vertex 22.0762 34.2196 0.6
      vertex 22.5432 33.5754 0.6
      vertex 22.4884 33.5383 0.6
    endloop
  endfacet
  facet normal 0 0 -1
    outer loop
      vertex 22.0762 34.2196 0.6
      vertex 22.4884 33.5383 0.6
      vertex 22.4367 33.4945 0.6
    endloop
  endfacet
  facet normal 0 0 -1
    outer loop
      vertex 22.0762 34.2196 0.6
      vertex 22.4367 33.4945 0.6
      vertex 22.3881 33.444 0.6
    endloop
  endfacet
  facet normal 0 0 -1
    outer loop
      vertex 22.6619 33.6293 0.6
      vertex 22.3741 34.3364 0.6
      vertex 22.5375 34.373 0.6
    endloop
  endfacet
  facet normal 0 0 -1
    outer loop
      vertex 22.0762 34.2196 0.6
      vertex 22.3881 33.444 0.6
      vertex 22.3425 33.3867 0.6
    endloop
  endfacet
  facet normal 0 0 -1
    outer loop
      vertex 22.0762 34.2196 0.6
      vertex 22.3425 33.3867 0.6
      vertex 22.3008 33.3242 0.6
    endloop
  endfacet
  facet normal 0 0 -1
    outer loop
      vertex 22.0762 34.2196 0.6
      vertex 22.3008 33.3242 0.6
      vertex 22.2641 33.2582 0.6
    endloop
  endfacet
  facet normal 0 0 -1
    outer loop
      vertex 22.0762 34.2196 0.6
      vertex 22.2641 33.2582 0.6
      vertex 22.2323 33.1887 0.6
    endloop
  endfacet
  facet normal 0 0 -1
    outer loop
      vertex 22.601 33.6057 0.6
      vertex 22.2203 34.2853 0.6
      vertex 22.3741 34.3364 0.6
    endloop
  endfacet
  facet normal 0 0 -1
    outer loop
      vertex 22.0762 34.2196 0.6
      vertex 22.2323 33.1887 0.6
      vertex 22.2053 33.1156 0.6
    endloop
  endfacet
  facet normal 0 0 -1
    outer loop
      vertex 22.0762 34.2196 0.6
      vertex 22.2053 33.1156 0.6
      vertex 22.1833 33.0389 0.6
    endloop
  endfacet
  facet normal 0 0 -1
    outer loop
      vertex 22.0762 34.2196 0.6
      vertex 22.1833 33.0389 0.6
      vertex 22.1661 32.9587 0.6
    endloop
  endfacet
  facet normal 0 0 -1
    outer loop
      vertex 22.0762 34.2196 0.6
      vertex 22.1661 32.9587 0.6
      vertex 22.1539 32.8749 0.6
    endloop
  endfacet
  facet normal 0 0 -1
    outer loop
      vertex 22.0762 34.2196 0.6
      vertex 22.1539 32.8749 0.6
      vertex 22.1466 32.7876 0.6
    endloop
  endfacet
  facet normal -0 0 -1
    outer loop
      vertex 22.1464 32.6245 0.6
      vertex 22.0763 31.7846 0.6
      vertex 22.1441 32.6967 0.6
    endloop
  endfacet
  facet normal -0 0 -1
    outer loop
      vertex 22.1441 32.6967 0.6
      vertex 22.0763 31.7846 0.6
      vertex 22.1466 32.7876 0.6
    endloop
  endfacet
  facet normal 0 0 -1
    outer loop
      vertex 22.0762 34.2196 0.6
      vertex 22.1466 32.7876 0.6
      vertex 22.0763 31.7846 0.6
    endloop
  endfacet
  facet normal 0 0 -1
    outer loop
      vertex 22.5432 33.5754 0.6
      vertex 22.0762 34.2196 0.6
      vertex 22.2203 34.2853 0.6
    endloop
  endfacet
  facet normal 0 0 -1
    outer loop
      vertex 16.8544 30.3673 0.6
      vertex 17.8072 29.557 0.6
      vertex 16.9053 29.557 0.6
    endloop
  endfacet
  facet normal 0 0 -1
    outer loop
      vertex 17.8072 33.6257 0.6
      vertex 18.9024 34.3344 0.6
      vertex 18.9024 33.6257 0.6
    endloop
  endfacet
  facet normal 0 0 -1
    outer loop
      vertex 17.8072 29.557 0.6
      vertex 16.8544 30.3673 0.6
      vertex 17.8072 33.6257 0.6
    endloop
  endfacet
  facet normal 0 0 -1
    outer loop
      vertex 16.8544 33.6257 0.6
      vertex 17.8072 33.6257 0.6
      vertex 16.8544 30.3673 0.6
    endloop
  endfacet
  facet normal 0 0 -1
    outer loop
      vertex 16.8544 33.6257 0.6
      vertex 18.9024 34.3344 0.6
      vertex 17.8072 33.6257 0.6
    endloop
  endfacet
  facet normal 0 0 -1
    outer loop
      vertex 15.6712 34.3344 0.6
      vertex 16.8544 33.6257 0.6
      vertex 15.6712 33.6257 0.6
    endloop
  endfacet
  facet normal 0 0 -1
    outer loop
      vertex 16.8544 33.6257 0.6
      vertex 15.6712 34.3344 0.6
      vertex 18.9024 34.3344 0.6
    endloop
  endfacet
  facet normal 0 0 -1
    outer loop
      vertex 15.7084 30.3334 0.6
      vertex 16.8544 30.3673 0.6
      vertex 16.9053 29.557 0.6
    endloop
  endfacet
  facet normal -0 0 -1
    outer loop
      vertex 16.8544 30.3673 0.6
      vertex 15.7084 30.3334 0.6
      vertex 15.7084 31.0828 0.6
    endloop
  endfacet
  facet normal 0 0 -1
    outer loop
      vertex 36.9908 29.557 0.6
      vertex 35.4447 30.33 0.6
      vertex 36.9908 30.33 0.6
    endloop
  endfacet
  facet normal 0 0 -1
    outer loop
      vertex 35.4447 30.33 0.6
      vertex 34.4444 30.33 0.6
      vertex 35.4447 34.3344 0.6
    endloop
  endfacet
  facet normal 0 0 -1
    outer loop
      vertex 36.9908 29.557 0.6
      vertex 34.4444 30.33 0.6
      vertex 35.4447 30.33 0.6
    endloop
  endfacet
  facet normal 0 0 -1
    outer loop
      vertex 32.9017 29.557 0.6
      vertex 34.4444 30.33 0.6
      vertex 36.9908 29.557 0.6
    endloop
  endfacet
  facet normal -0 0 -1
    outer loop
      vertex 34.4444 30.33 0.6
      vertex 32.9017 29.557 0.6
      vertex 32.9017 30.33 0.6
    endloop
  endfacet
  facet normal -0 0 -1
    outer loop
      vertex 35.4447 34.3344 0.6
      vertex 34.4444 30.33 0.6
      vertex 34.4444 34.3344 0.6
    endloop
  endfacet
  facet normal 0 0 -1
    outer loop
      vertex 19.4767 33.3002 0.6
      vertex 20.4566 34.3344 0.6
      vertex 20.4566 33.3002 0.6
    endloop
  endfacet
  facet normal -0 0 -1
    outer loop
      vertex 20.4566 34.3344 0.6
      vertex 19.4767 33.3002 0.6
      vertex 19.4767 34.3344 0.6
    endloop
  endfacet
  facet normal -0.103183 -0.994662 0
    outer loop
      vertex 23.0567 34.3968 5.72205e-07
      vertex 23.2119 34.3807 0.6
      vertex 23.0567 34.3968 0.6
    endloop
  endfacet
  facet normal -0.103183 -0.994662 -0
    outer loop
      vertex 23.2119 34.3807 0.6
      vertex 23.0567 34.3968 5.72205e-07
      vertex 23.2119 34.3807 5.72205e-07
    endloop
  endfacet
  facet normal -0.179121 -0.983827 0
    outer loop
      vertex 23.2119 34.3807 5.72205e-07
      vertex 23.3591 34.3539 0.6
      vertex 23.2119 34.3807 0.6
    endloop
  endfacet
  facet normal -0.179121 -0.983827 -0
    outer loop
      vertex 23.3591 34.3539 0.6
      vertex 23.2119 34.3807 5.72205e-07
      vertex 23.3591 34.3539 5.72205e-07
    endloop
  endfacet
  facet normal -0.260297 -0.965529 0
    outer loop
      vertex 23.3591 34.3539 5.72205e-07
      vertex 23.4982 34.3164 0.6
      vertex 23.3591 34.3539 0.6
    endloop
  endfacet
  facet normal -0.260297 -0.965529 -0
    outer loop
      vertex 23.4982 34.3164 0.6
      vertex 23.3591 34.3539 5.72205e-07
      vertex 23.4982 34.3164 5.72205e-07
    endloop
  endfacet
  facet normal -0.345075 -0.938575 0
    outer loop
      vertex 23.4982 34.3164 5.72205e-07
      vertex 23.6293 34.2682 0.6
      vertex 23.4982 34.3164 0.6
    endloop
  endfacet
  facet normal -0.345075 -0.938575 -0
    outer loop
      vertex 23.6293 34.2682 0.6
      vertex 23.4982 34.3164 5.72205e-07
      vertex 23.6293 34.2682 5.72205e-07
    endloop
  endfacet
  facet normal -0.431611 -0.90206 0
    outer loop
      vertex 23.6293 34.2682 5.72205e-07
      vertex 23.7524 34.2093 0.6
      vertex 23.6293 34.2682 0.6
    endloop
  endfacet
  facet normal -0.431611 -0.90206 -0
    outer loop
      vertex 23.7524 34.2093 0.6
      vertex 23.6293 34.2682 5.72205e-07
      vertex 23.7524 34.2093 5.72205e-07
    endloop
  endfacet
  facet normal -0.518318 -0.855188 0
    outer loop
      vertex 23.7524 34.2093 5.72205e-07
      vertex 23.8674 34.1396 0.6
      vertex 23.7524 34.2093 0.6
    endloop
  endfacet
  facet normal -0.518318 -0.855188 -0
    outer loop
      vertex 23.8674 34.1396 0.6
      vertex 23.7524 34.2093 5.72205e-07
      vertex 23.8674 34.1396 5.72205e-07
    endloop
  endfacet
  facet normal -0.600717 -0.799462 0
    outer loop
      vertex 23.8674 34.1396 5.72205e-07
      vertex 23.9744 34.0592 0.6
      vertex 23.8674 34.1396 0.6
    endloop
  endfacet
  facet normal -0.600717 -0.799462 -0
    outer loop
      vertex 23.9744 34.0592 0.6
      vertex 23.8674 34.1396 5.72205e-07
      vertex 23.9744 34.0592 5.72205e-07
    endloop
  endfacet
  facet normal -0.676734 -0.736227 0
    outer loop
      vertex 23.9744 34.0592 5.72205e-07
      vertex 24.0734 33.9682 0.6
      vertex 23.9744 34.0592 0.6
    endloop
  endfacet
  facet normal -0.676734 -0.736227 -0
    outer loop
      vertex 24.0734 33.9682 0.6
      vertex 23.9744 34.0592 5.72205e-07
      vertex 24.0734 33.9682 5.72205e-07
    endloop
  endfacet
  facet normal -0.746425 -0.665469 0
    outer loop
      vertex 24.163 33.8677 5.72205e-07
      vertex 24.0734 33.9682 0.6
      vertex 24.0734 33.9682 5.72205e-07
    endloop
  endfacet
  facet normal -0.746425 -0.665469 0
    outer loop
      vertex 24.0734 33.9682 0.6
      vertex 24.163 33.8677 5.72205e-07
      vertex 24.163 33.8677 0.6
    endloop
  endfacet
  facet normal -0.808575 -0.588393 0
    outer loop
      vertex 24.2421 33.759 5.72205e-07
      vertex 24.163 33.8677 0.6
      vertex 24.163 33.8677 5.72205e-07
    endloop
  endfacet
  facet normal -0.808575 -0.588393 0
    outer loop
      vertex 24.163 33.8677 0.6
      vertex 24.2421 33.759 5.72205e-07
      vertex 24.2421 33.759 0.6
    endloop
  endfacet
  facet normal -0.862086 -0.506762 0
    outer loop
      vertex 24.3107 33.6423 5.72205e-07
      vertex 24.2421 33.759 0.6
      vertex 24.2421 33.759 5.72205e-07
    endloop
  endfacet
  facet normal -0.862086 -0.506762 0
    outer loop
      vertex 24.2421 33.759 0.6
      vertex 24.3107 33.6423 5.72205e-07
      vertex 24.3107 33.6423 0.6
    endloop
  endfacet
  facet normal -0.906979 -0.421175 0
    outer loop
      vertex 24.3687 33.5174 5.72205e-07
      vertex 24.3107 33.6423 0.6
      vertex 24.3107 33.6423 5.72205e-07
    endloop
  endfacet
  facet normal -0.906979 -0.421175 0
    outer loop
      vertex 24.3107 33.6423 0.6
      vertex 24.3687 33.5174 5.72205e-07
      vertex 24.3687 33.5174 0.6
    endloop
  endfacet
  facet normal -0.941742 -0.336336 0
    outer loop
      vertex 24.4162 33.3844 5.72205e-07
      vertex 24.3687 33.5174 0.6
      vertex 24.3687 33.5174 5.72205e-07
    endloop
  endfacet
  facet normal -0.941742 -0.336336 0
    outer loop
      vertex 24.3687 33.5174 0.6
      vertex 24.4162 33.3844 5.72205e-07
      vertex 24.4162 33.3844 0.6
    endloop
  endfacet
  facet normal -0.967464 -0.253008 0
    outer loop
      vertex 24.4531 33.2433 5.72205e-07
      vertex 24.4162 33.3844 0.6
      vertex 24.4162 33.3844 5.72205e-07
    endloop
  endfacet
  facet normal -0.967464 -0.253008 0
    outer loop
      vertex 24.4162 33.3844 0.6
      vertex 24.4531 33.2433 5.72205e-07
      vertex 24.4531 33.2433 0.6
    endloop
  endfacet
  facet normal -0.984704 -0.174237 0
    outer loop
      vertex 24.4795 33.0941 5.72205e-07
      vertex 24.4531 33.2433 0.6
      vertex 24.4531 33.2433 5.72205e-07
    endloop
  endfacet
  facet normal -0.984704 -0.174237 0
    outer loop
      vertex 24.4531 33.2433 0.6
      vertex 24.4795 33.0941 5.72205e-07
      vertex 24.4795 33.0941 0.6
    endloop
  endfacet
  facet normal -0.995 -0.0998792 0
    outer loop
      vertex 24.4953 32.9367 5.72205e-07
      vertex 24.4795 33.0941 0.6
      vertex 24.4795 33.0941 5.72205e-07
    endloop
  endfacet
  facet normal -0.995 -0.0998792 0
    outer loop
      vertex 24.4795 33.0941 0.6
      vertex 24.4953 32.9367 5.72205e-07
      vertex 24.4953 32.9367 0.6
    endloop
  endfacet
  facet normal -0.999487 -0.0320271 0
    outer loop
      vertex 24.5006 32.7713 5.72205e-07
      vertex 24.4953 32.9367 0.6
      vertex 24.4953 32.9367 5.72205e-07
    endloop
  endfacet
  facet normal -0.999487 -0.0320271 0
    outer loop
      vertex 24.4953 32.9367 0.6
      vertex 24.5006 32.7713 5.72205e-07
      vertex 24.5006 32.7713 0.6
    endloop
  endfacet
  facet normal -0.99952 0.0309877 0
    outer loop
      vertex 24.4959 32.6197 5.72205e-07
      vertex 24.5006 32.7713 0.6
      vertex 24.5006 32.7713 5.72205e-07
    endloop
  endfacet
  facet normal -0.99952 0.0309877 0
    outer loop
      vertex 24.5006 32.7713 0.6
      vertex 24.4959 32.6197 5.72205e-07
      vertex 24.4959 32.6197 0.6
    endloop
  endfacet
  facet normal -0.995464 0.0951344 0
    outer loop
      vertex 24.4821 32.4753 5.72205e-07
      vertex 24.4959 32.6197 0.6
      vertex 24.4959 32.6197 5.72205e-07
    endloop
  endfacet
  facet normal -0.995464 0.0951344 0
    outer loop
      vertex 24.4959 32.6197 0.6
      vertex 24.4821 32.4753 5.72205e-07
      vertex 24.4821 32.4753 0.6
    endloop
  endfacet
  facet normal -0.986258 0.165214 0
    outer loop
      vertex 24.4591 32.338 5.72205e-07
      vertex 24.4821 32.4753 0.6
      vertex 24.4821 32.4753 5.72205e-07
    endloop
  endfacet
  facet normal -0.986258 0.165214 0
    outer loop
      vertex 24.4821 32.4753 0.6
      vertex 24.4591 32.338 5.72205e-07
      vertex 24.4591 32.338 0.6
    endloop
  endfacet
  facet normal -0.970667 0.240427 0
    outer loop
      vertex 24.4269 32.208 5.72205e-07
      vertex 24.4591 32.338 0.6
      vertex 24.4591 32.338 5.72205e-07
    endloop
  endfacet
  facet normal -0.970667 0.240427 0
    outer loop
      vertex 24.4591 32.338 0.6
      vertex 24.4269 32.208 5.72205e-07
      vertex 24.4269 32.208 0.6
    endloop
  endfacet
  facet normal -0.947364 0.32016 0
    outer loop
      vertex 24.3854 32.0852 5.72205e-07
      vertex 24.4269 32.208 0.6
      vertex 24.4269 32.208 5.72205e-07
    endloop
  endfacet
  facet normal -0.947364 0.32016 0
    outer loop
      vertex 24.4269 32.208 0.6
      vertex 24.3854 32.0852 5.72205e-07
      vertex 24.3854 32.0852 0.6
    endloop
  endfacet
  facet normal -0.916085 0.400985 0
    outer loop
      vertex 24.3348 31.9696 5.72205e-07
      vertex 24.3854 32.0852 0.6
      vertex 24.3854 32.0852 5.72205e-07
    endloop
  endfacet
  facet normal -0.916085 0.400985 0
    outer loop
      vertex 24.3854 32.0852 0.6
      vertex 24.3348 31.9696 5.72205e-07
      vertex 24.3348 31.9696 0.6
    endloop
  endfacet
  facet normal -0.87526 0.483654 0
    outer loop
      vertex 24.2749 31.8612 5.72205e-07
      vertex 24.3348 31.9696 0.6
      vertex 24.3348 31.9696 5.72205e-07
    endloop
  endfacet
  facet normal -0.87526 0.483654 0
    outer loop
      vertex 24.3348 31.9696 0.6
      vertex 24.2749 31.8612 5.72205e-07
      vertex 24.2749 31.8612 0.6
    endloop
  endfacet
  facet normal -0.826227 0.563337 0
    outer loop
      vertex 24.2059 31.76 5.72205e-07
      vertex 24.2749 31.8612 0.6
      vertex 24.2749 31.8612 5.72205e-07
    endloop
  endfacet
  facet normal -0.826227 0.563337 0
    outer loop
      vertex 24.2749 31.8612 0.6
      vertex 24.2059 31.76 5.72205e-07
      vertex 24.2059 31.76 0.6
    endloop
  endfacet
  facet normal -0.768355 0.640024 0
    outer loop
      vertex 24.1276 31.666 5.72205e-07
      vertex 24.2059 31.76 0.6
      vertex 24.2059 31.76 5.72205e-07
    endloop
  endfacet
  facet normal -0.768355 0.640024 0
    outer loop
      vertex 24.2059 31.76 0.6
      vertex 24.1276 31.666 5.72205e-07
      vertex 24.1276 31.666 0.6
    endloop
  endfacet
  facet normal -0.703803 0.710396 0
    outer loop
      vertex 24.1276 31.666 5.72205e-07
      vertex 24.0414 31.5806 0.6
      vertex 24.1276 31.666 0.6
    endloop
  endfacet
  facet normal -0.703803 0.710396 0
    outer loop
      vertex 24.0414 31.5806 0.6
      vertex 24.1276 31.666 5.72205e-07
      vertex 24.0414 31.5806 5.72205e-07
    endloop
  endfacet
  facet normal -0.630593 0.776114 0
    outer loop
      vertex 24.0414 31.5806 5.72205e-07
      vertex 23.9486 31.5052 0.6
      vertex 24.0414 31.5806 0.6
    endloop
  endfacet
  facet normal -0.630593 0.776114 0
    outer loop
      vertex 23.9486 31.5052 0.6
      vertex 24.0414 31.5806 5.72205e-07
      vertex 23.9486 31.5052 5.72205e-07
    endloop
  endfacet
  facet normal -0.54906 0.835783 0
    outer loop
      vertex 23.9486 31.5052 5.72205e-07
      vertex 23.8492 31.4399 0.6
      vertex 23.9486 31.5052 0.6
    endloop
  endfacet
  facet normal -0.54906 0.835783 0
    outer loop
      vertex 23.8492 31.4399 0.6
      vertex 23.9486 31.5052 5.72205e-07
      vertex 23.8492 31.4399 5.72205e-07
    endloop
  endfacet
  facet normal -0.46188 0.886943 0
    outer loop
      vertex 23.8492 31.4399 5.72205e-07
      vertex 23.7432 31.3847 0.6
      vertex 23.8492 31.4399 0.6
    endloop
  endfacet
  facet normal -0.46188 0.886943 0
    outer loop
      vertex 23.7432 31.3847 0.6
      vertex 23.8492 31.4399 5.72205e-07
      vertex 23.7432 31.3847 5.72205e-07
    endloop
  endfacet
  facet normal -0.372242 0.928136 0
    outer loop
      vertex 23.7432 31.3847 5.72205e-07
      vertex 23.6305 31.3395 0.6
      vertex 23.7432 31.3847 0.6
    endloop
  endfacet
  facet normal -0.372242 0.928136 0
    outer loop
      vertex 23.6305 31.3395 0.6
      vertex 23.7432 31.3847 5.72205e-07
      vertex 23.6305 31.3395 5.72205e-07
    endloop
  endfacet
  facet normal -0.283212 0.959057 0
    outer loop
      vertex 23.6305 31.3395 5.72205e-07
      vertex 23.5113 31.3043 0.6
      vertex 23.6305 31.3395 0.6
    endloop
  endfacet
  facet normal -0.283212 0.959057 0
    outer loop
      vertex 23.5113 31.3043 0.6
      vertex 23.6305 31.3395 5.72205e-07
      vertex 23.5113 31.3043 5.72205e-07
    endloop
  endfacet
  facet normal -0.195517 0.9807 0
    outer loop
      vertex 23.5113 31.3043 5.72205e-07
      vertex 23.3854 31.2792 0.6
      vertex 23.5113 31.3043 0.6
    endloop
  endfacet
  facet normal -0.195517 0.9807 0
    outer loop
      vertex 23.3854 31.2792 0.6
      vertex 23.5113 31.3043 5.72205e-07
      vertex 23.3854 31.2792 5.72205e-07
    endloop
  endfacet
  facet normal -0.113229 0.993569 0
    outer loop
      vertex 23.3854 31.2792 5.72205e-07
      vertex 23.2529 31.2641 0.6
      vertex 23.3854 31.2792 0.6
    endloop
  endfacet
  facet normal -0.113229 0.993569 0
    outer loop
      vertex 23.2529 31.2641 0.6
      vertex 23.3854 31.2792 5.72205e-07
      vertex 23.2529 31.2641 5.72205e-07
    endloop
  endfacet
  facet normal -0.0359222 0.999355 0
    outer loop
      vertex 23.2529 31.2641 5.72205e-07
      vertex 23.1138 31.2591 0.6
      vertex 23.2529 31.2641 0.6
    endloop
  endfacet
  facet normal -0.0359222 0.999355 0
    outer loop
      vertex 23.1138 31.2591 0.6
      vertex 23.2529 31.2641 5.72205e-07
      vertex 23.1138 31.2591 5.72205e-07
    endloop
  endfacet
  facet normal 0.0226006 0.999745 -0
    outer loop
      vertex 23.1138 31.2591 5.72205e-07
      vertex 23.0386 31.2608 0.6
      vertex 23.1138 31.2591 0.6
    endloop
  endfacet
  facet normal 0.0226006 0.999745 0
    outer loop
      vertex 23.0386 31.2608 0.6
      vertex 23.1138 31.2591 5.72205e-07
      vertex 23.0386 31.2608 5.72205e-07
    endloop
  endfacet
  facet normal 0.0678704 0.997694 -0
    outer loop
      vertex 23.0386 31.2608 5.72205e-07
      vertex 22.9651 31.2658 0.6
      vertex 23.0386 31.2608 0.6
    endloop
  endfacet
  facet normal 0.0678704 0.997694 0
    outer loop
      vertex 22.9651 31.2658 0.6
      vertex 23.0386 31.2608 5.72205e-07
      vertex 22.9651 31.2658 5.72205e-07
    endloop
  endfacet
  facet normal 0.116359 0.993207 -0
    outer loop
      vertex 22.9651 31.2658 5.72205e-07
      vertex 22.8934 31.2742 0.6
      vertex 22.9651 31.2658 0.6
    endloop
  endfacet
  facet normal 0.116359 0.993207 0
    outer loop
      vertex 22.8934 31.2742 0.6
      vertex 22.9651 31.2658 5.72205e-07
      vertex 22.8934 31.2742 5.72205e-07
    endloop
  endfacet
  facet normal 0.165085 0.986279 -0
    outer loop
      vertex 22.8934 31.2742 5.72205e-07
      vertex 22.8235 31.2859 0.6
      vertex 22.8934 31.2742 0.6
    endloop
  endfacet
  facet normal 0.165085 0.986279 0
    outer loop
      vertex 22.8235 31.2859 0.6
      vertex 22.8934 31.2742 5.72205e-07
      vertex 22.8235 31.2859 5.72205e-07
    endloop
  endfacet
  facet normal 0.214807 0.976656 -0
    outer loop
      vertex 22.8235 31.2859 5.72205e-07
      vertex 22.7553 31.3009 0.6
      vertex 22.8235 31.2859 0.6
    endloop
  endfacet
  facet normal 0.214807 0.976656 0
    outer loop
      vertex 22.7553 31.3009 0.6
      vertex 22.8235 31.2859 5.72205e-07
      vertex 22.7553 31.3009 5.72205e-07
    endloop
  endfacet
  facet normal 0.268392 0.96331 -0
    outer loop
      vertex 22.7553 31.3009 5.72205e-07
      vertex 22.6889 31.3194 0.6
      vertex 22.7553 31.3009 0.6
    endloop
  endfacet
  facet normal 0.268392 0.96331 0
    outer loop
      vertex 22.6889 31.3194 0.6
      vertex 22.7553 31.3009 5.72205e-07
      vertex 22.6889 31.3194 5.72205e-07
    endloop
  endfacet
  facet normal 0.317986 0.948096 -0
    outer loop
      vertex 22.6889 31.3194 5.72205e-07
      vertex 22.6242 31.3411 0.6
      vertex 22.6889 31.3194 0.6
    endloop
  endfacet
  facet normal 0.317986 0.948096 0
    outer loop
      vertex 22.6242 31.3411 0.6
      vertex 22.6889 31.3194 5.72205e-07
      vertex 22.6242 31.3411 5.72205e-07
    endloop
  endfacet
  facet normal 0.3719 0.928273 -0
    outer loop
      vertex 22.6242 31.3411 5.72205e-07
      vertex 22.5613 31.3663 0.6
      vertex 22.6242 31.3411 0.6
    endloop
  endfacet
  facet normal 0.3719 0.928273 0
    outer loop
      vertex 22.5613 31.3663 0.6
      vertex 22.6242 31.3411 5.72205e-07
      vertex 22.5613 31.3663 5.72205e-07
    endloop
  endfacet
  facet normal 0.420937 0.90709 -0
    outer loop
      vertex 22.5613 31.3663 5.72205e-07
      vertex 22.5001 31.3947 0.6
      vertex 22.5613 31.3663 0.6
    endloop
  endfacet
  facet normal 0.420937 0.90709 0
    outer loop
      vertex 22.5001 31.3947 0.6
      vertex 22.5613 31.3663 5.72205e-07
      vertex 22.5001 31.3947 5.72205e-07
    endloop
  endfacet
  facet normal 0.473385 0.880856 -0
    outer loop
      vertex 22.5001 31.3947 5.72205e-07
      vertex 22.4413 31.4263 0.6
      vertex 22.5001 31.3947 0.6
    endloop
  endfacet
  facet normal 0.473385 0.880856 0
    outer loop
      vertex 22.4413 31.4263 0.6
      vertex 22.5001 31.3947 5.72205e-07
      vertex 22.4413 31.4263 5.72205e-07
    endloop
  endfacet
  facet normal 0.526302 0.850298 -0
    outer loop
      vertex 22.4413 31.4263 5.72205e-07
      vertex 22.3854 31.4609 0.6
      vertex 22.4413 31.4263 0.6
    endloop
  endfacet
  facet normal 0.526302 0.850298 0
    outer loop
      vertex 22.3854 31.4609 0.6
      vertex 22.4413 31.4263 5.72205e-07
      vertex 22.3854 31.4609 5.72205e-07
    endloop
  endfacet
  facet normal 0.577289 0.81654 -0
    outer loop
      vertex 22.3854 31.4609 5.72205e-07
      vertex 22.3325 31.4983 0.6
      vertex 22.3854 31.4609 0.6
    endloop
  endfacet
  facet normal 0.577289 0.81654 0
    outer loop
      vertex 22.3325 31.4983 0.6
      vertex 22.3854 31.4609 5.72205e-07
      vertex 22.3325 31.4983 5.72205e-07
    endloop
  endfacet
  facet normal 0.627722 0.778438 -0
    outer loop
      vertex 22.3325 31.4983 5.72205e-07
      vertex 22.2824 31.5387 0.6
      vertex 22.3325 31.4983 0.6
    endloop
  endfacet
  facet normal 0.627722 0.778438 0
    outer loop
      vertex 22.2824 31.5387 0.6
      vertex 22.3325 31.4983 5.72205e-07
      vertex 22.2824 31.5387 5.72205e-07
    endloop
  endfacet
  facet normal 0.676786 0.73618 -0
    outer loop
      vertex 22.2824 31.5387 5.72205e-07
      vertex 22.2353 31.582 0.6
      vertex 22.2824 31.5387 0.6
    endloop
  endfacet
  facet normal 0.676786 0.73618 0
    outer loop
      vertex 22.2353 31.582 0.6
      vertex 22.2824 31.5387 5.72205e-07
      vertex 22.2353 31.582 5.72205e-07
    endloop
  endfacet
  facet normal 0.724101 0.689694 0
    outer loop
      vertex 22.2353 31.582 0.6
      vertex 22.1912 31.6283 5.72205e-07
      vertex 22.1912 31.6283 0.6
    endloop
  endfacet
  facet normal 0.724101 0.689694 0
    outer loop
      vertex 22.1912 31.6283 5.72205e-07
      vertex 22.2353 31.582 0.6
      vertex 22.2353 31.582 5.72205e-07
    endloop
  endfacet
  facet normal 0.765919 0.642936 0
    outer loop
      vertex 22.1912 31.6283 0.6
      vertex 22.1499 31.6775 5.72205e-07
      vertex 22.1499 31.6775 0.6
    endloop
  endfacet
  facet normal 0.765919 0.642936 0
    outer loop
      vertex 22.1499 31.6775 5.72205e-07
      vertex 22.1912 31.6283 0.6
      vertex 22.1912 31.6283 5.72205e-07
    endloop
  endfacet
  facet normal 0.805716 0.592302 0
    outer loop
      vertex 22.1499 31.6775 0.6
      vertex 22.1116 31.7296 5.72205e-07
      vertex 22.1116 31.7296 0.6
    endloop
  endfacet
  facet normal 0.805716 0.592302 0
    outer loop
      vertex 22.1116 31.7296 5.72205e-07
      vertex 22.1499 31.6775 0.6
      vertex 22.1499 31.6775 5.72205e-07
    endloop
  endfacet
  facet normal 0.841576 0.540139 0
    outer loop
      vertex 22.1116 31.7296 0.6
      vertex 22.0763 31.7846 5.72205e-07
      vertex 22.0763 31.7846 0.6
    endloop
  endfacet
  facet normal 0.841576 0.540139 0
    outer loop
      vertex 22.0763 31.7846 5.72205e-07
      vertex 22.1116 31.7296 0.6
      vertex 22.1116 31.7296 5.72205e-07
    endloop
  endfacet
  facet normal -0.999871 -0.0160312 0
    outer loop
      vertex 22.079 31.6162 5.72205e-07
      vertex 22.0763 31.7846 0.6
      vertex 22.0763 31.7846 5.72205e-07
    endloop
  endfacet
  facet normal -0.999871 -0.0160312 0
    outer loop
      vertex 22.0763 31.7846 0.6
      vertex 22.079 31.6162 5.72205e-07
      vertex 22.079 31.6162 0.6
    endloop
  endfacet
  facet normal -0.998698 -0.0510054 0
    outer loop
      vertex 22.0871 31.4576 5.72205e-07
      vertex 22.079 31.6162 0.6
      vertex 22.079 31.6162 5.72205e-07
    endloop
  endfacet
  facet normal -0.998698 -0.0510054 0
    outer loop
      vertex 22.079 31.6162 0.6
      vertex 22.0871 31.4576 5.72205e-07
      vertex 22.0871 31.4576 0.6
    endloop
  endfacet
  facet normal -0.99591 -0.0903547 0
    outer loop
      vertex 22.1006 31.3088 5.72205e-07
      vertex 22.0871 31.4576 0.6
      vertex 22.0871 31.4576 5.72205e-07
    endloop
  endfacet
  facet normal -0.99591 -0.0903547 0
    outer loop
      vertex 22.0871 31.4576 0.6
      vertex 22.1006 31.3088 5.72205e-07
      vertex 22.1006 31.3088 0.6
    endloop
  endfacet
  facet normal -0.990882 -0.134731 0
    outer loop
      vertex 22.1195 31.1698 5.72205e-07
      vertex 22.1006 31.3088 0.6
      vertex 22.1006 31.3088 5.72205e-07
    endloop
  endfacet
  facet normal -0.990882 -0.134731 0
    outer loop
      vertex 22.1006 31.3088 0.6
      vertex 22.1195 31.1698 5.72205e-07
      vertex 22.1195 31.1698 0.6
    endloop
  endfacet
  facet normal -0.982769 -0.18484 0
    outer loop
      vertex 22.1438 31.0406 5.72205e-07
      vertex 22.1195 31.1698 0.6
      vertex 22.1195 31.1698 5.72205e-07
    endloop
  endfacet
  facet normal -0.982769 -0.18484 0
    outer loop
      vertex 22.1195 31.1698 0.6
      vertex 22.1438 31.0406 5.72205e-07
      vertex 22.1438 31.0406 0.6
    endloop
  endfacet
  facet normal -0.970476 -0.241198 0
    outer loop
      vertex 22.1735 30.9211 5.72205e-07
      vertex 22.1438 31.0406 0.6
      vertex 22.1438 31.0406 5.72205e-07
    endloop
  endfacet
  facet normal -0.970476 -0.241198 0
    outer loop
      vertex 22.1438 31.0406 0.6
      vertex 22.1735 30.9211 5.72205e-07
      vertex 22.1735 30.9211 0.6
    endloop
  endfacet
  facet normal -0.952606 -0.304208 0
    outer loop
      vertex 22.2085 30.8115 5.72205e-07
      vertex 22.1735 30.9211 0.6
      vertex 22.1735 30.9211 5.72205e-07
    endloop
  endfacet
  facet normal -0.952606 -0.304208 0
    outer loop
      vertex 22.1735 30.9211 0.6
      vertex 22.2085 30.8115 5.72205e-07
      vertex 22.2085 30.8115 0.6
    endloop
  endfacet
  facet normal -0.926284 -0.376825 0
    outer loop
      vertex 22.2491 30.7117 5.72205e-07
      vertex 22.2085 30.8115 0.6
      vertex 22.2085 30.8115 5.72205e-07
    endloop
  endfacet
  facet normal -0.926284 -0.376825 0
    outer loop
      vertex 22.2085 30.8115 0.6
      vertex 22.2491 30.7117 5.72205e-07
      vertex 22.2491 30.7117 0.6
    endloop
  endfacet
  facet normal -0.891039 -0.453926 0
    outer loop
      vertex 22.295 30.6216 5.72205e-07
      vertex 22.2491 30.7117 0.6
      vertex 22.2491 30.7117 5.72205e-07
    endloop
  endfacet
  facet normal -0.891039 -0.453926 0
    outer loop
      vertex 22.2491 30.7117 0.6
      vertex 22.295 30.6216 5.72205e-07
      vertex 22.295 30.6216 0.6
    endloop
  endfacet
  facet normal -0.846338 -0.532646 0
    outer loop
      vertex 22.3456 30.5412 5.72205e-07
      vertex 22.295 30.6216 0.6
      vertex 22.295 30.6216 5.72205e-07
    endloop
  endfacet
  facet normal -0.846338 -0.532646 0
    outer loop
      vertex 22.295 30.6216 0.6
      vertex 22.3456 30.5412 5.72205e-07
      vertex 22.3456 30.5412 0.6
    endloop
  endfacet
  facet normal -0.791751 -0.610843 0
    outer loop
      vertex 22.4003 30.4703 5.72205e-07
      vertex 22.3456 30.5412 0.6
      vertex 22.3456 30.5412 5.72205e-07
    endloop
  endfacet
  facet normal -0.791751 -0.610843 0
    outer loop
      vertex 22.3456 30.5412 0.6
      vertex 22.4003 30.4703 5.72205e-07
      vertex 22.4003 30.4703 0.6
    endloop
  endfacet
  facet normal -0.723382 -0.690448 0
    outer loop
      vertex 22.459 30.4088 5.72205e-07
      vertex 22.4003 30.4703 0.6
      vertex 22.4003 30.4703 5.72205e-07
    endloop
  endfacet
  facet normal -0.723382 -0.690448 0
    outer loop
      vertex 22.4003 30.4703 0.6
      vertex 22.459 30.4088 5.72205e-07
      vertex 22.459 30.4088 0.6
    endloop
  endfacet
  facet normal -0.638495 -0.769626 0
    outer loop
      vertex 22.459 30.4088 5.72205e-07
      vertex 22.5218 30.3567 0.6
      vertex 22.459 30.4088 0.6
    endloop
  endfacet
  facet normal -0.638495 -0.769626 -0
    outer loop
      vertex 22.5218 30.3567 0.6
      vertex 22.459 30.4088 5.72205e-07
      vertex 22.5218 30.3567 5.72205e-07
    endloop
  endfacet
  facet normal -0.536222 -0.844077 0
    outer loop
      vertex 22.5218 30.3567 5.72205e-07
      vertex 22.5887 30.3142 0.6
      vertex 22.5218 30.3567 0.6
    endloop
  endfacet
  facet normal -0.536222 -0.844077 -0
    outer loop
      vertex 22.5887 30.3142 0.6
      vertex 22.5218 30.3567 5.72205e-07
      vertex 22.5887 30.3142 5.72205e-07
    endloop
  endfacet
  facet normal -0.423025 -0.906118 0
    outer loop
      vertex 22.5887 30.3142 5.72205e-07
      vertex 22.6596 30.2811 0.6
      vertex 22.5887 30.3142 0.6
    endloop
  endfacet
  facet normal -0.423025 -0.906118 -0
    outer loop
      vertex 22.6596 30.2811 0.6
      vertex 22.5887 30.3142 5.72205e-07
      vertex 22.6596 30.2811 5.72205e-07
    endloop
  endfacet
  facet normal -0.301314 -0.953525 0
    outer loop
      vertex 22.6596 30.2811 5.72205e-07
      vertex 22.7346 30.2574 0.6
      vertex 22.6596 30.2811 0.6
    endloop
  endfacet
  facet normal -0.301314 -0.953525 -0
    outer loop
      vertex 22.7346 30.2574 0.6
      vertex 22.6596 30.2811 5.72205e-07
      vertex 22.7346 30.2574 5.72205e-07
    endloop
  endfacet
  facet normal -0.176695 -0.984266 0
    outer loop
      vertex 22.7346 30.2574 5.72205e-07
      vertex 22.8137 30.2432 0.6
      vertex 22.7346 30.2574 0.6
    endloop
  endfacet
  facet normal -0.176695 -0.984266 -0
    outer loop
      vertex 22.8137 30.2432 0.6
      vertex 22.7346 30.2574 5.72205e-07
      vertex 22.8137 30.2432 5.72205e-07
    endloop
  endfacet
  facet normal -0.0564681 -0.998404 0
    outer loop
      vertex 22.8137 30.2432 5.72205e-07
      vertex 22.8968 30.2385 0.6
      vertex 22.8137 30.2432 0.6
    endloop
  endfacet
  facet normal -0.0564681 -0.998404 -0
    outer loop
      vertex 22.8968 30.2385 0.6
      vertex 22.8137 30.2432 5.72205e-07
      vertex 22.8968 30.2385 5.72205e-07
    endloop
  endfacet
  facet normal 0.0606213 -0.998161 0
    outer loop
      vertex 22.8968 30.2385 5.72205e-07
      vertex 22.9923 30.2443 0.6
      vertex 22.8968 30.2385 0.6
    endloop
  endfacet
  facet normal 0.0606213 -0.998161 0
    outer loop
      vertex 22.9923 30.2443 0.6
      vertex 22.8968 30.2385 5.72205e-07
      vertex 22.9923 30.2443 5.72205e-07
    endloop
  endfacet
  facet normal 0.19461 -0.980881 0
    outer loop
      vertex 22.9923 30.2443 5.72205e-07
      vertex 23.08 30.2617 0.6
      vertex 22.9923 30.2443 0.6
    endloop
  endfacet
  facet normal 0.19461 -0.980881 0
    outer loop
      vertex 23.08 30.2617 0.6
      vertex 22.9923 30.2443 5.72205e-07
      vertex 23.08 30.2617 5.72205e-07
    endloop
  endfacet
  facet normal 0.342594 -0.939484 0
    outer loop
      vertex 23.08 30.2617 5.72205e-07
      vertex 23.1598 30.2908 0.6
      vertex 23.08 30.2617 0.6
    endloop
  endfacet
  facet normal 0.342594 -0.939484 0
    outer loop
      vertex 23.1598 30.2908 0.6
      vertex 23.08 30.2617 5.72205e-07
      vertex 23.1598 30.2908 5.72205e-07
    endloop
  endfacet
  facet normal 0.493531 -0.869728 0
    outer loop
      vertex 23.1598 30.2908 5.72205e-07
      vertex 23.2317 30.3316 0.6
      vertex 23.1598 30.2908 0.6
    endloop
  endfacet
  facet normal 0.493531 -0.869728 0
    outer loop
      vertex 23.2317 30.3316 0.6
      vertex 23.1598 30.2908 5.72205e-07
      vertex 23.2317 30.3316 5.72205e-07
    endloop
  endfacet
  facet normal 0.632776 -0.774335 0
    outer loop
      vertex 23.2317 30.3316 5.72205e-07
      vertex 23.2957 30.3839 0.6
      vertex 23.2317 30.3316 0.6
    endloop
  endfacet
  facet normal 0.632776 -0.774335 0
    outer loop
      vertex 23.2957 30.3839 0.6
      vertex 23.2317 30.3316 5.72205e-07
      vertex 23.2957 30.3839 5.72205e-07
    endloop
  endfacet
  facet normal 0.751922 -0.659252 0
    outer loop
      vertex 23.2957 30.3839 0.6
      vertex 23.3519 30.448 5.72205e-07
      vertex 23.3519 30.448 0.6
    endloop
  endfacet
  facet normal 0.751922 -0.659252 0
    outer loop
      vertex 23.3519 30.448 5.72205e-07
      vertex 23.2957 30.3839 0.6
      vertex 23.2957 30.3839 5.72205e-07
    endloop
  endfacet
  facet normal 0.842696 -0.538389 0
    outer loop
      vertex 23.3519 30.448 0.6
      vertex 23.4002 30.5236 5.72205e-07
      vertex 23.4002 30.5236 0.6
    endloop
  endfacet
  facet normal 0.842696 -0.538389 0
    outer loop
      vertex 23.4002 30.5236 5.72205e-07
      vertex 23.3519 30.448 0.6
      vertex 23.3519 30.448 5.72205e-07
    endloop
  endfacet
  facet normal 0.907533 -0.419981 0
    outer loop
      vertex 23.4002 30.5236 0.6
      vertex 23.4406 30.6109 5.72205e-07
      vertex 23.4406 30.6109 0.6
    endloop
  endfacet
  facet normal 0.907533 -0.419981 0
    outer loop
      vertex 23.4406 30.6109 5.72205e-07
      vertex 23.4002 30.5236 0.6
      vertex 23.4002 30.5236 5.72205e-07
    endloop
  endfacet
  facet normal 0.949734 -0.313057 0
    outer loop
      vertex 23.4406 30.6109 0.6
      vertex 23.4732 30.7098 5.72205e-07
      vertex 23.4732 30.7098 0.6
    endloop
  endfacet
  facet normal 0.949734 -0.313057 0
    outer loop
      vertex 23.4732 30.7098 5.72205e-07
      vertex 23.4406 30.6109 0.6
      vertex 23.4406 30.6109 5.72205e-07
    endloop
  endfacet
  facet normal -0.138334 -0.990386 0
    outer loop
      vertex 23.4732 30.7098 5.72205e-07
      vertex 24.3717 30.5843 0.6
      vertex 23.4732 30.7098 0.6
    endloop
  endfacet
  facet normal -0.138334 -0.990386 -0
    outer loop
      vertex 24.3717 30.5843 0.6
      vertex 23.4732 30.7098 5.72205e-07
      vertex 24.3717 30.5843 5.72205e-07
    endloop
  endfacet
  facet normal -0.961075 0.276289 0
    outer loop
      vertex 24.3368 30.4629 5.72205e-07
      vertex 24.3717 30.5843 0.6
      vertex 24.3717 30.5843 5.72205e-07
    endloop
  endfacet
  facet normal -0.961075 0.276289 0
    outer loop
      vertex 24.3717 30.5843 0.6
      vertex 24.3368 30.4629 5.72205e-07
      vertex 24.3368 30.4629 0.6
    endloop
  endfacet
  facet normal -0.943781 0.330571 0
    outer loop
      vertex 24.2968 30.3487 5.72205e-07
      vertex 24.3368 30.4629 0.6
      vertex 24.3368 30.4629 5.72205e-07
    endloop
  endfacet
  facet normal -0.943781 0.330571 0
    outer loop
      vertex 24.3368 30.4629 0.6
      vertex 24.2968 30.3487 5.72205e-07
      vertex 24.2968 30.3487 0.6
    endloop
  endfacet
  facet normal -0.921229 0.389021 0
    outer loop
      vertex 24.2517 30.2419 5.72205e-07
      vertex 24.2968 30.3487 0.6
      vertex 24.2968 30.3487 5.72205e-07
    endloop
  endfacet
  facet normal -0.921229 0.389021 0
    outer loop
      vertex 24.2968 30.3487 0.6
      vertex 24.2517 30.2419 5.72205e-07
      vertex 24.2517 30.2419 0.6
    endloop
  endfacet
  facet normal -0.893348 0.449365 0
    outer loop
      vertex 24.2016 30.1423 5.72205e-07
      vertex 24.2517 30.2419 0.6
      vertex 24.2517 30.2419 5.72205e-07
    endloop
  endfacet
  facet normal -0.893348 0.449365 0
    outer loop
      vertex 24.2517 30.2419 0.6
      vertex 24.2016 30.1423 5.72205e-07
      vertex 24.2016 30.1423 0.6
    endloop
  endfacet
  facet normal -0.85823 0.513265 0
    outer loop
      vertex 24.1464 30.05 5.72205e-07
      vertex 24.2016 30.1423 0.6
      vertex 24.2016 30.1423 5.72205e-07
    endloop
  endfacet
  facet normal -0.85823 0.513265 0
    outer loop
      vertex 24.2016 30.1423 0.6
      vertex 24.1464 30.05 5.72205e-07
      vertex 24.1464 30.05 0.6
    endloop
  endfacet
  facet normal -0.816062 0.577964 0
    outer loop
      vertex 24.0862 29.965 5.72205e-07
      vertex 24.1464 30.05 0.6
      vertex 24.1464 30.05 5.72205e-07
    endloop
  endfacet
  facet normal -0.816062 0.577964 0
    outer loop
      vertex 24.1464 30.05 0.6
      vertex 24.0862 29.965 5.72205e-07
      vertex 24.0862 29.965 0.6
    endloop
  endfacet
  facet normal -0.765957 0.642892 0
    outer loop
      vertex 24.0209 29.8872 5.72205e-07
      vertex 24.0862 29.965 0.6
      vertex 24.0862 29.965 5.72205e-07
    endloop
  endfacet
  facet normal -0.765957 0.642892 0
    outer loop
      vertex 24.0862 29.965 0.6
      vertex 24.0209 29.8872 5.72205e-07
      vertex 24.0209 29.8872 0.6
    endloop
  endfacet
  facet normal -0.707107 0.707107 0
    outer loop
      vertex 23.9505 29.8168 5.72205e-07
      vertex 24.0209 29.8872 0.6
      vertex 24.0209 29.8872 5.72205e-07
    endloop
  endfacet
  facet normal -0.707107 0.707107 0
    outer loop
      vertex 24.0209 29.8872 0.6
      vertex 23.9505 29.8168 5.72205e-07
      vertex 23.9505 29.8168 0.6
    endloop
  endfacet
  facet normal -0.641881 0.766804 0
    outer loop
      vertex 23.9505 29.8168 5.72205e-07
      vertex 23.875 29.7536 0.6
      vertex 23.9505 29.8168 0.6
    endloop
  endfacet
  facet normal -0.641881 0.766804 0
    outer loop
      vertex 23.875 29.7536 0.6
      vertex 23.9505 29.8168 5.72205e-07
      vertex 23.875 29.7536 5.72205e-07
    endloop
  endfacet
  facet normal -0.569579 0.821937 0
    outer loop
      vertex 23.875 29.7536 5.72205e-07
      vertex 23.7939 29.6974 0.6
      vertex 23.875 29.7536 0.6
    endloop
  endfacet
  facet normal -0.569579 0.821937 0
    outer loop
      vertex 23.7939 29.6974 0.6
      vertex 23.875 29.7536 5.72205e-07
      vertex 23.7939 29.6974 5.72205e-07
    endloop
  endfacet
  facet normal -0.493138 0.869951 0
    outer loop
      vertex 23.7939 29.6974 5.72205e-07
      vertex 23.7064 29.6478 0.6
      vertex 23.7939 29.6974 0.6
    endloop
  endfacet
  facet normal -0.493138 0.869951 0
    outer loop
      vertex 23.7064 29.6478 0.6
      vertex 23.7939 29.6974 5.72205e-07
      vertex 23.7064 29.6478 5.72205e-07
    endloop
  endfacet
  facet normal -0.416721 0.909034 0
    outer loop
      vertex 23.7064 29.6478 5.72205e-07
      vertex 23.6126 29.6048 0.6
      vertex 23.7064 29.6478 0.6
    endloop
  endfacet
  facet normal -0.416721 0.909034 0
    outer loop
      vertex 23.6126 29.6048 0.6
      vertex 23.7064 29.6478 5.72205e-07
      vertex 23.6126 29.6048 5.72205e-07
    endloop
  endfacet
  facet normal -0.340913 0.940095 0
    outer loop
      vertex 23.6126 29.6048 5.72205e-07
      vertex 23.5125 29.5685 0.6
      vertex 23.6126 29.6048 0.6
    endloop
  endfacet
  facet normal -0.340913 0.940095 0
    outer loop
      vertex 23.5125 29.5685 0.6
      vertex 23.6126 29.6048 5.72205e-07
      vertex 23.5125 29.5685 5.72205e-07
    endloop
  endfacet
  facet normal -0.269697 0.962945 0
    outer loop
      vertex 23.5125 29.5685 5.72205e-07
      vertex 23.4061 29.5387 0.6
      vertex 23.5125 29.5685 0.6
    endloop
  endfacet
  facet normal -0.269697 0.962945 0
    outer loop
      vertex 23.4061 29.5387 0.6
      vertex 23.5125 29.5685 5.72205e-07
      vertex 23.4061 29.5387 5.72205e-07
    endloop
  endfacet
  facet normal -0.201457 0.979497 0
    outer loop
      vertex 23.4061 29.5387 5.72205e-07
      vertex 23.2933 29.5155 0.6
      vertex 23.4061 29.5387 0.6
    endloop
  endfacet
  facet normal -0.201457 0.979497 0
    outer loop
      vertex 23.2933 29.5155 0.6
      vertex 23.4061 29.5387 5.72205e-07
      vertex 23.2933 29.5155 5.72205e-07
    endloop
  endfacet
  facet normal -0.137228 0.990539 0
    outer loop
      vertex 23.2933 29.5155 5.72205e-07
      vertex 23.1742 29.499 0.6
      vertex 23.2933 29.5155 0.6
    endloop
  endfacet
  facet normal -0.137228 0.990539 0
    outer loop
      vertex 23.1742 29.499 0.6
      vertex 23.2933 29.5155 5.72205e-07
      vertex 23.1742 29.499 5.72205e-07
    endloop
  endfacet
  facet normal -0.0787649 0.996893 0
    outer loop
      vertex 23.1742 29.499 5.72205e-07
      vertex 23.0489 29.4891 0.6
      vertex 23.1742 29.499 0.6
    endloop
  endfacet
  facet normal -0.0787649 0.996893 0
    outer loop
      vertex 23.0489 29.4891 0.6
      vertex 23.1742 29.499 5.72205e-07
      vertex 23.0489 29.4891 5.72205e-07
    endloop
  endfacet
  facet normal -0.0250491 0.999686 0
    outer loop
      vertex 23.0489 29.4891 5.72205e-07
      vertex 22.9172 29.4858 0.6
      vertex 23.0489 29.4891 0.6
    endloop
  endfacet
  facet normal -0.0250491 0.999686 0
    outer loop
      vertex 22.9172 29.4858 0.6
      vertex 23.0489 29.4891 5.72205e-07
      vertex 22.9172 29.4858 5.72205e-07
    endloop
  endfacet
  facet normal 0.0432029 0.999066 -0
    outer loop
      vertex 22.9172 29.4858 5.72205e-07
      vertex 22.7322 29.4938 0.6
      vertex 22.9172 29.4858 0.6
    endloop
  endfacet
  facet normal 0.0432029 0.999066 0
    outer loop
      vertex 22.7322 29.4938 0.6
      vertex 22.9172 29.4858 5.72205e-07
      vertex 22.7322 29.4938 5.72205e-07
    endloop
  endfacet
  facet normal 0.135088 0.990834 -0
    outer loop
      vertex 22.7322 29.4938 5.72205e-07
      vertex 22.5569 29.5177 0.6
      vertex 22.7322 29.4938 0.6
    endloop
  endfacet
  facet normal 0.135088 0.990834 0
    outer loop
      vertex 22.5569 29.5177 0.6
      vertex 22.7322 29.4938 5.72205e-07
      vertex 22.5569 29.5177 5.72205e-07
    endloop
  endfacet
  facet normal 0.234373 0.972147 -0
    outer loop
      vertex 22.5569 29.5177 5.72205e-07
      vertex 22.3914 29.5576 0.6
      vertex 22.5569 29.5177 0.6
    endloop
  endfacet
  facet normal 0.234373 0.972147 0
    outer loop
      vertex 22.3914 29.5576 0.6
      vertex 22.5569 29.5177 5.72205e-07
      vertex 22.3914 29.5576 5.72205e-07
    endloop
  endfacet
  facet normal 0.33737 0.941372 -0
    outer loop
      vertex 22.3914 29.5576 5.72205e-07
      vertex 22.2357 29.6134 0.6
      vertex 22.3914 29.5576 0.6
    endloop
  endfacet
  facet normal 0.33737 0.941372 0
    outer loop
      vertex 22.2357 29.6134 0.6
      vertex 22.3914 29.5576 5.72205e-07
      vertex 22.2357 29.6134 5.72205e-07
    endloop
  endfacet
  facet normal 0.441303 0.897358 -0
    outer loop
      vertex 22.2357 29.6134 5.72205e-07
      vertex 22.0897 29.6852 0.6
      vertex 22.2357 29.6134 0.6
    endloop
  endfacet
  facet normal 0.441303 0.897358 0
    outer loop
      vertex 22.0897 29.6852 0.6
      vertex 22.2357 29.6134 5.72205e-07
      vertex 22.0897 29.6852 5.72205e-07
    endloop
  endfacet
  facet normal 0.541381 0.840777 -0
    outer loop
      vertex 22.0897 29.6852 5.72205e-07
      vertex 21.9535 29.7729 0.6
      vertex 22.0897 29.6852 0.6
    endloop
  endfacet
  facet normal 0.541381 0.840777 0
    outer loop
      vertex 21.9535 29.7729 0.6
      vertex 22.0897 29.6852 5.72205e-07
      vertex 21.9535 29.7729 5.72205e-07
    endloop
  endfacet
  facet normal 0.633604 0.773657 -0
    outer loop
      vertex 21.9535 29.7729 5.72205e-07
      vertex 21.827 29.8765 0.6
      vertex 21.9535 29.7729 0.6
    endloop
  endfacet
  facet normal 0.633604 0.773657 0
    outer loop
      vertex 21.827 29.8765 0.6
      vertex 21.9535 29.7729 5.72205e-07
      vertex 21.827 29.8765 5.72205e-07
    endloop
  endfacet
  facet normal 0.715724 0.698384 0
    outer loop
      vertex 21.827 29.8765 0.6
      vertex 21.7102 29.9962 5.72205e-07
      vertex 21.7102 29.9962 0.6
    endloop
  endfacet
  facet normal 0.715724 0.698384 0
    outer loop
      vertex 21.7102 29.9962 5.72205e-07
      vertex 21.827 29.8765 0.6
      vertex 21.827 29.8765 5.72205e-07
    endloop
  endfacet
  facet normal 0.78509 0.619381 0
    outer loop
      vertex 21.7102 29.9962 0.6
      vertex 21.6033 30.1317 5.72205e-07
      vertex 21.6033 30.1317 0.6
    endloop
  endfacet
  facet normal 0.78509 0.619381 0
    outer loop
      vertex 21.6033 30.1317 5.72205e-07
      vertex 21.7102 29.9962 0.6
      vertex 21.7102 29.9962 5.72205e-07
    endloop
  endfacet
  facet normal 0.843271 0.537488 0
    outer loop
      vertex 21.6033 30.1317 0.6
      vertex 21.5068 30.2831 5.72205e-07
      vertex 21.5068 30.2831 0.6
    endloop
  endfacet
  facet normal 0.843271 0.537488 0
    outer loop
      vertex 21.5068 30.2831 5.72205e-07
      vertex 21.6033 30.1317 0.6
      vertex 21.6033 30.1317 5.72205e-07
    endloop
  endfacet
  facet normal 0.891092 0.453822 0
    outer loop
      vertex 21.5068 30.2831 0.6
      vertex 21.4218 30.45 5.72205e-07
      vertex 21.4218 30.45 0.6
    endloop
  endfacet
  facet normal 0.891092 0.453822 0
    outer loop
      vertex 21.4218 30.45 5.72205e-07
      vertex 21.5068 30.2831 0.6
      vertex 21.5068 30.2831 5.72205e-07
    endloop
  endfacet
  facet normal 0.92714 0.374715 0
    outer loop
      vertex 21.4218 30.45 0.6
      vertex 21.348 30.6326 5.72205e-07
      vertex 21.348 30.6326 0.6
    endloop
  endfacet
  facet normal 0.92714 0.374715 0
    outer loop
      vertex 21.348 30.6326 5.72205e-07
      vertex 21.4218 30.45 0.6
      vertex 21.4218 30.45 5.72205e-07
    endloop
  endfacet
  facet normal 0.953982 0.299864 0
    outer loop
      vertex 21.348 30.6326 0.6
      vertex 21.2857 30.8308 5.72205e-07
      vertex 21.2857 30.8308 0.6
    endloop
  endfacet
  facet normal 0.953982 0.299864 0
    outer loop
      vertex 21.2857 30.8308 5.72205e-07
      vertex 21.348 30.6326 0.6
      vertex 21.348 30.6326 5.72205e-07
    endloop
  endfacet
  facet normal 0.972606 0.232461 0
    outer loop
      vertex 21.2857 30.8308 0.6
      vertex 21.2346 31.0446 5.72205e-07
      vertex 21.2346 31.0446 0.6
    endloop
  endfacet
  facet normal 0.972606 0.232461 0
    outer loop
      vertex 21.2346 31.0446 5.72205e-07
      vertex 21.2857 30.8308 0.6
      vertex 21.2857 30.8308 5.72205e-07
    endloop
  endfacet
  facet normal 0.985353 0.170525 0
    outer loop
      vertex 21.2346 31.0446 0.6
      vertex 21.1949 31.274 5.72205e-07
      vertex 21.1949 31.274 0.6
    endloop
  endfacet
  facet normal 0.985353 0.170525 0
    outer loop
      vertex 21.1949 31.274 5.72205e-07
      vertex 21.2346 31.0446 0.6
      vertex 21.2346 31.0446 5.72205e-07
    endloop
  endfacet
  facet normal 0.993348 0.115147 0
    outer loop
      vertex 21.1949 31.274 0.6
      vertex 21.1665 31.519 5.72205e-07
      vertex 21.1665 31.519 0.6
    endloop
  endfacet
  facet normal 0.993348 0.115147 0
    outer loop
      vertex 21.1665 31.519 5.72205e-07
      vertex 21.1949 31.274 0.6
      vertex 21.1949 31.274 5.72205e-07
    endloop
  endfacet
  facet normal 0.997879 0.0650957 0
    outer loop
      vertex 21.1665 31.519 0.6
      vertex 21.1495 31.7796 5.72205e-07
      vertex 21.1495 31.7796 0.6
    endloop
  endfacet
  facet normal 0.997879 0.0650957 0
    outer loop
      vertex 21.1495 31.7796 5.72205e-07
      vertex 21.1665 31.519 0.6
      vertex 21.1665 31.519 5.72205e-07
    endloop
  endfacet
  facet normal 0.999795 0.0202637 0
    outer loop
      vertex 21.1495 31.7796 0.6
      vertex 21.1439 32.0559 5.72205e-07
      vertex 21.1439 32.0559 0.6
    endloop
  endfacet
  facet normal 0.999795 0.0202637 0
    outer loop
      vertex 21.1439 32.0559 5.72205e-07
      vertex 21.1495 31.7796 0.6
      vertex 21.1495 31.7796 5.72205e-07
    endloop
  endfacet
  facet normal 0.999752 -0.0222697 0
    outer loop
      vertex 21.1439 32.0559 0.6
      vertex 21.1495 32.3073 5.72205e-07
      vertex 21.1495 32.3073 0.6
    endloop
  endfacet
  facet normal 0.999752 -0.0222697 0
    outer loop
      vertex 21.1495 32.3073 5.72205e-07
      vertex 21.1439 32.0559 0.6
      vertex 21.1439 32.0559 5.72205e-07
    endloop
  endfacet
  facet normal 0.997531 -0.0702309 0
    outer loop
      vertex 21.1495 32.3073 0.6
      vertex 21.1662 32.5445 5.72205e-07
      vertex 21.1662 32.5445 0.6
    endloop
  endfacet
  facet normal 0.997531 -0.0702309 0
    outer loop
      vertex 21.1662 32.5445 5.72205e-07
      vertex 21.1495 32.3073 0.6
      vertex 21.1495 32.3073 5.72205e-07
    endloop
  endfacet
  facet normal 0.992278 -0.124035 0
    outer loop
      vertex 21.1662 32.5445 0.6
      vertex 21.1941 32.7677 5.72205e-07
      vertex 21.1941 32.7677 0.6
    endloop
  endfacet
  facet normal 0.992278 -0.124035 0
    outer loop
      vertex 21.1941 32.7677 5.72205e-07
      vertex 21.1662 32.5445 0.6
      vertex 21.1662 32.5445 5.72205e-07
    endloop
  endfacet
  facet normal 0.982878 -0.18426 0
    outer loop
      vertex 21.1941 32.7677 0.6
      vertex 21.2333 32.9768 5.72205e-07
      vertex 21.2333 32.9768 0.6
    endloop
  endfacet
  facet normal 0.982878 -0.18426 0
    outer loop
      vertex 21.2333 32.9768 5.72205e-07
      vertex 21.1941 32.7677 0.6
      vertex 21.1941 32.7677 5.72205e-07
    endloop
  endfacet
  facet normal 0.968304 -0.249773 0
    outer loop
      vertex 21.2333 32.9768 0.6
      vertex 21.2836 33.1718 5.72205e-07
      vertex 21.2836 33.1718 0.6
    endloop
  endfacet
  facet normal 0.968304 -0.249773 0
    outer loop
      vertex 21.2836 33.1718 5.72205e-07
      vertex 21.2333 32.9768 0.6
      vertex 21.2333 32.9768 5.72205e-07
    endloop
  endfacet
  facet normal 0.946888 -0.321565 0
    outer loop
      vertex 21.2836 33.1718 0.6
      vertex 21.345 33.3526 5.72205e-07
      vertex 21.345 33.3526 0.6
    endloop
  endfacet
  facet normal 0.946888 -0.321565 0
    outer loop
      vertex 21.345 33.3526 5.72205e-07
      vertex 21.2836 33.1718 0.6
      vertex 21.2836 33.1718 5.72205e-07
    endloop
  endfacet
  facet normal 0.916624 -0.399751 0
    outer loop
      vertex 21.345 33.3526 0.6
      vertex 21.4177 33.5193 5.72205e-07
      vertex 21.4177 33.5193 0.6
    endloop
  endfacet
  facet normal 0.916624 -0.399751 0
    outer loop
      vertex 21.4177 33.5193 5.72205e-07
      vertex 21.345 33.3526 0.6
      vertex 21.345 33.3526 5.72205e-07
    endloop
  endfacet
  facet normal 0.876664 -0.481103 0
    outer loop
      vertex 21.4177 33.5193 0.6
      vertex 21.5015 33.672 5.72205e-07
      vertex 21.5015 33.672 0.6
    endloop
  endfacet
  facet normal 0.876664 -0.481103 0
    outer loop
      vertex 21.5015 33.672 5.72205e-07
      vertex 21.4177 33.5193 0.6
      vertex 21.4177 33.5193 5.72205e-07
    endloop
  endfacet
  facet normal 0.824649 -0.565644 0
    outer loop
      vertex 21.5015 33.672 0.6
      vertex 21.5965 33.8105 5.72205e-07
      vertex 21.5965 33.8105 0.6
    endloop
  endfacet
  facet normal 0.824649 -0.565644 0
    outer loop
      vertex 21.5965 33.8105 5.72205e-07
      vertex 21.5015 33.672 0.6
      vertex 21.5015 33.672 5.72205e-07
    endloop
  endfacet
  facet normal 0.762454 -0.647042 0
    outer loop
      vertex 21.5965 33.8105 0.6
      vertex 21.7019 33.9347 5.72205e-07
      vertex 21.7019 33.9347 0.6
    endloop
  endfacet
  facet normal 0.762454 -0.647042 0
    outer loop
      vertex 21.7019 33.9347 5.72205e-07
      vertex 21.5965 33.8105 0.6
      vertex 21.5965 33.8105 5.72205e-07
    endloop
  endfacet
  facet normal 0.689592 -0.724198 0
    outer loop
      vertex 21.7019 33.9347 5.72205e-07
      vertex 21.817 34.0443 0.6
      vertex 21.7019 33.9347 0.6
    endloop
  endfacet
  facet normal 0.689592 -0.724198 0
    outer loop
      vertex 21.817 34.0443 0.6
      vertex 21.7019 33.9347 5.72205e-07
      vertex 21.817 34.0443 5.72205e-07
    endloop
  endfacet
  facet normal 0.605293 -0.796002 0
    outer loop
      vertex 21.817 34.0443 5.72205e-07
      vertex 21.9418 34.1392 0.6
      vertex 21.817 34.0443 0.6
    endloop
  endfacet
  facet normal 0.605293 -0.796002 0
    outer loop
      vertex 21.9418 34.1392 0.6
      vertex 21.817 34.0443 5.72205e-07
      vertex 21.9418 34.1392 5.72205e-07
    endloop
  endfacet
  facet normal 0.513369 -0.858168 0
    outer loop
      vertex 21.9418 34.1392 5.72205e-07
      vertex 22.0762 34.2196 0.6
      vertex 21.9418 34.1392 0.6
    endloop
  endfacet
  facet normal 0.513369 -0.858168 0
    outer loop
      vertex 22.0762 34.2196 0.6
      vertex 21.9418 34.1392 5.72205e-07
      vertex 22.0762 34.2196 5.72205e-07
    endloop
  endfacet
  facet normal 0.414849 -0.90989 0
    outer loop
      vertex 22.0762 34.2196 5.72205e-07
      vertex 22.2203 34.2853 0.6
      vertex 22.0762 34.2196 0.6
    endloop
  endfacet
  facet normal 0.414849 -0.90989 0
    outer loop
      vertex 22.2203 34.2853 0.6
      vertex 22.0762 34.2196 5.72205e-07
      vertex 22.2203 34.2853 5.72205e-07
    endloop
  endfacet
  facet normal 0.315302 -0.948991 0
    outer loop
      vertex 22.2203 34.2853 5.72205e-07
      vertex 22.3741 34.3364 0.6
      vertex 22.2203 34.2853 0.6
    endloop
  endfacet
  facet normal 0.315302 -0.948991 0
    outer loop
      vertex 22.3741 34.3364 0.6
      vertex 22.2203 34.2853 5.72205e-07
      vertex 22.3741 34.3364 5.72205e-07
    endloop
  endfacet
  facet normal 0.218574 -0.97582 0
    outer loop
      vertex 22.3741 34.3364 5.72205e-07
      vertex 22.5375 34.373 0.6
      vertex 22.3741 34.3364 0.6
    endloop
  endfacet
  facet normal 0.218574 -0.97582 0
    outer loop
      vertex 22.5375 34.373 0.6
      vertex 22.3741 34.3364 5.72205e-07
      vertex 22.5375 34.373 5.72205e-07
    endloop
  endfacet
  facet normal 0.125516 -0.992092 0
    outer loop
      vertex 22.5375 34.373 5.72205e-07
      vertex 22.7106 34.3949 0.6
      vertex 22.5375 34.373 0.6
    endloop
  endfacet
  facet normal 0.125516 -0.992092 0
    outer loop
      vertex 22.7106 34.3949 0.6
      vertex 22.5375 34.373 5.72205e-07
      vertex 22.7106 34.3949 5.72205e-07
    endloop
  endfacet
  facet normal 0.0399025 -0.999204 0
    outer loop
      vertex 22.7106 34.3949 5.72205e-07
      vertex 22.8934 34.4022 0.6
      vertex 22.7106 34.3949 0.6
    endloop
  endfacet
  facet normal 0.0399025 -0.999204 0
    outer loop
      vertex 22.8934 34.4022 0.6
      vertex 22.7106 34.3949 5.72205e-07
      vertex 22.8934 34.4022 5.72205e-07
    endloop
  endfacet
  facet normal -0.0330499 -0.999454 0
    outer loop
      vertex 22.8934 34.4022 5.72205e-07
      vertex 23.0567 34.3968 0.6
      vertex 22.8934 34.4022 0.6
    endloop
  endfacet
  facet normal -0.0330499 -0.999454 -0
    outer loop
      vertex 23.0567 34.3968 0.6
      vertex 22.8934 34.4022 5.72205e-07
      vertex 23.0567 34.3968 5.72205e-07
    endloop
  endfacet
  facet normal -0.149062 0.988828 0
    outer loop
      vertex 22.7929 33.6562 5.72205e-07
      vertex 22.7259 33.6461 0.6
      vertex 22.7929 33.6562 0.6
    endloop
  endfacet
  facet normal -0.149062 0.988828 0
    outer loop
      vertex 22.7259 33.6461 0.6
      vertex 22.7929 33.6562 5.72205e-07
      vertex 22.7259 33.6461 5.72205e-07
    endloop
  endfacet
  facet normal -0.253898 0.967231 0
    outer loop
      vertex 22.7259 33.6461 5.72205e-07
      vertex 22.6619 33.6293 0.6
      vertex 22.7259 33.6461 0.6
    endloop
  endfacet
  facet normal -0.253898 0.967231 0
    outer loop
      vertex 22.6619 33.6293 0.6
      vertex 22.7259 33.6461 5.72205e-07
      vertex 22.6619 33.6293 5.72205e-07
    endloop
  endfacet
  facet normal -0.361338 0.932435 0
    outer loop
      vertex 22.6619 33.6293 5.72205e-07
      vertex 22.601 33.6057 0.6
      vertex 22.6619 33.6293 0.6
    endloop
  endfacet
  facet normal -0.361338 0.932435 0
    outer loop
      vertex 22.601 33.6057 0.6
      vertex 22.6619 33.6293 5.72205e-07
      vertex 22.601 33.6057 5.72205e-07
    endloop
  endfacet
  facet normal -0.464293 0.885682 0
    outer loop
      vertex 22.601 33.6057 5.72205e-07
      vertex 22.5432 33.5754 0.6
      vertex 22.601 33.6057 0.6
    endloop
  endfacet
  facet normal -0.464293 0.885682 0
    outer loop
      vertex 22.5432 33.5754 0.6
      vertex 22.601 33.6057 5.72205e-07
      vertex 22.5432 33.5754 5.72205e-07
    endloop
  endfacet
  facet normal -0.560614 0.828077 0
    outer loop
      vertex 22.5432 33.5754 5.72205e-07
      vertex 22.4884 33.5383 0.6
      vertex 22.5432 33.5754 0.6
    endloop
  endfacet
  facet normal -0.560614 0.828077 0
    outer loop
      vertex 22.4884 33.5383 0.6
      vertex 22.5432 33.5754 5.72205e-07
      vertex 22.4884 33.5383 5.72205e-07
    endloop
  endfacet
  facet normal -0.646405 0.762994 0
    outer loop
      vertex 22.4884 33.5383 5.72205e-07
      vertex 22.4367 33.4945 0.6
      vertex 22.4884 33.5383 0.6
    endloop
  endfacet
  facet normal -0.646405 0.762994 0
    outer loop
      vertex 22.4367 33.4945 0.6
      vertex 22.4884 33.5383 5.72205e-07
      vertex 22.4367 33.4945 5.72205e-07
    endloop
  endfacet
  facet normal -0.720531 0.693422 0
    outer loop
      vertex 22.3881 33.444 5.72205e-07
      vertex 22.4367 33.4945 0.6
      vertex 22.4367 33.4945 5.72205e-07
    endloop
  endfacet
  facet normal -0.720531 0.693422 0
    outer loop
      vertex 22.4367 33.4945 0.6
      vertex 22.3881 33.444 5.72205e-07
      vertex 22.3881 33.444 0.6
    endloop
  endfacet
  facet normal -0.782465 0.622695 0
    outer loop
      vertex 22.3425 33.3867 5.72205e-07
      vertex 22.3881 33.444 0.6
      vertex 22.3881 33.444 5.72205e-07
    endloop
  endfacet
  facet normal -0.782465 0.622695 0
    outer loop
      vertex 22.3881 33.444 0.6
      vertex 22.3425 33.3867 5.72205e-07
      vertex 22.3425 33.3867 0.6
    endloop
  endfacet
  facet normal -0.831845 0.555007 0
    outer loop
      vertex 22.3008 33.3242 5.72205e-07
      vertex 22.3425 33.3867 0.6
      vertex 22.3425 33.3867 5.72205e-07
    endloop
  endfacet
  facet normal -0.831845 0.555007 0
    outer loop
      vertex 22.3425 33.3867 0.6
      vertex 22.3008 33.3242 5.72205e-07
      vertex 22.3008 33.3242 0.6
    endloop
  endfacet
  facet normal -0.87397 0.48598 0
    outer loop
      vertex 22.2641 33.2582 5.72205e-07
      vertex 22.3008 33.3242 0.6
      vertex 22.3008 33.3242 5.72205e-07
    endloop
  endfacet
  facet normal -0.87397 0.48598 0
    outer loop
      vertex 22.3008 33.3242 0.6
      vertex 22.2641 33.2582 5.72205e-07
      vertex 22.2641 33.2582 0.6
    endloop
  endfacet
  facet normal -0.909333 0.416069 0
    outer loop
      vertex 22.2323 33.1887 5.72205e-07
      vertex 22.2641 33.2582 0.6
      vertex 22.2641 33.2582 5.72205e-07
    endloop
  endfacet
  facet normal -0.909333 0.416069 0
    outer loop
      vertex 22.2641 33.2582 0.6
      vertex 22.2323 33.1887 5.72205e-07
      vertex 22.2323 33.1887 0.6
    endloop
  endfacet
  facet normal -0.938058 0.346478 0
    outer loop
      vertex 22.2053 33.1156 5.72205e-07
      vertex 22.2323 33.1887 0.6
      vertex 22.2323 33.1887 5.72205e-07
    endloop
  endfacet
  facet normal -0.938058 0.346478 0
    outer loop
      vertex 22.2323 33.1887 0.6
      vertex 22.2053 33.1156 5.72205e-07
      vertex 22.2053 33.1156 0.6
    endloop
  endfacet
  facet normal -0.96124 0.275714 0
    outer loop
      vertex 22.1833 33.0389 5.72205e-07
      vertex 22.2053 33.1156 0.6
      vertex 22.2053 33.1156 5.72205e-07
    endloop
  endfacet
  facet normal -0.96124 0.275714 0
    outer loop
      vertex 22.2053 33.1156 0.6
      vertex 22.1833 33.0389 5.72205e-07
      vertex 22.1833 33.0389 0.6
    endloop
  endfacet
  facet normal -0.977767 0.209696 0
    outer loop
      vertex 22.1661 32.9587 5.72205e-07
      vertex 22.1833 33.0389 0.6
      vertex 22.1833 33.0389 5.72205e-07
    endloop
  endfacet
  facet normal -0.977767 0.209696 0
    outer loop
      vertex 22.1833 33.0389 0.6
      vertex 22.1661 32.9587 5.72205e-07
      vertex 22.1661 32.9587 0.6
    endloop
  endfacet
  facet normal -0.989568 0.144066 0
    outer loop
      vertex 22.1539 32.8749 5.72205e-07
      vertex 22.1661 32.9587 0.6
      vertex 22.1661 32.9587 5.72205e-07
    endloop
  endfacet
  facet normal -0.989568 0.144066 0
    outer loop
      vertex 22.1661 32.9587 0.6
      vertex 22.1539 32.8749 5.72205e-07
      vertex 22.1539 32.8749 0.6
    endloop
  endfacet
  facet normal -0.996522 0.0833289 0
    outer loop
      vertex 22.1466 32.7876 5.72205e-07
      vertex 22.1539 32.8749 0.6
      vertex 22.1539 32.8749 5.72205e-07
    endloop
  endfacet
  facet normal -0.996522 0.0833289 0
    outer loop
      vertex 22.1539 32.8749 0.6
      vertex 22.1466 32.7876 5.72205e-07
      vertex 22.1466 32.7876 0.6
    endloop
  endfacet
  facet normal -0.999622 0.0274924 0
    outer loop
      vertex 22.1441 32.6967 5.72205e-07
      vertex 22.1466 32.7876 0.6
      vertex 22.1466 32.7876 5.72205e-07
    endloop
  endfacet
  facet normal -0.999622 0.0274924 0
    outer loop
      vertex 22.1466 32.7876 0.6
      vertex 22.1441 32.6967 5.72205e-07
      vertex 22.1441 32.6967 0.6
    endloop
  endfacet
  facet normal -0.999493 -0.0318398 0
    outer loop
      vertex 22.1464 32.6245 5.72205e-07
      vertex 22.1441 32.6967 0.6
      vertex 22.1441 32.6967 5.72205e-07
    endloop
  endfacet
  facet normal -0.999493 -0.0318398 0
    outer loop
      vertex 22.1441 32.6967 0.6
      vertex 22.1464 32.6245 5.72205e-07
      vertex 22.1464 32.6245 0.6
    endloop
  endfacet
  facet normal -0.994748 -0.102358 0
    outer loop
      vertex 22.1535 32.5555 5.72205e-07
      vertex 22.1464 32.6245 0.6
      vertex 22.1464 32.6245 5.72205e-07
    endloop
  endfacet
  facet normal -0.994748 -0.102358 0
    outer loop
      vertex 22.1464 32.6245 0.6
      vertex 22.1535 32.5555 5.72205e-07
      vertex 22.1535 32.5555 0.6
    endloop
  endfacet
  facet normal -0.984557 -0.175066 0
    outer loop
      vertex 22.1652 32.4897 5.72205e-07
      vertex 22.1535 32.5555 0.6
      vertex 22.1535 32.5555 5.72205e-07
    endloop
  endfacet
  facet normal -0.984557 -0.175066 0
    outer loop
      vertex 22.1535 32.5555 0.6
      vertex 22.1652 32.4897 5.72205e-07
      vertex 22.1652 32.4897 0.6
    endloop
  endfacet
  facet normal -0.967354 -0.253428 0
    outer loop
      vertex 22.1816 32.4271 5.72205e-07
      vertex 22.1652 32.4897 0.6
      vertex 22.1652 32.4897 5.72205e-07
    endloop
  endfacet
  facet normal -0.967354 -0.253428 0
    outer loop
      vertex 22.1652 32.4897 0.6
      vertex 22.1816 32.4271 5.72205e-07
      vertex 22.1816 32.4271 0.6
    endloop
  endfacet
  facet normal -0.942137 -0.335229 0
    outer loop
      vertex 22.2027 32.3678 5.72205e-07
      vertex 22.1816 32.4271 0.6
      vertex 22.1816 32.4271 5.72205e-07
    endloop
  endfacet
  facet normal -0.942137 -0.335229 0
    outer loop
      vertex 22.1816 32.4271 0.6
      vertex 22.2027 32.3678 5.72205e-07
      vertex 22.2027 32.3678 0.6
    endloop
  endfacet
  facet normal -0.908527 -0.417825 0
    outer loop
      vertex 22.2285 32.3117 5.72205e-07
      vertex 22.2027 32.3678 0.6
      vertex 22.2027 32.3678 5.72205e-07
    endloop
  endfacet
  facet normal -0.908527 -0.417825 0
    outer loop
      vertex 22.2027 32.3678 0.6
      vertex 22.2285 32.3117 5.72205e-07
      vertex 22.2285 32.3117 0.6
    endloop
  endfacet
  facet normal -0.86703 -0.498256 0
    outer loop
      vertex 22.2589 32.2588 5.72205e-07
      vertex 22.2285 32.3117 0.6
      vertex 22.2285 32.3117 5.72205e-07
    endloop
  endfacet
  facet normal -0.86703 -0.498256 0
    outer loop
      vertex 22.2285 32.3117 0.6
      vertex 22.2589 32.2588 5.72205e-07
      vertex 22.2589 32.2588 0.6
    endloop
  endfacet
  facet normal -0.816057 -0.577972 0
    outer loop
      vertex 22.2941 32.2091 5.72205e-07
      vertex 22.2589 32.2588 0.6
      vertex 22.2589 32.2588 5.72205e-07
    endloop
  endfacet
  facet normal -0.816057 -0.577972 0
    outer loop
      vertex 22.2589 32.2588 0.6
      vertex 22.2941 32.2091 5.72205e-07
      vertex 22.2941 32.2091 0.6
    endloop
  endfacet
  facet normal -0.758218 -0.652002 0
    outer loop
      vertex 22.334 32.1627 5.72205e-07
      vertex 22.2941 32.2091 0.6
      vertex 22.2941 32.2091 5.72205e-07
    endloop
  endfacet
  facet normal -0.758218 -0.652002 0
    outer loop
      vertex 22.2941 32.2091 0.6
      vertex 22.334 32.1627 5.72205e-07
      vertex 22.334 32.1627 0.6
    endloop
  endfacet
  facet normal -0.696351 -0.717701 0
    outer loop
      vertex 22.334 32.1627 5.72205e-07
      vertex 22.3777 32.1203 0.6
      vertex 22.334 32.1627 0.6
    endloop
  endfacet
  facet normal -0.696351 -0.717701 -0
    outer loop
      vertex 22.3777 32.1203 0.6
      vertex 22.334 32.1627 5.72205e-07
      vertex 22.3777 32.1203 5.72205e-07
    endloop
  endfacet
  facet normal -0.622454 -0.782656 0
    outer loop
      vertex 22.3777 32.1203 5.72205e-07
      vertex 22.4246 32.083 0.6
      vertex 22.3777 32.1203 0.6
    endloop
  endfacet
  facet normal -0.622454 -0.782656 -0
    outer loop
      vertex 22.4246 32.083 0.6
      vertex 22.3777 32.1203 5.72205e-07
      vertex 22.4246 32.083 5.72205e-07
    endloop
  endfacet
  facet normal -0.544575 -0.838712 0
    outer loop
      vertex 22.4246 32.083 5.72205e-07
      vertex 22.4745 32.0506 0.6
      vertex 22.4246 32.083 0.6
    endloop
  endfacet
  facet normal -0.544575 -0.838712 -0
    outer loop
      vertex 22.4745 32.0506 0.6
      vertex 22.4246 32.083 5.72205e-07
      vertex 22.4745 32.0506 5.72205e-07
    endloop
  endfacet
  facet normal -0.459241 -0.888312 0
    outer loop
      vertex 22.4745 32.0506 5.72205e-07
      vertex 22.5275 32.0232 0.6
      vertex 22.4745 32.0506 0.6
    endloop
  endfacet
  facet normal -0.459241 -0.888312 -0
    outer loop
      vertex 22.5275 32.0232 0.6
      vertex 22.4745 32.0506 5.72205e-07
      vertex 22.5275 32.0232 5.72205e-07
    endloop
  endfacet
  facet normal -0.37025 -0.928932 0
    outer loop
      vertex 22.5275 32.0232 5.72205e-07
      vertex 22.5837 32.0008 0.6
      vertex 22.5275 32.0232 0.6
    endloop
  endfacet
  facet normal -0.37025 -0.928932 -0
    outer loop
      vertex 22.5837 32.0008 0.6
      vertex 22.5275 32.0232 5.72205e-07
      vertex 22.5837 32.0008 5.72205e-07
    endloop
  endfacet
  facet normal -0.281991 -0.959417 0
    outer loop
      vertex 22.5837 32.0008 5.72205e-07
      vertex 22.6429 31.9834 0.6
      vertex 22.5837 32.0008 0.6
    endloop
  endfacet
  facet normal -0.281991 -0.959417 -0
    outer loop
      vertex 22.6429 31.9834 0.6
      vertex 22.5837 32.0008 5.72205e-07
      vertex 22.6429 31.9834 5.72205e-07
    endloop
  endfacet
  facet normal -0.196721 -0.980459 0
    outer loop
      vertex 22.6429 31.9834 5.72205e-07
      vertex 22.7052 31.9709 0.6
      vertex 22.6429 31.9834 0.6
    endloop
  endfacet
  facet normal -0.196721 -0.980459 -0
    outer loop
      vertex 22.7052 31.9709 0.6
      vertex 22.6429 31.9834 5.72205e-07
      vertex 22.7052 31.9709 5.72205e-07
    endloop
  endfacet
  facet normal -0.113932 -0.993489 0
    outer loop
      vertex 22.7052 31.9709 5.72205e-07
      vertex 22.7706 31.9634 0.6
      vertex 22.7052 31.9709 0.6
    endloop
  endfacet
  facet normal -0.113932 -0.993489 -0
    outer loop
      vertex 22.7706 31.9634 0.6
      vertex 22.7052 31.9709 5.72205e-07
      vertex 22.7706 31.9634 5.72205e-07
    endloop
  endfacet
  facet normal -0.0364721 -0.999335 0
    outer loop
      vertex 22.7706 31.9634 5.72205e-07
      vertex 22.8391 31.9609 0.6
      vertex 22.7706 31.9634 0.6
    endloop
  endfacet
  facet normal -0.0364721 -0.999335 -0
    outer loop
      vertex 22.8391 31.9609 0.6
      vertex 22.7706 31.9634 5.72205e-07
      vertex 22.8391 31.9609 5.72205e-07
    endloop
  endfacet
  facet normal 0.0377881 -0.999286 0
    outer loop
      vertex 22.8391 31.9609 5.72205e-07
      vertex 22.9105 31.9636 0.6
      vertex 22.8391 31.9609 0.6
    endloop
  endfacet
  facet normal 0.0377881 -0.999286 0
    outer loop
      vertex 22.9105 31.9636 0.6
      vertex 22.8391 31.9609 5.72205e-07
      vertex 22.9105 31.9636 5.72205e-07
    endloop
  endfacet
  facet normal 0.117011 -0.993131 0
    outer loop
      vertex 22.9105 31.9636 5.72205e-07
      vertex 22.9784 31.9716 0.6
      vertex 22.9105 31.9636 0.6
    endloop
  endfacet
  facet normal 0.117011 -0.993131 0
    outer loop
      vertex 22.9784 31.9716 0.6
      vertex 22.9105 31.9636 5.72205e-07
      vertex 22.9784 31.9716 5.72205e-07
    endloop
  endfacet
  facet normal 0.200794 -0.979633 0
    outer loop
      vertex 22.9784 31.9716 5.72205e-07
      vertex 23.0428 31.9848 0.6
      vertex 22.9784 31.9716 0.6
    endloop
  endfacet
  facet normal 0.200794 -0.979633 0
    outer loop
      vertex 23.0428 31.9848 0.6
      vertex 22.9784 31.9716 5.72205e-07
      vertex 23.0428 31.9848 5.72205e-07
    endloop
  endfacet
  facet normal 0.292099 -0.956388 0
    outer loop
      vertex 23.0428 31.9848 5.72205e-07
      vertex 23.1037 32.0034 0.6
      vertex 23.0428 31.9848 0.6
    endloop
  endfacet
  facet normal 0.292099 -0.956388 0
    outer loop
      vertex 23.1037 32.0034 0.6
      vertex 23.0428 31.9848 5.72205e-07
      vertex 23.1037 32.0034 5.72205e-07
    endloop
  endfacet
  facet normal 0.385185 -0.922839 0
    outer loop
      vertex 23.1037 32.0034 5.72205e-07
      vertex 23.1612 32.0274 0.6
      vertex 23.1037 32.0034 0.6
    endloop
  endfacet
  facet normal 0.385185 -0.922839 0
    outer loop
      vertex 23.1612 32.0274 0.6
      vertex 23.1037 32.0034 5.72205e-07
      vertex 23.1612 32.0274 5.72205e-07
    endloop
  endfacet
  facet normal 0.476336 -0.879263 0
    outer loop
      vertex 23.1612 32.0274 5.72205e-07
      vertex 23.2151 32.0566 0.6
      vertex 23.1612 32.0274 0.6
    endloop
  endfacet
  facet normal 0.476336 -0.879263 0
    outer loop
      vertex 23.2151 32.0566 0.6
      vertex 23.1612 32.0274 5.72205e-07
      vertex 23.2151 32.0566 5.72205e-07
    endloop
  endfacet
  facet normal 0.565211 -0.824946 0
    outer loop
      vertex 23.2151 32.0566 5.72205e-07
      vertex 23.2656 32.0912 0.6
      vertex 23.2151 32.0566 0.6
    endloop
  endfacet
  facet normal 0.565211 -0.824946 0
    outer loop
      vertex 23.2656 32.0912 0.6
      vertex 23.2151 32.0566 5.72205e-07
      vertex 23.2656 32.0912 5.72205e-07
    endloop
  endfacet
  facet normal 0.645433 -0.763817 0
    outer loop
      vertex 23.2656 32.0912 5.72205e-07
      vertex 23.3127 32.131 0.6
      vertex 23.2656 32.0912 0.6
    endloop
  endfacet
  facet normal 0.645433 -0.763817 0
    outer loop
      vertex 23.3127 32.131 0.6
      vertex 23.2656 32.0912 5.72205e-07
      vertex 23.3127 32.131 5.72205e-07
    endloop
  endfacet
  facet normal 0.720527 -0.693427 0
    outer loop
      vertex 23.3127 32.131 0.6
      vertex 23.3562 32.1762 5.72205e-07
      vertex 23.3562 32.1762 0.6
    endloop
  endfacet
  facet normal 0.720527 -0.693427 0
    outer loop
      vertex 23.3562 32.1762 5.72205e-07
      vertex 23.3127 32.131 0.6
      vertex 23.3127 32.131 5.72205e-07
    endloop
  endfacet
  facet normal 0.785884 -0.618375 0
    outer loop
      vertex 23.3562 32.1762 0.6
      vertex 23.3957 32.2264 5.72205e-07
      vertex 23.3957 32.2264 0.6
    endloop
  endfacet
  facet normal 0.785884 -0.618375 0
    outer loop
      vertex 23.3957 32.2264 5.72205e-07
      vertex 23.3562 32.1762 0.6
      vertex 23.3562 32.1762 5.72205e-07
    endloop
  endfacet
  facet normal 0.844356 -0.535782 0
    outer loop
      vertex 23.3957 32.2264 0.6
      vertex 23.4306 32.2814 5.72205e-07
      vertex 23.4306 32.2814 0.6
    endloop
  endfacet
  facet normal 0.844356 -0.535782 0
    outer loop
      vertex 23.4306 32.2814 5.72205e-07
      vertex 23.3957 32.2264 0.6
      vertex 23.3957 32.2264 5.72205e-07
    endloop
  endfacet
  facet normal 0.89202 -0.451997 0
    outer loop
      vertex 23.4306 32.2814 0.6
      vertex 23.4608 32.341 5.72205e-07
      vertex 23.4608 32.341 0.6
    endloop
  endfacet
  facet normal 0.89202 -0.451997 0
    outer loop
      vertex 23.4608 32.341 5.72205e-07
      vertex 23.4306 32.2814 0.6
      vertex 23.4306 32.2814 5.72205e-07
    endloop
  endfacet
  facet normal 0.929765 -0.368152 0
    outer loop
      vertex 23.4608 32.341 0.6
      vertex 23.4863 32.4054 5.72205e-07
      vertex 23.4863 32.4054 0.6
    endloop
  endfacet
  facet normal 0.929765 -0.368152 0
    outer loop
      vertex 23.4863 32.4054 5.72205e-07
      vertex 23.4608 32.341 0.6
      vertex 23.4608 32.341 5.72205e-07
    endloop
  endfacet
  facet normal 0.957292 -0.289124 0
    outer loop
      vertex 23.4863 32.4054 0.6
      vertex 23.5072 32.4746 5.72205e-07
      vertex 23.5072 32.4746 0.6
    endloop
  endfacet
  facet normal 0.957292 -0.289124 0
    outer loop
      vertex 23.5072 32.4746 5.72205e-07
      vertex 23.4863 32.4054 0.6
      vertex 23.4863 32.4054 5.72205e-07
    endloop
  endfacet
  facet normal 0.976466 -0.215669 0
    outer loop
      vertex 23.5072 32.4746 0.6
      vertex 23.5235 32.5484 5.72205e-07
      vertex 23.5235 32.5484 0.6
    endloop
  endfacet
  facet normal 0.976466 -0.215669 0
    outer loop
      vertex 23.5235 32.5484 5.72205e-07
      vertex 23.5072 32.4746 0.6
      vertex 23.5072 32.4746 5.72205e-07
    endloop
  endfacet
  facet normal 0.989284 -0.146001 0
    outer loop
      vertex 23.5235 32.5484 0.6
      vertex 23.5351 32.627 5.72205e-07
      vertex 23.5351 32.627 0.6
    endloop
  endfacet
  facet normal 0.989284 -0.146001 0
    outer loop
      vertex 23.5351 32.627 5.72205e-07
      vertex 23.5235 32.5484 0.6
      vertex 23.5235 32.5484 5.72205e-07
    endloop
  endfacet
  facet normal 0.996496 -0.0836388 0
    outer loop
      vertex 23.5351 32.627 0.6
      vertex 23.5421 32.7104 5.72205e-07
      vertex 23.5421 32.7104 0.6
    endloop
  endfacet
  facet normal 0.996496 -0.0836388 0
    outer loop
      vertex 23.5421 32.7104 5.72205e-07
      vertex 23.5351 32.627 0.6
      vertex 23.5351 32.627 5.72205e-07
    endloop
  endfacet
  facet normal 0.999659 -0.0261274 0
    outer loop
      vertex 23.5421 32.7104 0.6
      vertex 23.5444 32.7984 5.72205e-07
      vertex 23.5444 32.7984 0.6
    endloop
  endfacet
  facet normal 0.999659 -0.0261274 0
    outer loop
      vertex 23.5444 32.7984 5.72205e-07
      vertex 23.5421 32.7104 0.6
      vertex 23.5421 32.7104 5.72205e-07
    endloop
  endfacet
  facet normal 0.999684 0.0251349 0
    outer loop
      vertex 23.5444 32.7984 0.6
      vertex 23.5422 32.8859 5.72205e-07
      vertex 23.5422 32.8859 0.6
    endloop
  endfacet
  facet normal 0.999684 0.0251349 0
    outer loop
      vertex 23.5422 32.8859 5.72205e-07
      vertex 23.5444 32.7984 0.6
      vertex 23.5444 32.7984 5.72205e-07
    endloop
  endfacet
  facet normal 0.996773 0.080269 0
    outer loop
      vertex 23.5422 32.8859 0.6
      vertex 23.5355 32.9691 5.72205e-07
      vertex 23.5355 32.9691 0.6
    endloop
  endfacet
  facet normal 0.996773 0.080269 0
    outer loop
      vertex 23.5355 32.9691 5.72205e-07
      vertex 23.5422 32.8859 0.6
      vertex 23.5422 32.8859 5.72205e-07
    endloop
  endfacet
  facet normal 0.990248 0.139313 0
    outer loop
      vertex 23.5355 32.9691 0.6
      vertex 23.5244 33.048 5.72205e-07
      vertex 23.5244 33.048 0.6
    endloop
  endfacet
  facet normal 0.990248 0.139313 0
    outer loop
      vertex 23.5244 33.048 5.72205e-07
      vertex 23.5355 32.9691 0.6
      vertex 23.5355 32.9691 5.72205e-07
    endloop
  endfacet
  facet normal 0.979089 0.20343 0
    outer loop
      vertex 23.5244 33.048 0.6
      vertex 23.5089 33.1226 5.72205e-07
      vertex 23.5089 33.1226 0.6
    endloop
  endfacet
  facet normal 0.979089 0.20343 0
    outer loop
      vertex 23.5089 33.1226 5.72205e-07
      vertex 23.5244 33.048 0.6
      vertex 23.5244 33.048 5.72205e-07
    endloop
  endfacet
  facet normal 0.96173 0.273997 0
    outer loop
      vertex 23.5089 33.1226 0.6
      vertex 23.4889 33.1928 5.72205e-07
      vertex 23.4889 33.1928 0.6
    endloop
  endfacet
  facet normal 0.96173 0.273997 0
    outer loop
      vertex 23.4889 33.1928 5.72205e-07
      vertex 23.5089 33.1226 0.6
      vertex 23.5089 33.1226 5.72205e-07
    endloop
  endfacet
  facet normal 0.937954 0.346759 0
    outer loop
      vertex 23.4889 33.1928 0.6
      vertex 23.4645 33.2588 5.72205e-07
      vertex 23.4645 33.2588 0.6
    endloop
  endfacet
  facet normal 0.937954 0.346759 0
    outer loop
      vertex 23.4645 33.2588 5.72205e-07
      vertex 23.4889 33.1928 0.6
      vertex 23.4889 33.1928 5.72205e-07
    endloop
  endfacet
  facet normal 0.905882 0.423529 0
    outer loop
      vertex 23.4645 33.2588 0.6
      vertex 23.4357 33.3204 5.72205e-07
      vertex 23.4357 33.3204 0.6
    endloop
  endfacet
  facet normal 0.905882 0.423529 0
    outer loop
      vertex 23.4357 33.3204 5.72205e-07
      vertex 23.4645 33.2588 0.6
      vertex 23.4645 33.2588 5.72205e-07
    endloop
  endfacet
  facet normal 0.864979 0.501808 0
    outer loop
      vertex 23.4357 33.3204 0.6
      vertex 23.4024 33.3778 5.72205e-07
      vertex 23.4024 33.3778 0.6
    endloop
  endfacet
  facet normal 0.864979 0.501808 0
    outer loop
      vertex 23.4024 33.3778 5.72205e-07
      vertex 23.4357 33.3204 0.6
      vertex 23.4357 33.3204 5.72205e-07
    endloop
  endfacet
  facet normal 0.814875 0.579637 0
    outer loop
      vertex 23.4024 33.3778 0.6
      vertex 23.3647 33.4308 5.72205e-07
      vertex 23.3647 33.4308 0.6
    endloop
  endfacet
  facet normal 0.814875 0.579637 0
    outer loop
      vertex 23.3647 33.4308 5.72205e-07
      vertex 23.4024 33.3778 0.6
      vertex 23.4024 33.3778 5.72205e-07
    endloop
  endfacet
  facet normal 0.75491 0.655828 0
    outer loop
      vertex 23.3647 33.4308 0.6
      vertex 23.323 33.4788 5.72205e-07
      vertex 23.323 33.4788 0.6
    endloop
  endfacet
  facet normal 0.75491 0.655828 0
    outer loop
      vertex 23.323 33.4788 5.72205e-07
      vertex 23.3647 33.4308 0.6
      vertex 23.3647 33.4308 5.72205e-07
    endloop
  endfacet
  facet normal 0.684156 0.729336 -0
    outer loop
      vertex 23.323 33.4788 5.72205e-07
      vertex 23.2778 33.5212 0.6
      vertex 23.323 33.4788 0.6
    endloop
  endfacet
  facet normal 0.684156 0.729336 0
    outer loop
      vertex 23.2778 33.5212 0.6
      vertex 23.323 33.4788 5.72205e-07
      vertex 23.2778 33.5212 5.72205e-07
    endloop
  endfacet
  facet normal 0.601835 0.79862 -0
    outer loop
      vertex 23.2778 33.5212 5.72205e-07
      vertex 23.2291 33.5579 0.6
      vertex 23.2778 33.5212 0.6
    endloop
  endfacet
  facet normal 0.601835 0.79862 0
    outer loop
      vertex 23.2291 33.5579 0.6
      vertex 23.2778 33.5212 5.72205e-07
      vertex 23.2291 33.5579 5.72205e-07
    endloop
  endfacet
  facet normal 0.511108 0.859516 -0
    outer loop
      vertex 23.2291 33.5579 5.72205e-07
      vertex 23.1768 33.589 0.6
      vertex 23.2291 33.5579 0.6
    endloop
  endfacet
  facet normal 0.511108 0.859516 0
    outer loop
      vertex 23.1768 33.589 0.6
      vertex 23.2291 33.5579 5.72205e-07
      vertex 23.1768 33.589 5.72205e-07
    endloop
  endfacet
  facet normal 0.41491 0.909862 -0
    outer loop
      vertex 23.1768 33.589 5.72205e-07
      vertex 23.1211 33.6144 0.6
      vertex 23.1768 33.589 0.6
    endloop
  endfacet
  facet normal 0.41491 0.909862 0
    outer loop
      vertex 23.1211 33.6144 0.6
      vertex 23.1768 33.589 5.72205e-07
      vertex 23.1211 33.6144 5.72205e-07
    endloop
  endfacet
  facet normal 0.316708 0.948523 -0
    outer loop
      vertex 23.1211 33.6144 5.72205e-07
      vertex 23.0618 33.6342 0.6
      vertex 23.1211 33.6144 0.6
    endloop
  endfacet
  facet normal 0.316708 0.948523 0
    outer loop
      vertex 23.0618 33.6342 0.6
      vertex 23.1211 33.6144 5.72205e-07
      vertex 23.0618 33.6342 5.72205e-07
    endloop
  endfacet
  facet normal 0.219069 0.975709 -0
    outer loop
      vertex 23.0618 33.6342 5.72205e-07
      vertex 22.999 33.6483 0.6
      vertex 23.0618 33.6342 0.6
    endloop
  endfacet
  facet normal 0.219069 0.975709 0
    outer loop
      vertex 22.999 33.6483 0.6
      vertex 23.0618 33.6342 5.72205e-07
      vertex 22.999 33.6483 5.72205e-07
    endloop
  endfacet
  facet normal 0.127164 0.991882 -0
    outer loop
      vertex 22.999 33.6483 5.72205e-07
      vertex 22.9327 33.6568 0.6
      vertex 22.999 33.6483 0.6
    endloop
  endfacet
  facet normal 0.127164 0.991882 0
    outer loop
      vertex 22.9327 33.6568 0.6
      vertex 22.999 33.6483 5.72205e-07
      vertex 22.9327 33.6568 5.72205e-07
    endloop
  endfacet
  facet normal 0.0400824 0.999196 -0
    outer loop
      vertex 22.9327 33.6568 5.72205e-07
      vertex 22.8629 33.6596 0.6
      vertex 22.9327 33.6568 0.6
    endloop
  endfacet
  facet normal 0.0400824 0.999196 0
    outer loop
      vertex 22.8629 33.6596 0.6
      vertex 22.9327 33.6568 5.72205e-07
      vertex 22.8629 33.6596 5.72205e-07
    endloop
  endfacet
  facet normal -0.0485142 0.998822 0
    outer loop
      vertex 22.8629 33.6596 5.72205e-07
      vertex 22.7929 33.6562 0.6
      vertex 22.8629 33.6596 0.6
    endloop
  endfacet
  facet normal -0.0485142 0.998822 0
    outer loop
      vertex 22.7929 33.6562 0.6
      vertex 22.8629 33.6596 5.72205e-07
      vertex 22.7929 33.6562 5.72205e-07
    endloop
  endfacet
  facet normal 0 1 -0
    outer loop
      vertex 18.9024 33.6257 5.72205e-07
      vertex 17.8072 33.6257 0.6
      vertex 18.9024 33.6257 0.6
    endloop
  endfacet
  facet normal 0 1 0
    outer loop
      vertex 17.8072 33.6257 0.6
      vertex 18.9024 33.6257 5.72205e-07
      vertex 17.8072 33.6257 5.72205e-07
    endloop
  endfacet
  facet normal -1 0 0
    outer loop
      vertex 17.8072 29.557 5.72205e-07
      vertex 17.8072 33.6257 0.6
      vertex 17.8072 33.6257 5.72205e-07
    endloop
  endfacet
  facet normal -1 -0 0
    outer loop
      vertex 17.8072 33.6257 0.6
      vertex 17.8072 29.557 5.72205e-07
      vertex 17.8072 29.557 0.6
    endloop
  endfacet
  facet normal 0 1 -0
    outer loop
      vertex 17.8072 29.557 5.72205e-07
      vertex 16.9053 29.557 0.6
      vertex 17.8072 29.557 0.6
    endloop
  endfacet
  facet normal 0 1 0
    outer loop
      vertex 16.9053 29.557 0.6
      vertex 17.8072 29.557 5.72205e-07
      vertex 16.9053 29.557 5.72205e-07
    endloop
  endfacet
  facet normal 0.544207 0.838951 -0
    outer loop
      vertex 16.9053 29.557 5.72205e-07
      vertex 15.7084 30.3334 0.6
      vertex 16.9053 29.557 0.6
    endloop
  endfacet
  facet normal 0.544207 0.838951 0
    outer loop
      vertex 15.7084 30.3334 0.6
      vertex 16.9053 29.557 5.72205e-07
      vertex 15.7084 30.3334 5.72205e-07
    endloop
  endfacet
  facet normal 1 -0 0
    outer loop
      vertex 15.7084 30.3334 0.6
      vertex 15.7084 31.0828 5.72205e-07
      vertex 15.7084 31.0828 0.6
    endloop
  endfacet
  facet normal 1 0 0
    outer loop
      vertex 15.7084 31.0828 5.72205e-07
      vertex 15.7084 30.3334 0.6
      vertex 15.7084 30.3334 5.72205e-07
    endloop
  endfacet
  facet normal -0.5296 -0.848248 0
    outer loop
      vertex 15.7084 31.0828 5.72205e-07
      vertex 16.8544 30.3673 0.6
      vertex 15.7084 31.0828 0.6
    endloop
  endfacet
  facet normal -0.5296 -0.848248 -0
    outer loop
      vertex 16.8544 30.3673 0.6
      vertex 15.7084 31.0828 5.72205e-07
      vertex 16.8544 30.3673 5.72205e-07
    endloop
  endfacet
  facet normal 1 -0 0
    outer loop
      vertex 16.8544 30.3673 0.6
      vertex 16.8544 33.6257 5.72205e-07
      vertex 16.8544 33.6257 0.6
    endloop
  endfacet
  facet normal 1 0 0
    outer loop
      vertex 16.8544 33.6257 5.72205e-07
      vertex 16.8544 30.3673 0.6
      vertex 16.8544 30.3673 5.72205e-07
    endloop
  endfacet
  facet normal 0 1 -0
    outer loop
      vertex 16.8544 33.6257 5.72205e-07
      vertex 15.6712 33.6257 0.6
      vertex 16.8544 33.6257 0.6
    endloop
  endfacet
  facet normal 0 1 0
    outer loop
      vertex 15.6712 33.6257 0.6
      vertex 16.8544 33.6257 5.72205e-07
      vertex 15.6712 33.6257 5.72205e-07
    endloop
  endfacet
  facet normal 1 -0 0
    outer loop
      vertex 15.6712 33.6257 0.6
      vertex 15.6712 34.3344 5.72205e-07
      vertex 15.6712 34.3344 0.6
    endloop
  endfacet
  facet normal 1 0 0
    outer loop
      vertex 15.6712 34.3344 5.72205e-07
      vertex 15.6712 33.6257 0.6
      vertex 15.6712 33.6257 5.72205e-07
    endloop
  endfacet
  facet normal 0 -1 0
    outer loop
      vertex 15.6712 34.3344 5.72205e-07
      vertex 18.9024 34.3344 0.6
      vertex 15.6712 34.3344 0.6
    endloop
  endfacet
  facet normal 0 -1 -0
    outer loop
      vertex 18.9024 34.3344 0.6
      vertex 15.6712 34.3344 5.72205e-07
      vertex 18.9024 34.3344 5.72205e-07
    endloop
  endfacet
  facet normal -1 0 0
    outer loop
      vertex 18.9024 33.6257 5.72205e-07
      vertex 18.9024 34.3344 0.6
      vertex 18.9024 34.3344 5.72205e-07
    endloop
  endfacet
  facet normal -1 -0 0
    outer loop
      vertex 18.9024 34.3344 0.6
      vertex 18.9024 33.6257 5.72205e-07
      vertex 18.9024 33.6257 0.6
    endloop
  endfacet
  facet normal 0 -1 0
    outer loop
      vertex 27.8907 33.1137 5.72205e-07
      vertex 29.7114 33.1137 0.6
      vertex 27.8907 33.1137 0.6
    endloop
  endfacet
  facet normal 0 -1 -0
    outer loop
      vertex 29.7114 33.1137 0.6
      vertex 27.8907 33.1137 5.72205e-07
      vertex 29.7114 33.1137 5.72205e-07
    endloop
  endfacet
  facet normal 0.944663 -0.328043 0
    outer loop
      vertex 29.7114 33.1137 0.6
      vertex 30.1353 34.3344 5.72205e-07
      vertex 30.1353 34.3344 0.6
    endloop
  endfacet
  facet normal 0.944663 -0.328043 0
    outer loop
      vertex 30.1353 34.3344 5.72205e-07
      vertex 29.7114 33.1137 0.6
      vertex 29.7114 33.1137 5.72205e-07
    endloop
  endfacet
  facet normal 0 -1 0
    outer loop
      vertex 30.1353 34.3344 5.72205e-07
      vertex 31.1253 34.3344 0.6
      vertex 30.1353 34.3344 0.6
    endloop
  endfacet
  facet normal 0 -1 -0
    outer loop
      vertex 31.1253 34.3344 0.6
      vertex 30.1353 34.3344 5.72205e-07
      vertex 31.1253 34.3344 5.72205e-07
    endloop
  endfacet
  facet normal -0.939872 0.341528 0
    outer loop
      vertex 29.3893 29.557 5.72205e-07
      vertex 31.1253 34.3344 0.6
      vertex 31.1253 34.3344 5.72205e-07
    endloop
  endfacet
  facet normal -0.939872 0.341528 0
    outer loop
      vertex 31.1253 34.3344 0.6
      vertex 29.3893 29.557 5.72205e-07
      vertex 29.3893 29.557 0.6
    endloop
  endfacet
  facet normal 0 1 -0
    outer loop
      vertex 29.3893 29.557 5.72205e-07
      vertex 28.2094 29.557 0.6
      vertex 29.3893 29.557 0.6
    endloop
  endfacet
  facet normal 0 1 0
    outer loop
      vertex 28.2094 29.557 0.6
      vertex 29.3893 29.557 5.72205e-07
      vertex 28.2094 29.557 5.72205e-07
    endloop
  endfacet
  facet normal 0.939442 0.342709 0
    outer loop
      vertex 28.2094 29.557 0.6
      vertex 26.4666 34.3344 5.72205e-07
      vertex 26.4666 34.3344 0.6
    endloop
  endfacet
  facet normal 0.939442 0.342709 0
    outer loop
      vertex 26.4666 34.3344 5.72205e-07
      vertex 28.2094 29.557 0.6
      vertex 28.2094 29.557 5.72205e-07
    endloop
  endfacet
  facet normal 0 -1 0
    outer loop
      vertex 26.4666 34.3344 5.72205e-07
      vertex 27.4668 34.3344 0.6
      vertex 26.4666 34.3344 0.6
    endloop
  endfacet
  facet normal 0 -1 -0
    outer loop
      vertex 27.4668 34.3344 0.6
      vertex 26.4666 34.3344 5.72205e-07
      vertex 27.4668 34.3344 5.72205e-07
    endloop
  endfacet
  facet normal -0.944663 -0.328043 0
    outer loop
      vertex 27.8907 33.1137 5.72205e-07
      vertex 27.4668 34.3344 0.6
      vertex 27.4668 34.3344 5.72205e-07
    endloop
  endfacet
  facet normal -0.944663 -0.328043 0
    outer loop
      vertex 27.4668 34.3344 0.6
      vertex 27.8907 33.1137 5.72205e-07
      vertex 27.8907 33.1137 0.6
    endloop
  endfacet
  facet normal -0.945742 -0.324919 0
    outer loop
      vertex 28.2275 32.0318 5.72205e-07
      vertex 28.1144 32.361 0.6
      vertex 28.1144 32.361 5.72205e-07
    endloop
  endfacet
  facet normal -0.945742 -0.324919 0
    outer loop
      vertex 28.1144 32.361 0.6
      vertex 28.2275 32.0318 5.72205e-07
      vertex 28.2275 32.0318 0.6
    endloop
  endfacet
  facet normal -0.94605 -0.324021 0
    outer loop
      vertex 28.3284 31.7372 5.72205e-07
      vertex 28.2275 32.0318 0.6
      vertex 28.2275 32.0318 5.72205e-07
    endloop
  endfacet
  facet normal -0.94605 -0.324021 0
    outer loop
      vertex 28.2275 32.0318 0.6
      vertex 28.3284 31.7372 5.72205e-07
      vertex 28.3284 31.7372 0.6
    endloop
  endfacet
  facet normal -0.946105 -0.323859 0
    outer loop
      vertex 28.4174 31.4772 5.72205e-07
      vertex 28.3284 31.7372 0.6
      vertex 28.3284 31.7372 5.72205e-07
    endloop
  endfacet
  facet normal -0.946105 -0.323859 0
    outer loop
      vertex 28.3284 31.7372 0.6
      vertex 28.4174 31.4772 5.72205e-07
      vertex 28.4174 31.4772 0.6
    endloop
  endfacet
  facet normal -0.946519 -0.322648 0
    outer loop
      vertex 28.4942 31.2519 5.72205e-07
      vertex 28.4174 31.4772 0.6
      vertex 28.4174 31.4772 5.72205e-07
    endloop
  endfacet
  facet normal -0.946519 -0.322648 0
    outer loop
      vertex 28.4174 31.4772 0.6
      vertex 28.4942 31.2519 5.72205e-07
      vertex 28.4942 31.2519 0.6
    endloop
  endfacet
  facet normal -0.946779 -0.321885 0
    outer loop
      vertex 28.559 31.0613 5.72205e-07
      vertex 28.4942 31.2519 0.6
      vertex 28.4942 31.2519 5.72205e-07
    endloop
  endfacet
  facet normal -0.946779 -0.321885 0
    outer loop
      vertex 28.4942 31.2519 0.6
      vertex 28.559 31.0613 5.72205e-07
      vertex 28.559 31.0613 0.6
    endloop
  endfacet
  facet normal -0.9474 -0.320051 0
    outer loop
      vertex 28.6117 30.9053 5.72205e-07
      vertex 28.559 31.0613 0.6
      vertex 28.559 31.0613 5.72205e-07
    endloop
  endfacet
  facet normal -0.9474 -0.320051 0
    outer loop
      vertex 28.559 31.0613 0.6
      vertex 28.6117 30.9053 5.72205e-07
      vertex 28.6117 30.9053 0.6
    endloop
  endfacet
  facet normal -0.948056 -0.318103 0
    outer loop
      vertex 28.6524 30.784 5.72205e-07
      vertex 28.6117 30.9053 0.6
      vertex 28.6117 30.9053 5.72205e-07
    endloop
  endfacet
  facet normal -0.948056 -0.318103 0
    outer loop
      vertex 28.6117 30.9053 0.6
      vertex 28.6524 30.784 5.72205e-07
      vertex 28.6524 30.784 0.6
    endloop
  endfacet
  facet normal -0.94923 -0.314583 0
    outer loop
      vertex 28.6811 30.6974 5.72205e-07
      vertex 28.6524 30.784 0.6
      vertex 28.6524 30.784 5.72205e-07
    endloop
  endfacet
  facet normal -0.94923 -0.314583 0
    outer loop
      vertex 28.6524 30.784 0.6
      vertex 28.6811 30.6974 5.72205e-07
      vertex 28.6811 30.6974 0.6
    endloop
  endfacet
  facet normal -0.953166 -0.302447 0
    outer loop
      vertex 28.6976 30.6454 5.72205e-07
      vertex 28.6811 30.6974 0.6
      vertex 28.6811 30.6974 5.72205e-07
    endloop
  endfacet
  facet normal -0.953166 -0.302447 0
    outer loop
      vertex 28.6811 30.6974 0.6
      vertex 28.6976 30.6454 5.72205e-07
      vertex 28.6976 30.6454 0.6
    endloop
  endfacet
  facet normal -0.956977 -0.290162 0
    outer loop
      vertex 28.708 30.6111 5.72205e-07
      vertex 28.6976 30.6454 0.6
      vertex 28.6976 30.6454 5.72205e-07
    endloop
  endfacet
  facet normal -0.956977 -0.290162 0
    outer loop
      vertex 28.6976 30.6454 0.6
      vertex 28.708 30.6111 5.72205e-07
      vertex 28.708 30.6111 0.6
    endloop
  endfacet
  facet normal -0.957193 -0.289451 0
    outer loop
      vertex 28.7181 30.5777 5.72205e-07
      vertex 28.708 30.6111 0.6
      vertex 28.708 30.6111 5.72205e-07
    endloop
  endfacet
  facet normal -0.957193 -0.289451 0
    outer loop
      vertex 28.708 30.6111 0.6
      vertex 28.7181 30.5777 5.72205e-07
      vertex 28.7181 30.5777 0.6
    endloop
  endfacet
  facet normal -0.958231 -0.285995 0
    outer loop
      vertex 28.7278 30.5452 5.72205e-07
      vertex 28.7181 30.5777 0.6
      vertex 28.7181 30.5777 5.72205e-07
    endloop
  endfacet
  facet normal -0.958231 -0.285995 0
    outer loop
      vertex 28.7181 30.5777 0.6
      vertex 28.7278 30.5452 5.72205e-07
      vertex 28.7278 30.5452 0.6
    endloop
  endfacet
  facet normal -0.95898 -0.283472 0
    outer loop
      vertex 28.7372 30.5134 5.72205e-07
      vertex 28.7278 30.5452 0.6
      vertex 28.7278 30.5452 5.72205e-07
    endloop
  endfacet
  facet normal -0.95898 -0.283472 0
    outer loop
      vertex 28.7278 30.5452 0.6
      vertex 28.7372 30.5134 5.72205e-07
      vertex 28.7372 30.5134 0.6
    endloop
  endfacet
  facet normal -0.95986 -0.280479 0
    outer loop
      vertex 28.7462 30.4826 5.72205e-07
      vertex 28.7372 30.5134 0.6
      vertex 28.7372 30.5134 5.72205e-07
    endloop
  endfacet
  facet normal -0.95986 -0.280479 0
    outer loop
      vertex 28.7372 30.5134 0.6
      vertex 28.7462 30.4826 5.72205e-07
      vertex 28.7462 30.4826 0.6
    endloop
  endfacet
  facet normal -0.960676 -0.277671 0
    outer loop
      vertex 28.7549 30.4525 5.72205e-07
      vertex 28.7462 30.4826 0.6
      vertex 28.7462 30.4826 5.72205e-07
    endloop
  endfacet
  facet normal -0.960676 -0.277671 0
    outer loop
      vertex 28.7462 30.4826 0.6
      vertex 28.7549 30.4525 5.72205e-07
      vertex 28.7549 30.4525 0.6
    endloop
  endfacet
  facet normal -0.961026 -0.276459 0
    outer loop
      vertex 28.7633 30.4233 5.72205e-07
      vertex 28.7549 30.4525 0.6
      vertex 28.7549 30.4525 5.72205e-07
    endloop
  endfacet
  facet normal -0.961026 -0.276459 0
    outer loop
      vertex 28.7549 30.4525 0.6
      vertex 28.7633 30.4233 5.72205e-07
      vertex 28.7633 30.4233 0.6
    endloop
  endfacet
  facet normal -0.96254 -0.271138 0
    outer loop
      vertex 28.7713 30.3949 5.72205e-07
      vertex 28.7633 30.4233 0.6
      vertex 28.7633 30.4233 5.72205e-07
    endloop
  endfacet
  facet normal -0.96254 -0.271138 0
    outer loop
      vertex 28.7633 30.4233 0.6
      vertex 28.7713 30.3949 5.72205e-07
      vertex 28.7713 30.3949 0.6
    endloop
  endfacet
  facet normal -0.963217 -0.268724 0
    outer loop
      vertex 28.779 30.3673 5.72205e-07
      vertex 28.7713 30.3949 0.6
      vertex 28.7713 30.3949 5.72205e-07
    endloop
  endfacet
  facet normal -0.963217 -0.268724 0
    outer loop
      vertex 28.7713 30.3949 0.6
      vertex 28.779 30.3673 5.72205e-07
      vertex 28.779 30.3673 0.6
    endloop
  endfacet
  facet normal -0.964913 -0.26257 0
    outer loop
      vertex 28.7993 30.2927 5.72205e-07
      vertex 28.779 30.3673 0.6
      vertex 28.779 30.3673 5.72205e-07
    endloop
  endfacet
  facet normal -0.964913 -0.26257 0
    outer loop
      vertex 28.779 30.3673 0.6
      vertex 28.7993 30.2927 5.72205e-07
      vertex 28.7993 30.2927 0.6
    endloop
  endfacet
  facet normal 0.95658 -0.291471 0
    outer loop
      vertex 28.7993 30.2927 0.6
      vertex 28.8706 30.5267 5.72205e-07
      vertex 28.8706 30.5267 0.6
    endloop
  endfacet
  facet normal 0.95658 -0.291471 0
    outer loop
      vertex 28.8706 30.5267 5.72205e-07
      vertex 28.7993 30.2927 0.6
      vertex 28.7993 30.2927 5.72205e-07
    endloop
  endfacet
  facet normal 0.95353 -0.3013 0
    outer loop
      vertex 28.8706 30.5267 0.6
      vertex 29.0163 30.9878 5.72205e-07
      vertex 29.0163 30.9878 0.6
    endloop
  endfacet
  facet normal 0.95353 -0.3013 0
    outer loop
      vertex 29.0163 30.9878 5.72205e-07
      vertex 28.8706 30.5267 0.6
      vertex 28.8706 30.5267 5.72205e-07
    endloop
  endfacet
  facet normal 0.945843 -0.324625 0
    outer loop
      vertex 29.0163 30.9878 0.6
      vertex 29.4876 32.361 5.72205e-07
      vertex 29.4876 32.361 0.6
    endloop
  endfacet
  facet normal 0.945843 -0.324625 0
    outer loop
      vertex 29.4876 32.361 5.72205e-07
      vertex 29.0163 30.9878 0.6
      vertex 29.0163 30.9878 5.72205e-07
    endloop
  endfacet
  facet normal 0 1 -0
    outer loop
      vertex 29.4876 32.361 5.72205e-07
      vertex 28.1144 32.361 0.6
      vertex 29.4876 32.361 0.6
    endloop
  endfacet
  facet normal 0 1 0
    outer loop
      vertex 28.1144 32.361 0.6
      vertex 29.4876 32.361 5.72205e-07
      vertex 28.1144 32.361 5.72205e-07
    endloop
  endfacet
  facet normal 0 -1 0
    outer loop
      vertex 35.4447 30.33 5.72205e-07
      vertex 36.9908 30.33 0.6
      vertex 35.4447 30.33 0.6
    endloop
  endfacet
  facet normal 0 -1 -0
    outer loop
      vertex 36.9908 30.33 0.6
      vertex 35.4447 30.33 5.72205e-07
      vertex 36.9908 30.33 5.72205e-07
    endloop
  endfacet
  facet normal -1 0 0
    outer loop
      vertex 36.9908 29.557 5.72205e-07
      vertex 36.9908 30.33 0.6
      vertex 36.9908 30.33 5.72205e-07
    endloop
  endfacet
  facet normal -1 -0 0
    outer loop
      vertex 36.9908 30.33 0.6
      vertex 36.9908 29.557 5.72205e-07
      vertex 36.9908 29.557 0.6
    endloop
  endfacet
  facet normal 0 1 -0
    outer loop
      vertex 36.9908 29.557 5.72205e-07
      vertex 32.9017 29.557 0.6
      vertex 36.9908 29.557 0.6
    endloop
  endfacet
  facet normal 0 1 0
    outer loop
      vertex 32.9017 29.557 0.6
      vertex 36.9908 29.557 5.72205e-07
      vertex 32.9017 29.557 5.72205e-07
    endloop
  endfacet
  facet normal 1 -0 0
    outer loop
      vertex 32.9017 29.557 0.6
      vertex 32.9017 30.33 5.72205e-07
      vertex 32.9017 30.33 0.6
    endloop
  endfacet
  facet normal 1 0 0
    outer loop
      vertex 32.9017 30.33 5.72205e-07
      vertex 32.9017 29.557 0.6
      vertex 32.9017 29.557 5.72205e-07
    endloop
  endfacet
  facet normal 0 -1 0
    outer loop
      vertex 32.9017 30.33 5.72205e-07
      vertex 34.4444 30.33 0.6
      vertex 32.9017 30.33 0.6
    endloop
  endfacet
  facet normal 0 -1 -0
    outer loop
      vertex 34.4444 30.33 0.6
      vertex 32.9017 30.33 5.72205e-07
      vertex 34.4444 30.33 5.72205e-07
    endloop
  endfacet
  facet normal 1 -0 0
    outer loop
      vertex 34.4444 30.33 0.6
      vertex 34.4444 34.3344 5.72205e-07
      vertex 34.4444 34.3344 0.6
    endloop
  endfacet
  facet normal 1 0 0
    outer loop
      vertex 34.4444 34.3344 5.72205e-07
      vertex 34.4444 30.33 0.6
      vertex 34.4444 30.33 5.72205e-07
    endloop
  endfacet
  facet normal 0 -1 0
    outer loop
      vertex 34.4444 34.3344 5.72205e-07
      vertex 35.4447 34.3344 0.6
      vertex 34.4444 34.3344 0.6
    endloop
  endfacet
  facet normal 0 -1 -0
    outer loop
      vertex 35.4447 34.3344 0.6
      vertex 34.4444 34.3344 5.72205e-07
      vertex 35.4447 34.3344 5.72205e-07
    endloop
  endfacet
  facet normal -1 0 0
    outer loop
      vertex 35.4447 30.33 5.72205e-07
      vertex 35.4447 34.3344 0.6
      vertex 35.4447 34.3344 5.72205e-07
    endloop
  endfacet
  facet normal -1 -0 0
    outer loop
      vertex 35.4447 34.3344 0.6
      vertex 35.4447 30.33 5.72205e-07
      vertex 35.4447 30.33 0.6
    endloop
  endfacet
  facet normal 0 1 -0
    outer loop
      vertex 20.4566 33.3002 5.72205e-07
      vertex 19.4767 33.3002 0.6
      vertex 20.4566 33.3002 0.6
    endloop
  endfacet
  facet normal 0 1 0
    outer loop
      vertex 19.4767 33.3002 0.6
      vertex 20.4566 33.3002 5.72205e-07
      vertex 19.4767 33.3002 5.72205e-07
    endloop
  endfacet
  facet normal 1 -0 0
    outer loop
      vertex 19.4767 33.3002 0.6
      vertex 19.4767 34.3344 5.72205e-07
      vertex 19.4767 34.3344 0.6
    endloop
  endfacet
  facet normal 1 0 0
    outer loop
      vertex 19.4767 34.3344 5.72205e-07
      vertex 19.4767 33.3002 0.6
      vertex 19.4767 33.3002 5.72205e-07
    endloop
  endfacet
  facet normal 0 -1 0
    outer loop
      vertex 19.4767 34.3344 5.72205e-07
      vertex 20.4566 34.3344 0.6
      vertex 19.4767 34.3344 0.6
    endloop
  endfacet
  facet normal 0 -1 -0
    outer loop
      vertex 20.4566 34.3344 0.6
      vertex 19.4767 34.3344 5.72205e-07
      vertex 20.4566 34.3344 5.72205e-07
    endloop
  endfacet
  facet normal -1 0 0
    outer loop
      vertex 20.4566 33.3002 5.72205e-07
      vertex 20.4566 34.3344 0.6
      vertex 20.4566 34.3344 5.72205e-07
    endloop
  endfacet
  facet normal -1 -0 0
    outer loop
      vertex 20.4566 34.3344 0.6
      vertex 20.4566 33.3002 5.72205e-07
      vertex 20.4566 33.3002 0.6
    endloop
  endfacet
endsolid OpenSCAD_Model
