solid OpenSCAD_Model
  facet normal 0.910867 0.412699 0
    outer loop
      vertex 28.8963 32.3957 5.8
      vertex 28.5047 33.26 5
      vertex 28.5047 33.26 5.8
    endloop
  endfacet
  facet normal 0.910867 0.412699 0
    outer loop
      vertex 28.5047 33.26 5
      vertex 28.8963 32.3957 5.8
      vertex 28.8963 32.3957 5
    endloop
  endfacet
  facet normal 0.995175 0.0981158 0
    outer loop
      vertex 29.969 27.7951 5.8
      vertex 29.8759 28.7394 5
      vertex 29.8759 28.7394 5.8
    endloop
  endfacet
  facet normal 0.995175 0.0981158 0
    outer loop
      vertex 29.8759 28.7394 5
      vertex 29.969 27.7951 5.8
      vertex 29.969 27.7951 5
    endloop
  endfacet
  facet normal 0.999466 0.0326726 0
    outer loop
      vertex 30 26.8468 5.8
      vertex 29.969 27.7951 5
      vertex 29.969 27.7951 5.8
    endloop
  endfacet
  facet normal 0.999466 0.0326726 0
    outer loop
      vertex 29.969 27.7951 5
      vertex 30 26.8468 5.8
      vertex 30 26.8468 5
    endloop
  endfacet
  facet normal -0.162826 0.986655 0
    outer loop
      vertex 13.6074 41.2227 5
      vertex 12.6712 41.0682 5.8
      vertex 13.6074 41.2227 5.8
    endloop
  endfacet
  facet normal -0.162826 0.986655 0
    outer loop
      vertex 12.6712 41.0682 5.8
      vertex 13.6074 41.2227 5
      vertex 12.6712 41.0682 5
    endloop
  endfacet
  facet normal -0.683573 -0.729882 0
    outer loop
      vertex 5.24695 16.5937 5
      vertex 5.93949 15.9451 5.8
      vertex 5.24695 16.5937 5.8
    endloop
  endfacet
  facet normal -0.683573 -0.729882 -0
    outer loop
      vertex 5.93949 15.9451 5.8
      vertex 5.24695 16.5937 5
      vertex 5.93949 15.9451 5
    endloop
  endfacet
  facet normal 0.0327779 0.999463 -0
    outer loop
      vertex 16.4483 41.3157 5
      vertex 15.5 41.3468 5.8
      vertex 16.4483 41.3157 5.8
    endloop
  endfacet
  facet normal 0.0327779 0.999463 0
    outer loop
      vertex 15.5 41.3468 5.8
      vertex 16.4483 41.3157 5
      vertex 15.5 41.3468 5
    endloop
  endfacet
  facet normal 0.97387 0.227106 0
    outer loop
      vertex 29.7214 29.6756 5.8
      vertex 29.5059 30.5997 5
      vertex 29.5059 30.5997 5.8
    endloop
  endfacet
  facet normal 0.97387 0.227106 0
    outer loop
      vertex 29.5059 30.5997 5
      vertex 29.7214 29.6756 5.8
      vertex 29.7214 29.6756 5
    endloop
  endfacet
  facet normal 0.471332 0.881956 -0
    outer loop
      vertex 22.75 39.4042 5
      vertex 21.9132 39.8514 5.8
      vertex 22.75 39.4042 5.8
    endloop
  endfacet
  facet normal 0.471332 0.881956 0
    outer loop
      vertex 21.9132 39.8514 5.8
      vertex 22.75 39.4042 5
      vertex 21.9132 39.8514 5
    endloop
  endfacet
  facet normal 0.0980115 -0.995185 0
    outer loop
      vertex 16.4483 12.3778 5
      vertex 17.3926 12.4708 5.8
      vertex 16.4483 12.3778 5.8
    endloop
  endfacet
  facet normal 0.0980115 -0.995185 0
    outer loop
      vertex 17.3926 12.4708 5.8
      vertex 16.4483 12.3778 5
      vertex 17.3926 12.4708 5
    endloop
  endfacet
  facet normal -0.935899 -0.352269 0
    outer loop
      vertex 2.10375 21.2979 5
      vertex 1.76951 22.1859 5.8
      vertex 1.76951 22.1859 5
    endloop
  endfacet
  facet normal -0.935899 -0.352269 0
    outer loop
      vertex 1.76951 22.1859 5.8
      vertex 2.10375 21.2979 5
      vertex 2.10375 21.2979 5.8
    endloop
  endfacet
  facet normal 0.881912 -0.471414 0
    outer loop
      vertex 28.0574 19.5968 5.8
      vertex 28.5047 20.4336 5
      vertex 28.5047 20.4336 5.8
    endloop
  endfacet
  facet normal 0.881912 -0.471414 0
    outer loop
      vertex 28.5047 20.4336 5
      vertex 28.0574 19.5968 5.8
      vertex 28.0574 19.5968 5
    endloop
  endfacet
  facet normal 0.812814 0.582524 0
    outer loop
      vertex 27.5563 34.9026 5.8
      vertex 27.0036 35.6738 5
      vertex 27.0036 35.6738 5.8
    endloop
  endfacet
  facet normal 0.812814 0.582524 0
    outer loop
      vertex 27.0036 35.6738 5
      vertex 27.5563 34.9026 5.8
      vertex 27.5563 34.9026 5
    endloop
  endfacet
  facet normal -0.910867 0.412699 0
    outer loop
      vertex 2.10375 32.3957 5
      vertex 2.49535 33.26 5.8
      vertex 2.49535 33.26 5
    endloop
  endfacet
  facet normal -0.910867 0.412699 0
    outer loop
      vertex 2.49535 33.26 5.8
      vertex 2.10375 32.3957 5
      vertex 2.10375 32.3957 5.8
    endloop
  endfacet
  facet normal 0.956952 0.290247 0
    outer loop
      vertex 29.5059 30.5997 5.8
      vertex 29.2305 31.5077 5
      vertex 29.2305 31.5077 5.8
    endloop
  endfacet
  facet normal 0.956952 0.290247 0
    outer loop
      vertex 29.2305 31.5077 5
      vertex 29.5059 30.5997 5.8
      vertex 29.5059 30.5997 5
    endloop
  endfacet
  facet normal -0.881921 -0.471398 0
    outer loop
      vertex 2.94263 19.5968 5
      vertex 2.49535 20.4336 5.8
      vertex 2.49535 20.4336 5
    endloop
  endfacet
  facet normal -0.881921 -0.471398 0
    outer loop
      vertex 2.49535 20.4336 5.8
      vertex 2.94263 19.5968 5
      vertex 2.94263 19.5968 5.8
    endloop
  endfacet
  facet normal 0.849192 0.528084 0
    outer loop
      vertex 28.0574 34.0968 5.8
      vertex 27.5563 34.9026 5
      vertex 27.5563 34.9026 5.8
    endloop
  endfacet
  facet normal 0.849192 0.528084 0
    outer loop
      vertex 27.5563 34.9026 5
      vertex 28.0574 34.0968 5.8
      vertex 28.0574 34.0968 5
    endloop
  endfacet
  facet normal -0.683629 0.72983 0
    outer loop
      vertex 5.93949 37.7485 5
      vertex 5.24695 37.0998 5.8
      vertex 5.93949 37.7485 5.8
    endloop
  endfacet
  facet normal -0.683629 0.72983 0
    outer loop
      vertex 5.24695 37.0998 5.8
      vertex 5.93949 37.7485 5
      vertex 5.24695 37.0998 5
    endloop
  endfacet
  facet normal 0.956952 -0.290247 0
    outer loop
      vertex 29.2305 22.1859 5.8
      vertex 29.5059 23.0939 5
      vertex 29.5059 23.0939 5.8
    endloop
  endfacet
  facet normal 0.956952 -0.290247 0
    outer loop
      vertex 29.5059 23.0939 5
      vertex 29.2305 22.1859 5.8
      vertex 29.2305 22.1859 5
    endloop
  endfacet
  facet normal -0.582489 -0.812839 0
    outer loop
      vertex 6.67296 15.3432 5
      vertex 7.44423 14.7905 5.8
      vertex 6.67296 15.3432 5.8
    endloop
  endfacet
  facet normal -0.582489 -0.812839 -0
    outer loop
      vertex 7.44423 14.7905 5.8
      vertex 6.67296 15.3432 5
      vertex 7.44423 14.7905 5
    endloop
  endfacet
  facet normal -0.986645 0.162888 0
    outer loop
      vertex 1.12405 28.7394 5
      vertex 1.27861 29.6756 5.8
      vertex 1.27861 29.6756 5
    endloop
  endfacet
  facet normal -0.986645 0.162888 0
    outer loop
      vertex 1.27861 29.6756 5.8
      vertex 1.12405 28.7394 5
      vertex 1.12405 28.7394 5.8
    endloop
  endfacet
  facet normal 0.471414 -0.881912 0
    outer loop
      vertex 21.9132 13.8421 5
      vertex 22.75 14.2894 5.8
      vertex 21.9132 13.8421 5.8
    endloop
  endfacet
  facet normal 0.471414 -0.881912 0
    outer loop
      vertex 22.75 14.2894 5.8
      vertex 21.9132 13.8421 5
      vertex 22.75 14.2894 5
    endloop
  endfacet
  facet normal 0.81285 -0.582474 0
    outer loop
      vertex 27.0036 18.0197 5.8
      vertex 27.5563 18.791 5
      vertex 27.5563 18.791 5.8
    endloop
  endfacet
  facet normal 0.81285 -0.582474 0
    outer loop
      vertex 27.5563 18.791 5
      vertex 27.0036 18.0197 5.8
      vertex 27.0036 18.0197 5
    endloop
  endfacet
  facet normal -0.582489 0.812839 0
    outer loop
      vertex 7.44423 38.9031 5
      vertex 6.67296 38.3504 5.8
      vertex 7.44423 38.9031 5.8
    endloop
  endfacet
  facet normal -0.582489 0.812839 0
    outer loop
      vertex 6.67296 38.3504 5.8
      vertex 7.44423 38.9031 5
      vertex 6.67296 38.3504 5
    endloop
  endfacet
  facet normal -0.352229 -0.935914 0
    outer loop
      vertex 9.95109 13.4505 5
      vertex 10.8391 13.1163 5.8
      vertex 9.95109 13.4505 5.8
    endloop
  endfacet
  facet normal -0.352229 -0.935914 -0
    outer loop
      vertex 10.8391 13.1163 5.8
      vertex 9.95109 13.4505 5
      vertex 10.8391 13.1163 5
    endloop
  endfacet
  facet normal -0.412707 0.910864 0
    outer loop
      vertex 9.95109 40.243 5
      vertex 9.08681 39.8514 5.8
      vertex 9.95109 40.243 5.8
    endloop
  endfacet
  facet normal -0.412707 0.910864 0
    outer loop
      vertex 9.08681 39.8514 5.8
      vertex 9.95109 40.243 5
      vertex 9.08681 39.8514 5
    endloop
  endfacet
  facet normal -0.227106 0.97387 0
    outer loop
      vertex 12.6712 41.0682 5
      vertex 11.7471 40.8527 5.8
      vertex 12.6712 41.0682 5.8
    endloop
  endfacet
  facet normal -0.227106 0.97387 0
    outer loop
      vertex 11.7471 40.8527 5.8
      vertex 12.6712 41.0682 5
      vertex 11.7471 40.8527 5
    endloop
  endfacet
  facet normal 0.729859 -0.683598 0
    outer loop
      vertex 25.753 16.5937 5.8
      vertex 26.4017 17.2863 5
      vertex 26.4017 17.2863 5.8
    endloop
  endfacet
  facet normal 0.729859 -0.683598 0
    outer loop
      vertex 26.4017 17.2863 5
      vertex 25.753 16.5937 5.8
      vertex 25.753 16.5937 5
    endloop
  endfacet
  facet normal 0.910867 -0.412699 0
    outer loop
      vertex 28.5047 20.4336 5.8
      vertex 28.8963 21.2979 5
      vertex 28.8963 21.2979 5.8
    endloop
  endfacet
  facet normal 0.910867 -0.412699 0
    outer loop
      vertex 28.8963 21.2979 5
      vertex 28.5047 20.4336 5.8
      vertex 28.5047 20.4336 5
    endloop
  endfacet
  facet normal -0.812819 0.582517 0
    outer loop
      vertex 3.44369 34.9026 5
      vertex 3.99638 35.6738 5.8
      vertex 3.99638 35.6738 5
    endloop
  endfacet
  facet normal -0.812819 0.582517 0
    outer loop
      vertex 3.99638 35.6738 5.8
      vertex 3.44369 34.9026 5
      vertex 3.44369 34.9026 5.8
    endloop
  endfacet
  facet normal 0.528084 -0.849192 0
    outer loop
      vertex 22.75 14.2894 5
      vertex 23.5558 14.7905 5.8
      vertex 22.75 14.2894 5.8
    endloop
  endfacet
  facet normal 0.528084 -0.849192 0
    outer loop
      vertex 23.5558 14.7905 5.8
      vertex 22.75 14.2894 5
      vertex 23.5558 14.7905 5
    endloop
  endfacet
  facet normal 0.582524 0.812814 -0
    outer loop
      vertex 24.327 38.3504 5
      vertex 23.5558 38.9031 5.8
      vertex 24.327 38.3504 5.8
    endloop
  endfacet
  facet normal 0.582524 0.812814 0
    outer loop
      vertex 23.5558 38.9031 5.8
      vertex 24.327 38.3504 5
      vertex 23.5558 38.9031 5
    endloop
  endfacet
  facet normal 0.528084 0.849192 -0
    outer loop
      vertex 23.5558 38.9031 5
      vertex 22.75 39.4042 5.8
      vertex 23.5558 38.9031 5.8
    endloop
  endfacet
  facet normal 0.528084 0.849192 0
    outer loop
      vertex 22.75 39.4042 5.8
      vertex 23.5558 38.9031 5
      vertex 22.75 39.4042 5
    endloop
  endfacet
  facet normal 0.0326726 -0.999466 0
    outer loop
      vertex 15.5 12.3468 5
      vertex 16.4483 12.3778 5.8
      vertex 15.5 12.3468 5.8
    endloop
  endfacet
  facet normal 0.0326726 -0.999466 0
    outer loop
      vertex 16.4483 12.3778 5.8
      vertex 15.5 12.3468 5
      vertex 16.4483 12.3778 5
    endloop
  endfacet
  facet normal -0.528098 -0.849183 0
    outer loop
      vertex 7.44423 14.7905 5
      vertex 8.25 14.2894 5.8
      vertex 7.44423 14.7905 5.8
    endloop
  endfacet
  facet normal -0.528098 -0.849183 -0
    outer loop
      vertex 8.25 14.2894 5.8
      vertex 7.44423 14.7905 5
      vertex 8.25 14.2894 5
    endloop
  endfacet
  facet normal 0.773046 0.634351 0
    outer loop
      vertex 27.0036 35.6738 5.8
      vertex 26.4017 36.4073 5
      vertex 26.4017 36.4073 5.8
    endloop
  endfacet
  facet normal 0.773046 0.634351 0
    outer loop
      vertex 26.4017 36.4073 5
      vertex 27.0036 35.6738 5.8
      vertex 27.0036 35.6738 5
    endloop
  endfacet
  facet normal -0.352321 0.935879 0
    outer loop
      vertex 10.8391 40.5773 5
      vertex 9.95109 40.243 5.8
      vertex 10.8391 40.5773 5.8
    endloop
  endfacet
  facet normal -0.352321 0.935879 0
    outer loop
      vertex 9.95109 40.243 5.8
      vertex 10.8391 40.5773 5
      vertex 9.95109 40.243 5
    endloop
  endfacet
  facet normal -0.973877 -0.227076 0
    outer loop
      vertex 1.49408 23.0939 5
      vertex 1.27861 24.018 5.8
      vertex 1.27861 24.018 5
    endloop
  endfacet
  facet normal -0.973877 -0.227076 0
    outer loop
      vertex 1.27861 24.018 5.8
      vertex 1.49408 23.0939 5
      vertex 1.49408 23.0939 5.8
    endloop
  endfacet
  facet normal 0.773003 -0.634402 0
    outer loop
      vertex 26.4017 17.2863 5.8
      vertex 27.0036 18.0197 5
      vertex 27.0036 18.0197 5.8
    endloop
  endfacet
  facet normal 0.773003 -0.634402 0
    outer loop
      vertex 27.0036 18.0197 5
      vertex 26.4017 17.2863 5.8
      vertex 26.4017 17.2863 5
    endloop
  endfacet
  facet normal 0.634351 -0.773046 0
    outer loop
      vertex 24.327 15.3432 5
      vertex 25.0605 15.9451 5.8
      vertex 24.327 15.3432 5.8
    endloop
  endfacet
  facet normal 0.634351 -0.773046 0
    outer loop
      vertex 25.0605 15.9451 5.8
      vertex 24.327 15.3432 5
      vertex 25.0605 15.9451 5
    endloop
  endfacet
  facet normal 0.849192 -0.528084 0
    outer loop
      vertex 27.5563 18.791 5.8
      vertex 28.0574 19.5968 5
      vertex 28.0574 19.5968 5.8
    endloop
  endfacet
  facet normal 0.849192 -0.528084 0
    outer loop
      vertex 28.0574 19.5968 5
      vertex 27.5563 18.791 5.8
      vertex 27.5563 18.791 5
    endloop
  endfacet
  facet normal 0.935913 0.352232 0
    outer loop
      vertex 29.2305 31.5077 5.8
      vertex 28.8963 32.3957 5
      vertex 28.8963 32.3957 5.8
    endloop
  endfacet
  facet normal 0.935913 0.352232 0
    outer loop
      vertex 28.8963 32.3957 5
      vertex 29.2305 31.5077 5.8
      vertex 29.2305 31.5077 5
    endloop
  endfacet
  facet normal 0.995174 -0.0981261 0
    outer loop
      vertex 29.8759 24.9542 5.8
      vertex 29.969 25.8984 5
      vertex 29.969 25.8984 5.8
    endloop
  endfacet
  facet normal 0.995174 -0.0981261 0
    outer loop
      vertex 29.969 25.8984 5
      vertex 29.8759 24.9542 5.8
      vertex 29.8759 24.9542 5
    endloop
  endfacet
  facet normal 0.227106 -0.97387 0
    outer loop
      vertex 18.3288 12.6254 5
      vertex 19.2529 12.8409 5.8
      vertex 18.3288 12.6254 5.8
    endloop
  endfacet
  facet normal 0.227106 -0.97387 0
    outer loop
      vertex 19.2529 12.8409 5.8
      vertex 18.3288 12.6254 5
      vertex 19.2529 12.8409 5
    endloop
  endfacet
  facet normal -0.849211 -0.528054 0
    outer loop
      vertex 3.44369 18.791 5
      vertex 2.94263 19.5968 5.8
      vertex 2.94263 19.5968 5
    endloop
  endfacet
  facet normal -0.849211 -0.528054 0
    outer loop
      vertex 2.94263 19.5968 5.8
      vertex 3.44369 18.791 5
      vertex 3.44369 18.791 5.8
    endloop
  endfacet
  facet normal -0.528098 0.849183 0
    outer loop
      vertex 8.25 39.4042 5
      vertex 7.44423 38.9031 5.8
      vertex 8.25 39.4042 5.8
    endloop
  endfacet
  facet normal -0.528098 0.849183 0
    outer loop
      vertex 7.44423 38.9031 5.8
      vertex 8.25 39.4042 5
      vertex 7.44423 38.9031 5
    endloop
  endfacet
  facet normal -0.0980115 -0.995185 0
    outer loop
      vertex 13.6074 12.4708 5
      vertex 14.5517 12.3778 5.8
      vertex 13.6074 12.4708 5.8
    endloop
  endfacet
  facet normal -0.0980115 -0.995185 -0
    outer loop
      vertex 14.5517 12.3778 5.8
      vertex 13.6074 12.4708 5
      vertex 14.5517 12.3778 5
    endloop
  endfacet
  facet normal 0.999466 -0.0326692 0
    outer loop
      vertex 29.969 25.8984 5.8
      vertex 30 26.8468 5
      vertex 30 26.8468 5.8
    endloop
  endfacet
  facet normal 0.999466 -0.0326692 0
    outer loop
      vertex 30 26.8468 5
      vertex 29.969 25.8984 5.8
      vertex 29.969 25.8984 5
    endloop
  endfacet
  facet normal -0.812855 -0.582467 0
    outer loop
      vertex 3.99638 18.0197 5
      vertex 3.44369 18.791 5.8
      vertex 3.44369 18.791 5
    endloop
  endfacet
  facet normal -0.812855 -0.582467 0
    outer loop
      vertex 3.44369 18.791 5.8
      vertex 3.99638 18.0197 5
      vertex 3.99638 18.0197 5.8
    endloop
  endfacet
  facet normal -0.995184 -0.0980218 0
    outer loop
      vertex 1.12405 24.9542 5
      vertex 1.03105 25.8984 5.8
      vertex 1.03105 25.8984 5
    endloop
  endfacet
  facet normal -0.995184 -0.0980218 0
    outer loop
      vertex 1.03105 25.8984 5.8
      vertex 1.12405 24.9542 5
      vertex 1.12405 24.9542 5.8
    endloop
  endfacet
  facet normal 0.0980115 0.995185 -0
    outer loop
      vertex 17.3926 41.2227 5
      vertex 16.4483 41.3157 5.8
      vertex 17.3926 41.2227 5.8
    endloop
  endfacet
  facet normal 0.0980115 0.995185 0
    outer loop
      vertex 16.4483 41.3157 5.8
      vertex 17.3926 41.2227 5
      vertex 16.4483 41.3157 5
    endloop
  endfacet
  facet normal -0.0327779 0.999463 0
    outer loop
      vertex 15.5 41.3468 5
      vertex 14.5517 41.3157 5.8
      vertex 15.5 41.3468 5.8
    endloop
  endfacet
  facet normal -0.0327779 0.999463 0
    outer loop
      vertex 14.5517 41.3157 5.8
      vertex 15.5 41.3468 5
      vertex 14.5517 41.3157 5
    endloop
  endfacet
  facet normal -0.0980115 0.995185 0
    outer loop
      vertex 14.5517 41.3157 5
      vertex 13.6074 41.2227 5.8
      vertex 14.5517 41.3157 5.8
    endloop
  endfacet
  facet normal -0.0980115 0.995185 0
    outer loop
      vertex 13.6074 41.2227 5.8
      vertex 14.5517 41.3157 5
      vertex 13.6074 41.2227 5
    endloop
  endfacet
  facet normal -0.999464 -0.0327218 0
    outer loop
      vertex 1.03105 25.8984 5
      vertex 1 26.8468 5.8
      vertex 1 26.8468 5
    endloop
  endfacet
  facet normal -0.999464 -0.0327218 0
    outer loop
      vertex 1 26.8468 5.8
      vertex 1.03105 25.8984 5
      vertex 1.03105 25.8984 5.8
    endloop
  endfacet
  facet normal 0.290247 0.956952 -0
    outer loop
      vertex 20.1609 40.5773 5
      vertex 19.2529 40.8527 5.8
      vertex 20.1609 40.5773 5.8
    endloop
  endfacet
  facet normal 0.290247 0.956952 0
    outer loop
      vertex 19.2529 40.8527 5.8
      vertex 20.1609 40.5773 5
      vertex 19.2529 40.8527 5
    endloop
  endfacet
  facet normal 0.683594 -0.729863 0
    outer loop
      vertex 25.0605 15.9451 5
      vertex 25.753 16.5937 5.8
      vertex 25.0605 15.9451 5.8
    endloop
  endfacet
  facet normal 0.683594 -0.729863 0
    outer loop
      vertex 25.753 16.5937 5.8
      vertex 25.0605 15.9451 5
      vertex 25.753 16.5937 5
    endloop
  endfacet
  facet normal -0.412707 -0.910864 0
    outer loop
      vertex 9.08681 13.8421 5
      vertex 9.95109 13.4505 5.8
      vertex 9.08681 13.8421 5.8
    endloop
  endfacet
  facet normal -0.412707 -0.910864 -0
    outer loop
      vertex 9.95109 13.4505 5.8
      vertex 9.08681 13.8421 5
      vertex 9.95109 13.4505 5
    endloop
  endfacet
  facet normal -0.986645 -0.162888 0
    outer loop
      vertex 1.27861 24.018 5
      vertex 1.12405 24.9542 5.8
      vertex 1.12405 24.9542 5
    endloop
  endfacet
  facet normal -0.986645 -0.162888 0
    outer loop
      vertex 1.12405 24.9542 5.8
      vertex 1.27861 24.018 5
      vertex 1.27861 24.018 5.8
    endloop
  endfacet
  facet normal -0.729896 -0.683558 0
    outer loop
      vertex 5.24695 16.5937 5
      vertex 4.59832 17.2863 5.8
      vertex 4.59832 17.2863 5
    endloop
  endfacet
  facet normal -0.729896 -0.683558 0
    outer loop
      vertex 4.59832 17.2863 5.8
      vertex 5.24695 16.5937 5
      vertex 5.24695 16.5937 5.8
    endloop
  endfacet
  facet normal 0.352232 -0.935913 0
    outer loop
      vertex 20.1609 13.1163 5
      vertex 21.0489 13.4505 5.8
      vertex 20.1609 13.1163 5.8
    endloop
  endfacet
  facet normal 0.352232 -0.935913 0
    outer loop
      vertex 21.0489 13.4505 5.8
      vertex 20.1609 13.1163 5
      vertex 21.0489 13.4505 5
    endloop
  endfacet
  facet normal 0.352324 0.935878 -0
    outer loop
      vertex 21.0489 40.243 5
      vertex 20.1609 40.5773 5.8
      vertex 21.0489 40.243 5.8
    endloop
  endfacet
  facet normal 0.352324 0.935878 0
    outer loop
      vertex 20.1609 40.5773 5.8
      vertex 21.0489 40.243 5
      vertex 20.1609 40.5773 5
    endloop
  endfacet
  facet normal 0.68365 0.72981 -0
    outer loop
      vertex 25.753 37.0998 5
      vertex 25.0605 37.7485 5.8
      vertex 25.753 37.0998 5.8
    endloop
  endfacet
  facet normal 0.68365 0.72981 0
    outer loop
      vertex 25.0605 37.7485 5.8
      vertex 25.753 37.0998 5
      vertex 25.0605 37.7485 5
    endloop
  endfacet
  facet normal 0.881912 0.471414 0
    outer loop
      vertex 28.5047 33.26 5.8
      vertex 28.0574 34.0968 5
      vertex 28.0574 34.0968 5.8
    endloop
  endfacet
  facet normal 0.881912 0.471414 0
    outer loop
      vertex 28.0574 34.0968 5
      vertex 28.5047 33.26 5.8
      vertex 28.5047 33.26 5
    endloop
  endfacet
  facet normal 0.634351 0.773046 -0
    outer loop
      vertex 25.0605 37.7485 5
      vertex 24.327 38.3504 5.8
      vertex 25.0605 37.7485 5.8
    endloop
  endfacet
  facet normal 0.634351 0.773046 0
    outer loop
      vertex 24.327 38.3504 5.8
      vertex 25.0605 37.7485 5
      vertex 24.327 38.3504 5
    endloop
  endfacet
  facet normal 0.935913 -0.352232 0
    outer loop
      vertex 28.8963 21.2979 5.8
      vertex 29.2305 22.1859 5
      vertex 29.2305 22.1859 5.8
    endloop
  endfacet
  facet normal 0.935913 -0.352232 0
    outer loop
      vertex 29.2305 22.1859 5
      vertex 28.8963 21.2979 5.8
      vertex 28.8963 21.2979 5
    endloop
  endfacet
  facet normal -0.956943 0.290276 0
    outer loop
      vertex 1.49408 30.5997 5
      vertex 1.76951 31.5077 5.8
      vertex 1.76951 31.5077 5
    endloop
  endfacet
  facet normal -0.956943 0.290276 0
    outer loop
      vertex 1.76951 31.5077 5.8
      vertex 1.49408 30.5997 5
      vertex 1.49408 30.5997 5.8
    endloop
  endfacet
  facet normal -0.935899 0.352269 0
    outer loop
      vertex 1.76951 31.5077 5
      vertex 2.10375 32.3957 5.8
      vertex 2.10375 32.3957 5
    endloop
  endfacet
  facet normal -0.935899 0.352269 0
    outer loop
      vertex 2.10375 32.3957 5.8
      vertex 1.76951 31.5077 5
      vertex 1.76951 31.5077 5.8
    endloop
  endfacet
  facet normal -0.227106 -0.97387 0
    outer loop
      vertex 11.7471 12.8409 5
      vertex 12.6712 12.6254 5.8
      vertex 11.7471 12.8409 5.8
    endloop
  endfacet
  facet normal -0.227106 -0.97387 -0
    outer loop
      vertex 12.6712 12.6254 5.8
      vertex 11.7471 12.8409 5
      vertex 12.6712 12.6254 5
    endloop
  endfacet
  facet normal -0.634366 0.773033 0
    outer loop
      vertex 6.67296 38.3504 5
      vertex 5.93949 37.7485 5.8
      vertex 6.67296 38.3504 5.8
    endloop
  endfacet
  facet normal -0.634366 0.773033 0
    outer loop
      vertex 5.93949 37.7485 5.8
      vertex 6.67296 38.3504 5
      vertex 5.93949 37.7485 5
    endloop
  endfacet
  facet normal -0.0326726 -0.999466 0
    outer loop
      vertex 14.5517 12.3778 5
      vertex 15.5 12.3468 5.8
      vertex 14.5517 12.3778 5.8
    endloop
  endfacet
  facet normal -0.0326726 -0.999466 -0
    outer loop
      vertex 15.5 12.3468 5.8
      vertex 14.5517 12.3778 5
      vertex 15.5 12.3468 5
    endloop
  endfacet
  facet normal -0.290247 0.956952 0
    outer loop
      vertex 11.7471 40.8527 5
      vertex 10.8391 40.5773 5.8
      vertex 11.7471 40.8527 5.8
    endloop
  endfacet
  facet normal -0.290247 0.956952 0
    outer loop
      vertex 10.8391 40.5773 5.8
      vertex 11.7471 40.8527 5
      vertex 10.8391 40.5773 5
    endloop
  endfacet
  facet normal 0.412699 0.910867 -0
    outer loop
      vertex 21.9132 39.8514 5
      vertex 21.0489 40.243 5.8
      vertex 21.9132 39.8514 5.8
    endloop
  endfacet
  facet normal 0.412699 0.910867 0
    outer loop
      vertex 21.0489 40.243 5.8
      vertex 21.9132 39.8514 5
      vertex 21.0489 40.243 5
    endloop
  endfacet
  facet normal 0.72981 0.68365 0
    outer loop
      vertex 26.4017 36.4073 5.8
      vertex 25.753 37.0998 5
      vertex 25.753 37.0998 5.8
    endloop
  endfacet
  facet normal 0.72981 0.68365 0
    outer loop
      vertex 25.753 37.0998 5
      vertex 26.4017 36.4073 5.8
      vertex 26.4017 36.4073 5
    endloop
  endfacet
  facet normal -0.999464 0.0327253 0
    outer loop
      vertex 1 26.8468 5
      vertex 1.03105 27.7951 5.8
      vertex 1.03105 27.7951 5
    endloop
  endfacet
  facet normal -0.999464 0.0327253 0
    outer loop
      vertex 1.03105 27.7951 5.8
      vertex 1 26.8468 5
      vertex 1 26.8468 5.8
    endloop
  endfacet
  facet normal 0.986655 0.162826 0
    outer loop
      vertex 29.8759 28.7394 5.8
      vertex 29.7214 29.6756 5
      vertex 29.7214 29.6756 5.8
    endloop
  endfacet
  facet normal 0.986655 0.162826 0
    outer loop
      vertex 29.7214 29.6756 5
      vertex 29.8759 28.7394 5.8
      vertex 29.8759 28.7394 5
    endloop
  endfacet
  facet normal -0.995185 0.0980115 0
    outer loop
      vertex 1.03105 27.7951 5
      vertex 1.12405 28.7394 5.8
      vertex 1.12405 28.7394 5
    endloop
  endfacet
  facet normal -0.995185 0.0980115 0
    outer loop
      vertex 1.12405 28.7394 5.8
      vertex 1.03105 27.7951 5
      vertex 1.03105 27.7951 5.8
    endloop
  endfacet
  facet normal -0.773025 0.634376 0
    outer loop
      vertex 3.99638 35.6738 5
      vertex 4.59832 36.4073 5.8
      vertex 4.59832 36.4073 5
    endloop
  endfacet
  facet normal -0.773025 0.634376 0
    outer loop
      vertex 4.59832 36.4073 5.8
      vertex 3.99638 35.6738 5
      vertex 3.99638 35.6738 5.8
    endloop
  endfacet
  facet normal 0.162929 -0.986638 0
    outer loop
      vertex 17.3926 12.4708 5
      vertex 18.3288 12.6254 5.8
      vertex 17.3926 12.4708 5.8
    endloop
  endfacet
  facet normal 0.162929 -0.986638 0
    outer loop
      vertex 18.3288 12.6254 5.8
      vertex 17.3926 12.4708 5
      vertex 18.3288 12.6254 5
    endloop
  endfacet
  facet normal -0.290247 -0.956952 0
    outer loop
      vertex 10.8391 13.1163 5
      vertex 11.7471 12.8409 5.8
      vertex 10.8391 13.1163 5.8
    endloop
  endfacet
  facet normal -0.290247 -0.956952 -0
    outer loop
      vertex 11.7471 12.8409 5.8
      vertex 10.8391 13.1163 5
      vertex 11.7471 12.8409 5
    endloop
  endfacet
  facet normal -0.881921 0.471398 0
    outer loop
      vertex 2.49535 33.26 5
      vertex 2.94263 34.0968 5.8
      vertex 2.94263 34.0968 5
    endloop
  endfacet
  facet normal -0.881921 0.471398 0
    outer loop
      vertex 2.94263 34.0968 5.8
      vertex 2.49535 33.26 5
      vertex 2.49535 33.26 5.8
    endloop
  endfacet
  facet normal 0.412699 -0.910867 0
    outer loop
      vertex 21.0489 13.4505 5
      vertex 21.9132 13.8421 5.8
      vertex 21.0489 13.4505 5.8
    endloop
  endfacet
  facet normal 0.412699 -0.910867 0
    outer loop
      vertex 21.9132 13.8421 5.8
      vertex 21.0489 13.4505 5
      vertex 21.9132 13.8421 5
    endloop
  endfacet
  facet normal -0.162929 -0.986638 0
    outer loop
      vertex 12.6712 12.6254 5
      vertex 13.6074 12.4708 5.8
      vertex 12.6712 12.6254 5.8
    endloop
  endfacet
  facet normal -0.162929 -0.986638 -0
    outer loop
      vertex 13.6074 12.4708 5.8
      vertex 12.6712 12.6254 5
      vertex 13.6074 12.4708 5
    endloop
  endfacet
  facet normal -0.772982 -0.634427 0
    outer loop
      vertex 4.59832 17.2863 5
      vertex 3.99638 18.0197 5.8
      vertex 3.99638 18.0197 5
    endloop
  endfacet
  facet normal -0.772982 -0.634427 0
    outer loop
      vertex 3.99638 18.0197 5.8
      vertex 4.59832 17.2863 5
      vertex 4.59832 17.2863 5.8
    endloop
  endfacet
  facet normal 0.582524 -0.812814 0
    outer loop
      vertex 23.5558 14.7905 5
      vertex 24.327 15.3432 5.8
      vertex 23.5558 14.7905 5.8
    endloop
  endfacet
  facet normal 0.582524 -0.812814 0
    outer loop
      vertex 24.327 15.3432 5.8
      vertex 23.5558 14.7905 5
      vertex 24.327 15.3432 5
    endloop
  endfacet
  facet normal 0.162826 0.986655 -0
    outer loop
      vertex 18.3288 41.0682 5
      vertex 17.3926 41.2227 5.8
      vertex 18.3288 41.0682 5.8
    endloop
  endfacet
  facet normal 0.162826 0.986655 0
    outer loop
      vertex 17.3926 41.2227 5.8
      vertex 18.3288 41.0682 5
      vertex 17.3926 41.2227 5
    endloop
  endfacet
  facet normal 0.290247 -0.956952 0
    outer loop
      vertex 19.2529 12.8409 5
      vertex 20.1609 13.1163 5.8
      vertex 19.2529 12.8409 5.8
    endloop
  endfacet
  facet normal 0.290247 -0.956952 0
    outer loop
      vertex 20.1609 13.1163 5.8
      vertex 19.2529 12.8409 5
      vertex 20.1609 13.1163 5
    endloop
  endfacet
  facet normal -0.956943 -0.290276 0
    outer loop
      vertex 1.76951 22.1859 5
      vertex 1.49408 23.0939 5.8
      vertex 1.49408 23.0939 5
    endloop
  endfacet
  facet normal -0.956943 -0.290276 0
    outer loop
      vertex 1.49408 23.0939 5.8
      vertex 1.76951 22.1859 5
      vertex 1.76951 22.1859 5.8
    endloop
  endfacet
  facet normal -0.910867 -0.412699 0
    outer loop
      vertex 2.49535 20.4336 5
      vertex 2.10375 21.2979 5.8
      vertex 2.10375 21.2979 5
    endloop
  endfacet
  facet normal -0.910867 -0.412699 0
    outer loop
      vertex 2.10375 21.2979 5.8
      vertex 2.49535 20.4336 5
      vertex 2.49535 20.4336 5.8
    endloop
  endfacet
  facet normal -0.729847 0.683611 0
    outer loop
      vertex 4.59832 36.4073 5
      vertex 5.24695 37.0998 5.8
      vertex 5.24695 37.0998 5
    endloop
  endfacet
  facet normal -0.729847 0.683611 0
    outer loop
      vertex 5.24695 37.0998 5.8
      vertex 4.59832 36.4073 5
      vertex 4.59832 36.4073 5.8
    endloop
  endfacet
  facet normal 0.97387 -0.227106 0
    outer loop
      vertex 29.5059 23.0939 5.8
      vertex 29.7214 24.018 5
      vertex 29.7214 24.018 5.8
    endloop
  endfacet
  facet normal 0.97387 -0.227106 0
    outer loop
      vertex 29.7214 24.018 5
      vertex 29.5059 23.0939 5.8
      vertex 29.5059 23.0939 5
    endloop
  endfacet
  facet normal 0.986655 -0.162826 0
    outer loop
      vertex 29.7214 24.018 5.8
      vertex 29.8759 24.9542 5
      vertex 29.8759 24.9542 5.8
    endloop
  endfacet
  facet normal 0.986655 -0.162826 0
    outer loop
      vertex 29.8759 24.9542 5
      vertex 29.7214 24.018 5.8
      vertex 29.7214 24.018 5
    endloop
  endfacet
  facet normal -0.973877 0.227076 0
    outer loop
      vertex 1.27861 29.6756 5
      vertex 1.49408 30.5997 5.8
      vertex 1.49408 30.5997 5
    endloop
  endfacet
  facet normal -0.973877 0.227076 0
    outer loop
      vertex 1.49408 30.5997 5.8
      vertex 1.27861 29.6756 5
      vertex 1.27861 29.6756 5.8
    endloop
  endfacet
  facet normal 0 0 1
    outer loop
      vertex 26.35 26.8468 5.8
      vertex 30 26.8468 5.8
      vertex 29.969 27.7951 5.8
    endloop
  endfacet
  facet normal 0 0 1
    outer loop
      vertex 26.3221 27.6043 5.8
      vertex 29.969 27.7951 5.8
      vertex 29.8759 28.7394 5.8
    endloop
  endfacet
  facet normal -0 0 1
    outer loop
      vertex 26.1494 28.916 5.8
      vertex 29.8759 28.7394 5.8
      vertex 29.7214 29.6756 5.8
    endloop
  endfacet
  facet normal 0 0 1
    outer loop
      vertex 30 26.8468 5.8
      vertex 26.35 26.8468 5.8
      vertex 29.969 25.8984 5.8
    endloop
  endfacet
  facet normal 0 0 1
    outer loop
      vertex 26.1415 28.9635 5.8
      vertex 29.7214 29.6756 5.8
      vertex 29.5059 30.5997 5.8
    endloop
  endfacet
  facet normal -0 0 1
    outer loop
      vertex 26.3268 26.1372 5.8
      vertex 29.969 25.8984 5.8
      vertex 26.35 26.8468 5.8
    endloop
  endfacet
  facet normal 0 0 1
    outer loop
      vertex 25.9803 29.655 5.8
      vertex 29.5059 30.5997 5.8
      vertex 29.2305 31.5077 5.8
    endloop
  endfacet
  facet normal 0 0 1
    outer loop
      vertex 29.969 25.8984 5.8
      vertex 26.3268 26.1372 5.8
      vertex 29.8759 24.9542 5.8
    endloop
  endfacet
  facet normal 0 0 1
    outer loop
      vertex 25.7742 30.3344 5.8
      vertex 29.2305 31.5077 5.8
      vertex 28.8963 32.3957 5.8
    endloop
  endfacet
  facet normal -0 0 1
    outer loop
      vertex 26.2572 25.4306 5.8
      vertex 29.8759 24.9542 5.8
      vertex 26.3268 26.1372 5.8
    endloop
  endfacet
  facet normal 0 0 1
    outer loop
      vertex 25.5241 30.9989 5.8
      vertex 28.8963 32.3957 5.8
      vertex 28.5047 33.26 5.8
    endloop
  endfacet
  facet normal 0 0 1
    outer loop
      vertex 29.8759 24.9542 5.8
      vertex 26.2572 25.4306 5.8
      vertex 29.7214 24.018 5.8
    endloop
  endfacet
  facet normal 0 0 1
    outer loop
      vertex 25.2311 31.6456 5.8
      vertex 28.5047 33.26 5.8
      vertex 28.0574 34.0968 5.8
    endloop
  endfacet
  facet normal -0 0 1
    outer loop
      vertex 26.1415 24.7301 5.8
      vertex 29.7214 24.018 5.8
      vertex 26.2572 25.4306 5.8
    endloop
  endfacet
  facet normal 0 0 1
    outer loop
      vertex 24.8964 32.2718 5.8
      vertex 28.0574 34.0968 5.8
      vertex 27.5563 34.9026 5.8
    endloop
  endfacet
  facet normal 0 0 1
    outer loop
      vertex 29.7214 24.018 5.8
      vertex 26.1415 24.7301 5.8
      vertex 29.5059 23.0939 5.8
    endloop
  endfacet
  facet normal 0 0 1
    outer loop
      vertex 24.4934 32.9138 5.8
      vertex 27.5563 34.9026 5.8
      vertex 27.0036 35.6738 5.8
    endloop
  endfacet
  facet normal -0 0 1
    outer loop
      vertex 25.9803 24.0386 5.8
      vertex 29.5059 23.0939 5.8
      vertex 26.1415 24.7301 5.8
    endloop
  endfacet
  facet normal 0 0 1
    outer loop
      vertex 23.688 33.9635 5.8
      vertex 27.0036 35.6738 5.8
      vertex 26.4017 36.4073 5.8
    endloop
  endfacet
  facet normal 0 0 1
    outer loop
      vertex 29.5059 23.0939 5.8
      vertex 25.9803 24.0386 5.8
      vertex 29.2305 22.1859 5.8
    endloop
  endfacet
  facet normal -0 0 1
    outer loop
      vertex 25.7742 23.3592 5.8
      vertex 29.2305 22.1859 5.8
      vertex 25.9803 24.0386 5.8
    endloop
  endfacet
  facet normal 0 0 1
    outer loop
      vertex 29.969 27.7951 5.8
      vertex 26.3268 27.5564 5.8
      vertex 26.35 26.8468 5.8
    endloop
  endfacet
  facet normal 0 0 1
    outer loop
      vertex 29.969 27.7951 5.8
      vertex 26.3221 27.6043 5.8
      vertex 26.3268 27.5564 5.8
    endloop
  endfacet
  facet normal 0 0 1
    outer loop
      vertex 29.8759 28.7394 5.8
      vertex 26.2572 28.263 5.8
      vertex 26.3221 27.6043 5.8
    endloop
  endfacet
  facet normal 0 0 1
    outer loop
      vertex 29.8759 28.7394 5.8
      vertex 26.1494 28.916 5.8
      vertex 26.2572 28.263 5.8
    endloop
  endfacet
  facet normal 0 0 1
    outer loop
      vertex 29.7214 29.6756 5.8
      vertex 26.1415 28.9635 5.8
      vertex 26.1494 28.916 5.8
    endloop
  endfacet
  facet normal 0 0 1
    outer loop
      vertex 29.5059 30.5997 5.8
      vertex 25.9803 29.655 5.8
      vertex 26.1415 28.9635 5.8
    endloop
  endfacet
  facet normal 0 0 1
    outer loop
      vertex 29.2305 31.5077 5.8
      vertex 25.7742 30.3344 5.8
      vertex 25.9803 29.655 5.8
    endloop
  endfacet
  facet normal 0 0 1
    outer loop
      vertex 23.6575 34.0007 5.8
      vertex 26.4017 36.4073 5.8
      vertex 25.753 37.0998 5.8
    endloop
  endfacet
  facet normal 0 0 1
    outer loop
      vertex 28.8963 32.3957 5.8
      vertex 25.5241 30.9989 5.8
      vertex 25.7742 30.3344 5.8
    endloop
  endfacet
  facet normal 0 0 1
    outer loop
      vertex 28.5047 33.26 5.8
      vertex 25.2311 31.6456 5.8
      vertex 25.5241 30.9989 5.8
    endloop
  endfacet
  facet normal 0 0 1
    outer loop
      vertex 23.1721 34.5189 5.8
      vertex 25.753 37.0998 5.8
      vertex 25.0605 37.7485 5.8
    endloop
  endfacet
  facet normal 0 0 1
    outer loop
      vertex 28.0574 34.0968 5.8
      vertex 24.8964 32.2718 5.8
      vertex 25.2311 31.6456 5.8
    endloop
  endfacet
  facet normal 0 0 1
    outer loop
      vertex 27.5563 34.9026 5.8
      vertex 24.5214 32.8747 5.8
      vertex 24.8964 32.2718 5.8
    endloop
  endfacet
  facet normal 0 0 1
    outer loop
      vertex 27.5563 34.9026 5.8
      vertex 24.4934 32.9138 5.8
      vertex 24.5214 32.8747 5.8
    endloop
  endfacet
  facet normal 0 0 1
    outer loop
      vertex 22.6539 35.0042 5.8
      vertex 25.0605 37.7485 5.8
      vertex 24.327 38.3504 5.8
    endloop
  endfacet
  facet normal 0 0 1
    outer loop
      vertex 27.0036 35.6738 5.8
      vertex 24.1079 33.4519 5.8
      vertex 24.4934 32.9138 5.8
    endloop
  endfacet
  facet normal 0 0 1
    outer loop
      vertex 27.0036 35.6738 5.8
      vertex 23.688 33.9635 5.8
      vertex 24.1079 33.4519 5.8
    endloop
  endfacet
  facet normal 0 0 1
    outer loop
      vertex 26.4017 36.4073 5.8
      vertex 23.6575 34.0007 5.8
      vertex 23.688 33.9635 5.8
    endloop
  endfacet
  facet normal 0 0 1
    outer loop
      vertex 22.1051 35.4547 5.8
      vertex 24.327 38.3504 5.8
      vertex 23.5558 38.9031 5.8
    endloop
  endfacet
  facet normal 0 0 1
    outer loop
      vertex 25.753 37.0998 5.8
      vertex 23.1721 34.5189 5.8
      vertex 23.6575 34.0007 5.8
    endloop
  endfacet
  facet normal 0 0 1
    outer loop
      vertex 21.4871 35.8936 5.8
      vertex 23.5558 38.9031 5.8
      vertex 22.75 39.4042 5.8
    endloop
  endfacet
  facet normal 0 0 1
    outer loop
      vertex 25.0605 37.7485 5.8
      vertex 22.6539 35.0042 5.8
      vertex 23.1721 34.5189 5.8
    endloop
  endfacet
  facet normal 0 0 1
    outer loop
      vertex 24.327 38.3504 5.8
      vertex 22.1051 35.4547 5.8
      vertex 22.6539 35.0042 5.8
    endloop
  endfacet
  facet normal 0 0 1
    outer loop
      vertex 20.3413 36.5552 5.8
      vertex 22.75 39.4042 5.8
      vertex 21.9132 39.8514 5.8
    endloop
  endfacet
  facet normal 0 0 1
    outer loop
      vertex 23.5558 38.9031 5.8
      vertex 21.5279 35.8682 5.8
      vertex 22.1051 35.4547 5.8
    endloop
  endfacet
  facet normal 0 0 1
    outer loop
      vertex 23.5558 38.9031 5.8
      vertex 21.4871 35.8936 5.8
      vertex 21.5279 35.8682 5.8
    endloop
  endfacet
  facet normal 0 0 1
    outer loop
      vertex 20.2988 36.5779 5.8
      vertex 21.9132 39.8514 5.8
      vertex 21.0489 40.243 5.8
    endloop
  endfacet
  facet normal 0 0 1
    outer loop
      vertex 22.75 39.4042 5.8
      vertex 20.925 36.2432 5.8
      vertex 21.4871 35.8936 5.8
    endloop
  endfacet
  facet normal 0 0 1
    outer loop
      vertex 22.75 39.4042 5.8
      vertex 20.3413 36.5552 5.8
      vertex 20.925 36.2432 5.8
    endloop
  endfacet
  facet normal 0 0 1
    outer loop
      vertex 21.9132 39.8514 5.8
      vertex 20.2988 36.5779 5.8
      vertex 20.3413 36.5552 5.8
    endloop
  endfacet
  facet normal 0 0 1
    outer loop
      vertex 19.6521 36.8709 5.8
      vertex 21.0489 40.243 5.8
      vertex 20.1609 40.5773 5.8
    endloop
  endfacet
  facet normal 0 0 1
    outer loop
      vertex 21.0489 40.243 5.8
      vertex 19.6521 36.8709 5.8
      vertex 20.2988 36.5779 5.8
    endloop
  endfacet
  facet normal 0 0 1
    outer loop
      vertex 18.9876 37.121 5.8
      vertex 20.1609 40.5773 5.8
      vertex 19.2529 40.8527 5.8
    endloop
  endfacet
  facet normal 0 0 1
    outer loop
      vertex 20.1609 40.5773 5.8
      vertex 18.9876 37.121 5.8
      vertex 19.6521 36.8709 5.8
    endloop
  endfacet
  facet normal 0 0 1
    outer loop
      vertex 18.3082 37.3271 5.8
      vertex 19.2529 40.8527 5.8
      vertex 18.3288 41.0682 5.8
    endloop
  endfacet
  facet normal 0 0 1
    outer loop
      vertex 19.2529 40.8527 5.8
      vertex 18.3082 37.3271 5.8
      vertex 18.9876 37.121 5.8
    endloop
  endfacet
  facet normal 0 0 1
    outer loop
      vertex 18.3288 41.0682 5.8
      vertex 17.6167 37.4883 5.8
      vertex 18.3082 37.3271 5.8
    endloop
  endfacet
  facet normal 0 0 1
    outer loop
      vertex 17.3926 41.2227 5.8
      vertex 17.6167 37.4883 5.8
      vertex 18.3288 41.0682 5.8
    endloop
  endfacet
  facet normal 0 0 1
    outer loop
      vertex 17.3926 41.2227 5.8
      vertex 16.9162 37.604 5.8
      vertex 17.6167 37.4883 5.8
    endloop
  endfacet
  facet normal 0 0 1
    outer loop
      vertex 16.4483 41.3157 5.8
      vertex 16.9162 37.604 5.8
      vertex 17.3926 41.2227 5.8
    endloop
  endfacet
  facet normal 0 0 1
    outer loop
      vertex 16.4483 41.3157 5.8
      vertex 16.2096 37.6736 5.8
      vertex 16.9162 37.604 5.8
    endloop
  endfacet
  facet normal 0 0 1
    outer loop
      vertex 15.5 41.3468 5.8
      vertex 16.2096 37.6736 5.8
      vertex 16.4483 41.3157 5.8
    endloop
  endfacet
  facet normal 0 0 1
    outer loop
      vertex 15.5 41.3468 5.8
      vertex 15.5 37.6968 5.8
      vertex 16.2096 37.6736 5.8
    endloop
  endfacet
  facet normal 0 0 1
    outer loop
      vertex 15.5 41.3468 5.8
      vertex 14.7904 37.6736 5.8
      vertex 15.5 37.6968 5.8
    endloop
  endfacet
  facet normal -0 0 1
    outer loop
      vertex 14.5517 41.3157 5.8
      vertex 14.7904 37.6736 5.8
      vertex 15.5 41.3468 5.8
    endloop
  endfacet
  facet normal 0 0 1
    outer loop
      vertex 14.5517 41.3157 5.8
      vertex 14.0838 37.604 5.8
      vertex 14.7904 37.6736 5.8
    endloop
  endfacet
  facet normal -0 0 1
    outer loop
      vertex 13.6074 41.2227 5.8
      vertex 14.0838 37.604 5.8
      vertex 14.5517 41.3157 5.8
    endloop
  endfacet
  facet normal 0 0 1
    outer loop
      vertex 13.6074 41.2227 5.8
      vertex 13.3833 37.4883 5.8
      vertex 14.0838 37.604 5.8
    endloop
  endfacet
  facet normal -0 0 1
    outer loop
      vertex 12.6712 41.0682 5.8
      vertex 13.3833 37.4883 5.8
      vertex 13.6074 41.2227 5.8
    endloop
  endfacet
  facet normal 0 0 1
    outer loop
      vertex 13.3833 37.4883 5.8
      vertex 12.6712 41.0682 5.8
      vertex 12.6918 37.3271 5.8
    endloop
  endfacet
  facet normal -0 0 1
    outer loop
      vertex 11.7471 40.8527 5.8
      vertex 12.6918 37.3271 5.8
      vertex 12.6712 41.0682 5.8
    endloop
  endfacet
  facet normal 0 0 1
    outer loop
      vertex 12.6918 37.3271 5.8
      vertex 11.7471 40.8527 5.8
      vertex 12.0124 37.121 5.8
    endloop
  endfacet
  facet normal -0 0 1
    outer loop
      vertex 10.8391 40.5773 5.8
      vertex 12.0124 37.121 5.8
      vertex 11.7471 40.8527 5.8
    endloop
  endfacet
  facet normal 0 0 1
    outer loop
      vertex 12.0124 37.121 5.8
      vertex 10.8391 40.5773 5.8
      vertex 11.3479 36.8709 5.8
    endloop
  endfacet
  facet normal -0 0 1
    outer loop
      vertex 9.95109 40.243 5.8
      vertex 11.3479 36.8709 5.8
      vertex 10.8391 40.5773 5.8
    endloop
  endfacet
  facet normal 0 0 1
    outer loop
      vertex 11.3479 36.8709 5.8
      vertex 9.95109 40.243 5.8
      vertex 10.7012 36.5779 5.8
    endloop
  endfacet
  facet normal -0 0 1
    outer loop
      vertex 9.08681 39.8514 5.8
      vertex 10.7012 36.5779 5.8
      vertex 9.95109 40.243 5.8
    endloop
  endfacet
  facet normal 0 0 1
    outer loop
      vertex 10.7012 36.5779 5.8
      vertex 9.08681 39.8514 5.8
      vertex 10.075 36.2432 5.8
    endloop
  endfacet
  facet normal -0 0 1
    outer loop
      vertex 8.25 39.4042 5.8
      vertex 10.075 36.2432 5.8
      vertex 9.08681 39.8514 5.8
    endloop
  endfacet
  facet normal 0 0 1
    outer loop
      vertex 10.075 36.2432 5.8
      vertex 8.25 39.4042 5.8
      vertex 9.47206 35.8682 5.8
    endloop
  endfacet
  facet normal -0 0 1
    outer loop
      vertex 7.44423 38.9031 5.8
      vertex 9.47206 35.8682 5.8
      vertex 8.25 39.4042 5.8
    endloop
  endfacet
  facet normal 0 0 1
    outer loop
      vertex 9.47206 35.8682 5.8
      vertex 7.44423 38.9031 5.8
      vertex 8.89494 35.4547 5.8
    endloop
  endfacet
  facet normal -0 0 1
    outer loop
      vertex 6.67296 38.3504 5.8
      vertex 8.89494 35.4547 5.8
      vertex 7.44423 38.9031 5.8
    endloop
  endfacet
  facet normal 0 0 1
    outer loop
      vertex 8.89494 35.4547 5.8
      vertex 6.67296 38.3504 5.8
      vertex 8.3461 35.0042 5.8
    endloop
  endfacet
  facet normal -0 0 1
    outer loop
      vertex 5.93949 37.7485 5.8
      vertex 8.3461 35.0042 5.8
      vertex 6.67296 38.3504 5.8
    endloop
  endfacet
  facet normal 0 0 1
    outer loop
      vertex 8.3461 35.0042 5.8
      vertex 5.93949 37.7485 5.8
      vertex 7.82789 34.5189 5.8
    endloop
  endfacet
  facet normal -0 0 1
    outer loop
      vertex 5.24695 37.0998 5.8
      vertex 7.82789 34.5189 5.8
      vertex 5.93949 37.7485 5.8
    endloop
  endfacet
  facet normal 0 0 1
    outer loop
      vertex 7.82789 34.5189 5.8
      vertex 5.24695 37.0998 5.8
      vertex 7.34254 34.0007 5.8
    endloop
  endfacet
  facet normal -0 0 1
    outer loop
      vertex 4.59832 36.4073 5.8
      vertex 7.34254 34.0007 5.8
      vertex 5.24695 37.0998 5.8
    endloop
  endfacet
  facet normal 0 0 1
    outer loop
      vertex 7.34254 34.0007 5.8
      vertex 4.59832 36.4073 5.8
      vertex 6.89212 33.4519 5.8
    endloop
  endfacet
  facet normal -0 0 1
    outer loop
      vertex 3.99638 35.6738 5.8
      vertex 6.89212 33.4519 5.8
      vertex 4.59832 36.4073 5.8
    endloop
  endfacet
  facet normal 0 0 1
    outer loop
      vertex 6.89212 33.4519 5.8
      vertex 3.99638 35.6738 5.8
      vertex 6.47855 32.8747 5.8
    endloop
  endfacet
  facet normal -0 0 1
    outer loop
      vertex 3.44369 34.9026 5.8
      vertex 6.47855 32.8747 5.8
      vertex 3.99638 35.6738 5.8
    endloop
  endfacet
  facet normal 0 0 1
    outer loop
      vertex 6.47855 32.8747 5.8
      vertex 3.44369 34.9026 5.8
      vertex 6.10362 32.2718 5.8
    endloop
  endfacet
  facet normal -0 0 1
    outer loop
      vertex 2.94263 34.0968 5.8
      vertex 6.10362 32.2718 5.8
      vertex 3.44369 34.9026 5.8
    endloop
  endfacet
  facet normal 0 0 1
    outer loop
      vertex 6.10362 32.2718 5.8
      vertex 2.94263 34.0968 5.8
      vertex 5.76893 31.6456 5.8
    endloop
  endfacet
  facet normal -0 0 1
    outer loop
      vertex 2.49535 33.26 5.8
      vertex 5.76893 31.6456 5.8
      vertex 2.94263 34.0968 5.8
    endloop
  endfacet
  facet normal 0 0 1
    outer loop
      vertex 5.76893 31.6456 5.8
      vertex 2.49535 33.26 5.8
      vertex 5.47591 30.9989 5.8
    endloop
  endfacet
  facet normal 0 0 1
    outer loop
      vertex 5.47591 30.9989 5.8
      vertex 2.10375 32.3957 5.8
      vertex 5.22581 30.3344 5.8
    endloop
  endfacet
  facet normal -0 0 1
    outer loop
      vertex 2.10375 32.3957 5.8
      vertex 5.47591 30.9989 5.8
      vertex 2.49535 33.26 5.8
    endloop
  endfacet
  facet normal 0 0 1
    outer loop
      vertex 29.2305 22.1859 5.8
      vertex 25.7742 23.3592 5.8
      vertex 28.8963 21.2979 5.8
    endloop
  endfacet
  facet normal -0 0 1
    outer loop
      vertex 25.5241 22.6947 5.8
      vertex 28.8963 21.2979 5.8
      vertex 25.7742 23.3592 5.8
    endloop
  endfacet
  facet normal 0 0 1
    outer loop
      vertex 28.8963 21.2979 5.8
      vertex 25.5241 22.6947 5.8
      vertex 28.5047 20.4336 5.8
    endloop
  endfacet
  facet normal -0 0 1
    outer loop
      vertex 25.2311 22.048 5.8
      vertex 28.5047 20.4336 5.8
      vertex 25.5241 22.6947 5.8
    endloop
  endfacet
  facet normal 0 0 1
    outer loop
      vertex 28.5047 20.4336 5.8
      vertex 25.2311 22.048 5.8
      vertex 28.0574 19.5968 5.8
    endloop
  endfacet
  facet normal -0 0 1
    outer loop
      vertex 24.8964 21.4218 5.8
      vertex 28.0574 19.5968 5.8
      vertex 25.2311 22.048 5.8
    endloop
  endfacet
  facet normal 0 0 1
    outer loop
      vertex 28.0574 19.5968 5.8
      vertex 24.8964 21.4218 5.8
      vertex 27.5563 18.791 5.8
    endloop
  endfacet
  facet normal -0 0 1
    outer loop
      vertex 24.5214 20.8188 5.8
      vertex 27.5563 18.791 5.8
      vertex 24.8964 21.4218 5.8
    endloop
  endfacet
  facet normal 0 0 1
    outer loop
      vertex 27.5563 18.791 5.8
      vertex 24.5214 20.8188 5.8
      vertex 27.0036 18.0197 5.8
    endloop
  endfacet
  facet normal -0 0 1
    outer loop
      vertex 24.1079 20.2417 5.8
      vertex 27.0036 18.0197 5.8
      vertex 24.5214 20.8188 5.8
    endloop
  endfacet
  facet normal 0 0 1
    outer loop
      vertex 27.0036 18.0197 5.8
      vertex 24.1079 20.2417 5.8
      vertex 26.4017 17.2863 5.8
    endloop
  endfacet
  facet normal -0 0 1
    outer loop
      vertex 23.6575 19.6929 5.8
      vertex 26.4017 17.2863 5.8
      vertex 24.1079 20.2417 5.8
    endloop
  endfacet
  facet normal 0 0 1
    outer loop
      vertex 26.4017 17.2863 5.8
      vertex 23.6575 19.6929 5.8
      vertex 25.753 16.5937 5.8
    endloop
  endfacet
  facet normal -0 0 1
    outer loop
      vertex 23.1721 19.1747 5.8
      vertex 25.753 16.5937 5.8
      vertex 23.6575 19.6929 5.8
    endloop
  endfacet
  facet normal 0 0 1
    outer loop
      vertex 25.753 16.5937 5.8
      vertex 23.1721 19.1747 5.8
      vertex 25.0605 15.9451 5.8
    endloop
  endfacet
  facet normal -0 0 1
    outer loop
      vertex 22.6539 18.6893 5.8
      vertex 25.0605 15.9451 5.8
      vertex 23.1721 19.1747 5.8
    endloop
  endfacet
  facet normal 0 0 1
    outer loop
      vertex 25.0605 15.9451 5.8
      vertex 22.6539 18.6893 5.8
      vertex 24.327 15.3432 5.8
    endloop
  endfacet
  facet normal -0 0 1
    outer loop
      vertex 22.1051 18.2389 5.8
      vertex 24.327 15.3432 5.8
      vertex 22.6539 18.6893 5.8
    endloop
  endfacet
  facet normal 0 0 1
    outer loop
      vertex 24.327 15.3432 5.8
      vertex 22.1051 18.2389 5.8
      vertex 23.5558 14.7905 5.8
    endloop
  endfacet
  facet normal -0 0 1
    outer loop
      vertex 21.5279 17.8253 5.8
      vertex 23.5558 14.7905 5.8
      vertex 22.1051 18.2389 5.8
    endloop
  endfacet
  facet normal 0 0 1
    outer loop
      vertex 23.5558 14.7905 5.8
      vertex 21.5279 17.8253 5.8
      vertex 22.75 14.2894 5.8
    endloop
  endfacet
  facet normal -0 0 1
    outer loop
      vertex 20.925 17.4504 5.8
      vertex 22.75 14.2894 5.8
      vertex 21.5279 17.8253 5.8
    endloop
  endfacet
  facet normal 0 0 1
    outer loop
      vertex 22.75 14.2894 5.8
      vertex 20.925 17.4504 5.8
      vertex 21.9132 13.8421 5.8
    endloop
  endfacet
  facet normal -0 0 1
    outer loop
      vertex 20.2988 17.1157 5.8
      vertex 21.9132 13.8421 5.8
      vertex 20.925 17.4504 5.8
    endloop
  endfacet
  facet normal 0 0 1
    outer loop
      vertex 21.9132 13.8421 5.8
      vertex 20.2988 17.1157 5.8
      vertex 21.0489 13.4505 5.8
    endloop
  endfacet
  facet normal -0 0 1
    outer loop
      vertex 19.6521 16.8227 5.8
      vertex 21.0489 13.4505 5.8
      vertex 20.2988 17.1157 5.8
    endloop
  endfacet
  facet normal 0 0 1
    outer loop
      vertex 21.0489 13.4505 5.8
      vertex 19.6521 16.8227 5.8
      vertex 20.1609 13.1163 5.8
    endloop
  endfacet
  facet normal -0 0 1
    outer loop
      vertex 18.9876 16.5726 5.8
      vertex 20.1609 13.1163 5.8
      vertex 19.6521 16.8227 5.8
    endloop
  endfacet
  facet normal 0 0 1
    outer loop
      vertex 20.1609 13.1163 5.8
      vertex 18.9876 16.5726 5.8
      vertex 19.2529 12.8409 5.8
    endloop
  endfacet
  facet normal -0 0 1
    outer loop
      vertex 18.3082 16.3665 5.8
      vertex 19.2529 12.8409 5.8
      vertex 18.9876 16.5726 5.8
    endloop
  endfacet
  facet normal 0 0 1
    outer loop
      vertex 19.2529 12.8409 5.8
      vertex 18.3082 16.3665 5.8
      vertex 18.3288 12.6254 5.8
    endloop
  endfacet
  facet normal -0 0 1
    outer loop
      vertex 17.6167 16.2053 5.8
      vertex 18.3288 12.6254 5.8
      vertex 18.3082 16.3665 5.8
    endloop
  endfacet
  facet normal 0 0 1
    outer loop
      vertex 17.6167 16.2053 5.8
      vertex 17.3926 12.4708 5.8
      vertex 18.3288 12.6254 5.8
    endloop
  endfacet
  facet normal -0 0 1
    outer loop
      vertex 16.9162 16.0896 5.8
      vertex 17.3926 12.4708 5.8
      vertex 17.6167 16.2053 5.8
    endloop
  endfacet
  facet normal 0 0 1
    outer loop
      vertex 16.9162 16.0896 5.8
      vertex 16.4483 12.3778 5.8
      vertex 17.3926 12.4708 5.8
    endloop
  endfacet
  facet normal -0 0 1
    outer loop
      vertex 16.2096 16.02 5.8
      vertex 16.4483 12.3778 5.8
      vertex 16.9162 16.0896 5.8
    endloop
  endfacet
  facet normal -0 0 1
    outer loop
      vertex 15.5 15.9968 5.8
      vertex 16.4483 12.3778 5.8
      vertex 16.2096 16.02 5.8
    endloop
  endfacet
  facet normal 0 0 1
    outer loop
      vertex 15.5 15.9968 5.8
      vertex 15.5 12.3468 5.8
      vertex 16.4483 12.3778 5.8
    endloop
  endfacet
  facet normal 0 0 1
    outer loop
      vertex 14.7904 16.02 5.8
      vertex 15.5 12.3468 5.8
      vertex 15.5 15.9968 5.8
    endloop
  endfacet
  facet normal 0 0 1
    outer loop
      vertex 14.7904 16.02 5.8
      vertex 14.5517 12.3778 5.8
      vertex 15.5 12.3468 5.8
    endloop
  endfacet
  facet normal 0 0 1
    outer loop
      vertex 14.0838 16.0896 5.8
      vertex 14.5517 12.3778 5.8
      vertex 14.7904 16.02 5.8
    endloop
  endfacet
  facet normal 0 0 1
    outer loop
      vertex 14.0838 16.0896 5.8
      vertex 13.6074 12.4708 5.8
      vertex 14.5517 12.3778 5.8
    endloop
  endfacet
  facet normal 0 0 1
    outer loop
      vertex 13.3833 16.2053 5.8
      vertex 13.6074 12.4708 5.8
      vertex 14.0838 16.0896 5.8
    endloop
  endfacet
  facet normal 0 0 1
    outer loop
      vertex 12.6712 12.6254 5.8
      vertex 13.3833 16.2053 5.8
      vertex 12.6918 16.3665 5.8
    endloop
  endfacet
  facet normal 0 0 1
    outer loop
      vertex 13.3833 16.2053 5.8
      vertex 12.6712 12.6254 5.8
      vertex 13.6074 12.4708 5.8
    endloop
  endfacet
  facet normal 0 0 1
    outer loop
      vertex 11.7471 12.8409 5.8
      vertex 12.6918 16.3665 5.8
      vertex 12.0124 16.5726 5.8
    endloop
  endfacet
  facet normal 0 0 1
    outer loop
      vertex 12.6918 16.3665 5.8
      vertex 11.7471 12.8409 5.8
      vertex 12.6712 12.6254 5.8
    endloop
  endfacet
  facet normal 0 0 1
    outer loop
      vertex 10.8391 13.1163 5.8
      vertex 12.0124 16.5726 5.8
      vertex 11.3479 16.8227 5.8
    endloop
  endfacet
  facet normal 0 0 1
    outer loop
      vertex 12.0124 16.5726 5.8
      vertex 10.8391 13.1163 5.8
      vertex 11.7471 12.8409 5.8
    endloop
  endfacet
  facet normal 0 0 1
    outer loop
      vertex 9.95109 13.4505 5.8
      vertex 11.3479 16.8227 5.8
      vertex 10.7012 17.1157 5.8
    endloop
  endfacet
  facet normal 0 0 1
    outer loop
      vertex 9.08681 13.8421 5.8
      vertex 10.7012 17.1157 5.8
      vertex 10.075 17.4504 5.8
    endloop
  endfacet
  facet normal 0 0 1
    outer loop
      vertex 11.3479 16.8227 5.8
      vertex 9.95109 13.4505 5.8
      vertex 10.8391 13.1163 5.8
    endloop
  endfacet
  facet normal 0 0 1
    outer loop
      vertex 8.25 14.2894 5.8
      vertex 10.075 17.4504 5.8
      vertex 9.47206 17.8253 5.8
    endloop
  endfacet
  facet normal 0 0 1
    outer loop
      vertex 10.7012 17.1157 5.8
      vertex 9.08681 13.8421 5.8
      vertex 9.95109 13.4505 5.8
    endloop
  endfacet
  facet normal 0 0 1
    outer loop
      vertex 7.44423 14.7905 5.8
      vertex 9.47206 17.8253 5.8
      vertex 8.89494 18.2389 5.8
    endloop
  endfacet
  facet normal 0 0 1
    outer loop
      vertex 6.67296 15.3432 5.8
      vertex 8.89494 18.2389 5.8
      vertex 8.3461 18.6893 5.8
    endloop
  endfacet
  facet normal 0 0 1
    outer loop
      vertex 10.075 17.4504 5.8
      vertex 8.25 14.2894 5.8
      vertex 9.08681 13.8421 5.8
    endloop
  endfacet
  facet normal 0 0 1
    outer loop
      vertex 5.93949 15.9451 5.8
      vertex 8.3461 18.6893 5.8
      vertex 7.82789 19.1747 5.8
    endloop
  endfacet
  facet normal 0 0 1
    outer loop
      vertex 9.47206 17.8253 5.8
      vertex 7.44423 14.7905 5.8
      vertex 8.25 14.2894 5.8
    endloop
  endfacet
  facet normal 0 0 1
    outer loop
      vertex 5.24695 16.5937 5.8
      vertex 7.82789 19.1747 5.8
      vertex 7.34254 19.6929 5.8
    endloop
  endfacet
  facet normal 0 0 1
    outer loop
      vertex 4.59832 17.2863 5.8
      vertex 7.34254 19.6929 5.8
      vertex 6.89212 20.2417 5.8
    endloop
  endfacet
  facet normal 0 0 1
    outer loop
      vertex 8.89494 18.2389 5.8
      vertex 6.67296 15.3432 5.8
      vertex 7.44423 14.7905 5.8
    endloop
  endfacet
  facet normal 0 0 1
    outer loop
      vertex 3.99638 18.0197 5.8
      vertex 6.89212 20.2417 5.8
      vertex 6.47855 20.8188 5.8
    endloop
  endfacet
  facet normal 0 0 1
    outer loop
      vertex 3.44369 18.791 5.8
      vertex 6.47855 20.8188 5.8
      vertex 6.10362 21.4218 5.8
    endloop
  endfacet
  facet normal 0 0 1
    outer loop
      vertex 8.3461 18.6893 5.8
      vertex 5.93949 15.9451 5.8
      vertex 6.67296 15.3432 5.8
    endloop
  endfacet
  facet normal 0 0 1
    outer loop
      vertex 2.94263 19.5968 5.8
      vertex 6.10362 21.4218 5.8
      vertex 5.76893 22.048 5.8
    endloop
  endfacet
  facet normal 0 0 1
    outer loop
      vertex 2.49535 20.4336 5.8
      vertex 5.76893 22.048 5.8
      vertex 5.47591 22.6947 5.8
    endloop
  endfacet
  facet normal 0 0 1
    outer loop
      vertex 7.82789 19.1747 5.8
      vertex 5.24695 16.5937 5.8
      vertex 5.93949 15.9451 5.8
    endloop
  endfacet
  facet normal 0 0 1
    outer loop
      vertex 2.10375 21.2979 5.8
      vertex 5.47591 22.6947 5.8
      vertex 5.22581 23.3592 5.8
    endloop
  endfacet
  facet normal 0 0 1
    outer loop
      vertex 1.76951 22.1859 5.8
      vertex 5.22581 23.3592 5.8
      vertex 5.0197 24.0386 5.8
    endloop
  endfacet
  facet normal 0 0 1
    outer loop
      vertex 1.49408 23.0939 5.8
      vertex 5.0197 24.0386 5.8
      vertex 4.85848 24.7301 5.8
    endloop
  endfacet
  facet normal 0 0 1
    outer loop
      vertex 1.27861 24.018 5.8
      vertex 4.85848 24.7301 5.8
      vertex 4.74282 25.4306 5.8
    endloop
  endfacet
  facet normal 0 0 1
    outer loop
      vertex 1.12405 24.9542 5.8
      vertex 4.74282 25.4306 5.8
      vertex 4.67323 26.1372 5.8
    endloop
  endfacet
  facet normal 0 0 1
    outer loop
      vertex 7.34254 19.6929 5.8
      vertex 4.59832 17.2863 5.8
      vertex 5.24695 16.5937 5.8
    endloop
  endfacet
  facet normal 0 0 1
    outer loop
      vertex 1.03105 25.8984 5.8
      vertex 4.67323 26.1372 5.8
      vertex 4.65 26.8468 5.8
    endloop
  endfacet
  facet normal -0 0 1
    outer loop
      vertex 1.76951 31.5077 5.8
      vertex 5.22581 30.3344 5.8
      vertex 2.10375 32.3957 5.8
    endloop
  endfacet
  facet normal 0 0 1
    outer loop
      vertex 5.22581 30.3344 5.8
      vertex 1.76951 31.5077 5.8
      vertex 5.0197 29.655 5.8
    endloop
  endfacet
  facet normal 0 0 1
    outer loop
      vertex 6.89212 20.2417 5.8
      vertex 3.99638 18.0197 5.8
      vertex 4.59832 17.2863 5.8
    endloop
  endfacet
  facet normal -0 0 1
    outer loop
      vertex 1.49408 30.5997 5.8
      vertex 5.0197 29.655 5.8
      vertex 1.76951 31.5077 5.8
    endloop
  endfacet
  facet normal 0 0 1
    outer loop
      vertex 6.47855 20.8188 5.8
      vertex 3.44369 18.791 5.8
      vertex 3.99638 18.0197 5.8
    endloop
  endfacet
  facet normal 0 0 1
    outer loop
      vertex 5.0197 29.655 5.8
      vertex 1.49408 30.5997 5.8
      vertex 4.85848 28.9635 5.8
    endloop
  endfacet
  facet normal 0 0 1
    outer loop
      vertex 6.10362 21.4218 5.8
      vertex 2.94263 19.5968 5.8
      vertex 3.44369 18.791 5.8
    endloop
  endfacet
  facet normal -0 0 1
    outer loop
      vertex 1.27861 29.6756 5.8
      vertex 4.85848 28.9635 5.8
      vertex 1.49408 30.5997 5.8
    endloop
  endfacet
  facet normal 0 0 1
    outer loop
      vertex 5.76893 22.048 5.8
      vertex 2.49535 20.4336 5.8
      vertex 2.94263 19.5968 5.8
    endloop
  endfacet
  facet normal 0 0 1
    outer loop
      vertex 4.85848 28.9635 5.8
      vertex 1.27861 29.6756 5.8
      vertex 4.74282 28.263 5.8
    endloop
  endfacet
  facet normal 0 0 1
    outer loop
      vertex 5.47591 22.6947 5.8
      vertex 2.10375 21.2979 5.8
      vertex 2.49535 20.4336 5.8
    endloop
  endfacet
  facet normal -0 0 1
    outer loop
      vertex 1.12405 28.7394 5.8
      vertex 4.74282 28.263 5.8
      vertex 1.27861 29.6756 5.8
    endloop
  endfacet
  facet normal 0 0 1
    outer loop
      vertex 5.22581 23.3592 5.8
      vertex 1.76951 22.1859 5.8
      vertex 2.10375 21.2979 5.8
    endloop
  endfacet
  facet normal 0 0 1
    outer loop
      vertex 4.74282 28.263 5.8
      vertex 1.12405 28.7394 5.8
      vertex 4.67323 27.5564 5.8
    endloop
  endfacet
  facet normal 0 0 1
    outer loop
      vertex 5.0197 24.0386 5.8
      vertex 1.49408 23.0939 5.8
      vertex 1.76951 22.1859 5.8
    endloop
  endfacet
  facet normal -0 0 1
    outer loop
      vertex 1.03105 27.7951 5.8
      vertex 4.67323 27.5564 5.8
      vertex 1.12405 28.7394 5.8
    endloop
  endfacet
  facet normal 0 0 1
    outer loop
      vertex 4.85848 24.7301 5.8
      vertex 1.27861 24.018 5.8
      vertex 1.49408 23.0939 5.8
    endloop
  endfacet
  facet normal 0 0 1
    outer loop
      vertex 4.67323 27.5564 5.8
      vertex 1.03105 27.7951 5.8
      vertex 4.65 26.8468 5.8
    endloop
  endfacet
  facet normal 0 0 1
    outer loop
      vertex 4.74282 25.4306 5.8
      vertex 1.12405 24.9542 5.8
      vertex 1.27861 24.018 5.8
    endloop
  endfacet
  facet normal 0 0 1
    outer loop
      vertex 1 26.8468 5.8
      vertex 4.65 26.8468 5.8
      vertex 1.03105 27.7951 5.8
    endloop
  endfacet
  facet normal 0 0 1
    outer loop
      vertex 4.67323 26.1372 5.8
      vertex 1.03105 25.8984 5.8
      vertex 1.12405 24.9542 5.8
    endloop
  endfacet
  facet normal 0 0 1
    outer loop
      vertex 4.65 26.8468 5.8
      vertex 1 26.8468 5.8
      vertex 1.03105 25.8984 5.8
    endloop
  endfacet
  facet normal 0.227106 0.97387 -0
    outer loop
      vertex 19.2529 40.8527 5
      vertex 18.3288 41.0682 5.8
      vertex 19.2529 40.8527 5.8
    endloop
  endfacet
  facet normal 0.227106 0.97387 0
    outer loop
      vertex 18.3288 41.0682 5.8
      vertex 19.2529 40.8527 5
      vertex 18.3288 41.0682 5
    endloop
  endfacet
  facet normal -0.849211 0.528054 0
    outer loop
      vertex 2.94263 34.0968 5
      vertex 3.44369 34.9026 5.8
      vertex 3.44369 34.9026 5
    endloop
  endfacet
  facet normal -0.849211 0.528054 0
    outer loop
      vertex 3.44369 34.9026 5.8
      vertex 2.94263 34.0968 5
      vertex 2.94263 34.0968 5.8
    endloop
  endfacet
  facet normal -0.471328 0.881958 0
    outer loop
      vertex 9.08681 39.8514 5
      vertex 8.25 39.4042 5.8
      vertex 9.08681 39.8514 5.8
    endloop
  endfacet
  facet normal -0.471328 0.881958 0
    outer loop
      vertex 8.25 39.4042 5.8
      vertex 9.08681 39.8514 5
      vertex 8.25 39.4042 5
    endloop
  endfacet
  facet normal -0.634366 -0.773033 0
    outer loop
      vertex 5.93949 15.9451 5
      vertex 6.67296 15.3432 5.8
      vertex 5.93949 15.9451 5.8
    endloop
  endfacet
  facet normal -0.634366 -0.773033 -0
    outer loop
      vertex 6.67296 15.3432 5.8
      vertex 5.93949 15.9451 5
      vertex 6.67296 15.3432 5
    endloop
  endfacet
  facet normal -0.47141 -0.881914 0
    outer loop
      vertex 8.25 14.2894 5
      vertex 9.08681 13.8421 5.8
      vertex 8.25 14.2894 5.8
    endloop
  endfacet
  facet normal -0.47141 -0.881914 -0
    outer loop
      vertex 9.08681 13.8421 5.8
      vertex 8.25 14.2894 5
      vertex 9.08681 13.8421 5
    endloop
  endfacet
  facet normal -0.634487 -0.772933 0
    outer loop
      vertex 22.1051 35.4547 5
      vertex 22.6539 35.0042 5.8
      vertex 22.1051 35.4547 5.8
    endloop
  endfacet
  facet normal -0.634487 -0.772933 -0
    outer loop
      vertex 22.6539 35.0042 5.8
      vertex 22.1051 35.4547 5
      vertex 22.6539 35.0042 5
    endloop
  endfacet
  facet normal -0.999466 -0.032677 0
    outer loop
      vertex 26.35 26.8468 5
      vertex 26.3268 27.5564 5.8
      vertex 26.3268 27.5564 5
    endloop
  endfacet
  facet normal -0.999466 -0.032677 0
    outer loop
      vertex 26.3268 27.5564 5.8
      vertex 26.35 26.8468 5
      vertex 26.35 26.8468 5.8
    endloop
  endfacet
  facet normal -0.973888 -0.227029 0
    outer loop
      vertex 26.1415 28.9635 5
      vertex 25.9803 29.655 5.8
      vertex 25.9803 29.655 5
    endloop
  endfacet
  facet normal -0.973888 -0.227029 0
    outer loop
      vertex 25.9803 29.655 5.8
      vertex 26.1415 28.9635 5
      vertex 26.1415 28.9635 5.8
    endloop
  endfacet
  facet normal -0.956938 -0.290293 0
    outer loop
      vertex 25.9803 29.655 5
      vertex 25.7742 30.3344 5.8
      vertex 25.7742 30.3344 5
    endloop
  endfacet
  facet normal -0.956938 -0.290293 0
    outer loop
      vertex 25.7742 30.3344 5.8
      vertex 25.9803 29.655 5
      vertex 25.9803 29.655 5.8
    endloop
  endfacet
  facet normal -0.995221 -0.0976521 0
    outer loop
      vertex 26.3268 27.5564 5
      vertex 26.3221 27.6043 5.8
      vertex 26.3221 27.6043 5
    endloop
  endfacet
  facet normal -0.995221 -0.0976521 0
    outer loop
      vertex 26.3221 27.6043 5.8
      vertex 26.3268 27.5564 5
      vertex 26.3268 27.5564 5.8
    endloop
  endfacet
  facet normal -0.0980255 -0.995184 0
    outer loop
      vertex 16.2096 37.6736 5
      vertex 16.9162 37.604 5.8
      vertex 16.2096 37.6736 5.8
    endloop
  endfacet
  facet normal -0.0980255 -0.995184 -0
    outer loop
      vertex 16.9162 37.604 5.8
      vertex 16.2096 37.6736 5
      vertex 16.9162 37.604 5
    endloop
  endfacet
  facet normal -0.881928 -0.471385 0
    outer loop
      vertex 25.2311 31.6456 5
      vertex 24.8964 32.2718 5.8
      vertex 24.8964 32.2718 5
    endloop
  endfacet
  facet normal -0.881928 -0.471385 0
    outer loop
      vertex 24.8964 32.2718 5.8
      vertex 25.2311 31.6456 5
      vertex 25.2311 31.6456 5.8
    endloop
  endfacet
  facet normal -0.849144 -0.528162 0
    outer loop
      vertex 24.8964 32.2718 5
      vertex 24.5214 32.8747 5.8
      vertex 24.5214 32.8747 5
    endloop
  endfacet
  facet normal -0.849144 -0.528162 0
    outer loop
      vertex 24.5214 32.8747 5.8
      vertex 24.8964 32.2718 5
      vertex 24.8964 32.2718 5.8
    endloop
  endfacet
  facet normal -0.227029 -0.973888 0
    outer loop
      vertex 17.6167 37.4883 5
      vertex 18.3082 37.3271 5.8
      vertex 17.6167 37.4883 5.8
    endloop
  endfacet
  facet normal -0.227029 -0.973888 -0
    outer loop
      vertex 18.3082 37.3271 5.8
      vertex 17.6167 37.4883 5
      vertex 18.3082 37.3271 5
    endloop
  endfacet
  facet normal -0.35225 -0.935906 0
    outer loop
      vertex 18.9876 37.121 5
      vertex 19.6521 36.8709 5.8
      vertex 18.9876 37.121 5.8
    endloop
  endfacet
  facet normal -0.35225 -0.935906 -0
    outer loop
      vertex 19.6521 36.8709 5.8
      vertex 18.9876 37.121 5
      vertex 19.6521 36.8709 5
    endloop
  endfacet
  facet normal -0.910872 -0.412688 0
    outer loop
      vertex 25.5241 30.9989 5
      vertex 25.2311 31.6456 5.8
      vertex 25.2311 31.6456 5
    endloop
  endfacet
  facet normal -0.910872 -0.412688 0
    outer loop
      vertex 25.2311 31.6456 5.8
      vertex 25.5241 30.9989 5
      vertex 25.5241 30.9989 5.8
    endloop
  endfacet
  facet normal -0.729827 -0.683632 0
    outer loop
      vertex 23.6575 34.0007 5
      vertex 23.1721 34.5189 5.8
      vertex 23.1721 34.5189 5
    endloop
  endfacet
  facet normal -0.729827 -0.683632 0
    outer loop
      vertex 23.1721 34.5189 5.8
      vertex 23.6575 34.0007 5
      vertex 23.6575 34.0007 5.8
    endloop
  endfacet
  facet normal -0.290293 -0.956938 0
    outer loop
      vertex 18.3082 37.3271 5
      vertex 18.9876 37.121 5.8
      vertex 18.3082 37.3271 5.8
    endloop
  endfacet
  facet normal -0.290293 -0.956938 -0
    outer loop
      vertex 18.9876 37.121 5.8
      vertex 18.3082 37.3271 5
      vertex 18.9876 37.121 5
    endloop
  endfacet
  facet normal -0.98645 -0.164062 0
    outer loop
      vertex 26.1494 28.916 5
      vertex 26.1415 28.9635 5.8
      vertex 26.1415 28.9635 5
    endloop
  endfacet
  facet normal -0.98645 -0.164062 0
    outer loop
      vertex 26.1415 28.9635 5.8
      vertex 26.1494 28.916 5
      vertex 26.1494 28.916 5.8
    endloop
  endfacet
  facet normal -0.471127 -0.882066 0
    outer loop
      vertex 20.2988 36.5779 5
      vertex 20.3413 36.5552 5.8
      vertex 20.2988 36.5779 5.8
    endloop
  endfacet
  facet normal -0.471127 -0.882066 -0
    outer loop
      vertex 20.3413 36.5552 5.8
      vertex 20.2988 36.5779 5
      vertex 20.3413 36.5552 5
    endloop
  endfacet
  facet normal -0.81303 -0.582221 0
    outer loop
      vertex 24.5214 32.8747 5
      vertex 24.4934 32.9138 5.8
      vertex 24.4934 32.9138 5
    endloop
  endfacet
  facet normal -0.81303 -0.582221 0
    outer loop
      vertex 24.4934 32.9138 5.8
      vertex 24.5214 32.8747 5
      vertex 24.5214 32.8747 5.8
    endloop
  endfacet
  facet normal -0.528502 -0.848932 0
    outer loop
      vertex 21.4871 35.8936 5
      vertex 21.5279 35.8682 5.8
      vertex 21.4871 35.8936 5.8
    endloop
  endfacet
  facet normal -0.528502 -0.848932 -0
    outer loop
      vertex 21.5279 35.8682 5.8
      vertex 21.4871 35.8936 5
      vertex 21.5279 35.8682 5
    endloop
  endfacet
  facet normal -0.683557 -0.729897 0
    outer loop
      vertex 22.6539 35.0042 5
      vertex 23.1721 34.5189 5.8
      vertex 22.6539 35.0042 5.8
    endloop
  endfacet
  facet normal -0.683557 -0.729897 -0
    outer loop
      vertex 23.1721 34.5189 5.8
      vertex 22.6539 35.0042 5
      vertex 23.1721 34.5189 5
    endloop
  endfacet
  facet normal -0.935906 -0.35225 0
    outer loop
      vertex 25.7742 30.3344 5
      vertex 25.5241 30.9989 5.8
      vertex 25.5241 30.9989 5
    endloop
  endfacet
  facet normal -0.935906 -0.35225 0
    outer loop
      vertex 25.5241 30.9989 5.8
      vertex 25.7742 30.3344 5
      vertex 25.7742 30.3344 5.8
    endloop
  endfacet
  facet normal -0.16296 -0.986633 0
    outer loop
      vertex 16.9162 37.604 5
      vertex 17.6167 37.4883 5.8
      vertex 16.9162 37.604 5.8
    endloop
  endfacet
  facet normal -0.16296 -0.986633 -0
    outer loop
      vertex 17.6167 37.4883 5.8
      vertex 16.9162 37.604 5
      vertex 17.6167 37.4883 5
    endloop
  endfacet
  facet normal -0.773309 -0.63403 0
    outer loop
      vertex 23.688 33.9635 5
      vertex 23.6575 34.0007 5.8
      vertex 23.6575 34.0007 5
    endloop
  endfacet
  facet normal -0.773309 -0.63403 0
    outer loop
      vertex 23.6575 34.0007 5.8
      vertex 23.688 33.9635 5
      vertex 23.688 33.9635 5.8
    endloop
  endfacet
  facet normal -0.58237 -0.812924 0
    outer loop
      vertex 21.5279 35.8682 5
      vertex 22.1051 35.4547 5.8
      vertex 21.5279 35.8682 5.8
    endloop
  endfacet
  facet normal -0.58237 -0.812924 -0
    outer loop
      vertex 22.1051 35.4547 5.8
      vertex 21.5279 35.8682 5
      vertex 22.1051 35.4547 5
    endloop
  endfacet
  facet normal 0.032677 -0.999466 0
    outer loop
      vertex 14.7904 37.6736 5
      vertex 15.5 37.6968 5.8
      vertex 14.7904 37.6736 5.8
    endloop
  endfacet
  facet normal 0.032677 -0.999466 0
    outer loop
      vertex 15.5 37.6968 5.8
      vertex 14.7904 37.6736 5
      vertex 15.5 37.6968 5
    endloop
  endfacet
  facet normal -0.032677 -0.999466 0
    outer loop
      vertex 15.5 37.6968 5
      vertex 16.2096 37.6736 5.8
      vertex 15.5 37.6968 5.8
    endloop
  endfacet
  facet normal -0.032677 -0.999466 -0
    outer loop
      vertex 16.2096 37.6736 5.8
      vertex 15.5 37.6968 5
      vertex 16.2096 37.6736 5
    endloop
  endfacet
  facet normal -0.412688 -0.910872 0
    outer loop
      vertex 19.6521 36.8709 5
      vertex 20.2988 36.5779 5.8
      vertex 19.6521 36.8709 5.8
    endloop
  endfacet
  facet normal -0.412688 -0.910872 -0
    outer loop
      vertex 20.2988 36.5779 5.8
      vertex 19.6521 36.8709 5
      vertex 20.2988 36.5779 5
    endloop
  endfacet
  facet normal 0.910864 0.412707 0
    outer loop
      vertex -17.6037 5.54891 5.8
      vertex -17.9953 6.41319 5
      vertex -17.9953 6.41319 5.8
    endloop
  endfacet
  facet normal 0.910864 0.412707 0
    outer loop
      vertex -17.9953 6.41319 5
      vertex -17.6037 5.54891 5.8
      vertex -17.6037 5.54891 5
    endloop
  endfacet
  facet normal 0.995175 0.0981174 0
    outer loop
      vertex -16.531 0.948345 5.8
      vertex -16.6241 1.89263 5
      vertex -16.6241 1.89263 5.8
    endloop
  endfacet
  facet normal 0.995175 0.0981174 0
    outer loop
      vertex -16.6241 1.89263 5
      vertex -16.531 0.948345 5.8
      vertex -16.531 0.948345 5
    endloop
  endfacet
  facet normal 0.999466 0.0326711 0
    outer loop
      vertex -16.5 0 5.8
      vertex -16.531 0.948345 5
      vertex -16.531 0.948345 5.8
    endloop
  endfacet
  facet normal 0.999466 0.0326711 0
    outer loop
      vertex -16.531 0.948345 5
      vertex -16.5 0 5.8
      vertex -16.5 0 5
    endloop
  endfacet
  facet normal -0.162826 0.986655 0
    outer loop
      vertex -32.8926 14.3759 5
      vertex -33.8288 14.2214 5.8
      vertex -32.8926 14.3759 5.8
    endloop
  endfacet
  facet normal -0.162826 0.986655 0
    outer loop
      vertex -33.8288 14.2214 5.8
      vertex -32.8926 14.3759 5
      vertex -33.8288 14.2214 5
    endloop
  endfacet
  facet normal -0.68365 -0.72981 0
    outer loop
      vertex -41.253 -10.253 5
      vertex -40.5605 -10.9017 5.8
      vertex -41.253 -10.253 5.8
    endloop
  endfacet
  facet normal -0.68365 -0.72981 -0
    outer loop
      vertex -40.5605 -10.9017 5.8
      vertex -41.253 -10.253 5
      vertex -40.5605 -10.9017 5
    endloop
  endfacet
  facet normal 0.0326726 0.999466 -0
    outer loop
      vertex -30.0517 14.469 5
      vertex -31 14.5 5.8
      vertex -30.0517 14.469 5.8
    endloop
  endfacet
  facet normal 0.0326726 0.999466 0
    outer loop
      vertex -31 14.5 5.8
      vertex -30.0517 14.469 5
      vertex -31 14.5 5
    endloop
  endfacet
  facet normal 0.973868 0.227113 0
    outer loop
      vertex -16.7786 2.82881 5.8
      vertex -16.9941 3.75288 5
      vertex -16.9941 3.75288 5.8
    endloop
  endfacet
  facet normal 0.973868 0.227113 0
    outer loop
      vertex -16.9941 3.75288 5
      vertex -16.7786 2.82881 5.8
      vertex -16.7786 2.82881 5
    endloop
  endfacet
  facet normal 0.471414 0.881912 -0
    outer loop
      vertex -23.75 12.5574 5
      vertex -24.5868 13.0047 5.8
      vertex -23.75 12.5574 5.8
    endloop
  endfacet
  facet normal 0.471414 0.881912 0
    outer loop
      vertex -24.5868 13.0047 5.8
      vertex -23.75 12.5574 5
      vertex -24.5868 13.0047 5
    endloop
  endfacet
  facet normal 0.0981158 -0.995175 0
    outer loop
      vertex -30.0517 -14.469 5
      vertex -29.1074 -14.3759 5.8
      vertex -30.0517 -14.469 5.8
    endloop
  endfacet
  facet normal 0.0981158 -0.995175 0
    outer loop
      vertex -29.1074 -14.3759 5.8
      vertex -30.0517 -14.469 5
      vertex -29.1074 -14.3759 5
    endloop
  endfacet
  facet normal -0.935918 -0.352218 0
    outer loop
      vertex -44.3963 -5.54891 5
      vertex -44.7305 -4.66087 5.8
      vertex -44.7305 -4.66087 5
    endloop
  endfacet
  facet normal -0.935918 -0.352218 0
    outer loop
      vertex -44.7305 -4.66087 5.8
      vertex -44.3963 -5.54891 5
      vertex -44.3963 -5.54891 5.8
    endloop
  endfacet
  facet normal 0.881914 -0.47141 0
    outer loop
      vertex -18.4426 -7.25 5.8
      vertex -17.9953 -6.41319 5
      vertex -17.9953 -6.41319 5.8
    endloop
  endfacet
  facet normal 0.881914 -0.47141 0
    outer loop
      vertex -17.9953 -6.41319 5
      vertex -18.4426 -7.25 5.8
      vertex -18.4426 -7.25 5
    endloop
  endfacet
  facet normal 0.812839 0.582489 0
    outer loop
      vertex -18.9437 8.05577 5.8
      vertex -19.4964 8.82704 5
      vertex -19.4964 8.82704 5.8
    endloop
  endfacet
  facet normal 0.812839 0.582489 0
    outer loop
      vertex -19.4964 8.82704 5
      vertex -18.9437 8.05577 5.8
      vertex -18.9437 8.05577 5
    endloop
  endfacet
  facet normal -0.910864 0.412707 0
    outer loop
      vertex -44.3963 5.54891 5
      vertex -44.0047 6.41319 5.8
      vertex -44.0047 6.41319 5
    endloop
  endfacet
  facet normal -0.910864 0.412707 0
    outer loop
      vertex -44.0047 6.41319 5.8
      vertex -44.3963 5.54891 5
      vertex -44.3963 5.54891 5.8
    endloop
  endfacet
  facet normal 0.956951 0.29025 0
    outer loop
      vertex -16.9941 3.75288 5.8
      vertex -17.2695 4.66087 5
      vertex -17.2695 4.66087 5.8
    endloop
  endfacet
  facet normal 0.956951 0.29025 0
    outer loop
      vertex -17.2695 4.66087 5
      vertex -16.9941 3.75288 5.8
      vertex -16.9941 3.75288 5
    endloop
  endfacet
  facet normal -0.881914 -0.47141 0
    outer loop
      vertex -43.5574 -7.25 5
      vertex -44.0047 -6.41319 5.8
      vertex -44.0047 -6.41319 5
    endloop
  endfacet
  facet normal -0.881914 -0.47141 0
    outer loop
      vertex -44.0047 -6.41319 5.8
      vertex -43.5574 -7.25 5
      vertex -43.5574 -7.25 5.8
    endloop
  endfacet
  facet normal 0.849183 0.528098 0
    outer loop
      vertex -18.4426 7.25 5.8
      vertex -18.9437 8.05577 5
      vertex -18.9437 8.05577 5.8
    endloop
  endfacet
  facet normal 0.849183 0.528098 0
    outer loop
      vertex -18.9437 8.05577 5
      vertex -18.4426 7.25 5.8
      vertex -18.4426 7.25 5
    endloop
  endfacet
  facet normal -0.68365 0.72981 0
    outer loop
      vertex -40.5605 10.9017 5
      vertex -41.253 10.253 5.8
      vertex -40.5605 10.9017 5.8
    endloop
  endfacet
  facet normal -0.68365 0.72981 0
    outer loop
      vertex -41.253 10.253 5.8
      vertex -40.5605 10.9017 5
      vertex -41.253 10.253 5
    endloop
  endfacet
  facet normal 0.956951 -0.29025 0
    outer loop
      vertex -17.2695 -4.66087 5.8
      vertex -16.9941 -3.75288 5
      vertex -16.9941 -3.75288 5.8
    endloop
  endfacet
  facet normal 0.956951 -0.29025 0
    outer loop
      vertex -16.9941 -3.75288 5
      vertex -17.2695 -4.66087 5.8
      vertex -17.2695 -4.66087 5
    endloop
  endfacet
  facet normal -0.582524 -0.812814 0
    outer loop
      vertex -39.827 -11.5036 5
      vertex -39.0558 -12.0563 5.8
      vertex -39.827 -11.5036 5.8
    endloop
  endfacet
  facet normal -0.582524 -0.812814 -0
    outer loop
      vertex -39.0558 -12.0563 5.8
      vertex -39.827 -11.5036 5
      vertex -39.0558 -12.0563 5
    endloop
  endfacet
  facet normal -0.986654 0.16283 0
    outer loop
      vertex -45.3759 1.89263 5
      vertex -45.2214 2.82881 5.8
      vertex -45.2214 2.82881 5
    endloop
  endfacet
  facet normal -0.986654 0.16283 0
    outer loop
      vertex -45.2214 2.82881 5.8
      vertex -45.3759 1.89263 5
      vertex -45.3759 1.89263 5.8
    endloop
  endfacet
  facet normal 0.471414 -0.881912 0
    outer loop
      vertex -24.5868 -13.0047 5
      vertex -23.75 -12.5574 5.8
      vertex -24.5868 -13.0047 5.8
    endloop
  endfacet
  facet normal 0.471414 -0.881912 0
    outer loop
      vertex -23.75 -12.5574 5.8
      vertex -24.5868 -13.0047 5
      vertex -23.75 -12.5574 5
    endloop
  endfacet
  facet normal 0.812839 -0.582489 0
    outer loop
      vertex -19.4964 -8.82704 5.8
      vertex -18.9437 -8.05577 5
      vertex -18.9437 -8.05577 5.8
    endloop
  endfacet
  facet normal 0.812839 -0.582489 0
    outer loop
      vertex -18.9437 -8.05577 5
      vertex -19.4964 -8.82704 5.8
      vertex -19.4964 -8.82704 5
    endloop
  endfacet
  facet normal -0.582524 0.812814 0
    outer loop
      vertex -39.0558 12.0563 5
      vertex -39.827 11.5036 5.8
      vertex -39.0558 12.0563 5.8
    endloop
  endfacet
  facet normal -0.582524 0.812814 0
    outer loop
      vertex -39.827 11.5036 5.8
      vertex -39.0558 12.0563 5
      vertex -39.827 11.5036 5
    endloop
  endfacet
  facet normal -0.352232 -0.935913 0
    outer loop
      vertex -36.5489 -13.3963 5
      vertex -35.6609 -13.7305 5.8
      vertex -36.5489 -13.3963 5.8
    endloop
  endfacet
  facet normal -0.352232 -0.935913 -0
    outer loop
      vertex -35.6609 -13.7305 5.8
      vertex -36.5489 -13.3963 5
      vertex -35.6609 -13.7305 5
    endloop
  endfacet
  facet normal -0.412699 0.910867 0
    outer loop
      vertex -36.5489 13.3963 5
      vertex -37.4132 13.0047 5.8
      vertex -36.5489 13.3963 5.8
    endloop
  endfacet
  facet normal -0.412699 0.910867 0
    outer loop
      vertex -37.4132 13.0047 5.8
      vertex -36.5489 13.3963 5
      vertex -37.4132 13.0047 5
    endloop
  endfacet
  facet normal -0.227106 0.97387 0
    outer loop
      vertex -33.8288 14.2214 5
      vertex -34.7529 14.0059 5.8
      vertex -33.8288 14.2214 5.8
    endloop
  endfacet
  facet normal -0.227106 0.97387 0
    outer loop
      vertex -34.7529 14.0059 5.8
      vertex -33.8288 14.2214 5
      vertex -34.7529 14.0059 5
    endloop
  endfacet
  facet normal 0.729805 -0.683655 0
    outer loop
      vertex -20.747 -10.253 5.8
      vertex -20.0983 -9.56051 5
      vertex -20.0983 -9.56051 5.8
    endloop
  endfacet
  facet normal 0.729805 -0.683655 0
    outer loop
      vertex -20.0983 -9.56051 5
      vertex -20.747 -10.253 5.8
      vertex -20.747 -10.253 5
    endloop
  endfacet
  facet normal 0.910864 -0.412707 0
    outer loop
      vertex -17.9953 -6.41319 5.8
      vertex -17.6037 -5.54891 5
      vertex -17.6037 -5.54891 5.8
    endloop
  endfacet
  facet normal 0.910864 -0.412707 0
    outer loop
      vertex -17.6037 -5.54891 5
      vertex -17.9953 -6.41319 5.8
      vertex -17.9953 -6.41319 5
    endloop
  endfacet
  facet normal -0.812839 0.582489 0
    outer loop
      vertex -43.0563 8.05577 5
      vertex -42.5036 8.82704 5.8
      vertex -42.5036 8.82704 5
    endloop
  endfacet
  facet normal -0.812839 0.582489 0
    outer loop
      vertex -42.5036 8.82704 5.8
      vertex -43.0563 8.05577 5
      vertex -43.0563 8.05577 5.8
    endloop
  endfacet
  facet normal 0.528084 -0.849192 0
    outer loop
      vertex -23.75 -12.5574 5
      vertex -22.9442 -12.0563 5.8
      vertex -23.75 -12.5574 5.8
    endloop
  endfacet
  facet normal 0.528084 -0.849192 0
    outer loop
      vertex -22.9442 -12.0563 5.8
      vertex -23.75 -12.5574 5
      vertex -22.9442 -12.0563 5
    endloop
  endfacet
  facet normal 0.582524 0.812814 -0
    outer loop
      vertex -22.173 11.5036 5
      vertex -22.9442 12.0563 5.8
      vertex -22.173 11.5036 5.8
    endloop
  endfacet
  facet normal 0.582524 0.812814 0
    outer loop
      vertex -22.9442 12.0563 5.8
      vertex -22.173 11.5036 5
      vertex -22.9442 12.0563 5
    endloop
  endfacet
  facet normal 0.528084 0.849192 -0
    outer loop
      vertex -22.9442 12.0563 5
      vertex -23.75 12.5574 5.8
      vertex -22.9442 12.0563 5.8
    endloop
  endfacet
  facet normal 0.528084 0.849192 0
    outer loop
      vertex -23.75 12.5574 5.8
      vertex -22.9442 12.0563 5
      vertex -23.75 12.5574 5
    endloop
  endfacet
  facet normal 0.0326726 -0.999466 0
    outer loop
      vertex -31 -14.5 5
      vertex -30.0517 -14.469 5.8
      vertex -31 -14.5 5.8
    endloop
  endfacet
  facet normal 0.0326726 -0.999466 0
    outer loop
      vertex -30.0517 -14.469 5.8
      vertex -31 -14.5 5
      vertex -30.0517 -14.469 5
    endloop
  endfacet
  facet normal -0.528084 -0.849192 0
    outer loop
      vertex -39.0558 -12.0563 5
      vertex -38.25 -12.5574 5.8
      vertex -39.0558 -12.0563 5.8
    endloop
  endfacet
  facet normal -0.528084 -0.849192 -0
    outer loop
      vertex -38.25 -12.5574 5.8
      vertex -39.0558 -12.0563 5
      vertex -38.25 -12.5574 5
    endloop
  endfacet
  facet normal 0.773033 0.634366 0
    outer loop
      vertex -19.4964 8.82704 5.8
      vertex -20.0983 9.56051 5
      vertex -20.0983 9.56051 5.8
    endloop
  endfacet
  facet normal 0.773033 0.634366 0
    outer loop
      vertex -20.0983 9.56051 5
      vertex -19.4964 8.82704 5.8
      vertex -19.4964 8.82704 5
    endloop
  endfacet
  facet normal -0.352232 0.935913 0
    outer loop
      vertex -35.6609 13.7305 5
      vertex -36.5489 13.3963 5.8
      vertex -35.6609 13.7305 5.8
    endloop
  endfacet
  facet normal -0.352232 0.935913 0
    outer loop
      vertex -36.5489 13.3963 5.8
      vertex -35.6609 13.7305 5
      vertex -36.5489 13.3963 5
    endloop
  endfacet
  facet normal -0.973868 -0.227113 0
    outer loop
      vertex -45.0059 -3.75288 5
      vertex -45.2214 -2.82881 5.8
      vertex -45.2214 -2.82881 5
    endloop
  endfacet
  facet normal -0.973868 -0.227113 0
    outer loop
      vertex -45.2214 -2.82881 5.8
      vertex -45.0059 -3.75288 5
      vertex -45.0059 -3.75288 5.8
    endloop
  endfacet
  facet normal 0.773033 -0.634366 0
    outer loop
      vertex -20.0983 -9.56051 5.8
      vertex -19.4964 -8.82704 5
      vertex -19.4964 -8.82704 5.8
    endloop
  endfacet
  facet normal 0.773033 -0.634366 0
    outer loop
      vertex -19.4964 -8.82704 5
      vertex -20.0983 -9.56051 5.8
      vertex -20.0983 -9.56051 5
    endloop
  endfacet
  facet normal 0.634351 -0.773046 0
    outer loop
      vertex -22.173 -11.5036 5
      vertex -21.4395 -10.9017 5.8
      vertex -22.173 -11.5036 5.8
    endloop
  endfacet
  facet normal 0.634351 -0.773046 0
    outer loop
      vertex -21.4395 -10.9017 5.8
      vertex -22.173 -11.5036 5
      vertex -21.4395 -10.9017 5
    endloop
  endfacet
  facet normal 0.849183 -0.528098 0
    outer loop
      vertex -18.9437 -8.05577 5.8
      vertex -18.4426 -7.25 5
      vertex -18.4426 -7.25 5.8
    endloop
  endfacet
  facet normal 0.849183 -0.528098 0
    outer loop
      vertex -18.4426 -7.25 5
      vertex -18.9437 -8.05577 5.8
      vertex -18.9437 -8.05577 5
    endloop
  endfacet
  facet normal 0.935918 0.352218 0
    outer loop
      vertex -17.2695 4.66087 5.8
      vertex -17.6037 5.54891 5
      vertex -17.6037 5.54891 5.8
    endloop
  endfacet
  facet normal 0.935918 0.352218 0
    outer loop
      vertex -17.6037 5.54891 5
      vertex -17.2695 4.66087 5.8
      vertex -17.2695 4.66087 5
    endloop
  endfacet
  facet normal 0.995175 -0.0981174 0
    outer loop
      vertex -16.6241 -1.89263 5.8
      vertex -16.531 -0.948345 5
      vertex -16.531 -0.948345 5.8
    endloop
  endfacet
  facet normal 0.995175 -0.0981174 0
    outer loop
      vertex -16.531 -0.948345 5
      vertex -16.6241 -1.89263 5.8
      vertex -16.6241 -1.89263 5
    endloop
  endfacet
  facet normal 0.227106 -0.97387 0
    outer loop
      vertex -28.1712 -14.2214 5
      vertex -27.2471 -14.0059 5.8
      vertex -28.1712 -14.2214 5.8
    endloop
  endfacet
  facet normal 0.227106 -0.97387 0
    outer loop
      vertex -27.2471 -14.0059 5.8
      vertex -28.1712 -14.2214 5
      vertex -27.2471 -14.0059 5
    endloop
  endfacet
  facet normal -0.849183 -0.528098 0
    outer loop
      vertex -43.0563 -8.05577 5
      vertex -43.5574 -7.25 5.8
      vertex -43.5574 -7.25 5
    endloop
  endfacet
  facet normal -0.849183 -0.528098 0
    outer loop
      vertex -43.5574 -7.25 5.8
      vertex -43.0563 -8.05577 5
      vertex -43.0563 -8.05577 5.8
    endloop
  endfacet
  facet normal -0.528084 0.849192 0
    outer loop
      vertex -38.25 12.5574 5
      vertex -39.0558 12.0563 5.8
      vertex -38.25 12.5574 5.8
    endloop
  endfacet
  facet normal -0.528084 0.849192 0
    outer loop
      vertex -39.0558 12.0563 5.8
      vertex -38.25 12.5574 5
      vertex -39.0558 12.0563 5
    endloop
  endfacet
  facet normal -0.0981158 -0.995175 0
    outer loop
      vertex -32.8926 -14.3759 5
      vertex -31.9483 -14.469 5.8
      vertex -32.8926 -14.3759 5.8
    endloop
  endfacet
  facet normal -0.0981158 -0.995175 -0
    outer loop
      vertex -31.9483 -14.469 5.8
      vertex -32.8926 -14.3759 5
      vertex -31.9483 -14.469 5
    endloop
  endfacet
  facet normal 0.999466 -0.0326711 0
    outer loop
      vertex -16.531 -0.948345 5.8
      vertex -16.5 0 5
      vertex -16.5 0 5.8
    endloop
  endfacet
  facet normal 0.999466 -0.0326711 0
    outer loop
      vertex -16.5 0 5
      vertex -16.531 -0.948345 5.8
      vertex -16.531 -0.948345 5
    endloop
  endfacet
  facet normal -0.812839 -0.582489 0
    outer loop
      vertex -42.5036 -8.82704 5
      vertex -43.0563 -8.05577 5.8
      vertex -43.0563 -8.05577 5
    endloop
  endfacet
  facet normal -0.812839 -0.582489 0
    outer loop
      vertex -43.0563 -8.05577 5.8
      vertex -42.5036 -8.82704 5
      vertex -42.5036 -8.82704 5.8
    endloop
  endfacet
  facet normal -0.995175 -0.0981174 0
    outer loop
      vertex -45.3759 -1.89263 5
      vertex -45.469 -0.948345 5.8
      vertex -45.469 -0.948345 5
    endloop
  endfacet
  facet normal -0.995175 -0.0981174 0
    outer loop
      vertex -45.469 -0.948345 5.8
      vertex -45.3759 -1.89263 5
      vertex -45.3759 -1.89263 5.8
    endloop
  endfacet
  facet normal 0.0981158 0.995175 -0
    outer loop
      vertex -29.1074 14.3759 5
      vertex -30.0517 14.469 5.8
      vertex -29.1074 14.3759 5.8
    endloop
  endfacet
  facet normal 0.0981158 0.995175 0
    outer loop
      vertex -30.0517 14.469 5.8
      vertex -29.1074 14.3759 5
      vertex -30.0517 14.469 5
    endloop
  endfacet
  facet normal -0.0326726 0.999466 0
    outer loop
      vertex -31 14.5 5
      vertex -31.9483 14.469 5.8
      vertex -31 14.5 5.8
    endloop
  endfacet
  facet normal -0.0326726 0.999466 0
    outer loop
      vertex -31.9483 14.469 5.8
      vertex -31 14.5 5
      vertex -31.9483 14.469 5
    endloop
  endfacet
  facet normal -0.0981158 0.995175 0
    outer loop
      vertex -31.9483 14.469 5
      vertex -32.8926 14.3759 5.8
      vertex -31.9483 14.469 5.8
    endloop
  endfacet
  facet normal -0.0981158 0.995175 0
    outer loop
      vertex -32.8926 14.3759 5.8
      vertex -31.9483 14.469 5
      vertex -32.8926 14.3759 5
    endloop
  endfacet
  facet normal -0.999466 -0.0326711 0
    outer loop
      vertex -45.469 -0.948345 5
      vertex -45.5 0 5.8
      vertex -45.5 0 5
    endloop
  endfacet
  facet normal -0.999466 -0.0326711 0
    outer loop
      vertex -45.5 0 5.8
      vertex -45.469 -0.948345 5
      vertex -45.469 -0.948345 5.8
    endloop
  endfacet
  facet normal 0.290247 0.956952 -0
    outer loop
      vertex -26.3391 13.7305 5
      vertex -27.2471 14.0059 5.8
      vertex -26.3391 13.7305 5.8
    endloop
  endfacet
  facet normal 0.290247 0.956952 0
    outer loop
      vertex -27.2471 14.0059 5.8
      vertex -26.3391 13.7305 5
      vertex -27.2471 14.0059 5
    endloop
  endfacet
  facet normal 0.68365 -0.72981 0
    outer loop
      vertex -21.4395 -10.9017 5
      vertex -20.747 -10.253 5.8
      vertex -21.4395 -10.9017 5.8
    endloop
  endfacet
  facet normal 0.68365 -0.72981 0
    outer loop
      vertex -20.747 -10.253 5.8
      vertex -21.4395 -10.9017 5
      vertex -20.747 -10.253 5
    endloop
  endfacet
  facet normal -0.412699 -0.910867 0
    outer loop
      vertex -37.4132 -13.0047 5
      vertex -36.5489 -13.3963 5.8
      vertex -37.4132 -13.0047 5.8
    endloop
  endfacet
  facet normal -0.412699 -0.910867 -0
    outer loop
      vertex -36.5489 -13.3963 5.8
      vertex -37.4132 -13.0047 5
      vertex -36.5489 -13.3963 5
    endloop
  endfacet
  facet normal -0.986654 -0.16283 0
    outer loop
      vertex -45.2214 -2.82881 5
      vertex -45.3759 -1.89263 5.8
      vertex -45.3759 -1.89263 5
    endloop
  endfacet
  facet normal -0.986654 -0.16283 0
    outer loop
      vertex -45.3759 -1.89263 5.8
      vertex -45.2214 -2.82881 5
      vertex -45.2214 -2.82881 5.8
    endloop
  endfacet
  facet normal -0.729805 -0.683655 0
    outer loop
      vertex -41.253 -10.253 5
      vertex -41.9017 -9.56051 5.8
      vertex -41.9017 -9.56051 5
    endloop
  endfacet
  facet normal -0.729805 -0.683655 0
    outer loop
      vertex -41.9017 -9.56051 5.8
      vertex -41.253 -10.253 5
      vertex -41.253 -10.253 5.8
    endloop
  endfacet
  facet normal 0.352232 -0.935913 0
    outer loop
      vertex -26.3391 -13.7305 5
      vertex -25.4511 -13.3963 5.8
      vertex -26.3391 -13.7305 5.8
    endloop
  endfacet
  facet normal 0.352232 -0.935913 0
    outer loop
      vertex -25.4511 -13.3963 5.8
      vertex -26.3391 -13.7305 5
      vertex -25.4511 -13.3963 5
    endloop
  endfacet
  facet normal 0.352232 0.935913 -0
    outer loop
      vertex -25.4511 13.3963 5
      vertex -26.3391 13.7305 5.8
      vertex -25.4511 13.3963 5.8
    endloop
  endfacet
  facet normal 0.352232 0.935913 0
    outer loop
      vertex -26.3391 13.7305 5.8
      vertex -25.4511 13.3963 5
      vertex -26.3391 13.7305 5
    endloop
  endfacet
  facet normal 0.68365 0.72981 -0
    outer loop
      vertex -20.747 10.253 5
      vertex -21.4395 10.9017 5.8
      vertex -20.747 10.253 5.8
    endloop
  endfacet
  facet normal 0.68365 0.72981 0
    outer loop
      vertex -21.4395 10.9017 5.8
      vertex -20.747 10.253 5
      vertex -21.4395 10.9017 5
    endloop
  endfacet
  facet normal 0.881914 0.47141 0
    outer loop
      vertex -17.9953 6.41319 5.8
      vertex -18.4426 7.25 5
      vertex -18.4426 7.25 5.8
    endloop
  endfacet
  facet normal 0.881914 0.47141 0
    outer loop
      vertex -18.4426 7.25 5
      vertex -17.9953 6.41319 5.8
      vertex -17.9953 6.41319 5
    endloop
  endfacet
  facet normal 0.634351 0.773046 -0
    outer loop
      vertex -21.4395 10.9017 5
      vertex -22.173 11.5036 5.8
      vertex -21.4395 10.9017 5.8
    endloop
  endfacet
  facet normal 0.634351 0.773046 0
    outer loop
      vertex -22.173 11.5036 5.8
      vertex -21.4395 10.9017 5
      vertex -22.173 11.5036 5
    endloop
  endfacet
  facet normal 0.935918 -0.352218 0
    outer loop
      vertex -17.6037 -5.54891 5.8
      vertex -17.2695 -4.66087 5
      vertex -17.2695 -4.66087 5.8
    endloop
  endfacet
  facet normal 0.935918 -0.352218 0
    outer loop
      vertex -17.2695 -4.66087 5
      vertex -17.6037 -5.54891 5.8
      vertex -17.6037 -5.54891 5
    endloop
  endfacet
  facet normal -0.956951 0.29025 0
    outer loop
      vertex -45.0059 3.75288 5
      vertex -44.7305 4.66087 5.8
      vertex -44.7305 4.66087 5
    endloop
  endfacet
  facet normal -0.956951 0.29025 0
    outer loop
      vertex -44.7305 4.66087 5.8
      vertex -45.0059 3.75288 5
      vertex -45.0059 3.75288 5.8
    endloop
  endfacet
  facet normal -0.935918 0.352218 0
    outer loop
      vertex -44.7305 4.66087 5
      vertex -44.3963 5.54891 5.8
      vertex -44.3963 5.54891 5
    endloop
  endfacet
  facet normal -0.935918 0.352218 0
    outer loop
      vertex -44.3963 5.54891 5.8
      vertex -44.7305 4.66087 5
      vertex -44.7305 4.66087 5.8
    endloop
  endfacet
  facet normal -0.227106 -0.97387 0
    outer loop
      vertex -34.7529 -14.0059 5
      vertex -33.8288 -14.2214 5.8
      vertex -34.7529 -14.0059 5.8
    endloop
  endfacet
  facet normal -0.227106 -0.97387 -0
    outer loop
      vertex -33.8288 -14.2214 5.8
      vertex -34.7529 -14.0059 5
      vertex -33.8288 -14.2214 5
    endloop
  endfacet
  facet normal -0.634351 0.773046 0
    outer loop
      vertex -39.827 11.5036 5
      vertex -40.5605 10.9017 5.8
      vertex -39.827 11.5036 5.8
    endloop
  endfacet
  facet normal -0.634351 0.773046 0
    outer loop
      vertex -40.5605 10.9017 5.8
      vertex -39.827 11.5036 5
      vertex -40.5605 10.9017 5
    endloop
  endfacet
  facet normal -0.0326726 -0.999466 0
    outer loop
      vertex -31.9483 -14.469 5
      vertex -31 -14.5 5.8
      vertex -31.9483 -14.469 5.8
    endloop
  endfacet
  facet normal -0.0326726 -0.999466 -0
    outer loop
      vertex -31 -14.5 5.8
      vertex -31.9483 -14.469 5
      vertex -31 -14.5 5
    endloop
  endfacet
  facet normal -0.290247 0.956952 0
    outer loop
      vertex -34.7529 14.0059 5
      vertex -35.6609 13.7305 5.8
      vertex -34.7529 14.0059 5.8
    endloop
  endfacet
  facet normal -0.290247 0.956952 0
    outer loop
      vertex -35.6609 13.7305 5.8
      vertex -34.7529 14.0059 5
      vertex -35.6609 13.7305 5
    endloop
  endfacet
  facet normal 0.412699 0.910867 -0
    outer loop
      vertex -24.5868 13.0047 5
      vertex -25.4511 13.3963 5.8
      vertex -24.5868 13.0047 5.8
    endloop
  endfacet
  facet normal 0.412699 0.910867 0
    outer loop
      vertex -25.4511 13.3963 5.8
      vertex -24.5868 13.0047 5
      vertex -25.4511 13.3963 5
    endloop
  endfacet
  facet normal 0.729805 0.683655 0
    outer loop
      vertex -20.0983 9.56051 5.8
      vertex -20.747 10.253 5
      vertex -20.747 10.253 5.8
    endloop
  endfacet
  facet normal 0.729805 0.683655 0
    outer loop
      vertex -20.747 10.253 5
      vertex -20.0983 9.56051 5.8
      vertex -20.0983 9.56051 5
    endloop
  endfacet
  facet normal -0.999466 0.0326711 0
    outer loop
      vertex -45.5 0 5
      vertex -45.469 0.948345 5.8
      vertex -45.469 0.948345 5
    endloop
  endfacet
  facet normal -0.999466 0.0326711 0
    outer loop
      vertex -45.469 0.948345 5.8
      vertex -45.5 0 5
      vertex -45.5 0 5.8
    endloop
  endfacet
  facet normal 0.986654 0.16283 0
    outer loop
      vertex -16.6241 1.89263 5.8
      vertex -16.7786 2.82881 5
      vertex -16.7786 2.82881 5.8
    endloop
  endfacet
  facet normal 0.986654 0.16283 0
    outer loop
      vertex -16.7786 2.82881 5
      vertex -16.6241 1.89263 5.8
      vertex -16.6241 1.89263 5
    endloop
  endfacet
  facet normal -0.995175 0.0981174 0
    outer loop
      vertex -45.469 0.948345 5
      vertex -45.3759 1.89263 5.8
      vertex -45.3759 1.89263 5
    endloop
  endfacet
  facet normal -0.995175 0.0981174 0
    outer loop
      vertex -45.3759 1.89263 5.8
      vertex -45.469 0.948345 5
      vertex -45.469 0.948345 5.8
    endloop
  endfacet
  facet normal -0.773033 0.634366 0
    outer loop
      vertex -42.5036 8.82704 5
      vertex -41.9017 9.56051 5.8
      vertex -41.9017 9.56051 5
    endloop
  endfacet
  facet normal -0.773033 0.634366 0
    outer loop
      vertex -41.9017 9.56051 5.8
      vertex -42.5036 8.82704 5
      vertex -42.5036 8.82704 5.8
    endloop
  endfacet
  facet normal 0.162826 -0.986655 0
    outer loop
      vertex -29.1074 -14.3759 5
      vertex -28.1712 -14.2214 5.8
      vertex -29.1074 -14.3759 5.8
    endloop
  endfacet
  facet normal 0.162826 -0.986655 0
    outer loop
      vertex -28.1712 -14.2214 5.8
      vertex -29.1074 -14.3759 5
      vertex -28.1712 -14.2214 5
    endloop
  endfacet
  facet normal -0.290247 -0.956952 0
    outer loop
      vertex -35.6609 -13.7305 5
      vertex -34.7529 -14.0059 5.8
      vertex -35.6609 -13.7305 5.8
    endloop
  endfacet
  facet normal -0.290247 -0.956952 -0
    outer loop
      vertex -34.7529 -14.0059 5.8
      vertex -35.6609 -13.7305 5
      vertex -34.7529 -14.0059 5
    endloop
  endfacet
  facet normal -0.881914 0.47141 0
    outer loop
      vertex -44.0047 6.41319 5
      vertex -43.5574 7.25 5.8
      vertex -43.5574 7.25 5
    endloop
  endfacet
  facet normal -0.881914 0.47141 0
    outer loop
      vertex -43.5574 7.25 5.8
      vertex -44.0047 6.41319 5
      vertex -44.0047 6.41319 5.8
    endloop
  endfacet
  facet normal 0.412699 -0.910867 0
    outer loop
      vertex -25.4511 -13.3963 5
      vertex -24.5868 -13.0047 5.8
      vertex -25.4511 -13.3963 5.8
    endloop
  endfacet
  facet normal 0.412699 -0.910867 0
    outer loop
      vertex -24.5868 -13.0047 5.8
      vertex -25.4511 -13.3963 5
      vertex -24.5868 -13.0047 5
    endloop
  endfacet
  facet normal -0.162826 -0.986655 0
    outer loop
      vertex -33.8288 -14.2214 5
      vertex -32.8926 -14.3759 5.8
      vertex -33.8288 -14.2214 5.8
    endloop
  endfacet
  facet normal -0.162826 -0.986655 -0
    outer loop
      vertex -32.8926 -14.3759 5.8
      vertex -33.8288 -14.2214 5
      vertex -32.8926 -14.3759 5
    endloop
  endfacet
  facet normal -0.773033 -0.634366 0
    outer loop
      vertex -41.9017 -9.56051 5
      vertex -42.5036 -8.82704 5.8
      vertex -42.5036 -8.82704 5
    endloop
  endfacet
  facet normal -0.773033 -0.634366 0
    outer loop
      vertex -42.5036 -8.82704 5.8
      vertex -41.9017 -9.56051 5
      vertex -41.9017 -9.56051 5.8
    endloop
  endfacet
  facet normal 0.582524 -0.812814 0
    outer loop
      vertex -22.9442 -12.0563 5
      vertex -22.173 -11.5036 5.8
      vertex -22.9442 -12.0563 5.8
    endloop
  endfacet
  facet normal 0.582524 -0.812814 0
    outer loop
      vertex -22.173 -11.5036 5.8
      vertex -22.9442 -12.0563 5
      vertex -22.173 -11.5036 5
    endloop
  endfacet
  facet normal 0.162826 0.986655 -0
    outer loop
      vertex -28.1712 14.2214 5
      vertex -29.1074 14.3759 5.8
      vertex -28.1712 14.2214 5.8
    endloop
  endfacet
  facet normal 0.162826 0.986655 0
    outer loop
      vertex -29.1074 14.3759 5.8
      vertex -28.1712 14.2214 5
      vertex -29.1074 14.3759 5
    endloop
  endfacet
  facet normal 0.290247 -0.956952 0
    outer loop
      vertex -27.2471 -14.0059 5
      vertex -26.3391 -13.7305 5.8
      vertex -27.2471 -14.0059 5.8
    endloop
  endfacet
  facet normal 0.290247 -0.956952 0
    outer loop
      vertex -26.3391 -13.7305 5.8
      vertex -27.2471 -14.0059 5
      vertex -26.3391 -13.7305 5
    endloop
  endfacet
  facet normal -0.956951 -0.29025 0
    outer loop
      vertex -44.7305 -4.66087 5
      vertex -45.0059 -3.75288 5.8
      vertex -45.0059 -3.75288 5
    endloop
  endfacet
  facet normal -0.956951 -0.29025 0
    outer loop
      vertex -45.0059 -3.75288 5.8
      vertex -44.7305 -4.66087 5
      vertex -44.7305 -4.66087 5.8
    endloop
  endfacet
  facet normal -0.910864 -0.412707 0
    outer loop
      vertex -44.0047 -6.41319 5
      vertex -44.3963 -5.54891 5.8
      vertex -44.3963 -5.54891 5
    endloop
  endfacet
  facet normal -0.910864 -0.412707 0
    outer loop
      vertex -44.3963 -5.54891 5.8
      vertex -44.0047 -6.41319 5
      vertex -44.0047 -6.41319 5.8
    endloop
  endfacet
  facet normal -0.729805 0.683655 0
    outer loop
      vertex -41.9017 9.56051 5
      vertex -41.253 10.253 5.8
      vertex -41.253 10.253 5
    endloop
  endfacet
  facet normal -0.729805 0.683655 0
    outer loop
      vertex -41.253 10.253 5.8
      vertex -41.9017 9.56051 5
      vertex -41.9017 9.56051 5.8
    endloop
  endfacet
  facet normal 0.973868 -0.227113 0
    outer loop
      vertex -16.9941 -3.75288 5.8
      vertex -16.7786 -2.82881 5
      vertex -16.7786 -2.82881 5.8
    endloop
  endfacet
  facet normal 0.973868 -0.227113 0
    outer loop
      vertex -16.7786 -2.82881 5
      vertex -16.9941 -3.75288 5.8
      vertex -16.9941 -3.75288 5
    endloop
  endfacet
  facet normal 0.986654 -0.16283 0
    outer loop
      vertex -16.7786 -2.82881 5.8
      vertex -16.6241 -1.89263 5
      vertex -16.6241 -1.89263 5.8
    endloop
  endfacet
  facet normal 0.986654 -0.16283 0
    outer loop
      vertex -16.6241 -1.89263 5
      vertex -16.7786 -2.82881 5.8
      vertex -16.7786 -2.82881 5
    endloop
  endfacet
  facet normal -0.973868 0.227113 0
    outer loop
      vertex -45.2214 2.82881 5
      vertex -45.0059 3.75288 5.8
      vertex -45.0059 3.75288 5
    endloop
  endfacet
  facet normal -0.973868 0.227113 0
    outer loop
      vertex -45.0059 3.75288 5.8
      vertex -45.2214 2.82881 5
      vertex -45.2214 2.82881 5.8
    endloop
  endfacet
  facet normal 0 0 1
    outer loop
      vertex -20.15 0 5.8
      vertex -16.5 0 5.8
      vertex -16.531 0.948345 5.8
    endloop
  endfacet
  facet normal 0 0 1
    outer loop
      vertex -20.1732 0.709623 5.8
      vertex -16.531 0.948345 5.8
      vertex -16.6241 1.89263 5.8
    endloop
  endfacet
  facet normal 0 0 1
    outer loop
      vertex -16.5 0 5.8
      vertex -20.15 0 5.8
      vertex -16.531 -0.948345 5.8
    endloop
  endfacet
  facet normal 0 0 1
    outer loop
      vertex -20.2428 1.41621 5.8
      vertex -16.6241 1.89263 5.8
      vertex -16.7786 2.82881 5.8
    endloop
  endfacet
  facet normal -0 0 1
    outer loop
      vertex -20.1732 -0.709623 5.8
      vertex -16.531 -0.948345 5.8
      vertex -20.15 0 5.8
    endloop
  endfacet
  facet normal 0 0 1
    outer loop
      vertex -20.3585 2.11673 5.8
      vertex -16.7786 2.82881 5.8
      vertex -16.9941 3.75288 5.8
    endloop
  endfacet
  facet normal 0 0 1
    outer loop
      vertex -16.531 -0.948345 5.8
      vertex -20.1732 -0.709623 5.8
      vertex -16.6241 -1.89263 5.8
    endloop
  endfacet
  facet normal 0 0 1
    outer loop
      vertex -20.5197 2.80819 5.8
      vertex -16.9941 3.75288 5.8
      vertex -17.2695 4.66087 5.8
    endloop
  endfacet
  facet normal -0 0 1
    outer loop
      vertex -20.2428 -1.41621 5.8
      vertex -16.6241 -1.89263 5.8
      vertex -20.1732 -0.709623 5.8
    endloop
  endfacet
  facet normal 0 0 1
    outer loop
      vertex -20.7258 3.48762 5.8
      vertex -17.2695 4.66087 5.8
      vertex -17.6037 5.54891 5.8
    endloop
  endfacet
  facet normal 0 0 1
    outer loop
      vertex -16.6241 -1.89263 5.8
      vertex -20.2428 -1.41621 5.8
      vertex -16.7786 -2.82881 5.8
    endloop
  endfacet
  facet normal 0 0 1
    outer loop
      vertex -20.9759 4.15211 5.8
      vertex -17.6037 5.54891 5.8
      vertex -17.9953 6.41319 5.8
    endloop
  endfacet
  facet normal -0 0 1
    outer loop
      vertex -20.3585 -2.11673 5.8
      vertex -16.7786 -2.82881 5.8
      vertex -20.2428 -1.41621 5.8
    endloop
  endfacet
  facet normal 0 0 1
    outer loop
      vertex -21.2689 4.79883 5.8
      vertex -17.9953 6.41319 5.8
      vertex -18.4426 7.25 5.8
    endloop
  endfacet
  facet normal 0 0 1
    outer loop
      vertex -16.7786 -2.82881 5.8
      vertex -20.3585 -2.11673 5.8
      vertex -16.9941 -3.75288 5.8
    endloop
  endfacet
  facet normal 0 0 1
    outer loop
      vertex -21.6036 5.425 5.8
      vertex -18.4426 7.25 5.8
      vertex -18.9437 8.05577 5.8
    endloop
  endfacet
  facet normal -0 0 1
    outer loop
      vertex -20.5197 -2.80819 5.8
      vertex -16.9941 -3.75288 5.8
      vertex -20.3585 -2.11673 5.8
    endloop
  endfacet
  facet normal 0 0 1
    outer loop
      vertex -21.9786 6.02794 5.8
      vertex -18.9437 8.05577 5.8
      vertex -19.4964 8.82704 5.8
    endloop
  endfacet
  facet normal 0 0 1
    outer loop
      vertex -16.9941 -3.75288 5.8
      vertex -20.5197 -2.80819 5.8
      vertex -17.2695 -4.66087 5.8
    endloop
  endfacet
  facet normal 0 0 1
    outer loop
      vertex -22.3921 6.60506 5.8
      vertex -19.4964 8.82704 5.8
      vertex -20.0983 9.56051 5.8
    endloop
  endfacet
  facet normal -0 0 1
    outer loop
      vertex -20.7258 -3.48762 5.8
      vertex -17.2695 -4.66087 5.8
      vertex -20.5197 -2.80819 5.8
    endloop
  endfacet
  facet normal 0 0 1
    outer loop
      vertex -17.2695 -4.66087 5.8
      vertex -20.7258 -3.48762 5.8
      vertex -17.6037 -5.54891 5.8
    endloop
  endfacet
  facet normal 0 0 1
    outer loop
      vertex -16.531 0.948345 5.8
      vertex -20.1732 0.709623 5.8
      vertex -20.15 0 5.8
    endloop
  endfacet
  facet normal 0 0 1
    outer loop
      vertex -16.6241 1.89263 5.8
      vertex -20.2428 1.41621 5.8
      vertex -20.1732 0.709623 5.8
    endloop
  endfacet
  facet normal 0 0 1
    outer loop
      vertex -16.7786 2.82881 5.8
      vertex -20.3585 2.11673 5.8
      vertex -20.2428 1.41621 5.8
    endloop
  endfacet
  facet normal 0 0 1
    outer loop
      vertex -16.9941 3.75288 5.8
      vertex -20.5197 2.80819 5.8
      vertex -20.3585 2.11673 5.8
    endloop
  endfacet
  facet normal 0 0 1
    outer loop
      vertex -17.2695 4.66087 5.8
      vertex -20.7258 3.48762 5.8
      vertex -20.5197 2.80819 5.8
    endloop
  endfacet
  facet normal 0 0 1
    outer loop
      vertex -22.8425 7.1539 5.8
      vertex -20.0983 9.56051 5.8
      vertex -20.747 10.253 5.8
    endloop
  endfacet
  facet normal 0 0 1
    outer loop
      vertex -17.6037 5.54891 5.8
      vertex -20.9759 4.15211 5.8
      vertex -20.7258 3.48762 5.8
    endloop
  endfacet
  facet normal 0 0 1
    outer loop
      vertex -17.9953 6.41319 5.8
      vertex -21.2689 4.79883 5.8
      vertex -20.9759 4.15211 5.8
    endloop
  endfacet
  facet normal 0 0 1
    outer loop
      vertex -23.3279 7.67211 5.8
      vertex -20.747 10.253 5.8
      vertex -21.4395 10.9017 5.8
    endloop
  endfacet
  facet normal 0 0 1
    outer loop
      vertex -18.4426 7.25 5.8
      vertex -21.6036 5.425 5.8
      vertex -21.2689 4.79883 5.8
    endloop
  endfacet
  facet normal 0 0 1
    outer loop
      vertex -18.9437 8.05577 5.8
      vertex -21.9786 6.02794 5.8
      vertex -21.6036 5.425 5.8
    endloop
  endfacet
  facet normal 0 0 1
    outer loop
      vertex -23.8461 8.15746 5.8
      vertex -21.4395 10.9017 5.8
      vertex -22.173 11.5036 5.8
    endloop
  endfacet
  facet normal 0 0 1
    outer loop
      vertex -19.4964 8.82704 5.8
      vertex -22.3921 6.60506 5.8
      vertex -21.9786 6.02794 5.8
    endloop
  endfacet
  facet normal 0 0 1
    outer loop
      vertex -20.0983 9.56051 5.8
      vertex -22.8425 7.1539 5.8
      vertex -22.3921 6.60506 5.8
    endloop
  endfacet
  facet normal 0 0 1
    outer loop
      vertex -24.3949 8.60788 5.8
      vertex -22.173 11.5036 5.8
      vertex -22.9442 12.0563 5.8
    endloop
  endfacet
  facet normal 0 0 1
    outer loop
      vertex -20.747 10.253 5.8
      vertex -23.3279 7.67211 5.8
      vertex -22.8425 7.1539 5.8
    endloop
  endfacet
  facet normal 0 0 1
    outer loop
      vertex -24.9721 9.02145 5.8
      vertex -22.9442 12.0563 5.8
      vertex -23.75 12.5574 5.8
    endloop
  endfacet
  facet normal 0 0 1
    outer loop
      vertex -21.4395 10.9017 5.8
      vertex -23.8461 8.15746 5.8
      vertex -23.3279 7.67211 5.8
    endloop
  endfacet
  facet normal 0 0 1
    outer loop
      vertex -22.173 11.5036 5.8
      vertex -24.3949 8.60788 5.8
      vertex -23.8461 8.15746 5.8
    endloop
  endfacet
  facet normal 0 0 1
    outer loop
      vertex -25.575 9.39637 5.8
      vertex -23.75 12.5574 5.8
      vertex -24.5868 13.0047 5.8
    endloop
  endfacet
  facet normal 0 0 1
    outer loop
      vertex -22.9442 12.0563 5.8
      vertex -24.9721 9.02145 5.8
      vertex -24.3949 8.60788 5.8
    endloop
  endfacet
  facet normal 0 0 1
    outer loop
      vertex -26.2012 9.73107 5.8
      vertex -24.5868 13.0047 5.8
      vertex -25.4511 13.3963 5.8
    endloop
  endfacet
  facet normal 0 0 1
    outer loop
      vertex -23.75 12.5574 5.8
      vertex -25.575 9.39637 5.8
      vertex -24.9721 9.02145 5.8
    endloop
  endfacet
  facet normal 0 0 1
    outer loop
      vertex -24.5868 13.0047 5.8
      vertex -26.2012 9.73107 5.8
      vertex -25.575 9.39637 5.8
    endloop
  endfacet
  facet normal 0 0 1
    outer loop
      vertex -26.8479 10.0241 5.8
      vertex -25.4511 13.3963 5.8
      vertex -26.3391 13.7305 5.8
    endloop
  endfacet
  facet normal 0 0 1
    outer loop
      vertex -25.4511 13.3963 5.8
      vertex -26.8479 10.0241 5.8
      vertex -26.2012 9.73107 5.8
    endloop
  endfacet
  facet normal 0 0 1
    outer loop
      vertex -27.5124 10.2742 5.8
      vertex -26.3391 13.7305 5.8
      vertex -27.2471 14.0059 5.8
    endloop
  endfacet
  facet normal 0 0 1
    outer loop
      vertex -26.3391 13.7305 5.8
      vertex -27.5124 10.2742 5.8
      vertex -26.8479 10.0241 5.8
    endloop
  endfacet
  facet normal 0 0 1
    outer loop
      vertex -28.1918 10.4803 5.8
      vertex -27.2471 14.0059 5.8
      vertex -28.1712 14.2214 5.8
    endloop
  endfacet
  facet normal 0 0 1
    outer loop
      vertex -27.2471 14.0059 5.8
      vertex -28.1918 10.4803 5.8
      vertex -27.5124 10.2742 5.8
    endloop
  endfacet
  facet normal 0 0 1
    outer loop
      vertex -28.1712 14.2214 5.8
      vertex -28.8833 10.6415 5.8
      vertex -28.1918 10.4803 5.8
    endloop
  endfacet
  facet normal 0 0 1
    outer loop
      vertex -29.1074 14.3759 5.8
      vertex -28.8833 10.6415 5.8
      vertex -28.1712 14.2214 5.8
    endloop
  endfacet
  facet normal 0 0 1
    outer loop
      vertex -29.1074 14.3759 5.8
      vertex -29.5838 10.7572 5.8
      vertex -28.8833 10.6415 5.8
    endloop
  endfacet
  facet normal 0 0 1
    outer loop
      vertex -30.0517 14.469 5.8
      vertex -29.5838 10.7572 5.8
      vertex -29.1074 14.3759 5.8
    endloop
  endfacet
  facet normal 0 0 1
    outer loop
      vertex -30.0517 14.469 5.8
      vertex -30.2904 10.8268 5.8
      vertex -29.5838 10.7572 5.8
    endloop
  endfacet
  facet normal 0 0 1
    outer loop
      vertex -31 14.5 5.8
      vertex -30.2904 10.8268 5.8
      vertex -30.0517 14.469 5.8
    endloop
  endfacet
  facet normal 0 0 1
    outer loop
      vertex -31 14.5 5.8
      vertex -31 10.85 5.8
      vertex -30.2904 10.8268 5.8
    endloop
  endfacet
  facet normal 0 0 1
    outer loop
      vertex -31 14.5 5.8
      vertex -31.7096 10.8268 5.8
      vertex -31 10.85 5.8
    endloop
  endfacet
  facet normal -0 0 1
    outer loop
      vertex -31.9483 14.469 5.8
      vertex -31.7096 10.8268 5.8
      vertex -31 14.5 5.8
    endloop
  endfacet
  facet normal 0 0 1
    outer loop
      vertex -31.9483 14.469 5.8
      vertex -32.4162 10.7572 5.8
      vertex -31.7096 10.8268 5.8
    endloop
  endfacet
  facet normal -0 0 1
    outer loop
      vertex -32.8926 14.3759 5.8
      vertex -32.4162 10.7572 5.8
      vertex -31.9483 14.469 5.8
    endloop
  endfacet
  facet normal 0 0 1
    outer loop
      vertex -32.8926 14.3759 5.8
      vertex -33.1167 10.6415 5.8
      vertex -32.4162 10.7572 5.8
    endloop
  endfacet
  facet normal -0 0 1
    outer loop
      vertex -33.8288 14.2214 5.8
      vertex -33.1167 10.6415 5.8
      vertex -32.8926 14.3759 5.8
    endloop
  endfacet
  facet normal 0 0 1
    outer loop
      vertex -33.1167 10.6415 5.8
      vertex -33.8288 14.2214 5.8
      vertex -33.8082 10.4803 5.8
    endloop
  endfacet
  facet normal -0 0 1
    outer loop
      vertex -34.7529 14.0059 5.8
      vertex -33.8082 10.4803 5.8
      vertex -33.8288 14.2214 5.8
    endloop
  endfacet
  facet normal 0 0 1
    outer loop
      vertex -33.8082 10.4803 5.8
      vertex -34.7529 14.0059 5.8
      vertex -34.4876 10.2742 5.8
    endloop
  endfacet
  facet normal -0 0 1
    outer loop
      vertex -35.6609 13.7305 5.8
      vertex -34.4876 10.2742 5.8
      vertex -34.7529 14.0059 5.8
    endloop
  endfacet
  facet normal 0 0 1
    outer loop
      vertex -34.4876 10.2742 5.8
      vertex -35.6609 13.7305 5.8
      vertex -35.1521 10.0241 5.8
    endloop
  endfacet
  facet normal -0 0 1
    outer loop
      vertex -36.5489 13.3963 5.8
      vertex -35.1521 10.0241 5.8
      vertex -35.6609 13.7305 5.8
    endloop
  endfacet
  facet normal 0 0 1
    outer loop
      vertex -35.1521 10.0241 5.8
      vertex -36.5489 13.3963 5.8
      vertex -35.7988 9.73107 5.8
    endloop
  endfacet
  facet normal -0 0 1
    outer loop
      vertex -37.4132 13.0047 5.8
      vertex -35.7988 9.73107 5.8
      vertex -36.5489 13.3963 5.8
    endloop
  endfacet
  facet normal 0 0 1
    outer loop
      vertex -35.7988 9.73107 5.8
      vertex -37.4132 13.0047 5.8
      vertex -36.425 9.39637 5.8
    endloop
  endfacet
  facet normal -0 0 1
    outer loop
      vertex -38.25 12.5574 5.8
      vertex -36.425 9.39637 5.8
      vertex -37.4132 13.0047 5.8
    endloop
  endfacet
  facet normal 0 0 1
    outer loop
      vertex -36.425 9.39637 5.8
      vertex -38.25 12.5574 5.8
      vertex -37.0279 9.02145 5.8
    endloop
  endfacet
  facet normal -0 0 1
    outer loop
      vertex -39.0558 12.0563 5.8
      vertex -37.0279 9.02145 5.8
      vertex -38.25 12.5574 5.8
    endloop
  endfacet
  facet normal 0 0 1
    outer loop
      vertex -37.0279 9.02145 5.8
      vertex -39.0558 12.0563 5.8
      vertex -37.6051 8.60788 5.8
    endloop
  endfacet
  facet normal -0 0 1
    outer loop
      vertex -39.827 11.5036 5.8
      vertex -37.6051 8.60788 5.8
      vertex -39.0558 12.0563 5.8
    endloop
  endfacet
  facet normal 0 0 1
    outer loop
      vertex -37.6051 8.60788 5.8
      vertex -39.827 11.5036 5.8
      vertex -38.1539 8.15746 5.8
    endloop
  endfacet
  facet normal -0 0 1
    outer loop
      vertex -40.5605 10.9017 5.8
      vertex -38.1539 8.15746 5.8
      vertex -39.827 11.5036 5.8
    endloop
  endfacet
  facet normal 0 0 1
    outer loop
      vertex -38.1539 8.15746 5.8
      vertex -40.5605 10.9017 5.8
      vertex -38.6721 7.67211 5.8
    endloop
  endfacet
  facet normal -0 0 1
    outer loop
      vertex -41.253 10.253 5.8
      vertex -38.6721 7.67211 5.8
      vertex -40.5605 10.9017 5.8
    endloop
  endfacet
  facet normal 0 0 1
    outer loop
      vertex -38.6721 7.67211 5.8
      vertex -41.253 10.253 5.8
      vertex -39.1575 7.1539 5.8
    endloop
  endfacet
  facet normal -0 0 1
    outer loop
      vertex -41.9017 9.56051 5.8
      vertex -39.1575 7.1539 5.8
      vertex -41.253 10.253 5.8
    endloop
  endfacet
  facet normal 0 0 1
    outer loop
      vertex -39.1575 7.1539 5.8
      vertex -41.9017 9.56051 5.8
      vertex -39.6079 6.60506 5.8
    endloop
  endfacet
  facet normal -0 0 1
    outer loop
      vertex -42.5036 8.82704 5.8
      vertex -39.6079 6.60506 5.8
      vertex -41.9017 9.56051 5.8
    endloop
  endfacet
  facet normal 0 0 1
    outer loop
      vertex -39.6079 6.60506 5.8
      vertex -42.5036 8.82704 5.8
      vertex -40.0214 6.02794 5.8
    endloop
  endfacet
  facet normal -0 0 1
    outer loop
      vertex -43.0563 8.05577 5.8
      vertex -40.0214 6.02794 5.8
      vertex -42.5036 8.82704 5.8
    endloop
  endfacet
  facet normal 0 0 1
    outer loop
      vertex -40.0214 6.02794 5.8
      vertex -43.0563 8.05577 5.8
      vertex -40.3964 5.425 5.8
    endloop
  endfacet
  facet normal -0 0 1
    outer loop
      vertex -43.5574 7.25 5.8
      vertex -40.3964 5.425 5.8
      vertex -43.0563 8.05577 5.8
    endloop
  endfacet
  facet normal 0 0 1
    outer loop
      vertex -40.3964 5.425 5.8
      vertex -43.5574 7.25 5.8
      vertex -40.7311 4.79883 5.8
    endloop
  endfacet
  facet normal -0 0 1
    outer loop
      vertex -44.0047 6.41319 5.8
      vertex -40.7311 4.79883 5.8
      vertex -43.5574 7.25 5.8
    endloop
  endfacet
  facet normal 0 0 1
    outer loop
      vertex -40.7311 4.79883 5.8
      vertex -44.0047 6.41319 5.8
      vertex -41.0241 4.15211 5.8
    endloop
  endfacet
  facet normal 0 0 1
    outer loop
      vertex -41.0241 4.15211 5.8
      vertex -44.3963 5.54891 5.8
      vertex -41.2742 3.48762 5.8
    endloop
  endfacet
  facet normal -0 0 1
    outer loop
      vertex -44.3963 5.54891 5.8
      vertex -41.0241 4.15211 5.8
      vertex -44.0047 6.41319 5.8
    endloop
  endfacet
  facet normal -0 0 1
    outer loop
      vertex -20.9759 -4.15211 5.8
      vertex -17.6037 -5.54891 5.8
      vertex -20.7258 -3.48762 5.8
    endloop
  endfacet
  facet normal 0 0 1
    outer loop
      vertex -17.6037 -5.54891 5.8
      vertex -20.9759 -4.15211 5.8
      vertex -17.9953 -6.41319 5.8
    endloop
  endfacet
  facet normal -0 0 1
    outer loop
      vertex -21.2689 -4.79883 5.8
      vertex -17.9953 -6.41319 5.8
      vertex -20.9759 -4.15211 5.8
    endloop
  endfacet
  facet normal 0 0 1
    outer loop
      vertex -17.9953 -6.41319 5.8
      vertex -21.2689 -4.79883 5.8
      vertex -18.4426 -7.25 5.8
    endloop
  endfacet
  facet normal -0 0 1
    outer loop
      vertex -21.6036 -5.425 5.8
      vertex -18.4426 -7.25 5.8
      vertex -21.2689 -4.79883 5.8
    endloop
  endfacet
  facet normal 0 0 1
    outer loop
      vertex -18.4426 -7.25 5.8
      vertex -21.6036 -5.425 5.8
      vertex -18.9437 -8.05577 5.8
    endloop
  endfacet
  facet normal -0 0 1
    outer loop
      vertex -21.9786 -6.02794 5.8
      vertex -18.9437 -8.05577 5.8
      vertex -21.6036 -5.425 5.8
    endloop
  endfacet
  facet normal 0 0 1
    outer loop
      vertex -18.9437 -8.05577 5.8
      vertex -21.9786 -6.02794 5.8
      vertex -19.4964 -8.82704 5.8
    endloop
  endfacet
  facet normal -0 0 1
    outer loop
      vertex -22.3921 -6.60506 5.8
      vertex -19.4964 -8.82704 5.8
      vertex -21.9786 -6.02794 5.8
    endloop
  endfacet
  facet normal 0 0 1
    outer loop
      vertex -19.4964 -8.82704 5.8
      vertex -22.3921 -6.60506 5.8
      vertex -20.0983 -9.56051 5.8
    endloop
  endfacet
  facet normal -0 0 1
    outer loop
      vertex -22.8425 -7.1539 5.8
      vertex -20.0983 -9.56051 5.8
      vertex -22.3921 -6.60506 5.8
    endloop
  endfacet
  facet normal 0 0 1
    outer loop
      vertex -20.0983 -9.56051 5.8
      vertex -22.8425 -7.1539 5.8
      vertex -20.747 -10.253 5.8
    endloop
  endfacet
  facet normal -0 0 1
    outer loop
      vertex -23.3279 -7.67211 5.8
      vertex -20.747 -10.253 5.8
      vertex -22.8425 -7.1539 5.8
    endloop
  endfacet
  facet normal 0 0 1
    outer loop
      vertex -20.747 -10.253 5.8
      vertex -23.3279 -7.67211 5.8
      vertex -21.4395 -10.9017 5.8
    endloop
  endfacet
  facet normal -0 0 1
    outer loop
      vertex -23.8461 -8.15746 5.8
      vertex -21.4395 -10.9017 5.8
      vertex -23.3279 -7.67211 5.8
    endloop
  endfacet
  facet normal 0 0 1
    outer loop
      vertex -21.4395 -10.9017 5.8
      vertex -23.8461 -8.15746 5.8
      vertex -22.173 -11.5036 5.8
    endloop
  endfacet
  facet normal -0 0 1
    outer loop
      vertex -24.3949 -8.60788 5.8
      vertex -22.173 -11.5036 5.8
      vertex -23.8461 -8.15746 5.8
    endloop
  endfacet
  facet normal 0 0 1
    outer loop
      vertex -22.173 -11.5036 5.8
      vertex -24.3949 -8.60788 5.8
      vertex -22.9442 -12.0563 5.8
    endloop
  endfacet
  facet normal -0 0 1
    outer loop
      vertex -24.9721 -9.02145 5.8
      vertex -22.9442 -12.0563 5.8
      vertex -24.3949 -8.60788 5.8
    endloop
  endfacet
  facet normal 0 0 1
    outer loop
      vertex -22.9442 -12.0563 5.8
      vertex -24.9721 -9.02145 5.8
      vertex -23.75 -12.5574 5.8
    endloop
  endfacet
  facet normal -0 0 1
    outer loop
      vertex -25.575 -9.39637 5.8
      vertex -23.75 -12.5574 5.8
      vertex -24.9721 -9.02145 5.8
    endloop
  endfacet
  facet normal 0 0 1
    outer loop
      vertex -23.75 -12.5574 5.8
      vertex -25.575 -9.39637 5.8
      vertex -24.5868 -13.0047 5.8
    endloop
  endfacet
  facet normal -0 0 1
    outer loop
      vertex -26.2012 -9.73107 5.8
      vertex -24.5868 -13.0047 5.8
      vertex -25.575 -9.39637 5.8
    endloop
  endfacet
  facet normal 0 0 1
    outer loop
      vertex -24.5868 -13.0047 5.8
      vertex -26.2012 -9.73107 5.8
      vertex -25.4511 -13.3963 5.8
    endloop
  endfacet
  facet normal -0 0 1
    outer loop
      vertex -26.8479 -10.0241 5.8
      vertex -25.4511 -13.3963 5.8
      vertex -26.2012 -9.73107 5.8
    endloop
  endfacet
  facet normal 0 0 1
    outer loop
      vertex -25.4511 -13.3963 5.8
      vertex -26.8479 -10.0241 5.8
      vertex -26.3391 -13.7305 5.8
    endloop
  endfacet
  facet normal -0 0 1
    outer loop
      vertex -27.5124 -10.2742 5.8
      vertex -26.3391 -13.7305 5.8
      vertex -26.8479 -10.0241 5.8
    endloop
  endfacet
  facet normal 0 0 1
    outer loop
      vertex -26.3391 -13.7305 5.8
      vertex -27.5124 -10.2742 5.8
      vertex -27.2471 -14.0059 5.8
    endloop
  endfacet
  facet normal -0 0 1
    outer loop
      vertex -28.1918 -10.4803 5.8
      vertex -27.2471 -14.0059 5.8
      vertex -27.5124 -10.2742 5.8
    endloop
  endfacet
  facet normal 0 0 1
    outer loop
      vertex -27.2471 -14.0059 5.8
      vertex -28.1918 -10.4803 5.8
      vertex -28.1712 -14.2214 5.8
    endloop
  endfacet
  facet normal -0 0 1
    outer loop
      vertex -28.8833 -10.6415 5.8
      vertex -28.1712 -14.2214 5.8
      vertex -28.1918 -10.4803 5.8
    endloop
  endfacet
  facet normal 0 0 1
    outer loop
      vertex -28.8833 -10.6415 5.8
      vertex -29.1074 -14.3759 5.8
      vertex -28.1712 -14.2214 5.8
    endloop
  endfacet
  facet normal -0 0 1
    outer loop
      vertex -29.5838 -10.7572 5.8
      vertex -29.1074 -14.3759 5.8
      vertex -28.8833 -10.6415 5.8
    endloop
  endfacet
  facet normal 0 0 1
    outer loop
      vertex -29.5838 -10.7572 5.8
      vertex -30.0517 -14.469 5.8
      vertex -29.1074 -14.3759 5.8
    endloop
  endfacet
  facet normal -0 0 1
    outer loop
      vertex -30.2904 -10.8268 5.8
      vertex -30.0517 -14.469 5.8
      vertex -29.5838 -10.7572 5.8
    endloop
  endfacet
  facet normal -0 0 1
    outer loop
      vertex -31 -10.85 5.8
      vertex -30.0517 -14.469 5.8
      vertex -30.2904 -10.8268 5.8
    endloop
  endfacet
  facet normal 0 0 1
    outer loop
      vertex -31 -10.85 5.8
      vertex -31 -14.5 5.8
      vertex -30.0517 -14.469 5.8
    endloop
  endfacet
  facet normal 0 0 1
    outer loop
      vertex -31.7096 -10.8268 5.8
      vertex -31 -14.5 5.8
      vertex -31 -10.85 5.8
    endloop
  endfacet
  facet normal 0 0 1
    outer loop
      vertex -31.7096 -10.8268 5.8
      vertex -31.9483 -14.469 5.8
      vertex -31 -14.5 5.8
    endloop
  endfacet
  facet normal 0 0 1
    outer loop
      vertex -32.4162 -10.7572 5.8
      vertex -31.9483 -14.469 5.8
      vertex -31.7096 -10.8268 5.8
    endloop
  endfacet
  facet normal 0 0 1
    outer loop
      vertex -32.4162 -10.7572 5.8
      vertex -32.8926 -14.3759 5.8
      vertex -31.9483 -14.469 5.8
    endloop
  endfacet
  facet normal 0 0 1
    outer loop
      vertex -33.1167 -10.6415 5.8
      vertex -32.8926 -14.3759 5.8
      vertex -32.4162 -10.7572 5.8
    endloop
  endfacet
  facet normal 0 0 1
    outer loop
      vertex -33.8288 -14.2214 5.8
      vertex -33.1167 -10.6415 5.8
      vertex -33.8082 -10.4803 5.8
    endloop
  endfacet
  facet normal 0 0 1
    outer loop
      vertex -33.1167 -10.6415 5.8
      vertex -33.8288 -14.2214 5.8
      vertex -32.8926 -14.3759 5.8
    endloop
  endfacet
  facet normal 0 0 1
    outer loop
      vertex -34.7529 -14.0059 5.8
      vertex -33.8082 -10.4803 5.8
      vertex -34.4876 -10.2742 5.8
    endloop
  endfacet
  facet normal 0 0 1
    outer loop
      vertex -33.8082 -10.4803 5.8
      vertex -34.7529 -14.0059 5.8
      vertex -33.8288 -14.2214 5.8
    endloop
  endfacet
  facet normal 0 0 1
    outer loop
      vertex -35.6609 -13.7305 5.8
      vertex -34.4876 -10.2742 5.8
      vertex -35.1521 -10.0241 5.8
    endloop
  endfacet
  facet normal 0 0 1
    outer loop
      vertex -34.4876 -10.2742 5.8
      vertex -35.6609 -13.7305 5.8
      vertex -34.7529 -14.0059 5.8
    endloop
  endfacet
  facet normal 0 0 1
    outer loop
      vertex -36.5489 -13.3963 5.8
      vertex -35.1521 -10.0241 5.8
      vertex -35.7988 -9.73107 5.8
    endloop
  endfacet
  facet normal 0 0 1
    outer loop
      vertex -37.4132 -13.0047 5.8
      vertex -35.7988 -9.73107 5.8
      vertex -36.425 -9.39637 5.8
    endloop
  endfacet
  facet normal 0 0 1
    outer loop
      vertex -35.1521 -10.0241 5.8
      vertex -36.5489 -13.3963 5.8
      vertex -35.6609 -13.7305 5.8
    endloop
  endfacet
  facet normal 0 0 1
    outer loop
      vertex -38.25 -12.5574 5.8
      vertex -36.425 -9.39637 5.8
      vertex -37.0279 -9.02145 5.8
    endloop
  endfacet
  facet normal 0 0 1
    outer loop
      vertex -35.7988 -9.73107 5.8
      vertex -37.4132 -13.0047 5.8
      vertex -36.5489 -13.3963 5.8
    endloop
  endfacet
  facet normal 0 0 1
    outer loop
      vertex -39.0558 -12.0563 5.8
      vertex -37.0279 -9.02145 5.8
      vertex -37.6051 -8.60788 5.8
    endloop
  endfacet
  facet normal 0 0 1
    outer loop
      vertex -39.827 -11.5036 5.8
      vertex -37.6051 -8.60788 5.8
      vertex -38.1539 -8.15746 5.8
    endloop
  endfacet
  facet normal 0 0 1
    outer loop
      vertex -36.425 -9.39637 5.8
      vertex -38.25 -12.5574 5.8
      vertex -37.4132 -13.0047 5.8
    endloop
  endfacet
  facet normal 0 0 1
    outer loop
      vertex -40.5605 -10.9017 5.8
      vertex -38.1539 -8.15746 5.8
      vertex -38.6721 -7.67211 5.8
    endloop
  endfacet
  facet normal 0 0 1
    outer loop
      vertex -37.0279 -9.02145 5.8
      vertex -39.0558 -12.0563 5.8
      vertex -38.25 -12.5574 5.8
    endloop
  endfacet
  facet normal 0 0 1
    outer loop
      vertex -41.253 -10.253 5.8
      vertex -38.6721 -7.67211 5.8
      vertex -39.1575 -7.1539 5.8
    endloop
  endfacet
  facet normal 0 0 1
    outer loop
      vertex -41.9017 -9.56051 5.8
      vertex -39.1575 -7.1539 5.8
      vertex -39.6079 -6.60506 5.8
    endloop
  endfacet
  facet normal 0 0 1
    outer loop
      vertex -37.6051 -8.60788 5.8
      vertex -39.827 -11.5036 5.8
      vertex -39.0558 -12.0563 5.8
    endloop
  endfacet
  facet normal 0 0 1
    outer loop
      vertex -42.5036 -8.82704 5.8
      vertex -39.6079 -6.60506 5.8
      vertex -40.0214 -6.02794 5.8
    endloop
  endfacet
  facet normal 0 0 1
    outer loop
      vertex -43.0563 -8.05577 5.8
      vertex -40.0214 -6.02794 5.8
      vertex -40.3964 -5.425 5.8
    endloop
  endfacet
  facet normal 0 0 1
    outer loop
      vertex -38.1539 -8.15746 5.8
      vertex -40.5605 -10.9017 5.8
      vertex -39.827 -11.5036 5.8
    endloop
  endfacet
  facet normal 0 0 1
    outer loop
      vertex -43.5574 -7.25 5.8
      vertex -40.3964 -5.425 5.8
      vertex -40.7311 -4.79883 5.8
    endloop
  endfacet
  facet normal 0 0 1
    outer loop
      vertex -44.0047 -6.41319 5.8
      vertex -40.7311 -4.79883 5.8
      vertex -41.0241 -4.15211 5.8
    endloop
  endfacet
  facet normal 0 0 1
    outer loop
      vertex -38.6721 -7.67211 5.8
      vertex -41.253 -10.253 5.8
      vertex -40.5605 -10.9017 5.8
    endloop
  endfacet
  facet normal 0 0 1
    outer loop
      vertex -44.3963 -5.54891 5.8
      vertex -41.0241 -4.15211 5.8
      vertex -41.2742 -3.48762 5.8
    endloop
  endfacet
  facet normal 0 0 1
    outer loop
      vertex -44.7305 -4.66087 5.8
      vertex -41.2742 -3.48762 5.8
      vertex -41.4803 -2.80819 5.8
    endloop
  endfacet
  facet normal 0 0 1
    outer loop
      vertex -45.0059 -3.75288 5.8
      vertex -41.4803 -2.80819 5.8
      vertex -41.6415 -2.11673 5.8
    endloop
  endfacet
  facet normal 0 0 1
    outer loop
      vertex -45.2214 -2.82881 5.8
      vertex -41.6415 -2.11673 5.8
      vertex -41.7572 -1.41621 5.8
    endloop
  endfacet
  facet normal 0 0 1
    outer loop
      vertex -45.3759 -1.89263 5.8
      vertex -41.7572 -1.41621 5.8
      vertex -41.8268 -0.709623 5.8
    endloop
  endfacet
  facet normal 0 0 1
    outer loop
      vertex -39.1575 -7.1539 5.8
      vertex -41.9017 -9.56051 5.8
      vertex -41.253 -10.253 5.8
    endloop
  endfacet
  facet normal 0 0 1
    outer loop
      vertex -45.469 -0.948345 5.8
      vertex -41.8268 -0.709623 5.8
      vertex -41.85 0 5.8
    endloop
  endfacet
  facet normal -0 0 1
    outer loop
      vertex -44.7305 4.66087 5.8
      vertex -41.2742 3.48762 5.8
      vertex -44.3963 5.54891 5.8
    endloop
  endfacet
  facet normal 0 0 1
    outer loop
      vertex -41.2742 3.48762 5.8
      vertex -44.7305 4.66087 5.8
      vertex -41.4803 2.80819 5.8
    endloop
  endfacet
  facet normal 0 0 1
    outer loop
      vertex -39.6079 -6.60506 5.8
      vertex -42.5036 -8.82704 5.8
      vertex -41.9017 -9.56051 5.8
    endloop
  endfacet
  facet normal -0 0 1
    outer loop
      vertex -45.0059 3.75288 5.8
      vertex -41.4803 2.80819 5.8
      vertex -44.7305 4.66087 5.8
    endloop
  endfacet
  facet normal 0 0 1
    outer loop
      vertex -40.0214 -6.02794 5.8
      vertex -43.0563 -8.05577 5.8
      vertex -42.5036 -8.82704 5.8
    endloop
  endfacet
  facet normal 0 0 1
    outer loop
      vertex -41.4803 2.80819 5.8
      vertex -45.0059 3.75288 5.8
      vertex -41.6415 2.11673 5.8
    endloop
  endfacet
  facet normal 0 0 1
    outer loop
      vertex -40.3964 -5.425 5.8
      vertex -43.5574 -7.25 5.8
      vertex -43.0563 -8.05577 5.8
    endloop
  endfacet
  facet normal -0 0 1
    outer loop
      vertex -45.2214 2.82881 5.8
      vertex -41.6415 2.11673 5.8
      vertex -45.0059 3.75288 5.8
    endloop
  endfacet
  facet normal 0 0 1
    outer loop
      vertex -40.7311 -4.79883 5.8
      vertex -44.0047 -6.41319 5.8
      vertex -43.5574 -7.25 5.8
    endloop
  endfacet
  facet normal 0 0 1
    outer loop
      vertex -41.6415 2.11673 5.8
      vertex -45.2214 2.82881 5.8
      vertex -41.7572 1.41621 5.8
    endloop
  endfacet
  facet normal 0 0 1
    outer loop
      vertex -41.0241 -4.15211 5.8
      vertex -44.3963 -5.54891 5.8
      vertex -44.0047 -6.41319 5.8
    endloop
  endfacet
  facet normal -0 0 1
    outer loop
      vertex -45.3759 1.89263 5.8
      vertex -41.7572 1.41621 5.8
      vertex -45.2214 2.82881 5.8
    endloop
  endfacet
  facet normal 0 0 1
    outer loop
      vertex -41.2742 -3.48762 5.8
      vertex -44.7305 -4.66087 5.8
      vertex -44.3963 -5.54891 5.8
    endloop
  endfacet
  facet normal 0 0 1
    outer loop
      vertex -41.7572 1.41621 5.8
      vertex -45.3759 1.89263 5.8
      vertex -41.8268 0.709623 5.8
    endloop
  endfacet
  facet normal 0 0 1
    outer loop
      vertex -41.4803 -2.80819 5.8
      vertex -45.0059 -3.75288 5.8
      vertex -44.7305 -4.66087 5.8
    endloop
  endfacet
  facet normal -0 0 1
    outer loop
      vertex -45.469 0.948345 5.8
      vertex -41.8268 0.709623 5.8
      vertex -45.3759 1.89263 5.8
    endloop
  endfacet
  facet normal 0 0 1
    outer loop
      vertex -41.6415 -2.11673 5.8
      vertex -45.2214 -2.82881 5.8
      vertex -45.0059 -3.75288 5.8
    endloop
  endfacet
  facet normal 0 0 1
    outer loop
      vertex -41.8268 0.709623 5.8
      vertex -45.469 0.948345 5.8
      vertex -41.85 0 5.8
    endloop
  endfacet
  facet normal 0 0 1
    outer loop
      vertex -41.7572 -1.41621 5.8
      vertex -45.3759 -1.89263 5.8
      vertex -45.2214 -2.82881 5.8
    endloop
  endfacet
  facet normal 0 0 1
    outer loop
      vertex -45.5 0 5.8
      vertex -41.85 0 5.8
      vertex -45.469 0.948345 5.8
    endloop
  endfacet
  facet normal 0 0 1
    outer loop
      vertex -41.8268 -0.709623 5.8
      vertex -45.469 -0.948345 5.8
      vertex -45.3759 -1.89263 5.8
    endloop
  endfacet
  facet normal 0 0 1
    outer loop
      vertex -41.85 0 5.8
      vertex -45.5 0 5.8
      vertex -45.469 -0.948345 5.8
    endloop
  endfacet
  facet normal 0.227106 0.97387 -0
    outer loop
      vertex -27.2471 14.0059 5
      vertex -28.1712 14.2214 5.8
      vertex -27.2471 14.0059 5.8
    endloop
  endfacet
  facet normal 0.227106 0.97387 0
    outer loop
      vertex -28.1712 14.2214 5.8
      vertex -27.2471 14.0059 5
      vertex -28.1712 14.2214 5
    endloop
  endfacet
  facet normal -0.849183 0.528098 0
    outer loop
      vertex -43.5574 7.25 5
      vertex -43.0563 8.05577 5.8
      vertex -43.0563 8.05577 5
    endloop
  endfacet
  facet normal -0.849183 0.528098 0
    outer loop
      vertex -43.0563 8.05577 5.8
      vertex -43.5574 7.25 5
      vertex -43.5574 7.25 5.8
    endloop
  endfacet
  facet normal -0.471414 0.881912 0
    outer loop
      vertex -37.4132 13.0047 5
      vertex -38.25 12.5574 5.8
      vertex -37.4132 13.0047 5.8
    endloop
  endfacet
  facet normal -0.471414 0.881912 0
    outer loop
      vertex -38.25 12.5574 5.8
      vertex -37.4132 13.0047 5
      vertex -38.25 12.5574 5
    endloop
  endfacet
  facet normal -0.634351 -0.773046 0
    outer loop
      vertex -40.5605 -10.9017 5
      vertex -39.827 -11.5036 5.8
      vertex -40.5605 -10.9017 5.8
    endloop
  endfacet
  facet normal -0.634351 -0.773046 -0
    outer loop
      vertex -39.827 -11.5036 5.8
      vertex -40.5605 -10.9017 5
      vertex -39.827 -11.5036 5
    endloop
  endfacet
  facet normal -0.471414 -0.881912 0
    outer loop
      vertex -38.25 -12.5574 5
      vertex -37.4132 -13.0047 5.8
      vertex -38.25 -12.5574 5.8
    endloop
  endfacet
  facet normal -0.471414 -0.881912 -0
    outer loop
      vertex -37.4132 -13.0047 5.8
      vertex -38.25 -12.5574 5
      vertex -37.4132 -13.0047 5
    endloop
  endfacet
  facet normal 0.16296 -0.986633 0
    outer loop
      vertex -33.1167 10.6415 0
      vertex -32.4162 10.7572 5.8
      vertex -33.1167 10.6415 5.8
    endloop
  endfacet
  facet normal 0.16296 -0.986633 0
    outer loop
      vertex -32.4162 10.7572 5.8
      vertex -33.1167 10.6415 0
      vertex -32.4162 10.7572 0
    endloop
  endfacet
  facet normal 0.528081 0.849194 -0
    outer loop
      vertex -36.425 -9.39637 0
      vertex -37.0279 -9.02145 5.8
      vertex -36.425 -9.39637 5.8
    endloop
  endfacet
  facet normal 0.528081 0.849194 0
    outer loop
      vertex -37.0279 -9.02145 5.8
      vertex -36.425 -9.39637 0
      vertex -37.0279 -9.02145 0
    endloop
  endfacet
  facet normal 0.683594 0.729862 -0
    outer loop
      vertex -38.1539 -8.15746 0
      vertex -38.6721 -7.67211 5.8
      vertex -38.1539 -8.15746 5.8
    endloop
  endfacet
  facet normal 0.683594 0.729862 0
    outer loop
      vertex -38.6721 -7.67211 5.8
      vertex -38.1539 -8.15746 0
      vertex -38.6721 -7.67211 0
    endloop
  endfacet
  facet normal 0.973885 -0.227042 0
    outer loop
      vertex -41.6415 2.11673 5.8
      vertex -41.4803 2.80819 0
      vertex -41.4803 2.80819 5.8
    endloop
  endfacet
  facet normal 0.973885 -0.227042 0
    outer loop
      vertex -41.4803 2.80819 0
      vertex -41.6415 2.11673 5.8
      vertex -41.6415 2.11673 0
    endloop
  endfacet
  facet normal 0.812886 0.582423 0
    outer loop
      vertex -39.6079 -6.60506 5.8
      vertex -40.0214 -6.02794 0
      vertex -40.0214 -6.02794 5.8
    endloop
  endfacet
  facet normal 0.812886 0.582423 0
    outer loop
      vertex -40.0214 -6.02794 0
      vertex -39.6079 -6.60506 5.8
      vertex -39.6079 -6.60506 0
    endloop
  endfacet
  facet normal 0.729834 -0.683625 0
    outer loop
      vertex -39.1575 7.1539 5.8
      vertex -38.6721 7.67211 0
      vertex -38.6721 7.67211 5.8
    endloop
  endfacet
  facet normal 0.729834 -0.683625 0
    outer loop
      vertex -38.6721 7.67211 0
      vertex -39.1575 7.1539 5.8
      vertex -39.1575 7.1539 0
    endloop
  endfacet
  facet normal 0.773025 -0.634375 0
    outer loop
      vertex -39.6079 6.60506 5.8
      vertex -39.1575 7.1539 0
      vertex -39.1575 7.1539 5.8
    endloop
  endfacet
  facet normal 0.773025 -0.634375 0
    outer loop
      vertex -39.1575 7.1539 0
      vertex -39.6079 6.60506 5.8
      vertex -39.6079 6.60506 0
    endloop
  endfacet
  facet normal 0.0980255 -0.995184 0
    outer loop
      vertex -32.4162 10.7572 0
      vertex -31.7096 10.8268 5.8
      vertex -32.4162 10.7572 5.8
    endloop
  endfacet
  facet normal 0.0980255 -0.995184 0
    outer loop
      vertex -31.7096 10.8268 5.8
      vertex -32.4162 10.7572 0
      vertex -31.7096 10.8268 0
    endloop
  endfacet
  facet normal 0.956941 -0.290281 0
    outer loop
      vertex -41.4803 2.80819 5.8
      vertex -41.2742 3.48762 0
      vertex -41.2742 3.48762 5.8
    endloop
  endfacet
  facet normal 0.956941 -0.290281 0
    outer loop
      vertex -41.2742 3.48762 0
      vertex -41.4803 2.80819 5.8
      vertex -41.4803 2.80819 0
    endloop
  endfacet
  facet normal 0.528081 -0.849194 0
    outer loop
      vertex -37.0279 9.02145 0
      vertex -36.425 9.39637 5.8
      vertex -37.0279 9.02145 5.8
    endloop
  endfacet
  facet normal 0.528081 -0.849194 0
    outer loop
      vertex -36.425 9.39637 5.8
      vertex -37.0279 9.02145 0
      vertex -36.425 9.39637 0
    endloop
  endfacet
  facet normal 0.995184 -0.0980273 0
    outer loop
      vertex -41.8268 0.709623 5.8
      vertex -41.7572 1.41621 0
      vertex -41.7572 1.41621 5.8
    endloop
  endfacet
  facet normal 0.995184 -0.0980273 0
    outer loop
      vertex -41.7572 1.41621 0
      vertex -41.8268 0.709623 5.8
      vertex -41.8268 0.709623 0
    endloop
  endfacet
  facet normal 0.35225 -0.935906 0
    outer loop
      vertex -35.1521 10.0241 0
      vertex -34.4876 10.2742 5.8
      vertex -35.1521 10.0241 5.8
    endloop
  endfacet
  facet normal 0.35225 -0.935906 0
    outer loop
      vertex -34.4876 10.2742 5.8
      vertex -35.1521 10.0241 0
      vertex -34.4876 10.2742 0
    endloop
  endfacet
  facet normal 0.973885 0.227042 0
    outer loop
      vertex -41.4803 -2.80819 5.8
      vertex -41.6415 -2.11673 0
      vertex -41.6415 -2.11673 5.8
    endloop
  endfacet
  facet normal 0.973885 0.227042 0
    outer loop
      vertex -41.6415 -2.11673 0
      vertex -41.4803 -2.80819 5.8
      vertex -41.4803 -2.80819 0
    endloop
  endfacet
  facet normal 0.290293 0.956938 -0
    outer loop
      vertex -33.8082 -10.4803 0
      vertex -34.4876 -10.2742 5.8
      vertex -33.8082 -10.4803 5.8
    endloop
  endfacet
  facet normal 0.290293 0.956938 0
    outer loop
      vertex -34.4876 -10.2742 5.8
      vertex -33.8082 -10.4803 0
      vertex -34.4876 -10.2742 0
    endloop
  endfacet
  facet normal 0.16296 0.986633 -0
    outer loop
      vertex -32.4162 -10.7572 0
      vertex -33.1167 -10.6415 5.8
      vertex -32.4162 -10.7572 5.8
    endloop
  endfacet
  facet normal 0.16296 0.986633 0
    outer loop
      vertex -33.1167 -10.6415 5.8
      vertex -32.4162 -10.7572 0
      vertex -33.1167 -10.6415 0
    endloop
  endfacet
  facet normal 0.63442 -0.772989 0
    outer loop
      vertex -38.1539 8.15746 0
      vertex -37.6051 8.60788 5.8
      vertex -38.1539 8.15746 5.8
    endloop
  endfacet
  facet normal 0.63442 -0.772989 0
    outer loop
      vertex -37.6051 8.60788 5.8
      vertex -38.1539 8.15746 0
      vertex -37.6051 8.60788 0
    endloop
  endfacet
  facet normal 0.999466 0.032676 0
    outer loop
      vertex -41.8268 -0.709623 5.8
      vertex -41.85 0 0
      vertex -41.85 0 5.8
    endloop
  endfacet
  facet normal 0.999466 0.032676 0
    outer loop
      vertex -41.85 0 0
      vertex -41.8268 -0.709623 5.8
      vertex -41.8268 -0.709623 0
    endloop
  endfacet
  facet normal 0.773025 0.634375 0
    outer loop
      vertex -39.1575 -7.1539 5.8
      vertex -39.6079 -6.60506 0
      vertex -39.6079 -6.60506 5.8
    endloop
  endfacet
  facet normal 0.773025 0.634375 0
    outer loop
      vertex -39.6079 -6.60506 0
      vertex -39.1575 -7.1539 5.8
      vertex -39.1575 -7.1539 0
    endloop
  endfacet
  facet normal 0.910877 0.412678 0
    outer loop
      vertex -40.7311 -4.79883 5.8
      vertex -41.0241 -4.15211 0
      vertex -41.0241 -4.15211 5.8
    endloop
  endfacet
  facet normal 0.910877 0.412678 0
    outer loop
      vertex -41.0241 -4.15211 0
      vertex -40.7311 -4.79883 5.8
      vertex -40.7311 -4.79883 0
    endloop
  endfacet
  facet normal 0.227029 0.973888 -0
    outer loop
      vertex -33.1167 -10.6415 0
      vertex -33.8082 -10.4803 5.8
      vertex -33.1167 -10.6415 5.8
    endloop
  endfacet
  facet normal 0.227029 0.973888 0
    outer loop
      vertex -33.8082 -10.4803 5.8
      vertex -33.1167 -10.6415 0
      vertex -33.8082 -10.4803 0
    endloop
  endfacet
  facet normal 0.35225 0.935906 -0
    outer loop
      vertex -34.4876 -10.2742 0
      vertex -35.1521 -10.0241 5.8
      vertex -34.4876 -10.2742 5.8
    endloop
  endfacet
  facet normal 0.35225 0.935906 0
    outer loop
      vertex -35.1521 -10.0241 5.8
      vertex -34.4876 -10.2742 0
      vertex -35.1521 -10.0241 0
    endloop
  endfacet
  facet normal 0.032677 0.999466 -0
    outer loop
      vertex -31 -10.85 0
      vertex -31.7096 -10.8268 5.8
      vertex -31 -10.85 5.8
    endloop
  endfacet
  facet normal 0.032677 0.999466 0
    outer loop
      vertex -31.7096 -10.8268 5.8
      vertex -31 -10.85 0
      vertex -31.7096 -10.8268 0
    endloop
  endfacet
  facet normal 0.935904 -0.352255 0
    outer loop
      vertex -41.2742 3.48762 5.8
      vertex -41.0241 4.15211 0
      vertex -41.0241 4.15211 5.8
    endloop
  endfacet
  facet normal 0.935904 -0.352255 0
    outer loop
      vertex -41.0241 4.15211 0
      vertex -41.2742 3.48762 5.8
      vertex -41.2742 3.48762 0
    endloop
  endfacet
  facet normal 0.910877 -0.412678 0
    outer loop
      vertex -41.0241 4.15211 5.8
      vertex -40.7311 4.79883 0
      vertex -40.7311 4.79883 5.8
    endloop
  endfacet
  facet normal 0.910877 -0.412678 0
    outer loop
      vertex -40.7311 4.79883 0
      vertex -41.0241 4.15211 5.8
      vertex -41.0241 4.15211 0
    endloop
  endfacet
  facet normal 0.582435 -0.812877 0
    outer loop
      vertex -37.6051 8.60788 0
      vertex -37.0279 9.02145 5.8
      vertex -37.6051 8.60788 5.8
    endloop
  endfacet
  facet normal 0.582435 -0.812877 0
    outer loop
      vertex -37.0279 9.02145 5.8
      vertex -37.6051 8.60788 0
      vertex -37.0279 9.02145 0
    endloop
  endfacet
  facet normal 0.412723 -0.910856 0
    outer loop
      vertex -35.7988 9.73107 0
      vertex -35.1521 10.0241 5.8
      vertex -35.7988 9.73107 5.8
    endloop
  endfacet
  facet normal 0.412723 -0.910856 0
    outer loop
      vertex -35.1521 10.0241 5.8
      vertex -35.7988 9.73107 0
      vertex -35.1521 10.0241 0
    endloop
  endfacet
  facet normal 0.995184 0.0980273 0
    outer loop
      vertex -41.7572 -1.41621 5.8
      vertex -41.8268 -0.709623 0
      vertex -41.8268 -0.709623 5.8
    endloop
  endfacet
  facet normal 0.995184 0.0980273 0
    outer loop
      vertex -41.8268 -0.709623 0
      vertex -41.7572 -1.41621 5.8
      vertex -41.7572 -1.41621 0
    endloop
  endfacet
  facet normal 0.999466 -0.032676 0
    outer loop
      vertex -41.85 0 5.8
      vertex -41.8268 0.709623 0
      vertex -41.8268 0.709623 5.8
    endloop
  endfacet
  facet normal 0.999466 -0.032676 0
    outer loop
      vertex -41.8268 0.709623 0
      vertex -41.85 0 5.8
      vertex -41.85 0 0
    endloop
  endfacet
  facet normal 0.683594 -0.729862 0
    outer loop
      vertex -38.6721 7.67211 0
      vertex -38.1539 8.15746 5.8
      vertex -38.6721 7.67211 5.8
    endloop
  endfacet
  facet normal 0.683594 -0.729862 0
    outer loop
      vertex -38.1539 8.15746 5.8
      vertex -38.6721 7.67211 0
      vertex -38.1539 8.15746 0
    endloop
  endfacet
  facet normal 0.290293 -0.956938 0
    outer loop
      vertex -34.4876 10.2742 0
      vertex -33.8082 10.4803 5.8
      vertex -34.4876 10.2742 5.8
    endloop
  endfacet
  facet normal 0.290293 -0.956938 0
    outer loop
      vertex -33.8082 10.4803 5.8
      vertex -34.4876 10.2742 0
      vertex -33.8082 10.4803 0
    endloop
  endfacet
  facet normal 0.881918 -0.471402 0
    outer loop
      vertex -40.7311 4.79883 5.8
      vertex -40.3964 5.425 0
      vertex -40.3964 5.425 5.8
    endloop
  endfacet
  facet normal 0.881918 -0.471402 0
    outer loop
      vertex -40.3964 5.425 0
      vertex -40.7311 4.79883 5.8
      vertex -40.7311 4.79883 0
    endloop
  endfacet
  facet normal 0.471385 -0.881928 0
    outer loop
      vertex -36.425 9.39637 0
      vertex -35.7988 9.73107 5.8
      vertex -36.425 9.39637 5.8
    endloop
  endfacet
  facet normal 0.471385 -0.881928 0
    outer loop
      vertex -35.7988 9.73107 5.8
      vertex -36.425 9.39637 0
      vertex -35.7988 9.73107 0
    endloop
  endfacet
  facet normal 0.986633 0.162955 0
    outer loop
      vertex -41.6415 -2.11673 5.8
      vertex -41.7572 -1.41621 0
      vertex -41.7572 -1.41621 5.8
    endloop
  endfacet
  facet normal 0.986633 0.162955 0
    outer loop
      vertex -41.7572 -1.41621 0
      vertex -41.6415 -2.11673 5.8
      vertex -41.6415 -2.11673 0
    endloop
  endfacet
  facet normal 0.812886 -0.582423 0
    outer loop
      vertex -40.0214 6.02794 5.8
      vertex -39.6079 6.60506 0
      vertex -39.6079 6.60506 5.8
    endloop
  endfacet
  facet normal 0.812886 -0.582423 0
    outer loop
      vertex -39.6079 6.60506 0
      vertex -40.0214 6.02794 5.8
      vertex -40.0214 6.02794 0
    endloop
  endfacet
  facet normal 0.032677 -0.999466 0
    outer loop
      vertex -31.7096 10.8268 0
      vertex -31 10.85 5.8
      vertex -31.7096 10.8268 5.8
    endloop
  endfacet
  facet normal 0.032677 -0.999466 0
    outer loop
      vertex -31 10.85 5.8
      vertex -31.7096 10.8268 0
      vertex -31 10.85 0
    endloop
  endfacet
  facet normal 0.227029 -0.973888 0
    outer loop
      vertex -33.8082 10.4803 0
      vertex -33.1167 10.6415 5.8
      vertex -33.8082 10.4803 5.8
    endloop
  endfacet
  facet normal 0.227029 -0.973888 0
    outer loop
      vertex -33.1167 10.6415 5.8
      vertex -33.8082 10.4803 0
      vertex -33.1167 10.6415 0
    endloop
  endfacet
  facet normal 0.881918 0.471402 0
    outer loop
      vertex -40.3964 -5.425 5.8
      vertex -40.7311 -4.79883 0
      vertex -40.7311 -4.79883 5.8
    endloop
  endfacet
  facet normal 0.881918 0.471402 0
    outer loop
      vertex -40.7311 -4.79883 0
      vertex -40.3964 -5.425 5.8
      vertex -40.3964 -5.425 0
    endloop
  endfacet
  facet normal 0.849159 0.528137 0
    outer loop
      vertex -40.0214 -6.02794 5.8
      vertex -40.3964 -5.425 0
      vertex -40.3964 -5.425 5.8
    endloop
  endfacet
  facet normal 0.849159 0.528137 0
    outer loop
      vertex -40.3964 -5.425 0
      vertex -40.0214 -6.02794 5.8
      vertex -40.0214 -6.02794 0
    endloop
  endfacet
  facet normal 0.956941 0.290281 0
    outer loop
      vertex -41.2742 -3.48762 5.8
      vertex -41.4803 -2.80819 0
      vertex -41.4803 -2.80819 5.8
    endloop
  endfacet
  facet normal 0.956941 0.290281 0
    outer loop
      vertex -41.4803 -2.80819 0
      vertex -41.2742 -3.48762 5.8
      vertex -41.2742 -3.48762 0
    endloop
  endfacet
  facet normal 0.0980255 0.995184 -0
    outer loop
      vertex -31.7096 -10.8268 0
      vertex -32.4162 -10.7572 5.8
      vertex -31.7096 -10.8268 5.8
    endloop
  endfacet
  facet normal 0.0980255 0.995184 0
    outer loop
      vertex -32.4162 -10.7572 5.8
      vertex -31.7096 -10.8268 0
      vertex -32.4162 -10.7572 0
    endloop
  endfacet
  facet normal 0.935904 0.352255 0
    outer loop
      vertex -41.0241 -4.15211 5.8
      vertex -41.2742 -3.48762 0
      vertex -41.2742 -3.48762 5.8
    endloop
  endfacet
  facet normal 0.935904 0.352255 0
    outer loop
      vertex -41.2742 -3.48762 0
      vertex -41.0241 -4.15211 5.8
      vertex -41.0241 -4.15211 0
    endloop
  endfacet
  facet normal 0.849159 -0.528137 0
    outer loop
      vertex -40.3964 5.425 5.8
      vertex -40.0214 6.02794 0
      vertex -40.0214 6.02794 5.8
    endloop
  endfacet
  facet normal 0.849159 -0.528137 0
    outer loop
      vertex -40.0214 6.02794 0
      vertex -40.3964 5.425 5.8
      vertex -40.3964 5.425 0
    endloop
  endfacet
  facet normal 0.729834 0.683625 0
    outer loop
      vertex -38.6721 -7.67211 5.8
      vertex -39.1575 -7.1539 0
      vertex -39.1575 -7.1539 5.8
    endloop
  endfacet
  facet normal 0.729834 0.683625 0
    outer loop
      vertex -39.1575 -7.1539 0
      vertex -38.6721 -7.67211 5.8
      vertex -38.6721 -7.67211 0
    endloop
  endfacet
  facet normal 0.986633 -0.162955 0
    outer loop
      vertex -41.7572 1.41621 5.8
      vertex -41.6415 2.11673 0
      vertex -41.6415 2.11673 5.8
    endloop
  endfacet
  facet normal 0.986633 -0.162955 0
    outer loop
      vertex -41.6415 2.11673 0
      vertex -41.7572 1.41621 5.8
      vertex -41.7572 1.41621 0
    endloop
  endfacet
  facet normal 0.471385 0.881928 -0
    outer loop
      vertex -35.7988 -9.73107 0
      vertex -36.425 -9.39637 5.8
      vertex -35.7988 -9.73107 5.8
    endloop
  endfacet
  facet normal 0.471385 0.881928 0
    outer loop
      vertex -36.425 -9.39637 5.8
      vertex -35.7988 -9.73107 0
      vertex -36.425 -9.39637 0
    endloop
  endfacet
  facet normal 0.412723 0.910856 -0
    outer loop
      vertex -35.1521 -10.0241 0
      vertex -35.7988 -9.73107 5.8
      vertex -35.1521 -10.0241 5.8
    endloop
  endfacet
  facet normal 0.412723 0.910856 0
    outer loop
      vertex -35.7988 -9.73107 5.8
      vertex -35.1521 -10.0241 0
      vertex -35.7988 -9.73107 0
    endloop
  endfacet
  facet normal 0.582435 0.812877 -0
    outer loop
      vertex -37.0279 -9.02145 0
      vertex -37.6051 -8.60788 5.8
      vertex -37.0279 -9.02145 5.8
    endloop
  endfacet
  facet normal 0.582435 0.812877 0
    outer loop
      vertex -37.6051 -8.60788 5.8
      vertex -37.0279 -9.02145 0
      vertex -37.6051 -8.60788 0
    endloop
  endfacet
  facet normal 0.63442 0.772989 -0
    outer loop
      vertex -37.6051 -8.60788 0
      vertex -38.1539 -8.15746 5.8
      vertex -37.6051 -8.60788 5.8
    endloop
  endfacet
  facet normal 0.63442 0.772989 0
    outer loop
      vertex -38.1539 -8.15746 5.8
      vertex -37.6051 -8.60788 0
      vertex -38.1539 -8.15746 0
    endloop
  endfacet
  facet normal 0.910867 0.412699 0
    outer loop
      vertex 28.8963 -21.2979 5.8
      vertex 28.5047 -20.4336 5
      vertex 28.5047 -20.4336 5.8
    endloop
  endfacet
  facet normal 0.910867 0.412699 0
    outer loop
      vertex 28.5047 -20.4336 5
      vertex 28.8963 -21.2979 5.8
      vertex 28.8963 -21.2979 5
    endloop
  endfacet
  facet normal 0.995174 0.0981261 0
    outer loop
      vertex 29.969 -25.8984 5.8
      vertex 29.8759 -24.9542 5
      vertex 29.8759 -24.9542 5.8
    endloop
  endfacet
  facet normal 0.995174 0.0981261 0
    outer loop
      vertex 29.8759 -24.9542 5
      vertex 29.969 -25.8984 5.8
      vertex 29.969 -25.8984 5
    endloop
  endfacet
  facet normal 0.999466 0.0326692 0
    outer loop
      vertex 30 -26.8468 5.8
      vertex 29.969 -25.8984 5
      vertex 29.969 -25.8984 5.8
    endloop
  endfacet
  facet normal 0.999466 0.0326692 0
    outer loop
      vertex 29.969 -25.8984 5
      vertex 30 -26.8468 5.8
      vertex 30 -26.8468 5
    endloop
  endfacet
  facet normal -0.162929 0.986638 0
    outer loop
      vertex 13.6074 -12.4708 5
      vertex 12.6712 -12.6254 5.8
      vertex 13.6074 -12.4708 5.8
    endloop
  endfacet
  facet normal -0.162929 0.986638 0
    outer loop
      vertex 12.6712 -12.6254 5.8
      vertex 13.6074 -12.4708 5
      vertex 12.6712 -12.6254 5
    endloop
  endfacet
  facet normal -0.683629 -0.72983 0
    outer loop
      vertex 5.24695 -37.0998 5
      vertex 5.93949 -37.7485 5.8
      vertex 5.24695 -37.0998 5.8
    endloop
  endfacet
  facet normal -0.683629 -0.72983 -0
    outer loop
      vertex 5.93949 -37.7485 5.8
      vertex 5.24695 -37.0998 5
      vertex 5.93949 -37.7485 5
    endloop
  endfacet
  facet normal 0.0326726 0.999466 -0
    outer loop
      vertex 16.4483 -12.3778 5
      vertex 15.5 -12.3468 5.8
      vertex 16.4483 -12.3778 5.8
    endloop
  endfacet
  facet normal 0.0326726 0.999466 0
    outer loop
      vertex 15.5 -12.3468 5.8
      vertex 16.4483 -12.3778 5
      vertex 15.5 -12.3468 5
    endloop
  endfacet
  facet normal 0.97387 0.227106 0
    outer loop
      vertex 29.7214 -24.018 5.8
      vertex 29.5059 -23.0939 5
      vertex 29.5059 -23.0939 5.8
    endloop
  endfacet
  facet normal 0.97387 0.227106 0
    outer loop
      vertex 29.5059 -23.0939 5
      vertex 29.7214 -24.018 5.8
      vertex 29.7214 -24.018 5
    endloop
  endfacet
  facet normal 0.471414 0.881912 -0
    outer loop
      vertex 22.75 -14.2894 5
      vertex 21.9132 -13.8421 5.8
      vertex 22.75 -14.2894 5.8
    endloop
  endfacet
  facet normal 0.471414 0.881912 0
    outer loop
      vertex 21.9132 -13.8421 5.8
      vertex 22.75 -14.2894 5
      vertex 21.9132 -13.8421 5
    endloop
  endfacet
  facet normal 0.0980115 -0.995185 0
    outer loop
      vertex 16.4483 -41.3157 5
      vertex 17.3926 -41.2227 5.8
      vertex 16.4483 -41.3157 5.8
    endloop
  endfacet
  facet normal 0.0980115 -0.995185 0
    outer loop
      vertex 17.3926 -41.2227 5.8
      vertex 16.4483 -41.3157 5
      vertex 17.3926 -41.2227 5
    endloop
  endfacet
  facet normal -0.935899 -0.352269 0
    outer loop
      vertex 2.10375 -32.3957 5
      vertex 1.76951 -31.5077 5.8
      vertex 1.76951 -31.5077 5
    endloop
  endfacet
  facet normal -0.935899 -0.352269 0
    outer loop
      vertex 1.76951 -31.5077 5.8
      vertex 2.10375 -32.3957 5
      vertex 2.10375 -32.3957 5.8
    endloop
  endfacet
  facet normal 0.881912 -0.471414 0
    outer loop
      vertex 28.0574 -34.0968 5.8
      vertex 28.5047 -33.26 5
      vertex 28.5047 -33.26 5.8
    endloop
  endfacet
  facet normal 0.881912 -0.471414 0
    outer loop
      vertex 28.5047 -33.26 5
      vertex 28.0574 -34.0968 5.8
      vertex 28.0574 -34.0968 5
    endloop
  endfacet
  facet normal 0.81285 0.582474 0
    outer loop
      vertex 27.5563 -18.791 5.8
      vertex 27.0036 -18.0197 5
      vertex 27.0036 -18.0197 5.8
    endloop
  endfacet
  facet normal 0.81285 0.582474 0
    outer loop
      vertex 27.0036 -18.0197 5
      vertex 27.5563 -18.791 5.8
      vertex 27.5563 -18.791 5
    endloop
  endfacet
  facet normal -0.910867 0.412699 0
    outer loop
      vertex 2.10375 -21.2979 5
      vertex 2.49535 -20.4336 5.8
      vertex 2.49535 -20.4336 5
    endloop
  endfacet
  facet normal -0.910867 0.412699 0
    outer loop
      vertex 2.49535 -20.4336 5.8
      vertex 2.10375 -21.2979 5
      vertex 2.10375 -21.2979 5.8
    endloop
  endfacet
  facet normal 0.956952 0.290247 0
    outer loop
      vertex 29.5059 -23.0939 5.8
      vertex 29.2305 -22.1859 5
      vertex 29.2305 -22.1859 5.8
    endloop
  endfacet
  facet normal 0.956952 0.290247 0
    outer loop
      vertex 29.2305 -22.1859 5
      vertex 29.5059 -23.0939 5.8
      vertex 29.5059 -23.0939 5
    endloop
  endfacet
  facet normal -0.881921 -0.471398 0
    outer loop
      vertex 2.94263 -34.0968 5
      vertex 2.49535 -33.26 5.8
      vertex 2.49535 -33.26 5
    endloop
  endfacet
  facet normal -0.881921 -0.471398 0
    outer loop
      vertex 2.49535 -33.26 5.8
      vertex 2.94263 -34.0968 5
      vertex 2.94263 -34.0968 5.8
    endloop
  endfacet
  facet normal 0.849192 0.528084 0
    outer loop
      vertex 28.0574 -19.5968 5.8
      vertex 27.5563 -18.791 5
      vertex 27.5563 -18.791 5.8
    endloop
  endfacet
  facet normal 0.849192 0.528084 0
    outer loop
      vertex 27.5563 -18.791 5
      vertex 28.0574 -19.5968 5.8
      vertex 28.0574 -19.5968 5
    endloop
  endfacet
  facet normal -0.683573 0.729882 0
    outer loop
      vertex 5.93949 -15.9451 5
      vertex 5.24695 -16.5937 5.8
      vertex 5.93949 -15.9451 5.8
    endloop
  endfacet
  facet normal -0.683573 0.729882 0
    outer loop
      vertex 5.24695 -16.5937 5.8
      vertex 5.93949 -15.9451 5
      vertex 5.24695 -16.5937 5
    endloop
  endfacet
  facet normal 0.956952 -0.290247 0
    outer loop
      vertex 29.2305 -31.5077 5.8
      vertex 29.5059 -30.5997 5
      vertex 29.5059 -30.5997 5.8
    endloop
  endfacet
  facet normal 0.956952 -0.290247 0
    outer loop
      vertex 29.5059 -30.5997 5
      vertex 29.2305 -31.5077 5.8
      vertex 29.2305 -31.5077 5
    endloop
  endfacet
  facet normal -0.582489 -0.812839 0
    outer loop
      vertex 6.67296 -38.3504 5
      vertex 7.44423 -38.9031 5.8
      vertex 6.67296 -38.3504 5.8
    endloop
  endfacet
  facet normal -0.582489 -0.812839 -0
    outer loop
      vertex 7.44423 -38.9031 5.8
      vertex 6.67296 -38.3504 5
      vertex 7.44423 -38.9031 5
    endloop
  endfacet
  facet normal -0.986645 0.162888 0
    outer loop
      vertex 1.12405 -24.9542 5
      vertex 1.27861 -24.018 5.8
      vertex 1.27861 -24.018 5
    endloop
  endfacet
  facet normal -0.986645 0.162888 0
    outer loop
      vertex 1.27861 -24.018 5.8
      vertex 1.12405 -24.9542 5
      vertex 1.12405 -24.9542 5.8
    endloop
  endfacet
  facet normal 0.471332 -0.881956 0
    outer loop
      vertex 21.9132 -39.8514 5
      vertex 22.75 -39.4042 5.8
      vertex 21.9132 -39.8514 5.8
    endloop
  endfacet
  facet normal 0.471332 -0.881956 0
    outer loop
      vertex 22.75 -39.4042 5.8
      vertex 21.9132 -39.8514 5
      vertex 22.75 -39.4042 5
    endloop
  endfacet
  facet normal 0.812814 -0.582524 0
    outer loop
      vertex 27.0036 -35.6738 5.8
      vertex 27.5563 -34.9026 5
      vertex 27.5563 -34.9026 5.8
    endloop
  endfacet
  facet normal 0.812814 -0.582524 0
    outer loop
      vertex 27.5563 -34.9026 5
      vertex 27.0036 -35.6738 5.8
      vertex 27.0036 -35.6738 5
    endloop
  endfacet
  facet normal -0.582489 0.812839 0
    outer loop
      vertex 7.44423 -14.7905 5
      vertex 6.67296 -15.3432 5.8
      vertex 7.44423 -14.7905 5.8
    endloop
  endfacet
  facet normal -0.582489 0.812839 0
    outer loop
      vertex 6.67296 -15.3432 5.8
      vertex 7.44423 -14.7905 5
      vertex 6.67296 -15.3432 5
    endloop
  endfacet
  facet normal -0.352321 -0.935879 0
    outer loop
      vertex 9.95109 -40.243 5
      vertex 10.8391 -40.5773 5.8
      vertex 9.95109 -40.243 5.8
    endloop
  endfacet
  facet normal -0.352321 -0.935879 -0
    outer loop
      vertex 10.8391 -40.5773 5.8
      vertex 9.95109 -40.243 5
      vertex 10.8391 -40.5773 5
    endloop
  endfacet
  facet normal -0.412707 0.910864 0
    outer loop
      vertex 9.95109 -13.4505 5
      vertex 9.08681 -13.8421 5.8
      vertex 9.95109 -13.4505 5.8
    endloop
  endfacet
  facet normal -0.412707 0.910864 0
    outer loop
      vertex 9.08681 -13.8421 5.8
      vertex 9.95109 -13.4505 5
      vertex 9.08681 -13.8421 5
    endloop
  endfacet
  facet normal -0.227106 0.97387 0
    outer loop
      vertex 12.6712 -12.6254 5
      vertex 11.7471 -12.8409 5.8
      vertex 12.6712 -12.6254 5.8
    endloop
  endfacet
  facet normal -0.227106 0.97387 0
    outer loop
      vertex 11.7471 -12.8409 5.8
      vertex 12.6712 -12.6254 5
      vertex 11.7471 -12.8409 5
    endloop
  endfacet
  facet normal 0.72981 -0.68365 0
    outer loop
      vertex 25.753 -37.0998 5.8
      vertex 26.4017 -36.4073 5
      vertex 26.4017 -36.4073 5.8
    endloop
  endfacet
  facet normal 0.72981 -0.68365 0
    outer loop
      vertex 26.4017 -36.4073 5
      vertex 25.753 -37.0998 5.8
      vertex 25.753 -37.0998 5
    endloop
  endfacet
  facet normal 0.910867 -0.412699 0
    outer loop
      vertex 28.5047 -33.26 5.8
      vertex 28.8963 -32.3957 5
      vertex 28.8963 -32.3957 5.8
    endloop
  endfacet
  facet normal 0.910867 -0.412699 0
    outer loop
      vertex 28.8963 -32.3957 5
      vertex 28.5047 -33.26 5.8
      vertex 28.5047 -33.26 5
    endloop
  endfacet
  facet normal -0.812855 0.582467 0
    outer loop
      vertex 3.44369 -18.791 5
      vertex 3.99638 -18.0197 5.8
      vertex 3.99638 -18.0197 5
    endloop
  endfacet
  facet normal -0.812855 0.582467 0
    outer loop
      vertex 3.99638 -18.0197 5.8
      vertex 3.44369 -18.791 5
      vertex 3.44369 -18.791 5.8
    endloop
  endfacet
  facet normal 0.528084 -0.849192 0
    outer loop
      vertex 22.75 -39.4042 5
      vertex 23.5558 -38.9031 5.8
      vertex 22.75 -39.4042 5.8
    endloop
  endfacet
  facet normal 0.528084 -0.849192 0
    outer loop
      vertex 23.5558 -38.9031 5.8
      vertex 22.75 -39.4042 5
      vertex 23.5558 -38.9031 5
    endloop
  endfacet
  facet normal 0.582524 0.812814 -0
    outer loop
      vertex 24.327 -15.3432 5
      vertex 23.5558 -14.7905 5.8
      vertex 24.327 -15.3432 5.8
    endloop
  endfacet
  facet normal 0.582524 0.812814 0
    outer loop
      vertex 23.5558 -14.7905 5.8
      vertex 24.327 -15.3432 5
      vertex 23.5558 -14.7905 5
    endloop
  endfacet
  facet normal 0.528084 0.849192 -0
    outer loop
      vertex 23.5558 -14.7905 5
      vertex 22.75 -14.2894 5.8
      vertex 23.5558 -14.7905 5.8
    endloop
  endfacet
  facet normal 0.528084 0.849192 0
    outer loop
      vertex 22.75 -14.2894 5.8
      vertex 23.5558 -14.7905 5
      vertex 22.75 -14.2894 5
    endloop
  endfacet
  facet normal 0.0327779 -0.999463 0
    outer loop
      vertex 15.5 -41.3468 5
      vertex 16.4483 -41.3157 5.8
      vertex 15.5 -41.3468 5.8
    endloop
  endfacet
  facet normal 0.0327779 -0.999463 0
    outer loop
      vertex 16.4483 -41.3157 5.8
      vertex 15.5 -41.3468 5
      vertex 16.4483 -41.3157 5
    endloop
  endfacet
  facet normal -0.528098 -0.849183 0
    outer loop
      vertex 7.44423 -38.9031 5
      vertex 8.25 -39.4042 5.8
      vertex 7.44423 -38.9031 5.8
    endloop
  endfacet
  facet normal -0.528098 -0.849183 -0
    outer loop
      vertex 8.25 -39.4042 5.8
      vertex 7.44423 -38.9031 5
      vertex 8.25 -39.4042 5
    endloop
  endfacet
  facet normal 0.773003 0.634402 0
    outer loop
      vertex 27.0036 -18.0197 5.8
      vertex 26.4017 -17.2863 5
      vertex 26.4017 -17.2863 5.8
    endloop
  endfacet
  facet normal 0.773003 0.634402 0
    outer loop
      vertex 26.4017 -17.2863 5
      vertex 27.0036 -18.0197 5.8
      vertex 27.0036 -18.0197 5
    endloop
  endfacet
  facet normal -0.352229 0.935914 0
    outer loop
      vertex 10.8391 -13.1163 5
      vertex 9.95109 -13.4505 5.8
      vertex 10.8391 -13.1163 5.8
    endloop
  endfacet
  facet normal -0.352229 0.935914 0
    outer loop
      vertex 9.95109 -13.4505 5.8
      vertex 10.8391 -13.1163 5
      vertex 9.95109 -13.4505 5
    endloop
  endfacet
  facet normal -0.973877 -0.227076 0
    outer loop
      vertex 1.49408 -30.5997 5
      vertex 1.27861 -29.6756 5.8
      vertex 1.27861 -29.6756 5
    endloop
  endfacet
  facet normal -0.973877 -0.227076 0
    outer loop
      vertex 1.27861 -29.6756 5.8
      vertex 1.49408 -30.5997 5
      vertex 1.49408 -30.5997 5.8
    endloop
  endfacet
  facet normal 0.773046 -0.634351 0
    outer loop
      vertex 26.4017 -36.4073 5.8
      vertex 27.0036 -35.6738 5
      vertex 27.0036 -35.6738 5.8
    endloop
  endfacet
  facet normal 0.773046 -0.634351 0
    outer loop
      vertex 27.0036 -35.6738 5
      vertex 26.4017 -36.4073 5.8
      vertex 26.4017 -36.4073 5
    endloop
  endfacet
  facet normal 0.634351 -0.773046 0
    outer loop
      vertex 24.327 -38.3504 5
      vertex 25.0605 -37.7485 5.8
      vertex 24.327 -38.3504 5.8
    endloop
  endfacet
  facet normal 0.634351 -0.773046 0
    outer loop
      vertex 25.0605 -37.7485 5.8
      vertex 24.327 -38.3504 5
      vertex 25.0605 -37.7485 5
    endloop
  endfacet
  facet normal 0.849192 -0.528084 0
    outer loop
      vertex 27.5563 -34.9026 5.8
      vertex 28.0574 -34.0968 5
      vertex 28.0574 -34.0968 5.8
    endloop
  endfacet
  facet normal 0.849192 -0.528084 0
    outer loop
      vertex 28.0574 -34.0968 5
      vertex 27.5563 -34.9026 5.8
      vertex 27.5563 -34.9026 5
    endloop
  endfacet
  facet normal 0.935913 0.352232 0
    outer loop
      vertex 29.2305 -22.1859 5.8
      vertex 28.8963 -21.2979 5
      vertex 28.8963 -21.2979 5.8
    endloop
  endfacet
  facet normal 0.935913 0.352232 0
    outer loop
      vertex 28.8963 -21.2979 5
      vertex 29.2305 -22.1859 5.8
      vertex 29.2305 -22.1859 5
    endloop
  endfacet
  facet normal 0.995175 -0.0981158 0
    outer loop
      vertex 29.8759 -28.7394 5.8
      vertex 29.969 -27.7951 5
      vertex 29.969 -27.7951 5.8
    endloop
  endfacet
  facet normal 0.995175 -0.0981158 0
    outer loop
      vertex 29.969 -27.7951 5
      vertex 29.8759 -28.7394 5.8
      vertex 29.8759 -28.7394 5
    endloop
  endfacet
  facet normal 0.227106 -0.97387 0
    outer loop
      vertex 18.3288 -41.0682 5
      vertex 19.2529 -40.8527 5.8
      vertex 18.3288 -41.0682 5.8
    endloop
  endfacet
  facet normal 0.227106 -0.97387 0
    outer loop
      vertex 19.2529 -40.8527 5.8
      vertex 18.3288 -41.0682 5
      vertex 19.2529 -40.8527 5
    endloop
  endfacet
  facet normal -0.849211 -0.528054 0
    outer loop
      vertex 3.44369 -34.9026 5
      vertex 2.94263 -34.0968 5.8
      vertex 2.94263 -34.0968 5
    endloop
  endfacet
  facet normal -0.849211 -0.528054 0
    outer loop
      vertex 2.94263 -34.0968 5.8
      vertex 3.44369 -34.9026 5
      vertex 3.44369 -34.9026 5.8
    endloop
  endfacet
  facet normal -0.528098 0.849183 0
    outer loop
      vertex 8.25 -14.2894 5
      vertex 7.44423 -14.7905 5.8
      vertex 8.25 -14.2894 5.8
    endloop
  endfacet
  facet normal -0.528098 0.849183 0
    outer loop
      vertex 7.44423 -14.7905 5.8
      vertex 8.25 -14.2894 5
      vertex 7.44423 -14.7905 5
    endloop
  endfacet
  facet normal -0.0980115 -0.995185 0
    outer loop
      vertex 13.6074 -41.2227 5
      vertex 14.5517 -41.3157 5.8
      vertex 13.6074 -41.2227 5.8
    endloop
  endfacet
  facet normal -0.0980115 -0.995185 -0
    outer loop
      vertex 14.5517 -41.3157 5.8
      vertex 13.6074 -41.2227 5
      vertex 14.5517 -41.3157 5
    endloop
  endfacet
  facet normal 0.999466 -0.0326726 0
    outer loop
      vertex 29.969 -27.7951 5.8
      vertex 30 -26.8468 5
      vertex 30 -26.8468 5.8
    endloop
  endfacet
  facet normal 0.999466 -0.0326726 0
    outer loop
      vertex 30 -26.8468 5
      vertex 29.969 -27.7951 5.8
      vertex 29.969 -27.7951 5
    endloop
  endfacet
  facet normal -0.812819 -0.582517 0
    outer loop
      vertex 3.99638 -35.6738 5
      vertex 3.44369 -34.9026 5.8
      vertex 3.44369 -34.9026 5
    endloop
  endfacet
  facet normal -0.812819 -0.582517 0
    outer loop
      vertex 3.44369 -34.9026 5.8
      vertex 3.99638 -35.6738 5
      vertex 3.99638 -35.6738 5.8
    endloop
  endfacet
  facet normal -0.995185 -0.0980115 0
    outer loop
      vertex 1.12405 -28.7394 5
      vertex 1.03105 -27.7951 5.8
      vertex 1.03105 -27.7951 5
    endloop
  endfacet
  facet normal -0.995185 -0.0980115 0
    outer loop
      vertex 1.03105 -27.7951 5.8
      vertex 1.12405 -28.7394 5
      vertex 1.12405 -28.7394 5.8
    endloop
  endfacet
  facet normal 0.0980115 0.995185 -0
    outer loop
      vertex 17.3926 -12.4708 5
      vertex 16.4483 -12.3778 5.8
      vertex 17.3926 -12.4708 5.8
    endloop
  endfacet
  facet normal 0.0980115 0.995185 0
    outer loop
      vertex 16.4483 -12.3778 5.8
      vertex 17.3926 -12.4708 5
      vertex 16.4483 -12.3778 5
    endloop
  endfacet
  facet normal -0.0326726 0.999466 0
    outer loop
      vertex 15.5 -12.3468 5
      vertex 14.5517 -12.3778 5.8
      vertex 15.5 -12.3468 5.8
    endloop
  endfacet
  facet normal -0.0326726 0.999466 0
    outer loop
      vertex 14.5517 -12.3778 5.8
      vertex 15.5 -12.3468 5
      vertex 14.5517 -12.3778 5
    endloop
  endfacet
  facet normal -0.0980115 0.995185 0
    outer loop
      vertex 14.5517 -12.3778 5
      vertex 13.6074 -12.4708 5.8
      vertex 14.5517 -12.3778 5.8
    endloop
  endfacet
  facet normal -0.0980115 0.995185 0
    outer loop
      vertex 13.6074 -12.4708 5.8
      vertex 14.5517 -12.3778 5
      vertex 13.6074 -12.4708 5
    endloop
  endfacet
  facet normal -0.999464 -0.0327253 0
    outer loop
      vertex 1.03105 -27.7951 5
      vertex 1 -26.8468 5.8
      vertex 1 -26.8468 5
    endloop
  endfacet
  facet normal -0.999464 -0.0327253 0
    outer loop
      vertex 1 -26.8468 5.8
      vertex 1.03105 -27.7951 5
      vertex 1.03105 -27.7951 5.8
    endloop
  endfacet
  facet normal 0.290247 0.956952 -0
    outer loop
      vertex 20.1609 -13.1163 5
      vertex 19.2529 -12.8409 5.8
      vertex 20.1609 -13.1163 5.8
    endloop
  endfacet
  facet normal 0.290247 0.956952 0
    outer loop
      vertex 19.2529 -12.8409 5.8
      vertex 20.1609 -13.1163 5
      vertex 19.2529 -12.8409 5
    endloop
  endfacet
  facet normal 0.68365 -0.72981 0
    outer loop
      vertex 25.0605 -37.7485 5
      vertex 25.753 -37.0998 5.8
      vertex 25.0605 -37.7485 5.8
    endloop
  endfacet
  facet normal 0.68365 -0.72981 0
    outer loop
      vertex 25.753 -37.0998 5.8
      vertex 25.0605 -37.7485 5
      vertex 25.753 -37.0998 5
    endloop
  endfacet
  facet normal -0.412707 -0.910864 0
    outer loop
      vertex 9.08681 -39.8514 5
      vertex 9.95109 -40.243 5.8
      vertex 9.08681 -39.8514 5.8
    endloop
  endfacet
  facet normal -0.412707 -0.910864 -0
    outer loop
      vertex 9.95109 -40.243 5.8
      vertex 9.08681 -39.8514 5
      vertex 9.95109 -40.243 5
    endloop
  endfacet
  facet normal -0.986645 -0.162888 0
    outer loop
      vertex 1.27861 -29.6756 5
      vertex 1.12405 -28.7394 5.8
      vertex 1.12405 -28.7394 5
    endloop
  endfacet
  facet normal -0.986645 -0.162888 0
    outer loop
      vertex 1.12405 -28.7394 5.8
      vertex 1.27861 -29.6756 5
      vertex 1.27861 -29.6756 5.8
    endloop
  endfacet
  facet normal -0.729847 -0.683611 0
    outer loop
      vertex 5.24695 -37.0998 5
      vertex 4.59832 -36.4073 5.8
      vertex 4.59832 -36.4073 5
    endloop
  endfacet
  facet normal -0.729847 -0.683611 0
    outer loop
      vertex 4.59832 -36.4073 5.8
      vertex 5.24695 -37.0998 5
      vertex 5.24695 -37.0998 5.8
    endloop
  endfacet
  facet normal 0.352324 -0.935878 0
    outer loop
      vertex 20.1609 -40.5773 5
      vertex 21.0489 -40.243 5.8
      vertex 20.1609 -40.5773 5.8
    endloop
  endfacet
  facet normal 0.352324 -0.935878 0
    outer loop
      vertex 21.0489 -40.243 5.8
      vertex 20.1609 -40.5773 5
      vertex 21.0489 -40.243 5
    endloop
  endfacet
  facet normal 0.352232 0.935913 -0
    outer loop
      vertex 21.0489 -13.4505 5
      vertex 20.1609 -13.1163 5.8
      vertex 21.0489 -13.4505 5.8
    endloop
  endfacet
  facet normal 0.352232 0.935913 0
    outer loop
      vertex 20.1609 -13.1163 5.8
      vertex 21.0489 -13.4505 5
      vertex 20.1609 -13.1163 5
    endloop
  endfacet
  facet normal 0.683594 0.729863 -0
    outer loop
      vertex 25.753 -16.5937 5
      vertex 25.0605 -15.9451 5.8
      vertex 25.753 -16.5937 5.8
    endloop
  endfacet
  facet normal 0.683594 0.729863 0
    outer loop
      vertex 25.0605 -15.9451 5.8
      vertex 25.753 -16.5937 5
      vertex 25.0605 -15.9451 5
    endloop
  endfacet
  facet normal 0.881912 0.471414 0
    outer loop
      vertex 28.5047 -20.4336 5.8
      vertex 28.0574 -19.5968 5
      vertex 28.0574 -19.5968 5.8
    endloop
  endfacet
  facet normal 0.881912 0.471414 0
    outer loop
      vertex 28.0574 -19.5968 5
      vertex 28.5047 -20.4336 5.8
      vertex 28.5047 -20.4336 5
    endloop
  endfacet
  facet normal 0.634351 0.773046 -0
    outer loop
      vertex 25.0605 -15.9451 5
      vertex 24.327 -15.3432 5.8
      vertex 25.0605 -15.9451 5.8
    endloop
  endfacet
  facet normal 0.634351 0.773046 0
    outer loop
      vertex 24.327 -15.3432 5.8
      vertex 25.0605 -15.9451 5
      vertex 24.327 -15.3432 5
    endloop
  endfacet
  facet normal 0.935913 -0.352232 0
    outer loop
      vertex 28.8963 -32.3957 5.8
      vertex 29.2305 -31.5077 5
      vertex 29.2305 -31.5077 5.8
    endloop
  endfacet
  facet normal 0.935913 -0.352232 0
    outer loop
      vertex 29.2305 -31.5077 5
      vertex 28.8963 -32.3957 5.8
      vertex 28.8963 -32.3957 5
    endloop
  endfacet
  facet normal -0.956943 0.290276 0
    outer loop
      vertex 1.49408 -23.0939 5
      vertex 1.76951 -22.1859 5.8
      vertex 1.76951 -22.1859 5
    endloop
  endfacet
  facet normal -0.956943 0.290276 0
    outer loop
      vertex 1.76951 -22.1859 5.8
      vertex 1.49408 -23.0939 5
      vertex 1.49408 -23.0939 5.8
    endloop
  endfacet
  facet normal -0.935899 0.352269 0
    outer loop
      vertex 1.76951 -22.1859 5
      vertex 2.10375 -21.2979 5.8
      vertex 2.10375 -21.2979 5
    endloop
  endfacet
  facet normal -0.935899 0.352269 0
    outer loop
      vertex 2.10375 -21.2979 5.8
      vertex 1.76951 -22.1859 5
      vertex 1.76951 -22.1859 5.8
    endloop
  endfacet
  facet normal -0.227106 -0.97387 0
    outer loop
      vertex 11.7471 -40.8527 5
      vertex 12.6712 -41.0682 5.8
      vertex 11.7471 -40.8527 5.8
    endloop
  endfacet
  facet normal -0.227106 -0.97387 -0
    outer loop
      vertex 12.6712 -41.0682 5.8
      vertex 11.7471 -40.8527 5
      vertex 12.6712 -41.0682 5
    endloop
  endfacet
  facet normal -0.634366 0.773033 0
    outer loop
      vertex 6.67296 -15.3432 5
      vertex 5.93949 -15.9451 5.8
      vertex 6.67296 -15.3432 5.8
    endloop
  endfacet
  facet normal -0.634366 0.773033 0
    outer loop
      vertex 5.93949 -15.9451 5.8
      vertex 6.67296 -15.3432 5
      vertex 5.93949 -15.9451 5
    endloop
  endfacet
  facet normal -0.0327779 -0.999463 0
    outer loop
      vertex 14.5517 -41.3157 5
      vertex 15.5 -41.3468 5.8
      vertex 14.5517 -41.3157 5.8
    endloop
  endfacet
  facet normal -0.0327779 -0.999463 -0
    outer loop
      vertex 15.5 -41.3468 5.8
      vertex 14.5517 -41.3157 5
      vertex 15.5 -41.3468 5
    endloop
  endfacet
  facet normal -0.290247 0.956952 0
    outer loop
      vertex 11.7471 -12.8409 5
      vertex 10.8391 -13.1163 5.8
      vertex 11.7471 -12.8409 5.8
    endloop
  endfacet
  facet normal -0.290247 0.956952 0
    outer loop
      vertex 10.8391 -13.1163 5.8
      vertex 11.7471 -12.8409 5
      vertex 10.8391 -13.1163 5
    endloop
  endfacet
  facet normal 0.412699 0.910867 -0
    outer loop
      vertex 21.9132 -13.8421 5
      vertex 21.0489 -13.4505 5.8
      vertex 21.9132 -13.8421 5.8
    endloop
  endfacet
  facet normal 0.412699 0.910867 0
    outer loop
      vertex 21.0489 -13.4505 5.8
      vertex 21.9132 -13.8421 5
      vertex 21.0489 -13.4505 5
    endloop
  endfacet
  facet normal 0.729859 0.683598 0
    outer loop
      vertex 26.4017 -17.2863 5.8
      vertex 25.753 -16.5937 5
      vertex 25.753 -16.5937 5.8
    endloop
  endfacet
  facet normal 0.729859 0.683598 0
    outer loop
      vertex 25.753 -16.5937 5
      vertex 26.4017 -17.2863 5.8
      vertex 26.4017 -17.2863 5
    endloop
  endfacet
  facet normal -0.999464 0.0327218 0
    outer loop
      vertex 1 -26.8468 5
      vertex 1.03105 -25.8984 5.8
      vertex 1.03105 -25.8984 5
    endloop
  endfacet
  facet normal -0.999464 0.0327218 0
    outer loop
      vertex 1.03105 -25.8984 5.8
      vertex 1 -26.8468 5
      vertex 1 -26.8468 5.8
    endloop
  endfacet
  facet normal 0.986655 0.162826 0
    outer loop
      vertex 29.8759 -24.9542 5.8
      vertex 29.7214 -24.018 5
      vertex 29.7214 -24.018 5.8
    endloop
  endfacet
  facet normal 0.986655 0.162826 0
    outer loop
      vertex 29.7214 -24.018 5
      vertex 29.8759 -24.9542 5.8
      vertex 29.8759 -24.9542 5
    endloop
  endfacet
  facet normal -0.995184 0.0980218 0
    outer loop
      vertex 1.03105 -25.8984 5
      vertex 1.12405 -24.9542 5.8
      vertex 1.12405 -24.9542 5
    endloop
  endfacet
  facet normal -0.995184 0.0980218 0
    outer loop
      vertex 1.12405 -24.9542 5.8
      vertex 1.03105 -25.8984 5
      vertex 1.03105 -25.8984 5.8
    endloop
  endfacet
  facet normal -0.772982 0.634427 0
    outer loop
      vertex 3.99638 -18.0197 5
      vertex 4.59832 -17.2863 5.8
      vertex 4.59832 -17.2863 5
    endloop
  endfacet
  facet normal -0.772982 0.634427 0
    outer loop
      vertex 4.59832 -17.2863 5.8
      vertex 3.99638 -18.0197 5
      vertex 3.99638 -18.0197 5.8
    endloop
  endfacet
  facet normal 0.162826 -0.986655 0
    outer loop
      vertex 17.3926 -41.2227 5
      vertex 18.3288 -41.0682 5.8
      vertex 17.3926 -41.2227 5.8
    endloop
  endfacet
  facet normal 0.162826 -0.986655 0
    outer loop
      vertex 18.3288 -41.0682 5.8
      vertex 17.3926 -41.2227 5
      vertex 18.3288 -41.0682 5
    endloop
  endfacet
  facet normal -0.290247 -0.956952 0
    outer loop
      vertex 10.8391 -40.5773 5
      vertex 11.7471 -40.8527 5.8
      vertex 10.8391 -40.5773 5.8
    endloop
  endfacet
  facet normal -0.290247 -0.956952 -0
    outer loop
      vertex 11.7471 -40.8527 5.8
      vertex 10.8391 -40.5773 5
      vertex 11.7471 -40.8527 5
    endloop
  endfacet
  facet normal -0.881921 0.471398 0
    outer loop
      vertex 2.49535 -20.4336 5
      vertex 2.94263 -19.5968 5.8
      vertex 2.94263 -19.5968 5
    endloop
  endfacet
  facet normal -0.881921 0.471398 0
    outer loop
      vertex 2.94263 -19.5968 5.8
      vertex 2.49535 -20.4336 5
      vertex 2.49535 -20.4336 5.8
    endloop
  endfacet
  facet normal 0.412699 -0.910867 0
    outer loop
      vertex 21.0489 -40.243 5
      vertex 21.9132 -39.8514 5.8
      vertex 21.0489 -40.243 5.8
    endloop
  endfacet
  facet normal 0.412699 -0.910867 0
    outer loop
      vertex 21.9132 -39.8514 5.8
      vertex 21.0489 -40.243 5
      vertex 21.9132 -39.8514 5
    endloop
  endfacet
  facet normal -0.162826 -0.986655 0
    outer loop
      vertex 12.6712 -41.0682 5
      vertex 13.6074 -41.2227 5.8
      vertex 12.6712 -41.0682 5.8
    endloop
  endfacet
  facet normal -0.162826 -0.986655 -0
    outer loop
      vertex 13.6074 -41.2227 5.8
      vertex 12.6712 -41.0682 5
      vertex 13.6074 -41.2227 5
    endloop
  endfacet
  facet normal -0.773025 -0.634376 0
    outer loop
      vertex 4.59832 -36.4073 5
      vertex 3.99638 -35.6738 5.8
      vertex 3.99638 -35.6738 5
    endloop
  endfacet
  facet normal -0.773025 -0.634376 0
    outer loop
      vertex 3.99638 -35.6738 5.8
      vertex 4.59832 -36.4073 5
      vertex 4.59832 -36.4073 5.8
    endloop
  endfacet
  facet normal 0.582524 -0.812814 0
    outer loop
      vertex 23.5558 -38.9031 5
      vertex 24.327 -38.3504 5.8
      vertex 23.5558 -38.9031 5.8
    endloop
  endfacet
  facet normal 0.582524 -0.812814 0
    outer loop
      vertex 24.327 -38.3504 5.8
      vertex 23.5558 -38.9031 5
      vertex 24.327 -38.3504 5
    endloop
  endfacet
  facet normal 0.162929 0.986638 -0
    outer loop
      vertex 18.3288 -12.6254 5
      vertex 17.3926 -12.4708 5.8
      vertex 18.3288 -12.6254 5.8
    endloop
  endfacet
  facet normal 0.162929 0.986638 0
    outer loop
      vertex 17.3926 -12.4708 5.8
      vertex 18.3288 -12.6254 5
      vertex 17.3926 -12.4708 5
    endloop
  endfacet
  facet normal 0.290247 -0.956952 0
    outer loop
      vertex 19.2529 -40.8527 5
      vertex 20.1609 -40.5773 5.8
      vertex 19.2529 -40.8527 5.8
    endloop
  endfacet
  facet normal 0.290247 -0.956952 0
    outer loop
      vertex 20.1609 -40.5773 5.8
      vertex 19.2529 -40.8527 5
      vertex 20.1609 -40.5773 5
    endloop
  endfacet
  facet normal -0.956943 -0.290276 0
    outer loop
      vertex 1.76951 -31.5077 5
      vertex 1.49408 -30.5997 5.8
      vertex 1.49408 -30.5997 5
    endloop
  endfacet
  facet normal -0.956943 -0.290276 0
    outer loop
      vertex 1.49408 -30.5997 5.8
      vertex 1.76951 -31.5077 5
      vertex 1.76951 -31.5077 5.8
    endloop
  endfacet
  facet normal -0.910867 -0.412699 0
    outer loop
      vertex 2.49535 -33.26 5
      vertex 2.10375 -32.3957 5.8
      vertex 2.10375 -32.3957 5
    endloop
  endfacet
  facet normal -0.910867 -0.412699 0
    outer loop
      vertex 2.10375 -32.3957 5.8
      vertex 2.49535 -33.26 5
      vertex 2.49535 -33.26 5.8
    endloop
  endfacet
  facet normal -0.729896 0.683558 0
    outer loop
      vertex 4.59832 -17.2863 5
      vertex 5.24695 -16.5937 5.8
      vertex 5.24695 -16.5937 5
    endloop
  endfacet
  facet normal -0.729896 0.683558 0
    outer loop
      vertex 5.24695 -16.5937 5.8
      vertex 4.59832 -17.2863 5
      vertex 4.59832 -17.2863 5.8
    endloop
  endfacet
  facet normal 0.97387 -0.227106 0
    outer loop
      vertex 29.5059 -30.5997 5.8
      vertex 29.7214 -29.6756 5
      vertex 29.7214 -29.6756 5.8
    endloop
  endfacet
  facet normal 0.97387 -0.227106 0
    outer loop
      vertex 29.7214 -29.6756 5
      vertex 29.5059 -30.5997 5.8
      vertex 29.5059 -30.5997 5
    endloop
  endfacet
  facet normal 0.986655 -0.162826 0
    outer loop
      vertex 29.7214 -29.6756 5.8
      vertex 29.8759 -28.7394 5
      vertex 29.8759 -28.7394 5.8
    endloop
  endfacet
  facet normal 0.986655 -0.162826 0
    outer loop
      vertex 29.8759 -28.7394 5
      vertex 29.7214 -29.6756 5.8
      vertex 29.7214 -29.6756 5
    endloop
  endfacet
  facet normal -0.973877 0.227076 0
    outer loop
      vertex 1.27861 -24.018 5
      vertex 1.49408 -23.0939 5.8
      vertex 1.49408 -23.0939 5
    endloop
  endfacet
  facet normal -0.973877 0.227076 0
    outer loop
      vertex 1.49408 -23.0939 5.8
      vertex 1.27861 -24.018 5
      vertex 1.27861 -24.018 5.8
    endloop
  endfacet
  facet normal 0 0 1
    outer loop
      vertex 26.35 -26.8468 5.8
      vertex 30 -26.8468 5.8
      vertex 29.969 -25.8984 5.8
    endloop
  endfacet
  facet normal 0 0 1
    outer loop
      vertex 26.3268 -26.1372 5.8
      vertex 29.969 -25.8984 5.8
      vertex 29.8759 -24.9542 5.8
    endloop
  endfacet
  facet normal 0 0 1
    outer loop
      vertex 26.2572 -25.4306 5.8
      vertex 29.8759 -24.9542 5.8
      vertex 29.7214 -24.018 5.8
    endloop
  endfacet
  facet normal 0 0 1
    outer loop
      vertex 30 -26.8468 5.8
      vertex 26.35 -26.8468 5.8
      vertex 29.969 -27.7951 5.8
    endloop
  endfacet
  facet normal 0 0 1
    outer loop
      vertex 26.1415 -24.7301 5.8
      vertex 29.7214 -24.018 5.8
      vertex 29.5059 -23.0939 5.8
    endloop
  endfacet
  facet normal -0 0 1
    outer loop
      vertex 26.3268 -27.5564 5.8
      vertex 29.969 -27.7951 5.8
      vertex 26.35 -26.8468 5.8
    endloop
  endfacet
  facet normal 0 0 1
    outer loop
      vertex 25.9803 -24.0386 5.8
      vertex 29.5059 -23.0939 5.8
      vertex 29.2305 -22.1859 5.8
    endloop
  endfacet
  facet normal -0 0 1
    outer loop
      vertex 26.3221 -27.6043 5.8
      vertex 29.969 -27.7951 5.8
      vertex 26.3268 -27.5564 5.8
    endloop
  endfacet
  facet normal 0 0 1
    outer loop
      vertex 25.7742 -23.3592 5.8
      vertex 29.2305 -22.1859 5.8
      vertex 28.8963 -21.2979 5.8
    endloop
  endfacet
  facet normal 0 0 1
    outer loop
      vertex 29.969 -27.7951 5.8
      vertex 26.3221 -27.6043 5.8
      vertex 29.8759 -28.7394 5.8
    endloop
  endfacet
  facet normal 0 0 1
    outer loop
      vertex 25.5241 -22.6947 5.8
      vertex 28.8963 -21.2979 5.8
      vertex 28.5047 -20.4336 5.8
    endloop
  endfacet
  facet normal -0 0 1
    outer loop
      vertex 26.2572 -28.263 5.8
      vertex 29.8759 -28.7394 5.8
      vertex 26.3221 -27.6043 5.8
    endloop
  endfacet
  facet normal 0 0 1
    outer loop
      vertex 25.2311 -22.048 5.8
      vertex 28.5047 -20.4336 5.8
      vertex 28.0574 -19.5968 5.8
    endloop
  endfacet
  facet normal 0 0 1
    outer loop
      vertex 26.1494 -28.916 5.8
      vertex 29.8759 -28.7394 5.8
      vertex 26.2572 -28.263 5.8
    endloop
  endfacet
  facet normal 0 0 1
    outer loop
      vertex 24.8964 -21.4218 5.8
      vertex 28.0574 -19.5968 5.8
      vertex 27.5563 -18.791 5.8
    endloop
  endfacet
  facet normal 0 0 1
    outer loop
      vertex 29.8759 -28.7394 5.8
      vertex 26.1494 -28.916 5.8
      vertex 29.7214 -29.6756 5.8
    endloop
  endfacet
  facet normal 0 0 1
    outer loop
      vertex 24.5214 -20.8188 5.8
      vertex 27.5563 -18.791 5.8
      vertex 27.0036 -18.0197 5.8
    endloop
  endfacet
  facet normal -0 0 1
    outer loop
      vertex 26.1415 -28.9635 5.8
      vertex 29.7214 -29.6756 5.8
      vertex 26.1494 -28.916 5.8
    endloop
  endfacet
  facet normal 0 0 1
    outer loop
      vertex 24.1079 -20.2417 5.8
      vertex 27.0036 -18.0197 5.8
      vertex 26.4017 -17.2863 5.8
    endloop
  endfacet
  facet normal 0 0 1
    outer loop
      vertex 29.7214 -29.6756 5.8
      vertex 26.1415 -28.9635 5.8
      vertex 29.5059 -30.5997 5.8
    endloop
  endfacet
  facet normal -0 0 1
    outer loop
      vertex 25.9803 -29.655 5.8
      vertex 29.5059 -30.5997 5.8
      vertex 26.1415 -28.9635 5.8
    endloop
  endfacet
  facet normal 0 0 1
    outer loop
      vertex 29.969 -25.8984 5.8
      vertex 26.3268 -26.1372 5.8
      vertex 26.35 -26.8468 5.8
    endloop
  endfacet
  facet normal 0 0 1
    outer loop
      vertex 29.8759 -24.9542 5.8
      vertex 26.2572 -25.4306 5.8
      vertex 26.3268 -26.1372 5.8
    endloop
  endfacet
  facet normal 0 0 1
    outer loop
      vertex 29.7214 -24.018 5.8
      vertex 26.1415 -24.7301 5.8
      vertex 26.2572 -25.4306 5.8
    endloop
  endfacet
  facet normal 0 0 1
    outer loop
      vertex 29.5059 -23.0939 5.8
      vertex 25.9803 -24.0386 5.8
      vertex 26.1415 -24.7301 5.8
    endloop
  endfacet
  facet normal 0 0 1
    outer loop
      vertex 29.2305 -22.1859 5.8
      vertex 25.7742 -23.3592 5.8
      vertex 25.9803 -24.0386 5.8
    endloop
  endfacet
  facet normal 0 0 1
    outer loop
      vertex 23.6575 -19.6929 5.8
      vertex 26.4017 -17.2863 5.8
      vertex 25.753 -16.5937 5.8
    endloop
  endfacet
  facet normal 0 0 1
    outer loop
      vertex 28.8963 -21.2979 5.8
      vertex 25.5241 -22.6947 5.8
      vertex 25.7742 -23.3592 5.8
    endloop
  endfacet
  facet normal 0 0 1
    outer loop
      vertex 28.5047 -20.4336 5.8
      vertex 25.2311 -22.048 5.8
      vertex 25.5241 -22.6947 5.8
    endloop
  endfacet
  facet normal 0 0 1
    outer loop
      vertex 23.1721 -19.1747 5.8
      vertex 25.753 -16.5937 5.8
      vertex 25.0605 -15.9451 5.8
    endloop
  endfacet
  facet normal 0 0 1
    outer loop
      vertex 28.0574 -19.5968 5.8
      vertex 24.8964 -21.4218 5.8
      vertex 25.2311 -22.048 5.8
    endloop
  endfacet
  facet normal 0 0 1
    outer loop
      vertex 27.5563 -18.791 5.8
      vertex 24.5214 -20.8188 5.8
      vertex 24.8964 -21.4218 5.8
    endloop
  endfacet
  facet normal 0 0 1
    outer loop
      vertex 22.6539 -18.6893 5.8
      vertex 25.0605 -15.9451 5.8
      vertex 24.327 -15.3432 5.8
    endloop
  endfacet
  facet normal 0 0 1
    outer loop
      vertex 27.0036 -18.0197 5.8
      vertex 24.1079 -20.2417 5.8
      vertex 24.5214 -20.8188 5.8
    endloop
  endfacet
  facet normal 0 0 1
    outer loop
      vertex 26.4017 -17.2863 5.8
      vertex 23.6575 -19.6929 5.8
      vertex 24.1079 -20.2417 5.8
    endloop
  endfacet
  facet normal 0 0 1
    outer loop
      vertex 22.1051 -18.2389 5.8
      vertex 24.327 -15.3432 5.8
      vertex 23.5558 -14.7905 5.8
    endloop
  endfacet
  facet normal 0 0 1
    outer loop
      vertex 25.753 -16.5937 5.8
      vertex 23.1721 -19.1747 5.8
      vertex 23.6575 -19.6929 5.8
    endloop
  endfacet
  facet normal 0 0 1
    outer loop
      vertex 21.5279 -17.8253 5.8
      vertex 23.5558 -14.7905 5.8
      vertex 22.75 -14.2894 5.8
    endloop
  endfacet
  facet normal 0 0 1
    outer loop
      vertex 25.0605 -15.9451 5.8
      vertex 22.6539 -18.6893 5.8
      vertex 23.1721 -19.1747 5.8
    endloop
  endfacet
  facet normal 0 0 1
    outer loop
      vertex 24.327 -15.3432 5.8
      vertex 22.1051 -18.2389 5.8
      vertex 22.6539 -18.6893 5.8
    endloop
  endfacet
  facet normal 0 0 1
    outer loop
      vertex 20.925 -17.4504 5.8
      vertex 22.75 -14.2894 5.8
      vertex 21.9132 -13.8421 5.8
    endloop
  endfacet
  facet normal 0 0 1
    outer loop
      vertex 23.5558 -14.7905 5.8
      vertex 21.5279 -17.8253 5.8
      vertex 22.1051 -18.2389 5.8
    endloop
  endfacet
  facet normal 0 0 1
    outer loop
      vertex 20.2988 -17.1157 5.8
      vertex 21.9132 -13.8421 5.8
      vertex 21.0489 -13.4505 5.8
    endloop
  endfacet
  facet normal 0 0 1
    outer loop
      vertex 22.75 -14.2894 5.8
      vertex 20.925 -17.4504 5.8
      vertex 21.5279 -17.8253 5.8
    endloop
  endfacet
  facet normal 0 0 1
    outer loop
      vertex 21.9132 -13.8421 5.8
      vertex 20.2988 -17.1157 5.8
      vertex 20.925 -17.4504 5.8
    endloop
  endfacet
  facet normal 0 0 1
    outer loop
      vertex 19.6521 -16.8227 5.8
      vertex 21.0489 -13.4505 5.8
      vertex 20.1609 -13.1163 5.8
    endloop
  endfacet
  facet normal 0 0 1
    outer loop
      vertex 21.0489 -13.4505 5.8
      vertex 19.6521 -16.8227 5.8
      vertex 20.2988 -17.1157 5.8
    endloop
  endfacet
  facet normal 0 0 1
    outer loop
      vertex 18.9876 -16.5726 5.8
      vertex 20.1609 -13.1163 5.8
      vertex 19.2529 -12.8409 5.8
    endloop
  endfacet
  facet normal 0 0 1
    outer loop
      vertex 20.1609 -13.1163 5.8
      vertex 18.9876 -16.5726 5.8
      vertex 19.6521 -16.8227 5.8
    endloop
  endfacet
  facet normal 0 0 1
    outer loop
      vertex 18.3082 -16.3665 5.8
      vertex 19.2529 -12.8409 5.8
      vertex 18.3288 -12.6254 5.8
    endloop
  endfacet
  facet normal 0 0 1
    outer loop
      vertex 19.2529 -12.8409 5.8
      vertex 18.3082 -16.3665 5.8
      vertex 18.9876 -16.5726 5.8
    endloop
  endfacet
  facet normal 0 0 1
    outer loop
      vertex 18.3288 -12.6254 5.8
      vertex 17.6167 -16.2053 5.8
      vertex 18.3082 -16.3665 5.8
    endloop
  endfacet
  facet normal 0 0 1
    outer loop
      vertex 17.3926 -12.4708 5.8
      vertex 17.6167 -16.2053 5.8
      vertex 18.3288 -12.6254 5.8
    endloop
  endfacet
  facet normal 0 0 1
    outer loop
      vertex 17.3926 -12.4708 5.8
      vertex 16.9162 -16.0896 5.8
      vertex 17.6167 -16.2053 5.8
    endloop
  endfacet
  facet normal 0 0 1
    outer loop
      vertex 16.4483 -12.3778 5.8
      vertex 16.9162 -16.0896 5.8
      vertex 17.3926 -12.4708 5.8
    endloop
  endfacet
  facet normal 0 0 1
    outer loop
      vertex 16.4483 -12.3778 5.8
      vertex 16.2096 -16.02 5.8
      vertex 16.9162 -16.0896 5.8
    endloop
  endfacet
  facet normal 0 0 1
    outer loop
      vertex 15.5 -12.3468 5.8
      vertex 16.2096 -16.02 5.8
      vertex 16.4483 -12.3778 5.8
    endloop
  endfacet
  facet normal 0 0 1
    outer loop
      vertex 15.5 -12.3468 5.8
      vertex 15.5 -15.9968 5.8
      vertex 16.2096 -16.02 5.8
    endloop
  endfacet
  facet normal 0 0 1
    outer loop
      vertex 15.5 -12.3468 5.8
      vertex 14.7904 -16.02 5.8
      vertex 15.5 -15.9968 5.8
    endloop
  endfacet
  facet normal -0 0 1
    outer loop
      vertex 14.5517 -12.3778 5.8
      vertex 14.7904 -16.02 5.8
      vertex 15.5 -12.3468 5.8
    endloop
  endfacet
  facet normal 0 0 1
    outer loop
      vertex 14.5517 -12.3778 5.8
      vertex 14.0838 -16.0896 5.8
      vertex 14.7904 -16.02 5.8
    endloop
  endfacet
  facet normal -0 0 1
    outer loop
      vertex 13.6074 -12.4708 5.8
      vertex 14.0838 -16.0896 5.8
      vertex 14.5517 -12.3778 5.8
    endloop
  endfacet
  facet normal 0 0 1
    outer loop
      vertex 13.6074 -12.4708 5.8
      vertex 13.3833 -16.2053 5.8
      vertex 14.0838 -16.0896 5.8
    endloop
  endfacet
  facet normal -0 0 1
    outer loop
      vertex 12.6712 -12.6254 5.8
      vertex 13.3833 -16.2053 5.8
      vertex 13.6074 -12.4708 5.8
    endloop
  endfacet
  facet normal 0 0 1
    outer loop
      vertex 13.3833 -16.2053 5.8
      vertex 12.6712 -12.6254 5.8
      vertex 12.6918 -16.3665 5.8
    endloop
  endfacet
  facet normal -0 0 1
    outer loop
      vertex 11.7471 -12.8409 5.8
      vertex 12.6918 -16.3665 5.8
      vertex 12.6712 -12.6254 5.8
    endloop
  endfacet
  facet normal 0 0 1
    outer loop
      vertex 12.6918 -16.3665 5.8
      vertex 11.7471 -12.8409 5.8
      vertex 12.0124 -16.5726 5.8
    endloop
  endfacet
  facet normal -0 0 1
    outer loop
      vertex 10.8391 -13.1163 5.8
      vertex 12.0124 -16.5726 5.8
      vertex 11.7471 -12.8409 5.8
    endloop
  endfacet
  facet normal 0 0 1
    outer loop
      vertex 12.0124 -16.5726 5.8
      vertex 10.8391 -13.1163 5.8
      vertex 11.3479 -16.8227 5.8
    endloop
  endfacet
  facet normal -0 0 1
    outer loop
      vertex 9.95109 -13.4505 5.8
      vertex 11.3479 -16.8227 5.8
      vertex 10.8391 -13.1163 5.8
    endloop
  endfacet
  facet normal 0 0 1
    outer loop
      vertex 11.3479 -16.8227 5.8
      vertex 9.95109 -13.4505 5.8
      vertex 10.7012 -17.1157 5.8
    endloop
  endfacet
  facet normal -0 0 1
    outer loop
      vertex 9.08681 -13.8421 5.8
      vertex 10.7012 -17.1157 5.8
      vertex 9.95109 -13.4505 5.8
    endloop
  endfacet
  facet normal 0 0 1
    outer loop
      vertex 10.7012 -17.1157 5.8
      vertex 9.08681 -13.8421 5.8
      vertex 10.075 -17.4504 5.8
    endloop
  endfacet
  facet normal -0 0 1
    outer loop
      vertex 8.25 -14.2894 5.8
      vertex 10.075 -17.4504 5.8
      vertex 9.08681 -13.8421 5.8
    endloop
  endfacet
  facet normal 0 0 1
    outer loop
      vertex 10.075 -17.4504 5.8
      vertex 8.25 -14.2894 5.8
      vertex 9.47206 -17.8253 5.8
    endloop
  endfacet
  facet normal -0 0 1
    outer loop
      vertex 7.44423 -14.7905 5.8
      vertex 9.47206 -17.8253 5.8
      vertex 8.25 -14.2894 5.8
    endloop
  endfacet
  facet normal 0 0 1
    outer loop
      vertex 9.47206 -17.8253 5.8
      vertex 7.44423 -14.7905 5.8
      vertex 8.89494 -18.2389 5.8
    endloop
  endfacet
  facet normal -0 0 1
    outer loop
      vertex 6.67296 -15.3432 5.8
      vertex 8.89494 -18.2389 5.8
      vertex 7.44423 -14.7905 5.8
    endloop
  endfacet
  facet normal 0 0 1
    outer loop
      vertex 8.89494 -18.2389 5.8
      vertex 6.67296 -15.3432 5.8
      vertex 8.3461 -18.6893 5.8
    endloop
  endfacet
  facet normal -0 0 1
    outer loop
      vertex 5.93949 -15.9451 5.8
      vertex 8.3461 -18.6893 5.8
      vertex 6.67296 -15.3432 5.8
    endloop
  endfacet
  facet normal 0 0 1
    outer loop
      vertex 8.3461 -18.6893 5.8
      vertex 5.93949 -15.9451 5.8
      vertex 7.82789 -19.1747 5.8
    endloop
  endfacet
  facet normal -0 0 1
    outer loop
      vertex 5.24695 -16.5937 5.8
      vertex 7.82789 -19.1747 5.8
      vertex 5.93949 -15.9451 5.8
    endloop
  endfacet
  facet normal 0 0 1
    outer loop
      vertex 7.82789 -19.1747 5.8
      vertex 5.24695 -16.5937 5.8
      vertex 7.34254 -19.6929 5.8
    endloop
  endfacet
  facet normal -0 0 1
    outer loop
      vertex 4.59832 -17.2863 5.8
      vertex 7.34254 -19.6929 5.8
      vertex 5.24695 -16.5937 5.8
    endloop
  endfacet
  facet normal 0 0 1
    outer loop
      vertex 7.34254 -19.6929 5.8
      vertex 4.59832 -17.2863 5.8
      vertex 6.89212 -20.2417 5.8
    endloop
  endfacet
  facet normal -0 0 1
    outer loop
      vertex 3.99638 -18.0197 5.8
      vertex 6.89212 -20.2417 5.8
      vertex 4.59832 -17.2863 5.8
    endloop
  endfacet
  facet normal 0 0 1
    outer loop
      vertex 6.89212 -20.2417 5.8
      vertex 3.99638 -18.0197 5.8
      vertex 6.47855 -20.8188 5.8
    endloop
  endfacet
  facet normal -0 0 1
    outer loop
      vertex 3.44369 -18.791 5.8
      vertex 6.47855 -20.8188 5.8
      vertex 3.99638 -18.0197 5.8
    endloop
  endfacet
  facet normal 0 0 1
    outer loop
      vertex 6.47855 -20.8188 5.8
      vertex 3.44369 -18.791 5.8
      vertex 6.10362 -21.4218 5.8
    endloop
  endfacet
  facet normal -0 0 1
    outer loop
      vertex 2.94263 -19.5968 5.8
      vertex 6.10362 -21.4218 5.8
      vertex 3.44369 -18.791 5.8
    endloop
  endfacet
  facet normal 0 0 1
    outer loop
      vertex 6.10362 -21.4218 5.8
      vertex 2.94263 -19.5968 5.8
      vertex 5.76893 -22.048 5.8
    endloop
  endfacet
  facet normal -0 0 1
    outer loop
      vertex 2.49535 -20.4336 5.8
      vertex 5.76893 -22.048 5.8
      vertex 2.94263 -19.5968 5.8
    endloop
  endfacet
  facet normal 0 0 1
    outer loop
      vertex 5.76893 -22.048 5.8
      vertex 2.49535 -20.4336 5.8
      vertex 5.47591 -22.6947 5.8
    endloop
  endfacet
  facet normal 0 0 1
    outer loop
      vertex 5.47591 -22.6947 5.8
      vertex 2.10375 -21.2979 5.8
      vertex 5.22581 -23.3592 5.8
    endloop
  endfacet
  facet normal -0 0 1
    outer loop
      vertex 2.10375 -21.2979 5.8
      vertex 5.47591 -22.6947 5.8
      vertex 2.49535 -20.4336 5.8
    endloop
  endfacet
  facet normal 0 0 1
    outer loop
      vertex 29.5059 -30.5997 5.8
      vertex 25.9803 -29.655 5.8
      vertex 29.2305 -31.5077 5.8
    endloop
  endfacet
  facet normal -0 0 1
    outer loop
      vertex 25.7742 -30.3344 5.8
      vertex 29.2305 -31.5077 5.8
      vertex 25.9803 -29.655 5.8
    endloop
  endfacet
  facet normal 0 0 1
    outer loop
      vertex 29.2305 -31.5077 5.8
      vertex 25.7742 -30.3344 5.8
      vertex 28.8963 -32.3957 5.8
    endloop
  endfacet
  facet normal -0 0 1
    outer loop
      vertex 25.5241 -30.9989 5.8
      vertex 28.8963 -32.3957 5.8
      vertex 25.7742 -30.3344 5.8
    endloop
  endfacet
  facet normal 0 0 1
    outer loop
      vertex 28.8963 -32.3957 5.8
      vertex 25.5241 -30.9989 5.8
      vertex 28.5047 -33.26 5.8
    endloop
  endfacet
  facet normal -0 0 1
    outer loop
      vertex 25.2311 -31.6456 5.8
      vertex 28.5047 -33.26 5.8
      vertex 25.5241 -30.9989 5.8
    endloop
  endfacet
  facet normal 0 0 1
    outer loop
      vertex 28.5047 -33.26 5.8
      vertex 25.2311 -31.6456 5.8
      vertex 28.0574 -34.0968 5.8
    endloop
  endfacet
  facet normal -0 0 1
    outer loop
      vertex 24.8964 -32.2718 5.8
      vertex 28.0574 -34.0968 5.8
      vertex 25.2311 -31.6456 5.8
    endloop
  endfacet
  facet normal 0 0 1
    outer loop
      vertex 28.0574 -34.0968 5.8
      vertex 24.8964 -32.2718 5.8
      vertex 27.5563 -34.9026 5.8
    endloop
  endfacet
  facet normal -0 0 1
    outer loop
      vertex 24.5214 -32.8747 5.8
      vertex 27.5563 -34.9026 5.8
      vertex 24.8964 -32.2718 5.8
    endloop
  endfacet
  facet normal -0 0 1
    outer loop
      vertex 24.4934 -32.9138 5.8
      vertex 27.5563 -34.9026 5.8
      vertex 24.5214 -32.8747 5.8
    endloop
  endfacet
  facet normal 0 0 1
    outer loop
      vertex 27.5563 -34.9026 5.8
      vertex 24.4934 -32.9138 5.8
      vertex 27.0036 -35.6738 5.8
    endloop
  endfacet
  facet normal -0 0 1
    outer loop
      vertex 24.1079 -33.4519 5.8
      vertex 27.0036 -35.6738 5.8
      vertex 24.4934 -32.9138 5.8
    endloop
  endfacet
  facet normal -0 0 1
    outer loop
      vertex 23.688 -33.9635 5.8
      vertex 27.0036 -35.6738 5.8
      vertex 24.1079 -33.4519 5.8
    endloop
  endfacet
  facet normal 0 0 1
    outer loop
      vertex 27.0036 -35.6738 5.8
      vertex 23.688 -33.9635 5.8
      vertex 26.4017 -36.4073 5.8
    endloop
  endfacet
  facet normal -0 0 1
    outer loop
      vertex 23.6575 -34.0007 5.8
      vertex 26.4017 -36.4073 5.8
      vertex 23.688 -33.9635 5.8
    endloop
  endfacet
  facet normal 0 0 1
    outer loop
      vertex 26.4017 -36.4073 5.8
      vertex 23.6575 -34.0007 5.8
      vertex 25.753 -37.0998 5.8
    endloop
  endfacet
  facet normal -0 0 1
    outer loop
      vertex 23.1721 -34.5189 5.8
      vertex 25.753 -37.0998 5.8
      vertex 23.6575 -34.0007 5.8
    endloop
  endfacet
  facet normal 0 0 1
    outer loop
      vertex 25.753 -37.0998 5.8
      vertex 23.1721 -34.5189 5.8
      vertex 25.0605 -37.7485 5.8
    endloop
  endfacet
  facet normal -0 0 1
    outer loop
      vertex 22.6539 -35.0042 5.8
      vertex 25.0605 -37.7485 5.8
      vertex 23.1721 -34.5189 5.8
    endloop
  endfacet
  facet normal 0 0 1
    outer loop
      vertex 25.0605 -37.7485 5.8
      vertex 22.6539 -35.0042 5.8
      vertex 24.327 -38.3504 5.8
    endloop
  endfacet
  facet normal -0 0 1
    outer loop
      vertex 22.1051 -35.4547 5.8
      vertex 24.327 -38.3504 5.8
      vertex 22.6539 -35.0042 5.8
    endloop
  endfacet
  facet normal 0 0 1
    outer loop
      vertex 24.327 -38.3504 5.8
      vertex 22.1051 -35.4547 5.8
      vertex 23.5558 -38.9031 5.8
    endloop
  endfacet
  facet normal -0 0 1
    outer loop
      vertex 21.5279 -35.8682 5.8
      vertex 23.5558 -38.9031 5.8
      vertex 22.1051 -35.4547 5.8
    endloop
  endfacet
  facet normal -0 0 1
    outer loop
      vertex 21.4871 -35.8936 5.8
      vertex 23.5558 -38.9031 5.8
      vertex 21.5279 -35.8682 5.8
    endloop
  endfacet
  facet normal 0 0 1
    outer loop
      vertex 23.5558 -38.9031 5.8
      vertex 21.4871 -35.8936 5.8
      vertex 22.75 -39.4042 5.8
    endloop
  endfacet
  facet normal -0 0 1
    outer loop
      vertex 20.925 -36.2432 5.8
      vertex 22.75 -39.4042 5.8
      vertex 21.4871 -35.8936 5.8
    endloop
  endfacet
  facet normal -0 0 1
    outer loop
      vertex 20.3413 -36.5552 5.8
      vertex 22.75 -39.4042 5.8
      vertex 20.925 -36.2432 5.8
    endloop
  endfacet
  facet normal 0 0 1
    outer loop
      vertex 22.75 -39.4042 5.8
      vertex 20.3413 -36.5552 5.8
      vertex 21.9132 -39.8514 5.8
    endloop
  endfacet
  facet normal -0 0 1
    outer loop
      vertex 20.2988 -36.5779 5.8
      vertex 21.9132 -39.8514 5.8
      vertex 20.3413 -36.5552 5.8
    endloop
  endfacet
  facet normal 0 0 1
    outer loop
      vertex 21.9132 -39.8514 5.8
      vertex 20.2988 -36.5779 5.8
      vertex 21.0489 -40.243 5.8
    endloop
  endfacet
  facet normal -0 0 1
    outer loop
      vertex 19.6521 -36.8709 5.8
      vertex 21.0489 -40.243 5.8
      vertex 20.2988 -36.5779 5.8
    endloop
  endfacet
  facet normal 0 0 1
    outer loop
      vertex 21.0489 -40.243 5.8
      vertex 19.6521 -36.8709 5.8
      vertex 20.1609 -40.5773 5.8
    endloop
  endfacet
  facet normal -0 0 1
    outer loop
      vertex 18.9876 -37.121 5.8
      vertex 20.1609 -40.5773 5.8
      vertex 19.6521 -36.8709 5.8
    endloop
  endfacet
  facet normal 0 0 1
    outer loop
      vertex 20.1609 -40.5773 5.8
      vertex 18.9876 -37.121 5.8
      vertex 19.2529 -40.8527 5.8
    endloop
  endfacet
  facet normal -0 0 1
    outer loop
      vertex 18.3082 -37.3271 5.8
      vertex 19.2529 -40.8527 5.8
      vertex 18.9876 -37.121 5.8
    endloop
  endfacet
  facet normal 0 0 1
    outer loop
      vertex 19.2529 -40.8527 5.8
      vertex 18.3082 -37.3271 5.8
      vertex 18.3288 -41.0682 5.8
    endloop
  endfacet
  facet normal -0 0 1
    outer loop
      vertex 17.6167 -37.4883 5.8
      vertex 18.3288 -41.0682 5.8
      vertex 18.3082 -37.3271 5.8
    endloop
  endfacet
  facet normal 0 0 1
    outer loop
      vertex 17.6167 -37.4883 5.8
      vertex 17.3926 -41.2227 5.8
      vertex 18.3288 -41.0682 5.8
    endloop
  endfacet
  facet normal -0 0 1
    outer loop
      vertex 16.9162 -37.604 5.8
      vertex 17.3926 -41.2227 5.8
      vertex 17.6167 -37.4883 5.8
    endloop
  endfacet
  facet normal 0 0 1
    outer loop
      vertex 16.9162 -37.604 5.8
      vertex 16.4483 -41.3157 5.8
      vertex 17.3926 -41.2227 5.8
    endloop
  endfacet
  facet normal -0 0 1
    outer loop
      vertex 16.2096 -37.6736 5.8
      vertex 16.4483 -41.3157 5.8
      vertex 16.9162 -37.604 5.8
    endloop
  endfacet
  facet normal -0 0 1
    outer loop
      vertex 15.5 -37.6968 5.8
      vertex 16.4483 -41.3157 5.8
      vertex 16.2096 -37.6736 5.8
    endloop
  endfacet
  facet normal 0 0 1
    outer loop
      vertex 15.5 -37.6968 5.8
      vertex 15.5 -41.3468 5.8
      vertex 16.4483 -41.3157 5.8
    endloop
  endfacet
  facet normal 0 0 1
    outer loop
      vertex 14.7904 -37.6736 5.8
      vertex 15.5 -41.3468 5.8
      vertex 15.5 -37.6968 5.8
    endloop
  endfacet
  facet normal 0 0 1
    outer loop
      vertex 14.7904 -37.6736 5.8
      vertex 14.5517 -41.3157 5.8
      vertex 15.5 -41.3468 5.8
    endloop
  endfacet
  facet normal 0 0 1
    outer loop
      vertex 14.0838 -37.604 5.8
      vertex 14.5517 -41.3157 5.8
      vertex 14.7904 -37.6736 5.8
    endloop
  endfacet
  facet normal 0 0 1
    outer loop
      vertex 14.0838 -37.604 5.8
      vertex 13.6074 -41.2227 5.8
      vertex 14.5517 -41.3157 5.8
    endloop
  endfacet
  facet normal 0 0 1
    outer loop
      vertex 13.3833 -37.4883 5.8
      vertex 13.6074 -41.2227 5.8
      vertex 14.0838 -37.604 5.8
    endloop
  endfacet
  facet normal 0 0 1
    outer loop
      vertex 12.6712 -41.0682 5.8
      vertex 13.3833 -37.4883 5.8
      vertex 12.6918 -37.3271 5.8
    endloop
  endfacet
  facet normal 0 0 1
    outer loop
      vertex 13.3833 -37.4883 5.8
      vertex 12.6712 -41.0682 5.8
      vertex 13.6074 -41.2227 5.8
    endloop
  endfacet
  facet normal 0 0 1
    outer loop
      vertex 11.7471 -40.8527 5.8
      vertex 12.6918 -37.3271 5.8
      vertex 12.0124 -37.121 5.8
    endloop
  endfacet
  facet normal 0 0 1
    outer loop
      vertex 12.6918 -37.3271 5.8
      vertex 11.7471 -40.8527 5.8
      vertex 12.6712 -41.0682 5.8
    endloop
  endfacet
  facet normal 0 0 1
    outer loop
      vertex 10.8391 -40.5773 5.8
      vertex 12.0124 -37.121 5.8
      vertex 11.3479 -36.8709 5.8
    endloop
  endfacet
  facet normal 0 0 1
    outer loop
      vertex 12.0124 -37.121 5.8
      vertex 10.8391 -40.5773 5.8
      vertex 11.7471 -40.8527 5.8
    endloop
  endfacet
  facet normal 0 0 1
    outer loop
      vertex 9.95109 -40.243 5.8
      vertex 11.3479 -36.8709 5.8
      vertex 10.7012 -36.5779 5.8
    endloop
  endfacet
  facet normal 0 0 1
    outer loop
      vertex 9.08681 -39.8514 5.8
      vertex 10.7012 -36.5779 5.8
      vertex 10.075 -36.2432 5.8
    endloop
  endfacet
  facet normal 0 0 1
    outer loop
      vertex 11.3479 -36.8709 5.8
      vertex 9.95109 -40.243 5.8
      vertex 10.8391 -40.5773 5.8
    endloop
  endfacet
  facet normal 0 0 1
    outer loop
      vertex 8.25 -39.4042 5.8
      vertex 10.075 -36.2432 5.8
      vertex 9.47206 -35.8682 5.8
    endloop
  endfacet
  facet normal 0 0 1
    outer loop
      vertex 10.7012 -36.5779 5.8
      vertex 9.08681 -39.8514 5.8
      vertex 9.95109 -40.243 5.8
    endloop
  endfacet
  facet normal 0 0 1
    outer loop
      vertex 7.44423 -38.9031 5.8
      vertex 9.47206 -35.8682 5.8
      vertex 8.89494 -35.4547 5.8
    endloop
  endfacet
  facet normal 0 0 1
    outer loop
      vertex 6.67296 -38.3504 5.8
      vertex 8.89494 -35.4547 5.8
      vertex 8.3461 -35.0042 5.8
    endloop
  endfacet
  facet normal 0 0 1
    outer loop
      vertex 10.075 -36.2432 5.8
      vertex 8.25 -39.4042 5.8
      vertex 9.08681 -39.8514 5.8
    endloop
  endfacet
  facet normal 0 0 1
    outer loop
      vertex 5.93949 -37.7485 5.8
      vertex 8.3461 -35.0042 5.8
      vertex 7.82789 -34.5189 5.8
    endloop
  endfacet
  facet normal 0 0 1
    outer loop
      vertex 9.47206 -35.8682 5.8
      vertex 7.44423 -38.9031 5.8
      vertex 8.25 -39.4042 5.8
    endloop
  endfacet
  facet normal 0 0 1
    outer loop
      vertex 5.24695 -37.0998 5.8
      vertex 7.82789 -34.5189 5.8
      vertex 7.34254 -34.0007 5.8
    endloop
  endfacet
  facet normal 0 0 1
    outer loop
      vertex 4.59832 -36.4073 5.8
      vertex 7.34254 -34.0007 5.8
      vertex 6.89212 -33.4519 5.8
    endloop
  endfacet
  facet normal 0 0 1
    outer loop
      vertex 8.89494 -35.4547 5.8
      vertex 6.67296 -38.3504 5.8
      vertex 7.44423 -38.9031 5.8
    endloop
  endfacet
  facet normal 0 0 1
    outer loop
      vertex 3.99638 -35.6738 5.8
      vertex 6.89212 -33.4519 5.8
      vertex 6.47855 -32.8747 5.8
    endloop
  endfacet
  facet normal 0 0 1
    outer loop
      vertex 3.44369 -34.9026 5.8
      vertex 6.47855 -32.8747 5.8
      vertex 6.10362 -32.2718 5.8
    endloop
  endfacet
  facet normal 0 0 1
    outer loop
      vertex 8.3461 -35.0042 5.8
      vertex 5.93949 -37.7485 5.8
      vertex 6.67296 -38.3504 5.8
    endloop
  endfacet
  facet normal 0 0 1
    outer loop
      vertex 2.94263 -34.0968 5.8
      vertex 6.10362 -32.2718 5.8
      vertex 5.76893 -31.6456 5.8
    endloop
  endfacet
  facet normal 0 0 1
    outer loop
      vertex 2.49535 -33.26 5.8
      vertex 5.76893 -31.6456 5.8
      vertex 5.47591 -30.9989 5.8
    endloop
  endfacet
  facet normal 0 0 1
    outer loop
      vertex 7.82789 -34.5189 5.8
      vertex 5.24695 -37.0998 5.8
      vertex 5.93949 -37.7485 5.8
    endloop
  endfacet
  facet normal 0 0 1
    outer loop
      vertex 2.10375 -32.3957 5.8
      vertex 5.47591 -30.9989 5.8
      vertex 5.22581 -30.3344 5.8
    endloop
  endfacet
  facet normal 0 0 1
    outer loop
      vertex 1.76951 -31.5077 5.8
      vertex 5.22581 -30.3344 5.8
      vertex 5.0197 -29.655 5.8
    endloop
  endfacet
  facet normal 0 0 1
    outer loop
      vertex 1.49408 -30.5997 5.8
      vertex 5.0197 -29.655 5.8
      vertex 4.85848 -28.9635 5.8
    endloop
  endfacet
  facet normal 0 0 1
    outer loop
      vertex 1.27861 -29.6756 5.8
      vertex 4.85848 -28.9635 5.8
      vertex 4.74282 -28.263 5.8
    endloop
  endfacet
  facet normal 0 0 1
    outer loop
      vertex 1.12405 -28.7394 5.8
      vertex 4.74282 -28.263 5.8
      vertex 4.67323 -27.5564 5.8
    endloop
  endfacet
  facet normal 0 0 1
    outer loop
      vertex 7.34254 -34.0007 5.8
      vertex 4.59832 -36.4073 5.8
      vertex 5.24695 -37.0998 5.8
    endloop
  endfacet
  facet normal 0 0 1
    outer loop
      vertex 1.03105 -27.7951 5.8
      vertex 4.67323 -27.5564 5.8
      vertex 4.65 -26.8468 5.8
    endloop
  endfacet
  facet normal -0 0 1
    outer loop
      vertex 1.76951 -22.1859 5.8
      vertex 5.22581 -23.3592 5.8
      vertex 2.10375 -21.2979 5.8
    endloop
  endfacet
  facet normal 0 0 1
    outer loop
      vertex 5.22581 -23.3592 5.8
      vertex 1.76951 -22.1859 5.8
      vertex 5.0197 -24.0386 5.8
    endloop
  endfacet
  facet normal 0 0 1
    outer loop
      vertex 6.89212 -33.4519 5.8
      vertex 3.99638 -35.6738 5.8
      vertex 4.59832 -36.4073 5.8
    endloop
  endfacet
  facet normal -0 0 1
    outer loop
      vertex 1.49408 -23.0939 5.8
      vertex 5.0197 -24.0386 5.8
      vertex 1.76951 -22.1859 5.8
    endloop
  endfacet
  facet normal 0 0 1
    outer loop
      vertex 6.47855 -32.8747 5.8
      vertex 3.44369 -34.9026 5.8
      vertex 3.99638 -35.6738 5.8
    endloop
  endfacet
  facet normal 0 0 1
    outer loop
      vertex 5.0197 -24.0386 5.8
      vertex 1.49408 -23.0939 5.8
      vertex 4.85848 -24.7301 5.8
    endloop
  endfacet
  facet normal 0 0 1
    outer loop
      vertex 6.10362 -32.2718 5.8
      vertex 2.94263 -34.0968 5.8
      vertex 3.44369 -34.9026 5.8
    endloop
  endfacet
  facet normal -0 0 1
    outer loop
      vertex 1.27861 -24.018 5.8
      vertex 4.85848 -24.7301 5.8
      vertex 1.49408 -23.0939 5.8
    endloop
  endfacet
  facet normal 0 0 1
    outer loop
      vertex 5.76893 -31.6456 5.8
      vertex 2.49535 -33.26 5.8
      vertex 2.94263 -34.0968 5.8
    endloop
  endfacet
  facet normal 0 0 1
    outer loop
      vertex 4.85848 -24.7301 5.8
      vertex 1.27861 -24.018 5.8
      vertex 4.74282 -25.4306 5.8
    endloop
  endfacet
  facet normal 0 0 1
    outer loop
      vertex 5.47591 -30.9989 5.8
      vertex 2.10375 -32.3957 5.8
      vertex 2.49535 -33.26 5.8
    endloop
  endfacet
  facet normal -0 0 1
    outer loop
      vertex 1.12405 -24.9542 5.8
      vertex 4.74282 -25.4306 5.8
      vertex 1.27861 -24.018 5.8
    endloop
  endfacet
  facet normal 0 0 1
    outer loop
      vertex 5.22581 -30.3344 5.8
      vertex 1.76951 -31.5077 5.8
      vertex 2.10375 -32.3957 5.8
    endloop
  endfacet
  facet normal 0 0 1
    outer loop
      vertex 4.74282 -25.4306 5.8
      vertex 1.12405 -24.9542 5.8
      vertex 4.67323 -26.1372 5.8
    endloop
  endfacet
  facet normal 0 0 1
    outer loop
      vertex 5.0197 -29.655 5.8
      vertex 1.49408 -30.5997 5.8
      vertex 1.76951 -31.5077 5.8
    endloop
  endfacet
  facet normal -0 0 1
    outer loop
      vertex 1.03105 -25.8984 5.8
      vertex 4.67323 -26.1372 5.8
      vertex 1.12405 -24.9542 5.8
    endloop
  endfacet
  facet normal 0 0 1
    outer loop
      vertex 4.85848 -28.9635 5.8
      vertex 1.27861 -29.6756 5.8
      vertex 1.49408 -30.5997 5.8
    endloop
  endfacet
  facet normal 0 0 1
    outer loop
      vertex 4.67323 -26.1372 5.8
      vertex 1.03105 -25.8984 5.8
      vertex 4.65 -26.8468 5.8
    endloop
  endfacet
  facet normal 0 0 1
    outer loop
      vertex 4.74282 -28.263 5.8
      vertex 1.12405 -28.7394 5.8
      vertex 1.27861 -29.6756 5.8
    endloop
  endfacet
  facet normal 0 0 1
    outer loop
      vertex 1 -26.8468 5.8
      vertex 4.65 -26.8468 5.8
      vertex 1.03105 -25.8984 5.8
    endloop
  endfacet
  facet normal 0 0 1
    outer loop
      vertex 4.67323 -27.5564 5.8
      vertex 1.03105 -27.7951 5.8
      vertex 1.12405 -28.7394 5.8
    endloop
  endfacet
  facet normal 0 0 1
    outer loop
      vertex 4.65 -26.8468 5.8
      vertex 1 -26.8468 5.8
      vertex 1.03105 -27.7951 5.8
    endloop
  endfacet
  facet normal 0.227106 0.97387 -0
    outer loop
      vertex 19.2529 -12.8409 5
      vertex 18.3288 -12.6254 5.8
      vertex 19.2529 -12.8409 5.8
    endloop
  endfacet
  facet normal 0.227106 0.97387 0
    outer loop
      vertex 18.3288 -12.6254 5.8
      vertex 19.2529 -12.8409 5
      vertex 18.3288 -12.6254 5
    endloop
  endfacet
  facet normal -0.849211 0.528054 0
    outer loop
      vertex 2.94263 -19.5968 5
      vertex 3.44369 -18.791 5.8
      vertex 3.44369 -18.791 5
    endloop
  endfacet
  facet normal -0.849211 0.528054 0
    outer loop
      vertex 3.44369 -18.791 5.8
      vertex 2.94263 -19.5968 5
      vertex 2.94263 -19.5968 5.8
    endloop
  endfacet
  facet normal -0.47141 0.881914 0
    outer loop
      vertex 9.08681 -13.8421 5
      vertex 8.25 -14.2894 5.8
      vertex 9.08681 -13.8421 5.8
    endloop
  endfacet
  facet normal -0.47141 0.881914 0
    outer loop
      vertex 8.25 -14.2894 5.8
      vertex 9.08681 -13.8421 5
      vertex 8.25 -14.2894 5
    endloop
  endfacet
  facet normal -0.634366 -0.773033 0
    outer loop
      vertex 5.93949 -37.7485 5
      vertex 6.67296 -38.3504 5.8
      vertex 5.93949 -37.7485 5.8
    endloop
  endfacet
  facet normal -0.634366 -0.773033 -0
    outer loop
      vertex 6.67296 -38.3504 5.8
      vertex 5.93949 -37.7485 5
      vertex 6.67296 -38.3504 5
    endloop
  endfacet
  facet normal -0.471328 -0.881958 0
    outer loop
      vertex 8.25 -39.4042 5
      vertex 9.08681 -39.8514 5.8
      vertex 8.25 -39.4042 5.8
    endloop
  endfacet
  facet normal -0.471328 -0.881958 -0
    outer loop
      vertex 9.08681 -39.8514 5.8
      vertex 8.25 -39.4042 5
      vertex 9.08681 -39.8514 5
    endloop
  endfacet
  facet normal -0.634487 0.772933 0
    outer loop
      vertex 22.6539 -35.0042 5
      vertex 22.1051 -35.4547 5.8
      vertex 22.6539 -35.0042 5.8
    endloop
  endfacet
  facet normal -0.634487 0.772933 0
    outer loop
      vertex 22.1051 -35.4547 5.8
      vertex 22.6539 -35.0042 5
      vertex 22.1051 -35.4547 5
    endloop
  endfacet
  facet normal -0.999466 0.032677 0
    outer loop
      vertex 26.3268 -27.5564 5
      vertex 26.35 -26.8468 5.8
      vertex 26.35 -26.8468 5
    endloop
  endfacet
  facet normal -0.999466 0.032677 0
    outer loop
      vertex 26.35 -26.8468 5.8
      vertex 26.3268 -27.5564 5
      vertex 26.3268 -27.5564 5.8
    endloop
  endfacet
  facet normal -0.412688 0.910872 0
    outer loop
      vertex 20.2988 -36.5779 5
      vertex 19.6521 -36.8709 5.8
      vertex 20.2988 -36.5779 5.8
    endloop
  endfacet
  facet normal -0.412688 0.910872 0
    outer loop
      vertex 19.6521 -36.8709 5.8
      vertex 20.2988 -36.5779 5
      vertex 19.6521 -36.8709 5
    endloop
  endfacet
  facet normal -0.956938 0.290293 0
    outer loop
      vertex 25.7742 -30.3344 5
      vertex 25.9803 -29.655 5.8
      vertex 25.9803 -29.655 5
    endloop
  endfacet
  facet normal -0.956938 0.290293 0
    outer loop
      vertex 25.9803 -29.655 5.8
      vertex 25.7742 -30.3344 5
      vertex 25.7742 -30.3344 5.8
    endloop
  endfacet
  facet normal -0.58237 0.812924 0
    outer loop
      vertex 22.1051 -35.4547 5
      vertex 21.5279 -35.8682 5.8
      vertex 22.1051 -35.4547 5.8
    endloop
  endfacet
  facet normal -0.58237 0.812924 0
    outer loop
      vertex 21.5279 -35.8682 5.8
      vertex 22.1051 -35.4547 5
      vertex 21.5279 -35.8682 5
    endloop
  endfacet
  facet normal -0.729827 0.683632 0
    outer loop
      vertex 23.1721 -34.5189 5
      vertex 23.6575 -34.0007 5.8
      vertex 23.6575 -34.0007 5
    endloop
  endfacet
  facet normal -0.729827 0.683632 0
    outer loop
      vertex 23.6575 -34.0007 5.8
      vertex 23.1721 -34.5189 5
      vertex 23.1721 -34.5189 5.8
    endloop
  endfacet
  facet normal -0.0980255 0.995184 0
    outer loop
      vertex 16.9162 -37.604 5
      vertex 16.2096 -37.6736 5.8
      vertex 16.9162 -37.604 5.8
    endloop
  endfacet
  facet normal -0.0980255 0.995184 0
    outer loop
      vertex 16.2096 -37.6736 5.8
      vertex 16.9162 -37.604 5
      vertex 16.2096 -37.6736 5
    endloop
  endfacet
  facet normal 0.032677 0.999466 -0
    outer loop
      vertex 15.5 -37.6968 5
      vertex 14.7904 -37.6736 5.8
      vertex 15.5 -37.6968 5.8
    endloop
  endfacet
  facet normal 0.032677 0.999466 0
    outer loop
      vertex 14.7904 -37.6736 5.8
      vertex 15.5 -37.6968 5
      vertex 14.7904 -37.6736 5
    endloop
  endfacet
  facet normal -0.849144 0.528162 0
    outer loop
      vertex 24.5214 -32.8747 5
      vertex 24.8964 -32.2718 5.8
      vertex 24.8964 -32.2718 5
    endloop
  endfacet
  facet normal -0.849144 0.528162 0
    outer loop
      vertex 24.8964 -32.2718 5.8
      vertex 24.5214 -32.8747 5
      vertex 24.5214 -32.8747 5.8
    endloop
  endfacet
  facet normal -0.81303 0.582221 0
    outer loop
      vertex 24.4934 -32.9138 5
      vertex 24.5214 -32.8747 5.8
      vertex 24.5214 -32.8747 5
    endloop
  endfacet
  facet normal -0.81303 0.582221 0
    outer loop
      vertex 24.5214 -32.8747 5.8
      vertex 24.4934 -32.9138 5
      vertex 24.4934 -32.9138 5.8
    endloop
  endfacet
  facet normal -0.995221 0.0976521 0
    outer loop
      vertex 26.3221 -27.6043 5
      vertex 26.3268 -27.5564 5.8
      vertex 26.3268 -27.5564 5
    endloop
  endfacet
  facet normal -0.995221 0.0976521 0
    outer loop
      vertex 26.3268 -27.5564 5.8
      vertex 26.3221 -27.6043 5
      vertex 26.3221 -27.6043 5.8
    endloop
  endfacet
  facet normal -0.98645 0.164062 0
    outer loop
      vertex 26.1415 -28.9635 5
      vertex 26.1494 -28.916 5.8
      vertex 26.1494 -28.916 5
    endloop
  endfacet
  facet normal -0.98645 0.164062 0
    outer loop
      vertex 26.1494 -28.916 5.8
      vertex 26.1415 -28.9635 5
      vertex 26.1415 -28.9635 5.8
    endloop
  endfacet
  facet normal -0.471127 0.882066 0
    outer loop
      vertex 20.3413 -36.5552 5
      vertex 20.2988 -36.5779 5.8
      vertex 20.3413 -36.5552 5.8
    endloop
  endfacet
  facet normal -0.471127 0.882066 0
    outer loop
      vertex 20.2988 -36.5779 5.8
      vertex 20.3413 -36.5552 5
      vertex 20.2988 -36.5779 5
    endloop
  endfacet
  facet normal -0.910872 0.412688 0
    outer loop
      vertex 25.2311 -31.6456 5
      vertex 25.5241 -30.9989 5.8
      vertex 25.5241 -30.9989 5
    endloop
  endfacet
  facet normal -0.910872 0.412688 0
    outer loop
      vertex 25.5241 -30.9989 5.8
      vertex 25.2311 -31.6456 5
      vertex 25.2311 -31.6456 5.8
    endloop
  endfacet
  facet normal -0.032677 0.999466 0
    outer loop
      vertex 16.2096 -37.6736 5
      vertex 15.5 -37.6968 5.8
      vertex 16.2096 -37.6736 5.8
    endloop
  endfacet
  facet normal -0.032677 0.999466 0
    outer loop
      vertex 15.5 -37.6968 5.8
      vertex 16.2096 -37.6736 5
      vertex 15.5 -37.6968 5
    endloop
  endfacet
  facet normal -0.35225 0.935906 0
    outer loop
      vertex 19.6521 -36.8709 5
      vertex 18.9876 -37.121 5.8
      vertex 19.6521 -36.8709 5.8
    endloop
  endfacet
  facet normal -0.35225 0.935906 0
    outer loop
      vertex 18.9876 -37.121 5.8
      vertex 19.6521 -36.8709 5
      vertex 18.9876 -37.121 5
    endloop
  endfacet
  facet normal -0.773309 0.63403 0
    outer loop
      vertex 23.6575 -34.0007 5
      vertex 23.688 -33.9635 5.8
      vertex 23.688 -33.9635 5
    endloop
  endfacet
  facet normal -0.773309 0.63403 0
    outer loop
      vertex 23.688 -33.9635 5.8
      vertex 23.6575 -34.0007 5
      vertex 23.6575 -34.0007 5.8
    endloop
  endfacet
  facet normal -0.935906 0.35225 0
    outer loop
      vertex 25.5241 -30.9989 5
      vertex 25.7742 -30.3344 5.8
      vertex 25.7742 -30.3344 5
    endloop
  endfacet
  facet normal -0.935906 0.35225 0
    outer loop
      vertex 25.7742 -30.3344 5.8
      vertex 25.5241 -30.9989 5
      vertex 25.5241 -30.9989 5.8
    endloop
  endfacet
  facet normal -0.528502 0.848932 0
    outer loop
      vertex 21.5279 -35.8682 5
      vertex 21.4871 -35.8936 5.8
      vertex 21.5279 -35.8682 5.8
    endloop
  endfacet
  facet normal -0.528502 0.848932 0
    outer loop
      vertex 21.4871 -35.8936 5.8
      vertex 21.5279 -35.8682 5
      vertex 21.4871 -35.8936 5
    endloop
  endfacet
  facet normal -0.290293 0.956938 0
    outer loop
      vertex 18.9876 -37.121 5
      vertex 18.3082 -37.3271 5.8
      vertex 18.9876 -37.121 5.8
    endloop
  endfacet
  facet normal -0.290293 0.956938 0
    outer loop
      vertex 18.3082 -37.3271 5.8
      vertex 18.9876 -37.121 5
      vertex 18.3082 -37.3271 5
    endloop
  endfacet
  facet normal -0.227029 0.973888 0
    outer loop
      vertex 18.3082 -37.3271 5
      vertex 17.6167 -37.4883 5.8
      vertex 18.3082 -37.3271 5.8
    endloop
  endfacet
  facet normal -0.227029 0.973888 0
    outer loop
      vertex 17.6167 -37.4883 5.8
      vertex 18.3082 -37.3271 5
      vertex 17.6167 -37.4883 5
    endloop
  endfacet
  facet normal -0.881928 0.471385 0
    outer loop
      vertex 24.8964 -32.2718 5
      vertex 25.2311 -31.6456 5.8
      vertex 25.2311 -31.6456 5
    endloop
  endfacet
  facet normal -0.881928 0.471385 0
    outer loop
      vertex 25.2311 -31.6456 5.8
      vertex 24.8964 -32.2718 5
      vertex 24.8964 -32.2718 5.8
    endloop
  endfacet
  facet normal -0.683557 0.729897 0
    outer loop
      vertex 23.1721 -34.5189 5
      vertex 22.6539 -35.0042 5.8
      vertex 23.1721 -34.5189 5.8
    endloop
  endfacet
  facet normal -0.683557 0.729897 0
    outer loop
      vertex 22.6539 -35.0042 5.8
      vertex 23.1721 -34.5189 5
      vertex 22.6539 -35.0042 5
    endloop
  endfacet
  facet normal -0.16296 0.986633 0
    outer loop
      vertex 17.6167 -37.4883 5
      vertex 16.9162 -37.604 5.8
      vertex 17.6167 -37.4883 5.8
    endloop
  endfacet
  facet normal -0.16296 0.986633 0
    outer loop
      vertex 16.9162 -37.604 5.8
      vertex 17.6167 -37.4883 5
      vertex 16.9162 -37.604 5
    endloop
  endfacet
  facet normal -0.973888 0.227029 0
    outer loop
      vertex 25.9803 -29.655 5
      vertex 26.1415 -28.9635 5.8
      vertex 26.1415 -28.9635 5
    endloop
  endfacet
  facet normal -0.973888 0.227029 0
    outer loop
      vertex 26.1415 -28.9635 5.8
      vertex 25.9803 -29.655 5
      vertex 25.9803 -29.655 5.8
    endloop
  endfacet
  facet normal -0.595707 0.803202 0
    outer loop
      vertex -23.8895 35.7532 0
      vertex -27.2789 33.2394 5
      vertex -23.8895 35.7532 5
    endloop
  endfacet
  facet normal -0.595707 0.803202 0
    outer loop
      vertex -27.2789 33.2394 5
      vertex -23.8895 35.7532 0
      vertex -27.2789 33.2394 0
    endloop
  endfacet
  facet normal -0.998797 0.0490438 0
    outer loop
      vertex -46.5 0 0
      vertex -46.4254 1.51926 5
      vertex -46.4254 1.51926 0
    endloop
  endfacet
  facet normal -0.998797 0.0490438 0
    outer loop
      vertex -46.4254 1.51926 5
      vertex -46.5 0 0
      vertex -46.5 0 5
    endloop
  endfacet
  facet normal 0.998795 0.0490779 0
    outer loop
      vertex 43 0 5
      vertex 42.7929 4.21474 0
      vertex 42.7929 4.21474 5
    endloop
  endfacet
  facet normal 0.998795 0.0490779 0
    outer loop
      vertex 42.7929 4.21474 0
      vertex 43 0 5
      vertex 43 0 0
    endloop
  endfacet
  facet normal -0.146713 -0.989179 0
    outer loop
      vertex -8.38888 -42.1738 0
      vertex -4.21474 -42.7929 5
      vertex -8.38888 -42.1738 5
    endloop
  endfacet
  facet normal -0.146713 -0.989179 -0
    outer loop
      vertex -4.21474 -42.7929 5
      vertex -8.38888 -42.1738 0
      vertex -4.21474 -42.7929 0
    endloop
  endfacet
  facet normal -0.941532 0.336924 0
    outer loop
      vertex -45.8326 4.4994 0
      vertex -45.3201 5.93158 5
      vertex -45.3201 5.93158 0
    endloop
  endfacet
  facet normal -0.941532 0.336924 0
    outer loop
      vertex -45.3201 5.93158 5
      vertex -45.8326 4.4994 0
      vertex -45.8326 4.4994 5
    endloop
  endfacet
  facet normal 0.989179 -0.146713 0
    outer loop
      vertex 42.1738 -8.38888 5
      vertex 42.7929 -4.21474 0
      vertex 42.7929 -4.21474 5
    endloop
  endfacet
  facet normal 0.989179 -0.146713 0
    outer loop
      vertex 42.7929 -4.21474 0
      vertex 42.1738 -8.38888 5
      vertex 42.1738 -8.38888 0
    endloop
  endfacet
  facet normal -0.427551 0.903991 0
    outer loop
      vertex -16.4554 39.7268 0
      vertex -20.2701 37.9226 5
      vertex -16.4554 39.7268 5
    endloop
  endfacet
  facet normal -0.427551 0.903991 0
    outer loop
      vertex -20.2701 37.9226 5
      vertex -16.4554 39.7268 0
      vertex -20.2701 37.9226 0
    endloop
  endfacet
  facet normal 0.989179 0.146713 0
    outer loop
      vertex 42.7929 4.21474 5
      vertex 42.1738 8.38888 0
      vertex 42.1738 8.38888 5
    endloop
  endfacet
  facet normal 0.989179 0.146713 0
    outer loop
      vertex 42.1738 8.38888 0
      vertex 42.7929 4.21474 5
      vertex 42.7929 4.21474 0
    endloop
  endfacet
  facet normal 0.970027 0.242997 0
    outer loop
      vertex 42.1738 8.38888 5
      vertex 41.1484 12.4822 0
      vertex 41.1484 12.4822 5
    endloop
  endfacet
  facet normal 0.970027 0.242997 0
    outer loop
      vertex 41.1484 12.4822 0
      vertex 42.1738 8.38888 5
      vertex 42.1738 8.38888 0
    endloop
  endfacet
  facet normal -0.0490779 0.998795 0
    outer loop
      vertex 0 43 0
      vertex -4.21474 42.7929 5
      vertex 0 43 5
    endloop
  endfacet
  facet normal -0.0490779 0.998795 0
    outer loop
      vertex -4.21474 42.7929 5
      vertex 0 43 0
      vertex -4.21474 42.7929 0
    endloop
  endfacet
  facet normal 0 0 -1
    outer loop
      vertex -13.731 2.73126 0
      vertex -20.7258 3.48762 0
      vertex -13.3972 4.06398 0
    endloop
  endfacet
  facet normal 0 0 -1
    outer loop
      vertex -20.9759 4.15211 0
      vertex -13.3972 4.06398 0
      vertex -20.7258 3.48762 0
    endloop
  endfacet
  facet normal 0 0 -1
    outer loop
      vertex -13.3972 4.06398 0
      vertex -20.9759 4.15211 0
      vertex -12.9343 5.35757 0
    endloop
  endfacet
  facet normal 0 0 -1
    outer loop
      vertex -21.2689 4.79883 0
      vertex -12.9343 5.35757 0
      vertex -20.9759 4.15211 0
    endloop
  endfacet
  facet normal 0 0 -1
    outer loop
      vertex -21.6036 5.425 0
      vertex -12.9343 5.35757 0
      vertex -21.2689 4.79883 0
    endloop
  endfacet
  facet normal 0 0 -1
    outer loop
      vertex -12.9343 5.35757 0
      vertex -21.6036 5.425 0
      vertex -12.3469 6.59955 0
    endloop
  endfacet
  facet normal 0 0 -1
    outer loop
      vertex -21.9786 6.02794 0
      vertex -12.3469 6.59955 0
      vertex -21.6036 5.425 0
    endloop
  endfacet
  facet normal 0 0 -1
    outer loop
      vertex -22.3921 6.60506 0
      vertex -12.3469 6.59955 0
      vertex -21.9786 6.02794 0
    endloop
  endfacet
  facet normal 0 0 -1
    outer loop
      vertex -12.3469 6.59955 0
      vertex -22.3921 6.60506 0
      vertex -11.6406 7.77798 0
    endloop
  endfacet
  facet normal 0 0 -1
    outer loop
      vertex -22.8425 7.1539 0
      vertex -11.6406 7.77798 0
      vertex -22.3921 6.60506 0
    endloop
  endfacet
  facet normal 0 0 -1
    outer loop
      vertex -23.3279 7.67211 0
      vertex -11.6406 7.77798 0
      vertex -22.8425 7.1539 0
    endloop
  endfacet
  facet normal 0 0 -1
    outer loop
      vertex -23.8461 8.15746 0
      vertex -11.6406 7.77798 0
      vertex -23.3279 7.67211 0
    endloop
  endfacet
  facet normal 0 0 -1
    outer loop
      vertex -11.6406 7.77798 0
      vertex -20.2701 37.9226 0
      vertex -16.4554 39.7268 0
    endloop
  endfacet
  facet normal 0 0 -1
    outer loop
      vertex -24.3949 8.60788 0
      vertex -11.6406 7.77798 0
      vertex -23.8461 8.15746 0
    endloop
  endfacet
  facet normal 0 0 -1
    outer loop
      vertex -11.6406 7.77798 0
      vertex -23.8895 35.7532 0
      vertex -20.2701 37.9226 0
    endloop
  endfacet
  facet normal 0 0 -1
    outer loop
      vertex -24.9721 9.02145 0
      vertex -11.6406 7.77798 0
      vertex -24.3949 8.60788 0
    endloop
  endfacet
  facet normal 0 0 -1
    outer loop
      vertex -27.2789 33.2394 0
      vertex -11.6406 7.77798 0
      vertex -24.9721 9.02145 0
    endloop
  endfacet
  facet normal 0 0 -1
    outer loop
      vertex -27.2789 33.2394 0
      vertex -24.9721 9.02145 0
      vertex -25.575 9.39637 0
    endloop
  endfacet
  facet normal 0 0 -1
    outer loop
      vertex -27.2789 33.2394 0
      vertex -25.575 9.39637 0
      vertex -26.2012 9.73107 0
    endloop
  endfacet
  facet normal 0 0 -1
    outer loop
      vertex -30.4056 30.4056 0
      vertex -26.2012 9.73107 0
      vertex -26.8479 10.0241 0
    endloop
  endfacet
  facet normal 0 0 -1
    outer loop
      vertex -11.6406 7.77798 0
      vertex -27.2789 33.2394 0
      vertex -23.8895 35.7532 0
    endloop
  endfacet
  facet normal 0 0 -1
    outer loop
      vertex -30.4056 30.4056 0
      vertex -26.8479 10.0241 0
      vertex -27.5124 10.2742 0
    endloop
  endfacet
  facet normal 0 0 -1
    outer loop
      vertex -33.2394 27.2789 0
      vertex -27.5124 10.2742 0
      vertex -28.1918 10.4803 0
    endloop
  endfacet
  facet normal 0 0 -1
    outer loop
      vertex -33.2394 27.2789 0
      vertex -28.1918 10.4803 0
      vertex -28.8833 10.6415 0
    endloop
  endfacet
  facet normal 0 0 -1
    outer loop
      vertex -35.7532 23.8895 0
      vertex -28.8833 10.6415 0
      vertex -29.5838 10.7572 0
    endloop
  endfacet
  facet normal 0 0 -1
    outer loop
      vertex -35.7532 23.8895 0
      vertex -29.5838 10.7572 0
      vertex -30.2904 10.8268 0
    endloop
  endfacet
  facet normal 0 0 -1
    outer loop
      vertex -26.2012 9.73107 0
      vertex -30.4056 30.4056 0
      vertex -27.2789 33.2394 0
    endloop
  endfacet
  facet normal 0 0 -1
    outer loop
      vertex -35.7532 23.8895 0
      vertex -30.2904 10.8268 0
      vertex -31 10.85 0
    endloop
  endfacet
  facet normal 0 0 -1
    outer loop
      vertex -37.9226 20.2701 0
      vertex -31 10.85 0
      vertex -31.7096 10.8268 0
    endloop
  endfacet
  facet normal 0 0 -1
    outer loop
      vertex -37.9226 20.2701 0
      vertex -31.7096 10.8268 0
      vertex -32.4162 10.7572 0
    endloop
  endfacet
  facet normal 0 0 -1
    outer loop
      vertex -37.9226 20.2701 0
      vertex -32.4162 10.7572 0
      vertex -33.1167 10.6415 0
    endloop
  endfacet
  facet normal 0 0 -1
    outer loop
      vertex -27.5124 10.2742 0
      vertex -33.2394 27.2789 0
      vertex -30.4056 30.4056 0
    endloop
  endfacet
  facet normal 0 0 -1
    outer loop
      vertex -37.9226 20.2701 0
      vertex -33.1167 10.6415 0
      vertex -33.8082 10.4803 0
    endloop
  endfacet
  facet normal 0 0 -1
    outer loop
      vertex -37.9226 20.2701 0
      vertex -33.8082 10.4803 0
      vertex -34.4876 10.2742 0
    endloop
  endfacet
  facet normal 0 0 -1
    outer loop
      vertex -37.9226 20.2701 0
      vertex -34.4876 10.2742 0
      vertex -35.1521 10.0241 0
    endloop
  endfacet
  facet normal 0 0 -1
    outer loop
      vertex -28.8833 10.6415 0
      vertex -35.7532 23.8895 0
      vertex -33.2394 27.2789 0
    endloop
  endfacet
  facet normal 0 0 -1
    outer loop
      vertex -37.9226 20.2701 0
      vertex -35.1521 10.0241 0
      vertex -35.7988 9.73107 0
    endloop
  endfacet
  facet normal 0 0 -1
    outer loop
      vertex -37.9226 20.2701 0
      vertex -35.7988 9.73107 0
      vertex -36.425 9.39637 0
    endloop
  endfacet
  facet normal 0 0 -1
    outer loop
      vertex -37.9226 20.2701 0
      vertex -36.425 9.39637 0
      vertex -37.0279 9.02145 0
    endloop
  endfacet
  facet normal 0 0 -1
    outer loop
      vertex -37.9226 20.2701 0
      vertex -37.0279 9.02145 0
      vertex -37.6051 8.60788 0
    endloop
  endfacet
  facet normal 0 0 -1
    outer loop
      vertex -31 10.85 0
      vertex -37.9226 20.2701 0
      vertex -35.7532 23.8895 0
    endloop
  endfacet
  facet normal 0 0 -1
    outer loop
      vertex -44.6698 7.30664 0
      vertex -37.6051 8.60788 0
      vertex -38.1539 8.15746 0
    endloop
  endfacet
  facet normal 0 0 -1
    outer loop
      vertex -44.6698 7.30664 0
      vertex -38.1539 8.15746 0
      vertex -38.6721 7.67211 0
    endloop
  endfacet
  facet normal 0 0 -1
    outer loop
      vertex -44.6698 7.30664 0
      vertex -38.6721 7.67211 0
      vertex -39.1575 7.1539 0
    endloop
  endfacet
  facet normal 0 0 -1
    outer loop
      vertex -44.6698 7.30664 0
      vertex -39.1575 7.1539 0
      vertex -39.6079 6.60506 0
    endloop
  endfacet
  facet normal 0 0 -1
    outer loop
      vertex -44.6698 7.30664 0
      vertex -39.6079 6.60506 0
      vertex -40.0214 6.02794 0
    endloop
  endfacet
  facet normal 0 0 -1
    outer loop
      vertex -44.6698 7.30664 0
      vertex -40.0214 6.02794 0
      vertex -40.3964 5.425 0
    endloop
  endfacet
  facet normal 0 0 -1
    outer loop
      vertex -44.6698 7.30664 0
      vertex -40.3964 5.425 0
      vertex -40.7311 4.79883 0
    endloop
  endfacet
  facet normal 0 0 -1
    outer loop
      vertex -45.3201 5.93158 0
      vertex -40.7311 4.79883 0
      vertex -41.0241 4.15211 0
    endloop
  endfacet
  facet normal 0 0 -1
    outer loop
      vertex -45.3201 5.93158 0
      vertex -41.0241 4.15211 0
      vertex -41.2742 3.48762 0
    endloop
  endfacet
  facet normal 0 0 -1
    outer loop
      vertex -45.8326 4.4994 0
      vertex -41.2742 3.48762 0
      vertex -41.4803 2.80819 0
    endloop
  endfacet
  facet normal 0 0 -1
    outer loop
      vertex -46.2022 3.0239 0
      vertex -41.4803 2.80819 0
      vertex -41.6415 2.11673 0
    endloop
  endfacet
  facet normal -0 0 -1
    outer loop
      vertex -41.6415 -2.11673 0
      vertex -46.2022 -3.0239 0
      vertex -41.7572 -1.41621 0
    endloop
  endfacet
  facet normal 0 0 -1
    outer loop
      vertex -46.4254 -1.51926 0
      vertex -41.7572 -1.41621 0
      vertex -46.2022 -3.0239 0
    endloop
  endfacet
  facet normal -0 0 -1
    outer loop
      vertex -41.7572 -1.41621 0
      vertex -46.4254 -1.51926 0
      vertex -41.8268 -0.709623 0
    endloop
  endfacet
  facet normal 0 0 -1
    outer loop
      vertex -46.5 0 0
      vertex -41.8268 -0.709623 0
      vertex -46.4254 -1.51926 0
    endloop
  endfacet
  facet normal -0 0 -1
    outer loop
      vertex -37.6051 8.60788 0
      vertex -44.6698 7.30664 0
      vertex -37.9226 20.2701 0
    endloop
  endfacet
  facet normal 0 0 -1
    outer loop
      vertex -41.8268 -0.709623 0
      vertex -46.5 0 0
      vertex -41.85 0 0
    endloop
  endfacet
  facet normal 0 0 -1
    outer loop
      vertex -40.7311 4.79883 0
      vertex -45.3201 5.93158 0
      vertex -44.6698 7.30664 0
    endloop
  endfacet
  facet normal 0 0 -1
    outer loop
      vertex -41.85 0 0
      vertex -46.5 0 0
      vertex -41.8268 0.709623 0
    endloop
  endfacet
  facet normal 0 0 -1
    outer loop
      vertex -41.2742 3.48762 0
      vertex -45.8326 4.4994 0
      vertex -45.3201 5.93158 0
    endloop
  endfacet
  facet normal 0 -0 -1
    outer loop
      vertex -46.4254 1.51926 0
      vertex -41.8268 0.709623 0
      vertex -46.5 0 0
    endloop
  endfacet
  facet normal 0 0 -1
    outer loop
      vertex -41.4803 2.80819 0
      vertex -46.2022 3.0239 0
      vertex -45.8326 4.4994 0
    endloop
  endfacet
  facet normal 0 0 -1
    outer loop
      vertex -41.8268 0.709623 0
      vertex -46.4254 1.51926 0
      vertex -41.7572 1.41621 0
    endloop
  endfacet
  facet normal 0 0 -1
    outer loop
      vertex -41.7572 1.41621 0
      vertex -46.2022 3.0239 0
      vertex -41.6415 2.11673 0
    endloop
  endfacet
  facet normal 0 -0 -1
    outer loop
      vertex -46.2022 3.0239 0
      vertex -41.7572 1.41621 0
      vertex -46.4254 1.51926 0
    endloop
  endfacet
  facet normal -0 0 -1
    outer loop
      vertex -1.48885 13.9153 0
      vertex -2.73126 13.731 0
      vertex -1.5 14 0
    endloop
  endfacet
  facet normal 0 0 -1
    outer loop
      vertex 2.73126 13.731 0
      vertex 1.48885 13.9153 0
      vertex 1.5 14 0
    endloop
  endfacet
  facet normal 0 0 -1
    outer loop
      vertex 35.7532 -23.8895 0
      vertex 25.2311 -22.048 0
      vertex 37.9226 -20.2701 0
    endloop
  endfacet
  facet normal 0 0 -1
    outer loop
      vertex 43 0 0
      vertex 26.3268 26.1372 0
      vertex 26.35 26.8468 0
    endloop
  endfacet
  facet normal 0 0 -1
    outer loop
      vertex 24.8964 -21.4218 0
      vertex 37.9226 -20.2701 0
      vertex 25.2311 -22.048 0
    endloop
  endfacet
  facet normal 0 0 -1
    outer loop
      vertex 43 0 0
      vertex 26.2572 25.4306 0
      vertex 26.3268 26.1372 0
    endloop
  endfacet
  facet normal 0 0 -1
    outer loop
      vertex 24.5214 -20.8188 0
      vertex 37.9226 -20.2701 0
      vertex 24.8964 -21.4218 0
    endloop
  endfacet
  facet normal 0 0 -1
    outer loop
      vertex 43 0 0
      vertex 26.1415 24.7301 0
      vertex 26.2572 25.4306 0
    endloop
  endfacet
  facet normal 0 0 -1
    outer loop
      vertex 24.1079 -20.2417 0
      vertex 37.9226 -20.2701 0
      vertex 24.5214 -20.8188 0
    endloop
  endfacet
  facet normal 0 0 -1
    outer loop
      vertex 43 0 0
      vertex 25.9803 24.0386 0
      vertex 26.1415 24.7301 0
    endloop
  endfacet
  facet normal 0 0 -1
    outer loop
      vertex 37.9226 -20.2701 0
      vertex 24.1079 -20.2417 0
      vertex 39.7268 -16.4554 0
    endloop
  endfacet
  facet normal 0 0 -1
    outer loop
      vertex 43 0 0
      vertex 25.7742 23.3592 0
      vertex 25.9803 24.0386 0
    endloop
  endfacet
  facet normal 0 0 -1
    outer loop
      vertex 23.6575 -19.6929 0
      vertex 39.7268 -16.4554 0
      vertex 24.1079 -20.2417 0
    endloop
  endfacet
  facet normal 0 0 -1
    outer loop
      vertex 43 0 0
      vertex 25.5241 22.6947 0
      vertex 25.7742 23.3592 0
    endloop
  endfacet
  facet normal 0 0 -1
    outer loop
      vertex 23.1721 -19.1747 0
      vertex 39.7268 -16.4554 0
      vertex 23.6575 -19.6929 0
    endloop
  endfacet
  facet normal 0 0 -1
    outer loop
      vertex 43 0 0
      vertex 25.2311 22.048 0
      vertex 25.5241 22.6947 0
    endloop
  endfacet
  facet normal 0 0 -1
    outer loop
      vertex 22.6539 -18.6893 0
      vertex 39.7268 -16.4554 0
      vertex 23.1721 -19.1747 0
    endloop
  endfacet
  facet normal 0 0 -1
    outer loop
      vertex 43 0 0
      vertex 24.8964 21.4218 0
      vertex 25.2311 22.048 0
    endloop
  endfacet
  facet normal -0 0 -1
    outer loop
      vertex 39.7268 -16.4554 0
      vertex 22.6539 -18.6893 0
      vertex 41.1484 -12.4822 0
    endloop
  endfacet
  facet normal 0 0 -1
    outer loop
      vertex 43 0 0
      vertex 24.5214 20.8188 0
      vertex 24.8964 21.4218 0
    endloop
  endfacet
  facet normal 0 0 -1
    outer loop
      vertex 22.1051 -18.2389 0
      vertex 41.1484 -12.4822 0
      vertex 22.6539 -18.6893 0
    endloop
  endfacet
  facet normal 0 0 -1
    outer loop
      vertex 43 0 0
      vertex 24.1079 20.2417 0
      vertex 24.5214 20.8188 0
    endloop
  endfacet
  facet normal 0 0 -1
    outer loop
      vertex 21.5279 -17.8253 0
      vertex 41.1484 -12.4822 0
      vertex 22.1051 -18.2389 0
    endloop
  endfacet
  facet normal 0 0 -1
    outer loop
      vertex 43 0 0
      vertex 23.6575 19.6929 0
      vertex 24.1079 20.2417 0
    endloop
  endfacet
  facet normal -0 0 -1
    outer loop
      vertex 41.1484 -12.4822 0
      vertex 21.5279 -17.8253 0
      vertex 42.1738 -8.38888 0
    endloop
  endfacet
  facet normal 0 0 -1
    outer loop
      vertex 43 0 0
      vertex 23.1721 19.1747 0
      vertex 23.6575 19.6929 0
    endloop
  endfacet
  facet normal 0 0 -1
    outer loop
      vertex 20.925 -17.4504 0
      vertex 42.1738 -8.38888 0
      vertex 21.5279 -17.8253 0
    endloop
  endfacet
  facet normal 0 0 -1
    outer loop
      vertex 43 0 0
      vertex 22.6539 18.6893 0
      vertex 23.1721 19.1747 0
    endloop
  endfacet
  facet normal 0 0 -1
    outer loop
      vertex 13.731 -2.73126 0
      vertex 42.1738 -8.38888 0
      vertex 20.925 -17.4504 0
    endloop
  endfacet
  facet normal 0 0 -1
    outer loop
      vertex 13.9326 1.37224 0
      vertex 43 0 0
      vertex 14 0 0
    endloop
  endfacet
  facet normal 0 0 -1
    outer loop
      vertex 42.1738 -8.38888 0
      vertex 13.731 -2.73126 0
      vertex 42.7929 -4.21474 0
    endloop
  endfacet
  facet normal 0 0 -1
    outer loop
      vertex 43 0 0
      vertex 22.1051 18.2389 0
      vertex 22.6539 18.6893 0
    endloop
  endfacet
  facet normal 0 -0 -1
    outer loop
      vertex 13.9326 -1.37224 0
      vertex 42.7929 -4.21474 0
      vertex 13.731 -2.73126 0
    endloop
  endfacet
  facet normal 0 0 -1
    outer loop
      vertex 13.731 2.73126 0
      vertex 43 0 0
      vertex 13.9326 1.37224 0
    endloop
  endfacet
  facet normal 0 0 -1
    outer loop
      vertex 13.731 -2.73126 0
      vertex 20.925 -17.4504 0
      vertex 20.2988 -17.1157 0
    endloop
  endfacet
  facet normal 0 0 -1
    outer loop
      vertex 43 0 0
      vertex 21.5279 17.8253 0
      vertex 22.1051 18.2389 0
    endloop
  endfacet
  facet normal 0 0 -1
    outer loop
      vertex 13.3972 -4.06398 0
      vertex 20.2988 -17.1157 0
      vertex 19.6521 -16.8227 0
    endloop
  endfacet
  facet normal 0 0 -1
    outer loop
      vertex 43 0 0
      vertex 20.925 17.4504 0
      vertex 21.5279 17.8253 0
    endloop
  endfacet
  facet normal 0 0 -1
    outer loop
      vertex 13.3972 -4.06398 0
      vertex 19.6521 -16.8227 0
      vertex 18.9876 -16.5726 0
    endloop
  endfacet
  facet normal 0 0 -1
    outer loop
      vertex 43 0 0
      vertex 13.731 2.73126 0
      vertex 20.925 17.4504 0
    endloop
  endfacet
  facet normal 0 0 -1
    outer loop
      vertex 12.9343 -5.35757 0
      vertex 18.9876 -16.5726 0
      vertex 18.3082 -16.3665 0
    endloop
  endfacet
  facet normal 0 0 -1
    outer loop
      vertex 20.925 17.4504 0
      vertex 13.731 2.73126 0
      vertex 20.2988 17.1157 0
    endloop
  endfacet
  facet normal 0 0 -1
    outer loop
      vertex 12.9343 -5.35757 0
      vertex 18.3082 -16.3665 0
      vertex 17.6167 -16.2053 0
    endloop
  endfacet
  facet normal 0 0 -1
    outer loop
      vertex 13.3972 4.06398 0
      vertex 20.2988 17.1157 0
      vertex 13.731 2.73126 0
    endloop
  endfacet
  facet normal 0 0 -1
    outer loop
      vertex 12.3469 -6.59955 0
      vertex 17.6167 -16.2053 0
      vertex 16.9162 -16.0896 0
    endloop
  endfacet
  facet normal 0 0 -1
    outer loop
      vertex 20.2988 17.1157 0
      vertex 13.3972 4.06398 0
      vertex 19.6521 16.8227 0
    endloop
  endfacet
  facet normal 0 0 -1
    outer loop
      vertex 12.3469 -6.59955 0
      vertex 16.9162 -16.0896 0
      vertex 16.2096 -16.02 0
    endloop
  endfacet
  facet normal 0 0 -1
    outer loop
      vertex 19.6521 16.8227 0
      vertex 13.3972 4.06398 0
      vertex 18.9876 16.5726 0
    endloop
  endfacet
  facet normal 0 0 -1
    outer loop
      vertex 11.6406 -7.77798 0
      vertex 16.2096 -16.02 0
      vertex 15.5 -15.9968 0
    endloop
  endfacet
  facet normal 0 0 -1
    outer loop
      vertex 12.9343 5.35757 0
      vertex 18.9876 16.5726 0
      vertex 13.3972 4.06398 0
    endloop
  endfacet
  facet normal 0 0 -1
    outer loop
      vertex 10.8221 -8.88151 0
      vertex 15.5 -15.9968 0
      vertex 14.7904 -16.02 0
    endloop
  endfacet
  facet normal 0 0 -1
    outer loop
      vertex 18.9876 16.5726 0
      vertex 12.9343 5.35757 0
      vertex 18.3082 16.3665 0
    endloop
  endfacet
  facet normal 0 0 -1
    outer loop
      vertex 10.8221 -8.88151 0
      vertex 14.7904 -16.02 0
      vertex 14.0838 -16.0896 0
    endloop
  endfacet
  facet normal 0 0 -1
    outer loop
      vertex 18.3082 16.3665 0
      vertex 12.9343 5.35757 0
      vertex 17.6167 16.2053 0
    endloop
  endfacet
  facet normal 0 0 -1
    outer loop
      vertex 12.3469 6.59955 0
      vertex 17.6167 16.2053 0
      vertex 12.9343 5.35757 0
    endloop
  endfacet
  facet normal -0 0 -1
    outer loop
      vertex 43 0 0
      vertex 13.9326 -1.37224 0
      vertex 14 0 0
    endloop
  endfacet
  facet normal 0 0 -1
    outer loop
      vertex 42.7929 -4.21474 0
      vertex 13.9326 -1.37224 0
      vertex 43 0 0
    endloop
  endfacet
  facet normal 0 0 -1
    outer loop
      vertex 20.2988 -17.1157 0
      vertex 13.3972 -4.06398 0
      vertex 13.731 -2.73126 0
    endloop
  endfacet
  facet normal 0 0 -1
    outer loop
      vertex 9.89949 -9.89949 0
      vertex 14.0838 -16.0896 0
      vertex 13.3833 -16.2053 0
    endloop
  endfacet
  facet normal 0 0 -1
    outer loop
      vertex 18.9876 -16.5726 0
      vertex 12.9343 -5.35757 0
      vertex 13.3972 -4.06398 0
    endloop
  endfacet
  facet normal 0 0 -1
    outer loop
      vertex 9.89949 -9.89949 0
      vertex 13.3833 -16.2053 0
      vertex 12.6918 -16.3665 0
    endloop
  endfacet
  facet normal 0 0 -1
    outer loop
      vertex 17.6167 -16.2053 0
      vertex 12.3469 -6.59955 0
      vertex 12.9343 -5.35757 0
    endloop
  endfacet
  facet normal 0 0 -1
    outer loop
      vertex 8.88151 -10.8221 0
      vertex 12.6918 -16.3665 0
      vertex 12.0124 -16.5726 0
    endloop
  endfacet
  facet normal 0 0 -1
    outer loop
      vertex 16.2096 -16.02 0
      vertex 11.6406 -7.77798 0
      vertex 12.3469 -6.59955 0
    endloop
  endfacet
  facet normal 0 0 -1
    outer loop
      vertex 8.88151 -10.8221 0
      vertex 12.0124 -16.5726 0
      vertex 11.3479 -16.8227 0
    endloop
  endfacet
  facet normal 0 0 -1
    outer loop
      vertex 15.5 -15.9968 0
      vertex 10.8221 -8.88151 0
      vertex 11.6406 -7.77798 0
    endloop
  endfacet
  facet normal 0 0 -1
    outer loop
      vertex 7.77798 -11.6406 0
      vertex 11.3479 -16.8227 0
      vertex 10.7012 -17.1157 0
    endloop
  endfacet
  facet normal 0 0 -1
    outer loop
      vertex 7.77798 -11.6406 0
      vertex 10.7012 -17.1157 0
      vertex 10.075 -17.4504 0
    endloop
  endfacet
  facet normal 0 0 -1
    outer loop
      vertex 14.0838 -16.0896 0
      vertex 9.89949 -9.89949 0
      vertex 10.8221 -8.88151 0
    endloop
  endfacet
  facet normal 0 0 -1
    outer loop
      vertex 6.59955 -12.3469 0
      vertex 10.075 -17.4504 0
      vertex 9.47206 -17.8253 0
    endloop
  endfacet
  facet normal 0 0 -1
    outer loop
      vertex 6.59955 -12.3469 0
      vertex 9.47206 -17.8253 0
      vertex 8.89494 -18.2389 0
    endloop
  endfacet
  facet normal 0 0 -1
    outer loop
      vertex 12.6918 -16.3665 0
      vertex 8.88151 -10.8221 0
      vertex 9.89949 -9.89949 0
    endloop
  endfacet
  facet normal 0 0 -1
    outer loop
      vertex 5.35757 -12.9343 0
      vertex 8.89494 -18.2389 0
      vertex 8.3461 -18.6893 0
    endloop
  endfacet
  facet normal 0 0 -1
    outer loop
      vertex 4.06398 -13.3972 0
      vertex 8.3461 -18.6893 0
      vertex 7.82789 -19.1747 0
    endloop
  endfacet
  facet normal 0 0 -1
    outer loop
      vertex 11.3479 -16.8227 0
      vertex 7.77798 -11.6406 0
      vertex 8.88151 -10.8221 0
    endloop
  endfacet
  facet normal 0 0 -1
    outer loop
      vertex 4.06398 -13.3972 0
      vertex 7.82789 -19.1747 0
      vertex 7.34254 -19.6929 0
    endloop
  endfacet
  facet normal 0 0 -1
    outer loop
      vertex 2.73126 -13.731 0
      vertex 7.34254 -19.6929 0
      vertex 6.89212 -20.2417 0
    endloop
  endfacet
  facet normal 0 0 -1
    outer loop
      vertex 10.075 -17.4504 0
      vertex 6.59955 -12.3469 0
      vertex 7.77798 -11.6406 0
    endloop
  endfacet
  facet normal 0 0 -1
    outer loop
      vertex 2.73126 -13.731 0
      vertex 6.89212 -20.2417 0
      vertex 6.47855 -20.8188 0
    endloop
  endfacet
  facet normal 0 0 -1
    outer loop
      vertex 1.37224 -13.9326 0
      vertex 6.47855 -20.8188 0
      vertex 6.10362 -21.4218 0
    endloop
  endfacet
  facet normal 0 0 -1
    outer loop
      vertex 1.37224 -13.9326 0
      vertex 6.10362 -21.4218 0
      vertex 5.76893 -22.048 0
    endloop
  endfacet
  facet normal 0 0 -1
    outer loop
      vertex 0 -14 0
      vertex 5.76893 -22.048 0
      vertex 5.47591 -22.6947 0
    endloop
  endfacet
  facet normal 0 0 -1
    outer loop
      vertex 8.89494 -18.2389 0
      vertex 5.35757 -12.9343 0
      vertex 6.59955 -12.3469 0
    endloop
  endfacet
  facet normal 0 0 -1
    outer loop
      vertex 0 -14 0
      vertex 5.47591 -22.6947 0
      vertex 5.22581 -23.3592 0
    endloop
  endfacet
  facet normal 0 0 -1
    outer loop
      vertex -1.37224 -13.9326 0
      vertex 5.22581 -23.3592 0
      vertex 5.0197 -24.0386 0
    endloop
  endfacet
  facet normal 0 0 -1
    outer loop
      vertex -2.73126 -13.731 0
      vertex 5.0197 -24.0386 0
      vertex 4.85848 -24.7301 0
    endloop
  endfacet
  facet normal 0 0 -1
    outer loop
      vertex -2.73126 -13.731 0
      vertex 4.85848 -24.7301 0
      vertex 4.74282 -25.4306 0
    endloop
  endfacet
  facet normal 0 0 -1
    outer loop
      vertex -4.06398 -13.3972 0
      vertex 4.74282 -25.4306 0
      vertex 4.67323 -26.1372 0
    endloop
  endfacet
  facet normal 0 0 -1
    outer loop
      vertex 8.3461 -18.6893 0
      vertex 4.06398 -13.3972 0
      vertex 5.35757 -12.9343 0
    endloop
  endfacet
  facet normal 0 0 -1
    outer loop
      vertex -4.06398 -13.3972 0
      vertex 4.67323 -26.1372 0
      vertex 4.65 -26.8468 0
    endloop
  endfacet
  facet normal 0 0 -1
    outer loop
      vertex 25.5241 -22.6947 0
      vertex 35.7532 -23.8895 0
      vertex 25.7742 -23.3592 0
    endloop
  endfacet
  facet normal 0 0 -1
    outer loop
      vertex 25.7742 -23.3592 0
      vertex 35.7532 -23.8895 0
      vertex 25.9803 -24.0386 0
    endloop
  endfacet
  facet normal 0 0 -1
    outer loop
      vertex 25.2311 -22.048 0
      vertex 35.7532 -23.8895 0
      vertex 25.5241 -22.6947 0
    endloop
  endfacet
  facet normal 0 0 -1
    outer loop
      vertex 25.9803 -24.0386 0
      vertex 35.7532 -23.8895 0
      vertex 26.1415 -24.7301 0
    endloop
  endfacet
  facet normal 0 0 -1
    outer loop
      vertex 43 0 0
      vertex 26.35 26.8468 0
      vertex 42.7929 4.21474 0
    endloop
  endfacet
  facet normal 0 0 -1
    outer loop
      vertex 26.1415 -24.7301 0
      vertex 35.7532 -23.8895 0
      vertex 26.2572 -25.4306 0
    endloop
  endfacet
  facet normal 0 0 -1
    outer loop
      vertex 42.7929 4.21474 0
      vertex 26.35 26.8468 0
      vertex 42.1738 8.38888 0
    endloop
  endfacet
  facet normal 0 0 -1
    outer loop
      vertex 26.2572 -25.4306 0
      vertex 35.7532 -23.8895 0
      vertex 26.3268 -26.1372 0
    endloop
  endfacet
  facet normal 0 0 -1
    outer loop
      vertex 42.1738 8.38888 0
      vertex 26.35 26.8468 0
      vertex 41.1484 12.4822 0
    endloop
  endfacet
  facet normal 0 0 -1
    outer loop
      vertex 26.3268 -26.1372 0
      vertex 35.7532 -23.8895 0
      vertex 26.35 -26.8468 0
    endloop
  endfacet
  facet normal 0 0 -1
    outer loop
      vertex 41.1484 12.4822 0
      vertex 26.35 26.8468 0
      vertex 39.7268 16.4554 0
    endloop
  endfacet
  facet normal 0 0 -1
    outer loop
      vertex 26.1415 -28.9635 0
      vertex 35.7532 -23.8895 0
      vertex 28.3878 -35.4581 0
    endloop
  endfacet
  facet normal 0 0 -1
    outer loop
      vertex 39.7268 16.4554 0
      vertex 26.35 26.8468 0
      vertex 37.9226 20.2701 0
    endloop
  endfacet
  facet normal 0 0 -1
    outer loop
      vertex 24.1079 -33.4519 0
      vertex 28.3878 -35.4581 0
      vertex 27.4817 -36.6799 0
    endloop
  endfacet
  facet normal 0 0 -1
    outer loop
      vertex 37.9226 20.2701 0
      vertex 26.35 26.8468 0
      vertex 35.7532 23.8895 0
    endloop
  endfacet
  facet normal 0 0 -1
    outer loop
      vertex 23.6575 -34.0007 0
      vertex 27.4817 -36.6799 0
      vertex 26.4601 -37.8069 0
    endloop
  endfacet
  facet normal 0 0 -1
    outer loop
      vertex 26.3268 27.5564 0
      vertex 35.7532 23.8895 0
      vertex 26.35 26.8468 0
    endloop
  endfacet
  facet normal 0 0 -1
    outer loop
      vertex 26.2572 28.263 0
      vertex 35.7532 23.8895 0
      vertex 26.3268 27.5564 0
    endloop
  endfacet
  facet normal 0 0 -1
    outer loop
      vertex 35.7532 -23.8895 0
      vertex 26.3268 -27.5564 0
      vertex 26.35 -26.8468 0
    endloop
  endfacet
  facet normal 0 0 -1
    outer loop
      vertex 35.7532 -23.8895 0
      vertex 26.2572 -28.263 0
      vertex 26.3268 -27.5564 0
    endloop
  endfacet
  facet normal 0 0 -1
    outer loop
      vertex 35.7532 -23.8895 0
      vertex 26.1415 -28.9635 0
      vertex 26.2572 -28.263 0
    endloop
  endfacet
  facet normal 0 0 -1
    outer loop
      vertex 28.3878 -35.4581 0
      vertex 25.9803 -29.655 0
      vertex 26.1415 -28.9635 0
    endloop
  endfacet
  facet normal 0 0 -1
    outer loop
      vertex 28.3878 -35.4581 0
      vertex 25.7742 -30.3344 0
      vertex 25.9803 -29.655 0
    endloop
  endfacet
  facet normal 0 0 -1
    outer loop
      vertex 28.3878 -35.4581 0
      vertex 25.5241 -30.9989 0
      vertex 25.7742 -30.3344 0
    endloop
  endfacet
  facet normal 0 0 -1
    outer loop
      vertex 22.6539 -35.0042 0
      vertex 26.4601 -37.8069 0
      vertex 25.3331 -38.8284 0
    endloop
  endfacet
  facet normal 0 0 -1
    outer loop
      vertex 28.3878 -35.4581 0
      vertex 25.2311 -31.6456 0
      vertex 25.5241 -30.9989 0
    endloop
  endfacet
  facet normal 0 0 -1
    outer loop
      vertex 28.3878 -35.4581 0
      vertex 24.8964 -32.2718 0
      vertex 25.2311 -31.6456 0
    endloop
  endfacet
  facet normal 0 0 -1
    outer loop
      vertex 28.3878 -35.4581 0
      vertex 24.5214 -32.8747 0
      vertex 24.8964 -32.2718 0
    endloop
  endfacet
  facet normal 0 0 -1
    outer loop
      vertex 22.1051 -35.4547 0
      vertex 25.3331 -38.8284 0
      vertex 24.1113 -39.7346 0
    endloop
  endfacet
  facet normal 0 0 -1
    outer loop
      vertex 28.3878 -35.4581 0
      vertex 24.1079 -33.4519 0
      vertex 24.5214 -32.8747 0
    endloop
  endfacet
  facet normal 0 0 -1
    outer loop
      vertex 27.4817 -36.6799 0
      vertex 23.6575 -34.0007 0
      vertex 24.1079 -33.4519 0
    endloop
  endfacet
  facet normal 0 0 -1
    outer loop
      vertex 26.4601 -37.8069 0
      vertex 23.1721 -34.5189 0
      vertex 23.6575 -34.0007 0
    endloop
  endfacet
  facet normal 0 0 -1
    outer loop
      vertex 20.925 -36.2432 0
      vertex 24.1113 -39.7346 0
      vertex 22.8066 -40.5166 0
    endloop
  endfacet
  facet normal 0 0 -1
    outer loop
      vertex 26.4601 -37.8069 0
      vertex 22.6539 -35.0042 0
      vertex 23.1721 -34.5189 0
    endloop
  endfacet
  facet normal 0 0 -1
    outer loop
      vertex 25.3331 -38.8284 0
      vertex 22.1051 -35.4547 0
      vertex 22.6539 -35.0042 0
    endloop
  endfacet
  facet normal 0 0 -1
    outer loop
      vertex 24.1113 -39.7346 0
      vertex 21.5279 -35.8682 0
      vertex 22.1051 -35.4547 0
    endloop
  endfacet
  facet normal 0 0 -1
    outer loop
      vertex 20.2988 -36.5779 0
      vertex 22.8066 -40.5166 0
      vertex 21.4316 -41.1669 0
    endloop
  endfacet
  facet normal 0 0 -1
    outer loop
      vertex 24.1113 -39.7346 0
      vertex 20.925 -36.2432 0
      vertex 21.5279 -35.8682 0
    endloop
  endfacet
  facet normal 0 0 -1
    outer loop
      vertex 22.8066 -40.5166 0
      vertex 20.2988 -36.5779 0
      vertex 20.925 -36.2432 0
    endloop
  endfacet
  facet normal 0 0 -1
    outer loop
      vertex 18.9876 -37.121 0
      vertex 21.4316 -41.1669 0
      vertex 19.9994 -41.6794 0
    endloop
  endfacet
  facet normal 0 0 -1
    outer loop
      vertex 21.4316 -41.1669 0
      vertex 19.6521 -36.8709 0
      vertex 20.2988 -36.5779 0
    endloop
  endfacet
  facet normal 0 0 -1
    outer loop
      vertex 21.4316 -41.1669 0
      vertex 18.9876 -37.121 0
      vertex 19.6521 -36.8709 0
    endloop
  endfacet
  facet normal 0 0 -1
    outer loop
      vertex 18.3082 -37.3271 0
      vertex 19.9994 -41.6794 0
      vertex 18.5239 -42.049 0
    endloop
  endfacet
  facet normal 0 0 -1
    outer loop
      vertex 19.9994 -41.6794 0
      vertex 18.3082 -37.3271 0
      vertex 18.9876 -37.121 0
    endloop
  endfacet
  facet normal 0 0 -1
    outer loop
      vertex 18.5239 -42.049 0
      vertex 17.6167 -37.4883 0
      vertex 18.3082 -37.3271 0
    endloop
  endfacet
  facet normal 0 0 -1
    outer loop
      vertex 16.9162 -37.604 0
      vertex 18.5239 -42.049 0
      vertex 17.0193 -42.2721 0
    endloop
  endfacet
  facet normal 0 0 -1
    outer loop
      vertex 18.5239 -42.049 0
      vertex 16.9162 -37.604 0
      vertex 17.6167 -37.4883 0
    endloop
  endfacet
  facet normal 0 0 -1
    outer loop
      vertex 17.0193 -42.2721 0
      vertex 16.2096 -37.6736 0
      vertex 16.9162 -37.604 0
    endloop
  endfacet
  facet normal 0 0 -1
    outer loop
      vertex 15.5 -42.3468 0
      vertex 16.2096 -37.6736 0
      vertex 17.0193 -42.2721 0
    endloop
  endfacet
  facet normal 0 0 -1
    outer loop
      vertex 15.5 -42.3468 0
      vertex 15.5 -37.6968 0
      vertex 16.2096 -37.6736 0
    endloop
  endfacet
  facet normal 0 0 -1
    outer loop
      vertex 15.5 -42.3468 0
      vertex 14.7904 -37.6736 0
      vertex 15.5 -37.6968 0
    endloop
  endfacet
  facet normal 0 0 -1
    outer loop
      vertex 15.5 -42.3468 0
      vertex 14.0838 -37.604 0
      vertex 14.7904 -37.6736 0
    endloop
  endfacet
  facet normal 0 0 -1
    outer loop
      vertex 15.5 -42.3468 0
      vertex 13.3833 -37.4883 0
      vertex 14.0838 -37.604 0
    endloop
  endfacet
  facet normal 0 0 -1
    outer loop
      vertex 15.5 -42.3468 0
      vertex 12.6918 -37.3271 0
      vertex 13.3833 -37.4883 0
    endloop
  endfacet
  facet normal 0 0 -1
    outer loop
      vertex 15.5 -42.3468 0
      vertex 12.0124 -37.121 0
      vertex 12.6918 -37.3271 0
    endloop
  endfacet
  facet normal 0 0 -1
    outer loop
      vertex 15.5 -42.3468 0
      vertex 11.3479 -36.8709 0
      vertex 12.0124 -37.121 0
    endloop
  endfacet
  facet normal 0 0 -1
    outer loop
      vertex 15.5 -42.3468 0
      vertex 10.7012 -36.5779 0
      vertex 11.3479 -36.8709 0
    endloop
  endfacet
  facet normal 0 0 -1
    outer loop
      vertex 0 -43 0
      vertex 10.7012 -36.5779 0
      vertex 15.5 -42.3468 0
    endloop
  endfacet
  facet normal -0 0 -1
    outer loop
      vertex 10.7012 -36.5779 0
      vertex 0 -43 0
      vertex 10.075 -36.2432 0
    endloop
  endfacet
  facet normal -0 0 -1
    outer loop
      vertex 10.075 -36.2432 0
      vertex 0 -43 0
      vertex 9.47206 -35.8682 0
    endloop
  endfacet
  facet normal -0 0 -1
    outer loop
      vertex 9.47206 -35.8682 0
      vertex 0 -43 0
      vertex 8.89494 -35.4547 0
    endloop
  endfacet
  facet normal -0 0 -1
    outer loop
      vertex 8.89494 -35.4547 0
      vertex 0 -43 0
      vertex 8.3461 -35.0042 0
    endloop
  endfacet
  facet normal 0 0 -1
    outer loop
      vertex -12.4822 -41.1484 0
      vertex 4.65 -26.8468 0
      vertex 4.67323 -27.5564 0
    endloop
  endfacet
  facet normal 0 0 -1
    outer loop
      vertex 7.34254 -19.6929 0
      vertex 2.73126 -13.731 0
      vertex 4.06398 -13.3972 0
    endloop
  endfacet
  facet normal 0 0 -1
    outer loop
      vertex -12.4822 -41.1484 0
      vertex 4.67323 -27.5564 0
      vertex 4.74282 -28.263 0
    endloop
  endfacet
  facet normal 0 0 -1
    outer loop
      vertex 6.47855 -20.8188 0
      vertex 1.37224 -13.9326 0
      vertex 2.73126 -13.731 0
    endloop
  endfacet
  facet normal 0 0 -1
    outer loop
      vertex -8.38888 -42.1738 0
      vertex 4.74282 -28.263 0
      vertex 4.85848 -28.9635 0
    endloop
  endfacet
  facet normal -0 0 -1
    outer loop
      vertex 8.3461 -35.0042 0
      vertex 0 -43 0
      vertex 7.82789 -34.5189 0
    endloop
  endfacet
  facet normal 0 0 -1
    outer loop
      vertex 0 -43 0
      vertex 7.34254 -34.0007 0
      vertex 7.82789 -34.5189 0
    endloop
  endfacet
  facet normal 0 0 -1
    outer loop
      vertex 0 -43 0
      vertex 6.89212 -33.4519 0
      vertex 7.34254 -34.0007 0
    endloop
  endfacet
  facet normal 0 0 -1
    outer loop
      vertex 0 -43 0
      vertex 6.47855 -32.8747 0
      vertex 6.89212 -33.4519 0
    endloop
  endfacet
  facet normal 0 0 -1
    outer loop
      vertex 0 -43 0
      vertex 6.10362 -32.2718 0
      vertex 6.47855 -32.8747 0
    endloop
  endfacet
  facet normal 0 0 -1
    outer loop
      vertex 0 -43 0
      vertex 5.76893 -31.6456 0
      vertex 6.10362 -32.2718 0
    endloop
  endfacet
  facet normal 0 0 -1
    outer loop
      vertex -4.21474 -42.7929 0
      vertex 5.76893 -31.6456 0
      vertex 0 -43 0
    endloop
  endfacet
  facet normal -0 0 -1
    outer loop
      vertex 5.76893 -31.6456 0
      vertex -4.21474 -42.7929 0
      vertex 5.47591 -30.9989 0
    endloop
  endfacet
  facet normal -0 0 -1
    outer loop
      vertex 5.47591 -30.9989 0
      vertex -4.21474 -42.7929 0
      vertex 5.22581 -30.3344 0
    endloop
  endfacet
  facet normal -0 0 -1
    outer loop
      vertex 5.22581 -30.3344 0
      vertex -4.21474 -42.7929 0
      vertex 5.0197 -29.655 0
    endloop
  endfacet
  facet normal 0 0 -1
    outer loop
      vertex -8.38888 -42.1738 0
      vertex 5.0197 -29.655 0
      vertex -4.21474 -42.7929 0
    endloop
  endfacet
  facet normal 0 0 -1
    outer loop
      vertex 5.76893 -22.048 0
      vertex 0 -14 0
      vertex 1.37224 -13.9326 0
    endloop
  endfacet
  facet normal 0 0 -1
    outer loop
      vertex 5.22581 -23.3592 0
      vertex -1.37224 -13.9326 0
      vertex 0 -14 0
    endloop
  endfacet
  facet normal -0 0 -1
    outer loop
      vertex 5.0197 -29.655 0
      vertex -8.38888 -42.1738 0
      vertex 4.85848 -28.9635 0
    endloop
  endfacet
  facet normal 0 0 -1
    outer loop
      vertex 5.0197 -24.0386 0
      vertex -2.73126 -13.731 0
      vertex -1.37224 -13.9326 0
    endloop
  endfacet
  facet normal 0 0 -1
    outer loop
      vertex 4.74282 -28.263 0
      vertex -8.38888 -42.1738 0
      vertex -12.4822 -41.1484 0
    endloop
  endfacet
  facet normal 0 0 -1
    outer loop
      vertex 4.74282 -25.4306 0
      vertex -4.06398 -13.3972 0
      vertex -2.73126 -13.731 0
    endloop
  endfacet
  facet normal 0 0 -1
    outer loop
      vertex 4.65 -26.8468 0
      vertex -12.4822 -41.1484 0
      vertex -16.4554 -39.7268 0
    endloop
  endfacet
  facet normal 0 0 -1
    outer loop
      vertex 4.65 -26.8468 0
      vertex -5.35757 -12.9343 0
      vertex -4.06398 -13.3972 0
    endloop
  endfacet
  facet normal -0 0 -1
    outer loop
      vertex 4.65 -26.8468 0
      vertex -16.4554 -39.7268 0
      vertex -5.35757 -12.9343 0
    endloop
  endfacet
  facet normal -0 0 -1
    outer loop
      vertex -5.35757 -12.9343 0
      vertex -16.4554 -39.7268 0
      vertex -6.59955 -12.3469 0
    endloop
  endfacet
  facet normal 0 0 -1
    outer loop
      vertex -20.2701 -37.9226 0
      vertex -6.59955 -12.3469 0
      vertex -16.4554 -39.7268 0
    endloop
  endfacet
  facet normal -0 0 -1
    outer loop
      vertex -6.59955 -12.3469 0
      vertex -20.2701 -37.9226 0
      vertex -7.77798 -11.6406 0
    endloop
  endfacet
  facet normal 0 0 -1
    outer loop
      vertex -23.8895 -35.7532 0
      vertex -7.77798 -11.6406 0
      vertex -20.2701 -37.9226 0
    endloop
  endfacet
  facet normal -0 0 -1
    outer loop
      vertex -7.77798 -11.6406 0
      vertex -23.8895 -35.7532 0
      vertex -8.88151 -10.8221 0
    endloop
  endfacet
  facet normal 0 0 -1
    outer loop
      vertex -27.2789 -33.2394 0
      vertex -8.88151 -10.8221 0
      vertex -23.8895 -35.7532 0
    endloop
  endfacet
  facet normal 0 -0 -1
    outer loop
      vertex -25.575 -9.39637 0
      vertex -8.88151 -10.8221 0
      vertex -27.2789 -33.2394 0
    endloop
  endfacet
  facet normal 0 -0 -1
    outer loop
      vertex -24.9721 -9.02145 0
      vertex -8.88151 -10.8221 0
      vertex -25.575 -9.39637 0
    endloop
  endfacet
  facet normal 0 0 -1
    outer loop
      vertex -8.88151 -10.8221 0
      vertex -24.9721 -9.02145 0
      vertex -9.89949 -9.89949 0
    endloop
  endfacet
  facet normal 0 -0 -1
    outer loop
      vertex -23.8461 -8.15746 0
      vertex -10.8221 -8.88151 0
      vertex -24.3949 -8.60788 0
    endloop
  endfacet
  facet normal 0 0 -1
    outer loop
      vertex -12.3469 -6.59955 0
      vertex -21.6036 -5.425 0
      vertex -12.9343 -5.35757 0
    endloop
  endfacet
  facet normal 0 -0 -1
    outer loop
      vertex -21.9786 -6.02794 0
      vertex -12.3469 -6.59955 0
      vertex -22.3921 -6.60506 0
    endloop
  endfacet
  facet normal 0 0 -1
    outer loop
      vertex 26.1415 28.9635 0
      vertex 35.7532 23.8895 0
      vertex 26.2572 28.263 0
    endloop
  endfacet
  facet normal 0 0 -1
    outer loop
      vertex 35.7532 23.8895 0
      vertex 26.1415 28.9635 0
      vertex 28.3878 35.4581 0
    endloop
  endfacet
  facet normal 0 0 -1
    outer loop
      vertex 25.9803 29.655 0
      vertex 28.3878 35.4581 0
      vertex 26.1415 28.9635 0
    endloop
  endfacet
  facet normal 0 0 -1
    outer loop
      vertex 25.7742 30.3344 0
      vertex 28.3878 35.4581 0
      vertex 25.9803 29.655 0
    endloop
  endfacet
  facet normal 0 0 -1
    outer loop
      vertex 25.5241 30.9989 0
      vertex 28.3878 35.4581 0
      vertex 25.7742 30.3344 0
    endloop
  endfacet
  facet normal 0 0 -1
    outer loop
      vertex 25.2311 31.6456 0
      vertex 28.3878 35.4581 0
      vertex 25.5241 30.9989 0
    endloop
  endfacet
  facet normal 0 0 -1
    outer loop
      vertex 24.8964 32.2718 0
      vertex 28.3878 35.4581 0
      vertex 25.2311 31.6456 0
    endloop
  endfacet
  facet normal 0 0 -1
    outer loop
      vertex 24.5214 32.8747 0
      vertex 28.3878 35.4581 0
      vertex 24.8964 32.2718 0
    endloop
  endfacet
  facet normal 0 0 -1
    outer loop
      vertex 24.1079 33.4519 0
      vertex 28.3878 35.4581 0
      vertex 24.5214 32.8747 0
    endloop
  endfacet
  facet normal -0 0 -1
    outer loop
      vertex 28.3878 35.4581 0
      vertex 24.1079 33.4519 0
      vertex 27.4817 36.6799 0
    endloop
  endfacet
  facet normal 0 0 -1
    outer loop
      vertex 23.6575 34.0007 0
      vertex 27.4817 36.6799 0
      vertex 24.1079 33.4519 0
    endloop
  endfacet
  facet normal -0 0 -1
    outer loop
      vertex 27.4817 36.6799 0
      vertex 23.6575 34.0007 0
      vertex 26.4601 37.8069 0
    endloop
  endfacet
  facet normal 0 0 -1
    outer loop
      vertex 23.1721 34.5189 0
      vertex 26.4601 37.8069 0
      vertex 23.6575 34.0007 0
    endloop
  endfacet
  facet normal 0 0 -1
    outer loop
      vertex 22.6539 35.0042 0
      vertex 26.4601 37.8069 0
      vertex 23.1721 34.5189 0
    endloop
  endfacet
  facet normal -0 0 -1
    outer loop
      vertex 26.4601 37.8069 0
      vertex 22.6539 35.0042 0
      vertex 25.3331 38.8284 0
    endloop
  endfacet
  facet normal 0 0 -1
    outer loop
      vertex 22.1051 35.4547 0
      vertex 25.3331 38.8284 0
      vertex 22.6539 35.0042 0
    endloop
  endfacet
  facet normal -0 0 -1
    outer loop
      vertex 25.3331 38.8284 0
      vertex 22.1051 35.4547 0
      vertex 24.1113 39.7346 0
    endloop
  endfacet
  facet normal 0 0 -1
    outer loop
      vertex 21.5279 35.8682 0
      vertex 24.1113 39.7346 0
      vertex 22.1051 35.4547 0
    endloop
  endfacet
  facet normal 0 0 -1
    outer loop
      vertex 20.925 36.2432 0
      vertex 24.1113 39.7346 0
      vertex 21.5279 35.8682 0
    endloop
  endfacet
  facet normal -0 0 -1
    outer loop
      vertex 24.1113 39.7346 0
      vertex 20.925 36.2432 0
      vertex 22.8066 40.5166 0
    endloop
  endfacet
  facet normal 0 0 -1
    outer loop
      vertex 20.2988 36.5779 0
      vertex 22.8066 40.5166 0
      vertex 20.925 36.2432 0
    endloop
  endfacet
  facet normal -0 0 -1
    outer loop
      vertex 22.8066 40.5166 0
      vertex 20.2988 36.5779 0
      vertex 21.4316 41.1669 0
    endloop
  endfacet
  facet normal 0 0 -1
    outer loop
      vertex 19.6521 36.8709 0
      vertex 21.4316 41.1669 0
      vertex 20.2988 36.5779 0
    endloop
  endfacet
  facet normal 0 0 -1
    outer loop
      vertex 18.9876 37.121 0
      vertex 21.4316 41.1669 0
      vertex 19.6521 36.8709 0
    endloop
  endfacet
  facet normal -0 0 -1
    outer loop
      vertex 21.4316 41.1669 0
      vertex 18.9876 37.121 0
      vertex 19.9994 41.6794 0
    endloop
  endfacet
  facet normal 0 0 -1
    outer loop
      vertex 18.3082 37.3271 0
      vertex 19.9994 41.6794 0
      vertex 18.9876 37.121 0
    endloop
  endfacet
  facet normal -0 0 -1
    outer loop
      vertex 19.9994 41.6794 0
      vertex 18.3082 37.3271 0
      vertex 18.5239 42.049 0
    endloop
  endfacet
  facet normal 0 0 -1
    outer loop
      vertex 17.6167 37.4883 0
      vertex 18.5239 42.049 0
      vertex 18.3082 37.3271 0
    endloop
  endfacet
  facet normal 0 0 -1
    outer loop
      vertex 16.9162 37.604 0
      vertex 18.5239 42.049 0
      vertex 17.6167 37.4883 0
    endloop
  endfacet
  facet normal -0 0 -1
    outer loop
      vertex 18.5239 42.049 0
      vertex 16.9162 37.604 0
      vertex 17.0193 42.2721 0
    endloop
  endfacet
  facet normal 0 0 -1
    outer loop
      vertex 16.2096 37.6736 0
      vertex 17.0193 42.2721 0
      vertex 16.9162 37.604 0
    endloop
  endfacet
  facet normal 0 0 -1
    outer loop
      vertex 15.5 42.3468 0
      vertex 16.2096 37.6736 0
      vertex 15.5 37.6968 0
    endloop
  endfacet
  facet normal 0 0 -1
    outer loop
      vertex 16.2096 37.6736 0
      vertex 15.5 42.3468 0
      vertex 17.0193 42.2721 0
    endloop
  endfacet
  facet normal 0 0 -1
    outer loop
      vertex 14.7904 37.6736 0
      vertex 15.5 42.3468 0
      vertex 15.5 37.6968 0
    endloop
  endfacet
  facet normal 0 0 -1
    outer loop
      vertex 14.0838 37.604 0
      vertex 15.5 42.3468 0
      vertex 14.7904 37.6736 0
    endloop
  endfacet
  facet normal 0 0 -1
    outer loop
      vertex 13.3833 37.4883 0
      vertex 15.5 42.3468 0
      vertex 14.0838 37.604 0
    endloop
  endfacet
  facet normal 0 0 -1
    outer loop
      vertex 12.6918 37.3271 0
      vertex 15.5 42.3468 0
      vertex 13.3833 37.4883 0
    endloop
  endfacet
  facet normal 0 0 -1
    outer loop
      vertex 12.0124 37.121 0
      vertex 15.5 42.3468 0
      vertex 12.6918 37.3271 0
    endloop
  endfacet
  facet normal 0 0 -1
    outer loop
      vertex 11.3479 36.8709 0
      vertex 15.5 42.3468 0
      vertex 12.0124 37.121 0
    endloop
  endfacet
  facet normal 0 0 -1
    outer loop
      vertex 10.7012 36.5779 0
      vertex 15.5 42.3468 0
      vertex 11.3479 36.8709 0
    endloop
  endfacet
  facet normal 0 0 -1
    outer loop
      vertex 0 43 0
      vertex 10.7012 36.5779 0
      vertex 10.075 36.2432 0
    endloop
  endfacet
  facet normal 0 0 -1
    outer loop
      vertex 0 43 0
      vertex 10.075 36.2432 0
      vertex 9.47206 35.8682 0
    endloop
  endfacet
  facet normal 0 0 -1
    outer loop
      vertex 0 43 0
      vertex 9.47206 35.8682 0
      vertex 8.89494 35.4547 0
    endloop
  endfacet
  facet normal 0 0 -1
    outer loop
      vertex 0 43 0
      vertex 8.89494 35.4547 0
      vertex 8.3461 35.0042 0
    endloop
  endfacet
  facet normal 0 0 -1
    outer loop
      vertex 0 43 0
      vertex 8.3461 35.0042 0
      vertex 7.82789 34.5189 0
    endloop
  endfacet
  facet normal 0 0 -1
    outer loop
      vertex -0.388228 15.4489 0
      vertex 5.0197 24.0386 0
      vertex 0 15.5 0
    endloop
  endfacet
  facet normal 0 0 -1
    outer loop
      vertex 1.06066 15.0607 0
      vertex 4.06398 13.3972 0
      vertex 2.73126 13.731 0
    endloop
  endfacet
  facet normal -0 0 -1
    outer loop
      vertex 5.0197 24.0386 0
      vertex -0.388228 15.4489 0
      vertex 4.85848 24.7301 0
    endloop
  endfacet
  facet normal 0 0 -1
    outer loop
      vertex 1.44889 14.3882 0
      vertex 2.73126 13.731 0
      vertex 1.5 14 0
    endloop
  endfacet
  facet normal 0 0 -1
    outer loop
      vertex 1.29904 14.75 0
      vertex 2.73126 13.731 0
      vertex 1.44889 14.3882 0
    endloop
  endfacet
  facet normal 0 0 -1
    outer loop
      vertex 1.06066 15.0607 0
      vertex 2.73126 13.731 0
      vertex 1.29904 14.75 0
    endloop
  endfacet
  facet normal -0 0 -1
    outer loop
      vertex 4.85848 24.7301 0
      vertex -0.388228 15.4489 0
      vertex 4.74282 25.4306 0
    endloop
  endfacet
  facet normal 0 0 -1
    outer loop
      vertex -0.75 15.299 0
      vertex 4.74282 25.4306 0
      vertex -0.388228 15.4489 0
    endloop
  endfacet
  facet normal -0 0 -1
    outer loop
      vertex 4.74282 25.4306 0
      vertex -0.75 15.299 0
      vertex 4.67323 26.1372 0
    endloop
  endfacet
  facet normal -0 0 -1
    outer loop
      vertex 4.67323 26.1372 0
      vertex -0.75 15.299 0
      vertex 4.65 26.8468 0
    endloop
  endfacet
  facet normal 0 0 -1
    outer loop
      vertex -4.06398 13.3972 0
      vertex 4.65 26.8468 0
      vertex -0.75 15.299 0
    endloop
  endfacet
  facet normal 0 0 -1
    outer loop
      vertex -5.35757 12.9343 0
      vertex 4.65 26.8468 0
      vertex -4.06398 13.3972 0
    endloop
  endfacet
  facet normal 0 0 -1
    outer loop
      vertex -16.4554 39.7268 0
      vertex 4.65 26.8468 0
      vertex -5.35757 12.9343 0
    endloop
  endfacet
  facet normal 0 0 -1
    outer loop
      vertex 10.7012 36.5779 0
      vertex 0 43 0
      vertex 15.5 42.3468 0
    endloop
  endfacet
  facet normal 0 0 -1
    outer loop
      vertex 7.34254 34.0007 0
      vertex 0 43 0
      vertex 7.82789 34.5189 0
    endloop
  endfacet
  facet normal 0 0 -1
    outer loop
      vertex 6.89212 33.4519 0
      vertex 0 43 0
      vertex 7.34254 34.0007 0
    endloop
  endfacet
  facet normal 0 0 -1
    outer loop
      vertex 6.47855 32.8747 0
      vertex 0 43 0
      vertex 6.89212 33.4519 0
    endloop
  endfacet
  facet normal 0 0 -1
    outer loop
      vertex 6.10362 32.2718 0
      vertex 0 43 0
      vertex 6.47855 32.8747 0
    endloop
  endfacet
  facet normal 0 0 -1
    outer loop
      vertex 5.76893 31.6456 0
      vertex 0 43 0
      vertex 6.10362 32.2718 0
    endloop
  endfacet
  facet normal 0 0 -1
    outer loop
      vertex -4.21474 42.7929 0
      vertex 5.76893 31.6456 0
      vertex 5.47591 30.9989 0
    endloop
  endfacet
  facet normal 0 0 -1
    outer loop
      vertex -4.21474 42.7929 0
      vertex 5.47591 30.9989 0
      vertex 5.22581 30.3344 0
    endloop
  endfacet
  facet normal 0 -0 -1
    outer loop
      vertex -8.38888 42.1738 0
      vertex 4.74282 28.263 0
      vertex -12.4822 41.1484 0
    endloop
  endfacet
  facet normal 0 0 -1
    outer loop
      vertex 4.74282 28.263 0
      vertex -8.38888 42.1738 0
      vertex 4.85848 28.9635 0
    endloop
  endfacet
  facet normal 0 0 -1
    outer loop
      vertex 4.85848 28.9635 0
      vertex -8.38888 42.1738 0
      vertex 5.0197 29.655 0
    endloop
  endfacet
  facet normal 0 0 -1
    outer loop
      vertex -4.06398 13.3972 0
      vertex -0.75 15.299 0
      vertex -1.06066 15.0607 0
    endloop
  endfacet
  facet normal 0 0 -1
    outer loop
      vertex -2.73126 13.731 0
      vertex -1.06066 15.0607 0
      vertex -1.29904 14.75 0
    endloop
  endfacet
  facet normal 0 0 -1
    outer loop
      vertex -2.73126 13.731 0
      vertex -1.29904 14.75 0
      vertex -1.44889 14.3882 0
    endloop
  endfacet
  facet normal 0 0 -1
    outer loop
      vertex -2.73126 13.731 0
      vertex -1.44889 14.3882 0
      vertex -1.5 14 0
    endloop
  endfacet
  facet normal 0 0 -1
    outer loop
      vertex -1.06066 15.0607 0
      vertex -2.73126 13.731 0
      vertex -4.06398 13.3972 0
    endloop
  endfacet
  facet normal 0 -0 -1
    outer loop
      vertex -12.4822 41.1484 0
      vertex 4.65 26.8468 0
      vertex -16.4554 39.7268 0
    endloop
  endfacet
  facet normal 0 0 -1
    outer loop
      vertex 5.76893 31.6456 0
      vertex -4.21474 42.7929 0
      vertex 0 43 0
    endloop
  endfacet
  facet normal 0 0 -1
    outer loop
      vertex 4.65 26.8468 0
      vertex -12.4822 41.1484 0
      vertex 4.67323 27.5564 0
    endloop
  endfacet
  facet normal 0 0 -1
    outer loop
      vertex -16.4554 39.7268 0
      vertex -5.35757 12.9343 0
      vertex -6.59955 12.3469 0
    endloop
  endfacet
  facet normal 0 0 -1
    outer loop
      vertex -16.4554 39.7268 0
      vertex -6.59955 12.3469 0
      vertex -7.77798 11.6406 0
    endloop
  endfacet
  facet normal 0 0 -1
    outer loop
      vertex 5.0197 29.655 0
      vertex -4.21474 42.7929 0
      vertex 5.22581 30.3344 0
    endloop
  endfacet
  facet normal 0 0 -1
    outer loop
      vertex -16.4554 39.7268 0
      vertex -7.77798 11.6406 0
      vertex -8.88151 10.8221 0
    endloop
  endfacet
  facet normal 0 0 -1
    outer loop
      vertex -16.4554 39.7268 0
      vertex -8.88151 10.8221 0
      vertex -9.89949 9.89949 0
    endloop
  endfacet
  facet normal 0 0 -1
    outer loop
      vertex -16.4554 39.7268 0
      vertex -9.89949 9.89949 0
      vertex -10.8221 8.88151 0
    endloop
  endfacet
  facet normal 0 0 -1
    outer loop
      vertex -16.4554 39.7268 0
      vertex -10.8221 8.88151 0
      vertex -11.6406 7.77798 0
    endloop
  endfacet
  facet normal 0 0 -1
    outer loop
      vertex -20.5197 2.80819 0
      vertex -13.731 2.73126 0
      vertex -20.3585 2.11673 0
    endloop
  endfacet
  facet normal 0 -0 -1
    outer loop
      vertex -4.21474 42.7929 0
      vertex 5.0197 29.655 0
      vertex -8.38888 42.1738 0
    endloop
  endfacet
  facet normal 0 0 -1
    outer loop
      vertex -13.9326 1.37224 0
      vertex -20.3585 2.11673 0
      vertex -13.731 2.73126 0
    endloop
  endfacet
  facet normal 0 0 -1
    outer loop
      vertex -20.3585 2.11673 0
      vertex -13.9326 1.37224 0
      vertex -20.2428 1.41621 0
    endloop
  endfacet
  facet normal 0 0 -1
    outer loop
      vertex -20.2428 1.41621 0
      vertex -13.9326 1.37224 0
      vertex -20.1732 0.709623 0
    endloop
  endfacet
  facet normal 0 0 -1
    outer loop
      vertex -14 0 0
      vertex -20.1732 0.709623 0
      vertex -13.9326 1.37224 0
    endloop
  endfacet
  facet normal 0 0 -1
    outer loop
      vertex -20.1732 0.709623 0
      vertex -14 0 0
      vertex -20.15 0 0
    endloop
  endfacet
  facet normal 0 -0 -1
    outer loop
      vertex -20.9759 -4.15211 0
      vertex -12.9343 -5.35757 0
      vertex -21.2689 -4.79883 0
    endloop
  endfacet
  facet normal 0 0 -1
    outer loop
      vertex -20.7258 3.48762 0
      vertex -13.731 2.73126 0
      vertex -20.5197 2.80819 0
    endloop
  endfacet
  facet normal 0 0 -1
    outer loop
      vertex 4.67323 27.5564 0
      vertex -12.4822 41.1484 0
      vertex 4.74282 28.263 0
    endloop
  endfacet
  facet normal -0 0 -1
    outer loop
      vertex -14 0 0
      vertex -20.1732 -0.709623 0
      vertex -20.15 0 0
    endloop
  endfacet
  facet normal 0 0 -1
    outer loop
      vertex -13.9326 -1.37224 0
      vertex -20.1732 -0.709623 0
      vertex -14 0 0
    endloop
  endfacet
  facet normal 0 -0 -1
    outer loop
      vertex -22.3921 -6.60506 0
      vertex -11.6406 -7.77798 0
      vertex -22.8425 -7.1539 0
    endloop
  endfacet
  facet normal 0 -0 -1
    outer loop
      vertex -20.1732 -0.709623 0
      vertex -13.9326 -1.37224 0
      vertex -20.2428 -1.41621 0
    endloop
  endfacet
  facet normal 0 -0 -1
    outer loop
      vertex -20.2428 -1.41621 0
      vertex -13.9326 -1.37224 0
      vertex -20.3585 -2.11673 0
    endloop
  endfacet
  facet normal 0 0 -1
    outer loop
      vertex -13.731 -2.73126 0
      vertex -20.3585 -2.11673 0
      vertex -13.9326 -1.37224 0
    endloop
  endfacet
  facet normal 0 -0 -1
    outer loop
      vertex -20.3585 -2.11673 0
      vertex -13.731 -2.73126 0
      vertex -20.5197 -2.80819 0
    endloop
  endfacet
  facet normal 0 -0 -1
    outer loop
      vertex -20.5197 -2.80819 0
      vertex -13.731 -2.73126 0
      vertex -20.7258 -3.48762 0
    endloop
  endfacet
  facet normal 0 0 -1
    outer loop
      vertex -13.3972 -4.06398 0
      vertex -20.7258 -3.48762 0
      vertex -13.731 -2.73126 0
    endloop
  endfacet
  facet normal 0 -0 -1
    outer loop
      vertex -20.7258 -3.48762 0
      vertex -13.3972 -4.06398 0
      vertex -20.9759 -4.15211 0
    endloop
  endfacet
  facet normal 0 0 -1
    outer loop
      vertex -12.9343 -5.35757 0
      vertex -20.9759 -4.15211 0
      vertex -13.3972 -4.06398 0
    endloop
  endfacet
  facet normal 0 -0 -1
    outer loop
      vertex -21.2689 -4.79883 0
      vertex -12.9343 -5.35757 0
      vertex -21.6036 -5.425 0
    endloop
  endfacet
  facet normal 0 -0 -1
    outer loop
      vertex -21.6036 -5.425 0
      vertex -12.3469 -6.59955 0
      vertex -21.9786 -6.02794 0
    endloop
  endfacet
  facet normal 0 0 -1
    outer loop
      vertex -11.6406 -7.77798 0
      vertex -22.3921 -6.60506 0
      vertex -12.3469 -6.59955 0
    endloop
  endfacet
  facet normal 0 0 -1
    outer loop
      vertex -10.8221 -8.88151 0
      vertex -23.3279 -7.67211 0
      vertex -11.6406 -7.77798 0
    endloop
  endfacet
  facet normal 0 -0 -1
    outer loop
      vertex -22.8425 -7.1539 0
      vertex -11.6406 -7.77798 0
      vertex -23.3279 -7.67211 0
    endloop
  endfacet
  facet normal 0 -0 -1
    outer loop
      vertex -23.3279 -7.67211 0
      vertex -10.8221 -8.88151 0
      vertex -23.8461 -8.15746 0
    endloop
  endfacet
  facet normal 0 0 -1
    outer loop
      vertex -9.89949 -9.89949 0
      vertex -24.3949 -8.60788 0
      vertex -10.8221 -8.88151 0
    endloop
  endfacet
  facet normal 0 -0 -1
    outer loop
      vertex -24.3949 -8.60788 0
      vertex -9.89949 -9.89949 0
      vertex -24.9721 -9.02145 0
    endloop
  endfacet
  facet normal 0 0 -1
    outer loop
      vertex -25.575 -9.39637 0
      vertex -27.2789 -33.2394 0
      vertex -26.2012 -9.73107 0
    endloop
  endfacet
  facet normal 0 0 -1
    outer loop
      vertex -30.4056 -30.4056 0
      vertex -26.2012 -9.73107 0
      vertex -27.2789 -33.2394 0
    endloop
  endfacet
  facet normal 0 0 -1
    outer loop
      vertex -26.2012 -9.73107 0
      vertex -30.4056 -30.4056 0
      vertex -26.8479 -10.0241 0
    endloop
  endfacet
  facet normal 0 0 -1
    outer loop
      vertex -26.8479 -10.0241 0
      vertex -30.4056 -30.4056 0
      vertex -27.5124 -10.2742 0
    endloop
  endfacet
  facet normal 0 0 -1
    outer loop
      vertex -33.2394 -27.2789 0
      vertex -27.5124 -10.2742 0
      vertex -30.4056 -30.4056 0
    endloop
  endfacet
  facet normal 0 0 -1
    outer loop
      vertex -27.5124 -10.2742 0
      vertex -33.2394 -27.2789 0
      vertex -28.1918 -10.4803 0
    endloop
  endfacet
  facet normal 0 0 -1
    outer loop
      vertex -28.1918 -10.4803 0
      vertex -33.2394 -27.2789 0
      vertex -28.8833 -10.6415 0
    endloop
  endfacet
  facet normal 0 0 -1
    outer loop
      vertex -35.7532 -23.8895 0
      vertex -28.8833 -10.6415 0
      vertex -33.2394 -27.2789 0
    endloop
  endfacet
  facet normal 0 0 -1
    outer loop
      vertex -28.8833 -10.6415 0
      vertex -35.7532 -23.8895 0
      vertex -29.5838 -10.7572 0
    endloop
  endfacet
  facet normal 0 0 -1
    outer loop
      vertex -29.5838 -10.7572 0
      vertex -35.7532 -23.8895 0
      vertex -30.2904 -10.8268 0
    endloop
  endfacet
  facet normal 0 0 -1
    outer loop
      vertex -30.2904 -10.8268 0
      vertex -35.7532 -23.8895 0
      vertex -31 -10.85 0
    endloop
  endfacet
  facet normal 0 0 -1
    outer loop
      vertex -37.9226 -20.2701 0
      vertex -31 -10.85 0
      vertex -35.7532 -23.8895 0
    endloop
  endfacet
  facet normal -0 0 -1
    outer loop
      vertex -31 -10.85 0
      vertex -37.9226 -20.2701 0
      vertex -31.7096 -10.8268 0
    endloop
  endfacet
  facet normal -0 0 -1
    outer loop
      vertex -31.7096 -10.8268 0
      vertex -37.9226 -20.2701 0
      vertex -32.4162 -10.7572 0
    endloop
  endfacet
  facet normal -0 0 -1
    outer loop
      vertex -32.4162 -10.7572 0
      vertex -37.9226 -20.2701 0
      vertex -33.1167 -10.6415 0
    endloop
  endfacet
  facet normal -0 0 -1
    outer loop
      vertex -33.1167 -10.6415 0
      vertex -37.9226 -20.2701 0
      vertex -33.8082 -10.4803 0
    endloop
  endfacet
  facet normal -0 0 -1
    outer loop
      vertex -33.8082 -10.4803 0
      vertex -37.9226 -20.2701 0
      vertex -34.4876 -10.2742 0
    endloop
  endfacet
  facet normal -0 0 -1
    outer loop
      vertex -34.4876 -10.2742 0
      vertex -37.9226 -20.2701 0
      vertex -35.1521 -10.0241 0
    endloop
  endfacet
  facet normal -0 0 -1
    outer loop
      vertex -35.1521 -10.0241 0
      vertex -37.9226 -20.2701 0
      vertex -35.7988 -9.73107 0
    endloop
  endfacet
  facet normal -0 0 -1
    outer loop
      vertex -35.7988 -9.73107 0
      vertex -37.9226 -20.2701 0
      vertex -36.425 -9.39637 0
    endloop
  endfacet
  facet normal -0 0 -1
    outer loop
      vertex -36.425 -9.39637 0
      vertex -37.9226 -20.2701 0
      vertex -37.0279 -9.02145 0
    endloop
  endfacet
  facet normal -0 0 -1
    outer loop
      vertex -37.0279 -9.02145 0
      vertex -37.9226 -20.2701 0
      vertex -37.6051 -8.60788 0
    endloop
  endfacet
  facet normal 0 0 -1
    outer loop
      vertex -44.6698 -7.30664 0
      vertex -37.6051 -8.60788 0
      vertex -37.9226 -20.2701 0
    endloop
  endfacet
  facet normal 0 0 -1
    outer loop
      vertex -37.6051 -8.60788 0
      vertex -44.6698 -7.30664 0
      vertex -38.1539 -8.15746 0
    endloop
  endfacet
  facet normal 0 0 -1
    outer loop
      vertex -38.1539 -8.15746 0
      vertex -44.6698 -7.30664 0
      vertex -38.6721 -7.67211 0
    endloop
  endfacet
  facet normal 0 0 -1
    outer loop
      vertex -38.6721 -7.67211 0
      vertex -44.6698 -7.30664 0
      vertex -39.1575 -7.1539 0
    endloop
  endfacet
  facet normal -0 0 -1
    outer loop
      vertex -39.1575 -7.1539 0
      vertex -44.6698 -7.30664 0
      vertex -39.6079 -6.60506 0
    endloop
  endfacet
  facet normal -0 0 -1
    outer loop
      vertex -39.6079 -6.60506 0
      vertex -44.6698 -7.30664 0
      vertex -40.0214 -6.02794 0
    endloop
  endfacet
  facet normal -0 0 -1
    outer loop
      vertex -40.0214 -6.02794 0
      vertex -44.6698 -7.30664 0
      vertex -40.3964 -5.425 0
    endloop
  endfacet
  facet normal -0 0 -1
    outer loop
      vertex -40.3964 -5.425 0
      vertex -44.6698 -7.30664 0
      vertex -40.7311 -4.79883 0
    endloop
  endfacet
  facet normal 0 0 -1
    outer loop
      vertex -45.3201 -5.93158 0
      vertex -40.7311 -4.79883 0
      vertex -44.6698 -7.30664 0
    endloop
  endfacet
  facet normal -0 0 -1
    outer loop
      vertex -40.7311 -4.79883 0
      vertex -45.3201 -5.93158 0
      vertex -41.0241 -4.15211 0
    endloop
  endfacet
  facet normal -0 0 -1
    outer loop
      vertex -41.0241 -4.15211 0
      vertex -45.3201 -5.93158 0
      vertex -41.2742 -3.48762 0
    endloop
  endfacet
  facet normal -0 0 -1
    outer loop
      vertex -41.4803 -2.80819 0
      vertex -46.2022 -3.0239 0
      vertex -41.6415 -2.11673 0
    endloop
  endfacet
  facet normal 0 0 -1
    outer loop
      vertex -46.2022 -3.0239 0
      vertex -41.4803 -2.80819 0
      vertex -45.8326 -4.4994 0
    endloop
  endfacet
  facet normal -0 0 -1
    outer loop
      vertex -41.2742 -3.48762 0
      vertex -45.8326 -4.4994 0
      vertex -41.4803 -2.80819 0
    endloop
  endfacet
  facet normal 0 0 -1
    outer loop
      vertex -45.8326 -4.4994 0
      vertex -41.2742 -3.48762 0
      vertex -45.3201 -5.93158 0
    endloop
  endfacet
  facet normal 0 0 -1
    outer loop
      vertex 17.6167 16.2053 0
      vertex 12.3469 6.59955 0
      vertex 16.9162 16.0896 0
    endloop
  endfacet
  facet normal 0 0 -1
    outer loop
      vertex 16.9162 16.0896 0
      vertex 12.3469 6.59955 0
      vertex 16.2096 16.02 0
    endloop
  endfacet
  facet normal 0 0 -1
    outer loop
      vertex 11.6406 7.77798 0
      vertex 16.2096 16.02 0
      vertex 12.3469 6.59955 0
    endloop
  endfacet
  facet normal 0 0 -1
    outer loop
      vertex 16.2096 16.02 0
      vertex 11.6406 7.77798 0
      vertex 15.5 15.9968 0
    endloop
  endfacet
  facet normal 0 0 -1
    outer loop
      vertex 10.8221 8.88151 0
      vertex 15.5 15.9968 0
      vertex 11.6406 7.77798 0
    endloop
  endfacet
  facet normal -0 0 -1
    outer loop
      vertex 15.5 15.9968 0
      vertex 10.8221 8.88151 0
      vertex 14.7904 16.02 0
    endloop
  endfacet
  facet normal -0 0 -1
    outer loop
      vertex 14.7904 16.02 0
      vertex 10.8221 8.88151 0
      vertex 14.0838 16.0896 0
    endloop
  endfacet
  facet normal 0 0 -1
    outer loop
      vertex 9.89949 9.89949 0
      vertex 14.0838 16.0896 0
      vertex 10.8221 8.88151 0
    endloop
  endfacet
  facet normal -0 0 -1
    outer loop
      vertex 14.0838 16.0896 0
      vertex 9.89949 9.89949 0
      vertex 13.3833 16.2053 0
    endloop
  endfacet
  facet normal -0 0 -1
    outer loop
      vertex 13.3833 16.2053 0
      vertex 9.89949 9.89949 0
      vertex 12.6918 16.3665 0
    endloop
  endfacet
  facet normal 0 0 -1
    outer loop
      vertex 8.88151 10.8221 0
      vertex 12.6918 16.3665 0
      vertex 9.89949 9.89949 0
    endloop
  endfacet
  facet normal -0 0 -1
    outer loop
      vertex 12.6918 16.3665 0
      vertex 8.88151 10.8221 0
      vertex 12.0124 16.5726 0
    endloop
  endfacet
  facet normal -0 0 -1
    outer loop
      vertex 12.0124 16.5726 0
      vertex 8.88151 10.8221 0
      vertex 11.3479 16.8227 0
    endloop
  endfacet
  facet normal 0 0 -1
    outer loop
      vertex 7.77798 11.6406 0
      vertex 11.3479 16.8227 0
      vertex 8.88151 10.8221 0
    endloop
  endfacet
  facet normal -0 0 -1
    outer loop
      vertex 11.3479 16.8227 0
      vertex 7.77798 11.6406 0
      vertex 10.7012 17.1157 0
    endloop
  endfacet
  facet normal -0 0 -1
    outer loop
      vertex 10.7012 17.1157 0
      vertex 7.77798 11.6406 0
      vertex 10.075 17.4504 0
    endloop
  endfacet
  facet normal 0 0 -1
    outer loop
      vertex 6.59955 12.3469 0
      vertex 10.075 17.4504 0
      vertex 7.77798 11.6406 0
    endloop
  endfacet
  facet normal -0 0 -1
    outer loop
      vertex 10.075 17.4504 0
      vertex 6.59955 12.3469 0
      vertex 9.47206 17.8253 0
    endloop
  endfacet
  facet normal -0 0 -1
    outer loop
      vertex 9.47206 17.8253 0
      vertex 6.59955 12.3469 0
      vertex 8.89494 18.2389 0
    endloop
  endfacet
  facet normal 0 0 -1
    outer loop
      vertex 5.35757 12.9343 0
      vertex 8.89494 18.2389 0
      vertex 6.59955 12.3469 0
    endloop
  endfacet
  facet normal -0 0 -1
    outer loop
      vertex 8.89494 18.2389 0
      vertex 5.35757 12.9343 0
      vertex 8.3461 18.6893 0
    endloop
  endfacet
  facet normal 0 0 -1
    outer loop
      vertex 4.06398 13.3972 0
      vertex 8.3461 18.6893 0
      vertex 5.35757 12.9343 0
    endloop
  endfacet
  facet normal -0 0 -1
    outer loop
      vertex 8.3461 18.6893 0
      vertex 4.06398 13.3972 0
      vertex 7.82789 19.1747 0
    endloop
  endfacet
  facet normal -0 0 -1
    outer loop
      vertex 7.82789 19.1747 0
      vertex 4.06398 13.3972 0
      vertex 7.34254 19.6929 0
    endloop
  endfacet
  facet normal 0 0 -1
    outer loop
      vertex 1.06066 15.0607 0
      vertex 7.34254 19.6929 0
      vertex 4.06398 13.3972 0
    endloop
  endfacet
  facet normal -0 0 -1
    outer loop
      vertex 7.34254 19.6929 0
      vertex 1.06066 15.0607 0
      vertex 6.89212 20.2417 0
    endloop
  endfacet
  facet normal -0 0 -1
    outer loop
      vertex 6.89212 20.2417 0
      vertex 1.06066 15.0607 0
      vertex 6.47855 20.8188 0
    endloop
  endfacet
  facet normal 0 0 -1
    outer loop
      vertex 0.75 15.299 0
      vertex 6.47855 20.8188 0
      vertex 1.06066 15.0607 0
    endloop
  endfacet
  facet normal -0 0 -1
    outer loop
      vertex 6.47855 20.8188 0
      vertex 0.75 15.299 0
      vertex 6.10362 21.4218 0
    endloop
  endfacet
  facet normal 0 0 -1
    outer loop
      vertex 0.388228 15.4489 0
      vertex 6.10362 21.4218 0
      vertex 0.75 15.299 0
    endloop
  endfacet
  facet normal -0 0 -1
    outer loop
      vertex 6.10362 21.4218 0
      vertex 0.388228 15.4489 0
      vertex 5.76893 22.048 0
    endloop
  endfacet
  facet normal -0 0 -1
    outer loop
      vertex 5.76893 22.048 0
      vertex 0.388228 15.4489 0
      vertex 5.47591 22.6947 0
    endloop
  endfacet
  facet normal 0 0 -1
    outer loop
      vertex 0 15.5 0
      vertex 5.47591 22.6947 0
      vertex 0.388228 15.4489 0
    endloop
  endfacet
  facet normal -0 0 -1
    outer loop
      vertex 5.22581 23.3592 0
      vertex 0 15.5 0
      vertex 5.0197 24.0386 0
    endloop
  endfacet
  facet normal -0 0 -1
    outer loop
      vertex 5.47591 22.6947 0
      vertex 0 15.5 0
      vertex 5.22581 23.3592 0
    endloop
  endfacet
  facet normal 0.903991 0.427551 0
    outer loop
      vertex 39.7268 16.4554 5
      vertex 37.9226 20.2701 0
      vertex 37.9226 20.2701 5
    endloop
  endfacet
  facet normal 0.903991 0.427551 0
    outer loop
      vertex 37.9226 20.2701 0
      vertex 39.7268 16.4554 5
      vertex 39.7268 16.4554 0
    endloop
  endfacet
  facet normal -0.803202 0.595707 0
    outer loop
      vertex -35.7532 23.8895 0
      vertex -33.2394 27.2789 5
      vertex -33.2394 27.2789 0
    endloop
  endfacet
  facet normal -0.803202 0.595707 0
    outer loop
      vertex -33.2394 27.2789 5
      vertex -35.7532 23.8895 0
      vertex -35.7532 23.8895 5
    endloop
  endfacet
  facet normal 0.803223 -0.595679 0
    outer loop
      vertex 27.4817 -36.6799 5
      vertex 28.3878 -35.4581 0
      vertex 28.3878 -35.4581 5
    endloop
  endfacet
  facet normal 0.803223 -0.595679 0
    outer loop
      vertex 28.3878 -35.4581 0
      vertex 27.4817 -36.6799 5
      vertex 27.4817 -36.6799 0
    endloop
  endfacet
  facet normal -0.74096 0.671549 0
    outer loop
      vertex -33.2394 27.2789 0
      vertex -30.4056 30.4056 5
      vertex -30.4056 30.4056 0
    endloop
  endfacet
  facet normal -0.74096 0.671549 0
    outer loop
      vertex -30.4056 30.4056 5
      vertex -33.2394 27.2789 0
      vertex -33.2394 27.2789 5
    endloop
  endfacet
  facet normal 0.803223 0.595679 0
    outer loop
      vertex 28.3878 35.4581 5
      vertex 27.4817 36.6799 0
      vertex 27.4817 36.6799 5
    endloop
  endfacet
  facet normal 0.803223 0.595679 0
    outer loop
      vertex 27.4817 36.6799 0
      vertex 28.3878 35.4581 5
      vertex 28.3878 35.4581 0
    endloop
  endfacet
  facet normal 0.146675 -0.989185 0
    outer loop
      vertex 17.0193 -42.2721 0
      vertex 18.5239 -42.049 5
      vertex 17.0193 -42.2721 5
    endloop
  endfacet
  facet normal 0.146675 -0.989185 0
    outer loop
      vertex 18.5239 -42.049 5
      vertex 17.0193 -42.2721 0
      vertex 18.5239 -42.049 0
    endloop
  endfacet
  facet normal 0.857727 -0.514105 0
    outer loop
      vertex 35.7532 -23.8895 5
      vertex 37.9226 -20.2701 0
      vertex 37.9226 -20.2701 5
    endloop
  endfacet
  facet normal 0.857727 -0.514105 0
    outer loop
      vertex 37.9226 -20.2701 0
      vertex 35.7532 -23.8895 5
      vertex 35.7532 -23.8895 0
    endloop
  endfacet
  facet normal -0.887043 0.461687 0
    outer loop
      vertex -44.6698 7.30664 0
      vertex -37.9226 20.2701 5
      vertex -37.9226 20.2701 0
    endloop
  endfacet
  facet normal -0.887043 0.461687 0
    outer loop
      vertex -37.9226 20.2701 5
      vertex -44.6698 7.30664 0
      vertex -44.6698 7.30664 5
    endloop
  endfacet
  facet normal 0.740903 -0.671612 0
    outer loop
      vertex 26.4601 -37.8069 5
      vertex 27.4817 -36.6799 0
      vertex 27.4817 -36.6799 5
    endloop
  endfacet
  facet normal 0.740903 -0.671612 0
    outer loop
      vertex 27.4817 -36.6799 0
      vertex 26.4601 -37.8069 5
      vertex 26.4601 -37.8069 0
    endloop
  endfacet
  facet normal -0.941532 -0.336924 0
    outer loop
      vertex -45.3201 -5.93158 0
      vertex -45.8326 -4.4994 5
      vertex -45.8326 -4.4994 0
    endloop
  endfacet
  facet normal -0.941532 -0.336924 0
    outer loop
      vertex -45.8326 -4.4994 5
      vertex -45.3201 -5.93158 0
      vertex -45.3201 -5.93158 5
    endloop
  endfacet
  facet normal 0.740903 0.671612 0
    outer loop
      vertex 27.4817 36.6799 5
      vertex 26.4601 37.8069 0
      vertex 26.4601 37.8069 5
    endloop
  endfacet
  facet normal 0.740903 0.671612 0
    outer loop
      vertex 26.4601 37.8069 0
      vertex 27.4817 36.6799 5
      vertex 27.4817 36.6799 0
    endloop
  endfacet
  facet normal -0.857727 0.514105 0
    outer loop
      vertex -37.9226 20.2701 0
      vertex -35.7532 23.8895 5
      vertex -35.7532 23.8895 0
    endloop
  endfacet
  facet normal -0.857727 0.514105 0
    outer loop
      vertex -35.7532 23.8895 5
      vertex -37.9226 20.2701 0
      vertex -37.9226 20.2701 5
    endloop
  endfacet
  facet normal 0.595721 -0.803191 0
    outer loop
      vertex 24.1113 -39.7346 0
      vertex 25.3331 -38.8284 5
      vertex 24.1113 -39.7346 5
    endloop
  endfacet
  facet normal 0.595721 -0.803191 0
    outer loop
      vertex 25.3331 -38.8284 5
      vertex 24.1113 -39.7346 0
      vertex 25.3331 -38.8284 0
    endloop
  endfacet
  facet normal 0.998795 -0.0490779 0
    outer loop
      vertex 42.7929 -4.21474 5
      vertex 43 0 0
      vertex 43 0 5
    endloop
  endfacet
  facet normal 0.998795 -0.0490779 0
    outer loop
      vertex 43 0 0
      vertex 42.7929 -4.21474 5
      vertex 42.7929 -4.21474 0
    endloop
  endfacet
  facet normal 0.427541 -0.903996 0
    outer loop
      vertex 21.4316 -41.1669 0
      vertex 22.8066 -40.5166 5
      vertex 21.4316 -41.1669 5
    endloop
  endfacet
  facet normal 0.427541 -0.903996 0
    outer loop
      vertex 22.8066 -40.5166 5
      vertex 21.4316 -41.1669 0
      vertex 22.8066 -40.5166 0
    endloop
  endfacet
  facet normal 0.941547 -0.336883 0
    outer loop
      vertex 39.7268 -16.4554 5
      vertex 41.1484 -12.4822 0
      vertex 41.1484 -12.4822 5
    endloop
  endfacet
  facet normal 0.941547 -0.336883 0
    outer loop
      vertex 41.1484 -12.4822 0
      vertex 39.7268 -16.4554 5
      vertex 39.7268 -16.4554 0
    endloop
  endfacet
  facet normal 0.0491081 -0.998793 0
    outer loop
      vertex 15.5 -42.3468 0
      vertex 17.0193 -42.2721 5
      vertex 15.5 -42.3468 5
    endloop
  endfacet
  facet normal 0.0491081 -0.998793 0
    outer loop
      vertex 17.0193 -42.2721 5
      vertex 15.5 -42.3468 0
      vertex 17.0193 -42.2721 0
    endloop
  endfacet
  facet normal 0.0421046 0.999113 -0
    outer loop
      vertex 15.5 42.3468 0
      vertex 0 43 5
      vertex 15.5 42.3468 5
    endloop
  endfacet
  facet normal 0.0421046 0.999113 0
    outer loop
      vertex 0 43 5
      vertex 15.5 42.3468 0
      vertex 0 43 0
    endloop
  endfacet
  facet normal -0.97003 -0.242984 0
    outer loop
      vertex -45.8326 -4.4994 0
      vertex -46.2022 -3.0239 5
      vertex -46.2022 -3.0239 0
    endloop
  endfacet
  facet normal -0.97003 -0.242984 0
    outer loop
      vertex -46.2022 -3.0239 5
      vertex -45.8326 -4.4994 0
      vertex -45.8326 -4.4994 5
    endloop
  endfacet
  facet normal 0.843544 0.53706 0
    outer loop
      vertex 35.7532 23.8895 5
      vertex 28.3878 35.4581 0
      vertex 28.3878 35.4581 5
    endloop
  endfacet
  facet normal 0.843544 0.53706 0
    outer loop
      vertex 28.3878 35.4581 0
      vertex 35.7532 23.8895 5
      vertex 35.7532 23.8895 0
    endloop
  endfacet
  facet normal 0.941547 0.336883 0
    outer loop
      vertex 41.1484 12.4822 5
      vertex 39.7268 16.4554 0
      vertex 39.7268 16.4554 5
    endloop
  endfacet
  facet normal 0.941547 0.336883 0
    outer loop
      vertex 39.7268 16.4554 0
      vertex 41.1484 12.4822 5
      vertex 41.1484 12.4822 0
    endloop
  endfacet
  facet normal -0.857727 -0.514105 0
    outer loop
      vertex -35.7532 -23.8895 0
      vertex -37.9226 -20.2701 5
      vertex -37.9226 -20.2701 0
    endloop
  endfacet
  facet normal -0.857727 -0.514105 0
    outer loop
      vertex -37.9226 -20.2701 5
      vertex -35.7532 -23.8895 0
      vertex -35.7532 -23.8895 5
    endloop
  endfacet
  facet normal -0.904003 0.427526 0
    outer loop
      vertex -45.3201 5.93158 0
      vertex -44.6698 7.30664 5
      vertex -44.6698 7.30664 0
    endloop
  endfacet
  facet normal -0.904003 0.427526 0
    outer loop
      vertex -44.6698 7.30664 5
      vertex -45.3201 5.93158 0
      vertex -45.3201 5.93158 5
    endloop
  endfacet
  facet normal -0.904003 -0.427526 0
    outer loop
      vertex -44.6698 -7.30664 0
      vertex -45.3201 -5.93158 5
      vertex -45.3201 -5.93158 0
    endloop
  endfacet
  facet normal -0.904003 -0.427526 0
    outer loop
      vertex -45.3201 -5.93158 5
      vertex -44.6698 -7.30664 0
      vertex -44.6698 -7.30664 5
    endloop
  endfacet
  facet normal 0.671576 0.740936 -0
    outer loop
      vertex 26.4601 37.8069 0
      vertex 25.3331 38.8284 5
      vertex 26.4601 37.8069 5
    endloop
  endfacet
  facet normal 0.671576 0.740936 0
    outer loop
      vertex 25.3331 38.8284 5
      vertex 26.4601 37.8069 0
      vertex 25.3331 38.8284 0
    endloop
  endfacet
  facet normal 0.514099 0.857731 -0
    outer loop
      vertex 24.1113 39.7346 0
      vertex 22.8066 40.5166 5
      vertex 24.1113 39.7346 5
    endloop
  endfacet
  facet normal 0.514099 0.857731 0
    outer loop
      vertex 22.8066 40.5166 5
      vertex 24.1113 39.7346 0
      vertex 22.8066 40.5166 0
    endloop
  endfacet
  facet normal 0.857727 0.514105 0
    outer loop
      vertex 37.9226 20.2701 5
      vertex 35.7532 23.8895 0
      vertex 35.7532 23.8895 5
    endloop
  endfacet
  facet normal 0.857727 0.514105 0
    outer loop
      vertex 35.7532 23.8895 0
      vertex 37.9226 20.2701 5
      vertex 37.9226 20.2701 0
    endloop
  endfacet
  facet normal 0.242984 0.97003 -0
    outer loop
      vertex 19.9994 41.6794 0
      vertex 18.5239 42.049 5
      vertex 19.9994 41.6794 5
    endloop
  endfacet
  facet normal 0.242984 0.97003 0
    outer loop
      vertex 18.5239 42.049 5
      vertex 19.9994 41.6794 0
      vertex 18.5239 42.049 0
    endloop
  endfacet
  facet normal -0.671549 0.74096 0
    outer loop
      vertex -27.2789 33.2394 0
      vertex -30.4056 30.4056 5
      vertex -27.2789 33.2394 5
    endloop
  endfacet
  facet normal -0.671549 0.74096 0
    outer loop
      vertex -30.4056 30.4056 5
      vertex -27.2789 33.2394 0
      vertex -30.4056 30.4056 0
    endloop
  endfacet
  facet normal -0.803202 -0.595707 0
    outer loop
      vertex -33.2394 -27.2789 0
      vertex -35.7532 -23.8895 5
      vertex -35.7532 -23.8895 0
    endloop
  endfacet
  facet normal -0.803202 -0.595707 0
    outer loop
      vertex -35.7532 -23.8895 5
      vertex -33.2394 -27.2789 0
      vertex -33.2394 -27.2789 5
    endloop
  endfacet
  facet normal 0.0421046 -0.999113 0
    outer loop
      vertex 0 -43 0
      vertex 15.5 -42.3468 5
      vertex 0 -43 5
    endloop
  endfacet
  facet normal 0.0421046 -0.999113 0
    outer loop
      vertex 15.5 -42.3468 5
      vertex 0 -43 0
      vertex 15.5 -42.3468 0
    endloop
  endfacet
  facet normal -0.887043 -0.461687 0
    outer loop
      vertex -37.9226 -20.2701 0
      vertex -44.6698 -7.30664 5
      vertex -44.6698 -7.30664 0
    endloop
  endfacet
  facet normal -0.887043 -0.461687 0
    outer loop
      vertex -44.6698 -7.30664 5
      vertex -37.9226 -20.2701 0
      vertex -37.9226 -20.2701 5
    endloop
  endfacet
  facet normal -0.514105 0.857727 0
    outer loop
      vertex -20.2701 37.9226 0
      vertex -23.8895 35.7532 5
      vertex -20.2701 37.9226 5
    endloop
  endfacet
  facet normal -0.514105 0.857727 0
    outer loop
      vertex -23.8895 35.7532 5
      vertex -20.2701 37.9226 0
      vertex -23.8895 35.7532 0
    endloop
  endfacet
  facet normal 0.514099 -0.857731 0
    outer loop
      vertex 22.8066 -40.5166 0
      vertex 24.1113 -39.7346 5
      vertex 22.8066 -40.5166 5
    endloop
  endfacet
  facet normal 0.514099 -0.857731 0
    outer loop
      vertex 24.1113 -39.7346 5
      vertex 22.8066 -40.5166 0
      vertex 24.1113 -39.7346 0
    endloop
  endfacet
  facet normal 0.843544 -0.53706 0
    outer loop
      vertex 28.3878 -35.4581 5
      vertex 35.7532 -23.8895 0
      vertex 35.7532 -23.8895 5
    endloop
  endfacet
  facet normal 0.843544 -0.53706 0
    outer loop
      vertex 35.7532 -23.8895 0
      vertex 28.3878 -35.4581 5
      vertex 28.3878 -35.4581 0
    endloop
  endfacet
  facet normal 0.595721 0.803191 -0
    outer loop
      vertex 25.3331 38.8284 0
      vertex 24.1113 39.7346 5
      vertex 25.3331 38.8284 5
    endloop
  endfacet
  facet normal 0.595721 0.803191 0
    outer loop
      vertex 24.1113 39.7346 5
      vertex 25.3331 38.8284 0
      vertex 24.1113 39.7346 0
    endloop
  endfacet
  facet normal 0.242984 -0.97003 0
    outer loop
      vertex 18.5239 -42.049 0
      vertex 19.9994 -41.6794 5
      vertex 18.5239 -42.049 5
    endloop
  endfacet
  facet normal 0.242984 -0.97003 0
    outer loop
      vertex 19.9994 -41.6794 5
      vertex 18.5239 -42.049 0
      vertex 19.9994 -41.6794 0
    endloop
  endfacet
  facet normal -0.514105 -0.857727 0
    outer loop
      vertex -23.8895 -35.7532 0
      vertex -20.2701 -37.9226 5
      vertex -23.8895 -35.7532 5
    endloop
  endfacet
  facet normal -0.514105 -0.857727 -0
    outer loop
      vertex -20.2701 -37.9226 5
      vertex -23.8895 -35.7532 0
      vertex -20.2701 -37.9226 0
    endloop
  endfacet
  facet normal 0 0 1
    outer loop
      vertex -13.731 -2.73126 5
      vertex -16.9941 -3.75288 5
      vertex -13.3972 -4.06398 5
    endloop
  endfacet
  facet normal 0 0 1
    outer loop
      vertex -17.2695 -4.66087 5
      vertex -13.3972 -4.06398 5
      vertex -16.9941 -3.75288 5
    endloop
  endfacet
  facet normal 0 0 1
    outer loop
      vertex -13.3972 -4.06398 5
      vertex -17.2695 -4.66087 5
      vertex -12.9343 -5.35757 5
    endloop
  endfacet
  facet normal 0 0 1
    outer loop
      vertex -17.6037 -5.54891 5
      vertex -12.9343 -5.35757 5
      vertex -17.2695 -4.66087 5
    endloop
  endfacet
  facet normal 0 0 1
    outer loop
      vertex -12.9343 -5.35757 5
      vertex -17.6037 -5.54891 5
      vertex -12.3469 -6.59955 5
    endloop
  endfacet
  facet normal -0 0 1
    outer loop
      vertex -17.9953 -6.41319 5
      vertex -12.3469 -6.59955 5
      vertex -17.6037 -5.54891 5
    endloop
  endfacet
  facet normal 0 0 1
    outer loop
      vertex -18.4426 -7.25 5
      vertex -12.3469 -6.59955 5
      vertex -17.9953 -6.41319 5
    endloop
  endfacet
  facet normal 0 0 1
    outer loop
      vertex -18.9437 -8.05577 5
      vertex -12.3469 -6.59955 5
      vertex -18.4426 -7.25 5
    endloop
  endfacet
  facet normal 0 0 1
    outer loop
      vertex -19.4964 -8.82704 5
      vertex -12.3469 -6.59955 5
      vertex -18.9437 -8.05577 5
    endloop
  endfacet
  facet normal 0 0 1
    outer loop
      vertex -20.0983 -9.56051 5
      vertex -12.3469 -6.59955 5
      vertex -19.4964 -8.82704 5
    endloop
  endfacet
  facet normal 0 0 1
    outer loop
      vertex -12.3469 -6.59955 5
      vertex -20.0983 -9.56051 5
      vertex -16.2583 -25.4353 5
    endloop
  endfacet
  facet normal -0 0 1
    outer loop
      vertex -20.747 -10.253 5
      vertex -16.2583 -25.4353 5
      vertex -20.0983 -9.56051 5
    endloop
  endfacet
  facet normal 0 0 1
    outer loop
      vertex -16.2583 -25.4353 5
      vertex -20.747 -10.253 5
      vertex -16.8295 -25.2922 5
    endloop
  endfacet
  facet normal -0 0 1
    outer loop
      vertex -21.4395 -10.9017 5
      vertex -16.8295 -25.2922 5
      vertex -20.747 -10.253 5
    endloop
  endfacet
  facet normal 0 0 1
    outer loop
      vertex -16.8295 -25.2922 5
      vertex -21.4395 -10.9017 5
      vertex -17.4119 -25.2058 5
    endloop
  endfacet
  facet normal -0 0 1
    outer loop
      vertex -22.173 -11.5036 5
      vertex -17.4119 -25.2058 5
      vertex -21.4395 -10.9017 5
    endloop
  endfacet
  facet normal 0 0 1
    outer loop
      vertex -17.4119 -25.2058 5
      vertex -22.173 -11.5036 5
      vertex -18 -25.1769 5
    endloop
  endfacet
  facet normal -0 0 1
    outer loop
      vertex -22.9442 -12.0563 5
      vertex -18 -25.1769 5
      vertex -22.173 -11.5036 5
    endloop
  endfacet
  facet normal 0 0 1
    outer loop
      vertex -18 -25.1769 5
      vertex -22.9442 -12.0563 5
      vertex -18.5881 -25.2058 5
    endloop
  endfacet
  facet normal -0 0 1
    outer loop
      vertex -23.75 -12.5574 5
      vertex -18.5881 -25.2058 5
      vertex -22.9442 -12.0563 5
    endloop
  endfacet
  facet normal 0 0 1
    outer loop
      vertex -18.5881 -25.2058 5
      vertex -23.75 -12.5574 5
      vertex -19.1705 -25.2922 5
    endloop
  endfacet
  facet normal -0 0 1
    outer loop
      vertex -24.5868 -13.0047 5
      vertex -19.1705 -25.2922 5
      vertex -23.75 -12.5574 5
    endloop
  endfacet
  facet normal 0 0 1
    outer loop
      vertex -19.1705 -25.2922 5
      vertex -24.5868 -13.0047 5
      vertex -19.7417 -25.4353 5
    endloop
  endfacet
  facet normal 0 0 1
    outer loop
      vertex -19.7417 -25.4353 5
      vertex -24.5868 -13.0047 5
      vertex -20.2961 -25.6336 5
    endloop
  endfacet
  facet normal -0 0 1
    outer loop
      vertex -25.4511 -13.3963 5
      vertex -20.2961 -25.6336 5
      vertex -24.5868 -13.0047 5
    endloop
  endfacet
  facet normal 0 0 1
    outer loop
      vertex -20.2961 -25.6336 5
      vertex -25.4511 -13.3963 5
      vertex -20.8284 -25.8854 5
    endloop
  endfacet
  facet normal -0 0 1
    outer loop
      vertex -26.3391 -13.7305 5
      vertex -20.8284 -25.8854 5
      vertex -25.4511 -13.3963 5
    endloop
  endfacet
  facet normal 0 0 1
    outer loop
      vertex -20.8284 -25.8854 5
      vertex -26.3391 -13.7305 5
      vertex -21.3334 -26.1881 5
    endloop
  endfacet
  facet normal -0 0 1
    outer loop
      vertex -27.2471 -14.0059 5
      vertex -21.3334 -26.1881 5
      vertex -26.3391 -13.7305 5
    endloop
  endfacet
  facet normal 0 0 1
    outer loop
      vertex -21.3334 -26.1881 5
      vertex -27.2471 -14.0059 5
      vertex -21.8064 -26.5389 5
    endloop
  endfacet
  facet normal -0 0 1
    outer loop
      vertex -28.1712 -14.2214 5
      vertex -21.8064 -26.5389 5
      vertex -27.2471 -14.0059 5
    endloop
  endfacet
  facet normal 0 0 1
    outer loop
      vertex -21.8064 -26.5389 5
      vertex -28.1712 -14.2214 5
      vertex -22.2426 -26.9343 5
    endloop
  endfacet
  facet normal -0 0 1
    outer loop
      vertex -29.1074 -14.3759 5
      vertex -22.2426 -26.9343 5
      vertex -28.1712 -14.2214 5
    endloop
  endfacet
  facet normal 0 0 1
    outer loop
      vertex -33.2394 -27.2789 5
      vertex -22.2426 -26.9343 5
      vertex -29.1074 -14.3759 5
    endloop
  endfacet
  facet normal 0 0 1
    outer loop
      vertex -22.2426 -26.9343 5
      vertex -33.2394 -27.2789 5
      vertex -22.6381 -27.3706 5
    endloop
  endfacet
  facet normal 0 0 1
    outer loop
      vertex -22.6381 -27.3706 5
      vertex -33.2394 -27.2789 5
      vertex -22.9888 -27.8435 5
    endloop
  endfacet
  facet normal 0 0 1
    outer loop
      vertex 1.27861 -29.6756 5
      vertex -12.0289 -30.5888 5
      vertex -12 -31.1769 5
    endloop
  endfacet
  facet normal 0 0 1
    outer loop
      vertex -10.8221 -8.88151 5
      vertex -12.1153 -30.0064 5
      vertex -12.0289 -30.5888 5
    endloop
  endfacet
  facet normal 0 0 1
    outer loop
      vertex -10.8221 -8.88151 5
      vertex -12.2584 -29.4352 5
      vertex -12.1153 -30.0064 5
    endloop
  endfacet
  facet normal 0 0 1
    outer loop
      vertex -16.2583 -25.4353 5
      vertex -11.6406 -7.77798 5
      vertex -12.3469 -6.59955 5
    endloop
  endfacet
  facet normal 0 0 1
    outer loop
      vertex -10.8221 -8.88151 5
      vertex -12.4567 -28.8808 5
      vertex -12.2584 -29.4352 5
    endloop
  endfacet
  facet normal 0 0 1
    outer loop
      vertex -10.8221 -8.88151 5
      vertex -12.7085 -28.3485 5
      vertex -12.4567 -28.8808 5
    endloop
  endfacet
  facet normal 0 0 1
    outer loop
      vertex -16.9941 -3.75288 5
      vertex -13.731 -2.73126 5
      vertex -16.7786 -2.82881 5
    endloop
  endfacet
  facet normal 0 0 1
    outer loop
      vertex -10.8221 -8.88151 5
      vertex -13.0112 -27.8435 5
      vertex -12.7085 -28.3485 5
    endloop
  endfacet
  facet normal 0 0 1
    outer loop
      vertex -10.8221 -8.88151 5
      vertex -13.3619 -27.3706 5
      vertex -13.0112 -27.8435 5
    endloop
  endfacet
  facet normal 0 0 1
    outer loop
      vertex -13.9326 -1.37224 5
      vertex -16.6241 -1.89263 5
      vertex -13.731 -2.73126 5
    endloop
  endfacet
  facet normal 0 0 1
    outer loop
      vertex -16.6241 -1.89263 5
      vertex -13.9326 -1.37224 5
      vertex -16.531 -0.948345 5
    endloop
  endfacet
  facet normal 0 0 1
    outer loop
      vertex -10.8221 -8.88151 5
      vertex -13.7574 -26.9343 5
      vertex -13.3619 -27.3706 5
    endloop
  endfacet
  facet normal 0 0 1
    outer loop
      vertex -14 0 5
      vertex -16.531 -0.948345 5
      vertex -13.9326 -1.37224 5
    endloop
  endfacet
  facet normal 0 0 1
    outer loop
      vertex -16.531 -0.948345 5
      vertex -14 0 5
      vertex -16.5 0 5
    endloop
  endfacet
  facet normal 0 0 1
    outer loop
      vertex -10.8221 -8.88151 5
      vertex -14.1936 -26.5389 5
      vertex -13.7574 -26.9343 5
    endloop
  endfacet
  facet normal 0 0 1
    outer loop
      vertex -13.3972 4.06398 5
      vertex -16.9941 3.75288 5
      vertex -13.731 2.73126 5
    endloop
  endfacet
  facet normal 0 0 1
    outer loop
      vertex -18.4426 7.25 5
      vertex -14.1936 26.5389 5
      vertex -14.6666 26.1881 5
    endloop
  endfacet
  facet normal 0 0 1
    outer loop
      vertex -16.7786 -2.82881 5
      vertex -13.731 -2.73126 5
      vertex -16.6241 -1.89263 5
    endloop
  endfacet
  facet normal 0 0 1
    outer loop
      vertex -18.9437 8.05577 5
      vertex -14.6666 26.1881 5
      vertex -15.1716 25.8854 5
    endloop
  endfacet
  facet normal 0 0 1
    outer loop
      vertex -10.8221 -8.88151 5
      vertex -14.6666 -26.1881 5
      vertex -14.1936 -26.5389 5
    endloop
  endfacet
  facet normal 0 0 1
    outer loop
      vertex -19.4964 8.82704 5
      vertex -15.1716 25.8854 5
      vertex -15.7039 25.6336 5
    endloop
  endfacet
  facet normal 0 0 1
    outer loop
      vertex -10.8221 -8.88151 5
      vertex -15.1716 -25.8854 5
      vertex -14.6666 -26.1881 5
    endloop
  endfacet
  facet normal 0 0 1
    outer loop
      vertex -20.0983 9.56051 5
      vertex -15.7039 25.6336 5
      vertex -16.2583 25.4353 5
    endloop
  endfacet
  facet normal 0 0 1
    outer loop
      vertex -10.8221 -8.88151 5
      vertex -15.7039 -25.6336 5
      vertex -15.1716 -25.8854 5
    endloop
  endfacet
  facet normal 0 0 1
    outer loop
      vertex -10.8221 -8.88151 5
      vertex -16.2583 -25.4353 5
      vertex -15.7039 -25.6336 5
    endloop
  endfacet
  facet normal 0 0 1
    outer loop
      vertex -14 0 5
      vertex -16.531 0.948345 5
      vertex -16.5 0 5
    endloop
  endfacet
  facet normal 0 0 1
    outer loop
      vertex -13.9326 1.37224 5
      vertex -16.531 0.948345 5
      vertex -14 0 5
    endloop
  endfacet
  facet normal 0 -0 1
    outer loop
      vertex -16.531 0.948345 5
      vertex -13.9326 1.37224 5
      vertex -16.6241 1.89263 5
    endloop
  endfacet
  facet normal 0 0 1
    outer loop
      vertex -20.747 10.253 5
      vertex -16.2583 25.4353 5
      vertex -16.8295 25.2922 5
    endloop
  endfacet
  facet normal 0 0 1
    outer loop
      vertex -13.731 2.73126 5
      vertex -16.6241 1.89263 5
      vertex -13.9326 1.37224 5
    endloop
  endfacet
  facet normal 0 -0 1
    outer loop
      vertex -16.6241 1.89263 5
      vertex -13.731 2.73126 5
      vertex -16.7786 2.82881 5
    endloop
  endfacet
  facet normal 0 0 1
    outer loop
      vertex -21.4395 10.9017 5
      vertex -16.8295 25.2922 5
      vertex -17.4119 25.2058 5
    endloop
  endfacet
  facet normal -0 -0 1
    outer loop
      vertex -16.7786 2.82881 5
      vertex -13.731 2.73126 5
      vertex -16.9941 3.75288 5
    endloop
  endfacet
  facet normal 0 0 1
    outer loop
      vertex -14.1936 26.5389 5
      vertex -17.9953 6.41319 5
      vertex -17.6037 5.54891 5
    endloop
  endfacet
  facet normal 0 0 1
    outer loop
      vertex -22.173 11.5036 5
      vertex -17.4119 25.2058 5
      vertex -18 25.1769 5
    endloop
  endfacet
  facet normal 0 0 1
    outer loop
      vertex -14.1936 26.5389 5
      vertex -18.4426 7.25 5
      vertex -17.9953 6.41319 5
    endloop
  endfacet
  facet normal 0 0 1
    outer loop
      vertex -22.9442 12.0563 5
      vertex -18 25.1769 5
      vertex -18.5881 25.2058 5
    endloop
  endfacet
  facet normal 0 0 1
    outer loop
      vertex -14.6666 26.1881 5
      vertex -18.9437 8.05577 5
      vertex -18.4426 7.25 5
    endloop
  endfacet
  facet normal 0 0 1
    outer loop
      vertex -23.75 12.5574 5
      vertex -18.5881 25.2058 5
      vertex -19.1705 25.2922 5
    endloop
  endfacet
  facet normal 0 0 1
    outer loop
      vertex -15.1716 25.8854 5
      vertex -19.4964 8.82704 5
      vertex -18.9437 8.05577 5
    endloop
  endfacet
  facet normal 0 0 1
    outer loop
      vertex -24.5868 13.0047 5
      vertex -19.1705 25.2922 5
      vertex -19.7417 25.4353 5
    endloop
  endfacet
  facet normal 0 0 1
    outer loop
      vertex -15.7039 25.6336 5
      vertex -20.0983 9.56051 5
      vertex -19.4964 8.82704 5
    endloop
  endfacet
  facet normal 0 0 1
    outer loop
      vertex -24.5868 13.0047 5
      vertex -19.7417 25.4353 5
      vertex -20.2961 25.6336 5
    endloop
  endfacet
  facet normal 0 0 1
    outer loop
      vertex -16.2583 25.4353 5
      vertex -20.747 10.253 5
      vertex -20.0983 9.56051 5
    endloop
  endfacet
  facet normal 0 0 1
    outer loop
      vertex -25.4511 13.3963 5
      vertex -20.2961 25.6336 5
      vertex -20.8284 25.8854 5
    endloop
  endfacet
  facet normal 0 0 1
    outer loop
      vertex -26.3391 13.7305 5
      vertex -20.8284 25.8854 5
      vertex -21.3334 26.1881 5
    endloop
  endfacet
  facet normal 0 0 1
    outer loop
      vertex -16.8295 25.2922 5
      vertex -21.4395 10.9017 5
      vertex -20.747 10.253 5
    endloop
  endfacet
  facet normal 0 0 1
    outer loop
      vertex -27.2471 14.0059 5
      vertex -21.3334 26.1881 5
      vertex -21.8064 26.5389 5
    endloop
  endfacet
  facet normal 0 0 1
    outer loop
      vertex -17.4119 25.2058 5
      vertex -22.173 11.5036 5
      vertex -21.4395 10.9017 5
    endloop
  endfacet
  facet normal 0 0 1
    outer loop
      vertex -28.1712 14.2214 5
      vertex -21.8064 26.5389 5
      vertex -22.2426 26.9343 5
    endloop
  endfacet
  facet normal -0 0 1
    outer loop
      vertex -33.2394 27.2789 5
      vertex -22.2426 26.9343 5
      vertex -22.6381 27.3706 5
    endloop
  endfacet
  facet normal 0 0 1
    outer loop
      vertex -18 25.1769 5
      vertex -22.9442 12.0563 5
      vertex -22.173 11.5036 5
    endloop
  endfacet
  facet normal 0 0 1
    outer loop
      vertex -33.2394 27.2789 5
      vertex -22.6381 27.3706 5
      vertex -22.9888 27.8435 5
    endloop
  endfacet
  facet normal 0 0 1
    outer loop
      vertex -33.2394 27.2789 5
      vertex -22.9888 27.8435 5
      vertex -23.2915 28.3485 5
    endloop
  endfacet
  facet normal 0 0 1
    outer loop
      vertex -30.4056 30.4056 5
      vertex -23.2915 28.3485 5
      vertex -23.5433 28.8808 5
    endloop
  endfacet
  facet normal 0 0 1
    outer loop
      vertex -30.4056 30.4056 5
      vertex -23.5433 28.8808 5
      vertex -23.7416 29.4352 5
    endloop
  endfacet
  facet normal 0 0 1
    outer loop
      vertex -18.5881 25.2058 5
      vertex -23.75 12.5574 5
      vertex -22.9442 12.0563 5
    endloop
  endfacet
  facet normal 0 0 1
    outer loop
      vertex -30.4056 30.4056 5
      vertex -23.7416 29.4352 5
      vertex -23.8847 30.0064 5
    endloop
  endfacet
  facet normal -0 0 1
    outer loop
      vertex -30.4056 30.4056 5
      vertex -23.8847 30.0064 5
      vertex -23.9711 30.5888 5
    endloop
  endfacet
  facet normal 0 0 1
    outer loop
      vertex -27.2789 33.2394 5
      vertex -23.9711 30.5888 5
      vertex -24 31.1769 5
    endloop
  endfacet
  facet normal 0 0 1
    outer loop
      vertex -19.1705 25.2922 5
      vertex -24.5868 13.0047 5
      vertex -23.75 12.5574 5
    endloop
  endfacet
  facet normal 0 0 1
    outer loop
      vertex -1.48885 13.9153 5
      vertex -1.5 14 5
      vertex -2.73126 13.731 5
    endloop
  endfacet
  facet normal -0 0 1
    outer loop
      vertex -13.7574 26.9343 5
      vertex -4.06398 13.3972 5
      vertex -13.3619 27.3706 5
    endloop
  endfacet
  facet normal 0 0 1
    outer loop
      vertex -4.06398 13.3972 5
      vertex -13.7574 26.9343 5
      vertex -5.35757 12.9343 5
    endloop
  endfacet
  facet normal -0 0 1
    outer loop
      vertex -14.1936 26.5389 5
      vertex -5.35757 12.9343 5
      vertex -13.7574 26.9343 5
    endloop
  endfacet
  facet normal 0 0 1
    outer loop
      vertex -5.35757 12.9343 5
      vertex -14.1936 26.5389 5
      vertex -6.59955 12.3469 5
    endloop
  endfacet
  facet normal 0 0 1
    outer loop
      vertex -6.59955 12.3469 5
      vertex -14.1936 26.5389 5
      vertex -7.77798 11.6406 5
    endloop
  endfacet
  facet normal 0 0 1
    outer loop
      vertex -7.77798 11.6406 5
      vertex -14.1936 26.5389 5
      vertex -8.88151 10.8221 5
    endloop
  endfacet
  facet normal 0 0 1
    outer loop
      vertex -8.88151 10.8221 5
      vertex -14.1936 26.5389 5
      vertex -9.89949 9.89949 5
    endloop
  endfacet
  facet normal 0 0 1
    outer loop
      vertex -9.89949 9.89949 5
      vertex -14.1936 26.5389 5
      vertex -10.8221 8.88151 5
    endloop
  endfacet
  facet normal 0 0 1
    outer loop
      vertex -17.6037 5.54891 5
      vertex -10.8221 8.88151 5
      vertex -14.1936 26.5389 5
    endloop
  endfacet
  facet normal 0 0 1
    outer loop
      vertex -10.8221 8.88151 5
      vertex -17.6037 5.54891 5
      vertex -11.6406 7.77798 5
    endloop
  endfacet
  facet normal 0 0 1
    outer loop
      vertex -11.6406 7.77798 5
      vertex -17.6037 5.54891 5
      vertex -12.3469 6.59955 5
    endloop
  endfacet
  facet normal 0 0 1
    outer loop
      vertex -12.3469 6.59955 5
      vertex -17.6037 5.54891 5
      vertex -12.9343 5.35757 5
    endloop
  endfacet
  facet normal 0 -0 1
    outer loop
      vertex -17.2695 4.66087 5
      vertex -12.9343 5.35757 5
      vertex -17.6037 5.54891 5
    endloop
  endfacet
  facet normal 0 0 1
    outer loop
      vertex -12.9343 5.35757 5
      vertex -17.2695 4.66087 5
      vertex -13.3972 4.06398 5
    endloop
  endfacet
  facet normal 0 -0 1
    outer loop
      vertex -16.9941 3.75288 5
      vertex -13.3972 4.06398 5
      vertex -17.2695 4.66087 5
    endloop
  endfacet
  facet normal 0 0 1
    outer loop
      vertex -0.75 15.299 5
      vertex 1.76951 22.1859 5
      vertex 1.49408 23.0939 5
    endloop
  endfacet
  facet normal 0 0 1
    outer loop
      vertex 1.76951 22.1859 5
      vertex 1.44889 14.3882 5
      vertex 1.5 14 5
    endloop
  endfacet
  facet normal 0 0 1
    outer loop
      vertex 1.76951 22.1859 5
      vertex 1.29904 14.75 5
      vertex 1.44889 14.3882 5
    endloop
  endfacet
  facet normal 0 0 1
    outer loop
      vertex -4.06398 13.3972 5
      vertex 1.49408 23.0939 5
      vertex 1.27861 24.018 5
    endloop
  endfacet
  facet normal 0 0 1
    outer loop
      vertex 1.03105 27.7951 5
      vertex -12.2584 29.4352 5
      vertex 1 26.8468 5
    endloop
  endfacet
  facet normal 0 0 1
    outer loop
      vertex 1.76951 22.1859 5
      vertex 1.06066 15.0607 5
      vertex 1.29904 14.75 5
    endloop
  endfacet
  facet normal -0 0 1
    outer loop
      vertex -12.2584 29.4352 5
      vertex 1.03105 27.7951 5
      vertex -12.1153 30.0064 5
    endloop
  endfacet
  facet normal 0 0 1
    outer loop
      vertex 1.12405 28.7394 5
      vertex -12.1153 30.0064 5
      vertex 1.03105 27.7951 5
    endloop
  endfacet
  facet normal 0 0 1
    outer loop
      vertex 1.76951 22.1859 5
      vertex 0.75 15.299 5
      vertex 1.06066 15.0607 5
    endloop
  endfacet
  facet normal -0 0 1
    outer loop
      vertex 12.9343 -5.35757 5
      vertex 17.3926 -12.4708 5
      vertex 13.3972 -4.06398 5
    endloop
  endfacet
  facet normal 0 0 1
    outer loop
      vertex 17.3926 -12.4708 5
      vertex 12.9343 -5.35757 5
      vertex 16.4483 -12.3778 5
    endloop
  endfacet
  facet normal -0 0 1
    outer loop
      vertex 12.3469 -6.59955 5
      vertex 16.4483 -12.3778 5
      vertex 12.9343 -5.35757 5
    endloop
  endfacet
  facet normal 0 0 1
    outer loop
      vertex 16.4483 -12.3778 5
      vertex 12.3469 -6.59955 5
      vertex 15.5 -12.3468 5
    endloop
  endfacet
  facet normal 0 0 1
    outer loop
      vertex 15.5 -12.3468 5
      vertex 12.3469 -6.59955 5
      vertex 14.5517 -12.3778 5
    endloop
  endfacet
  facet normal -0 0 1
    outer loop
      vertex 11.6406 -7.77798 5
      vertex 14.5517 -12.3778 5
      vertex 12.3469 -6.59955 5
    endloop
  endfacet
  facet normal 0 0 1
    outer loop
      vertex 14.5517 -12.3778 5
      vertex 11.6406 -7.77798 5
      vertex 13.6074 -12.4708 5
    endloop
  endfacet
  facet normal -0 0 1
    outer loop
      vertex 10.8221 -8.88151 5
      vertex 13.6074 -12.4708 5
      vertex 11.6406 -7.77798 5
    endloop
  endfacet
  facet normal 0 0 1
    outer loop
      vertex 13.6074 -12.4708 5
      vertex 10.8221 -8.88151 5
      vertex 12.6712 -12.6254 5
    endloop
  endfacet
  facet normal -0 0 1
    outer loop
      vertex 9.89949 -9.89949 5
      vertex 12.6712 -12.6254 5
      vertex 10.8221 -8.88151 5
    endloop
  endfacet
  facet normal 0 0 1
    outer loop
      vertex 12.6712 -12.6254 5
      vertex 9.89949 -9.89949 5
      vertex 11.7471 -12.8409 5
    endloop
  endfacet
  facet normal 0 0 1
    outer loop
      vertex 11.7471 -12.8409 5
      vertex 9.89949 -9.89949 5
      vertex 10.8391 -13.1163 5
    endloop
  endfacet
  facet normal -0 0 1
    outer loop
      vertex 8.88151 -10.8221 5
      vertex 10.8391 -13.1163 5
      vertex 9.89949 -9.89949 5
    endloop
  endfacet
  facet normal 0 0 1
    outer loop
      vertex 10.8391 -13.1163 5
      vertex 8.88151 -10.8221 5
      vertex 9.95109 -13.4505 5
    endloop
  endfacet
  facet normal -0 0 1
    outer loop
      vertex 7.77798 -11.6406 5
      vertex 9.95109 -13.4505 5
      vertex 8.88151 -10.8221 5
    endloop
  endfacet
  facet normal 0 0 1
    outer loop
      vertex 9.95109 -13.4505 5
      vertex 7.77798 -11.6406 5
      vertex 9.08681 -13.8421 5
    endloop
  endfacet
  facet normal 0 0 1
    outer loop
      vertex 9.08681 -13.8421 5
      vertex 7.77798 -11.6406 5
      vertex 8.25 -14.2894 5
    endloop
  endfacet
  facet normal -0 0 1
    outer loop
      vertex 6.59955 -12.3469 5
      vertex 8.25 -14.2894 5
      vertex 7.77798 -11.6406 5
    endloop
  endfacet
  facet normal 0 0 1
    outer loop
      vertex 8.25 -14.2894 5
      vertex 6.59955 -12.3469 5
      vertex 7.44423 -14.7905 5
    endloop
  endfacet
  facet normal -0 0 1
    outer loop
      vertex 5.35757 -12.9343 5
      vertex 7.44423 -14.7905 5
      vertex 6.59955 -12.3469 5
    endloop
  endfacet
  facet normal 0 0 1
    outer loop
      vertex 7.44423 -14.7905 5
      vertex 5.35757 -12.9343 5
      vertex 6.67296 -15.3432 5
    endloop
  endfacet
  facet normal 0 0 1
    outer loop
      vertex 6.67296 -15.3432 5
      vertex 5.35757 -12.9343 5
      vertex 5.93949 -15.9451 5
    endloop
  endfacet
  facet normal -0 0 1
    outer loop
      vertex 4.06398 -13.3972 5
      vertex 5.93949 -15.9451 5
      vertex 5.35757 -12.9343 5
    endloop
  endfacet
  facet normal 0 0 1
    outer loop
      vertex 5.93949 -15.9451 5
      vertex 4.06398 -13.3972 5
      vertex 5.24695 -16.5937 5
    endloop
  endfacet
  facet normal -0 0 1
    outer loop
      vertex 2.73126 -13.731 5
      vertex 5.24695 -16.5937 5
      vertex 4.06398 -13.3972 5
    endloop
  endfacet
  facet normal 0 0 1
    outer loop
      vertex 5.24695 -16.5937 5
      vertex 2.73126 -13.731 5
      vertex 4.59832 -17.2863 5
    endloop
  endfacet
  facet normal 0 0 1
    outer loop
      vertex 4.59832 -17.2863 5
      vertex 2.73126 -13.731 5
      vertex 3.99638 -18.0197 5
    endloop
  endfacet
  facet normal -0 0 1
    outer loop
      vertex 1.37224 -13.9326 5
      vertex 3.99638 -18.0197 5
      vertex 2.73126 -13.731 5
    endloop
  endfacet
  facet normal 0 0 1
    outer loop
      vertex 3.99638 -18.0197 5
      vertex 1.37224 -13.9326 5
      vertex 3.44369 -18.791 5
    endloop
  endfacet
  facet normal -0 0 1
    outer loop
      vertex 0 -14 5
      vertex 3.44369 -18.791 5
      vertex 1.37224 -13.9326 5
    endloop
  endfacet
  facet normal 0 0 1
    outer loop
      vertex 3.44369 -18.791 5
      vertex 0 -14 5
      vertex 2.94263 -19.5968 5
    endloop
  endfacet
  facet normal 0 0 1
    outer loop
      vertex -1.37224 -13.9326 5
      vertex 2.94263 -19.5968 5
      vertex 0 -14 5
    endloop
  endfacet
  facet normal 0 0 1
    outer loop
      vertex 2.94263 -19.5968 5
      vertex -1.37224 -13.9326 5
      vertex 2.49535 -20.4336 5
    endloop
  endfacet
  facet normal 0 0 1
    outer loop
      vertex 2.49535 -20.4336 5
      vertex -1.37224 -13.9326 5
      vertex 2.10375 -21.2979 5
    endloop
  endfacet
  facet normal 0 0 1
    outer loop
      vertex -2.73126 -13.731 5
      vertex 2.10375 -21.2979 5
      vertex -1.37224 -13.9326 5
    endloop
  endfacet
  facet normal 0 0 1
    outer loop
      vertex 2.10375 -21.2979 5
      vertex -2.73126 -13.731 5
      vertex 1.76951 -22.1859 5
    endloop
  endfacet
  facet normal 0 0 1
    outer loop
      vertex -4.06398 -13.3972 5
      vertex 1.76951 -22.1859 5
      vertex -2.73126 -13.731 5
    endloop
  endfacet
  facet normal 0 0 1
    outer loop
      vertex 1.76951 -22.1859 5
      vertex -4.06398 -13.3972 5
      vertex 1.49408 -23.0939 5
    endloop
  endfacet
  facet normal 0 0 1
    outer loop
      vertex 1.49408 -23.0939 5
      vertex -4.06398 -13.3972 5
      vertex 1.27861 -24.018 5
    endloop
  endfacet
  facet normal -0 0 1
    outer loop
      vertex 41.7416 1.74171 5
      vertex 43 0 5
      vertex 42.7929 4.21474 5
    endloop
  endfacet
  facet normal -0 0 1
    outer loop
      vertex 39.8064 4.63806 5
      vertex 42.7929 4.21474 5
      vertex 42.1738 8.38888 5
    endloop
  endfacet
  facet normal 0 0 1
    outer loop
      vertex 43 0 5
      vertex 41.9711 0.588102 5
      vertex 42 0 5
    endloop
  endfacet
  facet normal 0 0 1
    outer loop
      vertex 41.8847 -1.17054 5
      vertex 43 0 5
      vertex 41.9711 -0.588102 5
    endloop
  endfacet
  facet normal 0 0 1
    outer loop
      vertex 41.9711 -0.588102 5
      vertex 43 0 5
      vertex 42 0 5
    endloop
  endfacet
  facet normal 0 0 1
    outer loop
      vertex 43 0 5
      vertex 41.8847 1.17054 5
      vertex 41.9711 0.588102 5
    endloop
  endfacet
  facet normal 0 0 1
    outer loop
      vertex 43 0 5
      vertex 41.7416 1.74171 5
      vertex 41.8847 1.17054 5
    endloop
  endfacet
  facet normal 0 0 1
    outer loop
      vertex 42.7929 4.21474 5
      vertex 41.5433 2.2961 5
      vertex 41.7416 1.74171 5
    endloop
  endfacet
  facet normal 0 0 1
    outer loop
      vertex 42.7929 4.21474 5
      vertex 41.2915 2.82838 5
      vertex 41.5433 2.2961 5
    endloop
  endfacet
  facet normal 0 0 1
    outer loop
      vertex 37.7417 5.74164 5
      vertex 42.1738 8.38888 5
      vertex 41.1484 12.4822 5
    endloop
  endfacet
  facet normal 0 0 1
    outer loop
      vertex 42.7929 4.21474 5
      vertex 40.9888 3.33342 5
      vertex 41.2915 2.82838 5
    endloop
  endfacet
  facet normal 0 0 1
    outer loop
      vertex 42.7929 4.21474 5
      vertex 40.6381 3.80636 5
      vertex 40.9888 3.33342 5
    endloop
  endfacet
  facet normal 0 0 1
    outer loop
      vertex 42.7929 4.21474 5
      vertex 40.2426 4.24264 5
      vertex 40.6381 3.80636 5
    endloop
  endfacet
  facet normal 0 0 1
    outer loop
      vertex 42.7929 4.21474 5
      vertex 39.8064 4.63806 5
      vertex 40.2426 4.24264 5
    endloop
  endfacet
  facet normal 0 0 1
    outer loop
      vertex 35.4119 5.97111 5
      vertex 41.1484 12.4822 5
      vertex 39.7268 16.4554 5
    endloop
  endfacet
  facet normal 0 0 1
    outer loop
      vertex 42.1738 8.38888 5
      vertex 39.3334 4.98882 5
      vertex 39.8064 4.63806 5
    endloop
  endfacet
  facet normal 0 0 1
    outer loop
      vertex 42.1738 8.38888 5
      vertex 38.8284 5.29153 5
      vertex 39.3334 4.98882 5
    endloop
  endfacet
  facet normal 0 0 1
    outer loop
      vertex 42.1738 8.38888 5
      vertex 38.2961 5.54328 5
      vertex 38.8284 5.29153 5
    endloop
  endfacet
  facet normal -0 0 1
    outer loop
      vertex 27.5563 18.791 5
      vertex 39.7268 16.4554 5
      vertex 37.9226 20.2701 5
    endloop
  endfacet
  facet normal 0 0 1
    outer loop
      vertex 42.1738 8.38888 5
      vertex 37.7417 5.74164 5
      vertex 38.2961 5.54328 5
    endloop
  endfacet
  facet normal 0 0 1
    outer loop
      vertex 41.1484 12.4822 5
      vertex 37.1705 5.88471 5
      vertex 37.7417 5.74164 5
    endloop
  endfacet
  facet normal 0 0 1
    outer loop
      vertex 41.1484 12.4822 5
      vertex 36.5881 5.97111 5
      vertex 37.1705 5.88471 5
    endloop
  endfacet
  facet normal 0 0 1
    outer loop
      vertex 41.1484 12.4822 5
      vertex 36 6 5
      vertex 36.5881 5.97111 5
    endloop
  endfacet
  facet normal -0 0 1
    outer loop
      vertex 28.8963 21.2979 5
      vertex 37.9226 20.2701 5
      vertex 35.7532 23.8895 5
    endloop
  endfacet
  facet normal 0 0 1
    outer loop
      vertex 27.5563 18.791 5
      vertex 37.9226 20.2701 5
      vertex 28.0574 19.5968 5
    endloop
  endfacet
  facet normal 0 0 1
    outer loop
      vertex 41.1484 12.4822 5
      vertex 35.4119 5.97111 5
      vertex 36 6 5
    endloop
  endfacet
  facet normal 0 0 1
    outer loop
      vertex 39.7268 16.4554 5
      vertex 27.5563 18.791 5
      vertex 27.0036 18.0197 5
    endloop
  endfacet
  facet normal 0 0 1
    outer loop
      vertex 39.7268 16.4554 5
      vertex 34.8295 5.88471 5
      vertex 35.4119 5.97111 5
    endloop
  endfacet
  facet normal 0 0 1
    outer loop
      vertex 39.7268 16.4554 5
      vertex 27.0036 18.0197 5
      vertex 34.8295 5.88471 5
    endloop
  endfacet
  facet normal 0 0 1
    outer loop
      vertex 34.8295 5.88471 5
      vertex 27.0036 18.0197 5
      vertex 34.2583 5.74164 5
    endloop
  endfacet
  facet normal -0 0 1
    outer loop
      vertex 26.4017 17.2863 5
      vertex 34.2583 5.74164 5
      vertex 27.0036 18.0197 5
    endloop
  endfacet
  facet normal -0 0 1
    outer loop
      vertex 25.753 16.5937 5
      vertex 33.7039 5.54328 5
      vertex 26.4017 17.2863 5
    endloop
  endfacet
  facet normal 0 0 1
    outer loop
      vertex 33.7039 5.54328 5
      vertex 25.753 16.5937 5
      vertex 33.1716 5.29153 5
    endloop
  endfacet
  facet normal -0 0 1
    outer loop
      vertex 25.0605 15.9451 5
      vertex 33.1716 5.29153 5
      vertex 25.753 16.5937 5
    endloop
  endfacet
  facet normal 0 0 1
    outer loop
      vertex 33.1716 5.29153 5
      vertex 25.0605 15.9451 5
      vertex 32.6666 4.98882 5
    endloop
  endfacet
  facet normal -0 0 1
    outer loop
      vertex 24.327 15.3432 5
      vertex 32.6666 4.98882 5
      vertex 25.0605 15.9451 5
    endloop
  endfacet
  facet normal 0 0 1
    outer loop
      vertex 32.6666 4.98882 5
      vertex 24.327 15.3432 5
      vertex 32.1936 4.63806 5
    endloop
  endfacet
  facet normal -0 0 1
    outer loop
      vertex 23.5558 14.7905 5
      vertex 32.1936 4.63806 5
      vertex 24.327 15.3432 5
    endloop
  endfacet
  facet normal -0 0 1
    outer loop
      vertex 29.8759 24.9542 5
      vertex 35.7532 23.8895 5
      vertex 29.969 25.8984 5
    endloop
  endfacet
  facet normal -0 0 1
    outer loop
      vertex 29.969 25.8984 5
      vertex 35.7532 23.8895 5
      vertex 30 26.8468 5
    endloop
  endfacet
  facet normal 0 0 1
    outer loop
      vertex 35.7532 23.8895 5
      vertex 29.969 27.7951 5
      vertex 30 26.8468 5
    endloop
  endfacet
  facet normal 0 0 1
    outer loop
      vertex 35.7532 23.8895 5
      vertex 29.8759 28.7394 5
      vertex 29.969 27.7951 5
    endloop
  endfacet
  facet normal 0 0 1
    outer loop
      vertex 35.7532 23.8895 5
      vertex 29.7214 29.6756 5
      vertex 29.8759 28.7394 5
    endloop
  endfacet
  facet normal 0 0 1
    outer loop
      vertex 35.7532 23.8895 5
      vertex 29.5059 30.5997 5
      vertex 29.7214 29.6756 5
    endloop
  endfacet
  facet normal 0 0 1
    outer loop
      vertex 35.7532 23.8895 5
      vertex 29.2305 31.5077 5
      vertex 29.5059 30.5997 5
    endloop
  endfacet
  facet normal 0 0 1
    outer loop
      vertex 28.3878 35.4581 5
      vertex 29.2305 31.5077 5
      vertex 35.7532 23.8895 5
    endloop
  endfacet
  facet normal 0 0 1
    outer loop
      vertex 29.2305 31.5077 5
      vertex 28.3878 35.4581 5
      vertex 28.8963 32.3957 5
    endloop
  endfacet
  facet normal 0 0 1
    outer loop
      vertex 28.8963 32.3957 5
      vertex 28.3878 35.4581 5
      vertex 28.5047 33.26 5
    endloop
  endfacet
  facet normal 0 0 1
    outer loop
      vertex 28.3878 35.4581 5
      vertex 28.0574 34.0968 5
      vertex 28.5047 33.26 5
    endloop
  endfacet
  facet normal 0 0 1
    outer loop
      vertex 28.3878 35.4581 5
      vertex 27.5563 34.9026 5
      vertex 28.0574 34.0968 5
    endloop
  endfacet
  facet normal -0 0 1
    outer loop
      vertex 27.0036 35.6738 5
      vertex 28.3878 35.4581 5
      vertex 27.4817 36.6799 5
    endloop
  endfacet
  facet normal 0 0 1
    outer loop
      vertex 28.3878 35.4581 5
      vertex 27.0036 35.6738 5
      vertex 27.5563 34.9026 5
    endloop
  endfacet
  facet normal 0 0 1
    outer loop
      vertex 26.4017 36.4073 5
      vertex 27.4817 36.6799 5
      vertex 26.4601 37.8069 5
    endloop
  endfacet
  facet normal 0 0 1
    outer loop
      vertex 27.4817 36.6799 5
      vertex 26.4017 36.4073 5
      vertex 27.0036 35.6738 5
    endloop
  endfacet
  facet normal 0 0 1
    outer loop
      vertex 26.4601 37.8069 5
      vertex 25.753 37.0998 5
      vertex 26.4017 36.4073 5
    endloop
  endfacet
  facet normal 0 0 1
    outer loop
      vertex 25.0605 37.7485 5
      vertex 26.4601 37.8069 5
      vertex 25.3331 38.8284 5
    endloop
  endfacet
  facet normal 0 0 1
    outer loop
      vertex 26.4601 37.8069 5
      vertex 25.0605 37.7485 5
      vertex 25.753 37.0998 5
    endloop
  endfacet
  facet normal 0 0 1
    outer loop
      vertex 25.3331 38.8284 5
      vertex 24.327 38.3504 5
      vertex 25.0605 37.7485 5
    endloop
  endfacet
  facet normal 0 0 1
    outer loop
      vertex 24.1113 39.7346 5
      vertex 24.327 38.3504 5
      vertex 25.3331 38.8284 5
    endloop
  endfacet
  facet normal 0 0 1
    outer loop
      vertex 24.1113 39.7346 5
      vertex 23.5558 38.9031 5
      vertex 24.327 38.3504 5
    endloop
  endfacet
  facet normal 0 0 1
    outer loop
      vertex 22.75 39.4042 5
      vertex 24.1113 39.7346 5
      vertex 22.8066 40.5166 5
    endloop
  endfacet
  facet normal 0 0 1
    outer loop
      vertex 24.1113 39.7346 5
      vertex 22.75 39.4042 5
      vertex 23.5558 38.9031 5
    endloop
  endfacet
  facet normal 0 0 1
    outer loop
      vertex 22.8066 40.5166 5
      vertex 21.9132 39.8514 5
      vertex 22.75 39.4042 5
    endloop
  endfacet
  facet normal 0 0 1
    outer loop
      vertex 21.4316 41.1669 5
      vertex 21.9132 39.8514 5
      vertex 22.8066 40.5166 5
    endloop
  endfacet
  facet normal 0 0 1
    outer loop
      vertex 21.4316 41.1669 5
      vertex 21.0489 40.243 5
      vertex 21.9132 39.8514 5
    endloop
  endfacet
  facet normal 0 0 1
    outer loop
      vertex 21.4316 41.1669 5
      vertex 20.1609 40.5773 5
      vertex 21.0489 40.243 5
    endloop
  endfacet
  facet normal 0 0 1
    outer loop
      vertex 19.9994 41.6794 5
      vertex 20.1609 40.5773 5
      vertex 21.4316 41.1669 5
    endloop
  endfacet
  facet normal 0 0 1
    outer loop
      vertex 19.9994 41.6794 5
      vertex 19.2529 40.8527 5
      vertex 20.1609 40.5773 5
    endloop
  endfacet
  facet normal 0 0 1
    outer loop
      vertex 18.5239 42.049 5
      vertex 19.2529 40.8527 5
      vertex 19.9994 41.6794 5
    endloop
  endfacet
  facet normal 0 0 1
    outer loop
      vertex 18.5239 42.049 5
      vertex 18.3288 41.0682 5
      vertex 19.2529 40.8527 5
    endloop
  endfacet
  facet normal 0 0 1
    outer loop
      vertex 18.5239 42.049 5
      vertex 17.3926 41.2227 5
      vertex 18.3288 41.0682 5
    endloop
  endfacet
  facet normal 0 0 1
    outer loop
      vertex 17.0193 42.2721 5
      vertex 17.3926 41.2227 5
      vertex 18.5239 42.049 5
    endloop
  endfacet
  facet normal 0 0 1
    outer loop
      vertex 17.0193 42.2721 5
      vertex 16.4483 41.3157 5
      vertex 17.3926 41.2227 5
    endloop
  endfacet
  facet normal 0 0 1
    outer loop
      vertex 15.5 42.3468 5
      vertex 16.4483 41.3157 5
      vertex 17.0193 42.2721 5
    endloop
  endfacet
  facet normal 0 0 1
    outer loop
      vertex 15.5 42.3468 5
      vertex 15.5 41.3468 5
      vertex 16.4483 41.3157 5
    endloop
  endfacet
  facet normal 0 0 1
    outer loop
      vertex 15.5 42.3468 5
      vertex 14.5517 41.3157 5
      vertex 15.5 41.3468 5
    endloop
  endfacet
  facet normal 0 0 1
    outer loop
      vertex 15.5 42.3468 5
      vertex 13.6074 41.2227 5
      vertex 14.5517 41.3157 5
    endloop
  endfacet
  facet normal 0 0 1
    outer loop
      vertex 15.5 42.3468 5
      vertex 12.6712 41.0682 5
      vertex 13.6074 41.2227 5
    endloop
  endfacet
  facet normal 0 0 1
    outer loop
      vertex 15.5 42.3468 5
      vertex 11.7471 40.8527 5
      vertex 12.6712 41.0682 5
    endloop
  endfacet
  facet normal 0 0 1
    outer loop
      vertex 0 43 5
      vertex 11.7471 40.8527 5
      vertex 15.5 42.3468 5
    endloop
  endfacet
  facet normal 0 0 1
    outer loop
      vertex 11.7471 40.8527 5
      vertex 0 43 5
      vertex 10.8391 40.5773 5
    endloop
  endfacet
  facet normal 0 0 1
    outer loop
      vertex 1.76951 22.1859 5
      vertex 0.388228 15.4489 5
      vertex 0.75 15.299 5
    endloop
  endfacet
  facet normal -0 0 1
    outer loop
      vertex -12.1153 30.0064 5
      vertex 1.12405 28.7394 5
      vertex -12.0289 30.5888 5
    endloop
  endfacet
  facet normal 0 0 1
    outer loop
      vertex 10.8391 40.5773 5
      vertex 0 43 5
      vertex 9.95109 40.243 5
    endloop
  endfacet
  facet normal 0 0 1
    outer loop
      vertex 0 43 5
      vertex 9.08681 39.8514 5
      vertex 9.95109 40.243 5
    endloop
  endfacet
  facet normal 0 0 1
    outer loop
      vertex 0 43 5
      vertex 8.25 39.4042 5
      vertex 9.08681 39.8514 5
    endloop
  endfacet
  facet normal 0 0 1
    outer loop
      vertex 0 43 5
      vertex 7.44423 38.9031 5
      vertex 8.25 39.4042 5
    endloop
  endfacet
  facet normal 0 0 1
    outer loop
      vertex 0 43 5
      vertex 6.67296 38.3504 5
      vertex 7.44423 38.9031 5
    endloop
  endfacet
  facet normal 0 0 1
    outer loop
      vertex 0 43 5
      vertex 5.93949 37.7485 5
      vertex 6.67296 38.3504 5
    endloop
  endfacet
  facet normal 0 0 1
    outer loop
      vertex 0 43 5
      vertex 5.24695 37.0998 5
      vertex 5.93949 37.7485 5
    endloop
  endfacet
  facet normal 0 0 1
    outer loop
      vertex 0 43 5
      vertex 4.59832 36.4073 5
      vertex 5.24695 37.0998 5
    endloop
  endfacet
  facet normal 0 0 1
    outer loop
      vertex 0 43 5
      vertex 3.99638 35.6738 5
      vertex 4.59832 36.4073 5
    endloop
  endfacet
  facet normal 0 0 1
    outer loop
      vertex 0 43 5
      vertex 3.44369 34.9026 5
      vertex 3.99638 35.6738 5
    endloop
  endfacet
  facet normal 0 0 1
    outer loop
      vertex 0 43 5
      vertex 2.94263 34.0968 5
      vertex 3.44369 34.9026 5
    endloop
  endfacet
  facet normal -0 0 1
    outer loop
      vertex -4.21474 42.7929 5
      vertex 2.94263 34.0968 5
      vertex 0 43 5
    endloop
  endfacet
  facet normal 0 0 1
    outer loop
      vertex 2.94263 34.0968 5
      vertex -4.21474 42.7929 5
      vertex 2.49535 33.26 5
    endloop
  endfacet
  facet normal 0 0 1
    outer loop
      vertex 2.49535 33.26 5
      vertex -4.21474 42.7929 5
      vertex 2.10375 32.3957 5
    endloop
  endfacet
  facet normal -0 0 1
    outer loop
      vertex -12.2584 32.9186 5
      vertex 2.10375 32.3957 5
      vertex -4.21474 42.7929 5
    endloop
  endfacet
  facet normal 0 0 1
    outer loop
      vertex 2.10375 32.3957 5
      vertex -12.2584 32.9186 5
      vertex 1.76951 31.5077 5
    endloop
  endfacet
  facet normal -0 -0 1
    outer loop
      vertex -12.1153 32.3475 5
      vertex 1.76951 31.5077 5
      vertex -12.2584 32.9186 5
    endloop
  endfacet
  facet normal 0 0 1
    outer loop
      vertex 1.76951 31.5077 5
      vertex -12.1153 32.3475 5
      vertex 1.49408 30.5997 5
    endloop
  endfacet
  facet normal -0 -0 1
    outer loop
      vertex -12.0289 31.765 5
      vertex 1.49408 30.5997 5
      vertex -12.1153 32.3475 5
    endloop
  endfacet
  facet normal 0 0 1
    outer loop
      vertex 1.76951 22.1859 5
      vertex 0 15.5 5
      vertex 0.388228 15.4489 5
    endloop
  endfacet
  facet normal -0 0 1
    outer loop
      vertex -12.4567 28.8808 5
      vertex 1 26.8468 5
      vertex -12.2584 29.4352 5
    endloop
  endfacet
  facet normal 0 0 1
    outer loop
      vertex 1.76951 22.1859 5
      vertex -0.388228 15.4489 5
      vertex 0 15.5 5
    endloop
  endfacet
  facet normal 0 0 1
    outer loop
      vertex 1.76951 22.1859 5
      vertex -0.75 15.299 5
      vertex -0.388228 15.4489 5
    endloop
  endfacet
  facet normal 0 0 1
    outer loop
      vertex 1.49408 23.0939 5
      vertex -1.06066 15.0607 5
      vertex -0.75 15.299 5
    endloop
  endfacet
  facet normal 0 0 1
    outer loop
      vertex 1.49408 23.0939 5
      vertex -4.06398 13.3972 5
      vertex -1.06066 15.0607 5
    endloop
  endfacet
  facet normal 0 -0 1
    outer loop
      vertex -2.73126 13.731 5
      vertex -1.06066 15.0607 5
      vertex -4.06398 13.3972 5
    endloop
  endfacet
  facet normal 0 0 1
    outer loop
      vertex -1.06066 15.0607 5
      vertex -2.73126 13.731 5
      vertex -1.29904 14.75 5
    endloop
  endfacet
  facet normal 0 0 1
    outer loop
      vertex -1.44889 14.3882 5
      vertex -2.73126 13.731 5
      vertex -1.5 14 5
    endloop
  endfacet
  facet normal 0 0 1
    outer loop
      vertex 1.49408 30.5997 5
      vertex -12 31.1769 5
      vertex 1.27861 29.6756 5
    endloop
  endfacet
  facet normal 0 0 1
    outer loop
      vertex -1.29904 14.75 5
      vertex -2.73126 13.731 5
      vertex -1.44889 14.3882 5
    endloop
  endfacet
  facet normal -0 0 1
    outer loop
      vertex -12.7085 28.3485 5
      vertex 1.03105 25.8984 5
      vertex -12.4567 28.8808 5
    endloop
  endfacet
  facet normal 0 0 1
    outer loop
      vertex 1 26.8468 5
      vertex -12.4567 28.8808 5
      vertex 1.03105 25.8984 5
    endloop
  endfacet
  facet normal 0 0 1
    outer loop
      vertex -12.2584 32.9186 5
      vertex -4.21474 42.7929 5
      vertex -8.38888 42.1738 5
    endloop
  endfacet
  facet normal 0 0 1
    outer loop
      vertex 1.03105 25.8984 5
      vertex -12.7085 28.3485 5
      vertex 1.12405 24.9542 5
    endloop
  endfacet
  facet normal -0 0 1
    outer loop
      vertex -13.0112 27.8435 5
      vertex 1.12405 24.9542 5
      vertex -12.7085 28.3485 5
    endloop
  endfacet
  facet normal 0 0 1
    outer loop
      vertex 1.12405 24.9542 5
      vertex -13.0112 27.8435 5
      vertex 1.27861 24.018 5
    endloop
  endfacet
  facet normal -0 0 1
    outer loop
      vertex -13.3619 27.3706 5
      vertex 1.27861 24.018 5
      vertex -13.0112 27.8435 5
    endloop
  endfacet
  facet normal 0 0 1
    outer loop
      vertex 1.27861 24.018 5
      vertex -13.3619 27.3706 5
      vertex -4.06398 13.3972 5
    endloop
  endfacet
  facet normal 0 0 1
    outer loop
      vertex 1.27861 29.6756 5
      vertex -12.0289 30.5888 5
      vertex 1.12405 28.7394 5
    endloop
  endfacet
  facet normal -0 0 1
    outer loop
      vertex -12.0289 30.5888 5
      vertex 1.27861 29.6756 5
      vertex -12 31.1769 5
    endloop
  endfacet
  facet normal -0 -0 1
    outer loop
      vertex -12 31.1769 5
      vertex 1.49408 30.5997 5
      vertex -12.0289 31.765 5
    endloop
  endfacet
  facet normal 0 0 1
    outer loop
      vertex -8.38888 42.1738 5
      vertex -12.4567 33.473 5
      vertex -12.2584 32.9186 5
    endloop
  endfacet
  facet normal 0 0 1
    outer loop
      vertex -13.0112 34.5103 5
      vertex -8.38888 42.1738 5
      vertex -12.4822 41.1484 5
    endloop
  endfacet
  facet normal 0 0 1
    outer loop
      vertex -8.38888 42.1738 5
      vertex -12.7085 34.0053 5
      vertex -12.4567 33.473 5
    endloop
  endfacet
  facet normal 0 0 1
    outer loop
      vertex -8.38888 42.1738 5
      vertex -13.0112 34.5103 5
      vertex -12.7085 34.0053 5
    endloop
  endfacet
  facet normal 0 0 1
    outer loop
      vertex -12.4822 41.1484 5
      vertex -13.3619 34.9833 5
      vertex -13.0112 34.5103 5
    endloop
  endfacet
  facet normal 0 0 1
    outer loop
      vertex -12.4822 41.1484 5
      vertex -13.7574 35.4196 5
      vertex -13.3619 34.9833 5
    endloop
  endfacet
  facet normal 0 0 1
    outer loop
      vertex -12.4822 41.1484 5
      vertex -14.1936 35.815 5
      vertex -13.7574 35.4196 5
    endloop
  endfacet
  facet normal 0 0 1
    outer loop
      vertex -12.4822 41.1484 5
      vertex -14.6666 36.1657 5
      vertex -14.1936 35.815 5
    endloop
  endfacet
  facet normal 0 0 1
    outer loop
      vertex -12.4822 41.1484 5
      vertex -15.1716 36.4684 5
      vertex -14.6666 36.1657 5
    endloop
  endfacet
  facet normal -0 0 1
    outer loop
      vertex -16.4554 39.7268 5
      vertex -15.1716 36.4684 5
      vertex -12.4822 41.1484 5
    endloop
  endfacet
  facet normal 0 0 1
    outer loop
      vertex -15.1716 36.4684 5
      vertex -16.4554 39.7268 5
      vertex -15.7039 36.7202 5
    endloop
  endfacet
  facet normal 0 0 1
    outer loop
      vertex -15.7039 36.7202 5
      vertex -16.4554 39.7268 5
      vertex -16.2583 36.9186 5
    endloop
  endfacet
  facet normal 0 0 1
    outer loop
      vertex -16.4554 39.7268 5
      vertex -16.8295 37.0616 5
      vertex -16.2583 36.9186 5
    endloop
  endfacet
  facet normal 0 0 1
    outer loop
      vertex -16.4554 39.7268 5
      vertex -17.4119 37.148 5
      vertex -16.8295 37.0616 5
    endloop
  endfacet
  facet normal 0 0 1
    outer loop
      vertex -16.4554 39.7268 5
      vertex -18 37.1769 5
      vertex -17.4119 37.148 5
    endloop
  endfacet
  facet normal 0 0 1
    outer loop
      vertex -16.4554 39.7268 5
      vertex -18.5881 37.148 5
      vertex -18 37.1769 5
    endloop
  endfacet
  facet normal -0 0 1
    outer loop
      vertex -20.2701 37.9226 5
      vertex -18.5881 37.148 5
      vertex -16.4554 39.7268 5
    endloop
  endfacet
  facet normal 0 0 1
    outer loop
      vertex -18.5881 37.148 5
      vertex -20.2701 37.9226 5
      vertex -19.1705 37.0616 5
    endloop
  endfacet
  facet normal 0 0 1
    outer loop
      vertex -19.1705 37.0616 5
      vertex -20.2701 37.9226 5
      vertex -19.7417 36.9186 5
    endloop
  endfacet
  facet normal 0 0 1
    outer loop
      vertex -20.2701 37.9226 5
      vertex -20.2961 36.7202 5
      vertex -19.7417 36.9186 5
    endloop
  endfacet
  facet normal 0 0 1
    outer loop
      vertex -20.2701 37.9226 5
      vertex -20.8284 36.4684 5
      vertex -20.2961 36.7202 5
    endloop
  endfacet
  facet normal 0 0 1
    outer loop
      vertex -20.2701 37.9226 5
      vertex -21.3334 36.1657 5
      vertex -20.8284 36.4684 5
    endloop
  endfacet
  facet normal 0 0 1
    outer loop
      vertex -23.8895 35.7532 5
      vertex -21.3334 36.1657 5
      vertex -20.2701 37.9226 5
    endloop
  endfacet
  facet normal 0 0 1
    outer loop
      vertex -21.3334 36.1657 5
      vertex -23.8895 35.7532 5
      vertex -21.8064 35.815 5
    endloop
  endfacet
  facet normal 0 0 1
    outer loop
      vertex -21.8064 35.815 5
      vertex -23.8895 35.7532 5
      vertex -22.2426 35.4196 5
    endloop
  endfacet
  facet normal 0 0 1
    outer loop
      vertex -22.2426 35.4196 5
      vertex -23.8895 35.7532 5
      vertex -22.6381 34.9833 5
    endloop
  endfacet
  facet normal 0 0 1
    outer loop
      vertex -23.8895 35.7532 5
      vertex -22.9888 34.5103 5
      vertex -22.6381 34.9833 5
    endloop
  endfacet
  facet normal 0 0 1
    outer loop
      vertex -23.8895 35.7532 5
      vertex -23.2915 34.0053 5
      vertex -22.9888 34.5103 5
    endloop
  endfacet
  facet normal 0 0 1
    outer loop
      vertex -23.8895 35.7532 5
      vertex -23.5433 33.473 5
      vertex -23.2915 34.0053 5
    endloop
  endfacet
  facet normal 0 0 1
    outer loop
      vertex -27.2789 33.2394 5
      vertex -23.5433 33.473 5
      vertex -23.8895 35.7532 5
    endloop
  endfacet
  facet normal 0 0 1
    outer loop
      vertex -23.5433 33.473 5
      vertex -27.2789 33.2394 5
      vertex -23.7416 32.9186 5
    endloop
  endfacet
  facet normal 0 0 1
    outer loop
      vertex -23.7416 32.9186 5
      vertex -27.2789 33.2394 5
      vertex -23.8847 32.3475 5
    endloop
  endfacet
  facet normal 0 0 1
    outer loop
      vertex -23.8847 32.3475 5
      vertex -27.2789 33.2394 5
      vertex -23.9711 31.765 5
    endloop
  endfacet
  facet normal 0 0 1
    outer loop
      vertex -23.9711 31.765 5
      vertex -27.2789 33.2394 5
      vertex -24 31.1769 5
    endloop
  endfacet
  facet normal 0 0 1
    outer loop
      vertex -23.9711 30.5888 5
      vertex -27.2789 33.2394 5
      vertex -30.4056 30.4056 5
    endloop
  endfacet
  facet normal 0 0 1
    outer loop
      vertex -20.2961 25.6336 5
      vertex -25.4511 13.3963 5
      vertex -24.5868 13.0047 5
    endloop
  endfacet
  facet normal 0 0 1
    outer loop
      vertex -23.2915 28.3485 5
      vertex -30.4056 30.4056 5
      vertex -33.2394 27.2789 5
    endloop
  endfacet
  facet normal 0 0 1
    outer loop
      vertex -20.8284 25.8854 5
      vertex -26.3391 13.7305 5
      vertex -25.4511 13.3963 5
    endloop
  endfacet
  facet normal 0 0 1
    outer loop
      vertex -21.3334 26.1881 5
      vertex -27.2471 14.0059 5
      vertex -26.3391 13.7305 5
    endloop
  endfacet
  facet normal 0 0 1
    outer loop
      vertex -22.2426 26.9343 5
      vertex -33.2394 27.2789 5
      vertex -29.1074 14.3759 5
    endloop
  endfacet
  facet normal 0 0 1
    outer loop
      vertex -21.8064 26.5389 5
      vertex -28.1712 14.2214 5
      vertex -27.2471 14.0059 5
    endloop
  endfacet
  facet normal 0 0 1
    outer loop
      vertex -22.2426 26.9343 5
      vertex -29.1074 14.3759 5
      vertex -28.1712 14.2214 5
    endloop
  endfacet
  facet normal 0 0 1
    outer loop
      vertex -29.1074 14.3759 5
      vertex -33.2394 27.2789 5
      vertex -30.0517 14.469 5
    endloop
  endfacet
  facet normal -0 0 1
    outer loop
      vertex -35.7532 23.8895 5
      vertex -30.0517 14.469 5
      vertex -33.2394 27.2789 5
    endloop
  endfacet
  facet normal 0 0 1
    outer loop
      vertex -30.0517 14.469 5
      vertex -35.7532 23.8895 5
      vertex -31 14.5 5
    endloop
  endfacet
  facet normal 0 0 1
    outer loop
      vertex -31 14.5 5
      vertex -35.7532 23.8895 5
      vertex -31.9483 14.469 5
    endloop
  endfacet
  facet normal -0 0 1
    outer loop
      vertex -37.9226 20.2701 5
      vertex -31.9483 14.469 5
      vertex -35.7532 23.8895 5
    endloop
  endfacet
  facet normal 0 0 1
    outer loop
      vertex -31.9483 14.469 5
      vertex -37.9226 20.2701 5
      vertex -32.8926 14.3759 5
    endloop
  endfacet
  facet normal 0 0 1
    outer loop
      vertex -32.8926 14.3759 5
      vertex -37.9226 20.2701 5
      vertex -33.8288 14.2214 5
    endloop
  endfacet
  facet normal 0 0 1
    outer loop
      vertex -33.8288 14.2214 5
      vertex -37.9226 20.2701 5
      vertex -34.7529 14.0059 5
    endloop
  endfacet
  facet normal 0 0 1
    outer loop
      vertex -34.7529 14.0059 5
      vertex -37.9226 20.2701 5
      vertex -35.6609 13.7305 5
    endloop
  endfacet
  facet normal 0 0 1
    outer loop
      vertex -35.6609 13.7305 5
      vertex -37.9226 20.2701 5
      vertex -36.5489 13.3963 5
    endloop
  endfacet
  facet normal 0 0 1
    outer loop
      vertex -36.5489 13.3963 5
      vertex -37.9226 20.2701 5
      vertex -37.4132 13.0047 5
    endloop
  endfacet
  facet normal 0 0 1
    outer loop
      vertex -37.9226 20.2701 5
      vertex -38.25 12.5574 5
      vertex -37.4132 13.0047 5
    endloop
  endfacet
  facet normal 0 0 1
    outer loop
      vertex -37.9226 20.2701 5
      vertex -39.0558 12.0563 5
      vertex -38.25 12.5574 5
    endloop
  endfacet
  facet normal 0 0 1
    outer loop
      vertex -37.9226 20.2701 5
      vertex -39.827 11.5036 5
      vertex -39.0558 12.0563 5
    endloop
  endfacet
  facet normal 0 0 1
    outer loop
      vertex -37.9226 20.2701 5
      vertex -40.5605 10.9017 5
      vertex -39.827 11.5036 5
    endloop
  endfacet
  facet normal 0 0 1
    outer loop
      vertex -37.9226 20.2701 5
      vertex -41.253 10.253 5
      vertex -40.5605 10.9017 5
    endloop
  endfacet
  facet normal 0 0 1
    outer loop
      vertex -37.9226 20.2701 5
      vertex -41.9017 9.56051 5
      vertex -41.253 10.253 5
    endloop
  endfacet
  facet normal 0 0 1
    outer loop
      vertex -44.6698 7.30664 5
      vertex -41.9017 9.56051 5
      vertex -37.9226 20.2701 5
    endloop
  endfacet
  facet normal 0 0 1
    outer loop
      vertex -41.9017 9.56051 5
      vertex -44.6698 7.30664 5
      vertex -42.5036 8.82704 5
    endloop
  endfacet
  facet normal 0 0 1
    outer loop
      vertex -42.5036 8.82704 5
      vertex -44.6698 7.30664 5
      vertex -43.0563 8.05577 5
    endloop
  endfacet
  facet normal 0 0 1
    outer loop
      vertex -43.0563 8.05577 5
      vertex -44.6698 7.30664 5
      vertex -43.5574 7.25 5
    endloop
  endfacet
  facet normal 0 0 1
    outer loop
      vertex -43.5574 7.25 5
      vertex -44.6698 7.30664 5
      vertex -44.0047 6.41319 5
    endloop
  endfacet
  facet normal 0 0 1
    outer loop
      vertex -45.3201 5.93158 5
      vertex -44.0047 6.41319 5
      vertex -44.6698 7.30664 5
    endloop
  endfacet
  facet normal 0 0 1
    outer loop
      vertex -44.0047 6.41319 5
      vertex -45.3201 5.93158 5
      vertex -44.3963 5.54891 5
    endloop
  endfacet
  facet normal 0 0 1
    outer loop
      vertex -44.3963 5.54891 5
      vertex -45.3201 5.93158 5
      vertex -44.7305 4.66087 5
    endloop
  endfacet
  facet normal 0 0 1
    outer loop
      vertex -45.8326 4.4994 5
      vertex -44.7305 4.66087 5
      vertex -45.3201 5.93158 5
    endloop
  endfacet
  facet normal 0 0 1
    outer loop
      vertex -44.7305 4.66087 5
      vertex -45.8326 4.4994 5
      vertex -45.0059 3.75288 5
    endloop
  endfacet
  facet normal 0 0 1
    outer loop
      vertex -46.2022 3.0239 5
      vertex -45.0059 3.75288 5
      vertex -45.8326 4.4994 5
    endloop
  endfacet
  facet normal 0 0 1
    outer loop
      vertex -45.0059 3.75288 5
      vertex -46.2022 3.0239 5
      vertex -45.2214 2.82881 5
    endloop
  endfacet
  facet normal 0 0 1
    outer loop
      vertex -45.2214 2.82881 5
      vertex -46.2022 3.0239 5
      vertex -45.3759 1.89263 5
    endloop
  endfacet
  facet normal 0 0 1
    outer loop
      vertex -46.4254 1.51926 5
      vertex -45.3759 1.89263 5
      vertex -46.2022 3.0239 5
    endloop
  endfacet
  facet normal 0 0 1
    outer loop
      vertex 41.7416 -1.74171 5
      vertex 43 0 5
      vertex 41.8847 -1.17054 5
    endloop
  endfacet
  facet normal 0 0 1
    outer loop
      vertex 43 0 5
      vertex 41.7416 -1.74171 5
      vertex 42.7929 -4.21474 5
    endloop
  endfacet
  facet normal -0 0 1
    outer loop
      vertex 41.5433 -2.2961 5
      vertex 42.7929 -4.21474 5
      vertex 41.7416 -1.74171 5
    endloop
  endfacet
  facet normal -0 0 1
    outer loop
      vertex 41.2915 -2.82838 5
      vertex 42.7929 -4.21474 5
      vertex 41.5433 -2.2961 5
    endloop
  endfacet
  facet normal -0 0 1
    outer loop
      vertex 40.9888 -3.33342 5
      vertex 42.7929 -4.21474 5
      vertex 41.2915 -2.82838 5
    endloop
  endfacet
  facet normal -0 0 1
    outer loop
      vertex 40.6381 -3.80636 5
      vertex 42.7929 -4.21474 5
      vertex 40.9888 -3.33342 5
    endloop
  endfacet
  facet normal 0 0 1
    outer loop
      vertex 40.2426 -4.24264 5
      vertex 42.7929 -4.21474 5
      vertex 40.6381 -3.80636 5
    endloop
  endfacet
  facet normal 0 0 1
    outer loop
      vertex 39.8064 -4.63806 5
      vertex 42.7929 -4.21474 5
      vertex 40.2426 -4.24264 5
    endloop
  endfacet
  facet normal 0 0 1
    outer loop
      vertex 42.7929 -4.21474 5
      vertex 39.8064 -4.63806 5
      vertex 42.1738 -8.38888 5
    endloop
  endfacet
  facet normal -0 0 1
    outer loop
      vertex 39.3334 -4.98882 5
      vertex 42.1738 -8.38888 5
      vertex 39.8064 -4.63806 5
    endloop
  endfacet
  facet normal -0 0 1
    outer loop
      vertex 38.8284 -5.29153 5
      vertex 42.1738 -8.38888 5
      vertex 39.3334 -4.98882 5
    endloop
  endfacet
  facet normal -0 0 1
    outer loop
      vertex 38.2961 -5.54328 5
      vertex 42.1738 -8.38888 5
      vertex 38.8284 -5.29153 5
    endloop
  endfacet
  facet normal -0 0 1
    outer loop
      vertex 37.7417 -5.74164 5
      vertex 42.1738 -8.38888 5
      vertex 38.2961 -5.54328 5
    endloop
  endfacet
  facet normal 0 0 1
    outer loop
      vertex 42.1738 -8.38888 5
      vertex 37.7417 -5.74164 5
      vertex 41.1484 -12.4822 5
    endloop
  endfacet
  facet normal -0 0 1
    outer loop
      vertex 37.1705 -5.88471 5
      vertex 41.1484 -12.4822 5
      vertex 37.7417 -5.74164 5
    endloop
  endfacet
  facet normal -0 0 1
    outer loop
      vertex 36.5881 -5.97111 5
      vertex 41.1484 -12.4822 5
      vertex 37.1705 -5.88471 5
    endloop
  endfacet
  facet normal -0 0 1
    outer loop
      vertex 36 -6 5
      vertex 41.1484 -12.4822 5
      vertex 36.5881 -5.97111 5
    endloop
  endfacet
  facet normal 0 0 1
    outer loop
      vertex 35.4119 -5.97111 5
      vertex 41.1484 -12.4822 5
      vertex 36 -6 5
    endloop
  endfacet
  facet normal 0 0 1
    outer loop
      vertex 41.1484 -12.4822 5
      vertex 35.4119 -5.97111 5
      vertex 39.7268 -16.4554 5
    endloop
  endfacet
  facet normal 0 0 1
    outer loop
      vertex 34.8295 -5.88471 5
      vertex 39.7268 -16.4554 5
      vertex 35.4119 -5.97111 5
    endloop
  endfacet
  facet normal 0 0 1
    outer loop
      vertex 34.2583 -5.74164 5
      vertex 39.7268 -16.4554 5
      vertex 34.8295 -5.88471 5
    endloop
  endfacet
  facet normal 0 0 1
    outer loop
      vertex 33.7039 -5.54328 5
      vertex 39.7268 -16.4554 5
      vertex 34.2583 -5.74164 5
    endloop
  endfacet
  facet normal 0 0 1
    outer loop
      vertex 39.7268 -16.4554 5
      vertex 33.7039 -5.54328 5
      vertex 37.9226 -20.2701 5
    endloop
  endfacet
  facet normal 0 0 1
    outer loop
      vertex 33.1716 -5.29153 5
      vertex 37.9226 -20.2701 5
      vertex 33.7039 -5.54328 5
    endloop
  endfacet
  facet normal 0 0 1
    outer loop
      vertex 37.9226 -20.2701 5
      vertex 33.1716 -5.29153 5
      vertex 29.969 -25.8984 5
    endloop
  endfacet
  facet normal 0 0 1
    outer loop
      vertex 29.969 -25.8984 5
      vertex 33.1716 -5.29153 5
      vertex 32.6666 -4.98882 5
    endloop
  endfacet
  facet normal 0 0 1
    outer loop
      vertex 29.969 -25.8984 5
      vertex 32.6666 -4.98882 5
      vertex 32.1936 -4.63806 5
    endloop
  endfacet
  facet normal 0 0 1
    outer loop
      vertex 29.969 -25.8984 5
      vertex 32.1936 -4.63806 5
      vertex 31.7574 -4.24264 5
    endloop
  endfacet
  facet normal 0 0 1
    outer loop
      vertex 29.969 -25.8984 5
      vertex 31.7574 -4.24264 5
      vertex 31.3619 -3.80636 5
    endloop
  endfacet
  facet normal 0 0 1
    outer loop
      vertex 29.969 -25.8984 5
      vertex 31.3619 -3.80636 5
      vertex 31.0112 -3.33342 5
    endloop
  endfacet
  facet normal 0 0 1
    outer loop
      vertex 29.969 -25.8984 5
      vertex 31.0112 -3.33342 5
      vertex 30.7085 -2.82838 5
    endloop
  endfacet
  facet normal 0 0 1
    outer loop
      vertex 29.969 -25.8984 5
      vertex 30.7085 -2.82838 5
      vertex 30.4567 -2.2961 5
    endloop
  endfacet
  facet normal 0 0 1
    outer loop
      vertex 29.969 -25.8984 5
      vertex 30.4567 -2.2961 5
      vertex 30.2584 -1.74171 5
    endloop
  endfacet
  facet normal 0 0 1
    outer loop
      vertex 29.969 -25.8984 5
      vertex 30.2584 -1.74171 5
      vertex 30.1153 -1.17054 5
    endloop
  endfacet
  facet normal -0 0 1
    outer loop
      vertex 14 0 5
      vertex 30.0289 -0.588102 5
      vertex 30 0 5
    endloop
  endfacet
  facet normal 0 0 1
    outer loop
      vertex 29.969 -25.8984 5
      vertex 30.1153 -1.17054 5
      vertex 30.0289 -0.588102 5
    endloop
  endfacet
  facet normal 0 0 1
    outer loop
      vertex 37.9226 -20.2701 5
      vertex 29.969 -25.8984 5
      vertex 35.7532 -23.8895 5
    endloop
  endfacet
  facet normal 0 0 1
    outer loop
      vertex 29.969 -27.7951 5
      vertex 35.7532 -23.8895 5
      vertex 30 -26.8468 5
    endloop
  endfacet
  facet normal 0 0 1
    outer loop
      vertex 29.8759 -28.7394 5
      vertex 35.7532 -23.8895 5
      vertex 29.969 -27.7951 5
    endloop
  endfacet
  facet normal 0 0 1
    outer loop
      vertex 29.7214 -29.6756 5
      vertex 35.7532 -23.8895 5
      vertex 29.8759 -28.7394 5
    endloop
  endfacet
  facet normal 0 0 1
    outer loop
      vertex 29.5059 -30.5997 5
      vertex 35.7532 -23.8895 5
      vertex 29.7214 -29.6756 5
    endloop
  endfacet
  facet normal 0 0 1
    outer loop
      vertex 29.2305 -31.5077 5
      vertex 35.7532 -23.8895 5
      vertex 29.5059 -30.5997 5
    endloop
  endfacet
  facet normal 0 0 1
    outer loop
      vertex 28.3878 -35.4581 5
      vertex 29.2305 -31.5077 5
      vertex 28.8963 -32.3957 5
    endloop
  endfacet
  facet normal 0 0 1
    outer loop
      vertex 28.3878 -35.4581 5
      vertex 28.8963 -32.3957 5
      vertex 28.5047 -33.26 5
    endloop
  endfacet
  facet normal -0 0 1
    outer loop
      vertex 29.2305 -31.5077 5
      vertex 28.3878 -35.4581 5
      vertex 35.7532 -23.8895 5
    endloop
  endfacet
  facet normal -0 0 1
    outer loop
      vertex 28.0574 -34.0968 5
      vertex 28.3878 -35.4581 5
      vertex 28.5047 -33.26 5
    endloop
  endfacet
  facet normal -0 0 1
    outer loop
      vertex 27.5563 -34.9026 5
      vertex 28.3878 -35.4581 5
      vertex 28.0574 -34.0968 5
    endloop
  endfacet
  facet normal 0 0 1
    outer loop
      vertex 27.0036 -35.6738 5
      vertex 28.3878 -35.4581 5
      vertex 27.5563 -34.9026 5
    endloop
  endfacet
  facet normal 0 0 1
    outer loop
      vertex 28.3878 -35.4581 5
      vertex 27.0036 -35.6738 5
      vertex 27.4817 -36.6799 5
    endloop
  endfacet
  facet normal -0 0 1
    outer loop
      vertex 26.4017 -36.4073 5
      vertex 27.4817 -36.6799 5
      vertex 27.0036 -35.6738 5
    endloop
  endfacet
  facet normal 0 0 1
    outer loop
      vertex 27.4817 -36.6799 5
      vertex 26.4017 -36.4073 5
      vertex 26.4601 -37.8069 5
    endloop
  endfacet
  facet normal -0 0 1
    outer loop
      vertex 25.753 -37.0998 5
      vertex 26.4601 -37.8069 5
      vertex 26.4017 -36.4073 5
    endloop
  endfacet
  facet normal -0 0 1
    outer loop
      vertex 25.0605 -37.7485 5
      vertex 26.4601 -37.8069 5
      vertex 25.753 -37.0998 5
    endloop
  endfacet
  facet normal 0 0 1
    outer loop
      vertex 26.4601 -37.8069 5
      vertex 25.0605 -37.7485 5
      vertex 25.3331 -38.8284 5
    endloop
  endfacet
  facet normal -0 0 1
    outer loop
      vertex 24.327 -38.3504 5
      vertex 25.3331 -38.8284 5
      vertex 25.0605 -37.7485 5
    endloop
  endfacet
  facet normal 0 0 1
    outer loop
      vertex 24.327 -38.3504 5
      vertex 24.1113 -39.7346 5
      vertex 25.3331 -38.8284 5
    endloop
  endfacet
  facet normal -0 0 1
    outer loop
      vertex 23.5558 -38.9031 5
      vertex 24.1113 -39.7346 5
      vertex 24.327 -38.3504 5
    endloop
  endfacet
  facet normal -0 0 1
    outer loop
      vertex 22.75 -39.4042 5
      vertex 24.1113 -39.7346 5
      vertex 23.5558 -38.9031 5
    endloop
  endfacet
  facet normal 0 0 1
    outer loop
      vertex 24.1113 -39.7346 5
      vertex 22.75 -39.4042 5
      vertex 22.8066 -40.5166 5
    endloop
  endfacet
  facet normal -0 0 1
    outer loop
      vertex 21.9132 -39.8514 5
      vertex 22.8066 -40.5166 5
      vertex 22.75 -39.4042 5
    endloop
  endfacet
  facet normal 0 0 1
    outer loop
      vertex 21.9132 -39.8514 5
      vertex 21.4316 -41.1669 5
      vertex 22.8066 -40.5166 5
    endloop
  endfacet
  facet normal -0 0 1
    outer loop
      vertex 21.0489 -40.243 5
      vertex 21.4316 -41.1669 5
      vertex 21.9132 -39.8514 5
    endloop
  endfacet
  facet normal -0 0 1
    outer loop
      vertex 20.1609 -40.5773 5
      vertex 21.4316 -41.1669 5
      vertex 21.0489 -40.243 5
    endloop
  endfacet
  facet normal 0 0 1
    outer loop
      vertex 20.1609 -40.5773 5
      vertex 19.9994 -41.6794 5
      vertex 21.4316 -41.1669 5
    endloop
  endfacet
  facet normal -0 0 1
    outer loop
      vertex 19.2529 -40.8527 5
      vertex 19.9994 -41.6794 5
      vertex 20.1609 -40.5773 5
    endloop
  endfacet
  facet normal 0 0 1
    outer loop
      vertex 19.2529 -40.8527 5
      vertex 18.5239 -42.049 5
      vertex 19.9994 -41.6794 5
    endloop
  endfacet
  facet normal -0 0 1
    outer loop
      vertex 18.3288 -41.0682 5
      vertex 18.5239 -42.049 5
      vertex 19.2529 -40.8527 5
    endloop
  endfacet
  facet normal -0 0 1
    outer loop
      vertex 17.3926 -41.2227 5
      vertex 18.5239 -42.049 5
      vertex 18.3288 -41.0682 5
    endloop
  endfacet
  facet normal 0 0 1
    outer loop
      vertex 17.3926 -41.2227 5
      vertex 17.0193 -42.2721 5
      vertex 18.5239 -42.049 5
    endloop
  endfacet
  facet normal -0 0 1
    outer loop
      vertex 16.4483 -41.3157 5
      vertex 17.0193 -42.2721 5
      vertex 17.3926 -41.2227 5
    endloop
  endfacet
  facet normal 0 0 1
    outer loop
      vertex 15.5 -42.3468 5
      vertex 16.4483 -41.3157 5
      vertex 15.5 -41.3468 5
    endloop
  endfacet
  facet normal 0 0 1
    outer loop
      vertex 16.4483 -41.3157 5
      vertex 15.5 -42.3468 5
      vertex 17.0193 -42.2721 5
    endloop
  endfacet
  facet normal 0 0 1
    outer loop
      vertex 14.5517 -41.3157 5
      vertex 15.5 -42.3468 5
      vertex 15.5 -41.3468 5
    endloop
  endfacet
  facet normal 0 0 1
    outer loop
      vertex 13.6074 -41.2227 5
      vertex 15.5 -42.3468 5
      vertex 14.5517 -41.3157 5
    endloop
  endfacet
  facet normal 0 0 1
    outer loop
      vertex 12.6712 -41.0682 5
      vertex 15.5 -42.3468 5
      vertex 13.6074 -41.2227 5
    endloop
  endfacet
  facet normal 0 0 1
    outer loop
      vertex 11.7471 -40.8527 5
      vertex 15.5 -42.3468 5
      vertex 12.6712 -41.0682 5
    endloop
  endfacet
  facet normal 0 0 1
    outer loop
      vertex 0 -43 5
      vertex 11.7471 -40.8527 5
      vertex 10.8391 -40.5773 5
    endloop
  endfacet
  facet normal 0 0 1
    outer loop
      vertex 0 -43 5
      vertex 10.8391 -40.5773 5
      vertex 9.95109 -40.243 5
    endloop
  endfacet
  facet normal 0 0 1
    outer loop
      vertex -5.35757 -12.9343 5
      vertex 1.27861 -24.018 5
      vertex -4.06398 -13.3972 5
    endloop
  endfacet
  facet normal 0 0 1
    outer loop
      vertex 11.7471 -40.8527 5
      vertex 0 -43 5
      vertex 15.5 -42.3468 5
    endloop
  endfacet
  facet normal 0 0 1
    outer loop
      vertex 9.08681 -39.8514 5
      vertex 0 -43 5
      vertex 9.95109 -40.243 5
    endloop
  endfacet
  facet normal 0 0 1
    outer loop
      vertex 8.25 -39.4042 5
      vertex 0 -43 5
      vertex 9.08681 -39.8514 5
    endloop
  endfacet
  facet normal 0 0 1
    outer loop
      vertex 7.44423 -38.9031 5
      vertex 0 -43 5
      vertex 8.25 -39.4042 5
    endloop
  endfacet
  facet normal 0 0 1
    outer loop
      vertex 6.67296 -38.3504 5
      vertex 0 -43 5
      vertex 7.44423 -38.9031 5
    endloop
  endfacet
  facet normal 0 0 1
    outer loop
      vertex 5.93949 -37.7485 5
      vertex 0 -43 5
      vertex 6.67296 -38.3504 5
    endloop
  endfacet
  facet normal 0 0 1
    outer loop
      vertex 5.24695 -37.0998 5
      vertex 0 -43 5
      vertex 5.93949 -37.7485 5
    endloop
  endfacet
  facet normal 0 0 1
    outer loop
      vertex 4.59832 -36.4073 5
      vertex 0 -43 5
      vertex 5.24695 -37.0998 5
    endloop
  endfacet
  facet normal 0 0 1
    outer loop
      vertex 3.99638 -35.6738 5
      vertex 0 -43 5
      vertex 4.59832 -36.4073 5
    endloop
  endfacet
  facet normal 0 0 1
    outer loop
      vertex 3.44369 -34.9026 5
      vertex 0 -43 5
      vertex 3.99638 -35.6738 5
    endloop
  endfacet
  facet normal 0 0 1
    outer loop
      vertex 2.94263 -34.0968 5
      vertex 0 -43 5
      vertex 3.44369 -34.9026 5
    endloop
  endfacet
  facet normal 0 0 1
    outer loop
      vertex -4.21474 -42.7929 5
      vertex 2.94263 -34.0968 5
      vertex 2.49535 -33.26 5
    endloop
  endfacet
  facet normal 0 0 1
    outer loop
      vertex -4.21474 -42.7929 5
      vertex 2.49535 -33.26 5
      vertex 2.10375 -32.3957 5
    endloop
  endfacet
  facet normal 0 0 1
    outer loop
      vertex -12.2584 -32.9186 5
      vertex 2.10375 -32.3957 5
      vertex 1.76951 -31.5077 5
    endloop
  endfacet
  facet normal 0 0 1
    outer loop
      vertex -12.1153 -32.3475 5
      vertex 1.76951 -31.5077 5
      vertex 1.49408 -30.5997 5
    endloop
  endfacet
  facet normal 0 0 1
    outer loop
      vertex -12 -31.1769 5
      vertex 1.49408 -30.5997 5
      vertex 1.27861 -29.6756 5
    endloop
  endfacet
  facet normal 0 0 1
    outer loop
      vertex -12.0289 -30.5888 5
      vertex 1.27861 -29.6756 5
      vertex 1.12405 -28.7394 5
    endloop
  endfacet
  facet normal 0 0 1
    outer loop
      vertex -12.0289 -30.5888 5
      vertex 1.12405 -28.7394 5
      vertex 1.03105 -27.7951 5
    endloop
  endfacet
  facet normal 0 0 1
    outer loop
      vertex -12.0289 -30.5888 5
      vertex 1.27861 -24.018 5
      vertex -5.35757 -12.9343 5
    endloop
  endfacet
  facet normal 0 0 1
    outer loop
      vertex -12.0289 -30.5888 5
      vertex 1.03105 -25.8984 5
      vertex 1.12405 -24.9542 5
    endloop
  endfacet
  facet normal 0 0 1
    outer loop
      vertex -12.0289 -30.5888 5
      vertex 1 -26.8468 5
      vertex 1.03105 -25.8984 5
    endloop
  endfacet
  facet normal 0 0 1
    outer loop
      vertex -12.0289 -30.5888 5
      vertex 1.03105 -27.7951 5
      vertex 1 -26.8468 5
    endloop
  endfacet
  facet normal 0 0 1
    outer loop
      vertex 1.49408 -30.5997 5
      vertex -12 -31.1769 5
      vertex -12.0289 -31.765 5
    endloop
  endfacet
  facet normal 0 0 1
    outer loop
      vertex -12.0289 -30.5888 5
      vertex 1.12405 -24.9542 5
      vertex 1.27861 -24.018 5
    endloop
  endfacet
  facet normal 0 0 1
    outer loop
      vertex -12.0289 -30.5888 5
      vertex -5.35757 -12.9343 5
      vertex -6.59955 -12.3469 5
    endloop
  endfacet
  facet normal 0 0 1
    outer loop
      vertex -12.0289 -30.5888 5
      vertex -6.59955 -12.3469 5
      vertex -7.77798 -11.6406 5
    endloop
  endfacet
  facet normal 0 0 1
    outer loop
      vertex 1.49408 -30.5997 5
      vertex -12.0289 -31.765 5
      vertex -12.1153 -32.3475 5
    endloop
  endfacet
  facet normal 0 0 1
    outer loop
      vertex -12.0289 -30.5888 5
      vertex -7.77798 -11.6406 5
      vertex -8.88151 -10.8221 5
    endloop
  endfacet
  facet normal 0 0 1
    outer loop
      vertex -12.0289 -30.5888 5
      vertex -8.88151 -10.8221 5
      vertex -9.89949 -9.89949 5
    endloop
  endfacet
  facet normal 0 0 1
    outer loop
      vertex -12.0289 -30.5888 5
      vertex -9.89949 -9.89949 5
      vertex -10.8221 -8.88151 5
    endloop
  endfacet
  facet normal 0 0 1
    outer loop
      vertex -16.2583 -25.4353 5
      vertex -10.8221 -8.88151 5
      vertex -11.6406 -7.77798 5
    endloop
  endfacet
  facet normal 0 0 1
    outer loop
      vertex 2.94263 -34.0968 5
      vertex -4.21474 -42.7929 5
      vertex 0 -43 5
    endloop
  endfacet
  facet normal 0 0 1
    outer loop
      vertex 1.76951 -31.5077 5
      vertex -12.1153 -32.3475 5
      vertex -12.2584 -32.9186 5
    endloop
  endfacet
  facet normal 0 0 1
    outer loop
      vertex 2.10375 -32.3957 5
      vertex -12.2584 -32.9186 5
      vertex -4.21474 -42.7929 5
    endloop
  endfacet
  facet normal 0 0 1
    outer loop
      vertex -4.21474 -42.7929 5
      vertex -12.2584 -32.9186 5
      vertex -8.38888 -42.1738 5
    endloop
  endfacet
  facet normal -0 0 1
    outer loop
      vertex -12.4567 -33.473 5
      vertex -8.38888 -42.1738 5
      vertex -12.2584 -32.9186 5
    endloop
  endfacet
  facet normal -0 0 1
    outer loop
      vertex -12.7085 -34.0053 5
      vertex -8.38888 -42.1738 5
      vertex -12.4567 -33.473 5
    endloop
  endfacet
  facet normal -0 0 1
    outer loop
      vertex -13.0112 -34.5103 5
      vertex -8.38888 -42.1738 5
      vertex -12.7085 -34.0053 5
    endloop
  endfacet
  facet normal 0 0 1
    outer loop
      vertex -8.38888 -42.1738 5
      vertex -13.0112 -34.5103 5
      vertex -12.4822 -41.1484 5
    endloop
  endfacet
  facet normal -0 0 1
    outer loop
      vertex -13.3619 -34.9833 5
      vertex -12.4822 -41.1484 5
      vertex -13.0112 -34.5103 5
    endloop
  endfacet
  facet normal -0 0 1
    outer loop
      vertex -13.7574 -35.4196 5
      vertex -12.4822 -41.1484 5
      vertex -13.3619 -34.9833 5
    endloop
  endfacet
  facet normal -0 0 1
    outer loop
      vertex -14.1936 -35.815 5
      vertex -12.4822 -41.1484 5
      vertex -13.7574 -35.4196 5
    endloop
  endfacet
  facet normal -0 0 1
    outer loop
      vertex -14.6666 -36.1657 5
      vertex -12.4822 -41.1484 5
      vertex -14.1936 -35.815 5
    endloop
  endfacet
  facet normal -0 0 1
    outer loop
      vertex -15.1716 -36.4684 5
      vertex -12.4822 -41.1484 5
      vertex -14.6666 -36.1657 5
    endloop
  endfacet
  facet normal 0 0 1
    outer loop
      vertex -16.4554 -39.7268 5
      vertex -15.1716 -36.4684 5
      vertex -15.7039 -36.7202 5
    endloop
  endfacet
  facet normal 0 0 1
    outer loop
      vertex -16.4554 -39.7268 5
      vertex -15.7039 -36.7202 5
      vertex -16.2583 -36.9186 5
    endloop
  endfacet
  facet normal 0 0 1
    outer loop
      vertex -15.1716 -36.4684 5
      vertex -16.4554 -39.7268 5
      vertex -12.4822 -41.1484 5
    endloop
  endfacet
  facet normal -0 0 1
    outer loop
      vertex -16.8295 -37.0616 5
      vertex -16.4554 -39.7268 5
      vertex -16.2583 -36.9186 5
    endloop
  endfacet
  facet normal -0 0 1
    outer loop
      vertex -17.4119 -37.148 5
      vertex -16.4554 -39.7268 5
      vertex -16.8295 -37.0616 5
    endloop
  endfacet
  facet normal -0 0 1
    outer loop
      vertex -18 -37.1769 5
      vertex -16.4554 -39.7268 5
      vertex -17.4119 -37.148 5
    endloop
  endfacet
  facet normal 0 0 1
    outer loop
      vertex -18.5881 -37.148 5
      vertex -16.4554 -39.7268 5
      vertex -18 -37.1769 5
    endloop
  endfacet
  facet normal 0 0 1
    outer loop
      vertex -20.2701 -37.9226 5
      vertex -18.5881 -37.148 5
      vertex -19.1705 -37.0616 5
    endloop
  endfacet
  facet normal 0 0 1
    outer loop
      vertex -20.2701 -37.9226 5
      vertex -19.1705 -37.0616 5
      vertex -19.7417 -36.9186 5
    endloop
  endfacet
  facet normal 0 0 1
    outer loop
      vertex -18.5881 -37.148 5
      vertex -20.2701 -37.9226 5
      vertex -16.4554 -39.7268 5
    endloop
  endfacet
  facet normal 0 0 1
    outer loop
      vertex -20.2961 -36.7202 5
      vertex -20.2701 -37.9226 5
      vertex -19.7417 -36.9186 5
    endloop
  endfacet
  facet normal 0 0 1
    outer loop
      vertex -20.8284 -36.4684 5
      vertex -20.2701 -37.9226 5
      vertex -20.2961 -36.7202 5
    endloop
  endfacet
  facet normal 0 0 1
    outer loop
      vertex -21.3334 -36.1657 5
      vertex -20.2701 -37.9226 5
      vertex -20.8284 -36.4684 5
    endloop
  endfacet
  facet normal 0 0 1
    outer loop
      vertex -23.8895 -35.7532 5
      vertex -21.3334 -36.1657 5
      vertex -21.8064 -35.815 5
    endloop
  endfacet
  facet normal -0 0 1
    outer loop
      vertex -23.8895 -35.7532 5
      vertex -21.8064 -35.815 5
      vertex -22.2426 -35.4196 5
    endloop
  endfacet
  facet normal 0 0 1
    outer loop
      vertex -23.8895 -35.7532 5
      vertex -22.2426 -35.4196 5
      vertex -22.6381 -34.9833 5
    endloop
  endfacet
  facet normal 0 0 1
    outer loop
      vertex -21.3334 -36.1657 5
      vertex -23.8895 -35.7532 5
      vertex -20.2701 -37.9226 5
    endloop
  endfacet
  facet normal 0 0 1
    outer loop
      vertex -22.9888 -34.5103 5
      vertex -23.8895 -35.7532 5
      vertex -22.6381 -34.9833 5
    endloop
  endfacet
  facet normal 0 0 1
    outer loop
      vertex -23.2915 -34.0053 5
      vertex -23.8895 -35.7532 5
      vertex -22.9888 -34.5103 5
    endloop
  endfacet
  facet normal 0 0 1
    outer loop
      vertex -23.5433 -33.473 5
      vertex -23.8895 -35.7532 5
      vertex -23.2915 -34.0053 5
    endloop
  endfacet
  facet normal -0 0 1
    outer loop
      vertex -27.2789 -33.2394 5
      vertex -23.5433 -33.473 5
      vertex -23.7416 -32.9186 5
    endloop
  endfacet
  facet normal 0 0 1
    outer loop
      vertex -27.2789 -33.2394 5
      vertex -23.7416 -32.9186 5
      vertex -23.8847 -32.3475 5
    endloop
  endfacet
  facet normal 0 0 1
    outer loop
      vertex -27.2789 -33.2394 5
      vertex -23.8847 -32.3475 5
      vertex -23.9711 -31.765 5
    endloop
  endfacet
  facet normal 0 0 1
    outer loop
      vertex -27.2789 -33.2394 5
      vertex -23.9711 -31.765 5
      vertex -24 -31.1769 5
    endloop
  endfacet
  facet normal 0 -0 1
    outer loop
      vertex -30.4056 -30.4056 5
      vertex -23.2915 -28.3485 5
      vertex -33.2394 -27.2789 5
    endloop
  endfacet
  facet normal 0 0 1
    outer loop
      vertex -23.2915 -28.3485 5
      vertex -30.4056 -30.4056 5
      vertex -23.5433 -28.8808 5
    endloop
  endfacet
  facet normal 0 0 1
    outer loop
      vertex -23.5433 -28.8808 5
      vertex -30.4056 -30.4056 5
      vertex -23.7416 -29.4352 5
    endloop
  endfacet
  facet normal 0 0 1
    outer loop
      vertex -23.7416 -29.4352 5
      vertex -30.4056 -30.4056 5
      vertex -23.8847 -30.0064 5
    endloop
  endfacet
  facet normal 0 0 1
    outer loop
      vertex -23.5433 -33.473 5
      vertex -27.2789 -33.2394 5
      vertex -23.8895 -35.7532 5
    endloop
  endfacet
  facet normal 0 0 1
    outer loop
      vertex -23.8847 -30.0064 5
      vertex -30.4056 -30.4056 5
      vertex -23.9711 -30.5888 5
    endloop
  endfacet
  facet normal 0 0 1
    outer loop
      vertex -22.9888 -27.8435 5
      vertex -33.2394 -27.2789 5
      vertex -23.2915 -28.3485 5
    endloop
  endfacet
  facet normal 0 0 1
    outer loop
      vertex -33.2394 -27.2789 5
      vertex -29.1074 -14.3759 5
      vertex -30.0517 -14.469 5
    endloop
  endfacet
  facet normal 0 0 1
    outer loop
      vertex -23.9711 -30.5888 5
      vertex -27.2789 -33.2394 5
      vertex -24 -31.1769 5
    endloop
  endfacet
  facet normal 0 0 1
    outer loop
      vertex -35.7532 -23.8895 5
      vertex -30.0517 -14.469 5
      vertex -31 -14.5 5
    endloop
  endfacet
  facet normal 0 0 1
    outer loop
      vertex -35.7532 -23.8895 5
      vertex -31 -14.5 5
      vertex -31.9483 -14.469 5
    endloop
  endfacet
  facet normal 0 0 1
    outer loop
      vertex -37.9226 -20.2701 5
      vertex -31.9483 -14.469 5
      vertex -32.8926 -14.3759 5
    endloop
  endfacet
  facet normal 0 -0 1
    outer loop
      vertex -27.2789 -33.2394 5
      vertex -23.9711 -30.5888 5
      vertex -30.4056 -30.4056 5
    endloop
  endfacet
  facet normal 0 0 1
    outer loop
      vertex -37.9226 -20.2701 5
      vertex -32.8926 -14.3759 5
      vertex -33.8288 -14.2214 5
    endloop
  endfacet
  facet normal 0 0 1
    outer loop
      vertex -37.9226 -20.2701 5
      vertex -33.8288 -14.2214 5
      vertex -34.7529 -14.0059 5
    endloop
  endfacet
  facet normal 0 0 1
    outer loop
      vertex -37.9226 -20.2701 5
      vertex -34.7529 -14.0059 5
      vertex -35.6609 -13.7305 5
    endloop
  endfacet
  facet normal 0 0 1
    outer loop
      vertex -30.0517 -14.469 5
      vertex -35.7532 -23.8895 5
      vertex -33.2394 -27.2789 5
    endloop
  endfacet
  facet normal 0 0 1
    outer loop
      vertex -37.9226 -20.2701 5
      vertex -35.6609 -13.7305 5
      vertex -36.5489 -13.3963 5
    endloop
  endfacet
  facet normal 0 0 1
    outer loop
      vertex -37.9226 -20.2701 5
      vertex -36.5489 -13.3963 5
      vertex -37.4132 -13.0047 5
    endloop
  endfacet
  facet normal 0 0 1
    outer loop
      vertex -31.9483 -14.469 5
      vertex -37.9226 -20.2701 5
      vertex -35.7532 -23.8895 5
    endloop
  endfacet
  facet normal 0 0 1
    outer loop
      vertex -38.25 -12.5574 5
      vertex -37.9226 -20.2701 5
      vertex -37.4132 -13.0047 5
    endloop
  endfacet
  facet normal 0 0 1
    outer loop
      vertex -39.0558 -12.0563 5
      vertex -37.9226 -20.2701 5
      vertex -38.25 -12.5574 5
    endloop
  endfacet
  facet normal 0 0 1
    outer loop
      vertex -39.827 -11.5036 5
      vertex -37.9226 -20.2701 5
      vertex -39.0558 -12.0563 5
    endloop
  endfacet
  facet normal 0 0 1
    outer loop
      vertex -40.5605 -10.9017 5
      vertex -37.9226 -20.2701 5
      vertex -39.827 -11.5036 5
    endloop
  endfacet
  facet normal 0 0 1
    outer loop
      vertex -41.253 -10.253 5
      vertex -37.9226 -20.2701 5
      vertex -40.5605 -10.9017 5
    endloop
  endfacet
  facet normal 0 0 1
    outer loop
      vertex -41.9017 -9.56051 5
      vertex -37.9226 -20.2701 5
      vertex -41.253 -10.253 5
    endloop
  endfacet
  facet normal 0 0 1
    outer loop
      vertex -44.6698 -7.30664 5
      vertex -41.9017 -9.56051 5
      vertex -42.5036 -8.82704 5
    endloop
  endfacet
  facet normal 0 0 1
    outer loop
      vertex -44.6698 -7.30664 5
      vertex -42.5036 -8.82704 5
      vertex -43.0563 -8.05577 5
    endloop
  endfacet
  facet normal -0 0 1
    outer loop
      vertex -44.6698 -7.30664 5
      vertex -43.0563 -8.05577 5
      vertex -43.5574 -7.25 5
    endloop
  endfacet
  facet normal 0 0 1
    outer loop
      vertex -44.6698 -7.30664 5
      vertex -43.5574 -7.25 5
      vertex -44.0047 -6.41319 5
    endloop
  endfacet
  facet normal -0 0 1
    outer loop
      vertex -45.3201 -5.93158 5
      vertex -44.0047 -6.41319 5
      vertex -44.3963 -5.54891 5
    endloop
  endfacet
  facet normal 0 0 1
    outer loop
      vertex -41.9017 -9.56051 5
      vertex -44.6698 -7.30664 5
      vertex -37.9226 -20.2701 5
    endloop
  endfacet
  facet normal 0 0 1
    outer loop
      vertex -45.3201 -5.93158 5
      vertex -44.3963 -5.54891 5
      vertex -44.7305 -4.66087 5
    endloop
  endfacet
  facet normal -0 0 1
    outer loop
      vertex -45.8326 -4.4994 5
      vertex -44.7305 -4.66087 5
      vertex -45.0059 -3.75288 5
    endloop
  endfacet
  facet normal -0 0 1
    outer loop
      vertex -46.2022 -3.0239 5
      vertex -45.0059 -3.75288 5
      vertex -45.2214 -2.82881 5
    endloop
  endfacet
  facet normal 0 0 1
    outer loop
      vertex -44.0047 -6.41319 5
      vertex -45.3201 -5.93158 5
      vertex -44.6698 -7.30664 5
    endloop
  endfacet
  facet normal 0 0 1
    outer loop
      vertex -46.2022 -3.0239 5
      vertex -45.2214 -2.82881 5
      vertex -45.3759 -1.89263 5
    endloop
  endfacet
  facet normal -0 0 1
    outer loop
      vertex -46.4254 -1.51926 5
      vertex -45.3759 -1.89263 5
      vertex -45.469 -0.948345 5
    endloop
  endfacet
  facet normal -0 0 1
    outer loop
      vertex -46.5 0 5
      vertex -45.469 -0.948345 5
      vertex -45.5 0 5
    endloop
  endfacet
  facet normal 0 0 1
    outer loop
      vertex -45.3759 1.89263 5
      vertex -46.4254 1.51926 5
      vertex -45.469 0.948345 5
    endloop
  endfacet
  facet normal 0 0 1
    outer loop
      vertex -44.7305 -4.66087 5
      vertex -45.8326 -4.4994 5
      vertex -45.3201 -5.93158 5
    endloop
  endfacet
  facet normal 0 0 1
    outer loop
      vertex -46.5 0 5
      vertex -45.469 0.948345 5
      vertex -46.4254 1.51926 5
    endloop
  endfacet
  facet normal 0 0 1
    outer loop
      vertex -45.0059 -3.75288 5
      vertex -46.2022 -3.0239 5
      vertex -45.8326 -4.4994 5
    endloop
  endfacet
  facet normal 0 0 1
    outer loop
      vertex -45.469 0.948345 5
      vertex -46.5 0 5
      vertex -45.5 0 5
    endloop
  endfacet
  facet normal 0 0 1
    outer loop
      vertex -45.3759 -1.89263 5
      vertex -46.4254 -1.51926 5
      vertex -46.2022 -3.0239 5
    endloop
  endfacet
  facet normal 0 0 1
    outer loop
      vertex -45.469 -0.948345 5
      vertex -46.5 0 5
      vertex -46.4254 -1.51926 5
    endloop
  endfacet
  facet normal -0 0 1
    outer loop
      vertex 29.7214 24.018 5
      vertex 35.7532 23.8895 5
      vertex 29.8759 24.9542 5
    endloop
  endfacet
  facet normal 0 0 1
    outer loop
      vertex 29.5059 23.0939 5
      vertex 35.7532 23.8895 5
      vertex 29.7214 24.018 5
    endloop
  endfacet
  facet normal 0 0 1
    outer loop
      vertex 29.2305 22.1859 5
      vertex 35.7532 23.8895 5
      vertex 29.5059 23.0939 5
    endloop
  endfacet
  facet normal 0 0 1
    outer loop
      vertex 35.7532 -23.8895 5
      vertex 29.969 -25.8984 5
      vertex 30 -26.8468 5
    endloop
  endfacet
  facet normal 0 0 1
    outer loop
      vertex 28.8963 21.2979 5
      vertex 35.7532 23.8895 5
      vertex 29.2305 22.1859 5
    endloop
  endfacet
  facet normal 0 0 1
    outer loop
      vertex 30.0289 -0.588102 5
      vertex 29.8759 -24.9542 5
      vertex 29.969 -25.8984 5
    endloop
  endfacet
  facet normal 0 0 1
    outer loop
      vertex 37.9226 20.2701 5
      vertex 28.8963 21.2979 5
      vertex 28.5047 20.4336 5
    endloop
  endfacet
  facet normal 0 0 1
    outer loop
      vertex 30.0289 -0.588102 5
      vertex 29.7214 -24.018 5
      vertex 29.8759 -24.9542 5
    endloop
  endfacet
  facet normal 0 0 1
    outer loop
      vertex 37.9226 20.2701 5
      vertex 28.5047 20.4336 5
      vertex 28.0574 19.5968 5
    endloop
  endfacet
  facet normal 0 0 1
    outer loop
      vertex 30.0289 -0.588102 5
      vertex 29.5059 -23.0939 5
      vertex 29.7214 -24.018 5
    endloop
  endfacet
  facet normal 0 0 1
    outer loop
      vertex 34.2583 5.74164 5
      vertex 26.4017 17.2863 5
      vertex 33.7039 5.54328 5
    endloop
  endfacet
  facet normal 0 0 1
    outer loop
      vertex 30.0289 -0.588102 5
      vertex 29.2305 -22.1859 5
      vertex 29.5059 -23.0939 5
    endloop
  endfacet
  facet normal 0 0 1
    outer loop
      vertex 32.1936 4.63806 5
      vertex 23.5558 14.7905 5
      vertex 31.7574 4.24264 5
    endloop
  endfacet
  facet normal 0 0 1
    outer loop
      vertex 30.0289 -0.588102 5
      vertex 28.8963 -21.2979 5
      vertex 29.2305 -22.1859 5
    endloop
  endfacet
  facet normal -0 0 1
    outer loop
      vertex 22.75 14.2894 5
      vertex 31.7574 4.24264 5
      vertex 23.5558 14.7905 5
    endloop
  endfacet
  facet normal 0 0 1
    outer loop
      vertex 30.0289 -0.588102 5
      vertex 28.5047 -20.4336 5
      vertex 28.8963 -21.2979 5
    endloop
  endfacet
  facet normal 0 0 1
    outer loop
      vertex 31.7574 4.24264 5
      vertex 22.75 14.2894 5
      vertex 31.3619 3.80636 5
    endloop
  endfacet
  facet normal 0 0 1
    outer loop
      vertex 30.0289 -0.588102 5
      vertex 28.0574 -19.5968 5
      vertex 28.5047 -20.4336 5
    endloop
  endfacet
  facet normal -0 0 1
    outer loop
      vertex 21.9132 13.8421 5
      vertex 31.3619 3.80636 5
      vertex 22.75 14.2894 5
    endloop
  endfacet
  facet normal 0 0 1
    outer loop
      vertex 30.0289 -0.588102 5
      vertex 27.5563 -18.791 5
      vertex 28.0574 -19.5968 5
    endloop
  endfacet
  facet normal 0 0 1
    outer loop
      vertex 31.3619 3.80636 5
      vertex 21.9132 13.8421 5
      vertex 31.0112 3.33342 5
    endloop
  endfacet
  facet normal 0 0 1
    outer loop
      vertex 30.0289 -0.588102 5
      vertex 27.0036 -18.0197 5
      vertex 27.5563 -18.791 5
    endloop
  endfacet
  facet normal 0 0 1
    outer loop
      vertex 31.0112 3.33342 5
      vertex 21.9132 13.8421 5
      vertex 30.7085 2.82838 5
    endloop
  endfacet
  facet normal 0 0 1
    outer loop
      vertex 30.0289 -0.588102 5
      vertex 26.4017 -17.2863 5
      vertex 27.0036 -18.0197 5
    endloop
  endfacet
  facet normal -0 0 1
    outer loop
      vertex 21.0489 13.4505 5
      vertex 30.7085 2.82838 5
      vertex 21.9132 13.8421 5
    endloop
  endfacet
  facet normal 0 0 1
    outer loop
      vertex 30.0289 -0.588102 5
      vertex 25.753 -16.5937 5
      vertex 26.4017 -17.2863 5
    endloop
  endfacet
  facet normal 0 0 1
    outer loop
      vertex 30.7085 2.82838 5
      vertex 21.0489 13.4505 5
      vertex 30.4567 2.2961 5
    endloop
  endfacet
  facet normal 0 0 1
    outer loop
      vertex 30.0289 -0.588102 5
      vertex 25.0605 -15.9451 5
      vertex 25.753 -16.5937 5
    endloop
  endfacet
  facet normal -0 0 1
    outer loop
      vertex 20.1609 13.1163 5
      vertex 30.4567 2.2961 5
      vertex 21.0489 13.4505 5
    endloop
  endfacet
  facet normal 0 0 1
    outer loop
      vertex 30.0289 -0.588102 5
      vertex 24.327 -15.3432 5
      vertex 25.0605 -15.9451 5
    endloop
  endfacet
  facet normal 0 0 1
    outer loop
      vertex 30.4567 2.2961 5
      vertex 20.1609 13.1163 5
      vertex 30.2584 1.74171 5
    endloop
  endfacet
  facet normal 0 0 1
    outer loop
      vertex 30.0289 -0.588102 5
      vertex 23.5558 -14.7905 5
      vertex 24.327 -15.3432 5
    endloop
  endfacet
  facet normal -0 0 1
    outer loop
      vertex 13.731 2.73126 5
      vertex 30.2584 1.74171 5
      vertex 20.1609 13.1163 5
    endloop
  endfacet
  facet normal 0 0 1
    outer loop
      vertex 30.0289 -0.588102 5
      vertex 22.75 -14.2894 5
      vertex 23.5558 -14.7905 5
    endloop
  endfacet
  facet normal 0 0 1
    outer loop
      vertex 30.2584 1.74171 5
      vertex 13.731 2.73126 5
      vertex 30.1153 1.17054 5
    endloop
  endfacet
  facet normal 0 0 1
    outer loop
      vertex 13.9326 -1.37224 5
      vertex 30.0289 -0.588102 5
      vertex 14 0 5
    endloop
  endfacet
  facet normal -0 -0 1
    outer loop
      vertex 13.9326 1.37224 5
      vertex 30.1153 1.17054 5
      vertex 13.731 2.73126 5
    endloop
  endfacet
  facet normal 0 0 1
    outer loop
      vertex 30.0289 -0.588102 5
      vertex 21.9132 -13.8421 5
      vertex 22.75 -14.2894 5
    endloop
  endfacet
  facet normal 0 0 1
    outer loop
      vertex 30.1153 1.17054 5
      vertex 13.9326 1.37224 5
      vertex 30.0289 0.588102 5
    endloop
  endfacet
  facet normal 0 0 1
    outer loop
      vertex 30.0289 -0.588102 5
      vertex 21.0489 -13.4505 5
      vertex 21.9132 -13.8421 5
    endloop
  endfacet
  facet normal 0 0 1
    outer loop
      vertex 13.731 2.73126 5
      vertex 20.1609 13.1163 5
      vertex 19.2529 12.8409 5
    endloop
  endfacet
  facet normal 0 0 1
    outer loop
      vertex 30.0289 -0.588102 5
      vertex 20.1609 -13.1163 5
      vertex 21.0489 -13.4505 5
    endloop
  endfacet
  facet normal 0 0 1
    outer loop
      vertex 13.3972 4.06398 5
      vertex 19.2529 12.8409 5
      vertex 18.3288 12.6254 5
    endloop
  endfacet
  facet normal 0 0 1
    outer loop
      vertex 30.0289 -0.588102 5
      vertex 19.2529 -12.8409 5
      vertex 20.1609 -13.1163 5
    endloop
  endfacet
  facet normal 0 0 1
    outer loop
      vertex 13.3972 4.06398 5
      vertex 18.3288 12.6254 5
      vertex 17.3926 12.4708 5
    endloop
  endfacet
  facet normal 0 0 1
    outer loop
      vertex 13.731 -2.73126 5
      vertex 30.0289 -0.588102 5
      vertex 13.9326 -1.37224 5
    endloop
  endfacet
  facet normal 0 0 1
    outer loop
      vertex 12.9343 5.35757 5
      vertex 17.3926 12.4708 5
      vertex 16.4483 12.3778 5
    endloop
  endfacet
  facet normal 0 0 1
    outer loop
      vertex 30.0289 -0.588102 5
      vertex 13.731 -2.73126 5
      vertex 19.2529 -12.8409 5
    endloop
  endfacet
  facet normal 0 0 1
    outer loop
      vertex 12.3469 6.59955 5
      vertex 16.4483 12.3778 5
      vertex 15.5 12.3468 5
    endloop
  endfacet
  facet normal -0 0 1
    outer loop
      vertex 13.3972 -4.06398 5
      vertex 19.2529 -12.8409 5
      vertex 13.731 -2.73126 5
    endloop
  endfacet
  facet normal 0 0 1
    outer loop
      vertex 12.3469 6.59955 5
      vertex 15.5 12.3468 5
      vertex 14.5517 12.3778 5
    endloop
  endfacet
  facet normal 0 0 1
    outer loop
      vertex 19.2529 -12.8409 5
      vertex 13.3972 -4.06398 5
      vertex 18.3288 -12.6254 5
    endloop
  endfacet
  facet normal 0 0 1
    outer loop
      vertex 18.3288 -12.6254 5
      vertex 13.3972 -4.06398 5
      vertex 17.3926 -12.4708 5
    endloop
  endfacet
  facet normal 0 0 1
    outer loop
      vertex 30.0289 0.588102 5
      vertex 14 0 5
      vertex 30 0 5
    endloop
  endfacet
  facet normal 0 -0 1
    outer loop
      vertex 14 0 5
      vertex 30.0289 0.588102 5
      vertex 13.9326 1.37224 5
    endloop
  endfacet
  facet normal 0 0 1
    outer loop
      vertex 11.6406 7.77798 5
      vertex 14.5517 12.3778 5
      vertex 13.6074 12.4708 5
    endloop
  endfacet
  facet normal 0 0 1
    outer loop
      vertex 19.2529 12.8409 5
      vertex 13.3972 4.06398 5
      vertex 13.731 2.73126 5
    endloop
  endfacet
  facet normal 0 0 1
    outer loop
      vertex 17.3926 12.4708 5
      vertex 12.9343 5.35757 5
      vertex 13.3972 4.06398 5
    endloop
  endfacet
  facet normal 0 0 1
    outer loop
      vertex 10.8221 8.88151 5
      vertex 13.6074 12.4708 5
      vertex 12.6712 12.6254 5
    endloop
  endfacet
  facet normal 0 0 1
    outer loop
      vertex 16.4483 12.3778 5
      vertex 12.3469 6.59955 5
      vertex 12.9343 5.35757 5
    endloop
  endfacet
  facet normal 0 0 1
    outer loop
      vertex 9.89949 9.89949 5
      vertex 12.6712 12.6254 5
      vertex 11.7471 12.8409 5
    endloop
  endfacet
  facet normal 0 0 1
    outer loop
      vertex 14.5517 12.3778 5
      vertex 11.6406 7.77798 5
      vertex 12.3469 6.59955 5
    endloop
  endfacet
  facet normal 0 0 1
    outer loop
      vertex 9.89949 9.89949 5
      vertex 11.7471 12.8409 5
      vertex 10.8391 13.1163 5
    endloop
  endfacet
  facet normal 0 0 1
    outer loop
      vertex 13.6074 12.4708 5
      vertex 10.8221 8.88151 5
      vertex 11.6406 7.77798 5
    endloop
  endfacet
  facet normal 0 0 1
    outer loop
      vertex 8.88151 10.8221 5
      vertex 10.8391 13.1163 5
      vertex 9.95109 13.4505 5
    endloop
  endfacet
  facet normal 0 0 1
    outer loop
      vertex 12.6712 12.6254 5
      vertex 9.89949 9.89949 5
      vertex 10.8221 8.88151 5
    endloop
  endfacet
  facet normal 0 0 1
    outer loop
      vertex 7.77798 11.6406 5
      vertex 9.95109 13.4505 5
      vertex 9.08681 13.8421 5
    endloop
  endfacet
  facet normal 0 0 1
    outer loop
      vertex 10.8391 13.1163 5
      vertex 8.88151 10.8221 5
      vertex 9.89949 9.89949 5
    endloop
  endfacet
  facet normal 0 0 1
    outer loop
      vertex 7.77798 11.6406 5
      vertex 9.08681 13.8421 5
      vertex 8.25 14.2894 5
    endloop
  endfacet
  facet normal 0 0 1
    outer loop
      vertex 9.95109 13.4505 5
      vertex 7.77798 11.6406 5
      vertex 8.88151 10.8221 5
    endloop
  endfacet
  facet normal 0 0 1
    outer loop
      vertex 6.59955 12.3469 5
      vertex 8.25 14.2894 5
      vertex 7.44423 14.7905 5
    endloop
  endfacet
  facet normal 0 0 1
    outer loop
      vertex 5.35757 12.9343 5
      vertex 7.44423 14.7905 5
      vertex 6.67296 15.3432 5
    endloop
  endfacet
  facet normal 0 0 1
    outer loop
      vertex 8.25 14.2894 5
      vertex 6.59955 12.3469 5
      vertex 7.77798 11.6406 5
    endloop
  endfacet
  facet normal 0 0 1
    outer loop
      vertex 5.35757 12.9343 5
      vertex 6.67296 15.3432 5
      vertex 5.93949 15.9451 5
    endloop
  endfacet
  facet normal 0 0 1
    outer loop
      vertex 7.44423 14.7905 5
      vertex 5.35757 12.9343 5
      vertex 6.59955 12.3469 5
    endloop
  endfacet
  facet normal 0 0 1
    outer loop
      vertex 4.06398 13.3972 5
      vertex 5.93949 15.9451 5
      vertex 5.24695 16.5937 5
    endloop
  endfacet
  facet normal 0 0 1
    outer loop
      vertex 2.73126 13.731 5
      vertex 5.24695 16.5937 5
      vertex 4.59832 17.2863 5
    endloop
  endfacet
  facet normal 0 0 1
    outer loop
      vertex 5.93949 15.9451 5
      vertex 4.06398 13.3972 5
      vertex 5.35757 12.9343 5
    endloop
  endfacet
  facet normal 0 0 1
    outer loop
      vertex 1.5 14 5
      vertex 4.59832 17.2863 5
      vertex 3.99638 18.0197 5
    endloop
  endfacet
  facet normal 0 0 1
    outer loop
      vertex 1.5 14 5
      vertex 3.99638 18.0197 5
      vertex 3.44369 18.791 5
    endloop
  endfacet
  facet normal 0 0 1
    outer loop
      vertex 1.5 14 5
      vertex 3.44369 18.791 5
      vertex 2.94263 19.5968 5
    endloop
  endfacet
  facet normal 0 0 1
    outer loop
      vertex 5.24695 16.5937 5
      vertex 2.73126 13.731 5
      vertex 4.06398 13.3972 5
    endloop
  endfacet
  facet normal 0 0 1
    outer loop
      vertex 1.5 14 5
      vertex 2.94263 19.5968 5
      vertex 2.49535 20.4336 5
    endloop
  endfacet
  facet normal 0 0 1
    outer loop
      vertex 1.5 14 5
      vertex 2.49535 20.4336 5
      vertex 2.10375 21.2979 5
    endloop
  endfacet
  facet normal 0 0 1
    outer loop
      vertex 1.5 14 5
      vertex 2.10375 21.2979 5
      vertex 1.76951 22.1859 5
    endloop
  endfacet
  facet normal 0 0 1
    outer loop
      vertex 4.59832 17.2863 5
      vertex 1.5 14 5
      vertex 2.73126 13.731 5
    endloop
  endfacet
  facet normal 0 0 1
    outer loop
      vertex 2.73126 13.731 5
      vertex 1.5 14 5
      vertex 1.48885 13.9153 5
    endloop
  endfacet
  facet normal 0.336919 -0.941534 0
    outer loop
      vertex 19.9994 -41.6794 0
      vertex 21.4316 -41.1669 5
      vertex 19.9994 -41.6794 5
    endloop
  endfacet
  facet normal 0.336919 -0.941534 0
    outer loop
      vertex 21.4316 -41.1669 5
      vertex 19.9994 -41.6794 0
      vertex 21.4316 -41.1669 0
    endloop
  endfacet
  facet normal 0.970027 -0.242997 0
    outer loop
      vertex 41.1484 -12.4822 5
      vertex 42.1738 -8.38888 0
      vertex 42.1738 -8.38888 5
    endloop
  endfacet
  facet normal 0.970027 -0.242997 0
    outer loop
      vertex 42.1738 -8.38888 0
      vertex 41.1484 -12.4822 5
      vertex 41.1484 -12.4822 0
    endloop
  endfacet
  facet normal 0.903991 -0.427551 0
    outer loop
      vertex 37.9226 -20.2701 5
      vertex 39.7268 -16.4554 0
      vertex 39.7268 -16.4554 5
    endloop
  endfacet
  facet normal 0.903991 -0.427551 0
    outer loop
      vertex 39.7268 -16.4554 0
      vertex 37.9226 -20.2701 5
      vertex 37.9226 -20.2701 0
    endloop
  endfacet
  facet normal -0.97003 0.242984 0
    outer loop
      vertex -46.2022 3.0239 0
      vertex -45.8326 4.4994 5
      vertex -45.8326 4.4994 0
    endloop
  endfacet
  facet normal -0.97003 0.242984 0
    outer loop
      vertex -45.8326 4.4994 5
      vertex -46.2022 3.0239 0
      vertex -46.2022 3.0239 5
    endloop
  endfacet
  facet normal -0.989176 0.146735 0
    outer loop
      vertex -46.4254 1.51926 0
      vertex -46.2022 3.0239 5
      vertex -46.2022 3.0239 0
    endloop
  endfacet
  facet normal -0.989176 0.146735 0
    outer loop
      vertex -46.2022 3.0239 5
      vertex -46.4254 1.51926 0
      vertex -46.4254 1.51926 5
    endloop
  endfacet
  facet normal -0.336883 -0.941547 0
    outer loop
      vertex -16.4554 -39.7268 0
      vertex -12.4822 -41.1484 5
      vertex -16.4554 -39.7268 5
    endloop
  endfacet
  facet normal -0.336883 -0.941547 -0
    outer loop
      vertex -12.4822 -41.1484 5
      vertex -16.4554 -39.7268 0
      vertex -12.4822 -41.1484 0
    endloop
  endfacet
  facet normal -0.0490779 -0.998795 0
    outer loop
      vertex -4.21474 -42.7929 0
      vertex 0 -43 5
      vertex -4.21474 -42.7929 5
    endloop
  endfacet
  facet normal -0.0490779 -0.998795 -0
    outer loop
      vertex 0 -43 5
      vertex -4.21474 -42.7929 0
      vertex 0 -43 0
    endloop
  endfacet
  facet normal -0.427551 -0.903991 0
    outer loop
      vertex -20.2701 -37.9226 0
      vertex -16.4554 -39.7268 5
      vertex -20.2701 -37.9226 5
    endloop
  endfacet
  facet normal -0.427551 -0.903991 -0
    outer loop
      vertex -16.4554 -39.7268 5
      vertex -20.2701 -37.9226 0
      vertex -16.4554 -39.7268 0
    endloop
  endfacet
  facet normal 0.671576 -0.740936 0
    outer loop
      vertex 25.3331 -38.8284 0
      vertex 26.4601 -37.8069 5
      vertex 25.3331 -38.8284 5
    endloop
  endfacet
  facet normal 0.671576 -0.740936 0
    outer loop
      vertex 26.4601 -37.8069 5
      vertex 25.3331 -38.8284 0
      vertex 26.4601 -37.8069 0
    endloop
  endfacet
  facet normal 0.427541 0.903996 -0
    outer loop
      vertex 22.8066 40.5166 0
      vertex 21.4316 41.1669 5
      vertex 22.8066 40.5166 5
    endloop
  endfacet
  facet normal 0.427541 0.903996 0
    outer loop
      vertex 21.4316 41.1669 5
      vertex 22.8066 40.5166 0
      vertex 21.4316 41.1669 0
    endloop
  endfacet
  facet normal 0.146675 0.989185 -0
    outer loop
      vertex 18.5239 42.049 0
      vertex 17.0193 42.2721 5
      vertex 18.5239 42.049 5
    endloop
  endfacet
  facet normal 0.146675 0.989185 0
    outer loop
      vertex 17.0193 42.2721 5
      vertex 18.5239 42.049 0
      vertex 17.0193 42.2721 0
    endloop
  endfacet
  facet normal -0.336883 0.941547 0
    outer loop
      vertex -12.4822 41.1484 0
      vertex -16.4554 39.7268 5
      vertex -12.4822 41.1484 5
    endloop
  endfacet
  facet normal -0.336883 0.941547 0
    outer loop
      vertex -16.4554 39.7268 5
      vertex -12.4822 41.1484 0
      vertex -16.4554 39.7268 0
    endloop
  endfacet
  facet normal -0.998797 -0.0490438 0
    outer loop
      vertex -46.4254 -1.51926 0
      vertex -46.5 0 5
      vertex -46.5 0 0
    endloop
  endfacet
  facet normal -0.998797 -0.0490438 0
    outer loop
      vertex -46.5 0 5
      vertex -46.4254 -1.51926 0
      vertex -46.4254 -1.51926 5
    endloop
  endfacet
  facet normal 0.0491081 0.998793 -0
    outer loop
      vertex 17.0193 42.2721 0
      vertex 15.5 42.3468 5
      vertex 17.0193 42.2721 5
    endloop
  endfacet
  facet normal 0.0491081 0.998793 0
    outer loop
      vertex 15.5 42.3468 5
      vertex 17.0193 42.2721 0
      vertex 15.5 42.3468 0
    endloop
  endfacet
  facet normal -0.242997 -0.970027 0
    outer loop
      vertex -12.4822 -41.1484 0
      vertex -8.38888 -42.1738 5
      vertex -12.4822 -41.1484 5
    endloop
  endfacet
  facet normal -0.242997 -0.970027 -0
    outer loop
      vertex -8.38888 -42.1738 5
      vertex -12.4822 -41.1484 0
      vertex -8.38888 -42.1738 0
    endloop
  endfacet
  facet normal -0.595707 -0.803202 0
    outer loop
      vertex -27.2789 -33.2394 0
      vertex -23.8895 -35.7532 5
      vertex -27.2789 -33.2394 5
    endloop
  endfacet
  facet normal -0.595707 -0.803202 -0
    outer loop
      vertex -23.8895 -35.7532 5
      vertex -27.2789 -33.2394 0
      vertex -23.8895 -35.7532 0
    endloop
  endfacet
  facet normal 0.336919 0.941534 -0
    outer loop
      vertex 21.4316 41.1669 0
      vertex 19.9994 41.6794 5
      vertex 21.4316 41.1669 5
    endloop
  endfacet
  facet normal 0.336919 0.941534 0
    outer loop
      vertex 19.9994 41.6794 5
      vertex 21.4316 41.1669 0
      vertex 19.9994 41.6794 0
    endloop
  endfacet
  facet normal -0.671549 -0.74096 0
    outer loop
      vertex -30.4056 -30.4056 0
      vertex -27.2789 -33.2394 5
      vertex -30.4056 -30.4056 5
    endloop
  endfacet
  facet normal -0.671549 -0.74096 -0
    outer loop
      vertex -27.2789 -33.2394 5
      vertex -30.4056 -30.4056 0
      vertex -27.2789 -33.2394 0
    endloop
  endfacet
  facet normal -0.74096 -0.671549 0
    outer loop
      vertex -30.4056 -30.4056 0
      vertex -33.2394 -27.2789 5
      vertex -33.2394 -27.2789 0
    endloop
  endfacet
  facet normal -0.74096 -0.671549 0
    outer loop
      vertex -33.2394 -27.2789 5
      vertex -30.4056 -30.4056 0
      vertex -30.4056 -30.4056 5
    endloop
  endfacet
  facet normal -0.146713 0.989179 0
    outer loop
      vertex -4.21474 42.7929 0
      vertex -8.38888 42.1738 5
      vertex -4.21474 42.7929 5
    endloop
  endfacet
  facet normal -0.146713 0.989179 0
    outer loop
      vertex -8.38888 42.1738 5
      vertex -4.21474 42.7929 0
      vertex -8.38888 42.1738 0
    endloop
  endfacet
  facet normal -0.242997 0.970027 0
    outer loop
      vertex -8.38888 42.1738 0
      vertex -12.4822 41.1484 5
      vertex -8.38888 42.1738 5
    endloop
  endfacet
  facet normal -0.242997 0.970027 0
    outer loop
      vertex -12.4822 41.1484 5
      vertex -8.38888 42.1738 0
      vertex -12.4822 41.1484 0
    endloop
  endfacet
  facet normal -0.989176 -0.146735 0
    outer loop
      vertex -46.2022 -3.0239 0
      vertex -46.4254 -1.51926 5
      vertex -46.4254 -1.51926 0
    endloop
  endfacet
  facet normal -0.989176 -0.146735 0
    outer loop
      vertex -46.4254 -1.51926 5
      vertex -46.2022 -3.0239 0
      vertex -46.2022 -3.0239 5
    endloop
  endfacet
  facet normal 0.582423 -0.812886 0
    outer loop
      vertex 8.89494 35.4547 0
      vertex 9.47206 35.8682 5.8
      vertex 8.89494 35.4547 5.8
    endloop
  endfacet
  facet normal 0.582423 -0.812886 0
    outer loop
      vertex 9.47206 35.8682 5.8
      vertex 8.89494 35.4547 0
      vertex 9.47206 35.8682 0
    endloop
  endfacet
  facet normal -0.995181 -0.0980526 0
    outer loop
      vertex 26.2572 28.263 0
      vertex 26.3221 27.6043 5
      vertex 26.2572 28.263 5.8
    endloop
  endfacet
  facet normal -0.995184 -0.0980255 3.61117e-06
    outer loop
      vertex 26.3268 27.5564 0
      vertex 26.3221 27.6043 5
      vertex 26.2572 28.263 0
    endloop
  endfacet
  facet normal -0.995221 -0.0976521 0
    outer loop
      vertex 26.3221 27.6043 5
      vertex 26.3268 27.5564 0
      vertex 26.3268 27.5564 5
    endloop
  endfacet
  facet normal -0.995181 -0.0980526 0
    outer loop
      vertex 26.2572 28.263 5.8
      vertex 26.3221 27.6043 5
      vertex 26.3221 27.6043 5.8
    endloop
  endfacet
  facet normal -0.999466 -0.032677 0
    outer loop
      vertex 26.3268 27.5564 0
      vertex 26.35 26.8468 5
      vertex 26.3268 27.5564 5
    endloop
  endfacet
  facet normal -0.999466 -0.032677 0
    outer loop
      vertex 26.35 26.8468 0
      vertex 26.35 26.8468 5
      vertex 26.3268 27.5564 0
    endloop
  endfacet
  facet normal 0 0 0
    outer loop
      vertex 26.35 26.8468 5.8
      vertex 26.35 26.8468 5
      vertex 26.35 26.8468 0
    endloop
  endfacet
  facet normal -0.58237 -0.812924 0
    outer loop
      vertex 21.5279 35.8682 0
      vertex 22.1051 35.4547 5
      vertex 21.5279 35.8682 5
    endloop
  endfacet
  facet normal -0.58237 -0.812924 -0
    outer loop
      vertex 22.1051 35.4547 5
      vertex 21.5279 35.8682 0
      vertex 22.1051 35.4547 0
    endloop
  endfacet
  facet normal -0.16296 -0.986633 0
    outer loop
      vertex 16.9162 37.604 0
      vertex 17.6167 37.4883 5
      vertex 16.9162 37.604 5
    endloop
  endfacet
  facet normal -0.16296 -0.986633 -0
    outer loop
      vertex 17.6167 37.4883 5
      vertex 16.9162 37.604 0
      vertex 17.6167 37.4883 0
    endloop
  endfacet
  facet normal 0.881933 -0.471374 0
    outer loop
      vertex 5.76893 31.6456 5.8
      vertex 6.10362 32.2718 0
      vertex 6.10362 32.2718 5.8
    endloop
  endfacet
  facet normal 0.881933 -0.471374 0
    outer loop
      vertex 6.10362 32.2718 0
      vertex 5.76893 31.6456 5.8
      vertex 5.76893 31.6456 0
    endloop
  endfacet
  facet normal -0.471127 -0.882066 -0
    outer loop
      vertex 20.2988 36.5779 5
      vertex 20.2988 36.5779 0
      vertex 20.3413 36.5552 5
    endloop
  endfacet
  facet normal -0.471404 -0.881918 0
    outer loop
      vertex 20.3413 36.5552 5
      vertex 20.925 36.2432 5.8
      vertex 20.3413 36.5552 5.8
    endloop
  endfacet
  facet normal -0.471385 -0.881928 2.81958e-06
    outer loop
      vertex 20.925 36.2432 0
      vertex 20.3413 36.5552 5
      vertex 20.2988 36.5779 0
    endloop
  endfacet
  facet normal -0.471404 -0.881918 0
    outer loop
      vertex 20.3413 36.5552 5
      vertex 20.925 36.2432 0
      vertex 20.925 36.2432 5.8
    endloop
  endfacet
  facet normal 0.032677 0.999466 -0
    outer loop
      vertex 15.5 15.9968 0
      vertex 14.7904 16.02 5.8
      vertex 15.5 15.9968 5.8
    endloop
  endfacet
  facet normal 0.032677 0.999466 0
    outer loop
      vertex 14.7904 16.02 5.8
      vertex 15.5 15.9968 0
      vertex 14.7904 16.02 0
    endloop
  endfacet
  facet normal -0.910872 0.412688 0
    outer loop
      vertex 25.2311 22.048 0
      vertex 25.5241 22.6947 5.8
      vertex 25.5241 22.6947 0
    endloop
  endfacet
  facet normal -0.910872 0.412688 0
    outer loop
      vertex 25.5241 22.6947 5.8
      vertex 25.2311 22.048 0
      vertex 25.2311 22.048 5.8
    endloop
  endfacet
  facet normal 0.812829 0.582502 0
    outer loop
      vertex 6.89212 20.2417 5.8
      vertex 6.47855 20.8188 0
      vertex 6.47855 20.8188 5.8
    endloop
  endfacet
  facet normal 0.812829 0.582502 0
    outer loop
      vertex 6.47855 20.8188 0
      vertex 6.89212 20.2417 5.8
      vertex 6.89212 20.2417 0
    endloop
  endfacet
  facet normal 0.772989 -0.63442 0
    outer loop
      vertex 6.89212 33.4519 5.8
      vertex 7.34254 34.0007 0
      vertex 7.34254 34.0007 5.8
    endloop
  endfacet
  facet normal 0.772989 -0.63442 0
    outer loop
      vertex 7.34254 34.0007 0
      vertex 6.89212 33.4519 5.8
      vertex 6.89212 33.4519 0
    endloop
  endfacet
  facet normal -0.290293 0.956938 0
    outer loop
      vertex 18.9876 16.5726 0
      vertex 18.3082 16.3665 5.8
      vertex 18.9876 16.5726 5.8
    endloop
  endfacet
  facet normal -0.290293 0.956938 0
    outer loop
      vertex 18.3082 16.3665 5.8
      vertex 18.9876 16.5726 0
      vertex 18.3082 16.3665 0
    endloop
  endfacet
  facet normal -0.773309 -0.63403 0
    outer loop
      vertex 23.6575 34.0007 0
      vertex 23.688 33.9635 5
      vertex 23.6575 34.0007 5
    endloop
  endfacet
  facet normal -0.773003 -0.634403 -4.64252e-06
    outer loop
      vertex 24.1079 33.4519 0
      vertex 23.688 33.9635 5
      vertex 23.6575 34.0007 0
    endloop
  endfacet
  facet normal -0.77298 -0.63443 -0
    outer loop
      vertex 24.1079 33.4519 5.8
      vertex 23.688 33.9635 5
      vertex 24.1079 33.4519 0
    endloop
  endfacet
  facet normal -0.77298 -0.63443 0
    outer loop
      vertex 23.688 33.9635 5
      vertex 24.1079 33.4519 5.8
      vertex 23.688 33.9635 5.8
    endloop
  endfacet
  facet normal 0.68355 -0.729904 0
    outer loop
      vertex 7.82789 34.5189 0
      vertex 8.3461 35.0042 5.8
      vertex 7.82789 34.5189 5.8
    endloop
  endfacet
  facet normal 0.68355 -0.729904 0
    outer loop
      vertex 8.3461 35.0042 5.8
      vertex 7.82789 34.5189 0
      vertex 8.3461 35.0042 0
    endloop
  endfacet
  facet normal -0.986633 0.16296 0
    outer loop
      vertex 26.1415 24.7301 0
      vertex 26.2572 25.4306 5.8
      vertex 26.2572 25.4306 0
    endloop
  endfacet
  facet normal -0.986633 0.16296 0
    outer loop
      vertex 26.2572 25.4306 5.8
      vertex 26.1415 24.7301 0
      vertex 26.1415 24.7301 5.8
    endloop
  endfacet
  facet normal 0.935906 -0.35225 0
    outer loop
      vertex 5.22581 30.3344 5.8
      vertex 5.47591 30.9989 0
      vertex 5.47591 30.9989 5.8
    endloop
  endfacet
  facet normal 0.935906 -0.35225 0
    outer loop
      vertex 5.47591 30.9989 0
      vertex 5.22581 30.3344 5.8
      vertex 5.22581 30.3344 0
    endloop
  endfacet
  facet normal 0.412688 -0.910872 0
    outer loop
      vertex 10.7012 36.5779 0
      vertex 11.3479 36.8709 5.8
      vertex 10.7012 36.5779 5.8
    endloop
  endfacet
  facet normal 0.412688 -0.910872 0
    outer loop
      vertex 11.3479 36.8709 5.8
      vertex 10.7012 36.5779 0
      vertex 11.3479 36.8709 0
    endloop
  endfacet
  facet normal -0.999466 0.032677 0
    outer loop
      vertex 26.3268 26.1372 0
      vertex 26.35 26.8468 5.8
      vertex 26.35 26.8468 0
    endloop
  endfacet
  facet normal -0.999466 0.032677 0
    outer loop
      vertex 26.35 26.8468 5.8
      vertex 26.3268 26.1372 0
      vertex 26.3268 26.1372 5.8
    endloop
  endfacet
  facet normal -0.812916 -0.582381 0
    outer loop
      vertex 24.1079 33.4519 0
      vertex 24.4934 32.9138 5
      vertex 24.1079 33.4519 5.8
    endloop
  endfacet
  facet normal -0.812924 -0.58237 1.76049e-06
    outer loop
      vertex 24.5214 32.8747 0
      vertex 24.4934 32.9138 5
      vertex 24.1079 33.4519 0
    endloop
  endfacet
  facet normal -0.81303 -0.582221 0
    outer loop
      vertex 24.4934 32.9138 5
      vertex 24.5214 32.8747 0
      vertex 24.5214 32.8747 5
    endloop
  endfacet
  facet normal -0.812916 -0.582381 0
    outer loop
      vertex 24.1079 33.4519 5.8
      vertex 24.4934 32.9138 5
      vertex 24.4934 32.9138 5.8
    endloop
  endfacet
  facet normal -0.412688 -0.910872 0
    outer loop
      vertex 19.6521 36.8709 0
      vertex 20.2988 36.5779 5
      vertex 19.6521 36.8709 5
    endloop
  endfacet
  facet normal -0.412688 -0.910872 -0
    outer loop
      vertex 20.2988 36.5779 5
      vertex 19.6521 36.8709 0
      vertex 20.2988 36.5779 0
    endloop
  endfacet
  facet normal -0.881928 -0.471385 0
    outer loop
      vertex 25.2311 31.6456 0
      vertex 24.8964 32.2718 5
      vertex 24.8964 32.2718 0
    endloop
  endfacet
  facet normal -0.881928 -0.471385 0
    outer loop
      vertex 24.8964 32.2718 5
      vertex 25.2311 31.6456 0
      vertex 25.2311 31.6456 5
    endloop
  endfacet
  facet normal -0.881928 0.471385 0
    outer loop
      vertex 24.8964 21.4218 0
      vertex 25.2311 22.048 5.8
      vertex 25.2311 22.048 0
    endloop
  endfacet
  facet normal -0.881928 0.471385 0
    outer loop
      vertex 25.2311 22.048 5.8
      vertex 24.8964 21.4218 0
      vertex 24.8964 21.4218 5.8
    endloop
  endfacet
  facet normal 0.729862 -0.683594 0
    outer loop
      vertex 7.34254 34.0007 5.8
      vertex 7.82789 34.5189 0
      vertex 7.82789 34.5189 5.8
    endloop
  endfacet
  facet normal 0.729862 -0.683594 0
    outer loop
      vertex 7.82789 34.5189 0
      vertex 7.34254 34.0007 5.8
      vertex 7.34254 34.0007 0
    endloop
  endfacet
  facet normal 0.634459 -0.772956 0
    outer loop
      vertex 8.3461 35.0042 0
      vertex 8.89494 35.4547 5.8
      vertex 8.3461 35.0042 5.8
    endloop
  endfacet
  facet normal 0.634459 -0.772956 0
    outer loop
      vertex 8.89494 35.4547 5.8
      vertex 8.3461 35.0042 0
      vertex 8.89494 35.4547 0
    endloop
  endfacet
  facet normal -0.773003 0.634403 0
    outer loop
      vertex 23.6575 19.6929 0
      vertex 24.1079 20.2417 5.8
      vertex 24.1079 20.2417 0
    endloop
  endfacet
  facet normal -0.773003 0.634403 0
    outer loop
      vertex 24.1079 20.2417 5.8
      vertex 23.6575 19.6929 0
      vertex 23.6575 19.6929 5.8
    endloop
  endfacet
  facet normal 0.683625 0.729834 -0
    outer loop
      vertex 8.3461 18.6893 0
      vertex 7.82789 19.1747 5.8
      vertex 8.3461 18.6893 5.8
    endloop
  endfacet
  facet normal 0.683625 0.729834 0
    outer loop
      vertex 7.82789 19.1747 5.8
      vertex 8.3461 18.6893 0
      vertex 7.82789 19.1747 0
    endloop
  endfacet
  facet normal 0.471385 -0.881928 0
    outer loop
      vertex 10.075 36.2432 0
      vertex 10.7012 36.5779 5.8
      vertex 10.075 36.2432 5.8
    endloop
  endfacet
  facet normal 0.471385 -0.881928 0
    outer loop
      vertex 10.7012 36.5779 5.8
      vertex 10.075 36.2432 0
      vertex 10.7012 36.5779 0
    endloop
  endfacet
  facet normal 0.528137 -0.849159 0
    outer loop
      vertex 9.47206 35.8682 0
      vertex 10.075 36.2432 5.8
      vertex 9.47206 35.8682 5.8
    endloop
  endfacet
  facet normal 0.528137 -0.849159 0
    outer loop
      vertex 10.075 36.2432 5.8
      vertex 9.47206 35.8682 0
      vertex 10.075 36.2432 0
    endloop
  endfacet
  facet normal -0.634487 -0.772933 0
    outer loop
      vertex 22.1051 35.4547 0
      vertex 22.6539 35.0042 5
      vertex 22.1051 35.4547 5
    endloop
  endfacet
  facet normal -0.634487 -0.772933 -0
    outer loop
      vertex 22.6539 35.0042 5
      vertex 22.1051 35.4547 0
      vertex 22.6539 35.0042 0
    endloop
  endfacet
  facet normal -0.35225 -0.935906 0
    outer loop
      vertex 18.9876 37.121 0
      vertex 19.6521 36.8709 5
      vertex 18.9876 37.121 5
    endloop
  endfacet
  facet normal -0.35225 -0.935906 -0
    outer loop
      vertex 19.6521 36.8709 5
      vertex 18.9876 37.121 0
      vertex 19.6521 36.8709 0
    endloop
  endfacet
  facet normal 0.910862 0.412712 0
    outer loop
      vertex 5.76893 22.048 5.8
      vertex 5.47591 22.6947 0
      vertex 5.47591 22.6947 5.8
    endloop
  endfacet
  facet normal 0.910862 0.412712 0
    outer loop
      vertex 5.47591 22.6947 0
      vertex 5.76893 22.048 5.8
      vertex 5.76893 22.048 0
    endloop
  endfacet
  facet normal -0.973888 -0.227029 0
    outer loop
      vertex 26.1415 28.9635 0
      vertex 25.9803 29.655 5
      vertex 25.9803 29.655 0
    endloop
  endfacet
  facet normal -0.973888 -0.227029 0
    outer loop
      vertex 25.9803 29.655 5
      vertex 26.1415 28.9635 0
      vertex 26.1415 28.9635 5
    endloop
  endfacet
  facet normal 0.729862 0.683594 0
    outer loop
      vertex 7.82789 19.1747 5.8
      vertex 7.34254 19.6929 0
      vertex 7.34254 19.6929 5.8
    endloop
  endfacet
  facet normal 0.729862 0.683594 0
    outer loop
      vertex 7.34254 19.6929 0
      vertex 7.82789 19.1747 5.8
      vertex 7.82789 19.1747 0
    endloop
  endfacet
  facet normal 0.999465 -0.0327192 0
    outer loop
      vertex 4.65 26.8468 5.8
      vertex 4.67323 27.5564 0
      vertex 4.67323 27.5564 5.8
    endloop
  endfacet
  facet normal 0.999465 -0.0327192 0
    outer loop
      vertex 4.67323 27.5564 0
      vertex 4.65 26.8468 5.8
      vertex 4.65 26.8468 0
    endloop
  endfacet
  facet normal -0.290293 -0.956938 0
    outer loop
      vertex 18.3082 37.3271 0
      vertex 18.9876 37.121 5
      vertex 18.3082 37.3271 5
    endloop
  endfacet
  facet normal -0.290293 -0.956938 -0
    outer loop
      vertex 18.9876 37.121 5
      vertex 18.3082 37.3271 0
      vertex 18.9876 37.121 0
    endloop
  endfacet
  facet normal -0.16296 0.986633 0
    outer loop
      vertex 17.6167 16.2053 0
      vertex 16.9162 16.0896 5.8
      vertex 17.6167 16.2053 5.8
    endloop
  endfacet
  facet normal -0.16296 0.986633 0
    outer loop
      vertex 16.9162 16.0896 5.8
      vertex 17.6167 16.2053 0
      vertex 16.9162 16.0896 0
    endloop
  endfacet
  facet normal 0.881933 0.471374 0
    outer loop
      vertex 6.10362 21.4218 5.8
      vertex 5.76893 22.048 0
      vertex 5.76893 22.048 5.8
    endloop
  endfacet
  facet normal 0.881933 0.471374 0
    outer loop
      vertex 5.76893 22.048 0
      vertex 6.10362 21.4218 5.8
      vertex 6.10362 21.4218 0
    endloop
  endfacet
  facet normal -0.528137 -0.849159 0
    outer loop
      vertex 20.925 36.2432 5.8
      vertex 21.4871 35.8936 5
      vertex 21.4871 35.8936 5.8
    endloop
  endfacet
  facet normal -0.528137 -0.849159 0
    outer loop
      vertex 20.925 36.2432 0
      vertex 21.4871 35.8936 5
      vertex 20.925 36.2432 5.8
    endloop
  endfacet
  facet normal -0.528162 -0.849144 3.84784e-06
    outer loop
      vertex 21.5279 35.8682 0
      vertex 21.4871 35.8936 5
      vertex 20.925 36.2432 0
    endloop
  endfacet
  facet normal -0.528502 -0.848932 0
    outer loop
      vertex 21.4871 35.8936 5
      vertex 21.5279 35.8682 0
      vertex 21.5279 35.8682 5
    endloop
  endfacet
  facet normal -0.956938 0.290293 0
    outer loop
      vertex 25.7742 23.3592 0
      vertex 25.9803 24.0386 5.8
      vertex 25.9803 24.0386 0
    endloop
  endfacet
  facet normal -0.956938 0.290293 0
    outer loop
      vertex 25.9803 24.0386 5.8
      vertex 25.7742 23.3592 0
      vertex 25.7742 23.3592 5.8
    endloop
  endfacet
  facet normal -0.582463 0.812857 0
    outer loop
      vertex 22.1051 18.2389 0
      vertex 21.5279 17.8253 5.8
      vertex 22.1051 18.2389 5.8
    endloop
  endfacet
  facet normal -0.582463 0.812857 0
    outer loop
      vertex 21.5279 17.8253 5.8
      vertex 22.1051 18.2389 0
      vertex 21.5279 17.8253 0
    endloop
  endfacet
  facet normal -0.910872 -0.412688 0
    outer loop
      vertex 25.5241 30.9989 0
      vertex 25.2311 31.6456 5
      vertex 25.2311 31.6456 0
    endloop
  endfacet
  facet normal -0.910872 -0.412688 0
    outer loop
      vertex 25.2311 31.6456 5
      vertex 25.5241 30.9989 0
      vertex 25.5241 30.9989 5
    endloop
  endfacet
  facet normal -0.0980255 0.995184 0
    outer loop
      vertex 16.9162 16.0896 0
      vertex 16.2096 16.02 5.8
      vertex 16.9162 16.0896 5.8
    endloop
  endfacet
  facet normal -0.0980255 0.995184 0
    outer loop
      vertex 16.2096 16.02 5.8
      vertex 16.9162 16.0896 0
      vertex 16.2096 16.02 0
    endloop
  endfacet
  facet normal -0.849183 0.528099 0
    outer loop
      vertex 24.5214 20.8188 0
      vertex 24.8964 21.4218 5.8
      vertex 24.8964 21.4218 0
    endloop
  endfacet
  facet normal -0.849183 0.528099 0
    outer loop
      vertex 24.8964 21.4218 5.8
      vertex 24.5214 20.8188 0
      vertex 24.5214 20.8188 5.8
    endloop
  endfacet
  facet normal -0.729827 -0.683632 0
    outer loop
      vertex 23.6575 34.0007 0
      vertex 23.1721 34.5189 5
      vertex 23.1721 34.5189 0
    endloop
  endfacet
  facet normal -0.729827 -0.683632 0
    outer loop
      vertex 23.1721 34.5189 5
      vertex 23.6575 34.0007 0
      vertex 23.6575 34.0007 5
    endloop
  endfacet
  facet normal 0.973882 0.227056 0
    outer loop
      vertex 5.0197 24.0386 5.8
      vertex 4.85848 24.7301 0
      vertex 4.85848 24.7301 5.8
    endloop
  endfacet
  facet normal 0.973882 0.227056 0
    outer loop
      vertex 4.85848 24.7301 0
      vertex 5.0197 24.0386 5.8
      vertex 5.0197 24.0386 0
    endloop
  endfacet
  facet normal 0.849227 0.528028 0
    outer loop
      vertex 6.47855 20.8188 5.8
      vertex 6.10362 21.4218 0
      vertex 6.10362 21.4218 5.8
    endloop
  endfacet
  facet normal 0.849227 0.528028 0
    outer loop
      vertex 6.10362 21.4218 0
      vertex 6.47855 20.8188 5.8
      vertex 6.47855 20.8188 0
    endloop
  endfacet
  facet normal -0.995184 0.0980255 0
    outer loop
      vertex 26.2572 25.4306 0
      vertex 26.3268 26.1372 5.8
      vertex 26.3268 26.1372 0
    endloop
  endfacet
  facet normal -0.995184 0.0980255 0
    outer loop
      vertex 26.3268 26.1372 5.8
      vertex 26.2572 25.4306 0
      vertex 26.2572 25.4306 5.8
    endloop
  endfacet
  facet normal -0.0980255 -0.995184 0
    outer loop
      vertex 16.2096 37.6736 0
      vertex 16.9162 37.604 5
      vertex 16.2096 37.6736 5
    endloop
  endfacet
  facet normal -0.0980255 -0.995184 -0
    outer loop
      vertex 16.9162 37.604 5
      vertex 16.2096 37.6736 0
      vertex 16.9162 37.604 0
    endloop
  endfacet
  facet normal -0.032677 0.999466 0
    outer loop
      vertex 16.2096 16.02 0
      vertex 15.5 15.9968 5.8
      vertex 16.2096 16.02 5.8
    endloop
  endfacet
  facet normal -0.032677 0.999466 0
    outer loop
      vertex 15.5 15.9968 5.8
      vertex 16.2096 16.02 0
      vertex 15.5 15.9968 0
    endloop
  endfacet
  facet normal 0.634375 0.773025 -0
    outer loop
      vertex 8.89494 18.2389 0
      vertex 8.3461 18.6893 5.8
      vertex 8.89494 18.2389 5.8
    endloop
  endfacet
  facet normal 0.634375 0.773025 0
    outer loop
      vertex 8.3461 18.6893 5.8
      vertex 8.89494 18.2389 0
      vertex 8.3461 18.6893 0
    endloop
  endfacet
  facet normal -0.956938 -0.290293 0
    outer loop
      vertex 25.9803 29.655 0
      vertex 25.7742 30.3344 5
      vertex 25.7742 30.3344 0
    endloop
  endfacet
  facet normal -0.956938 -0.290293 0
    outer loop
      vertex 25.7742 30.3344 5
      vertex 25.9803 29.655 0
      vertex 25.9803 29.655 5
    endloop
  endfacet
  facet normal 0.935906 0.35225 0
    outer loop
      vertex 5.47591 22.6947 5.8
      vertex 5.22581 23.3592 0
      vertex 5.22581 23.3592 5.8
    endloop
  endfacet
  facet normal 0.935906 0.35225 0
    outer loop
      vertex 5.22581 23.3592 0
      vertex 5.47591 22.6947 5.8
      vertex 5.47591 22.6947 0
    endloop
  endfacet
  facet normal -0.227029 0.973888 0
    outer loop
      vertex 18.3082 16.3665 0
      vertex 17.6167 16.2053 5.8
      vertex 18.3082 16.3665 5.8
    endloop
  endfacet
  facet normal -0.227029 0.973888 0
    outer loop
      vertex 17.6167 16.2053 5.8
      vertex 18.3082 16.3665 0
      vertex 17.6167 16.2053 0
    endloop
  endfacet
  facet normal 0.0980255 0.995184 -0
    outer loop
      vertex 14.7904 16.02 0
      vertex 14.0838 16.0896 5.8
      vertex 14.7904 16.02 5.8
    endloop
  endfacet
  facet normal 0.0980255 0.995184 0
    outer loop
      vertex 14.0838 16.0896 5.8
      vertex 14.7904 16.02 0
      vertex 14.0838 16.0896 0
    endloop
  endfacet
  facet normal 0.956934 -0.290306 0
    outer loop
      vertex 5.0197 29.655 5.8
      vertex 5.22581 30.3344 0
      vertex 5.22581 30.3344 5.8
    endloop
  endfacet
  facet normal 0.956934 -0.290306 0
    outer loop
      vertex 5.22581 30.3344 0
      vertex 5.0197 29.655 5.8
      vertex 5.0197 29.655 0
    endloop
  endfacet
  facet normal -0.471385 0.881928 0
    outer loop
      vertex 20.925 17.4504 0
      vertex 20.2988 17.1157 5.8
      vertex 20.925 17.4504 5.8
    endloop
  endfacet
  facet normal -0.471385 0.881928 0
    outer loop
      vertex 20.2988 17.1157 5.8
      vertex 20.925 17.4504 0
      vertex 20.2988 17.1157 0
    endloop
  endfacet
  facet normal 0.35225 0.935906 -0
    outer loop
      vertex 12.0124 16.5726 0
      vertex 11.3479 16.8227 5.8
      vertex 12.0124 16.5726 5.8
    endloop
  endfacet
  facet normal 0.35225 0.935906 0
    outer loop
      vertex 11.3479 16.8227 5.8
      vertex 12.0124 16.5726 0
      vertex 11.3479 16.8227 0
    endloop
  endfacet
  facet normal -0.812876 0.582437 0
    outer loop
      vertex 24.1079 20.2417 0
      vertex 24.5214 20.8188 5.8
      vertex 24.5214 20.8188 0
    endloop
  endfacet
  facet normal -0.812876 0.582437 0
    outer loop
      vertex 24.5214 20.8188 5.8
      vertex 24.1079 20.2417 0
      vertex 24.1079 20.2417 5.8
    endloop
  endfacet
  facet normal 0.772989 0.63442 0
    outer loop
      vertex 7.34254 19.6929 5.8
      vertex 6.89212 20.2417 0
      vertex 6.89212 20.2417 5.8
    endloop
  endfacet
  facet normal 0.772989 0.63442 0
    outer loop
      vertex 6.89212 20.2417 0
      vertex 7.34254 19.6929 5.8
      vertex 7.34254 19.6929 0
    endloop
  endfacet
  facet normal 0.0980255 -0.995184 0
    outer loop
      vertex 14.0838 37.604 0
      vertex 14.7904 37.6736 5.8
      vertex 14.0838 37.604 5.8
    endloop
  endfacet
  facet normal 0.0980255 -0.995184 0
    outer loop
      vertex 14.7904 37.6736 5.8
      vertex 14.0838 37.604 0
      vertex 14.7904 37.6736 0
    endloop
  endfacet
  facet normal 0.16296 -0.986633 0
    outer loop
      vertex 13.3833 37.4883 0
      vertex 14.0838 37.604 5.8
      vertex 13.3833 37.4883 5.8
    endloop
  endfacet
  facet normal 0.16296 -0.986633 0
    outer loop
      vertex 14.0838 37.604 5.8
      vertex 13.3833 37.4883 0
      vertex 14.0838 37.604 0
    endloop
  endfacet
  facet normal 0.995185 0.0980115 0
    outer loop
      vertex 4.74282 25.4306 5.8
      vertex 4.67323 26.1372 0
      vertex 4.67323 26.1372 5.8
    endloop
  endfacet
  facet normal 0.995185 0.0980115 0
    outer loop
      vertex 4.67323 26.1372 0
      vertex 4.74282 25.4306 5.8
      vertex 4.74282 25.4306 0
    endloop
  endfacet
  facet normal 0.227029 -0.973888 0
    outer loop
      vertex 12.6918 37.3271 0
      vertex 13.3833 37.4883 5.8
      vertex 12.6918 37.3271 5.8
    endloop
  endfacet
  facet normal 0.227029 -0.973888 0
    outer loop
      vertex 13.3833 37.4883 5.8
      vertex 12.6918 37.3271 0
      vertex 13.3833 37.4883 0
    endloop
  endfacet
  facet normal -0.412688 0.910872 0
    outer loop
      vertex 20.2988 17.1157 0
      vertex 19.6521 16.8227 5.8
      vertex 20.2988 17.1157 5.8
    endloop
  endfacet
  facet normal -0.412688 0.910872 0
    outer loop
      vertex 19.6521 16.8227 5.8
      vertex 20.2988 17.1157 0
      vertex 19.6521 16.8227 0
    endloop
  endfacet
  facet normal 0.227029 0.973888 -0
    outer loop
      vertex 13.3833 16.2053 0
      vertex 12.6918 16.3665 5.8
      vertex 13.3833 16.2053 5.8
    endloop
  endfacet
  facet normal 0.227029 0.973888 0
    outer loop
      vertex 12.6918 16.3665 5.8
      vertex 13.3833 16.2053 0
      vertex 12.6918 16.3665 0
    endloop
  endfacet
  facet normal -0.973888 0.227029 0
    outer loop
      vertex 25.9803 24.0386 0
      vertex 26.1415 24.7301 5.8
      vertex 26.1415 24.7301 0
    endloop
  endfacet
  facet normal -0.973888 0.227029 0
    outer loop
      vertex 26.1415 24.7301 5.8
      vertex 25.9803 24.0386 0
      vertex 25.9803 24.0386 5.8
    endloop
  endfacet
  facet normal -0.52806 0.849207 0
    outer loop
      vertex 21.5279 17.8253 0
      vertex 20.925 17.4504 5.8
      vertex 21.5279 17.8253 5.8
    endloop
  endfacet
  facet normal -0.52806 0.849207 0
    outer loop
      vertex 20.925 17.4504 5.8
      vertex 21.5279 17.8253 0
      vertex 20.925 17.4504 0
    endloop
  endfacet
  facet normal -0.849144 -0.528162 0
    outer loop
      vertex 24.8964 32.2718 0
      vertex 24.5214 32.8747 5
      vertex 24.5214 32.8747 0
    endloop
  endfacet
  facet normal -0.849144 -0.528162 0
    outer loop
      vertex 24.5214 32.8747 5
      vertex 24.8964 32.2718 0
      vertex 24.8964 32.2718 5
    endloop
  endfacet
  facet normal -0.935906 0.35225 0
    outer loop
      vertex 25.5241 22.6947 0
      vertex 25.7742 23.3592 5.8
      vertex 25.7742 23.3592 0
    endloop
  endfacet
  facet normal -0.935906 0.35225 0
    outer loop
      vertex 25.7742 23.3592 5.8
      vertex 25.5241 22.6947 0
      vertex 25.5241 22.6947 5.8
    endloop
  endfacet
  facet normal 0.812877 -0.582435 0
    outer loop
      vertex 6.47855 32.8747 5.8
      vertex 6.89212 33.4519 0
      vertex 6.89212 33.4519 5.8
    endloop
  endfacet
  facet normal 0.812877 -0.582435 0
    outer loop
      vertex 6.89212 33.4519 0
      vertex 6.47855 32.8747 5.8
      vertex 6.47855 32.8747 0
    endloop
  endfacet
  facet normal -0.683632 0.729827 0
    outer loop
      vertex 23.1721 19.1747 0
      vertex 22.6539 18.6893 5.8
      vertex 23.1721 19.1747 5.8
    endloop
  endfacet
  facet normal -0.683632 0.729827 0
    outer loop
      vertex 22.6539 18.6893 5.8
      vertex 23.1721 19.1747 0
      vertex 22.6539 18.6893 0
    endloop
  endfacet
  facet normal 0.35225 -0.935906 0
    outer loop
      vertex 11.3479 36.8709 0
      vertex 12.0124 37.121 5.8
      vertex 11.3479 36.8709 5.8
    endloop
  endfacet
  facet normal 0.35225 -0.935906 0
    outer loop
      vertex 12.0124 37.121 5.8
      vertex 11.3479 36.8709 0
      vertex 12.0124 37.121 0
    endloop
  endfacet
  facet normal -0.227029 -0.973888 0
    outer loop
      vertex 17.6167 37.4883 0
      vertex 18.3082 37.3271 5
      vertex 17.6167 37.4883 5
    endloop
  endfacet
  facet normal -0.227029 -0.973888 -0
    outer loop
      vertex 18.3082 37.3271 5
      vertex 17.6167 37.4883 0
      vertex 18.3082 37.3271 0
    endloop
  endfacet
  facet normal -0.683557 -0.729897 0
    outer loop
      vertex 22.6539 35.0042 0
      vertex 23.1721 34.5189 5
      vertex 22.6539 35.0042 5
    endloop
  endfacet
  facet normal -0.683557 -0.729897 -0
    outer loop
      vertex 23.1721 34.5189 5
      vertex 22.6539 35.0042 0
      vertex 23.1721 34.5189 0
    endloop
  endfacet
  facet normal -0.729827 0.683632 0
    outer loop
      vertex 23.1721 19.1747 0
      vertex 23.6575 19.6929 5.8
      vertex 23.6575 19.6929 0
    endloop
  endfacet
  facet normal -0.729827 0.683632 0
    outer loop
      vertex 23.6575 19.6929 5.8
      vertex 23.1721 19.1747 0
      vertex 23.1721 19.1747 5.8
    endloop
  endfacet
  facet normal 0.995185 -0.0980115 0
    outer loop
      vertex 4.67323 27.5564 5.8
      vertex 4.74282 28.263 0
      vertex 4.74282 28.263 5.8
    endloop
  endfacet
  facet normal 0.995185 -0.0980115 0
    outer loop
      vertex 4.74282 28.263 0
      vertex 4.67323 27.5564 5.8
      vertex 4.67323 27.5564 0
    endloop
  endfacet
  facet normal -0.935906 -0.35225 0
    outer loop
      vertex 25.7742 30.3344 0
      vertex 25.5241 30.9989 5
      vertex 25.5241 30.9989 0
    endloop
  endfacet
  facet normal -0.935906 -0.35225 0
    outer loop
      vertex 25.5241 30.9989 5
      vertex 25.7742 30.3344 0
      vertex 25.7742 30.3344 5
    endloop
  endfacet
  facet normal 0.290293 -0.956938 0
    outer loop
      vertex 12.0124 37.121 0
      vertex 12.6918 37.3271 5.8
      vertex 12.0124 37.121 5.8
    endloop
  endfacet
  facet normal 0.290293 -0.956938 0
    outer loop
      vertex 12.6918 37.3271 5.8
      vertex 12.0124 37.121 0
      vertex 12.6918 37.3271 0
    endloop
  endfacet
  facet normal -0.98645 -0.164062 0
    outer loop
      vertex 26.1415 28.9635 0
      vertex 26.1494 28.916 5
      vertex 26.1415 28.9635 5
    endloop
  endfacet
  facet normal -0.986633 -0.16296 1.07607e-05
    outer loop
      vertex 26.2572 28.263 0
      vertex 26.1494 28.916 5
      vertex 26.1415 28.9635 0
    endloop
  endfacet
  facet normal -0.986646 -0.16288 -0
    outer loop
      vertex 26.2572 28.263 5.8
      vertex 26.1494 28.916 5
      vertex 26.2572 28.263 0
    endloop
  endfacet
  facet normal -0.986646 -0.16288 0
    outer loop
      vertex 26.1494 28.916 5
      vertex 26.2572 28.263 5.8
      vertex 26.1494 28.916 5.8
    endloop
  endfacet
  facet normal 0.956934 0.290306 0
    outer loop
      vertex 5.22581 23.3592 5.8
      vertex 5.0197 24.0386 0
      vertex 5.0197 24.0386 5.8
    endloop
  endfacet
  facet normal 0.956934 0.290306 0
    outer loop
      vertex 5.0197 24.0386 0
      vertex 5.22581 23.3592 5.8
      vertex 5.22581 23.3592 0
    endloop
  endfacet
  facet normal 0.986642 -0.162905 0
    outer loop
      vertex 4.74282 28.263 5.8
      vertex 4.85848 28.9635 0
      vertex 4.85848 28.9635 5.8
    endloop
  endfacet
  facet normal 0.986642 -0.162905 0
    outer loop
      vertex 4.85848 28.9635 0
      vertex 4.74282 28.263 5.8
      vertex 4.74282 28.263 0
    endloop
  endfacet
  facet normal 0.986642 0.162905 0
    outer loop
      vertex 4.85848 24.7301 5.8
      vertex 4.74282 25.4306 0
      vertex 4.74282 25.4306 5.8
    endloop
  endfacet
  facet normal 0.986642 0.162905 0
    outer loop
      vertex 4.74282 25.4306 0
      vertex 4.85848 24.7301 5.8
      vertex 4.85848 24.7301 0
    endloop
  endfacet
  facet normal 0.16296 0.986633 -0
    outer loop
      vertex 14.0838 16.0896 0
      vertex 13.3833 16.2053 5.8
      vertex 14.0838 16.0896 5.8
    endloop
  endfacet
  facet normal 0.16296 0.986633 0
    outer loop
      vertex 13.3833 16.2053 5.8
      vertex 14.0838 16.0896 0
      vertex 13.3833 16.2053 0
    endloop
  endfacet
  facet normal 0.849188 -0.528091 0
    outer loop
      vertex 6.10362 32.2718 5.8
      vertex 6.47855 32.8747 0
      vertex 6.47855 32.8747 5.8
    endloop
  endfacet
  facet normal 0.849188 -0.528091 0
    outer loop
      vertex 6.47855 32.8747 0
      vertex 6.10362 32.2718 5.8
      vertex 6.10362 32.2718 0
    endloop
  endfacet
  facet normal 0.412688 0.910872 -0
    outer loop
      vertex 11.3479 16.8227 0
      vertex 10.7012 17.1157 5.8
      vertex 11.3479 16.8227 5.8
    endloop
  endfacet
  facet normal 0.412688 0.910872 0
    outer loop
      vertex 10.7012 17.1157 5.8
      vertex 11.3479 16.8227 0
      vertex 10.7012 17.1157 0
    endloop
  endfacet
  facet normal 0.582516 0.812819 -0
    outer loop
      vertex 9.47206 17.8253 0
      vertex 8.89494 18.2389 5.8
      vertex 9.47206 17.8253 5.8
    endloop
  endfacet
  facet normal 0.582516 0.812819 0
    outer loop
      vertex 8.89494 18.2389 5.8
      vertex 9.47206 17.8253 0
      vertex 8.89494 18.2389 0
    endloop
  endfacet
  facet normal 0.973882 -0.227056 0
    outer loop
      vertex 4.85848 28.9635 5.8
      vertex 5.0197 29.655 0
      vertex 5.0197 29.655 5.8
    endloop
  endfacet
  facet normal 0.973882 -0.227056 0
    outer loop
      vertex 5.0197 29.655 0
      vertex 4.85848 28.9635 5.8
      vertex 4.85848 28.9635 0
    endloop
  endfacet
  facet normal -0.634403 0.773003 0
    outer loop
      vertex 22.6539 18.6893 0
      vertex 22.1051 18.2389 5.8
      vertex 22.6539 18.6893 5.8
    endloop
  endfacet
  facet normal -0.634403 0.773003 0
    outer loop
      vertex 22.1051 18.2389 5.8
      vertex 22.6539 18.6893 0
      vertex 22.1051 18.2389 0
    endloop
  endfacet
  facet normal -0.032677 -0.999466 0
    outer loop
      vertex 15.5 37.6968 0
      vertex 16.2096 37.6736 5
      vertex 15.5 37.6968 5
    endloop
  endfacet
  facet normal -0.032677 -0.999466 -0
    outer loop
      vertex 16.2096 37.6736 5
      vertex 15.5 37.6968 0
      vertex 16.2096 37.6736 0
    endloop
  endfacet
  facet normal -0.35225 0.935906 0
    outer loop
      vertex 19.6521 16.8227 0
      vertex 18.9876 16.5726 5.8
      vertex 19.6521 16.8227 5.8
    endloop
  endfacet
  facet normal -0.35225 0.935906 0
    outer loop
      vertex 18.9876 16.5726 5.8
      vertex 19.6521 16.8227 0
      vertex 18.9876 16.5726 0
    endloop
  endfacet
  facet normal 0.032677 -0.999466 0
    outer loop
      vertex 14.7904 37.6736 0
      vertex 15.5 37.6968 5
      vertex 14.7904 37.6736 5
    endloop
  endfacet
  facet normal 0.032677 -0.999466 0
    outer loop
      vertex 15.5 37.6968 5
      vertex 14.7904 37.6736 0
      vertex 15.5 37.6968 0
    endloop
  endfacet
  facet normal 0 0 0
    outer loop
      vertex 14.7904 37.6736 0
      vertex 14.7904 37.6736 5
      vertex 14.7904 37.6736 5.8
    endloop
  endfacet
  facet normal 0.528035 0.849223 -0
    outer loop
      vertex 10.075 17.4504 0
      vertex 9.47206 17.8253 5.8
      vertex 10.075 17.4504 5.8
    endloop
  endfacet
  facet normal 0.528035 0.849223 0
    outer loop
      vertex 9.47206 17.8253 5.8
      vertex 10.075 17.4504 0
      vertex 9.47206 17.8253 0
    endloop
  endfacet
  facet normal 0.471385 0.881928 -0
    outer loop
      vertex 10.7012 17.1157 0
      vertex 10.075 17.4504 5.8
      vertex 10.7012 17.1157 5.8
    endloop
  endfacet
  facet normal 0.471385 0.881928 0
    outer loop
      vertex 10.075 17.4504 5.8
      vertex 10.7012 17.1157 0
      vertex 10.075 17.4504 0
    endloop
  endfacet
  facet normal 0.999465 0.0327192 0
    outer loop
      vertex 4.67323 26.1372 5.8
      vertex 4.65 26.8468 0
      vertex 4.65 26.8468 5.8
    endloop
  endfacet
  facet normal 0.999465 0.0327192 0
    outer loop
      vertex 4.65 26.8468 0
      vertex 4.67323 26.1372 5.8
      vertex 4.67323 26.1372 0
    endloop
  endfacet
  facet normal 0.290293 0.956938 -0
    outer loop
      vertex 12.6918 16.3665 0
      vertex 12.0124 16.5726 5.8
      vertex 12.6918 16.3665 5.8
    endloop
  endfacet
  facet normal 0.290293 0.956938 0
    outer loop
      vertex 12.0124 16.5726 5.8
      vertex 12.6918 16.3665 0
      vertex 12.0124 16.5726 0
    endloop
  endfacet
  facet normal 0.910862 -0.412712 0
    outer loop
      vertex 5.47591 30.9989 5.8
      vertex 5.76893 31.6456 0
      vertex 5.76893 31.6456 5.8
    endloop
  endfacet
  facet normal 0.910862 -0.412712 0
    outer loop
      vertex 5.76893 31.6456 0
      vertex 5.47591 30.9989 5.8
      vertex 5.47591 30.9989 0
    endloop
  endfacet
  facet normal -0.995184 -0.0980273 0
    outer loop
      vertex -20.1732 0.709623 0
      vertex -20.2428 1.41621 5.8
      vertex -20.2428 1.41621 0
    endloop
  endfacet
  facet normal -0.995184 -0.0980273 0
    outer loop
      vertex -20.2428 1.41621 5.8
      vertex -20.1732 0.709623 0
      vertex -20.1732 0.709623 5.8
    endloop
  endfacet
  facet normal -0.999466 -0.032676 0
    outer loop
      vertex -20.15 0 0
      vertex -20.1732 0.709623 5.8
      vertex -20.1732 0.709623 0
    endloop
  endfacet
  facet normal -0.999466 -0.032676 0
    outer loop
      vertex -20.1732 0.709623 5.8
      vertex -20.15 0 0
      vertex -20.15 0 5.8
    endloop
  endfacet
  facet normal -0.16296 0.986633 0
    outer loop
      vertex -28.8833 -10.6415 0
      vertex -29.5838 -10.7572 5.8
      vertex -28.8833 -10.6415 5.8
    endloop
  endfacet
  facet normal -0.16296 0.986633 0
    outer loop
      vertex -29.5838 -10.7572 5.8
      vertex -28.8833 -10.6415 0
      vertex -29.5838 -10.7572 0
    endloop
  endfacet
  facet normal -0.35225 0.935906 0
    outer loop
      vertex -26.8479 -10.0241 0
      vertex -27.5124 -10.2742 5.8
      vertex -26.8479 -10.0241 5.8
    endloop
  endfacet
  facet normal -0.35225 0.935906 0
    outer loop
      vertex -27.5124 -10.2742 5.8
      vertex -26.8479 -10.0241 0
      vertex -27.5124 -10.2742 0
    endloop
  endfacet
  facet normal -0.849159 -0.528137 0
    outer loop
      vertex -21.6036 5.425 0
      vertex -21.9786 6.02794 5.8
      vertex -21.9786 6.02794 0
    endloop
  endfacet
  facet normal -0.849159 -0.528137 0
    outer loop
      vertex -21.9786 6.02794 5.8
      vertex -21.6036 5.425 0
      vertex -21.6036 5.425 5.8
    endloop
  endfacet
  facet normal -0.729834 0.683625 0
    outer loop
      vertex -23.3279 -7.67211 0
      vertex -22.8425 -7.1539 5.8
      vertex -22.8425 -7.1539 0
    endloop
  endfacet
  facet normal -0.729834 0.683625 0
    outer loop
      vertex -22.8425 -7.1539 5.8
      vertex -23.3279 -7.67211 0
      vertex -23.3279 -7.67211 5.8
    endloop
  endfacet
  facet normal -0.812886 0.582423 0
    outer loop
      vertex -22.3921 -6.60506 0
      vertex -21.9786 -6.02794 5.8
      vertex -21.9786 -6.02794 0
    endloop
  endfacet
  facet normal -0.812886 0.582423 0
    outer loop
      vertex -21.9786 -6.02794 5.8
      vertex -22.3921 -6.60506 0
      vertex -22.3921 -6.60506 5.8
    endloop
  endfacet
  facet normal -0.881918 -0.471402 0
    outer loop
      vertex -21.2689 4.79883 0
      vertex -21.6036 5.425 5.8
      vertex -21.6036 5.425 0
    endloop
  endfacet
  facet normal -0.881918 -0.471402 0
    outer loop
      vertex -21.6036 5.425 5.8
      vertex -21.2689 4.79883 0
      vertex -21.2689 4.79883 5.8
    endloop
  endfacet
  facet normal -0.973885 0.227042 0
    outer loop
      vertex -20.5197 -2.80819 0
      vertex -20.3585 -2.11673 5.8
      vertex -20.3585 -2.11673 0
    endloop
  endfacet
  facet normal -0.973885 0.227042 0
    outer loop
      vertex -20.3585 -2.11673 5.8
      vertex -20.5197 -2.80819 0
      vertex -20.5197 -2.80819 5.8
    endloop
  endfacet
  facet normal -0.935904 0.352255 0
    outer loop
      vertex -20.9759 -4.15211 0
      vertex -20.7258 -3.48762 5.8
      vertex -20.7258 -3.48762 0
    endloop
  endfacet
  facet normal -0.935904 0.352255 0
    outer loop
      vertex -20.7258 -3.48762 5.8
      vertex -20.9759 -4.15211 0
      vertex -20.9759 -4.15211 5.8
    endloop
  endfacet
  facet normal -0.412723 0.910856 0
    outer loop
      vertex -26.2012 -9.73107 0
      vertex -26.8479 -10.0241 5.8
      vertex -26.2012 -9.73107 5.8
    endloop
  endfacet
  facet normal -0.412723 0.910856 0
    outer loop
      vertex -26.8479 -10.0241 5.8
      vertex -26.2012 -9.73107 0
      vertex -26.8479 -10.0241 0
    endloop
  endfacet
  facet normal -0.999466 0.032676 0
    outer loop
      vertex -20.1732 -0.709623 0
      vertex -20.15 0 5.8
      vertex -20.15 0 0
    endloop
  endfacet
  facet normal -0.999466 0.032676 0
    outer loop
      vertex -20.15 0 5.8
      vertex -20.1732 -0.709623 0
      vertex -20.1732 -0.709623 5.8
    endloop
  endfacet
  facet normal -0.0980255 0.995184 0
    outer loop
      vertex -29.5838 -10.7572 0
      vertex -30.2904 -10.8268 5.8
      vertex -29.5838 -10.7572 5.8
    endloop
  endfacet
  facet normal -0.0980255 0.995184 0
    outer loop
      vertex -30.2904 -10.8268 5.8
      vertex -29.5838 -10.7572 0
      vertex -30.2904 -10.8268 0
    endloop
  endfacet
  facet normal -0.0980255 -0.995184 0
    outer loop
      vertex -30.2904 10.8268 0
      vertex -29.5838 10.7572 5.8
      vertex -30.2904 10.8268 5.8
    endloop
  endfacet
  facet normal -0.0980255 -0.995184 -0
    outer loop
      vertex -29.5838 10.7572 5.8
      vertex -30.2904 10.8268 0
      vertex -29.5838 10.7572 0
    endloop
  endfacet
  facet normal -0.956941 -0.290281 0
    outer loop
      vertex -20.5197 2.80819 0
      vertex -20.7258 3.48762 5.8
      vertex -20.7258 3.48762 0
    endloop
  endfacet
  facet normal -0.956941 -0.290281 0
    outer loop
      vertex -20.7258 3.48762 5.8
      vertex -20.5197 2.80819 0
      vertex -20.5197 2.80819 5.8
    endloop
  endfacet
  facet normal -0.910877 0.412678 0
    outer loop
      vertex -21.2689 -4.79883 0
      vertex -20.9759 -4.15211 5.8
      vertex -20.9759 -4.15211 0
    endloop
  endfacet
  facet normal -0.910877 0.412678 0
    outer loop
      vertex -20.9759 -4.15211 5.8
      vertex -21.2689 -4.79883 0
      vertex -21.2689 -4.79883 5.8
    endloop
  endfacet
  facet normal -0.16296 -0.986633 0
    outer loop
      vertex -29.5838 10.7572 0
      vertex -28.8833 10.6415 5.8
      vertex -29.5838 10.7572 5.8
    endloop
  endfacet
  facet normal -0.16296 -0.986633 -0
    outer loop
      vertex -28.8833 10.6415 5.8
      vertex -29.5838 10.7572 0
      vertex -28.8833 10.6415 0
    endloop
  endfacet
  facet normal -0.471385 -0.881928 0
    outer loop
      vertex -26.2012 9.73107 0
      vertex -25.575 9.39637 5.8
      vertex -26.2012 9.73107 5.8
    endloop
  endfacet
  facet normal -0.471385 -0.881928 -0
    outer loop
      vertex -25.575 9.39637 5.8
      vertex -26.2012 9.73107 0
      vertex -25.575 9.39637 0
    endloop
  endfacet
  facet normal -0.471385 0.881928 0
    outer loop
      vertex -25.575 -9.39637 0
      vertex -26.2012 -9.73107 5.8
      vertex -25.575 -9.39637 5.8
    endloop
  endfacet
  facet normal -0.471385 0.881928 0
    outer loop
      vertex -26.2012 -9.73107 5.8
      vertex -25.575 -9.39637 0
      vertex -26.2012 -9.73107 0
    endloop
  endfacet
  facet normal -0.35225 -0.935906 0
    outer loop
      vertex -27.5124 10.2742 0
      vertex -26.8479 10.0241 5.8
      vertex -27.5124 10.2742 5.8
    endloop
  endfacet
  facet normal -0.35225 -0.935906 -0
    outer loop
      vertex -26.8479 10.0241 5.8
      vertex -27.5124 10.2742 0
      vertex -26.8479 10.0241 0
    endloop
  endfacet
  facet normal -0.881918 0.471402 0
    outer loop
      vertex -21.6036 -5.425 0
      vertex -21.2689 -4.79883 5.8
      vertex -21.2689 -4.79883 0
    endloop
  endfacet
  facet normal -0.881918 0.471402 0
    outer loop
      vertex -21.2689 -4.79883 5.8
      vertex -21.6036 -5.425 0
      vertex -21.6036 -5.425 5.8
    endloop
  endfacet
  facet normal -0.812886 -0.582423 0
    outer loop
      vertex -21.9786 6.02794 0
      vertex -22.3921 6.60506 5.8
      vertex -22.3921 6.60506 0
    endloop
  endfacet
  facet normal -0.812886 -0.582423 0
    outer loop
      vertex -22.3921 6.60506 5.8
      vertex -21.9786 6.02794 0
      vertex -21.9786 6.02794 5.8
    endloop
  endfacet
  facet normal -0.986633 0.162955 0
    outer loop
      vertex -20.3585 -2.11673 0
      vertex -20.2428 -1.41621 5.8
      vertex -20.2428 -1.41621 0
    endloop
  endfacet
  facet normal -0.986633 0.162955 0
    outer loop
      vertex -20.2428 -1.41621 5.8
      vertex -20.3585 -2.11673 0
      vertex -20.3585 -2.11673 5.8
    endloop
  endfacet
  facet normal -0.986633 -0.162955 0
    outer loop
      vertex -20.2428 1.41621 0
      vertex -20.3585 2.11673 5.8
      vertex -20.3585 2.11673 0
    endloop
  endfacet
  facet normal -0.986633 -0.162955 0
    outer loop
      vertex -20.3585 2.11673 5.8
      vertex -20.2428 1.41621 0
      vertex -20.2428 1.41621 5.8
    endloop
  endfacet
  facet normal -0.683594 -0.729862 0
    outer loop
      vertex -23.8461 8.15746 0
      vertex -23.3279 7.67211 5.8
      vertex -23.8461 8.15746 5.8
    endloop
  endfacet
  facet normal -0.683594 -0.729862 -0
    outer loop
      vertex -23.3279 7.67211 5.8
      vertex -23.8461 8.15746 0
      vertex -23.3279 7.67211 0
    endloop
  endfacet
  facet normal -0.773025 -0.634375 0
    outer loop
      vertex -22.3921 6.60506 0
      vertex -22.8425 7.1539 5.8
      vertex -22.8425 7.1539 0
    endloop
  endfacet
  facet normal -0.773025 -0.634375 0
    outer loop
      vertex -22.8425 7.1539 5.8
      vertex -22.3921 6.60506 0
      vertex -22.3921 6.60506 5.8
    endloop
  endfacet
  facet normal -0.528081 -0.849194 0
    outer loop
      vertex -25.575 9.39637 0
      vertex -24.9721 9.02145 5.8
      vertex -25.575 9.39637 5.8
    endloop
  endfacet
  facet normal -0.528081 -0.849194 -0
    outer loop
      vertex -24.9721 9.02145 5.8
      vertex -25.575 9.39637 0
      vertex -24.9721 9.02145 0
    endloop
  endfacet
  facet normal -0.910877 -0.412678 0
    outer loop
      vertex -20.9759 4.15211 0
      vertex -21.2689 4.79883 5.8
      vertex -21.2689 4.79883 0
    endloop
  endfacet
  facet normal -0.910877 -0.412678 0
    outer loop
      vertex -21.2689 4.79883 5.8
      vertex -20.9759 4.15211 0
      vertex -20.9759 4.15211 5.8
    endloop
  endfacet
  facet normal -0.849159 0.528137 0
    outer loop
      vertex -21.9786 -6.02794 0
      vertex -21.6036 -5.425 5.8
      vertex -21.6036 -5.425 0
    endloop
  endfacet
  facet normal -0.849159 0.528137 0
    outer loop
      vertex -21.6036 -5.425 5.8
      vertex -21.9786 -6.02794 0
      vertex -21.9786 -6.02794 5.8
    endloop
  endfacet
  facet normal -0.227029 -0.973888 0
    outer loop
      vertex -28.8833 10.6415 0
      vertex -28.1918 10.4803 5.8
      vertex -28.8833 10.6415 5.8
    endloop
  endfacet
  facet normal -0.227029 -0.973888 -0
    outer loop
      vertex -28.1918 10.4803 5.8
      vertex -28.8833 10.6415 0
      vertex -28.1918 10.4803 0
    endloop
  endfacet
  facet normal -0.63442 0.772989 0
    outer loop
      vertex -23.8461 -8.15746 0
      vertex -24.3949 -8.60788 5.8
      vertex -23.8461 -8.15746 5.8
    endloop
  endfacet
  facet normal -0.63442 0.772989 0
    outer loop
      vertex -24.3949 -8.60788 5.8
      vertex -23.8461 -8.15746 0
      vertex -24.3949 -8.60788 0
    endloop
  endfacet
  facet normal -0.973885 -0.227042 0
    outer loop
      vertex -20.3585 2.11673 0
      vertex -20.5197 2.80819 5.8
      vertex -20.5197 2.80819 0
    endloop
  endfacet
  facet normal -0.973885 -0.227042 0
    outer loop
      vertex -20.5197 2.80819 5.8
      vertex -20.3585 2.11673 0
      vertex -20.3585 2.11673 5.8
    endloop
  endfacet
  facet normal -0.995184 0.0980273 0
    outer loop
      vertex -20.2428 -1.41621 0
      vertex -20.1732 -0.709623 5.8
      vertex -20.1732 -0.709623 0
    endloop
  endfacet
  facet normal -0.995184 0.0980273 0
    outer loop
      vertex -20.1732 -0.709623 5.8
      vertex -20.2428 -1.41621 0
      vertex -20.2428 -1.41621 5.8
    endloop
  endfacet
  facet normal -0.412723 -0.910856 0
    outer loop
      vertex -26.8479 10.0241 0
      vertex -26.2012 9.73107 5.8
      vertex -26.8479 10.0241 5.8
    endloop
  endfacet
  facet normal -0.412723 -0.910856 -0
    outer loop
      vertex -26.2012 9.73107 5.8
      vertex -26.8479 10.0241 0
      vertex -26.2012 9.73107 0
    endloop
  endfacet
  facet normal -0.290293 -0.956938 0
    outer loop
      vertex -28.1918 10.4803 0
      vertex -27.5124 10.2742 5.8
      vertex -28.1918 10.4803 5.8
    endloop
  endfacet
  facet normal -0.290293 -0.956938 -0
    outer loop
      vertex -27.5124 10.2742 5.8
      vertex -28.1918 10.4803 0
      vertex -27.5124 10.2742 0
    endloop
  endfacet
  facet normal -0.582435 -0.812877 0
    outer loop
      vertex -24.9721 9.02145 0
      vertex -24.3949 8.60788 5.8
      vertex -24.9721 9.02145 5.8
    endloop
  endfacet
  facet normal -0.582435 -0.812877 -0
    outer loop
      vertex -24.3949 8.60788 5.8
      vertex -24.9721 9.02145 0
      vertex -24.3949 8.60788 0
    endloop
  endfacet
  facet normal -0.956941 0.290281 0
    outer loop
      vertex -20.7258 -3.48762 0
      vertex -20.5197 -2.80819 5.8
      vertex -20.5197 -2.80819 0
    endloop
  endfacet
  facet normal -0.956941 0.290281 0
    outer loop
      vertex -20.5197 -2.80819 5.8
      vertex -20.7258 -3.48762 0
      vertex -20.7258 -3.48762 5.8
    endloop
  endfacet
  facet normal -0.773025 0.634375 0
    outer loop
      vertex -22.8425 -7.1539 0
      vertex -22.3921 -6.60506 5.8
      vertex -22.3921 -6.60506 0
    endloop
  endfacet
  facet normal -0.773025 0.634375 0
    outer loop
      vertex -22.3921 -6.60506 5.8
      vertex -22.8425 -7.1539 0
      vertex -22.8425 -7.1539 5.8
    endloop
  endfacet
  facet normal -0.63442 -0.772989 0
    outer loop
      vertex -24.3949 8.60788 0
      vertex -23.8461 8.15746 5.8
      vertex -24.3949 8.60788 5.8
    endloop
  endfacet
  facet normal -0.63442 -0.772989 -0
    outer loop
      vertex -23.8461 8.15746 5.8
      vertex -24.3949 8.60788 0
      vertex -23.8461 8.15746 0
    endloop
  endfacet
  facet normal -0.290293 0.956938 0
    outer loop
      vertex -27.5124 -10.2742 0
      vertex -28.1918 -10.4803 5.8
      vertex -27.5124 -10.2742 5.8
    endloop
  endfacet
  facet normal -0.290293 0.956938 0
    outer loop
      vertex -28.1918 -10.4803 5.8
      vertex -27.5124 -10.2742 0
      vertex -28.1918 -10.4803 0
    endloop
  endfacet
  facet normal -0.935904 -0.352255 0
    outer loop
      vertex -20.7258 3.48762 0
      vertex -20.9759 4.15211 5.8
      vertex -20.9759 4.15211 0
    endloop
  endfacet
  facet normal -0.935904 -0.352255 0
    outer loop
      vertex -20.9759 4.15211 5.8
      vertex -20.7258 3.48762 0
      vertex -20.7258 3.48762 5.8
    endloop
  endfacet
  facet normal -0.032677 0.999466 0
    outer loop
      vertex -30.2904 -10.8268 0
      vertex -31 -10.85 5.8
      vertex -30.2904 -10.8268 5.8
    endloop
  endfacet
  facet normal -0.032677 0.999466 0
    outer loop
      vertex -31 -10.85 5.8
      vertex -30.2904 -10.8268 0
      vertex -31 -10.85 0
    endloop
  endfacet
  facet normal -0.683594 0.729862 0
    outer loop
      vertex -23.3279 -7.67211 0
      vertex -23.8461 -8.15746 5.8
      vertex -23.3279 -7.67211 5.8
    endloop
  endfacet
  facet normal -0.683594 0.729862 0
    outer loop
      vertex -23.8461 -8.15746 5.8
      vertex -23.3279 -7.67211 0
      vertex -23.8461 -8.15746 0
    endloop
  endfacet
  facet normal -0.582435 0.812877 0
    outer loop
      vertex -24.3949 -8.60788 0
      vertex -24.9721 -9.02145 5.8
      vertex -24.3949 -8.60788 5.8
    endloop
  endfacet
  facet normal -0.582435 0.812877 0
    outer loop
      vertex -24.9721 -9.02145 5.8
      vertex -24.3949 -8.60788 0
      vertex -24.9721 -9.02145 0
    endloop
  endfacet
  facet normal -0.729834 -0.683625 0
    outer loop
      vertex -22.8425 7.1539 0
      vertex -23.3279 7.67211 5.8
      vertex -23.3279 7.67211 0
    endloop
  endfacet
  facet normal -0.729834 -0.683625 0
    outer loop
      vertex -23.3279 7.67211 5.8
      vertex -22.8425 7.1539 0
      vertex -22.8425 7.1539 5.8
    endloop
  endfacet
  facet normal -0.227029 0.973888 0
    outer loop
      vertex -28.1918 -10.4803 0
      vertex -28.8833 -10.6415 5.8
      vertex -28.1918 -10.4803 5.8
    endloop
  endfacet
  facet normal -0.227029 0.973888 0
    outer loop
      vertex -28.8833 -10.6415 5.8
      vertex -28.1918 -10.4803 0
      vertex -28.8833 -10.6415 0
    endloop
  endfacet
  facet normal -0.032677 -0.999466 0
    outer loop
      vertex -31 10.85 0
      vertex -30.2904 10.8268 5.8
      vertex -31 10.85 5.8
    endloop
  endfacet
  facet normal -0.032677 -0.999466 -0
    outer loop
      vertex -30.2904 10.8268 5.8
      vertex -31 10.85 0
      vertex -30.2904 10.8268 0
    endloop
  endfacet
  facet normal -0.528081 0.849194 0
    outer loop
      vertex -24.9721 -9.02145 0
      vertex -25.575 -9.39637 5.8
      vertex -24.9721 -9.02145 5.8
    endloop
  endfacet
  facet normal -0.528081 0.849194 0
    outer loop
      vertex -25.575 -9.39637 5.8
      vertex -24.9721 -9.02145 0
      vertex -25.575 -9.39637 0
    endloop
  endfacet
  facet normal 0.849227 -0.528028 0
    outer loop
      vertex 6.10362 -21.4218 5.8
      vertex 6.47855 -20.8188 0
      vertex 6.47855 -20.8188 5.8
    endloop
  endfacet
  facet normal 0.849227 -0.528028 0
    outer loop
      vertex 6.47855 -20.8188 0
      vertex 6.10362 -21.4218 5.8
      vertex 6.10362 -21.4218 0
    endloop
  endfacet
  facet normal -0.995184 -0.0980255 0
    outer loop
      vertex 26.3268 -26.1372 0
      vertex 26.2572 -25.4306 5.8
      vertex 26.2572 -25.4306 0
    endloop
  endfacet
  facet normal -0.995184 -0.0980255 0
    outer loop
      vertex 26.2572 -25.4306 5.8
      vertex 26.3268 -26.1372 0
      vertex 26.3268 -26.1372 5.8
    endloop
  endfacet
  facet normal -0.999466 -0.032677 0
    outer loop
      vertex 26.35 -26.8468 0
      vertex 26.3268 -26.1372 5.8
      vertex 26.3268 -26.1372 0
    endloop
  endfacet
  facet normal -0.999466 -0.032677 0
    outer loop
      vertex 26.3268 -26.1372 5.8
      vertex 26.35 -26.8468 0
      vertex 26.35 -26.8468 5.8
    endloop
  endfacet
  facet normal -0.582463 -0.812857 0
    outer loop
      vertex 21.5279 -17.8253 0
      vertex 22.1051 -18.2389 5.8
      vertex 21.5279 -17.8253 5.8
    endloop
  endfacet
  facet normal -0.582463 -0.812857 -0
    outer loop
      vertex 22.1051 -18.2389 5.8
      vertex 21.5279 -17.8253 0
      vertex 22.1051 -18.2389 0
    endloop
  endfacet
  facet normal 0.881933 0.471374 0
    outer loop
      vertex 6.10362 -32.2718 5.8
      vertex 5.76893 -31.6456 0
      vertex 5.76893 -31.6456 5.8
    endloop
  endfacet
  facet normal 0.881933 0.471374 0
    outer loop
      vertex 5.76893 -31.6456 0
      vertex 6.10362 -32.2718 5.8
      vertex 6.10362 -32.2718 0
    endloop
  endfacet
  facet normal -0.634403 -0.773003 0
    outer loop
      vertex 22.1051 -18.2389 0
      vertex 22.6539 -18.6893 5.8
      vertex 22.1051 -18.2389 5.8
    endloop
  endfacet
  facet normal -0.634403 -0.773003 -0
    outer loop
      vertex 22.6539 -18.6893 5.8
      vertex 22.1051 -18.2389 0
      vertex 22.6539 -18.6893 0
    endloop
  endfacet
  facet normal 0.16296 0.986633 -0
    outer loop
      vertex 14.0838 -37.604 0
      vertex 13.3833 -37.4883 5.8
      vertex 14.0838 -37.604 5.8
    endloop
  endfacet
  facet normal 0.16296 0.986633 0
    outer loop
      vertex 13.3833 -37.4883 5.8
      vertex 14.0838 -37.604 0
      vertex 13.3833 -37.4883 0
    endloop
  endfacet
  facet normal 0.995185 0.0980115 0
    outer loop
      vertex 4.74282 -28.263 5.8
      vertex 4.67323 -27.5564 0
      vertex 4.67323 -27.5564 5.8
    endloop
  endfacet
  facet normal 0.995185 0.0980115 0
    outer loop
      vertex 4.67323 -27.5564 0
      vertex 4.74282 -28.263 5.8
      vertex 4.74282 -28.263 0
    endloop
  endfacet
  facet normal 0.582516 -0.812819 0
    outer loop
      vertex 8.89494 -18.2389 0
      vertex 9.47206 -17.8253 5.8
      vertex 8.89494 -18.2389 5.8
    endloop
  endfacet
  facet normal 0.582516 -0.812819 0
    outer loop
      vertex 9.47206 -17.8253 5.8
      vertex 8.89494 -18.2389 0
      vertex 9.47206 -17.8253 0
    endloop
  endfacet
  facet normal 0.999465 -0.0327192 0
    outer loop
      vertex 4.65 -26.8468 5.8
      vertex 4.67323 -26.1372 0
      vertex 4.67323 -26.1372 5.8
    endloop
  endfacet
  facet normal 0.999465 -0.0327192 0
    outer loop
      vertex 4.67323 -26.1372 0
      vertex 4.65 -26.8468 5.8
      vertex 4.65 -26.8468 0
    endloop
  endfacet
  facet normal 0.683625 -0.729834 0
    outer loop
      vertex 7.82789 -19.1747 0
      vertex 8.3461 -18.6893 5.8
      vertex 7.82789 -19.1747 5.8
    endloop
  endfacet
  facet normal 0.683625 -0.729834 0
    outer loop
      vertex 8.3461 -18.6893 5.8
      vertex 7.82789 -19.1747 0
      vertex 8.3461 -18.6893 0
    endloop
  endfacet
  facet normal -0.412688 -0.910872 0
    outer loop
      vertex 19.6521 -16.8227 0
      vertex 20.2988 -17.1157 5.8
      vertex 19.6521 -16.8227 5.8
    endloop
  endfacet
  facet normal -0.412688 -0.910872 -0
    outer loop
      vertex 20.2988 -17.1157 5.8
      vertex 19.6521 -16.8227 0
      vertex 20.2988 -17.1157 0
    endloop
  endfacet
  facet normal -0.986646 0.16288 0
    outer loop
      vertex 26.2572 -28.263 0
      vertex 26.1494 -28.916 5
      vertex 26.2572 -28.263 5.8
    endloop
  endfacet
  facet normal -0.986633 0.16296 1.07607e-05
    outer loop
      vertex 26.1415 -28.9635 0
      vertex 26.1494 -28.916 5
      vertex 26.2572 -28.263 0
    endloop
  endfacet
  facet normal -0.98645 0.164062 0
    outer loop
      vertex 26.1494 -28.916 5
      vertex 26.1415 -28.9635 0
      vertex 26.1415 -28.9635 5
    endloop
  endfacet
  facet normal -0.986646 0.16288 0
    outer loop
      vertex 26.2572 -28.263 5.8
      vertex 26.1494 -28.916 5
      vertex 26.1494 -28.916 5.8
    endloop
  endfacet
  facet normal -0.910872 0.412688 0
    outer loop
      vertex 25.2311 -31.6456 0
      vertex 25.5241 -30.9989 5
      vertex 25.5241 -30.9989 0
    endloop
  endfacet
  facet normal -0.910872 0.412688 0
    outer loop
      vertex 25.5241 -30.9989 5
      vertex 25.2311 -31.6456 0
      vertex 25.2311 -31.6456 5
    endloop
  endfacet
  facet normal -0.935906 0.35225 0
    outer loop
      vertex 25.5241 -30.9989 0
      vertex 25.7742 -30.3344 5
      vertex 25.7742 -30.3344 0
    endloop
  endfacet
  facet normal -0.935906 0.35225 0
    outer loop
      vertex 25.7742 -30.3344 5
      vertex 25.5241 -30.9989 0
      vertex 25.5241 -30.9989 5
    endloop
  endfacet
  facet normal -0.412688 0.910872 0
    outer loop
      vertex 20.2988 -36.5779 0
      vertex 19.6521 -36.8709 5
      vertex 20.2988 -36.5779 5
    endloop
  endfacet
  facet normal -0.412688 0.910872 0
    outer loop
      vertex 19.6521 -36.8709 5
      vertex 20.2988 -36.5779 0
      vertex 19.6521 -36.8709 0
    endloop
  endfacet
  facet normal 0 0 0
    outer loop
      vertex 26.35 -26.8468 0
      vertex 26.35 -26.8468 5
      vertex 26.35 -26.8468 5.8
    endloop
  endfacet
  facet normal -0.999466 0.032677 0
    outer loop
      vertex 26.3268 -27.5564 0
      vertex 26.35 -26.8468 5
      vertex 26.35 -26.8468 0
    endloop
  endfacet
  facet normal -0.999466 0.032677 0
    outer loop
      vertex 26.35 -26.8468 5
      vertex 26.3268 -27.5564 0
      vertex 26.3268 -27.5564 5
    endloop
  endfacet
  facet normal -0.0980255 0.995184 0
    outer loop
      vertex 16.9162 -37.604 0
      vertex 16.2096 -37.6736 5
      vertex 16.9162 -37.604 5
    endloop
  endfacet
  facet normal -0.0980255 0.995184 0
    outer loop
      vertex 16.2096 -37.6736 5
      vertex 16.9162 -37.604 0
      vertex 16.2096 -37.6736 0
    endloop
  endfacet
  facet normal -0.956938 -0.290293 0
    outer loop
      vertex 25.9803 -24.0386 0
      vertex 25.7742 -23.3592 5.8
      vertex 25.7742 -23.3592 0
    endloop
  endfacet
  facet normal -0.956938 -0.290293 0
    outer loop
      vertex 25.7742 -23.3592 5.8
      vertex 25.9803 -24.0386 0
      vertex 25.9803 -24.0386 5.8
    endloop
  endfacet
  facet normal 0.528035 -0.849223 0
    outer loop
      vertex 9.47206 -17.8253 0
      vertex 10.075 -17.4504 5.8
      vertex 9.47206 -17.8253 5.8
    endloop
  endfacet
  facet normal 0.528035 -0.849223 0
    outer loop
      vertex 10.075 -17.4504 5.8
      vertex 9.47206 -17.8253 0
      vertex 10.075 -17.4504 0
    endloop
  endfacet
  facet normal -0.849183 -0.528099 0
    outer loop
      vertex 24.8964 -21.4218 0
      vertex 24.5214 -20.8188 5.8
      vertex 24.5214 -20.8188 0
    endloop
  endfacet
  facet normal -0.849183 -0.528099 0
    outer loop
      vertex 24.5214 -20.8188 5.8
      vertex 24.8964 -21.4218 0
      vertex 24.8964 -21.4218 5.8
    endloop
  endfacet
  facet normal 0.412688 -0.910872 0
    outer loop
      vertex 10.7012 -17.1157 0
      vertex 11.3479 -16.8227 5.8
      vertex 10.7012 -17.1157 5.8
    endloop
  endfacet
  facet normal 0.412688 -0.910872 0
    outer loop
      vertex 11.3479 -16.8227 5.8
      vertex 10.7012 -17.1157 0
      vertex 11.3479 -16.8227 0
    endloop
  endfacet
  facet normal 0.935906 0.35225 0
    outer loop
      vertex 5.47591 -30.9989 5.8
      vertex 5.22581 -30.3344 0
      vertex 5.22581 -30.3344 5.8
    endloop
  endfacet
  facet normal 0.935906 0.35225 0
    outer loop
      vertex 5.22581 -30.3344 0
      vertex 5.47591 -30.9989 5.8
      vertex 5.47591 -30.9989 0
    endloop
  endfacet
  facet normal 0.973882 -0.227056 0
    outer loop
      vertex 4.85848 -24.7301 5.8
      vertex 5.0197 -24.0386 0
      vertex 5.0197 -24.0386 5.8
    endloop
  endfacet
  facet normal 0.973882 -0.227056 0
    outer loop
      vertex 5.0197 -24.0386 0
      vertex 4.85848 -24.7301 5.8
      vertex 4.85848 -24.7301 0
    endloop
  endfacet
  facet normal -0.227029 -0.973888 0
    outer loop
      vertex 17.6167 -16.2053 0
      vertex 18.3082 -16.3665 5.8
      vertex 17.6167 -16.2053 5.8
    endloop
  endfacet
  facet normal -0.227029 -0.973888 -0
    outer loop
      vertex 18.3082 -16.3665 5.8
      vertex 17.6167 -16.2053 0
      vertex 18.3082 -16.3665 0
    endloop
  endfacet
  facet normal 0.986642 -0.162905 0
    outer loop
      vertex 4.74282 -25.4306 5.8
      vertex 4.85848 -24.7301 0
      vertex 4.85848 -24.7301 5.8
    endloop
  endfacet
  facet normal 0.986642 -0.162905 0
    outer loop
      vertex 4.85848 -24.7301 0
      vertex 4.74282 -25.4306 5.8
      vertex 4.74282 -25.4306 0
    endloop
  endfacet
  facet normal -0.35225 -0.935906 0
    outer loop
      vertex 18.9876 -16.5726 0
      vertex 19.6521 -16.8227 5.8
      vertex 18.9876 -16.5726 5.8
    endloop
  endfacet
  facet normal -0.35225 -0.935906 -0
    outer loop
      vertex 19.6521 -16.8227 5.8
      vertex 18.9876 -16.5726 0
      vertex 19.6521 -16.8227 0
    endloop
  endfacet
  facet normal -0.881928 0.471385 0
    outer loop
      vertex 24.8964 -32.2718 0
      vertex 25.2311 -31.6456 5
      vertex 25.2311 -31.6456 0
    endloop
  endfacet
  facet normal -0.881928 0.471385 0
    outer loop
      vertex 25.2311 -31.6456 5
      vertex 24.8964 -32.2718 0
      vertex 24.8964 -32.2718 5
    endloop
  endfacet
  facet normal 0.995185 -0.0980115 0
    outer loop
      vertex 4.67323 -26.1372 5.8
      vertex 4.74282 -25.4306 0
      vertex 4.74282 -25.4306 5.8
    endloop
  endfacet
  facet normal 0.995185 -0.0980115 0
    outer loop
      vertex 4.74282 -25.4306 0
      vertex 4.67323 -26.1372 5.8
      vertex 4.67323 -26.1372 0
    endloop
  endfacet
  facet normal -0.812876 -0.582437 0
    outer loop
      vertex 24.5214 -20.8188 0
      vertex 24.1079 -20.2417 5.8
      vertex 24.1079 -20.2417 0
    endloop
  endfacet
  facet normal -0.812876 -0.582437 0
    outer loop
      vertex 24.1079 -20.2417 5.8
      vertex 24.5214 -20.8188 0
      vertex 24.5214 -20.8188 5.8
    endloop
  endfacet
  facet normal -0.881928 -0.471385 0
    outer loop
      vertex 25.2311 -22.048 0
      vertex 24.8964 -21.4218 5.8
      vertex 24.8964 -21.4218 0
    endloop
  endfacet
  facet normal -0.881928 -0.471385 0
    outer loop
      vertex 24.8964 -21.4218 5.8
      vertex 25.2311 -22.048 0
      vertex 25.2311 -22.048 5.8
    endloop
  endfacet
  facet normal 0.290293 -0.956938 0
    outer loop
      vertex 12.0124 -16.5726 0
      vertex 12.6918 -16.3665 5.8
      vertex 12.0124 -16.5726 5.8
    endloop
  endfacet
  facet normal 0.290293 -0.956938 0
    outer loop
      vertex 12.6918 -16.3665 5.8
      vertex 12.0124 -16.5726 0
      vertex 12.6918 -16.3665 0
    endloop
  endfacet
  facet normal 0.634375 -0.773025 0
    outer loop
      vertex 8.3461 -18.6893 0
      vertex 8.89494 -18.2389 5.8
      vertex 8.3461 -18.6893 5.8
    endloop
  endfacet
  facet normal 0.634375 -0.773025 0
    outer loop
      vertex 8.89494 -18.2389 5.8
      vertex 8.3461 -18.6893 0
      vertex 8.89494 -18.2389 0
    endloop
  endfacet
  facet normal 0.471385 0.881928 -0
    outer loop
      vertex 10.7012 -36.5779 0
      vertex 10.075 -36.2432 5.8
      vertex 10.7012 -36.5779 5.8
    endloop
  endfacet
  facet normal 0.471385 0.881928 0
    outer loop
      vertex 10.075 -36.2432 5.8
      vertex 10.7012 -36.5779 0
      vertex 10.075 -36.2432 0
    endloop
  endfacet
  facet normal 0.290293 0.956938 -0
    outer loop
      vertex 12.6918 -37.3271 0
      vertex 12.0124 -37.121 5.8
      vertex 12.6918 -37.3271 5.8
    endloop
  endfacet
  facet normal 0.290293 0.956938 0
    outer loop
      vertex 12.0124 -37.121 5.8
      vertex 12.6918 -37.3271 0
      vertex 12.0124 -37.121 0
    endloop
  endfacet
  facet normal -0.52806 -0.849207 0
    outer loop
      vertex 20.925 -17.4504 0
      vertex 21.5279 -17.8253 5.8
      vertex 20.925 -17.4504 5.8
    endloop
  endfacet
  facet normal -0.52806 -0.849207 -0
    outer loop
      vertex 21.5279 -17.8253 5.8
      vertex 20.925 -17.4504 0
      vertex 21.5279 -17.8253 0
    endloop
  endfacet
  facet normal -0.910872 -0.412688 0
    outer loop
      vertex 25.5241 -22.6947 0
      vertex 25.2311 -22.048 5.8
      vertex 25.2311 -22.048 0
    endloop
  endfacet
  facet normal -0.910872 -0.412688 0
    outer loop
      vertex 25.2311 -22.048 5.8
      vertex 25.5241 -22.6947 0
      vertex 25.5241 -22.6947 5.8
    endloop
  endfacet
  facet normal -0.773003 -0.634403 0
    outer loop
      vertex 24.1079 -20.2417 0
      vertex 23.6575 -19.6929 5.8
      vertex 23.6575 -19.6929 0
    endloop
  endfacet
  facet normal -0.773003 -0.634403 0
    outer loop
      vertex 23.6575 -19.6929 5.8
      vertex 24.1079 -20.2417 0
      vertex 24.1079 -20.2417 5.8
    endloop
  endfacet
  facet normal 0.812877 0.582435 0
    outer loop
      vertex 6.89212 -33.4519 5.8
      vertex 6.47855 -32.8747 0
      vertex 6.47855 -32.8747 5.8
    endloop
  endfacet
  facet normal 0.812877 0.582435 0
    outer loop
      vertex 6.47855 -32.8747 0
      vertex 6.89212 -33.4519 5.8
      vertex 6.89212 -33.4519 0
    endloop
  endfacet
  facet normal -0.973888 -0.227029 0
    outer loop
      vertex 26.1415 -24.7301 0
      vertex 25.9803 -24.0386 5.8
      vertex 25.9803 -24.0386 0
    endloop
  endfacet
  facet normal -0.973888 -0.227029 0
    outer loop
      vertex 25.9803 -24.0386 5.8
      vertex 26.1415 -24.7301 0
      vertex 26.1415 -24.7301 5.8
    endloop
  endfacet
  facet normal -0.634487 0.772933 0
    outer loop
      vertex 22.6539 -35.0042 0
      vertex 22.1051 -35.4547 5
      vertex 22.6539 -35.0042 5
    endloop
  endfacet
  facet normal -0.634487 0.772933 0
    outer loop
      vertex 22.1051 -35.4547 5
      vertex 22.6539 -35.0042 0
      vertex 22.1051 -35.4547 0
    endloop
  endfacet
  facet normal -0.81303 0.582221 0
    outer loop
      vertex 24.5214 -32.8747 0
      vertex 24.4934 -32.9138 5
      vertex 24.5214 -32.8747 5
    endloop
  endfacet
  facet normal -0.812924 0.58237 1.76049e-06
    outer loop
      vertex 24.1079 -33.4519 0
      vertex 24.4934 -32.9138 5
      vertex 24.5214 -32.8747 0
    endloop
  endfacet
  facet normal -0.812916 0.582381 0
    outer loop
      vertex 24.1079 -33.4519 5.8
      vertex 24.4934 -32.9138 5
      vertex 24.1079 -33.4519 0
    endloop
  endfacet
  facet normal -0.812916 0.582381 0
    outer loop
      vertex 24.4934 -32.9138 5
      vertex 24.1079 -33.4519 5.8
      vertex 24.4934 -32.9138 5.8
    endloop
  endfacet
  facet normal -0.0980255 -0.995184 0
    outer loop
      vertex 16.2096 -16.02 0
      vertex 16.9162 -16.0896 5.8
      vertex 16.2096 -16.02 5.8
    endloop
  endfacet
  facet normal -0.0980255 -0.995184 -0
    outer loop
      vertex 16.9162 -16.0896 5.8
      vertex 16.2096 -16.02 0
      vertex 16.9162 -16.0896 0
    endloop
  endfacet
  facet normal 0.772989 -0.63442 0
    outer loop
      vertex 6.89212 -20.2417 5.8
      vertex 7.34254 -19.6929 0
      vertex 7.34254 -19.6929 5.8
    endloop
  endfacet
  facet normal 0.772989 -0.63442 0
    outer loop
      vertex 7.34254 -19.6929 0
      vertex 6.89212 -20.2417 5.8
      vertex 6.89212 -20.2417 0
    endloop
  endfacet
  facet normal 0.0980255 -0.995184 0
    outer loop
      vertex 14.0838 -16.0896 0
      vertex 14.7904 -16.02 5.8
      vertex 14.0838 -16.0896 5.8
    endloop
  endfacet
  facet normal 0.0980255 -0.995184 0
    outer loop
      vertex 14.7904 -16.02 5.8
      vertex 14.0838 -16.0896 0
      vertex 14.7904 -16.02 0
    endloop
  endfacet
  facet normal -0.16296 -0.986633 0
    outer loop
      vertex 16.9162 -16.0896 0
      vertex 17.6167 -16.2053 5.8
      vertex 16.9162 -16.0896 5.8
    endloop
  endfacet
  facet normal -0.16296 -0.986633 -0
    outer loop
      vertex 17.6167 -16.2053 5.8
      vertex 16.9162 -16.0896 0
      vertex 17.6167 -16.2053 0
    endloop
  endfacet
  facet normal -0.995221 0.0976521 0
    outer loop
      vertex 26.3268 -27.5564 0
      vertex 26.3221 -27.6043 5
      vertex 26.3268 -27.5564 5
    endloop
  endfacet
  facet normal -0.995184 0.0980255 3.61117e-06
    outer loop
      vertex 26.2572 -28.263 0
      vertex 26.3221 -27.6043 5
      vertex 26.3268 -27.5564 0
    endloop
  endfacet
  facet normal -0.995181 0.0980526 0
    outer loop
      vertex 26.2572 -28.263 5.8
      vertex 26.3221 -27.6043 5
      vertex 26.2572 -28.263 0
    endloop
  endfacet
  facet normal -0.995181 0.0980526 0
    outer loop
      vertex 26.3221 -27.6043 5
      vertex 26.2572 -28.263 5.8
      vertex 26.3221 -27.6043 5.8
    endloop
  endfacet
  facet normal 0.986642 0.162905 0
    outer loop
      vertex 4.85848 -28.9635 5.8
      vertex 4.74282 -28.263 0
      vertex 4.74282 -28.263 5.8
    endloop
  endfacet
  facet normal 0.986642 0.162905 0
    outer loop
      vertex 4.74282 -28.263 0
      vertex 4.85848 -28.9635 5.8
      vertex 4.85848 -28.9635 0
    endloop
  endfacet
  facet normal 0.0980255 0.995184 -0
    outer loop
      vertex 14.7904 -37.6736 0
      vertex 14.0838 -37.604 5.8
      vertex 14.7904 -37.6736 5.8
    endloop
  endfacet
  facet normal 0.0980255 0.995184 0
    outer loop
      vertex 14.0838 -37.604 5.8
      vertex 14.7904 -37.6736 0
      vertex 14.0838 -37.604 0
    endloop
  endfacet
  facet normal 0.999465 0.0327192 0
    outer loop
      vertex 4.67323 -27.5564 5.8
      vertex 4.65 -26.8468 0
      vertex 4.65 -26.8468 5.8
    endloop
  endfacet
  facet normal 0.999465 0.0327192 0
    outer loop
      vertex 4.65 -26.8468 0
      vertex 4.67323 -27.5564 5.8
      vertex 4.67323 -27.5564 0
    endloop
  endfacet
  facet normal -0.032677 0.999466 0
    outer loop
      vertex 16.2096 -37.6736 0
      vertex 15.5 -37.6968 5
      vertex 16.2096 -37.6736 5
    endloop
  endfacet
  facet normal -0.032677 0.999466 0
    outer loop
      vertex 15.5 -37.6968 5
      vertex 16.2096 -37.6736 0
      vertex 15.5 -37.6968 0
    endloop
  endfacet
  facet normal -0.956938 0.290293 0
    outer loop
      vertex 25.7742 -30.3344 0
      vertex 25.9803 -29.655 5
      vertex 25.9803 -29.655 0
    endloop
  endfacet
  facet normal -0.956938 0.290293 0
    outer loop
      vertex 25.9803 -29.655 5
      vertex 25.7742 -30.3344 0
      vertex 25.7742 -30.3344 5
    endloop
  endfacet
  facet normal 0.812829 -0.582502 0
    outer loop
      vertex 6.47855 -20.8188 5.8
      vertex 6.89212 -20.2417 0
      vertex 6.89212 -20.2417 5.8
    endloop
  endfacet
  facet normal 0.812829 -0.582502 0
    outer loop
      vertex 6.89212 -20.2417 0
      vertex 6.47855 -20.8188 5.8
      vertex 6.47855 -20.8188 0
    endloop
  endfacet
  facet normal -0.77298 0.63443 0
    outer loop
      vertex 24.1079 -33.4519 0
      vertex 23.688 -33.9635 5
      vertex 24.1079 -33.4519 5.8
    endloop
  endfacet
  facet normal -0.773003 0.634403 -4.64252e-06
    outer loop
      vertex 23.6575 -34.0007 0
      vertex 23.688 -33.9635 5
      vertex 24.1079 -33.4519 0
    endloop
  endfacet
  facet normal -0.773309 0.63403 0
    outer loop
      vertex 23.688 -33.9635 5
      vertex 23.6575 -34.0007 0
      vertex 23.6575 -34.0007 5
    endloop
  endfacet
  facet normal -0.77298 0.63443 0
    outer loop
      vertex 24.1079 -33.4519 5.8
      vertex 23.688 -33.9635 5
      vertex 23.688 -33.9635 5.8
    endloop
  endfacet
  facet normal -0.16296 0.986633 0
    outer loop
      vertex 17.6167 -37.4883 0
      vertex 16.9162 -37.604 5
      vertex 17.6167 -37.4883 5
    endloop
  endfacet
  facet normal -0.16296 0.986633 0
    outer loop
      vertex 16.9162 -37.604 5
      vertex 17.6167 -37.4883 0
      vertex 16.9162 -37.604 0
    endloop
  endfacet
  facet normal 0.412688 0.910872 -0
    outer loop
      vertex 11.3479 -36.8709 0
      vertex 10.7012 -36.5779 5.8
      vertex 11.3479 -36.8709 5.8
    endloop
  endfacet
  facet normal 0.412688 0.910872 0
    outer loop
      vertex 10.7012 -36.5779 5.8
      vertex 11.3479 -36.8709 0
      vertex 10.7012 -36.5779 0
    endloop
  endfacet
  facet normal -0.471404 0.881918 0
    outer loop
      vertex 20.925 -36.2432 5.8
      vertex 20.3413 -36.5552 5
      vertex 20.3413 -36.5552 5.8
    endloop
  endfacet
  facet normal -0.471404 0.881918 0
    outer loop
      vertex 20.925 -36.2432 0
      vertex 20.3413 -36.5552 5
      vertex 20.925 -36.2432 5.8
    endloop
  endfacet
  facet normal -0.471385 0.881928 2.81958e-06
    outer loop
      vertex 20.2988 -36.5779 0
      vertex 20.3413 -36.5552 5
      vertex 20.925 -36.2432 0
    endloop
  endfacet
  facet normal -0.471127 0.882066 0
    outer loop
      vertex 20.3413 -36.5552 5
      vertex 20.2988 -36.5779 0
      vertex 20.2988 -36.5779 5
    endloop
  endfacet
  facet normal 0.935906 -0.35225 0
    outer loop
      vertex 5.22581 -23.3592 5.8
      vertex 5.47591 -22.6947 0
      vertex 5.47591 -22.6947 5.8
    endloop
  endfacet
  facet normal 0.935906 -0.35225 0
    outer loop
      vertex 5.47591 -22.6947 0
      vertex 5.22581 -23.3592 5.8
      vertex 5.22581 -23.3592 0
    endloop
  endfacet
  facet normal 0.956934 -0.290306 0
    outer loop
      vertex 5.0197 -24.0386 5.8
      vertex 5.22581 -23.3592 0
      vertex 5.22581 -23.3592 5.8
    endloop
  endfacet
  facet normal 0.956934 -0.290306 0
    outer loop
      vertex 5.22581 -23.3592 0
      vertex 5.0197 -24.0386 5.8
      vertex 5.0197 -24.0386 0
    endloop
  endfacet
  facet normal 0.471385 -0.881928 0
    outer loop
      vertex 10.075 -17.4504 0
      vertex 10.7012 -17.1157 5.8
      vertex 10.075 -17.4504 5.8
    endloop
  endfacet
  facet normal 0.471385 -0.881928 0
    outer loop
      vertex 10.7012 -17.1157 5.8
      vertex 10.075 -17.4504 0
      vertex 10.7012 -17.1157 0
    endloop
  endfacet
  facet normal 0.973882 0.227056 0
    outer loop
      vertex 5.0197 -29.655 5.8
      vertex 4.85848 -28.9635 0
      vertex 4.85848 -28.9635 5.8
    endloop
  endfacet
  facet normal 0.973882 0.227056 0
    outer loop
      vertex 4.85848 -28.9635 0
      vertex 5.0197 -29.655 5.8
      vertex 5.0197 -29.655 0
    endloop
  endfacet
  facet normal 0.35225 0.935906 -0
    outer loop
      vertex 12.0124 -37.121 0
      vertex 11.3479 -36.8709 5.8
      vertex 12.0124 -37.121 5.8
    endloop
  endfacet
  facet normal 0.35225 0.935906 0
    outer loop
      vertex 11.3479 -36.8709 5.8
      vertex 12.0124 -37.121 0
      vertex 11.3479 -36.8709 0
    endloop
  endfacet
  facet normal -0.973888 0.227029 0
    outer loop
      vertex 25.9803 -29.655 0
      vertex 26.1415 -28.9635 5
      vertex 26.1415 -28.9635 0
    endloop
  endfacet
  facet normal -0.973888 0.227029 0
    outer loop
      vertex 26.1415 -28.9635 5
      vertex 25.9803 -29.655 0
      vertex 25.9803 -29.655 5
    endloop
  endfacet
  facet normal -0.849144 0.528162 0
    outer loop
      vertex 24.5214 -32.8747 0
      vertex 24.8964 -32.2718 5
      vertex 24.8964 -32.2718 0
    endloop
  endfacet
  facet normal -0.849144 0.528162 0
    outer loop
      vertex 24.8964 -32.2718 5
      vertex 24.5214 -32.8747 0
      vertex 24.5214 -32.8747 5
    endloop
  endfacet
  facet normal -0.935906 -0.35225 0
    outer loop
      vertex 25.7742 -23.3592 0
      vertex 25.5241 -22.6947 5.8
      vertex 25.5241 -22.6947 0
    endloop
  endfacet
  facet normal -0.935906 -0.35225 0
    outer loop
      vertex 25.5241 -22.6947 5.8
      vertex 25.7742 -23.3592 0
      vertex 25.7742 -23.3592 5.8
    endloop
  endfacet
  facet normal -0.986633 -0.16296 0
    outer loop
      vertex 26.2572 -25.4306 0
      vertex 26.1415 -24.7301 5.8
      vertex 26.1415 -24.7301 0
    endloop
  endfacet
  facet normal -0.986633 -0.16296 0
    outer loop
      vertex 26.1415 -24.7301 5.8
      vertex 26.2572 -25.4306 0
      vertex 26.2572 -25.4306 5.8
    endloop
  endfacet
  facet normal 0.16296 -0.986633 0
    outer loop
      vertex 13.3833 -16.2053 0
      vertex 14.0838 -16.0896 5.8
      vertex 13.3833 -16.2053 5.8
    endloop
  endfacet
  facet normal 0.16296 -0.986633 0
    outer loop
      vertex 14.0838 -16.0896 5.8
      vertex 13.3833 -16.2053 0
      vertex 14.0838 -16.0896 0
    endloop
  endfacet
  facet normal 0.956934 0.290306 0
    outer loop
      vertex 5.22581 -30.3344 5.8
      vertex 5.0197 -29.655 0
      vertex 5.0197 -29.655 5.8
    endloop
  endfacet
  facet normal 0.956934 0.290306 0
    outer loop
      vertex 5.0197 -29.655 0
      vertex 5.22581 -30.3344 5.8
      vertex 5.22581 -30.3344 0
    endloop
  endfacet
  facet normal -0.683632 -0.729827 0
    outer loop
      vertex 22.6539 -18.6893 0
      vertex 23.1721 -19.1747 5.8
      vertex 22.6539 -18.6893 5.8
    endloop
  endfacet
  facet normal -0.683632 -0.729827 -0
    outer loop
      vertex 23.1721 -19.1747 5.8
      vertex 22.6539 -18.6893 0
      vertex 23.1721 -19.1747 0
    endloop
  endfacet
  facet normal -0.032677 -0.999466 0
    outer loop
      vertex 15.5 -15.9968 0
      vertex 16.2096 -16.02 5.8
      vertex 15.5 -15.9968 5.8
    endloop
  endfacet
  facet normal -0.032677 -0.999466 -0
    outer loop
      vertex 16.2096 -16.02 5.8
      vertex 15.5 -15.9968 0
      vertex 16.2096 -16.02 0
    endloop
  endfacet
  facet normal 0.772989 0.63442 0
    outer loop
      vertex 7.34254 -34.0007 5.8
      vertex 6.89212 -33.4519 0
      vertex 6.89212 -33.4519 5.8
    endloop
  endfacet
  facet normal 0.772989 0.63442 0
    outer loop
      vertex 6.89212 -33.4519 0
      vertex 7.34254 -34.0007 5.8
      vertex 7.34254 -34.0007 0
    endloop
  endfacet
  facet normal 0.227029 -0.973888 0
    outer loop
      vertex 12.6918 -16.3665 0
      vertex 13.3833 -16.2053 5.8
      vertex 12.6918 -16.3665 5.8
    endloop
  endfacet
  facet normal 0.227029 -0.973888 0
    outer loop
      vertex 13.3833 -16.2053 5.8
      vertex 12.6918 -16.3665 0
      vertex 13.3833 -16.2053 0
    endloop
  endfacet
  facet normal 0.032677 0.999466 -0
    outer loop
      vertex 15.5 -37.6968 0
      vertex 14.7904 -37.6736 5
      vertex 15.5 -37.6968 5
    endloop
  endfacet
  facet normal 0.032677 0.999466 0
    outer loop
      vertex 14.7904 -37.6736 5
      vertex 15.5 -37.6968 0
      vertex 14.7904 -37.6736 0
    endloop
  endfacet
  facet normal 0 0 0
    outer loop
      vertex 14.7904 -37.6736 0
      vertex 14.7904 -37.6736 5.8
      vertex 14.7904 -37.6736 5
    endloop
  endfacet
  facet normal 0.032677 -0.999466 0
    outer loop
      vertex 14.7904 -16.02 0
      vertex 15.5 -15.9968 5.8
      vertex 14.7904 -16.02 5.8
    endloop
  endfacet
  facet normal 0.032677 -0.999466 0
    outer loop
      vertex 15.5 -15.9968 5.8
      vertex 14.7904 -16.02 0
      vertex 15.5 -15.9968 0
    endloop
  endfacet
  facet normal -0.528502 0.848932 0
    outer loop
      vertex 21.5279 -35.8682 5
      vertex 21.5279 -35.8682 0
      vertex 21.4871 -35.8936 5
    endloop
  endfacet
  facet normal -0.528137 0.849159 0
    outer loop
      vertex 21.4871 -35.8936 5
      vertex 20.925 -36.2432 5.8
      vertex 21.4871 -35.8936 5.8
    endloop
  endfacet
  facet normal -0.528162 0.849144 3.84784e-06
    outer loop
      vertex 20.925 -36.2432 0
      vertex 21.4871 -35.8936 5
      vertex 21.5279 -35.8682 0
    endloop
  endfacet
  facet normal -0.528137 0.849159 0
    outer loop
      vertex 21.4871 -35.8936 5
      vertex 20.925 -36.2432 0
      vertex 20.925 -36.2432 5.8
    endloop
  endfacet
  facet normal 0.227029 0.973888 -0
    outer loop
      vertex 13.3833 -37.4883 0
      vertex 12.6918 -37.3271 5.8
      vertex 13.3833 -37.4883 5.8
    endloop
  endfacet
  facet normal 0.227029 0.973888 0
    outer loop
      vertex 12.6918 -37.3271 5.8
      vertex 13.3833 -37.4883 0
      vertex 12.6918 -37.3271 0
    endloop
  endfacet
  facet normal 0.729862 -0.683594 0
    outer loop
      vertex 7.34254 -19.6929 5.8
      vertex 7.82789 -19.1747 0
      vertex 7.82789 -19.1747 5.8
    endloop
  endfacet
  facet normal 0.729862 -0.683594 0
    outer loop
      vertex 7.82789 -19.1747 0
      vertex 7.34254 -19.6929 5.8
      vertex 7.34254 -19.6929 0
    endloop
  endfacet
  facet normal -0.35225 0.935906 0
    outer loop
      vertex 19.6521 -36.8709 0
      vertex 18.9876 -37.121 5
      vertex 19.6521 -36.8709 5
    endloop
  endfacet
  facet normal -0.35225 0.935906 0
    outer loop
      vertex 18.9876 -37.121 5
      vertex 19.6521 -36.8709 0
      vertex 18.9876 -37.121 0
    endloop
  endfacet
  facet normal 0.582423 0.812886 -0
    outer loop
      vertex 9.47206 -35.8682 0
      vertex 8.89494 -35.4547 5.8
      vertex 9.47206 -35.8682 5.8
    endloop
  endfacet
  facet normal 0.582423 0.812886 0
    outer loop
      vertex 8.89494 -35.4547 5.8
      vertex 9.47206 -35.8682 0
      vertex 8.89494 -35.4547 0
    endloop
  endfacet
  facet normal -0.58237 0.812924 0
    outer loop
      vertex 22.1051 -35.4547 0
      vertex 21.5279 -35.8682 5
      vertex 22.1051 -35.4547 5
    endloop
  endfacet
  facet normal -0.58237 0.812924 0
    outer loop
      vertex 21.5279 -35.8682 5
      vertex 22.1051 -35.4547 0
      vertex 21.5279 -35.8682 0
    endloop
  endfacet
  facet normal 0.68355 0.729904 -0
    outer loop
      vertex 8.3461 -35.0042 0
      vertex 7.82789 -34.5189 5.8
      vertex 8.3461 -35.0042 5.8
    endloop
  endfacet
  facet normal 0.68355 0.729904 0
    outer loop
      vertex 7.82789 -34.5189 5.8
      vertex 8.3461 -35.0042 0
      vertex 7.82789 -34.5189 0
    endloop
  endfacet
  facet normal 0.528137 0.849159 -0
    outer loop
      vertex 10.075 -36.2432 0
      vertex 9.47206 -35.8682 5.8
      vertex 10.075 -36.2432 5.8
    endloop
  endfacet
  facet normal 0.528137 0.849159 0
    outer loop
      vertex 9.47206 -35.8682 5.8
      vertex 10.075 -36.2432 0
      vertex 9.47206 -35.8682 0
    endloop
  endfacet
  facet normal -0.290293 -0.956938 0
    outer loop
      vertex 18.3082 -16.3665 0
      vertex 18.9876 -16.5726 5.8
      vertex 18.3082 -16.3665 5.8
    endloop
  endfacet
  facet normal -0.290293 -0.956938 -0
    outer loop
      vertex 18.9876 -16.5726 5.8
      vertex 18.3082 -16.3665 0
      vertex 18.9876 -16.5726 0
    endloop
  endfacet
  facet normal 0.634459 0.772956 -0
    outer loop
      vertex 8.89494 -35.4547 0
      vertex 8.3461 -35.0042 5.8
      vertex 8.89494 -35.4547 5.8
    endloop
  endfacet
  facet normal 0.634459 0.772956 0
    outer loop
      vertex 8.3461 -35.0042 5.8
      vertex 8.89494 -35.4547 0
      vertex 8.3461 -35.0042 0
    endloop
  endfacet
  facet normal 0.849188 0.528091 0
    outer loop
      vertex 6.47855 -32.8747 5.8
      vertex 6.10362 -32.2718 0
      vertex 6.10362 -32.2718 5.8
    endloop
  endfacet
  facet normal 0.849188 0.528091 0
    outer loop
      vertex 6.10362 -32.2718 0
      vertex 6.47855 -32.8747 5.8
      vertex 6.47855 -32.8747 0
    endloop
  endfacet
  facet normal -0.729827 -0.683632 0
    outer loop
      vertex 23.6575 -19.6929 0
      vertex 23.1721 -19.1747 5.8
      vertex 23.1721 -19.1747 0
    endloop
  endfacet
  facet normal -0.729827 -0.683632 0
    outer loop
      vertex 23.1721 -19.1747 5.8
      vertex 23.6575 -19.6929 0
      vertex 23.6575 -19.6929 5.8
    endloop
  endfacet
  facet normal -0.290293 0.956938 0
    outer loop
      vertex 18.9876 -37.121 0
      vertex 18.3082 -37.3271 5
      vertex 18.9876 -37.121 5
    endloop
  endfacet
  facet normal -0.290293 0.956938 0
    outer loop
      vertex 18.3082 -37.3271 5
      vertex 18.9876 -37.121 0
      vertex 18.3082 -37.3271 0
    endloop
  endfacet
  facet normal 0.729862 0.683594 0
    outer loop
      vertex 7.82789 -34.5189 5.8
      vertex 7.34254 -34.0007 0
      vertex 7.34254 -34.0007 5.8
    endloop
  endfacet
  facet normal 0.729862 0.683594 0
    outer loop
      vertex 7.34254 -34.0007 0
      vertex 7.82789 -34.5189 5.8
      vertex 7.82789 -34.5189 0
    endloop
  endfacet
  facet normal -0.471385 -0.881928 0
    outer loop
      vertex 20.2988 -17.1157 0
      vertex 20.925 -17.4504 5.8
      vertex 20.2988 -17.1157 5.8
    endloop
  endfacet
  facet normal -0.471385 -0.881928 -0
    outer loop
      vertex 20.925 -17.4504 5.8
      vertex 20.2988 -17.1157 0
      vertex 20.925 -17.4504 0
    endloop
  endfacet
  facet normal -0.227029 0.973888 0
    outer loop
      vertex 18.3082 -37.3271 0
      vertex 17.6167 -37.4883 5
      vertex 18.3082 -37.3271 5
    endloop
  endfacet
  facet normal -0.227029 0.973888 0
    outer loop
      vertex 17.6167 -37.4883 5
      vertex 18.3082 -37.3271 0
      vertex 17.6167 -37.4883 0
    endloop
  endfacet
  facet normal 0.881933 -0.471374 0
    outer loop
      vertex 5.76893 -22.048 5.8
      vertex 6.10362 -21.4218 0
      vertex 6.10362 -21.4218 5.8
    endloop
  endfacet
  facet normal 0.881933 -0.471374 0
    outer loop
      vertex 6.10362 -21.4218 0
      vertex 5.76893 -22.048 5.8
      vertex 5.76893 -22.048 0
    endloop
  endfacet
  facet normal 0.910862 0.412712 0
    outer loop
      vertex 5.76893 -31.6456 5.8
      vertex 5.47591 -30.9989 0
      vertex 5.47591 -30.9989 5.8
    endloop
  endfacet
  facet normal 0.910862 0.412712 0
    outer loop
      vertex 5.47591 -30.9989 0
      vertex 5.76893 -31.6456 5.8
      vertex 5.76893 -31.6456 0
    endloop
  endfacet
  facet normal 0.35225 -0.935906 0
    outer loop
      vertex 11.3479 -16.8227 0
      vertex 12.0124 -16.5726 5.8
      vertex 11.3479 -16.8227 5.8
    endloop
  endfacet
  facet normal 0.35225 -0.935906 0
    outer loop
      vertex 12.0124 -16.5726 5.8
      vertex 11.3479 -16.8227 0
      vertex 12.0124 -16.5726 0
    endloop
  endfacet
  facet normal -0.683557 0.729897 0
    outer loop
      vertex 23.1721 -34.5189 0
      vertex 22.6539 -35.0042 5
      vertex 23.1721 -34.5189 5
    endloop
  endfacet
  facet normal -0.683557 0.729897 0
    outer loop
      vertex 22.6539 -35.0042 5
      vertex 23.1721 -34.5189 0
      vertex 22.6539 -35.0042 0
    endloop
  endfacet
  facet normal -0.729827 0.683632 0
    outer loop
      vertex 23.1721 -34.5189 0
      vertex 23.6575 -34.0007 5
      vertex 23.6575 -34.0007 0
    endloop
  endfacet
  facet normal -0.729827 0.683632 0
    outer loop
      vertex 23.6575 -34.0007 5
      vertex 23.1721 -34.5189 0
      vertex 23.1721 -34.5189 5
    endloop
  endfacet
  facet normal 0.910862 -0.412712 0
    outer loop
      vertex 5.47591 -22.6947 5.8
      vertex 5.76893 -22.048 0
      vertex 5.76893 -22.048 5.8
    endloop
  endfacet
  facet normal 0.910862 -0.412712 0
    outer loop
      vertex 5.76893 -22.048 0
      vertex 5.47591 -22.6947 5.8
      vertex 5.47591 -22.6947 0
    endloop
  endfacet
  facet normal -0.989176 -0.146736 0
    outer loop
      vertex 13.9326 1.37224 0
      vertex 13.731 2.73126 5
      vertex 13.731 2.73126 0
    endloop
  endfacet
  facet normal -0.989176 -0.146736 0
    outer loop
      vertex 13.731 2.73126 5
      vertex 13.9326 1.37224 0
      vertex 13.9326 1.37224 5
    endloop
  endfacet
  facet normal -0.998796 -0.0490576 0
    outer loop
      vertex 14 0 0
      vertex 13.9326 1.37224 5
      vertex 13.9326 1.37224 0
    endloop
  endfacet
  facet normal -0.998796 -0.0490576 0
    outer loop
      vertex 13.9326 1.37224 5
      vertex 14 0 0
      vertex 14 0 5
    endloop
  endfacet
  facet normal -0.970036 -0.24296 0
    outer loop
      vertex 13.731 2.73126 0
      vertex 13.3972 4.06398 5
      vertex 13.3972 4.06398 0
    endloop
  endfacet
  facet normal -0.970036 -0.24296 0
    outer loop
      vertex 13.3972 4.06398 5
      vertex 13.731 2.73126 0
      vertex 13.731 2.73126 5
    endloop
  endfacet
  facet normal -0.33692 0.941533 0
    outer loop
      vertex 5.35757 -12.9343 0
      vertex 4.06398 -13.3972 5
      vertex 5.35757 -12.9343 5
    endloop
  endfacet
  facet normal -0.33692 0.941533 0
    outer loop
      vertex 4.06398 -13.3972 5
      vertex 5.35757 -12.9343 0
      vertex 4.06398 -13.3972 0
    endloop
  endfacet
  facet normal 0.51409 0.857736 -0
    outer loop
      vertex -6.59955 -12.3469 0
      vertex -7.77798 -11.6406 5
      vertex -6.59955 -12.3469 5
    endloop
  endfacet
  facet normal 0.51409 0.857736 0
    outer loop
      vertex -7.77798 -11.6406 5
      vertex -6.59955 -12.3469 0
      vertex -7.77798 -11.6406 0
    endloop
  endfacet
  facet normal -0.740963 -0.671546 0
    outer loop
      vertex 10.8221 8.88151 0
      vertex 9.89949 9.89949 5
      vertex 9.89949 9.89949 0
    endloop
  endfacet
  facet normal -0.740963 -0.671546 0
    outer loop
      vertex 9.89949 9.89949 5
      vertex 10.8221 8.88151 0
      vertex 10.8221 8.88151 5
    endloop
  endfacet
  facet normal -0.51409 0.857736 0
    outer loop
      vertex 7.77798 -11.6406 0
      vertex 6.59955 -12.3469 5
      vertex 7.77798 -11.6406 5
    endloop
  endfacet
  facet normal -0.51409 0.857736 0
    outer loop
      vertex 6.59955 -12.3469 5
      vertex 7.77798 -11.6406 0
      vertex 6.59955 -12.3469 0
    endloop
  endfacet
  facet normal 0.427547 -0.903993 0
    outer loop
      vertex -6.59955 12.3469 0
      vertex -5.35757 12.9343 5
      vertex -6.59955 12.3469 5
    endloop
  endfacet
  facet normal 0.427547 -0.903993 0
    outer loop
      vertex -5.35757 12.9343 5
      vertex -6.59955 12.3469 0
      vertex -5.35757 12.9343 0
    endloop
  endfacet
  facet normal -0.989176 0.146736 0
    outer loop
      vertex 13.731 -2.73126 0
      vertex 13.9326 -1.37224 5
      vertex 13.9326 -1.37224 0
    endloop
  endfacet
  facet normal -0.989176 0.146736 0
    outer loop
      vertex 13.9326 -1.37224 5
      vertex 13.731 -2.73126 0
      vertex 13.731 -2.73126 5
    endloop
  endfacet
  facet normal -0.24296 0.970036 0
    outer loop
      vertex 4.06398 -13.3972 0
      vertex 2.73126 -13.731 5
      vertex 4.06398 -13.3972 5
    endloop
  endfacet
  facet normal -0.24296 0.970036 0
    outer loop
      vertex 2.73126 -13.731 5
      vertex 4.06398 -13.3972 0
      vertex 2.73126 -13.731 0
    endloop
  endfacet
  facet normal 0.24296 -0.970036 0
    outer loop
      vertex -4.06398 13.3972 0
      vertex -2.73126 13.731 5
      vertex -4.06398 13.3972 5
    endloop
  endfacet
  facet normal 0.24296 -0.970036 0
    outer loop
      vertex -2.73126 13.731 5
      vertex -4.06398 13.3972 0
      vertex -2.73126 13.731 0
    endloop
  endfacet
  facet normal 0.941533 0.33692 0
    outer loop
      vertex -12.9343 -5.35757 5
      vertex -13.3972 -4.06398 0
      vertex -13.3972 -4.06398 5
    endloop
  endfacet
  facet normal 0.941533 0.33692 0
    outer loop
      vertex -13.3972 -4.06398 0
      vertex -12.9343 -5.35757 5
      vertex -12.9343 -5.35757 0
    endloop
  endfacet
  facet normal -0.803184 0.59573 0
    outer loop
      vertex 10.8221 -8.88151 0
      vertex 11.6406 -7.77798 5
      vertex 11.6406 -7.77798 0
    endloop
  endfacet
  facet normal -0.803184 0.59573 0
    outer loop
      vertex 11.6406 -7.77798 5
      vertex 10.8221 -8.88151 0
      vertex 10.8221 -8.88151 5
    endloop
  endfacet
  facet normal 0.51409 -0.857736 0
    outer loop
      vertex -7.77798 11.6406 0
      vertex -6.59955 12.3469 5
      vertex -7.77798 11.6406 5
    endloop
  endfacet
  facet normal 0.51409 -0.857736 0
    outer loop
      vertex -6.59955 12.3469 5
      vertex -7.77798 11.6406 0
      vertex -6.59955 12.3469 0
    endloop
  endfacet
  facet normal 0.146736 0.989176 -0
    outer loop
      vertex -1.37224 -13.9326 0
      vertex -2.73126 -13.731 5
      vertex -1.37224 -13.9326 5
    endloop
  endfacet
  facet normal 0.146736 0.989176 0
    outer loop
      vertex -2.73126 -13.731 5
      vertex -1.37224 -13.9326 0
      vertex -2.73126 -13.731 0
    endloop
  endfacet
  facet normal -0.59573 0.803184 0
    outer loop
      vertex 8.88151 -10.8221 0
      vertex 7.77798 -11.6406 5
      vertex 8.88151 -10.8221 5
    endloop
  endfacet
  facet normal -0.59573 0.803184 0
    outer loop
      vertex 7.77798 -11.6406 5
      vertex 8.88151 -10.8221 0
      vertex 7.77798 -11.6406 0
    endloop
  endfacet
  facet normal 0.24296 0.970036 -0
    outer loop
      vertex -2.73126 -13.731 0
      vertex -4.06398 -13.3972 5
      vertex -2.73126 -13.731 5
    endloop
  endfacet
  facet normal 0.24296 0.970036 0
    outer loop
      vertex -4.06398 -13.3972 5
      vertex -2.73126 -13.731 0
      vertex -4.06398 -13.3972 0
    endloop
  endfacet
  facet normal -0.903993 0.427547 0
    outer loop
      vertex 12.3469 -6.59955 0
      vertex 12.9343 -5.35757 5
      vertex 12.9343 -5.35757 0
    endloop
  endfacet
  facet normal -0.903993 0.427547 0
    outer loop
      vertex 12.9343 -5.35757 5
      vertex 12.3469 -6.59955 0
      vertex 12.3469 -6.59955 5
    endloop
  endfacet
  facet normal -0.51409 -0.857736 0
    outer loop
      vertex 6.59955 12.3469 0
      vertex 7.77798 11.6406 5
      vertex 6.59955 12.3469 5
    endloop
  endfacet
  facet normal -0.51409 -0.857736 -0
    outer loop
      vertex 7.77798 11.6406 5
      vertex 6.59955 12.3469 0
      vertex 7.77798 11.6406 0
    endloop
  endfacet
  facet normal 0.857736 0.51409 0
    outer loop
      vertex -11.6406 -7.77798 5
      vertex -12.3469 -6.59955 0
      vertex -12.3469 -6.59955 5
    endloop
  endfacet
  facet normal 0.857736 0.51409 0
    outer loop
      vertex -12.3469 -6.59955 0
      vertex -11.6406 -7.77798 5
      vertex -11.6406 -7.77798 0
    endloop
  endfacet
  facet normal -0.970036 0.24296 0
    outer loop
      vertex 13.3972 -4.06398 0
      vertex 13.731 -2.73126 5
      vertex 13.731 -2.73126 0
    endloop
  endfacet
  facet normal -0.970036 0.24296 0
    outer loop
      vertex 13.731 -2.73126 5
      vertex 13.3972 -4.06398 0
      vertex 13.3972 -4.06398 5
    endloop
  endfacet
  facet normal 0.857736 -0.51409 0
    outer loop
      vertex -12.3469 6.59955 5
      vertex -11.6406 7.77798 0
      vertex -11.6406 7.77798 5
    endloop
  endfacet
  facet normal 0.857736 -0.51409 0
    outer loop
      vertex -11.6406 7.77798 0
      vertex -12.3469 6.59955 5
      vertex -12.3469 6.59955 0
    endloop
  endfacet
  facet normal 0.59573 -0.803184 0
    outer loop
      vertex -8.88151 10.8221 0
      vertex -7.77798 11.6406 5
      vertex -8.88151 10.8221 5
    endloop
  endfacet
  facet normal 0.59573 -0.803184 0
    outer loop
      vertex -7.77798 11.6406 5
      vertex -8.88151 10.8221 0
      vertex -7.77798 11.6406 0
    endloop
  endfacet
  facet normal 0.803184 0.59573 0
    outer loop
      vertex -10.8221 -8.88151 5
      vertex -11.6406 -7.77798 0
      vertex -11.6406 -7.77798 5
    endloop
  endfacet
  facet normal 0.803184 0.59573 0
    outer loop
      vertex -11.6406 -7.77798 0
      vertex -10.8221 -8.88151 5
      vertex -10.8221 -8.88151 0
    endloop
  endfacet
  facet normal -0.427547 -0.903993 0
    outer loop
      vertex 5.35757 12.9343 0
      vertex 6.59955 12.3469 5
      vertex 5.35757 12.9343 5
    endloop
  endfacet
  facet normal -0.427547 -0.903993 -0
    outer loop
      vertex 6.59955 12.3469 5
      vertex 5.35757 12.9343 0
      vertex 6.59955 12.3469 0
    endloop
  endfacet
  facet normal -0.146736 0.989176 0
    outer loop
      vertex 2.73126 -13.731 0
      vertex 1.37224 -13.9326 5
      vertex 2.73126 -13.731 5
    endloop
  endfacet
  facet normal -0.146736 0.989176 0
    outer loop
      vertex 1.37224 -13.9326 5
      vertex 2.73126 -13.731 0
      vertex 1.37224 -13.9326 0
    endloop
  endfacet
  facet normal 0.146735 -0.989176 0
    outer loop
      vertex -2.73126 13.731 0
      vertex -1.48885 13.9153 5
      vertex -2.73126 13.731 5
    endloop
  endfacet
  facet normal 0.146735 -0.989176 0
    outer loop
      vertex -1.48885 13.9153 5
      vertex -2.73126 13.731 0
      vertex -1.48885 13.9153 0
    endloop
  endfacet
  facet normal 0.903993 0.427547 0
    outer loop
      vertex -12.3469 -6.59955 5
      vertex -12.9343 -5.35757 0
      vertex -12.9343 -5.35757 5
    endloop
  endfacet
  facet normal 0.903993 0.427547 0
    outer loop
      vertex -12.9343 -5.35757 0
      vertex -12.3469 -6.59955 5
      vertex -12.3469 -6.59955 0
    endloop
  endfacet
  facet normal -0.59573 -0.803184 0
    outer loop
      vertex 7.77798 11.6406 0
      vertex 8.88151 10.8221 5
      vertex 7.77798 11.6406 5
    endloop
  endfacet
  facet normal -0.59573 -0.803184 -0
    outer loop
      vertex 8.88151 10.8221 5
      vertex 7.77798 11.6406 0
      vertex 8.88151 10.8221 0
    endloop
  endfacet
  facet normal -0.998796 0.0490576 0
    outer loop
      vertex 13.9326 -1.37224 0
      vertex 14 0 5
      vertex 14 0 0
    endloop
  endfacet
  facet normal -0.998796 0.0490576 0
    outer loop
      vertex 14 0 5
      vertex 13.9326 -1.37224 0
      vertex 13.9326 -1.37224 5
    endloop
  endfacet
  facet normal -0.24296 -0.970036 0
    outer loop
      vertex 2.73126 13.731 0
      vertex 4.06398 13.3972 5
      vertex 2.73126 13.731 5
    endloop
  endfacet
  facet normal -0.24296 -0.970036 -0
    outer loop
      vertex 4.06398 13.3972 5
      vertex 2.73126 13.731 0
      vertex 4.06398 13.3972 0
    endloop
  endfacet
  facet normal 0.970036 -0.24296 0
    outer loop
      vertex -13.731 2.73126 5
      vertex -13.3972 4.06398 0
      vertex -13.3972 4.06398 5
    endloop
  endfacet
  facet normal 0.970036 -0.24296 0
    outer loop
      vertex -13.3972 4.06398 0
      vertex -13.731 2.73126 5
      vertex -13.731 2.73126 0
    endloop
  endfacet
  facet normal 0.59573 0.803184 -0
    outer loop
      vertex -7.77798 -11.6406 0
      vertex -8.88151 -10.8221 5
      vertex -7.77798 -11.6406 5
    endloop
  endfacet
  facet normal 0.59573 0.803184 0
    outer loop
      vertex -8.88151 -10.8221 5
      vertex -7.77798 -11.6406 0
      vertex -8.88151 -10.8221 0
    endloop
  endfacet
  facet normal 0.740963 -0.671546 0
    outer loop
      vertex -10.8221 8.88151 5
      vertex -9.89949 9.89949 0
      vertex -9.89949 9.89949 5
    endloop
  endfacet
  facet normal 0.740963 -0.671546 0
    outer loop
      vertex -9.89949 9.89949 0
      vertex -10.8221 8.88151 5
      vertex -10.8221 8.88151 0
    endloop
  endfacet
  facet normal -0.941533 -0.33692 0
    outer loop
      vertex 13.3972 4.06398 0
      vertex 12.9343 5.35757 5
      vertex 12.9343 5.35757 0
    endloop
  endfacet
  facet normal -0.941533 -0.33692 0
    outer loop
      vertex 12.9343 5.35757 5
      vertex 13.3972 4.06398 0
      vertex 13.3972 4.06398 5
    endloop
  endfacet
  facet normal -0.857736 0.51409 0
    outer loop
      vertex 11.6406 -7.77798 0
      vertex 12.3469 -6.59955 5
      vertex 12.3469 -6.59955 0
    endloop
  endfacet
  facet normal -0.857736 0.51409 0
    outer loop
      vertex 12.3469 -6.59955 5
      vertex 11.6406 -7.77798 0
      vertex 11.6406 -7.77798 5
    endloop
  endfacet
  facet normal -0.33692 -0.941533 0
    outer loop
      vertex 4.06398 13.3972 0
      vertex 5.35757 12.9343 5
      vertex 4.06398 13.3972 5
    endloop
  endfacet
  facet normal -0.33692 -0.941533 -0
    outer loop
      vertex 5.35757 12.9343 5
      vertex 4.06398 13.3972 0
      vertex 5.35757 12.9343 0
    endloop
  endfacet
  facet normal -0.803184 -0.59573 0
    outer loop
      vertex 11.6406 7.77798 0
      vertex 10.8221 8.88151 5
      vertex 10.8221 8.88151 0
    endloop
  endfacet
  facet normal -0.803184 -0.59573 0
    outer loop
      vertex 10.8221 8.88151 5
      vertex 11.6406 7.77798 0
      vertex 11.6406 7.77798 5
    endloop
  endfacet
  facet normal -0.857736 -0.51409 0
    outer loop
      vertex 12.3469 6.59955 0
      vertex 11.6406 7.77798 5
      vertex 11.6406 7.77798 0
    endloop
  endfacet
  facet normal -0.857736 -0.51409 0
    outer loop
      vertex 11.6406 7.77798 5
      vertex 12.3469 6.59955 0
      vertex 12.3469 6.59955 5
    endloop
  endfacet
  facet normal 0.427547 0.903993 -0
    outer loop
      vertex -5.35757 -12.9343 0
      vertex -6.59955 -12.3469 5
      vertex -5.35757 -12.9343 5
    endloop
  endfacet
  facet normal 0.427547 0.903993 0
    outer loop
      vertex -6.59955 -12.3469 5
      vertex -5.35757 -12.9343 0
      vertex -6.59955 -12.3469 0
    endloop
  endfacet
  facet normal 0.970036 0.24296 0
    outer loop
      vertex -13.3972 -4.06398 5
      vertex -13.731 -2.73126 0
      vertex -13.731 -2.73126 5
    endloop
  endfacet
  facet normal 0.970036 0.24296 0
    outer loop
      vertex -13.731 -2.73126 0
      vertex -13.3972 -4.06398 5
      vertex -13.3972 -4.06398 0
    endloop
  endfacet
  facet normal -0.903993 -0.427547 0
    outer loop
      vertex 12.9343 5.35757 0
      vertex 12.3469 6.59955 5
      vertex 12.3469 6.59955 0
    endloop
  endfacet
  facet normal -0.903993 -0.427547 0
    outer loop
      vertex 12.3469 6.59955 5
      vertex 12.9343 5.35757 0
      vertex 12.9343 5.35757 5
    endloop
  endfacet
  facet normal -0.427547 0.903993 0
    outer loop
      vertex 6.59955 -12.3469 0
      vertex 5.35757 -12.9343 5
      vertex 6.59955 -12.3469 5
    endloop
  endfacet
  facet normal -0.427547 0.903993 0
    outer loop
      vertex 5.35757 -12.9343 5
      vertex 6.59955 -12.3469 0
      vertex 5.35757 -12.9343 0
    endloop
  endfacet
  facet normal -0.146735 -0.989176 0
    outer loop
      vertex 1.48885 13.9153 0
      vertex 2.73126 13.731 5
      vertex 1.48885 13.9153 5
    endloop
  endfacet
  facet normal -0.146735 -0.989176 -0
    outer loop
      vertex 2.73126 13.731 5
      vertex 1.48885 13.9153 0
      vertex 2.73126 13.731 0
    endloop
  endfacet
  facet normal 0.671546 -0.740963 0
    outer loop
      vertex -9.89949 9.89949 0
      vertex -8.88151 10.8221 5
      vertex -9.89949 9.89949 5
    endloop
  endfacet
  facet normal 0.671546 -0.740963 0
    outer loop
      vertex -8.88151 10.8221 5
      vertex -9.89949 9.89949 0
      vertex -8.88151 10.8221 0
    endloop
  endfacet
  facet normal 0.989176 -0.146736 0
    outer loop
      vertex -13.9326 1.37224 5
      vertex -13.731 2.73126 0
      vertex -13.731 2.73126 5
    endloop
  endfacet
  facet normal 0.989176 -0.146736 0
    outer loop
      vertex -13.731 2.73126 0
      vertex -13.9326 1.37224 5
      vertex -13.9326 1.37224 0
    endloop
  endfacet
  facet normal 0.941533 -0.33692 0
    outer loop
      vertex -13.3972 4.06398 5
      vertex -12.9343 5.35757 0
      vertex -12.9343 5.35757 5
    endloop
  endfacet
  facet normal 0.941533 -0.33692 0
    outer loop
      vertex -12.9343 5.35757 0
      vertex -13.3972 4.06398 5
      vertex -13.3972 4.06398 0
    endloop
  endfacet
  facet normal 0.33692 -0.941533 0
    outer loop
      vertex -5.35757 12.9343 0
      vertex -4.06398 13.3972 5
      vertex -5.35757 12.9343 5
    endloop
  endfacet
  facet normal 0.33692 -0.941533 0
    outer loop
      vertex -4.06398 13.3972 5
      vertex -5.35757 12.9343 0
      vertex -4.06398 13.3972 0
    endloop
  endfacet
  facet normal 0.998796 0.0490576 0
    outer loop
      vertex -13.9326 -1.37224 5
      vertex -14 0 0
      vertex -14 0 5
    endloop
  endfacet
  facet normal 0.998796 0.0490576 0
    outer loop
      vertex -14 0 0
      vertex -13.9326 -1.37224 5
      vertex -13.9326 -1.37224 0
    endloop
  endfacet
  facet normal -0.671546 -0.740963 0
    outer loop
      vertex 8.88151 10.8221 0
      vertex 9.89949 9.89949 5
      vertex 8.88151 10.8221 5
    endloop
  endfacet
  facet normal -0.671546 -0.740963 -0
    outer loop
      vertex 9.89949 9.89949 5
      vertex 8.88151 10.8221 0
      vertex 9.89949 9.89949 0
    endloop
  endfacet
  facet normal 0.803184 -0.59573 0
    outer loop
      vertex -11.6406 7.77798 5
      vertex -10.8221 8.88151 0
      vertex -10.8221 8.88151 5
    endloop
  endfacet
  facet normal 0.803184 -0.59573 0
    outer loop
      vertex -10.8221 8.88151 0
      vertex -11.6406 7.77798 5
      vertex -11.6406 7.77798 0
    endloop
  endfacet
  facet normal 0.740963 0.671546 0
    outer loop
      vertex -9.89949 -9.89949 5
      vertex -10.8221 -8.88151 0
      vertex -10.8221 -8.88151 5
    endloop
  endfacet
  facet normal 0.740963 0.671546 0
    outer loop
      vertex -10.8221 -8.88151 0
      vertex -9.89949 -9.89949 5
      vertex -9.89949 -9.89949 0
    endloop
  endfacet
  facet normal -0.0490576 0.998796 0
    outer loop
      vertex 1.37224 -13.9326 0
      vertex 0 -14 5
      vertex 1.37224 -13.9326 5
    endloop
  endfacet
  facet normal -0.0490576 0.998796 0
    outer loop
      vertex 0 -14 5
      vertex 1.37224 -13.9326 0
      vertex 0 -14 0
    endloop
  endfacet
  facet normal 0.989176 0.146736 0
    outer loop
      vertex -13.731 -2.73126 5
      vertex -13.9326 -1.37224 0
      vertex -13.9326 -1.37224 5
    endloop
  endfacet
  facet normal 0.989176 0.146736 0
    outer loop
      vertex -13.9326 -1.37224 0
      vertex -13.731 -2.73126 5
      vertex -13.731 -2.73126 0
    endloop
  endfacet
  facet normal 0.903993 -0.427547 0
    outer loop
      vertex -12.9343 5.35757 5
      vertex -12.3469 6.59955 0
      vertex -12.3469 6.59955 5
    endloop
  endfacet
  facet normal 0.903993 -0.427547 0
    outer loop
      vertex -12.3469 6.59955 0
      vertex -12.9343 5.35757 5
      vertex -12.9343 5.35757 0
    endloop
  endfacet
  facet normal -0.941533 0.33692 0
    outer loop
      vertex 12.9343 -5.35757 0
      vertex 13.3972 -4.06398 5
      vertex 13.3972 -4.06398 0
    endloop
  endfacet
  facet normal -0.941533 0.33692 0
    outer loop
      vertex 13.3972 -4.06398 5
      vertex 12.9343 -5.35757 0
      vertex 12.9343 -5.35757 5
    endloop
  endfacet
  facet normal 0.671546 0.740963 -0
    outer loop
      vertex -8.88151 -10.8221 0
      vertex -9.89949 -9.89949 5
      vertex -8.88151 -10.8221 5
    endloop
  endfacet
  facet normal 0.671546 0.740963 0
    outer loop
      vertex -9.89949 -9.89949 5
      vertex -8.88151 -10.8221 0
      vertex -9.89949 -9.89949 0
    endloop
  endfacet
  facet normal 0.33692 0.941533 -0
    outer loop
      vertex -4.06398 -13.3972 0
      vertex -5.35757 -12.9343 5
      vertex -4.06398 -13.3972 5
    endloop
  endfacet
  facet normal 0.33692 0.941533 0
    outer loop
      vertex -5.35757 -12.9343 5
      vertex -4.06398 -13.3972 0
      vertex -5.35757 -12.9343 0
    endloop
  endfacet
  facet normal 0.0490576 0.998796 -0
    outer loop
      vertex 0 -14 0
      vertex -1.37224 -13.9326 5
      vertex 0 -14 5
    endloop
  endfacet
  facet normal 0.0490576 0.998796 0
    outer loop
      vertex -1.37224 -13.9326 5
      vertex 0 -14 0
      vertex -1.37224 -13.9326 0
    endloop
  endfacet
  facet normal 0.998796 -0.0490576 0
    outer loop
      vertex -14 0 5
      vertex -13.9326 1.37224 0
      vertex -13.9326 1.37224 5
    endloop
  endfacet
  facet normal 0.998796 -0.0490576 0
    outer loop
      vertex -13.9326 1.37224 0
      vertex -14 0 5
      vertex -14 0 0
    endloop
  endfacet
  facet normal -0.740963 0.671546 0
    outer loop
      vertex 9.89949 -9.89949 0
      vertex 10.8221 -8.88151 5
      vertex 10.8221 -8.88151 0
    endloop
  endfacet
  facet normal -0.740963 0.671546 0
    outer loop
      vertex 10.8221 -8.88151 5
      vertex 9.89949 -9.89949 0
      vertex 9.89949 -9.89949 5
    endloop
  endfacet
  facet normal -0.671546 0.740963 0
    outer loop
      vertex 9.89949 -9.89949 0
      vertex 8.88151 -10.8221 5
      vertex 9.89949 -9.89949 5
    endloop
  endfacet
  facet normal -0.671546 0.740963 0
    outer loop
      vertex 8.88151 -10.8221 5
      vertex 9.89949 -9.89949 0
      vertex 8.88151 -10.8221 0
    endloop
  endfacet
  facet normal 0.793388 -0.608716 0
    outer loop
      vertex -1.29904 14.75 5
      vertex -1.06066 15.0607 0
      vertex -1.06066 15.0607 5
    endloop
  endfacet
  facet normal 0.793388 -0.608716 0
    outer loop
      vertex -1.06066 15.0607 0
      vertex -1.29904 14.75 5
      vertex -1.29904 14.75 0
    endloop
  endfacet
  facet normal -0.923891 -0.382656 0
    outer loop
      vertex 1.44889 14.3882 0
      vertex 1.29904 14.75 5
      vertex 1.29904 14.75 0
    endloop
  endfacet
  facet normal -0.923891 -0.382656 0
    outer loop
      vertex 1.29904 14.75 5
      vertex 1.44889 14.3882 0
      vertex 1.44889 14.3882 5
    endloop
  endfacet
  facet normal -0.991444 -0.130532 0
    outer loop
      vertex 1.5 14 0
      vertex 1.44889 14.3882 5
      vertex 1.44889 14.3882 0
    endloop
  endfacet
  facet normal -0.991444 -0.130532 0
    outer loop
      vertex 1.44889 14.3882 5
      vertex 1.5 14 0
      vertex 1.5 14 5
    endloop
  endfacet
  facet normal 0.991444 -0.130532 0
    outer loop
      vertex -1.5 14 5
      vertex -1.44889 14.3882 0
      vertex -1.44889 14.3882 5
    endloop
  endfacet
  facet normal 0.991444 -0.130532 0
    outer loop
      vertex -1.44889 14.3882 0
      vertex -1.5 14 5
      vertex -1.5 14 0
    endloop
  endfacet
  facet normal 0.991446 0.130515 0
    outer loop
      vertex -1.48885 13.9153 5
      vertex -1.5 14 0
      vertex -1.5 14 5
    endloop
  endfacet
  facet normal 0.991446 0.130515 0
    outer loop
      vertex -1.5 14 0
      vertex -1.48885 13.9153 5
      vertex -1.48885 13.9153 0
    endloop
  endfacet
  facet normal 0.923891 -0.382656 0
    outer loop
      vertex -1.44889 14.3882 5
      vertex -1.29904 14.75 0
      vertex -1.29904 14.75 5
    endloop
  endfacet
  facet normal 0.923891 -0.382656 0
    outer loop
      vertex -1.29904 14.75 0
      vertex -1.44889 14.3882 5
      vertex -1.44889 14.3882 0
    endloop
  endfacet
  facet normal -0.382791 -0.923835 0
    outer loop
      vertex 0.388228 15.4489 0
      vertex 0.75 15.299 5
      vertex 0.388228 15.4489 5
    endloop
  endfacet
  facet normal -0.382791 -0.923835 -0
    outer loop
      vertex 0.75 15.299 5
      vertex 0.388228 15.4489 0
      vertex 0.75 15.299 0
    endloop
  endfacet
  facet normal 0.130498 -0.991449 0
    outer loop
      vertex -0.388228 15.4489 0
      vertex 0 15.5 5
      vertex -0.388228 15.4489 5
    endloop
  endfacet
  facet normal 0.130498 -0.991449 0
    outer loop
      vertex 0 15.5 5
      vertex -0.388228 15.4489 0
      vertex 0 15.5 0
    endloop
  endfacet
  facet normal 0.608636 -0.793449 0
    outer loop
      vertex -1.06066 15.0607 0
      vertex -0.75 15.299 5
      vertex -1.06066 15.0607 5
    endloop
  endfacet
  facet normal 0.608636 -0.793449 0
    outer loop
      vertex -0.75 15.299 5
      vertex -1.06066 15.0607 0
      vertex -0.75 15.299 0
    endloop
  endfacet
  facet normal 0.382791 -0.923835 0
    outer loop
      vertex -0.75 15.299 0
      vertex -0.388228 15.4489 5
      vertex -0.75 15.299 5
    endloop
  endfacet
  facet normal 0.382791 -0.923835 0
    outer loop
      vertex -0.388228 15.4489 5
      vertex -0.75 15.299 0
      vertex -0.388228 15.4489 0
    endloop
  endfacet
  facet normal -0.991446 0.130515 0
    outer loop
      vertex 1.48885 13.9153 0
      vertex 1.5 14 5
      vertex 1.5 14 0
    endloop
  endfacet
  facet normal -0.991446 0.130515 0
    outer loop
      vertex 1.5 14 5
      vertex 1.48885 13.9153 0
      vertex 1.48885 13.9153 5
    endloop
  endfacet
  facet normal -0.608636 -0.793449 0
    outer loop
      vertex 0.75 15.299 0
      vertex 1.06066 15.0607 5
      vertex 0.75 15.299 5
    endloop
  endfacet
  facet normal -0.608636 -0.793449 -0
    outer loop
      vertex 1.06066 15.0607 5
      vertex 0.75 15.299 0
      vertex 1.06066 15.0607 0
    endloop
  endfacet
  facet normal -0.130498 -0.991449 0
    outer loop
      vertex 0 15.5 0
      vertex 0.388228 15.4489 5
      vertex 0 15.5 5
    endloop
  endfacet
  facet normal -0.130498 -0.991449 -0
    outer loop
      vertex 0.388228 15.4489 5
      vertex 0 15.5 0
      vertex 0.388228 15.4489 0
    endloop
  endfacet
  facet normal -0.793388 -0.608716 0
    outer loop
      vertex 1.29904 14.75 0
      vertex 1.06066 15.0607 5
      vertex 1.06066 15.0607 0
    endloop
  endfacet
  facet normal -0.793388 -0.608716 0
    outer loop
      vertex 1.06066 15.0607 5
      vertex 1.29904 14.75 0
      vertex 1.29904 14.75 5
    endloop
  endfacet
  facet normal 0.740884 -0.671632 0
    outer loop
      vertex 40.2426 -4.24264 58.49
      vertex 40.6381 -3.80636 5
      vertex 40.6381 -3.80636 58.49
    endloop
  endfacet
  facet normal 0.740884 -0.671632 0
    outer loop
      vertex 40.6381 -3.80636 5
      vertex 40.2426 -4.24264 58.49
      vertex 40.2426 -4.24264 5
    endloop
  endfacet
  facet normal 0.941578 -0.336794 0
    outer loop
      vertex 41.5433 -2.2961 58.49
      vertex 41.7416 -1.74171 5
      vertex 41.7416 -1.74171 58.49
    endloop
  endfacet
  facet normal 0.941578 -0.336794 0
    outer loop
      vertex 41.7416 -1.74171 5
      vertex 41.5433 -2.2961 58.49
      vertex 41.5433 -2.2961 5
    endloop
  endfacet
  facet normal 0.803253 0.595638 0
    outer loop
      vertex 40.9888 3.33342 58.49
      vertex 40.6381 3.80636 5
      vertex 40.6381 3.80636 58.49
    endloop
  endfacet
  facet normal 0.803253 0.595638 0
    outer loop
      vertex 40.6381 3.80636 5
      vertex 40.9888 3.33342 58.49
      vertex 40.9888 3.33342 5
    endloop
  endfacet
  facet normal -0.998795 0.0490819 0
    outer loop
      vertex 30 0 5
      vertex 30.0289 0.588102 58.49
      vertex 30.0289 0.588102 5
    endloop
  endfacet
  facet normal -0.998795 0.0490819 0
    outer loop
      vertex 30.0289 0.588102 58.49
      vertex 30 0 5
      vertex 30 0 58.49
    endloop
  endfacet
  facet normal 0.989176 0.146736 0
    outer loop
      vertex 41.9711 0.588102 58.49
      vertex 41.8847 1.17054 5
      vertex 41.8847 1.17054 58.49
    endloop
  endfacet
  facet normal 0.989176 0.146736 0
    outer loop
      vertex 41.8847 1.17054 5
      vertex 41.9711 0.588102 58.49
      vertex 41.9711 0.588102 5
    endloop
  endfacet
  facet normal 0.857736 -0.514091 0
    outer loop
      vertex 40.9888 -3.33342 58.49
      vertex 41.2915 -2.82838 5
      vertex 41.2915 -2.82838 58.49
    endloop
  endfacet
  facet normal 0.857736 -0.514091 0
    outer loop
      vertex 41.2915 -2.82838 5
      vertex 40.9888 -3.33342 58.49
      vertex 40.9888 -3.33342 5
    endloop
  endfacet
  facet normal 0.146746 -0.989174 0
    outer loop
      vertex 36.5881 -5.97111 5
      vertex 37.1705 -5.88471 58.49
      vertex 36.5881 -5.97111 58.49
    endloop
  endfacet
  facet normal 0.146746 -0.989174 0
    outer loop
      vertex 37.1705 -5.88471 58.49
      vertex 36.5881 -5.97111 5
      vertex 37.1705 -5.88471 5
    endloop
  endfacet
  facet normal 0.803253 -0.595638 0
    outer loop
      vertex 40.6381 -3.80636 58.49
      vertex 40.9888 -3.33342 5
      vertex 40.9888 -3.33342 58.49
    endloop
  endfacet
  facet normal 0.803253 -0.595638 0
    outer loop
      vertex 40.9888 -3.33342 5
      vertex 40.6381 -3.80636 58.49
      vertex 40.6381 -3.80636 5
    endloop
  endfacet
  facet normal -0.903956 -0.427625 0
    outer loop
      vertex 30.7085 -2.82838 5
      vertex 30.4567 -2.2961 58.49
      vertex 30.4567 -2.2961 5
    endloop
  endfacet
  facet normal -0.903956 -0.427625 0
    outer loop
      vertex 30.4567 -2.2961 58.49
      vertex 30.7085 -2.82838 5
      vertex 30.7085 -2.82838 58.49
    endloop
  endfacet
  facet normal -0.336879 0.941548 0
    outer loop
      vertex 34.2583 5.74164 5
      vertex 33.7039 5.54328 58.49
      vertex 34.2583 5.74164 58.49
    endloop
  endfacet
  facet normal -0.336879 0.941548 0
    outer loop
      vertex 33.7039 5.54328 58.49
      vertex 34.2583 5.74164 5
      vertex 33.7039 5.54328 5
    endloop
  endfacet
  facet normal 0.740884 0.671632 0
    outer loop
      vertex 40.6381 3.80636 58.49
      vertex 40.2426 4.24264 5
      vertex 40.2426 4.24264 58.49
    endloop
  endfacet
  facet normal 0.740884 0.671632 0
    outer loop
      vertex 40.2426 4.24264 5
      vertex 40.6381 3.80636 58.49
      vertex 40.6381 3.80636 5
    endloop
  endfacet
  facet normal -0.514134 0.85771 0
    outer loop
      vertex 33.1716 5.29153 5
      vertex 32.6666 4.98882 58.49
      vertex 33.1716 5.29153 58.49
    endloop
  endfacet
  facet normal -0.514134 0.85771 0
    outer loop
      vertex 32.6666 4.98882 58.49
      vertex 33.1716 5.29153 5
      vertex 32.6666 4.98882 5
    endloop
  endfacet
  facet normal 0.242967 -0.970035 0
    outer loop
      vertex 37.1705 -5.88471 5
      vertex 37.7417 -5.74164 58.49
      vertex 37.1705 -5.88471 58.49
    endloop
  endfacet
  facet normal 0.242967 -0.970035 0
    outer loop
      vertex 37.7417 -5.74164 58.49
      vertex 37.1705 -5.88471 5
      vertex 37.7417 -5.74164 5
    endloop
  endfacet
  facet normal -0.803253 -0.595638 0
    outer loop
      vertex 31.3619 -3.80636 5
      vertex 31.0112 -3.33342 58.49
      vertex 31.0112 -3.33342 5
    endloop
  endfacet
  facet normal -0.803253 -0.595638 0
    outer loop
      vertex 31.0112 -3.33342 58.49
      vertex 31.3619 -3.80636 5
      vertex 31.3619 -3.80636 58.49
    endloop
  endfacet
  facet normal 0.941578 0.336794 0
    outer loop
      vertex 41.7416 1.74171 58.49
      vertex 41.5433 2.2961 5
      vertex 41.5433 2.2961 58.49
    endloop
  endfacet
  facet normal 0.941578 0.336794 0
    outer loop
      vertex 41.5433 2.2961 5
      vertex 41.7416 1.74171 58.49
      vertex 41.7416 1.74171 5
    endloop
  endfacet
  facet normal 0.857736 0.514091 0
    outer loop
      vertex 41.2915 2.82838 58.49
      vertex 40.9888 3.33342 5
      vertex 40.9888 3.33342 58.49
    endloop
  endfacet
  facet normal 0.857736 0.514091 0
    outer loop
      vertex 40.9888 3.33342 5
      vertex 41.2915 2.82838 58.49
      vertex 41.2915 2.82838 5
    endloop
  endfacet
  facet normal -0.857736 -0.514091 0
    outer loop
      vertex 31.0112 -3.33342 5
      vertex 30.7085 -2.82838 58.49
      vertex 30.7085 -2.82838 5
    endloop
  endfacet
  facet normal -0.857736 -0.514091 0
    outer loop
      vertex 30.7085 -2.82838 58.49
      vertex 31.0112 -3.33342 5
      vertex 31.0112 -3.33342 58.49
    endloop
  endfacet
  facet normal -0.989176 -0.146736 0
    outer loop
      vertex 30.1153 -1.17054 5
      vertex 30.0289 -0.588102 58.49
      vertex 30.0289 -0.588102 5
    endloop
  endfacet
  facet normal -0.989176 -0.146736 0
    outer loop
      vertex 30.0289 -0.588102 58.49
      vertex 30.1153 -1.17054 5
      vertex 30.1153 -1.17054 58.49
    endloop
  endfacet
  facet normal -0.740884 -0.671632 0
    outer loop
      vertex 31.7574 -4.24264 5
      vertex 31.3619 -3.80636 58.49
      vertex 31.3619 -3.80636 5
    endloop
  endfacet
  facet normal -0.740884 -0.671632 0
    outer loop
      vertex 31.3619 -3.80636 58.49
      vertex 31.7574 -4.24264 5
      vertex 31.7574 -4.24264 58.49
    endloop
  endfacet
  facet normal 0.903956 0.427625 0
    outer loop
      vertex 41.5433 2.2961 58.49
      vertex 41.2915 2.82838 5
      vertex 41.2915 2.82838 58.49
    endloop
  endfacet
  facet normal 0.903956 0.427625 0
    outer loop
      vertex 41.2915 2.82838 5
      vertex 41.5433 2.2961 58.49
      vertex 41.5433 2.2961 5
    endloop
  endfacet
  facet normal 0.998795 0.0490819 0
    outer loop
      vertex 42 0 58.49
      vertex 41.9711 0.588102 5
      vertex 41.9711 0.588102 58.49
    endloop
  endfacet
  facet normal 0.998795 0.0490819 0
    outer loop
      vertex 41.9711 0.588102 5
      vertex 42 0 58.49
      vertex 42 0 5
    endloop
  endfacet
  facet normal -0.970019 -0.243027 0
    outer loop
      vertex 30.2584 -1.74171 5
      vertex 30.1153 -1.17054 58.49
      vertex 30.1153 -1.17054 5
    endloop
  endfacet
  facet normal -0.970019 -0.243027 0
    outer loop
      vertex 30.1153 -1.17054 58.49
      vertex 30.2584 -1.74171 5
      vertex 30.2584 -1.74171 58.49
    endloop
  endfacet
  facet normal 0.989176 -0.146736 0
    outer loop
      vertex 41.8847 -1.17054 58.49
      vertex 41.9711 -0.588102 5
      vertex 41.9711 -0.588102 58.49
    endloop
  endfacet
  facet normal 0.989176 -0.146736 0
    outer loop
      vertex 41.9711 -0.588102 5
      vertex 41.8847 -1.17054 58.49
      vertex 41.8847 -1.17054 5
    endloop
  endfacet
  facet normal -0.0490651 0.998796 0
    outer loop
      vertex 36 6 5
      vertex 35.4119 5.97111 58.49
      vertex 36 6 58.49
    endloop
  endfacet
  facet normal -0.0490651 0.998796 0
    outer loop
      vertex 35.4119 5.97111 58.49
      vertex 36 6 5
      vertex 35.4119 5.97111 5
    endloop
  endfacet
  facet normal -0.242967 -0.970035 0
    outer loop
      vertex 34.2583 -5.74164 5
      vertex 34.8295 -5.88471 58.49
      vertex 34.2583 -5.74164 58.49
    endloop
  endfacet
  facet normal -0.242967 -0.970035 -0
    outer loop
      vertex 34.8295 -5.88471 58.49
      vertex 34.2583 -5.74164 5
      vertex 34.8295 -5.88471 5
    endloop
  endfacet
  facet normal -0.427542 -0.903995 0
    outer loop
      vertex 33.1716 -5.29153 5
      vertex 33.7039 -5.54328 58.49
      vertex 33.1716 -5.29153 58.49
    endloop
  endfacet
  facet normal -0.427542 -0.903995 -0
    outer loop
      vertex 33.7039 -5.54328 58.49
      vertex 33.1716 -5.29153 5
      vertex 33.7039 -5.54328 5
    endloop
  endfacet
  facet normal -0.595655 -0.803241 0
    outer loop
      vertex 32.1936 -4.63806 5
      vertex 32.6666 -4.98882 58.49
      vertex 32.1936 -4.63806 58.49
    endloop
  endfacet
  facet normal -0.595655 -0.803241 -0
    outer loop
      vertex 32.6666 -4.98882 58.49
      vertex 32.1936 -4.63806 5
      vertex 32.6666 -4.98882 5
    endloop
  endfacet
  facet normal 0.998795 -0.0490819 0
    outer loop
      vertex 41.9711 -0.588102 58.49
      vertex 42 0 5
      vertex 42 0 58.49
    endloop
  endfacet
  facet normal 0.998795 -0.0490819 0
    outer loop
      vertex 42 0 5
      vertex 41.9711 -0.588102 58.49
      vertex 41.9711 -0.588102 5
    endloop
  endfacet
  facet normal 0.970019 0.243027 0
    outer loop
      vertex 41.8847 1.17054 58.49
      vertex 41.7416 1.74171 5
      vertex 41.7416 1.74171 58.49
    endloop
  endfacet
  facet normal 0.970019 0.243027 0
    outer loop
      vertex 41.7416 1.74171 5
      vertex 41.8847 1.17054 58.49
      vertex 41.8847 1.17054 5
    endloop
  endfacet
  facet normal -0.989176 0.146736 0
    outer loop
      vertex 30.0289 0.588102 5
      vertex 30.1153 1.17054 58.49
      vertex 30.1153 1.17054 5
    endloop
  endfacet
  facet normal -0.989176 0.146736 0
    outer loop
      vertex 30.1153 1.17054 58.49
      vertex 30.0289 0.588102 5
      vertex 30.0289 0.588102 58.49
    endloop
  endfacet
  facet normal -0.146746 0.989174 0
    outer loop
      vertex 35.4119 5.97111 5
      vertex 34.8295 5.88471 58.49
      vertex 35.4119 5.97111 58.49
    endloop
  endfacet
  facet normal -0.146746 0.989174 0
    outer loop
      vertex 34.8295 5.88471 58.49
      vertex 35.4119 5.97111 5
      vertex 34.8295 5.88471 5
    endloop
  endfacet
  facet normal -0.970019 0.243027 0
    outer loop
      vertex 30.1153 1.17054 5
      vertex 30.2584 1.74171 58.49
      vertex 30.2584 1.74171 5
    endloop
  endfacet
  facet normal -0.970019 0.243027 0
    outer loop
      vertex 30.2584 1.74171 58.49
      vertex 30.1153 1.17054 5
      vertex 30.1153 1.17054 58.49
    endloop
  endfacet
  facet normal 0.336879 0.941548 -0
    outer loop
      vertex 38.2961 5.54328 5
      vertex 37.7417 5.74164 58.49
      vertex 38.2961 5.54328 58.49
    endloop
  endfacet
  facet normal 0.336879 0.941548 0
    outer loop
      vertex 37.7417 5.74164 58.49
      vertex 38.2961 5.54328 5
      vertex 37.7417 5.74164 5
    endloop
  endfacet
  facet normal -0.941578 0.336794 0
    outer loop
      vertex 30.2584 1.74171 5
      vertex 30.4567 2.2961 58.49
      vertex 30.4567 2.2961 5
    endloop
  endfacet
  facet normal -0.941578 0.336794 0
    outer loop
      vertex 30.4567 2.2961 58.49
      vertex 30.2584 1.74171 5
      vertex 30.2584 1.74171 58.49
    endloop
  endfacet
  facet normal 0.514134 -0.85771 0
    outer loop
      vertex 38.8284 -5.29153 5
      vertex 39.3334 -4.98882 58.49
      vertex 38.8284 -5.29153 58.49
    endloop
  endfacet
  facet normal 0.514134 -0.85771 0
    outer loop
      vertex 39.3334 -4.98882 58.49
      vertex 38.8284 -5.29153 5
      vertex 39.3334 -4.98882 5
    endloop
  endfacet
  facet normal 0.671625 0.740891 -0
    outer loop
      vertex 40.2426 4.24264 5
      vertex 39.8064 4.63806 58.49
      vertex 40.2426 4.24264 58.49
    endloop
  endfacet
  facet normal 0.671625 0.740891 0
    outer loop
      vertex 39.8064 4.63806 58.49
      vertex 40.2426 4.24264 5
      vertex 39.8064 4.63806 5
    endloop
  endfacet
  facet normal 0.0490651 -0.998796 0
    outer loop
      vertex 36 -6 5
      vertex 36.5881 -5.97111 58.49
      vertex 36 -6 58.49
    endloop
  endfacet
  facet normal 0.0490651 -0.998796 0
    outer loop
      vertex 36.5881 -5.97111 58.49
      vertex 36 -6 5
      vertex 36.5881 -5.97111 5
    endloop
  endfacet
  facet normal -0.595655 0.803241 0
    outer loop
      vertex 32.6666 4.98882 5
      vertex 32.1936 4.63806 58.49
      vertex 32.6666 4.98882 58.49
    endloop
  endfacet
  facet normal -0.595655 0.803241 0
    outer loop
      vertex 32.1936 4.63806 58.49
      vertex 32.6666 4.98882 5
      vertex 32.1936 4.63806 5
    endloop
  endfacet
  facet normal 0.595655 -0.803241 0
    outer loop
      vertex 39.3334 -4.98882 5
      vertex 39.8064 -4.63806 58.49
      vertex 39.3334 -4.98882 58.49
    endloop
  endfacet
  facet normal 0.595655 -0.803241 0
    outer loop
      vertex 39.8064 -4.63806 58.49
      vertex 39.3334 -4.98882 5
      vertex 39.8064 -4.63806 5
    endloop
  endfacet
  facet normal -0.998795 -0.0490819 0
    outer loop
      vertex 30.0289 -0.588102 5
      vertex 30 0 58.49
      vertex 30 0 5
    endloop
  endfacet
  facet normal -0.998795 -0.0490819 0
    outer loop
      vertex 30 0 58.49
      vertex 30.0289 -0.588102 5
      vertex 30.0289 -0.588102 58.49
    endloop
  endfacet
  facet normal -0.903956 0.427625 0
    outer loop
      vertex 30.4567 2.2961 5
      vertex 30.7085 2.82838 58.49
      vertex 30.7085 2.82838 5
    endloop
  endfacet
  facet normal -0.903956 0.427625 0
    outer loop
      vertex 30.7085 2.82838 58.49
      vertex 30.4567 2.2961 5
      vertex 30.4567 2.2961 58.49
    endloop
  endfacet
  facet normal -0.146746 -0.989174 0
    outer loop
      vertex 34.8295 -5.88471 5
      vertex 35.4119 -5.97111 58.49
      vertex 34.8295 -5.88471 58.49
    endloop
  endfacet
  facet normal -0.146746 -0.989174 -0
    outer loop
      vertex 35.4119 -5.97111 58.49
      vertex 34.8295 -5.88471 5
      vertex 35.4119 -5.97111 5
    endloop
  endfacet
  facet normal 0.146746 0.989174 -0
    outer loop
      vertex 37.1705 5.88471 5
      vertex 36.5881 5.97111 58.49
      vertex 37.1705 5.88471 58.49
    endloop
  endfacet
  facet normal 0.146746 0.989174 0
    outer loop
      vertex 36.5881 5.97111 58.49
      vertex 37.1705 5.88471 5
      vertex 36.5881 5.97111 5
    endloop
  endfacet
  facet normal 0.0490651 0.998796 -0
    outer loop
      vertex 36.5881 5.97111 5
      vertex 36 6 58.49
      vertex 36.5881 5.97111 58.49
    endloop
  endfacet
  facet normal 0.0490651 0.998796 0
    outer loop
      vertex 36 6 58.49
      vertex 36.5881 5.97111 5
      vertex 36 6 5
    endloop
  endfacet
  facet normal 0.427542 0.903995 -0
    outer loop
      vertex 38.8284 5.29153 5
      vertex 38.2961 5.54328 58.49
      vertex 38.8284 5.29153 58.49
    endloop
  endfacet
  facet normal 0.427542 0.903995 0
    outer loop
      vertex 38.2961 5.54328 58.49
      vertex 38.8284 5.29153 5
      vertex 38.2961 5.54328 5
    endloop
  endfacet
  facet normal -0.941578 -0.336794 0
    outer loop
      vertex 30.4567 -2.2961 5
      vertex 30.2584 -1.74171 58.49
      vertex 30.2584 -1.74171 5
    endloop
  endfacet
  facet normal -0.941578 -0.336794 0
    outer loop
      vertex 30.2584 -1.74171 58.49
      vertex 30.4567 -2.2961 5
      vertex 30.4567 -2.2961 58.49
    endloop
  endfacet
  facet normal 0.595655 0.803241 -0
    outer loop
      vertex 39.8064 4.63806 5
      vertex 39.3334 4.98882 58.49
      vertex 39.8064 4.63806 58.49
    endloop
  endfacet
  facet normal 0.595655 0.803241 0
    outer loop
      vertex 39.3334 4.98882 58.49
      vertex 39.8064 4.63806 5
      vertex 39.3334 4.98882 5
    endloop
  endfacet
  facet normal 0.242967 0.970035 -0
    outer loop
      vertex 37.7417 5.74164 5
      vertex 37.1705 5.88471 58.49
      vertex 37.7417 5.74164 58.49
    endloop
  endfacet
  facet normal 0.242967 0.970035 0
    outer loop
      vertex 37.1705 5.88471 58.49
      vertex 37.7417 5.74164 5
      vertex 37.1705 5.88471 5
    endloop
  endfacet
  facet normal 0.903956 -0.427625 0
    outer loop
      vertex 41.2915 -2.82838 58.49
      vertex 41.5433 -2.2961 5
      vertex 41.5433 -2.2961 58.49
    endloop
  endfacet
  facet normal 0.903956 -0.427625 0
    outer loop
      vertex 41.5433 -2.2961 5
      vertex 41.2915 -2.82838 58.49
      vertex 41.2915 -2.82838 5
    endloop
  endfacet
  facet normal -0.0490651 -0.998796 0
    outer loop
      vertex 35.4119 -5.97111 5
      vertex 36 -6 58.49
      vertex 35.4119 -5.97111 58.49
    endloop
  endfacet
  facet normal -0.0490651 -0.998796 -0
    outer loop
      vertex 36 -6 58.49
      vertex 35.4119 -5.97111 5
      vertex 36 -6 5
    endloop
  endfacet
  facet normal 0.514134 0.85771 -0
    outer loop
      vertex 39.3334 4.98882 5
      vertex 38.8284 5.29153 58.49
      vertex 39.3334 4.98882 58.49
    endloop
  endfacet
  facet normal 0.514134 0.85771 0
    outer loop
      vertex 38.8284 5.29153 58.49
      vertex 39.3334 4.98882 5
      vertex 38.8284 5.29153 5
    endloop
  endfacet
  facet normal -0.671625 0.740891 0
    outer loop
      vertex 32.1936 4.63806 5
      vertex 31.7574 4.24264 58.49
      vertex 32.1936 4.63806 58.49
    endloop
  endfacet
  facet normal -0.671625 0.740891 0
    outer loop
      vertex 31.7574 4.24264 58.49
      vertex 32.1936 4.63806 5
      vertex 31.7574 4.24264 5
    endloop
  endfacet
  facet normal -0.514134 -0.85771 0
    outer loop
      vertex 32.6666 -4.98882 5
      vertex 33.1716 -5.29153 58.49
      vertex 32.6666 -4.98882 58.49
    endloop
  endfacet
  facet normal -0.514134 -0.85771 -0
    outer loop
      vertex 33.1716 -5.29153 58.49
      vertex 32.6666 -4.98882 5
      vertex 33.1716 -5.29153 5
    endloop
  endfacet
  facet normal -0.336879 -0.941548 0
    outer loop
      vertex 33.7039 -5.54328 5
      vertex 34.2583 -5.74164 58.49
      vertex 33.7039 -5.54328 58.49
    endloop
  endfacet
  facet normal -0.336879 -0.941548 -0
    outer loop
      vertex 34.2583 -5.74164 58.49
      vertex 33.7039 -5.54328 5
      vertex 34.2583 -5.74164 5
    endloop
  endfacet
  facet normal -0.242967 0.970035 0
    outer loop
      vertex 34.8295 5.88471 5
      vertex 34.2583 5.74164 58.49
      vertex 34.8295 5.88471 58.49
    endloop
  endfacet
  facet normal -0.242967 0.970035 0
    outer loop
      vertex 34.2583 5.74164 58.49
      vertex 34.8295 5.88471 5
      vertex 34.2583 5.74164 5
    endloop
  endfacet
  facet normal 0.671625 -0.740891 0
    outer loop
      vertex 39.8064 -4.63806 5
      vertex 40.2426 -4.24264 58.49
      vertex 39.8064 -4.63806 58.49
    endloop
  endfacet
  facet normal 0.671625 -0.740891 0
    outer loop
      vertex 40.2426 -4.24264 58.49
      vertex 39.8064 -4.63806 5
      vertex 40.2426 -4.24264 5
    endloop
  endfacet
  facet normal 0.970019 -0.243027 0
    outer loop
      vertex 41.7416 -1.74171 58.49
      vertex 41.8847 -1.17054 5
      vertex 41.8847 -1.17054 58.49
    endloop
  endfacet
  facet normal 0.970019 -0.243027 0
    outer loop
      vertex 41.8847 -1.17054 5
      vertex 41.7416 -1.74171 58.49
      vertex 41.7416 -1.74171 5
    endloop
  endfacet
  facet normal -0.671625 -0.740891 0
    outer loop
      vertex 31.7574 -4.24264 5
      vertex 32.1936 -4.63806 58.49
      vertex 31.7574 -4.24264 58.49
    endloop
  endfacet
  facet normal -0.671625 -0.740891 -0
    outer loop
      vertex 32.1936 -4.63806 58.49
      vertex 31.7574 -4.24264 5
      vertex 32.1936 -4.63806 5
    endloop
  endfacet
  facet normal 0.336879 -0.941548 0
    outer loop
      vertex 37.7417 -5.74164 5
      vertex 38.2961 -5.54328 58.49
      vertex 37.7417 -5.74164 58.49
    endloop
  endfacet
  facet normal 0.336879 -0.941548 0
    outer loop
      vertex 38.2961 -5.54328 58.49
      vertex 37.7417 -5.74164 5
      vertex 38.2961 -5.54328 5
    endloop
  endfacet
  facet normal -0.803253 0.595638 0
    outer loop
      vertex 31.0112 3.33342 5
      vertex 31.3619 3.80636 58.49
      vertex 31.3619 3.80636 5
    endloop
  endfacet
  facet normal -0.803253 0.595638 0
    outer loop
      vertex 31.3619 3.80636 58.49
      vertex 31.0112 3.33342 5
      vertex 31.0112 3.33342 58.49
    endloop
  endfacet
  facet normal 0.427542 -0.903995 0
    outer loop
      vertex 38.2961 -5.54328 5
      vertex 38.8284 -5.29153 58.49
      vertex 38.2961 -5.54328 58.49
    endloop
  endfacet
  facet normal 0.427542 -0.903995 0
    outer loop
      vertex 38.8284 -5.29153 58.49
      vertex 38.2961 -5.54328 5
      vertex 38.8284 -5.29153 5
    endloop
  endfacet
  facet normal -0.740884 0.671632 0
    outer loop
      vertex 31.3619 3.80636 5
      vertex 31.7574 4.24264 58.49
      vertex 31.7574 4.24264 5
    endloop
  endfacet
  facet normal -0.740884 0.671632 0
    outer loop
      vertex 31.7574 4.24264 58.49
      vertex 31.3619 3.80636 5
      vertex 31.3619 3.80636 58.49
    endloop
  endfacet
  facet normal -0.427542 0.903995 0
    outer loop
      vertex 33.7039 5.54328 5
      vertex 33.1716 5.29153 58.49
      vertex 33.7039 5.54328 58.49
    endloop
  endfacet
  facet normal -0.427542 0.903995 0
    outer loop
      vertex 33.1716 5.29153 58.49
      vertex 33.7039 5.54328 5
      vertex 33.1716 5.29153 5
    endloop
  endfacet
  facet normal 0 0 1
    outer loop
      vertex 38.7 0 58.49
      vertex 42 0 58.49
      vertex 41.9711 0.588102 58.49
    endloop
  endfacet
  facet normal -0 0 1
    outer loop
      vertex 38.608 0.698811 58.49
      vertex 41.9711 0.588102 58.49
      vertex 41.8847 1.17054 58.49
    endloop
  endfacet
  facet normal 0 0 1
    outer loop
      vertex 42 0 58.49
      vertex 38.7 0 58.49
      vertex 41.9711 -0.588102 58.49
    endloop
  endfacet
  facet normal 0 0 1
    outer loop
      vertex 38.608 0.698811 58.49
      vertex 41.8847 1.17054 58.49
      vertex 41.7416 1.74171 58.49
    endloop
  endfacet
  facet normal 0 0 1
    outer loop
      vertex 38.608 -0.698811 58.49
      vertex 41.9711 -0.588102 58.49
      vertex 38.7 0 58.49
    endloop
  endfacet
  facet normal 0 0 1
    outer loop
      vertex 38.608 0.698811 58.49
      vertex 41.7416 1.74171 58.49
      vertex 41.5433 2.2961 58.49
    endloop
  endfacet
  facet normal 0 0 1
    outer loop
      vertex 41.9711 -0.588102 58.49
      vertex 38.608 -0.698811 58.49
      vertex 41.8847 -1.17054 58.49
    endloop
  endfacet
  facet normal 0 0 1
    outer loop
      vertex 38.3383 1.35 58.49
      vertex 41.5433 2.2961 58.49
      vertex 41.2915 2.82838 58.49
    endloop
  endfacet
  facet normal 0 0 1
    outer loop
      vertex 41.8847 -1.17054 58.49
      vertex 38.608 -0.698811 58.49
      vertex 41.7416 -1.74171 58.49
    endloop
  endfacet
  facet normal 0 0 1
    outer loop
      vertex 38.3383 1.35 58.49
      vertex 41.2915 2.82838 58.49
      vertex 40.9888 3.33342 58.49
    endloop
  endfacet
  facet normal 0 0 1
    outer loop
      vertex 41.7416 -1.74171 58.49
      vertex 38.608 -0.698811 58.49
      vertex 41.5433 -2.2961 58.49
    endloop
  endfacet
  facet normal 0 0 1
    outer loop
      vertex 38.3383 1.35 58.49
      vertex 40.9888 3.33342 58.49
      vertex 40.6381 3.80636 58.49
    endloop
  endfacet
  facet normal -0 0 1
    outer loop
      vertex 38.3383 -1.35 58.49
      vertex 41.5433 -2.2961 58.49
      vertex 38.608 -0.698811 58.49
    endloop
  endfacet
  facet normal 0 0 1
    outer loop
      vertex 37.9092 1.90919 58.49
      vertex 40.6381 3.80636 58.49
      vertex 40.2426 4.24264 58.49
    endloop
  endfacet
  facet normal 0 0 1
    outer loop
      vertex 41.5433 -2.2961 58.49
      vertex 38.3383 -1.35 58.49
      vertex 41.2915 -2.82838 58.49
    endloop
  endfacet
  facet normal 0 0 1
    outer loop
      vertex 37.9092 1.90919 58.49
      vertex 40.2426 4.24264 58.49
      vertex 39.8064 4.63806 58.49
    endloop
  endfacet
  facet normal 0 0 1
    outer loop
      vertex 41.2915 -2.82838 58.49
      vertex 38.3383 -1.35 58.49
      vertex 40.9888 -3.33342 58.49
    endloop
  endfacet
  facet normal 0 0 1
    outer loop
      vertex 37.35 2.33827 58.49
      vertex 39.8064 4.63806 58.49
      vertex 39.3334 4.98882 58.49
    endloop
  endfacet
  facet normal 0 0 1
    outer loop
      vertex 40.9888 -3.33342 58.49
      vertex 38.3383 -1.35 58.49
      vertex 40.6381 -3.80636 58.49
    endloop
  endfacet
  facet normal 0 0 1
    outer loop
      vertex 37.35 2.33827 58.49
      vertex 39.3334 4.98882 58.49
      vertex 38.8284 5.29153 58.49
    endloop
  endfacet
  facet normal -0 0 1
    outer loop
      vertex 37.9092 -1.90919 58.49
      vertex 40.6381 -3.80636 58.49
      vertex 38.3383 -1.35 58.49
    endloop
  endfacet
  facet normal 0 0 1
    outer loop
      vertex 40.6381 -3.80636 58.49
      vertex 37.9092 -1.90919 58.49
      vertex 40.2426 -4.24264 58.49
    endloop
  endfacet
  facet normal 0 0 1
    outer loop
      vertex 41.9711 0.588102 58.49
      vertex 38.608 0.698811 58.49
      vertex 38.7 0 58.49
    endloop
  endfacet
  facet normal 0 0 1
    outer loop
      vertex 41.5433 2.2961 58.49
      vertex 38.3383 1.35 58.49
      vertex 38.608 0.698811 58.49
    endloop
  endfacet
  facet normal 0 0 1
    outer loop
      vertex 37.35 2.33827 58.49
      vertex 38.8284 5.29153 58.49
      vertex 38.2961 5.54328 58.49
    endloop
  endfacet
  facet normal 0 0 1
    outer loop
      vertex 40.6381 3.80636 58.49
      vertex 37.9092 1.90919 58.49
      vertex 38.3383 1.35 58.49
    endloop
  endfacet
  facet normal 0 0 1
    outer loop
      vertex 36.6988 2.608 58.49
      vertex 38.2961 5.54328 58.49
      vertex 37.7417 5.74164 58.49
    endloop
  endfacet
  facet normal 0 0 1
    outer loop
      vertex 39.8064 4.63806 58.49
      vertex 37.35 2.33827 58.49
      vertex 37.9092 1.90919 58.49
    endloop
  endfacet
  facet normal 0 0 1
    outer loop
      vertex 36.6988 2.608 58.49
      vertex 37.7417 5.74164 58.49
      vertex 37.1705 5.88471 58.49
    endloop
  endfacet
  facet normal 0 0 1
    outer loop
      vertex 38.2961 5.54328 58.49
      vertex 36.6988 2.608 58.49
      vertex 37.35 2.33827 58.49
    endloop
  endfacet
  facet normal 0 0 1
    outer loop
      vertex 36.5881 5.97111 58.49
      vertex 36.6988 2.608 58.49
      vertex 37.1705 5.88471 58.49
    endloop
  endfacet
  facet normal 0 0 1
    outer loop
      vertex 36 2.7 58.49
      vertex 36.5881 5.97111 58.49
      vertex 36 6 58.49
    endloop
  endfacet
  facet normal 0 0 1
    outer loop
      vertex 36.5881 5.97111 58.49
      vertex 36 2.7 58.49
      vertex 36.6988 2.608 58.49
    endloop
  endfacet
  facet normal -0 0 1
    outer loop
      vertex 35.4119 5.97111 58.49
      vertex 36 2.7 58.49
      vertex 36 6 58.49
    endloop
  endfacet
  facet normal 0 0 1
    outer loop
      vertex 35.4119 5.97111 58.49
      vertex 35.3012 2.608 58.49
      vertex 36 2.7 58.49
    endloop
  endfacet
  facet normal -0 0 1
    outer loop
      vertex 34.8295 5.88471 58.49
      vertex 35.3012 2.608 58.49
      vertex 35.4119 5.97111 58.49
    endloop
  endfacet
  facet normal -0 0 1
    outer loop
      vertex 34.2583 5.74164 58.49
      vertex 35.3012 2.608 58.49
      vertex 34.8295 5.88471 58.49
    endloop
  endfacet
  facet normal -0 0 1
    outer loop
      vertex 33.7039 5.54328 58.49
      vertex 35.3012 2.608 58.49
      vertex 34.2583 5.74164 58.49
    endloop
  endfacet
  facet normal 0 0 1
    outer loop
      vertex 35.3012 2.608 58.49
      vertex 33.7039 5.54328 58.49
      vertex 34.65 2.33827 58.49
    endloop
  endfacet
  facet normal -0 0 1
    outer loop
      vertex 33.1716 5.29153 58.49
      vertex 34.65 2.33827 58.49
      vertex 33.7039 5.54328 58.49
    endloop
  endfacet
  facet normal -0 0 1
    outer loop
      vertex 32.6666 4.98882 58.49
      vertex 34.65 2.33827 58.49
      vertex 33.1716 5.29153 58.49
    endloop
  endfacet
  facet normal -0 0 1
    outer loop
      vertex 32.1936 4.63806 58.49
      vertex 34.65 2.33827 58.49
      vertex 32.6666 4.98882 58.49
    endloop
  endfacet
  facet normal 0 0 1
    outer loop
      vertex 34.65 2.33827 58.49
      vertex 32.1936 4.63806 58.49
      vertex 34.0908 1.90919 58.49
    endloop
  endfacet
  facet normal -0 0 1
    outer loop
      vertex 31.7574 4.24264 58.49
      vertex 34.0908 1.90919 58.49
      vertex 32.1936 4.63806 58.49
    endloop
  endfacet
  facet normal 0 0 1
    outer loop
      vertex 40.2426 -4.24264 58.49
      vertex 37.9092 -1.90919 58.49
      vertex 39.8064 -4.63806 58.49
    endloop
  endfacet
  facet normal -0 0 1
    outer loop
      vertex 37.35 -2.33827 58.49
      vertex 39.8064 -4.63806 58.49
      vertex 37.9092 -1.90919 58.49
    endloop
  endfacet
  facet normal 0 0 1
    outer loop
      vertex 39.8064 -4.63806 58.49
      vertex 37.35 -2.33827 58.49
      vertex 39.3334 -4.98882 58.49
    endloop
  endfacet
  facet normal 0 0 1
    outer loop
      vertex 39.3334 -4.98882 58.49
      vertex 37.35 -2.33827 58.49
      vertex 38.8284 -5.29153 58.49
    endloop
  endfacet
  facet normal 0 0 1
    outer loop
      vertex 38.8284 -5.29153 58.49
      vertex 37.35 -2.33827 58.49
      vertex 38.2961 -5.54328 58.49
    endloop
  endfacet
  facet normal -0 0 1
    outer loop
      vertex 36.6988 -2.608 58.49
      vertex 38.2961 -5.54328 58.49
      vertex 37.35 -2.33827 58.49
    endloop
  endfacet
  facet normal 0 0 1
    outer loop
      vertex 38.2961 -5.54328 58.49
      vertex 36.6988 -2.608 58.49
      vertex 37.7417 -5.74164 58.49
    endloop
  endfacet
  facet normal 0 0 1
    outer loop
      vertex 37.7417 -5.74164 58.49
      vertex 36.6988 -2.608 58.49
      vertex 37.1705 -5.88471 58.49
    endloop
  endfacet
  facet normal 0 0 1
    outer loop
      vertex 36.6988 -2.608 58.49
      vertex 36.5881 -5.97111 58.49
      vertex 37.1705 -5.88471 58.49
    endloop
  endfacet
  facet normal -0 0 1
    outer loop
      vertex 36 -2.7 58.49
      vertex 36.5881 -5.97111 58.49
      vertex 36.6988 -2.608 58.49
    endloop
  endfacet
  facet normal 0 0 1
    outer loop
      vertex 36 -2.7 58.49
      vertex 36 -6 58.49
      vertex 36.5881 -5.97111 58.49
    endloop
  endfacet
  facet normal 0 0 1
    outer loop
      vertex 36 -2.7 58.49
      vertex 35.4119 -5.97111 58.49
      vertex 36 -6 58.49
    endloop
  endfacet
  facet normal 0 0 1
    outer loop
      vertex 35.3012 -2.608 58.49
      vertex 35.4119 -5.97111 58.49
      vertex 36 -2.7 58.49
    endloop
  endfacet
  facet normal 0 0 1
    outer loop
      vertex 35.3012 -2.608 58.49
      vertex 34.8295 -5.88471 58.49
      vertex 35.4119 -5.97111 58.49
    endloop
  endfacet
  facet normal 0 0 1
    outer loop
      vertex 33.7039 -5.54328 58.49
      vertex 35.3012 -2.608 58.49
      vertex 34.65 -2.33827 58.49
    endloop
  endfacet
  facet normal 0 0 1
    outer loop
      vertex 35.3012 -2.608 58.49
      vertex 34.2583 -5.74164 58.49
      vertex 34.8295 -5.88471 58.49
    endloop
  endfacet
  facet normal 0 0 1
    outer loop
      vertex 32.1936 -4.63806 58.49
      vertex 34.65 -2.33827 58.49
      vertex 34.0908 -1.90919 58.49
    endloop
  endfacet
  facet normal 0 0 1
    outer loop
      vertex 35.3012 -2.608 58.49
      vertex 33.7039 -5.54328 58.49
      vertex 34.2583 -5.74164 58.49
    endloop
  endfacet
  facet normal 0 0 1
    outer loop
      vertex 31.3619 -3.80636 58.49
      vertex 34.0908 -1.90919 58.49
      vertex 33.6617 -1.35 58.49
    endloop
  endfacet
  facet normal 0 0 1
    outer loop
      vertex 30.4567 -2.2961 58.49
      vertex 33.6617 -1.35 58.49
      vertex 33.392 -0.698811 58.49
    endloop
  endfacet
  facet normal -0 0 1
    outer loop
      vertex 30.0289 -0.588102 58.49
      vertex 33.392 -0.698811 58.49
      vertex 33.3 0 58.49
    endloop
  endfacet
  facet normal 0 0 1
    outer loop
      vertex 34.65 -2.33827 58.49
      vertex 33.1716 -5.29153 58.49
      vertex 33.7039 -5.54328 58.49
    endloop
  endfacet
  facet normal -0 0 1
    outer loop
      vertex 31.3619 3.80636 58.49
      vertex 34.0908 1.90919 58.49
      vertex 31.7574 4.24264 58.49
    endloop
  endfacet
  facet normal 0 0 1
    outer loop
      vertex 34.0908 1.90919 58.49
      vertex 31.3619 3.80636 58.49
      vertex 33.6617 1.35 58.49
    endloop
  endfacet
  facet normal 0 0 1
    outer loop
      vertex 34.65 -2.33827 58.49
      vertex 32.6666 -4.98882 58.49
      vertex 33.1716 -5.29153 58.49
    endloop
  endfacet
  facet normal -0 0 1
    outer loop
      vertex 31.0112 3.33342 58.49
      vertex 33.6617 1.35 58.49
      vertex 31.3619 3.80636 58.49
    endloop
  endfacet
  facet normal 0 0 1
    outer loop
      vertex 34.65 -2.33827 58.49
      vertex 32.1936 -4.63806 58.49
      vertex 32.6666 -4.98882 58.49
    endloop
  endfacet
  facet normal -0 0 1
    outer loop
      vertex 30.7085 2.82838 58.49
      vertex 33.6617 1.35 58.49
      vertex 31.0112 3.33342 58.49
    endloop
  endfacet
  facet normal 0 0 1
    outer loop
      vertex 34.0908 -1.90919 58.49
      vertex 31.7574 -4.24264 58.49
      vertex 32.1936 -4.63806 58.49
    endloop
  endfacet
  facet normal -0 0 1
    outer loop
      vertex 30.4567 2.2961 58.49
      vertex 33.6617 1.35 58.49
      vertex 30.7085 2.82838 58.49
    endloop
  endfacet
  facet normal 0 0 1
    outer loop
      vertex 34.0908 -1.90919 58.49
      vertex 31.3619 -3.80636 58.49
      vertex 31.7574 -4.24264 58.49
    endloop
  endfacet
  facet normal 0 0 1
    outer loop
      vertex 33.6617 1.35 58.49
      vertex 30.4567 2.2961 58.49
      vertex 33.392 0.698811 58.49
    endloop
  endfacet
  facet normal 0 0 1
    outer loop
      vertex 33.6617 -1.35 58.49
      vertex 31.0112 -3.33342 58.49
      vertex 31.3619 -3.80636 58.49
    endloop
  endfacet
  facet normal -0 0 1
    outer loop
      vertex 30.2584 1.74171 58.49
      vertex 33.392 0.698811 58.49
      vertex 30.4567 2.2961 58.49
    endloop
  endfacet
  facet normal 0 0 1
    outer loop
      vertex 33.6617 -1.35 58.49
      vertex 30.7085 -2.82838 58.49
      vertex 31.0112 -3.33342 58.49
    endloop
  endfacet
  facet normal -0 0 1
    outer loop
      vertex 30.1153 1.17054 58.49
      vertex 33.392 0.698811 58.49
      vertex 30.2584 1.74171 58.49
    endloop
  endfacet
  facet normal 0 0 1
    outer loop
      vertex 33.6617 -1.35 58.49
      vertex 30.4567 -2.2961 58.49
      vertex 30.7085 -2.82838 58.49
    endloop
  endfacet
  facet normal 0 0 1
    outer loop
      vertex 30.0289 0.588102 58.49
      vertex 33.392 0.698811 58.49
      vertex 30.1153 1.17054 58.49
    endloop
  endfacet
  facet normal 0 0 1
    outer loop
      vertex 33.392 -0.698811 58.49
      vertex 30.2584 -1.74171 58.49
      vertex 30.4567 -2.2961 58.49
    endloop
  endfacet
  facet normal 0 0 1
    outer loop
      vertex 33.392 0.698811 58.49
      vertex 30.0289 0.588102 58.49
      vertex 33.3 0 58.49
    endloop
  endfacet
  facet normal 0 0 1
    outer loop
      vertex 33.392 -0.698811 58.49
      vertex 30.1153 -1.17054 58.49
      vertex 30.2584 -1.74171 58.49
    endloop
  endfacet
  facet normal 0 0 1
    outer loop
      vertex 30 0 58.49
      vertex 33.3 0 58.49
      vertex 30.0289 0.588102 58.49
    endloop
  endfacet
  facet normal 0 0 1
    outer loop
      vertex 33.392 -0.698811 58.49
      vertex 30.0289 -0.588102 58.49
      vertex 30.1153 -1.17054 58.49
    endloop
  endfacet
  facet normal 0 0 1
    outer loop
      vertex 33.3 0 58.49
      vertex 30 0 58.49
      vertex 30.0289 -0.588102 58.49
    endloop
  endfacet
  facet normal -0.857736 0.514091 0
    outer loop
      vertex 30.7085 2.82838 5
      vertex 31.0112 3.33342 58.49
      vertex 31.0112 3.33342 5
    endloop
  endfacet
  facet normal -0.857736 0.514091 0
    outer loop
      vertex 31.0112 3.33342 58.49
      vertex 30.7085 2.82838 5
      vertex 30.7085 2.82838 58.49
    endloop
  endfacet
  facet normal 0.382676 -0.923882 0
    outer loop
      vertex 34.65 2.33827 42.39
      vertex 35.3012 2.608 58.49
      vertex 34.65 2.33827 58.49
    endloop
  endfacet
  facet normal 0.382676 -0.923882 0
    outer loop
      vertex 35.3012 2.608 58.49
      vertex 34.65 2.33827 42.39
      vertex 35.3012 2.608 42.39
    endloop
  endfacet
  facet normal -0.382676 0.923882 0
    outer loop
      vertex 37.35 -2.33827 42.39
      vertex 36.6988 -2.608 58.49
      vertex 37.35 -2.33827 58.49
    endloop
  endfacet
  facet normal -0.382676 0.923882 0
    outer loop
      vertex 36.6988 -2.608 58.49
      vertex 37.35 -2.33827 42.39
      vertex 36.6988 -2.608 42.39
    endloop
  endfacet
  facet normal -0.991445 -0.130526 0
    outer loop
      vertex 38.7 0 42.39
      vertex 38.608 0.698811 58.49
      vertex 38.608 0.698811 42.39
    endloop
  endfacet
  facet normal -0.991445 -0.130526 0
    outer loop
      vertex 38.608 0.698811 58.49
      vertex 38.7 0 42.39
      vertex 38.7 0 58.49
    endloop
  endfacet
  facet normal -0.608753 0.79336 0
    outer loop
      vertex 37.9092 -1.90919 42.39
      vertex 37.35 -2.33827 58.49
      vertex 37.9092 -1.90919 58.49
    endloop
  endfacet
  facet normal -0.608753 0.79336 0
    outer loop
      vertex 37.35 -2.33827 58.49
      vertex 37.9092 -1.90919 42.39
      vertex 37.35 -2.33827 42.39
    endloop
  endfacet
  facet normal -0.991445 0.130526 0
    outer loop
      vertex 38.608 -0.698811 42.39
      vertex 38.7 0 58.49
      vertex 38.7 0 42.39
    endloop
  endfacet
  facet normal -0.991445 0.130526 0
    outer loop
      vertex 38.7 0 58.49
      vertex 38.608 -0.698811 42.39
      vertex 38.608 -0.698811 58.49
    endloop
  endfacet
  facet normal 0.991445 -0.130526 0
    outer loop
      vertex 33.3 0 58.49
      vertex 33.392 0.698811 42.39
      vertex 33.392 0.698811 58.49
    endloop
  endfacet
  facet normal 0.991445 -0.130526 0
    outer loop
      vertex 33.392 0.698811 42.39
      vertex 33.3 0 58.49
      vertex 33.3 0 42.39
    endloop
  endfacet
  facet normal -0.793341 0.608778 0
    outer loop
      vertex 37.9092 -1.90919 42.39
      vertex 38.3383 -1.35 58.49
      vertex 38.3383 -1.35 42.39
    endloop
  endfacet
  facet normal -0.793341 0.608778 0
    outer loop
      vertex 38.3383 -1.35 58.49
      vertex 37.9092 -1.90919 42.39
      vertex 37.9092 -1.90919 58.49
    endloop
  endfacet
  facet normal -0.130528 0.991445 0
    outer loop
      vertex 36.6988 -2.608 42.39
      vertex 36 -2.7 58.49
      vertex 36.6988 -2.608 58.49
    endloop
  endfacet
  facet normal -0.130528 0.991445 0
    outer loop
      vertex 36 -2.7 58.49
      vertex 36.6988 -2.608 42.39
      vertex 36 -2.7 42.39
    endloop
  endfacet
  facet normal 0.130528 0.991445 -0
    outer loop
      vertex 36 -2.7 42.39
      vertex 35.3012 -2.608 58.49
      vertex 36 -2.7 58.49
    endloop
  endfacet
  facet normal 0.130528 0.991445 0
    outer loop
      vertex 35.3012 -2.608 58.49
      vertex 36 -2.7 42.39
      vertex 35.3012 -2.608 42.39
    endloop
  endfacet
  facet normal -0.923895 -0.382646 0
    outer loop
      vertex 38.608 0.698811 42.39
      vertex 38.3383 1.35 58.49
      vertex 38.3383 1.35 42.39
    endloop
  endfacet
  facet normal -0.923895 -0.382646 0
    outer loop
      vertex 38.3383 1.35 58.49
      vertex 38.608 0.698811 42.39
      vertex 38.608 0.698811 58.49
    endloop
  endfacet
  facet normal -0.793341 -0.608778 0
    outer loop
      vertex 38.3383 1.35 42.39
      vertex 37.9092 1.90919 58.49
      vertex 37.9092 1.90919 42.39
    endloop
  endfacet
  facet normal -0.793341 -0.608778 0
    outer loop
      vertex 37.9092 1.90919 58.49
      vertex 38.3383 1.35 42.39
      vertex 38.3383 1.35 58.49
    endloop
  endfacet
  facet normal 0.130528 -0.991445 0
    outer loop
      vertex 35.3012 2.608 42.39
      vertex 36 2.7 58.49
      vertex 35.3012 2.608 58.49
    endloop
  endfacet
  facet normal 0.130528 -0.991445 0
    outer loop
      vertex 36 2.7 58.49
      vertex 35.3012 2.608 42.39
      vertex 36 2.7 42.39
    endloop
  endfacet
  facet normal 0.923895 -0.382646 0
    outer loop
      vertex 33.392 0.698811 58.49
      vertex 33.6617 1.35 42.39
      vertex 33.6617 1.35 58.49
    endloop
  endfacet
  facet normal 0.923895 -0.382646 0
    outer loop
      vertex 33.6617 1.35 42.39
      vertex 33.392 0.698811 58.49
      vertex 33.392 0.698811 42.39
    endloop
  endfacet
  facet normal 0 0 1
    outer loop
      vertex 38.608 0.698811 42.39
      vertex 38.608 -0.698811 42.39
      vertex 38.7 0 42.39
    endloop
  endfacet
  facet normal 0 0 1
    outer loop
      vertex 38.3383 1.35 42.39
      vertex 38.608 -0.698811 42.39
      vertex 38.608 0.698811 42.39
    endloop
  endfacet
  facet normal 0 0 1
    outer loop
      vertex 38.3383 1.35 42.39
      vertex 38.3383 -1.35 42.39
      vertex 38.608 -0.698811 42.39
    endloop
  endfacet
  facet normal 0 0 1
    outer loop
      vertex 37.9092 1.90919 42.39
      vertex 38.3383 -1.35 42.39
      vertex 38.3383 1.35 42.39
    endloop
  endfacet
  facet normal 0 0 1
    outer loop
      vertex 37.9092 1.90919 42.39
      vertex 37.9092 -1.90919 42.39
      vertex 38.3383 -1.35 42.39
    endloop
  endfacet
  facet normal 0 0 1
    outer loop
      vertex 37.35 2.33827 42.39
      vertex 37.9092 -1.90919 42.39
      vertex 37.9092 1.90919 42.39
    endloop
  endfacet
  facet normal 0 0 1
    outer loop
      vertex 37.35 2.33827 42.39
      vertex 37.35 -2.33827 42.39
      vertex 37.9092 -1.90919 42.39
    endloop
  endfacet
  facet normal 0 0 1
    outer loop
      vertex 36.6988 2.608 42.39
      vertex 37.35 -2.33827 42.39
      vertex 37.35 2.33827 42.39
    endloop
  endfacet
  facet normal 0 0 1
    outer loop
      vertex 36.6988 2.608 42.39
      vertex 36.6988 -2.608 42.39
      vertex 37.35 -2.33827 42.39
    endloop
  endfacet
  facet normal 0 0 1
    outer loop
      vertex 36 2.7 42.39
      vertex 36.6988 -2.608 42.39
      vertex 36.6988 2.608 42.39
    endloop
  endfacet
  facet normal 0 0 1
    outer loop
      vertex 36 2.7 42.39
      vertex 36 -2.7 42.39
      vertex 36.6988 -2.608 42.39
    endloop
  endfacet
  facet normal -0 0 1
    outer loop
      vertex 35.3012 2.608 42.39
      vertex 36 -2.7 42.39
      vertex 36 2.7 42.39
    endloop
  endfacet
  facet normal 0 0 1
    outer loop
      vertex 35.3012 2.608 42.39
      vertex 35.3012 -2.608 42.39
      vertex 36 -2.7 42.39
    endloop
  endfacet
  facet normal -0 0 1
    outer loop
      vertex 34.65 2.33827 42.39
      vertex 35.3012 -2.608 42.39
      vertex 35.3012 2.608 42.39
    endloop
  endfacet
  facet normal 0 0 1
    outer loop
      vertex 34.65 2.33827 42.39
      vertex 34.65 -2.33827 42.39
      vertex 35.3012 -2.608 42.39
    endloop
  endfacet
  facet normal -0 0 1
    outer loop
      vertex 34.0908 1.90919 42.39
      vertex 34.65 -2.33827 42.39
      vertex 34.65 2.33827 42.39
    endloop
  endfacet
  facet normal 0 0 1
    outer loop
      vertex 34.0908 1.90919 42.39
      vertex 34.0908 -1.90919 42.39
      vertex 34.65 -2.33827 42.39
    endloop
  endfacet
  facet normal -0 0 1
    outer loop
      vertex 33.6617 1.35 42.39
      vertex 34.0908 -1.90919 42.39
      vertex 34.0908 1.90919 42.39
    endloop
  endfacet
  facet normal 0 0 1
    outer loop
      vertex 33.6617 1.35 42.39
      vertex 33.6617 -1.35 42.39
      vertex 34.0908 -1.90919 42.39
    endloop
  endfacet
  facet normal -0 0 1
    outer loop
      vertex 33.392 0.698811 42.39
      vertex 33.6617 -1.35 42.39
      vertex 33.6617 1.35 42.39
    endloop
  endfacet
  facet normal 0 0 1
    outer loop
      vertex 33.392 0.698811 42.39
      vertex 33.392 -0.698811 42.39
      vertex 33.6617 -1.35 42.39
    endloop
  endfacet
  facet normal 0 -0 1
    outer loop
      vertex 33.392 -0.698811 42.39
      vertex 33.392 0.698811 42.39
      vertex 33.3 0 42.39
    endloop
  endfacet
  facet normal 0.991445 0.130526 0
    outer loop
      vertex 33.392 -0.698811 58.49
      vertex 33.3 0 42.39
      vertex 33.3 0 58.49
    endloop
  endfacet
  facet normal 0.991445 0.130526 0
    outer loop
      vertex 33.3 0 42.39
      vertex 33.392 -0.698811 58.49
      vertex 33.392 -0.698811 42.39
    endloop
  endfacet
  facet normal -0.130528 -0.991445 0
    outer loop
      vertex 36 2.7 42.39
      vertex 36.6988 2.608 58.49
      vertex 36 2.7 58.49
    endloop
  endfacet
  facet normal -0.130528 -0.991445 -0
    outer loop
      vertex 36.6988 2.608 58.49
      vertex 36 2.7 42.39
      vertex 36.6988 2.608 42.39
    endloop
  endfacet
  facet normal 0.608753 0.79336 -0
    outer loop
      vertex 34.65 -2.33827 42.39
      vertex 34.0908 -1.90919 58.49
      vertex 34.65 -2.33827 58.49
    endloop
  endfacet
  facet normal 0.608753 0.79336 0
    outer loop
      vertex 34.0908 -1.90919 58.49
      vertex 34.65 -2.33827 42.39
      vertex 34.0908 -1.90919 42.39
    endloop
  endfacet
  facet normal -0.608753 -0.79336 0
    outer loop
      vertex 37.35 2.33827 42.39
      vertex 37.9092 1.90919 58.49
      vertex 37.35 2.33827 58.49
    endloop
  endfacet
  facet normal -0.608753 -0.79336 -0
    outer loop
      vertex 37.9092 1.90919 58.49
      vertex 37.35 2.33827 42.39
      vertex 37.9092 1.90919 42.39
    endloop
  endfacet
  facet normal -0.382676 -0.923882 0
    outer loop
      vertex 36.6988 2.608 42.39
      vertex 37.35 2.33827 58.49
      vertex 36.6988 2.608 58.49
    endloop
  endfacet
  facet normal -0.382676 -0.923882 -0
    outer loop
      vertex 37.35 2.33827 58.49
      vertex 36.6988 2.608 42.39
      vertex 37.35 2.33827 42.39
    endloop
  endfacet
  facet normal 0.608753 -0.79336 0
    outer loop
      vertex 34.0908 1.90919 42.39
      vertex 34.65 2.33827 58.49
      vertex 34.0908 1.90919 58.49
    endloop
  endfacet
  facet normal 0.608753 -0.79336 0
    outer loop
      vertex 34.65 2.33827 58.49
      vertex 34.0908 1.90919 42.39
      vertex 34.65 2.33827 42.39
    endloop
  endfacet
  facet normal 0.793341 0.608778 0
    outer loop
      vertex 34.0908 -1.90919 58.49
      vertex 33.6617 -1.35 42.39
      vertex 33.6617 -1.35 58.49
    endloop
  endfacet
  facet normal 0.793341 0.608778 0
    outer loop
      vertex 33.6617 -1.35 42.39
      vertex 34.0908 -1.90919 58.49
      vertex 34.0908 -1.90919 42.39
    endloop
  endfacet
  facet normal 0.793341 -0.608778 0
    outer loop
      vertex 33.6617 1.35 58.49
      vertex 34.0908 1.90919 42.39
      vertex 34.0908 1.90919 58.49
    endloop
  endfacet
  facet normal 0.793341 -0.608778 0
    outer loop
      vertex 34.0908 1.90919 42.39
      vertex 33.6617 1.35 58.49
      vertex 33.6617 1.35 42.39
    endloop
  endfacet
  facet normal -0.923895 0.382646 0
    outer loop
      vertex 38.3383 -1.35 42.39
      vertex 38.608 -0.698811 58.49
      vertex 38.608 -0.698811 42.39
    endloop
  endfacet
  facet normal -0.923895 0.382646 0
    outer loop
      vertex 38.608 -0.698811 58.49
      vertex 38.3383 -1.35 42.39
      vertex 38.3383 -1.35 58.49
    endloop
  endfacet
  facet normal 0.923895 0.382646 0
    outer loop
      vertex 33.6617 -1.35 58.49
      vertex 33.392 -0.698811 42.39
      vertex 33.392 -0.698811 58.49
    endloop
  endfacet
  facet normal 0.923895 0.382646 0
    outer loop
      vertex 33.392 -0.698811 42.39
      vertex 33.6617 -1.35 58.49
      vertex 33.6617 -1.35 42.39
    endloop
  endfacet
  facet normal 0.382676 0.923882 -0
    outer loop
      vertex 35.3012 -2.608 42.39
      vertex 34.65 -2.33827 58.49
      vertex 35.3012 -2.608 58.49
    endloop
  endfacet
  facet normal 0.382676 0.923882 0
    outer loop
      vertex 34.65 -2.33827 58.49
      vertex 35.3012 -2.608 42.39
      vertex 34.65 -2.33827 42.39
    endloop
  endfacet
  facet normal 0.7409 -0.671616 0
    outer loop
      vertex -13.7574 26.9343 58.49
      vertex -13.3619 27.3706 5
      vertex -13.3619 27.3706 58.49
    endloop
  endfacet
  facet normal 0.7409 -0.671616 0
    outer loop
      vertex -13.3619 27.3706 5
      vertex -13.7574 26.9343 58.49
      vertex -13.7574 26.9343 5
    endloop
  endfacet
  facet normal 0.94158 -0.336788 0
    outer loop
      vertex -12.4567 28.8808 58.49
      vertex -12.2584 29.4352 5
      vertex -12.2584 29.4352 58.49
    endloop
  endfacet
  facet normal 0.94158 -0.336788 0
    outer loop
      vertex -12.2584 29.4352 5
      vertex -12.4567 28.8808 58.49
      vertex -12.4567 28.8808 5
    endloop
  endfacet
  facet normal 0.803289 0.595589 0
    outer loop
      vertex -13.0112 34.5103 58.49
      vertex -13.3619 34.9833 5
      vertex -13.3619 34.9833 58.49
    endloop
  endfacet
  facet normal 0.803289 0.595589 0
    outer loop
      vertex -13.3619 34.9833 5
      vertex -13.0112 34.5103 58.49
      vertex -13.0112 34.5103 5
    endloop
  endfacet
  facet normal -0.998795 0.0490821 0
    outer loop
      vertex -24 31.1769 5
      vertex -23.9711 31.765 58.49
      vertex -23.9711 31.765 5
    endloop
  endfacet
  facet normal -0.998795 0.0490821 0
    outer loop
      vertex -23.9711 31.765 58.49
      vertex -24 31.1769 5
      vertex -24 31.1769 58.49
    endloop
  endfacet
  facet normal 0.989178 0.146721 0
    outer loop
      vertex -12.0289 31.765 58.49
      vertex -12.1153 32.3475 5
      vertex -12.1153 32.3475 58.49
    endloop
  endfacet
  facet normal 0.989178 0.146721 0
    outer loop
      vertex -12.1153 32.3475 5
      vertex -12.0289 31.765 58.49
      vertex -12.0289 31.765 5
    endloop
  endfacet
  facet normal 0.857718 -0.514121 0
    outer loop
      vertex -13.0112 27.8435 58.49
      vertex -12.7085 28.3485 5
      vertex -12.7085 28.3485 58.49
    endloop
  endfacet
  facet normal 0.857718 -0.514121 0
    outer loop
      vertex -12.7085 28.3485 5
      vertex -13.0112 27.8435 58.49
      vertex -13.0112 27.8435 5
    endloop
  endfacet
  facet normal 0.146746 -0.989174 0
    outer loop
      vertex -17.4119 25.2058 5
      vertex -16.8295 25.2922 58.49
      vertex -17.4119 25.2058 58.49
    endloop
  endfacet
  facet normal 0.146746 -0.989174 0
    outer loop
      vertex -16.8295 25.2922 58.49
      vertex -17.4119 25.2058 5
      vertex -16.8295 25.2922 5
    endloop
  endfacet
  facet normal 0.803229 -0.59567 0
    outer loop
      vertex -13.3619 27.3706 58.49
      vertex -13.0112 27.8435 5
      vertex -13.0112 27.8435 58.49
    endloop
  endfacet
  facet normal 0.803229 -0.59567 0
    outer loop
      vertex -13.0112 27.8435 5
      vertex -13.3619 27.3706 58.49
      vertex -13.3619 27.3706 5
    endloop
  endfacet
  facet normal -0.903962 -0.427612 0
    outer loop
      vertex -23.2915 28.3485 5
      vertex -23.5433 28.8808 58.49
      vertex -23.5433 28.8808 5
    endloop
  endfacet
  facet normal -0.903962 -0.427612 0
    outer loop
      vertex -23.5433 28.8808 58.49
      vertex -23.2915 28.3485 5
      vertex -23.2915 28.3485 58.49
    endloop
  endfacet
  facet normal -0.336939 0.941527 0
    outer loop
      vertex -19.7417 36.9186 5
      vertex -20.2961 36.7202 58.49
      vertex -19.7417 36.9186 58.49
    endloop
  endfacet
  facet normal -0.336939 0.941527 0
    outer loop
      vertex -20.2961 36.7202 58.49
      vertex -19.7417 36.9186 5
      vertex -20.2961 36.7202 5
    endloop
  endfacet
  facet normal 0.7409 0.671616 0
    outer loop
      vertex -13.3619 34.9833 58.49
      vertex -13.7574 35.4196 5
      vertex -13.7574 35.4196 58.49
    endloop
  endfacet
  facet normal 0.7409 0.671616 0
    outer loop
      vertex -13.7574 35.4196 5
      vertex -13.3619 34.9833 58.49
      vertex -13.3619 34.9833 5
    endloop
  endfacet
  facet normal -0.514121 0.857718 0
    outer loop
      vertex -20.8284 36.4684 5
      vertex -21.3334 36.1657 58.49
      vertex -20.8284 36.4684 58.49
    endloop
  endfacet
  facet normal -0.514121 0.857718 0
    outer loop
      vertex -21.3334 36.1657 58.49
      vertex -20.8284 36.4684 5
      vertex -21.3334 36.1657 5
    endloop
  endfacet
  facet normal 0.243015 -0.970023 0
    outer loop
      vertex -16.8295 25.2922 5
      vertex -16.2583 25.4353 58.49
      vertex -16.8295 25.2922 58.49
    endloop
  endfacet
  facet normal 0.243015 -0.970023 0
    outer loop
      vertex -16.2583 25.4353 58.49
      vertex -16.8295 25.2922 5
      vertex -16.2583 25.4353 5
    endloop
  endfacet
  facet normal -0.803229 -0.59567 0
    outer loop
      vertex -22.6381 27.3706 5
      vertex -22.9888 27.8435 58.49
      vertex -22.9888 27.8435 5
    endloop
  endfacet
  facet normal -0.803229 -0.59567 0
    outer loop
      vertex -22.9888 27.8435 58.49
      vertex -22.6381 27.3706 5
      vertex -22.6381 27.3706 58.49
    endloop
  endfacet
  facet normal 0.94158 0.336788 0
    outer loop
      vertex -12.2584 32.9186 58.49
      vertex -12.4567 33.473 5
      vertex -12.4567 33.473 58.49
    endloop
  endfacet
  facet normal 0.94158 0.336788 0
    outer loop
      vertex -12.4567 33.473 5
      vertex -12.2584 32.9186 58.49
      vertex -12.2584 32.9186 5
    endloop
  endfacet
  facet normal 0.857718 0.514121 0
    outer loop
      vertex -12.7085 34.0053 58.49
      vertex -13.0112 34.5103 5
      vertex -13.0112 34.5103 58.49
    endloop
  endfacet
  facet normal 0.857718 0.514121 0
    outer loop
      vertex -13.0112 34.5103 5
      vertex -12.7085 34.0053 58.49
      vertex -12.7085 34.0053 5
    endloop
  endfacet
  facet normal -0.857718 -0.514121 0
    outer loop
      vertex -22.9888 27.8435 5
      vertex -23.2915 28.3485 58.49
      vertex -23.2915 28.3485 5
    endloop
  endfacet
  facet normal -0.857718 -0.514121 0
    outer loop
      vertex -23.2915 28.3485 58.49
      vertex -22.9888 27.8435 5
      vertex -22.9888 27.8435 58.49
    endloop
  endfacet
  facet normal -0.989174 -0.146746 0
    outer loop
      vertex -23.8847 30.0064 5
      vertex -23.9711 30.5888 58.49
      vertex -23.9711 30.5888 5
    endloop
  endfacet
  facet normal -0.989174 -0.146746 0
    outer loop
      vertex -23.9711 30.5888 58.49
      vertex -23.8847 30.0064 5
      vertex -23.8847 30.0064 58.49
    endloop
  endfacet
  facet normal -0.7409 -0.671616 0
    outer loop
      vertex -22.2426 26.9343 5
      vertex -22.6381 27.3706 58.49
      vertex -22.6381 27.3706 5
    endloop
  endfacet
  facet normal -0.7409 -0.671616 0
    outer loop
      vertex -22.6381 27.3706 58.49
      vertex -22.2426 26.9343 5
      vertex -22.2426 26.9343 58.49
    endloop
  endfacet
  facet normal 0.903962 0.427612 0
    outer loop
      vertex -12.4567 33.473 58.49
      vertex -12.7085 34.0053 5
      vertex -12.7085 34.0053 58.49
    endloop
  endfacet
  facet normal 0.903962 0.427612 0
    outer loop
      vertex -12.7085 34.0053 5
      vertex -12.4567 33.473 58.49
      vertex -12.4567 33.473 5
    endloop
  endfacet
  facet normal 0.998795 0.0490821 0
    outer loop
      vertex -12 31.1769 58.49
      vertex -12.0289 31.765 5
      vertex -12.0289 31.765 58.49
    endloop
  endfacet
  facet normal 0.998795 0.0490821 0
    outer loop
      vertex -12.0289 31.765 5
      vertex -12 31.1769 58.49
      vertex -12 31.1769 5
    endloop
  endfacet
  facet normal -0.970023 -0.243015 0
    outer loop
      vertex -23.7416 29.4352 5
      vertex -23.8847 30.0064 58.49
      vertex -23.8847 30.0064 5
    endloop
  endfacet
  facet normal -0.970023 -0.243015 0
    outer loop
      vertex -23.8847 30.0064 58.49
      vertex -23.7416 29.4352 5
      vertex -23.7416 29.4352 58.49
    endloop
  endfacet
  facet normal 0.989174 -0.146746 0
    outer loop
      vertex -12.1153 30.0064 58.49
      vertex -12.0289 30.5888 5
      vertex -12.0289 30.5888 58.49
    endloop
  endfacet
  facet normal 0.989174 -0.146746 0
    outer loop
      vertex -12.0289 30.5888 5
      vertex -12.1153 30.0064 58.49
      vertex -12.1153 30.0064 5
    endloop
  endfacet
  facet normal -0.0490821 0.998795 0
    outer loop
      vertex -18 37.1769 5
      vertex -18.5881 37.148 58.49
      vertex -18 37.1769 58.49
    endloop
  endfacet
  facet normal -0.0490821 0.998795 0
    outer loop
      vertex -18.5881 37.148 58.49
      vertex -18 37.1769 5
      vertex -18.5881 37.148 5
    endloop
  endfacet
  facet normal -0.243015 -0.970023 0
    outer loop
      vertex -19.7417 25.4353 5
      vertex -19.1705 25.2922 58.49
      vertex -19.7417 25.4353 58.49
    endloop
  endfacet
  facet normal -0.243015 -0.970023 -0
    outer loop
      vertex -19.1705 25.2922 58.49
      vertex -19.7417 25.4353 5
      vertex -19.1705 25.2922 5
    endloop
  endfacet
  facet normal -0.427612 -0.903962 0
    outer loop
      vertex -20.8284 25.8854 5
      vertex -20.2961 25.6336 58.49
      vertex -20.8284 25.8854 58.49
    endloop
  endfacet
  facet normal -0.427612 -0.903962 -0
    outer loop
      vertex -20.2961 25.6336 58.49
      vertex -20.8284 25.8854 5
      vertex -20.2961 25.6336 5
    endloop
  endfacet
  facet normal -0.595699 -0.803208 0
    outer loop
      vertex -21.8064 26.5389 5
      vertex -21.3334 26.1881 58.49
      vertex -21.8064 26.5389 58.49
    endloop
  endfacet
  facet normal -0.595699 -0.803208 -0
    outer loop
      vertex -21.3334 26.1881 58.49
      vertex -21.8064 26.5389 5
      vertex -21.3334 26.1881 5
    endloop
  endfacet
  facet normal 0.998795 -0.0490821 0
    outer loop
      vertex -12.0289 30.5888 58.49
      vertex -12 31.1769 5
      vertex -12 31.1769 58.49
    endloop
  endfacet
  facet normal 0.998795 -0.0490821 0
    outer loop
      vertex -12 31.1769 5
      vertex -12.0289 30.5888 58.49
      vertex -12.0289 30.5888 5
    endloop
  endfacet
  facet normal 0.970012 0.243055 0
    outer loop
      vertex -12.1153 32.3475 58.49
      vertex -12.2584 32.9186 5
      vertex -12.2584 32.9186 58.49
    endloop
  endfacet
  facet normal 0.970012 0.243055 0
    outer loop
      vertex -12.2584 32.9186 5
      vertex -12.1153 32.3475 58.49
      vertex -12.1153 32.3475 5
    endloop
  endfacet
  facet normal -0.989178 0.146721 0
    outer loop
      vertex -23.9711 31.765 5
      vertex -23.8847 32.3475 58.49
      vertex -23.8847 32.3475 5
    endloop
  endfacet
  facet normal -0.989178 0.146721 0
    outer loop
      vertex -23.8847 32.3475 58.49
      vertex -23.9711 31.765 5
      vertex -23.9711 31.765 58.49
    endloop
  endfacet
  facet normal -0.146746 0.989174 0
    outer loop
      vertex -18.5881 37.148 5
      vertex -19.1705 37.0616 58.49
      vertex -18.5881 37.148 58.49
    endloop
  endfacet
  facet normal -0.146746 0.989174 0
    outer loop
      vertex -19.1705 37.0616 58.49
      vertex -18.5881 37.148 5
      vertex -19.1705 37.0616 5
    endloop
  endfacet
  facet normal -0.970012 0.243055 0
    outer loop
      vertex -23.8847 32.3475 5
      vertex -23.7416 32.9186 58.49
      vertex -23.7416 32.9186 5
    endloop
  endfacet
  facet normal -0.970012 0.243055 0
    outer loop
      vertex -23.7416 32.9186 58.49
      vertex -23.8847 32.3475 5
      vertex -23.8847 32.3475 58.49
    endloop
  endfacet
  facet normal 0.336939 0.941527 -0
    outer loop
      vertex -15.7039 36.7202 5
      vertex -16.2583 36.9186 58.49
      vertex -15.7039 36.7202 58.49
    endloop
  endfacet
  facet normal 0.336939 0.941527 0
    outer loop
      vertex -16.2583 36.9186 58.49
      vertex -15.7039 36.7202 5
      vertex -16.2583 36.9186 5
    endloop
  endfacet
  facet normal -0.94158 0.336788 0
    outer loop
      vertex -23.7416 32.9186 5
      vertex -23.5433 33.473 58.49
      vertex -23.5433 33.473 5
    endloop
  endfacet
  facet normal -0.94158 0.336788 0
    outer loop
      vertex -23.5433 33.473 58.49
      vertex -23.7416 32.9186 5
      vertex -23.7416 32.9186 58.49
    endloop
  endfacet
  facet normal 0.514121 -0.857718 0
    outer loop
      vertex -15.1716 25.8854 5
      vertex -14.6666 26.1881 58.49
      vertex -15.1716 25.8854 58.49
    endloop
  endfacet
  facet normal 0.514121 -0.857718 0
    outer loop
      vertex -14.6666 26.1881 58.49
      vertex -15.1716 25.8854 5
      vertex -14.6666 26.1881 5
    endloop
  endfacet
  facet normal 0.671607 0.740908 -0
    outer loop
      vertex -13.7574 35.4196 5
      vertex -14.1936 35.815 58.49
      vertex -13.7574 35.4196 58.49
    endloop
  endfacet
  facet normal 0.671607 0.740908 0
    outer loop
      vertex -14.1936 35.815 58.49
      vertex -13.7574 35.4196 5
      vertex -14.1936 35.815 5
    endloop
  endfacet
  facet normal 0.0490821 -0.998795 0
    outer loop
      vertex -18 25.1769 5
      vertex -17.4119 25.2058 58.49
      vertex -18 25.1769 58.49
    endloop
  endfacet
  facet normal 0.0490821 -0.998795 0
    outer loop
      vertex -17.4119 25.2058 58.49
      vertex -18 25.1769 5
      vertex -17.4119 25.2058 5
    endloop
  endfacet
  facet normal -0.595589 0.803289 0
    outer loop
      vertex -21.3334 36.1657 5
      vertex -21.8064 35.815 58.49
      vertex -21.3334 36.1657 58.49
    endloop
  endfacet
  facet normal -0.595589 0.803289 0
    outer loop
      vertex -21.8064 35.815 58.49
      vertex -21.3334 36.1657 5
      vertex -21.8064 35.815 5
    endloop
  endfacet
  facet normal 0.595699 -0.803208 0
    outer loop
      vertex -14.6666 26.1881 5
      vertex -14.1936 26.5389 58.49
      vertex -14.6666 26.1881 58.49
    endloop
  endfacet
  facet normal 0.595699 -0.803208 0
    outer loop
      vertex -14.1936 26.5389 58.49
      vertex -14.6666 26.1881 5
      vertex -14.1936 26.5389 5
    endloop
  endfacet
  facet normal -0.998795 -0.0490821 0
    outer loop
      vertex -23.9711 30.5888 5
      vertex -24 31.1769 58.49
      vertex -24 31.1769 5
    endloop
  endfacet
  facet normal -0.998795 -0.0490821 0
    outer loop
      vertex -24 31.1769 58.49
      vertex -23.9711 30.5888 5
      vertex -23.9711 30.5888 58.49
    endloop
  endfacet
  facet normal -0.903962 0.427612 0
    outer loop
      vertex -23.5433 33.473 5
      vertex -23.2915 34.0053 58.49
      vertex -23.2915 34.0053 5
    endloop
  endfacet
  facet normal -0.903962 0.427612 0
    outer loop
      vertex -23.2915 34.0053 58.49
      vertex -23.5433 33.473 5
      vertex -23.5433 33.473 58.49
    endloop
  endfacet
  facet normal -0.146746 -0.989174 0
    outer loop
      vertex -19.1705 25.2922 5
      vertex -18.5881 25.2058 58.49
      vertex -19.1705 25.2922 58.49
    endloop
  endfacet
  facet normal -0.146746 -0.989174 -0
    outer loop
      vertex -18.5881 25.2058 58.49
      vertex -19.1705 25.2922 5
      vertex -18.5881 25.2058 5
    endloop
  endfacet
  facet normal 0.146746 0.989174 -0
    outer loop
      vertex -16.8295 37.0616 5
      vertex -17.4119 37.148 58.49
      vertex -16.8295 37.0616 58.49
    endloop
  endfacet
  facet normal 0.146746 0.989174 0
    outer loop
      vertex -17.4119 37.148 58.49
      vertex -16.8295 37.0616 5
      vertex -17.4119 37.148 5
    endloop
  endfacet
  facet normal 0.0490821 0.998795 -0
    outer loop
      vertex -17.4119 37.148 5
      vertex -18 37.1769 58.49
      vertex -17.4119 37.148 58.49
    endloop
  endfacet
  facet normal 0.0490821 0.998795 0
    outer loop
      vertex -18 37.1769 58.49
      vertex -17.4119 37.148 5
      vertex -18 37.1769 5
    endloop
  endfacet
  facet normal 0.427612 0.903962 -0
    outer loop
      vertex -15.1716 36.4684 5
      vertex -15.7039 36.7202 58.49
      vertex -15.1716 36.4684 58.49
    endloop
  endfacet
  facet normal 0.427612 0.903962 0
    outer loop
      vertex -15.7039 36.7202 58.49
      vertex -15.1716 36.4684 5
      vertex -15.7039 36.7202 5
    endloop
  endfacet
  facet normal -0.94158 -0.336788 0
    outer loop
      vertex -23.5433 28.8808 5
      vertex -23.7416 29.4352 58.49
      vertex -23.7416 29.4352 5
    endloop
  endfacet
  facet normal -0.94158 -0.336788 0
    outer loop
      vertex -23.7416 29.4352 58.49
      vertex -23.5433 28.8808 5
      vertex -23.5433 28.8808 58.49
    endloop
  endfacet
  facet normal 0.595589 0.803289 -0
    outer loop
      vertex -14.1936 35.815 5
      vertex -14.6666 36.1657 58.49
      vertex -14.1936 35.815 58.49
    endloop
  endfacet
  facet normal 0.595589 0.803289 0
    outer loop
      vertex -14.6666 36.1657 58.49
      vertex -14.1936 35.815 5
      vertex -14.6666 36.1657 5
    endloop
  endfacet
  facet normal 0.242855 0.970063 -0
    outer loop
      vertex -16.2583 36.9186 5
      vertex -16.8295 37.0616 58.49
      vertex -16.2583 36.9186 58.49
    endloop
  endfacet
  facet normal 0.242855 0.970063 0
    outer loop
      vertex -16.8295 37.0616 58.49
      vertex -16.2583 36.9186 5
      vertex -16.8295 37.0616 5
    endloop
  endfacet
  facet normal 0.903962 -0.427612 0
    outer loop
      vertex -12.7085 28.3485 58.49
      vertex -12.4567 28.8808 5
      vertex -12.4567 28.8808 58.49
    endloop
  endfacet
  facet normal 0.903962 -0.427612 0
    outer loop
      vertex -12.4567 28.8808 5
      vertex -12.7085 28.3485 58.49
      vertex -12.7085 28.3485 5
    endloop
  endfacet
  facet normal -0.0490821 -0.998795 0
    outer loop
      vertex -18.5881 25.2058 5
      vertex -18 25.1769 58.49
      vertex -18.5881 25.2058 58.49
    endloop
  endfacet
  facet normal -0.0490821 -0.998795 -0
    outer loop
      vertex -18 25.1769 58.49
      vertex -18.5881 25.2058 5
      vertex -18 25.1769 5
    endloop
  endfacet
  facet normal 0.514121 0.857718 -0
    outer loop
      vertex -14.6666 36.1657 5
      vertex -15.1716 36.4684 58.49
      vertex -14.6666 36.1657 58.49
    endloop
  endfacet
  facet normal 0.514121 0.857718 0
    outer loop
      vertex -15.1716 36.4684 58.49
      vertex -14.6666 36.1657 5
      vertex -15.1716 36.4684 5
    endloop
  endfacet
  facet normal -0.671607 0.740908 0
    outer loop
      vertex -21.8064 35.815 5
      vertex -22.2426 35.4196 58.49
      vertex -21.8064 35.815 58.49
    endloop
  endfacet
  facet normal -0.671607 0.740908 0
    outer loop
      vertex -22.2426 35.4196 58.49
      vertex -21.8064 35.815 5
      vertex -22.2426 35.4196 5
    endloop
  endfacet
  facet normal -0.514121 -0.857718 0
    outer loop
      vertex -21.3334 26.1881 5
      vertex -20.8284 25.8854 58.49
      vertex -21.3334 26.1881 58.49
    endloop
  endfacet
  facet normal -0.514121 -0.857718 -0
    outer loop
      vertex -20.8284 25.8854 58.49
      vertex -21.3334 26.1881 5
      vertex -20.8284 25.8854 5
    endloop
  endfacet
  facet normal -0.336788 -0.94158 0
    outer loop
      vertex -20.2961 25.6336 5
      vertex -19.7417 25.4353 58.49
      vertex -20.2961 25.6336 58.49
    endloop
  endfacet
  facet normal -0.336788 -0.94158 -0
    outer loop
      vertex -19.7417 25.4353 58.49
      vertex -20.2961 25.6336 5
      vertex -19.7417 25.4353 5
    endloop
  endfacet
  facet normal -0.242855 0.970063 0
    outer loop
      vertex -19.1705 37.0616 5
      vertex -19.7417 36.9186 58.49
      vertex -19.1705 37.0616 58.49
    endloop
  endfacet
  facet normal -0.242855 0.970063 0
    outer loop
      vertex -19.7417 36.9186 58.49
      vertex -19.1705 37.0616 5
      vertex -19.7417 36.9186 5
    endloop
  endfacet
  facet normal 0.671607 -0.740908 0
    outer loop
      vertex -14.1936 26.5389 5
      vertex -13.7574 26.9343 58.49
      vertex -14.1936 26.5389 58.49
    endloop
  endfacet
  facet normal 0.671607 -0.740908 0
    outer loop
      vertex -13.7574 26.9343 58.49
      vertex -14.1936 26.5389 5
      vertex -13.7574 26.9343 5
    endloop
  endfacet
  facet normal 0.970023 -0.243015 0
    outer loop
      vertex -12.2584 29.4352 58.49
      vertex -12.1153 30.0064 5
      vertex -12.1153 30.0064 58.49
    endloop
  endfacet
  facet normal 0.970023 -0.243015 0
    outer loop
      vertex -12.1153 30.0064 5
      vertex -12.2584 29.4352 58.49
      vertex -12.2584 29.4352 5
    endloop
  endfacet
  facet normal -0.671607 -0.740908 0
    outer loop
      vertex -22.2426 26.9343 5
      vertex -21.8064 26.5389 58.49
      vertex -22.2426 26.9343 58.49
    endloop
  endfacet
  facet normal -0.671607 -0.740908 -0
    outer loop
      vertex -21.8064 26.5389 58.49
      vertex -22.2426 26.9343 5
      vertex -21.8064 26.5389 5
    endloop
  endfacet
  facet normal 0.336788 -0.94158 0
    outer loop
      vertex -16.2583 25.4353 5
      vertex -15.7039 25.6336 58.49
      vertex -16.2583 25.4353 58.49
    endloop
  endfacet
  facet normal 0.336788 -0.94158 0
    outer loop
      vertex -15.7039 25.6336 58.49
      vertex -16.2583 25.4353 5
      vertex -15.7039 25.6336 5
    endloop
  endfacet
  facet normal -0.803289 0.595589 0
    outer loop
      vertex -22.9888 34.5103 5
      vertex -22.6381 34.9833 58.49
      vertex -22.6381 34.9833 5
    endloop
  endfacet
  facet normal -0.803289 0.595589 0
    outer loop
      vertex -22.6381 34.9833 58.49
      vertex -22.9888 34.5103 5
      vertex -22.9888 34.5103 58.49
    endloop
  endfacet
  facet normal 0.427612 -0.903962 0
    outer loop
      vertex -15.7039 25.6336 5
      vertex -15.1716 25.8854 58.49
      vertex -15.7039 25.6336 58.49
    endloop
  endfacet
  facet normal 0.427612 -0.903962 0
    outer loop
      vertex -15.1716 25.8854 58.49
      vertex -15.7039 25.6336 5
      vertex -15.1716 25.8854 5
    endloop
  endfacet
  facet normal -0.7409 0.671616 0
    outer loop
      vertex -22.6381 34.9833 5
      vertex -22.2426 35.4196 58.49
      vertex -22.2426 35.4196 5
    endloop
  endfacet
  facet normal -0.7409 0.671616 0
    outer loop
      vertex -22.2426 35.4196 58.49
      vertex -22.6381 34.9833 5
      vertex -22.6381 34.9833 58.49
    endloop
  endfacet
  facet normal -0.427612 0.903962 0
    outer loop
      vertex -20.2961 36.7202 5
      vertex -20.8284 36.4684 58.49
      vertex -20.2961 36.7202 58.49
    endloop
  endfacet
  facet normal -0.427612 0.903962 0
    outer loop
      vertex -20.8284 36.4684 58.49
      vertex -20.2961 36.7202 5
      vertex -20.8284 36.4684 5
    endloop
  endfacet
  facet normal 0 0 1
    outer loop
      vertex -15.3 31.1769 58.49
      vertex -12 31.1769 58.49
      vertex -12.0289 31.765 58.49
    endloop
  endfacet
  facet normal -0 0 1
    outer loop
      vertex -15.392 31.8757 58.49
      vertex -12.0289 31.765 58.49
      vertex -12.1153 32.3475 58.49
    endloop
  endfacet
  facet normal 0 0 1
    outer loop
      vertex -12 31.1769 58.49
      vertex -15.3 31.1769 58.49
      vertex -12.0289 30.5888 58.49
    endloop
  endfacet
  facet normal 0 0 1
    outer loop
      vertex -15.392 31.8757 58.49
      vertex -12.1153 32.3475 58.49
      vertex -12.2584 32.9186 58.49
    endloop
  endfacet
  facet normal 0 0 1
    outer loop
      vertex -15.392 30.4781 58.49
      vertex -12.0289 30.5888 58.49
      vertex -15.3 31.1769 58.49
    endloop
  endfacet
  facet normal 0 0 1
    outer loop
      vertex -15.392 31.8757 58.49
      vertex -12.2584 32.9186 58.49
      vertex -12.4567 33.473 58.49
    endloop
  endfacet
  facet normal 0 0 1
    outer loop
      vertex -12.0289 30.5888 58.49
      vertex -15.392 30.4781 58.49
      vertex -12.1153 30.0064 58.49
    endloop
  endfacet
  facet normal 0 0 1
    outer loop
      vertex -15.6617 32.5269 58.49
      vertex -12.4567 33.473 58.49
      vertex -12.7085 34.0053 58.49
    endloop
  endfacet
  facet normal 0 0 1
    outer loop
      vertex -12.1153 30.0064 58.49
      vertex -15.392 30.4781 58.49
      vertex -12.2584 29.4352 58.49
    endloop
  endfacet
  facet normal 0 0 1
    outer loop
      vertex -15.6617 32.5269 58.49
      vertex -12.7085 34.0053 58.49
      vertex -13.0112 34.5103 58.49
    endloop
  endfacet
  facet normal 0 0 1
    outer loop
      vertex -12.2584 29.4352 58.49
      vertex -15.392 30.4781 58.49
      vertex -12.4567 28.8808 58.49
    endloop
  endfacet
  facet normal 0 0 1
    outer loop
      vertex -15.6617 32.5269 58.49
      vertex -13.0112 34.5103 58.49
      vertex -13.3619 34.9833 58.49
    endloop
  endfacet
  facet normal -0 0 1
    outer loop
      vertex -15.6617 29.8269 58.49
      vertex -12.4567 28.8808 58.49
      vertex -15.392 30.4781 58.49
    endloop
  endfacet
  facet normal 0 0 1
    outer loop
      vertex -16.0908 33.0861 58.49
      vertex -13.3619 34.9833 58.49
      vertex -13.7574 35.4196 58.49
    endloop
  endfacet
  facet normal 0 0 1
    outer loop
      vertex -12.4567 28.8808 58.49
      vertex -15.6617 29.8269 58.49
      vertex -12.7085 28.3485 58.49
    endloop
  endfacet
  facet normal 0 0 1
    outer loop
      vertex -16.0908 33.0861 58.49
      vertex -13.7574 35.4196 58.49
      vertex -14.1936 35.815 58.49
    endloop
  endfacet
  facet normal 0 0 1
    outer loop
      vertex -12.7085 28.3485 58.49
      vertex -15.6617 29.8269 58.49
      vertex -13.0112 27.8435 58.49
    endloop
  endfacet
  facet normal 0 0 1
    outer loop
      vertex -16.65 33.5152 58.49
      vertex -14.1936 35.815 58.49
      vertex -14.6666 36.1657 58.49
    endloop
  endfacet
  facet normal 0 0 1
    outer loop
      vertex -13.0112 27.8435 58.49
      vertex -15.6617 29.8269 58.49
      vertex -13.3619 27.3706 58.49
    endloop
  endfacet
  facet normal 0 0 1
    outer loop
      vertex -16.65 33.5152 58.49
      vertex -14.6666 36.1657 58.49
      vertex -15.1716 36.4684 58.49
    endloop
  endfacet
  facet normal -0 0 1
    outer loop
      vertex -16.0908 29.2677 58.49
      vertex -13.3619 27.3706 58.49
      vertex -15.6617 29.8269 58.49
    endloop
  endfacet
  facet normal 0 0 1
    outer loop
      vertex -13.3619 27.3706 58.49
      vertex -16.0908 29.2677 58.49
      vertex -13.7574 26.9343 58.49
    endloop
  endfacet
  facet normal 0 0 1
    outer loop
      vertex -12.0289 31.765 58.49
      vertex -15.392 31.8757 58.49
      vertex -15.3 31.1769 58.49
    endloop
  endfacet
  facet normal 0 0 1
    outer loop
      vertex -12.4567 33.473 58.49
      vertex -15.6617 32.5269 58.49
      vertex -15.392 31.8757 58.49
    endloop
  endfacet
  facet normal 0 0 1
    outer loop
      vertex -16.65 33.5152 58.49
      vertex -15.1716 36.4684 58.49
      vertex -15.7039 36.7202 58.49
    endloop
  endfacet
  facet normal 0 0 1
    outer loop
      vertex -13.3619 34.9833 58.49
      vertex -16.0908 33.0861 58.49
      vertex -15.6617 32.5269 58.49
    endloop
  endfacet
  facet normal 0 0 1
    outer loop
      vertex -17.3012 33.7849 58.49
      vertex -15.7039 36.7202 58.49
      vertex -16.2583 36.9186 58.49
    endloop
  endfacet
  facet normal 0 0 1
    outer loop
      vertex -14.1936 35.815 58.49
      vertex -16.65 33.5152 58.49
      vertex -16.0908 33.0861 58.49
    endloop
  endfacet
  facet normal 0 0 1
    outer loop
      vertex -17.3012 33.7849 58.49
      vertex -16.2583 36.9186 58.49
      vertex -16.8295 37.0616 58.49
    endloop
  endfacet
  facet normal 0 0 1
    outer loop
      vertex -15.7039 36.7202 58.49
      vertex -17.3012 33.7849 58.49
      vertex -16.65 33.5152 58.49
    endloop
  endfacet
  facet normal 0 0 1
    outer loop
      vertex -17.4119 37.148 58.49
      vertex -17.3012 33.7849 58.49
      vertex -16.8295 37.0616 58.49
    endloop
  endfacet
  facet normal 0 0 1
    outer loop
      vertex -18 33.8769 58.49
      vertex -17.4119 37.148 58.49
      vertex -18 37.1769 58.49
    endloop
  endfacet
  facet normal 0 0 1
    outer loop
      vertex -17.4119 37.148 58.49
      vertex -18 33.8769 58.49
      vertex -17.3012 33.7849 58.49
    endloop
  endfacet
  facet normal -0 0 1
    outer loop
      vertex -18.5881 37.148 58.49
      vertex -18 33.8769 58.49
      vertex -18 37.1769 58.49
    endloop
  endfacet
  facet normal 0 0 1
    outer loop
      vertex -18.5881 37.148 58.49
      vertex -18.6988 33.7849 58.49
      vertex -18 33.8769 58.49
    endloop
  endfacet
  facet normal -0 0 1
    outer loop
      vertex -19.1705 37.0616 58.49
      vertex -18.6988 33.7849 58.49
      vertex -18.5881 37.148 58.49
    endloop
  endfacet
  facet normal -0 0 1
    outer loop
      vertex -19.7417 36.9186 58.49
      vertex -18.6988 33.7849 58.49
      vertex -19.1705 37.0616 58.49
    endloop
  endfacet
  facet normal -0 0 1
    outer loop
      vertex -20.2961 36.7202 58.49
      vertex -18.6988 33.7849 58.49
      vertex -19.7417 36.9186 58.49
    endloop
  endfacet
  facet normal 0 0 1
    outer loop
      vertex -18.6988 33.7849 58.49
      vertex -20.2961 36.7202 58.49
      vertex -19.35 33.5152 58.49
    endloop
  endfacet
  facet normal -0 0 1
    outer loop
      vertex -20.8284 36.4684 58.49
      vertex -19.35 33.5152 58.49
      vertex -20.2961 36.7202 58.49
    endloop
  endfacet
  facet normal -0 0 1
    outer loop
      vertex -21.3334 36.1657 58.49
      vertex -19.35 33.5152 58.49
      vertex -20.8284 36.4684 58.49
    endloop
  endfacet
  facet normal -0 0 1
    outer loop
      vertex -21.8064 35.815 58.49
      vertex -19.35 33.5152 58.49
      vertex -21.3334 36.1657 58.49
    endloop
  endfacet
  facet normal 0 0 1
    outer loop
      vertex -19.35 33.5152 58.49
      vertex -21.8064 35.815 58.49
      vertex -19.9092 33.0861 58.49
    endloop
  endfacet
  facet normal -0 0 1
    outer loop
      vertex -22.2426 35.4196 58.49
      vertex -19.9092 33.0861 58.49
      vertex -21.8064 35.815 58.49
    endloop
  endfacet
  facet normal 0 0 1
    outer loop
      vertex -13.7574 26.9343 58.49
      vertex -16.0908 29.2677 58.49
      vertex -14.1936 26.5389 58.49
    endloop
  endfacet
  facet normal -0 0 1
    outer loop
      vertex -16.65 28.8386 58.49
      vertex -14.1936 26.5389 58.49
      vertex -16.0908 29.2677 58.49
    endloop
  endfacet
  facet normal 0 0 1
    outer loop
      vertex -14.1936 26.5389 58.49
      vertex -16.65 28.8386 58.49
      vertex -14.6666 26.1881 58.49
    endloop
  endfacet
  facet normal 0 0 1
    outer loop
      vertex -14.6666 26.1881 58.49
      vertex -16.65 28.8386 58.49
      vertex -15.1716 25.8854 58.49
    endloop
  endfacet
  facet normal 0 0 1
    outer loop
      vertex -15.1716 25.8854 58.49
      vertex -16.65 28.8386 58.49
      vertex -15.7039 25.6336 58.49
    endloop
  endfacet
  facet normal -0 0 1
    outer loop
      vertex -17.3012 28.5689 58.49
      vertex -15.7039 25.6336 58.49
      vertex -16.65 28.8386 58.49
    endloop
  endfacet
  facet normal 0 0 1
    outer loop
      vertex -15.7039 25.6336 58.49
      vertex -17.3012 28.5689 58.49
      vertex -16.2583 25.4353 58.49
    endloop
  endfacet
  facet normal 0 0 1
    outer loop
      vertex -16.2583 25.4353 58.49
      vertex -17.3012 28.5689 58.49
      vertex -16.8295 25.2922 58.49
    endloop
  endfacet
  facet normal 0 0 1
    outer loop
      vertex -17.3012 28.5689 58.49
      vertex -17.4119 25.2058 58.49
      vertex -16.8295 25.2922 58.49
    endloop
  endfacet
  facet normal -0 0 1
    outer loop
      vertex -18 28.4769 58.49
      vertex -17.4119 25.2058 58.49
      vertex -17.3012 28.5689 58.49
    endloop
  endfacet
  facet normal 0 0 1
    outer loop
      vertex -18 28.4769 58.49
      vertex -18 25.1769 58.49
      vertex -17.4119 25.2058 58.49
    endloop
  endfacet
  facet normal 0 0 1
    outer loop
      vertex -18 28.4769 58.49
      vertex -18.5881 25.2058 58.49
      vertex -18 25.1769 58.49
    endloop
  endfacet
  facet normal 0 0 1
    outer loop
      vertex -18.6988 28.5689 58.49
      vertex -18.5881 25.2058 58.49
      vertex -18 28.4769 58.49
    endloop
  endfacet
  facet normal 0 0 1
    outer loop
      vertex -18.6988 28.5689 58.49
      vertex -19.1705 25.2922 58.49
      vertex -18.5881 25.2058 58.49
    endloop
  endfacet
  facet normal 0 0 1
    outer loop
      vertex -20.2961 25.6336 58.49
      vertex -18.6988 28.5689 58.49
      vertex -19.35 28.8386 58.49
    endloop
  endfacet
  facet normal 0 0 1
    outer loop
      vertex -18.6988 28.5689 58.49
      vertex -19.7417 25.4353 58.49
      vertex -19.1705 25.2922 58.49
    endloop
  endfacet
  facet normal 0 0 1
    outer loop
      vertex -21.8064 26.5389 58.49
      vertex -19.35 28.8386 58.49
      vertex -19.9092 29.2677 58.49
    endloop
  endfacet
  facet normal 0 0 1
    outer loop
      vertex -18.6988 28.5689 58.49
      vertex -20.2961 25.6336 58.49
      vertex -19.7417 25.4353 58.49
    endloop
  endfacet
  facet normal 0 0 1
    outer loop
      vertex -22.6381 27.3706 58.49
      vertex -19.9092 29.2677 58.49
      vertex -20.3383 29.8269 58.49
    endloop
  endfacet
  facet normal 0 0 1
    outer loop
      vertex -23.5433 28.8808 58.49
      vertex -20.3383 29.8269 58.49
      vertex -20.608 30.4781 58.49
    endloop
  endfacet
  facet normal -0 0 1
    outer loop
      vertex -23.9711 30.5888 58.49
      vertex -20.608 30.4781 58.49
      vertex -20.7 31.1769 58.49
    endloop
  endfacet
  facet normal 0 0 1
    outer loop
      vertex -19.35 28.8386 58.49
      vertex -20.8284 25.8854 58.49
      vertex -20.2961 25.6336 58.49
    endloop
  endfacet
  facet normal -0 0 1
    outer loop
      vertex -22.6381 34.9833 58.49
      vertex -19.9092 33.0861 58.49
      vertex -22.2426 35.4196 58.49
    endloop
  endfacet
  facet normal 0 0 1
    outer loop
      vertex -19.9092 33.0861 58.49
      vertex -22.6381 34.9833 58.49
      vertex -20.3383 32.5269 58.49
    endloop
  endfacet
  facet normal 0 0 1
    outer loop
      vertex -19.35 28.8386 58.49
      vertex -21.3334 26.1881 58.49
      vertex -20.8284 25.8854 58.49
    endloop
  endfacet
  facet normal -0 0 1
    outer loop
      vertex -22.9888 34.5103 58.49
      vertex -20.3383 32.5269 58.49
      vertex -22.6381 34.9833 58.49
    endloop
  endfacet
  facet normal 0 0 1
    outer loop
      vertex -19.35 28.8386 58.49
      vertex -21.8064 26.5389 58.49
      vertex -21.3334 26.1881 58.49
    endloop
  endfacet
  facet normal -0 0 1
    outer loop
      vertex -23.2915 34.0053 58.49
      vertex -20.3383 32.5269 58.49
      vertex -22.9888 34.5103 58.49
    endloop
  endfacet
  facet normal 0 0 1
    outer loop
      vertex -19.9092 29.2677 58.49
      vertex -22.2426 26.9343 58.49
      vertex -21.8064 26.5389 58.49
    endloop
  endfacet
  facet normal -0 0 1
    outer loop
      vertex -23.5433 33.473 58.49
      vertex -20.3383 32.5269 58.49
      vertex -23.2915 34.0053 58.49
    endloop
  endfacet
  facet normal 0 0 1
    outer loop
      vertex -19.9092 29.2677 58.49
      vertex -22.6381 27.3706 58.49
      vertex -22.2426 26.9343 58.49
    endloop
  endfacet
  facet normal 0 0 1
    outer loop
      vertex -20.3383 32.5269 58.49
      vertex -23.5433 33.473 58.49
      vertex -20.608 31.8757 58.49
    endloop
  endfacet
  facet normal 0 0 1
    outer loop
      vertex -20.3383 29.8269 58.49
      vertex -22.9888 27.8435 58.49
      vertex -22.6381 27.3706 58.49
    endloop
  endfacet
  facet normal -0 0 1
    outer loop
      vertex -23.7416 32.9186 58.49
      vertex -20.608 31.8757 58.49
      vertex -23.5433 33.473 58.49
    endloop
  endfacet
  facet normal 0 0 1
    outer loop
      vertex -20.3383 29.8269 58.49
      vertex -23.2915 28.3485 58.49
      vertex -22.9888 27.8435 58.49
    endloop
  endfacet
  facet normal -0 0 1
    outer loop
      vertex -23.8847 32.3475 58.49
      vertex -20.608 31.8757 58.49
      vertex -23.7416 32.9186 58.49
    endloop
  endfacet
  facet normal 0 0 1
    outer loop
      vertex -20.3383 29.8269 58.49
      vertex -23.5433 28.8808 58.49
      vertex -23.2915 28.3485 58.49
    endloop
  endfacet
  facet normal 0 0 1
    outer loop
      vertex -23.9711 31.765 58.49
      vertex -20.608 31.8757 58.49
      vertex -23.8847 32.3475 58.49
    endloop
  endfacet
  facet normal 0 0 1
    outer loop
      vertex -20.608 30.4781 58.49
      vertex -23.7416 29.4352 58.49
      vertex -23.5433 28.8808 58.49
    endloop
  endfacet
  facet normal 0 0 1
    outer loop
      vertex -20.608 31.8757 58.49
      vertex -23.9711 31.765 58.49
      vertex -20.7 31.1769 58.49
    endloop
  endfacet
  facet normal 0 0 1
    outer loop
      vertex -20.608 30.4781 58.49
      vertex -23.8847 30.0064 58.49
      vertex -23.7416 29.4352 58.49
    endloop
  endfacet
  facet normal 0 0 1
    outer loop
      vertex -24 31.1769 58.49
      vertex -20.7 31.1769 58.49
      vertex -23.9711 31.765 58.49
    endloop
  endfacet
  facet normal 0 0 1
    outer loop
      vertex -20.608 30.4781 58.49
      vertex -23.9711 30.5888 58.49
      vertex -23.8847 30.0064 58.49
    endloop
  endfacet
  facet normal 0 0 1
    outer loop
      vertex -20.7 31.1769 58.49
      vertex -24 31.1769 58.49
      vertex -23.9711 30.5888 58.49
    endloop
  endfacet
  facet normal -0.857718 0.514121 0
    outer loop
      vertex -23.2915 34.0053 5
      vertex -22.9888 34.5103 58.49
      vertex -22.9888 34.5103 5
    endloop
  endfacet
  facet normal -0.857718 0.514121 0
    outer loop
      vertex -22.9888 34.5103 58.49
      vertex -23.2915 34.0053 5
      vertex -23.2915 34.0053 58.49
    endloop
  endfacet
  facet normal 0.38264 -0.923898 0
    outer loop
      vertex -19.35 33.5152 42.39
      vertex -18.6988 33.7849 58.49
      vertex -19.35 33.5152 58.49
    endloop
  endfacet
  facet normal 0.38264 -0.923898 0
    outer loop
      vertex -18.6988 33.7849 58.49
      vertex -19.35 33.5152 42.39
      vertex -18.6988 33.7849 42.39
    endloop
  endfacet
  facet normal -0.38264 0.923898 0
    outer loop
      vertex -16.65 28.8386 42.39
      vertex -17.3012 28.5689 58.49
      vertex -16.65 28.8386 58.49
    endloop
  endfacet
  facet normal -0.38264 0.923898 0
    outer loop
      vertex -17.3012 28.5689 58.49
      vertex -16.65 28.8386 42.39
      vertex -17.3012 28.5689 42.39
    endloop
  endfacet
  facet normal -0.991445 -0.130528 0
    outer loop
      vertex -15.3 31.1769 42.39
      vertex -15.392 31.8757 58.49
      vertex -15.392 31.8757 42.39
    endloop
  endfacet
  facet normal -0.991445 -0.130528 0
    outer loop
      vertex -15.392 31.8757 58.49
      vertex -15.3 31.1769 42.39
      vertex -15.3 31.1769 58.49
    endloop
  endfacet
  facet normal -0.608771 0.793346 0
    outer loop
      vertex -16.0908 29.2677 42.39
      vertex -16.65 28.8386 58.49
      vertex -16.0908 29.2677 58.49
    endloop
  endfacet
  facet normal -0.608771 0.793346 0
    outer loop
      vertex -16.65 28.8386 58.49
      vertex -16.0908 29.2677 42.39
      vertex -16.65 28.8386 42.39
    endloop
  endfacet
  facet normal -0.991445 0.130528 0
    outer loop
      vertex -15.392 30.4781 42.39
      vertex -15.3 31.1769 58.49
      vertex -15.3 31.1769 42.39
    endloop
  endfacet
  facet normal -0.991445 0.130528 0
    outer loop
      vertex -15.3 31.1769 58.49
      vertex -15.392 30.4781 42.39
      vertex -15.392 30.4781 58.49
    endloop
  endfacet
  facet normal 0.991445 -0.130528 0
    outer loop
      vertex -20.7 31.1769 58.49
      vertex -20.608 31.8757 42.39
      vertex -20.608 31.8757 58.49
    endloop
  endfacet
  facet normal 0.991445 -0.130528 0
    outer loop
      vertex -20.608 31.8757 42.39
      vertex -20.7 31.1769 58.49
      vertex -20.7 31.1769 42.39
    endloop
  endfacet
  facet normal -0.793346 0.608771 0
    outer loop
      vertex -16.0908 29.2677 42.39
      vertex -15.6617 29.8269 58.49
      vertex -15.6617 29.8269 42.39
    endloop
  endfacet
  facet normal -0.793346 0.608771 0
    outer loop
      vertex -15.6617 29.8269 58.49
      vertex -16.0908 29.2677 42.39
      vertex -16.0908 29.2677 58.49
    endloop
  endfacet
  facet normal -0.130528 0.991445 0
    outer loop
      vertex -17.3012 28.5689 42.39
      vertex -18 28.4769 58.49
      vertex -17.3012 28.5689 58.49
    endloop
  endfacet
  facet normal -0.130528 0.991445 0
    outer loop
      vertex -18 28.4769 58.49
      vertex -17.3012 28.5689 42.39
      vertex -18 28.4769 42.39
    endloop
  endfacet
  facet normal 0.130528 0.991445 -0
    outer loop
      vertex -18 28.4769 42.39
      vertex -18.6988 28.5689 58.49
      vertex -18 28.4769 58.49
    endloop
  endfacet
  facet normal 0.130528 0.991445 0
    outer loop
      vertex -18.6988 28.5689 58.49
      vertex -18 28.4769 42.39
      vertex -18.6988 28.5689 42.39
    endloop
  endfacet
  facet normal -0.923898 -0.38264 0
    outer loop
      vertex -15.392 31.8757 42.39
      vertex -15.6617 32.5269 58.49
      vertex -15.6617 32.5269 42.39
    endloop
  endfacet
  facet normal -0.923898 -0.38264 0
    outer loop
      vertex -15.6617 32.5269 58.49
      vertex -15.392 31.8757 42.39
      vertex -15.392 31.8757 58.49
    endloop
  endfacet
  facet normal -0.793346 -0.608771 0
    outer loop
      vertex -15.6617 32.5269 42.39
      vertex -16.0908 33.0861 58.49
      vertex -16.0908 33.0861 42.39
    endloop
  endfacet
  facet normal -0.793346 -0.608771 0
    outer loop
      vertex -16.0908 33.0861 58.49
      vertex -15.6617 32.5269 42.39
      vertex -15.6617 32.5269 58.49
    endloop
  endfacet
  facet normal 0.130528 -0.991445 0
    outer loop
      vertex -18.6988 33.7849 42.39
      vertex -18 33.8769 58.49
      vertex -18.6988 33.7849 58.49
    endloop
  endfacet
  facet normal 0.130528 -0.991445 0
    outer loop
      vertex -18 33.8769 58.49
      vertex -18.6988 33.7849 42.39
      vertex -18 33.8769 42.39
    endloop
  endfacet
  facet normal 0.923898 -0.38264 0
    outer loop
      vertex -20.608 31.8757 58.49
      vertex -20.3383 32.5269 42.39
      vertex -20.3383 32.5269 58.49
    endloop
  endfacet
  facet normal 0.923898 -0.38264 0
    outer loop
      vertex -20.3383 32.5269 42.39
      vertex -20.608 31.8757 58.49
      vertex -20.608 31.8757 42.39
    endloop
  endfacet
  facet normal 0 0 1
    outer loop
      vertex -15.392 31.8757 42.39
      vertex -15.392 30.4781 42.39
      vertex -15.3 31.1769 42.39
    endloop
  endfacet
  facet normal 0 0 1
    outer loop
      vertex -15.6617 32.5269 42.39
      vertex -15.392 30.4781 42.39
      vertex -15.392 31.8757 42.39
    endloop
  endfacet
  facet normal 0 0 1
    outer loop
      vertex -15.6617 32.5269 42.39
      vertex -15.6617 29.8269 42.39
      vertex -15.392 30.4781 42.39
    endloop
  endfacet
  facet normal 0 0 1
    outer loop
      vertex -16.0908 33.0861 42.39
      vertex -15.6617 29.8269 42.39
      vertex -15.6617 32.5269 42.39
    endloop
  endfacet
  facet normal 0 0 1
    outer loop
      vertex -16.0908 33.0861 42.39
      vertex -16.0908 29.2677 42.39
      vertex -15.6617 29.8269 42.39
    endloop
  endfacet
  facet normal 0 0 1
    outer loop
      vertex -16.65 33.5152 42.39
      vertex -16.0908 29.2677 42.39
      vertex -16.0908 33.0861 42.39
    endloop
  endfacet
  facet normal 0 0 1
    outer loop
      vertex -16.65 33.5152 42.39
      vertex -16.65 28.8386 42.39
      vertex -16.0908 29.2677 42.39
    endloop
  endfacet
  facet normal 0 0 1
    outer loop
      vertex -17.3012 33.7849 42.39
      vertex -16.65 28.8386 42.39
      vertex -16.65 33.5152 42.39
    endloop
  endfacet
  facet normal 0 0 1
    outer loop
      vertex -17.3012 33.7849 42.39
      vertex -17.3012 28.5689 42.39
      vertex -16.65 28.8386 42.39
    endloop
  endfacet
  facet normal 0 0 1
    outer loop
      vertex -18 33.8769 42.39
      vertex -17.3012 28.5689 42.39
      vertex -17.3012 33.7849 42.39
    endloop
  endfacet
  facet normal 0 0 1
    outer loop
      vertex -18 33.8769 42.39
      vertex -18 28.4769 42.39
      vertex -17.3012 28.5689 42.39
    endloop
  endfacet
  facet normal -0 0 1
    outer loop
      vertex -18.6988 33.7849 42.39
      vertex -18 28.4769 42.39
      vertex -18 33.8769 42.39
    endloop
  endfacet
  facet normal 0 0 1
    outer loop
      vertex -18.6988 33.7849 42.39
      vertex -18.6988 28.5689 42.39
      vertex -18 28.4769 42.39
    endloop
  endfacet
  facet normal -0 0 1
    outer loop
      vertex -19.35 33.5152 42.39
      vertex -18.6988 28.5689 42.39
      vertex -18.6988 33.7849 42.39
    endloop
  endfacet
  facet normal 0 0 1
    outer loop
      vertex -19.35 33.5152 42.39
      vertex -19.35 28.8386 42.39
      vertex -18.6988 28.5689 42.39
    endloop
  endfacet
  facet normal -0 0 1
    outer loop
      vertex -19.9092 33.0861 42.39
      vertex -19.35 28.8386 42.39
      vertex -19.35 33.5152 42.39
    endloop
  endfacet
  facet normal 0 0 1
    outer loop
      vertex -19.9092 33.0861 42.39
      vertex -19.9092 29.2677 42.39
      vertex -19.35 28.8386 42.39
    endloop
  endfacet
  facet normal -0 0 1
    outer loop
      vertex -20.3383 32.5269 42.39
      vertex -19.9092 29.2677 42.39
      vertex -19.9092 33.0861 42.39
    endloop
  endfacet
  facet normal 0 0 1
    outer loop
      vertex -20.3383 32.5269 42.39
      vertex -20.3383 29.8269 42.39
      vertex -19.9092 29.2677 42.39
    endloop
  endfacet
  facet normal -0 0 1
    outer loop
      vertex -20.608 31.8757 42.39
      vertex -20.3383 29.8269 42.39
      vertex -20.3383 32.5269 42.39
    endloop
  endfacet
  facet normal 0 0 1
    outer loop
      vertex -20.608 31.8757 42.39
      vertex -20.608 30.4781 42.39
      vertex -20.3383 29.8269 42.39
    endloop
  endfacet
  facet normal 0 -0 1
    outer loop
      vertex -20.608 30.4781 42.39
      vertex -20.608 31.8757 42.39
      vertex -20.7 31.1769 42.39
    endloop
  endfacet
  facet normal 0.991445 0.130528 0
    outer loop
      vertex -20.608 30.4781 58.49
      vertex -20.7 31.1769 42.39
      vertex -20.7 31.1769 58.49
    endloop
  endfacet
  facet normal 0.991445 0.130528 0
    outer loop
      vertex -20.7 31.1769 42.39
      vertex -20.608 30.4781 58.49
      vertex -20.608 30.4781 42.39
    endloop
  endfacet
  facet normal -0.130528 -0.991445 0
    outer loop
      vertex -18 33.8769 42.39
      vertex -17.3012 33.7849 58.49
      vertex -18 33.8769 58.49
    endloop
  endfacet
  facet normal -0.130528 -0.991445 -0
    outer loop
      vertex -17.3012 33.7849 58.49
      vertex -18 33.8769 42.39
      vertex -17.3012 33.7849 42.39
    endloop
  endfacet
  facet normal 0.608771 0.793346 -0
    outer loop
      vertex -19.35 28.8386 42.39
      vertex -19.9092 29.2677 58.49
      vertex -19.35 28.8386 58.49
    endloop
  endfacet
  facet normal 0.608771 0.793346 0
    outer loop
      vertex -19.9092 29.2677 58.49
      vertex -19.35 28.8386 42.39
      vertex -19.9092 29.2677 42.39
    endloop
  endfacet
  facet normal -0.608771 -0.793346 0
    outer loop
      vertex -16.65 33.5152 42.39
      vertex -16.0908 33.0861 58.49
      vertex -16.65 33.5152 58.49
    endloop
  endfacet
  facet normal -0.608771 -0.793346 -0
    outer loop
      vertex -16.0908 33.0861 58.49
      vertex -16.65 33.5152 42.39
      vertex -16.0908 33.0861 42.39
    endloop
  endfacet
  facet normal -0.38264 -0.923898 0
    outer loop
      vertex -17.3012 33.7849 42.39
      vertex -16.65 33.5152 58.49
      vertex -17.3012 33.7849 58.49
    endloop
  endfacet
  facet normal -0.38264 -0.923898 -0
    outer loop
      vertex -16.65 33.5152 58.49
      vertex -17.3012 33.7849 42.39
      vertex -16.65 33.5152 42.39
    endloop
  endfacet
  facet normal 0.608771 -0.793346 0
    outer loop
      vertex -19.9092 33.0861 42.39
      vertex -19.35 33.5152 58.49
      vertex -19.9092 33.0861 58.49
    endloop
  endfacet
  facet normal 0.608771 -0.793346 0
    outer loop
      vertex -19.35 33.5152 58.49
      vertex -19.9092 33.0861 42.39
      vertex -19.35 33.5152 42.39
    endloop
  endfacet
  facet normal 0.793346 0.608771 0
    outer loop
      vertex -19.9092 29.2677 58.49
      vertex -20.3383 29.8269 42.39
      vertex -20.3383 29.8269 58.49
    endloop
  endfacet
  facet normal 0.793346 0.608771 0
    outer loop
      vertex -20.3383 29.8269 42.39
      vertex -19.9092 29.2677 58.49
      vertex -19.9092 29.2677 42.39
    endloop
  endfacet
  facet normal 0.793346 -0.608771 0
    outer loop
      vertex -20.3383 32.5269 58.49
      vertex -19.9092 33.0861 42.39
      vertex -19.9092 33.0861 58.49
    endloop
  endfacet
  facet normal 0.793346 -0.608771 0
    outer loop
      vertex -19.9092 33.0861 42.39
      vertex -20.3383 32.5269 58.49
      vertex -20.3383 32.5269 42.39
    endloop
  endfacet
  facet normal -0.923898 0.38264 0
    outer loop
      vertex -15.6617 29.8269 42.39
      vertex -15.392 30.4781 58.49
      vertex -15.392 30.4781 42.39
    endloop
  endfacet
  facet normal -0.923898 0.38264 0
    outer loop
      vertex -15.392 30.4781 58.49
      vertex -15.6617 29.8269 42.39
      vertex -15.6617 29.8269 58.49
    endloop
  endfacet
  facet normal 0.923898 0.38264 0
    outer loop
      vertex -20.3383 29.8269 58.49
      vertex -20.608 30.4781 42.39
      vertex -20.608 30.4781 58.49
    endloop
  endfacet
  facet normal 0.923898 0.38264 0
    outer loop
      vertex -20.608 30.4781 42.39
      vertex -20.3383 29.8269 58.49
      vertex -20.3383 29.8269 42.39
    endloop
  endfacet
  facet normal 0.38264 0.923898 -0
    outer loop
      vertex -18.6988 28.5689 42.39
      vertex -19.35 28.8386 58.49
      vertex -18.6988 28.5689 58.49
    endloop
  endfacet
  facet normal 0.38264 0.923898 0
    outer loop
      vertex -19.35 28.8386 58.49
      vertex -18.6988 28.5689 42.39
      vertex -19.35 28.8386 42.39
    endloop
  endfacet
  facet normal 0.7409 -0.671616 0
    outer loop
      vertex -13.7574 -35.4196 58.49
      vertex -13.3619 -34.9833 5
      vertex -13.3619 -34.9833 58.49
    endloop
  endfacet
  facet normal 0.7409 -0.671616 0
    outer loop
      vertex -13.3619 -34.9833 5
      vertex -13.7574 -35.4196 58.49
      vertex -13.7574 -35.4196 5
    endloop
  endfacet
  facet normal 0.94158 -0.336788 0
    outer loop
      vertex -12.4567 -33.473 58.49
      vertex -12.2584 -32.9186 5
      vertex -12.2584 -32.9186 58.49
    endloop
  endfacet
  facet normal 0.94158 -0.336788 0
    outer loop
      vertex -12.2584 -32.9186 5
      vertex -12.4567 -33.473 58.49
      vertex -12.4567 -33.473 5
    endloop
  endfacet
  facet normal 0.803229 0.59567 0
    outer loop
      vertex -13.0112 -27.8435 58.49
      vertex -13.3619 -27.3706 5
      vertex -13.3619 -27.3706 58.49
    endloop
  endfacet
  facet normal 0.803229 0.59567 0
    outer loop
      vertex -13.3619 -27.3706 5
      vertex -13.0112 -27.8435 58.49
      vertex -13.0112 -27.8435 5
    endloop
  endfacet
  facet normal -0.998795 0.0490821 0
    outer loop
      vertex -24 -31.1769 5
      vertex -23.9711 -30.5888 58.49
      vertex -23.9711 -30.5888 5
    endloop
  endfacet
  facet normal -0.998795 0.0490821 0
    outer loop
      vertex -23.9711 -30.5888 58.49
      vertex -24 -31.1769 5
      vertex -24 -31.1769 58.49
    endloop
  endfacet
  facet normal 0.989174 0.146746 0
    outer loop
      vertex -12.0289 -30.5888 58.49
      vertex -12.1153 -30.0064 5
      vertex -12.1153 -30.0064 58.49
    endloop
  endfacet
  facet normal 0.989174 0.146746 0
    outer loop
      vertex -12.1153 -30.0064 5
      vertex -12.0289 -30.5888 58.49
      vertex -12.0289 -30.5888 5
    endloop
  endfacet
  facet normal 0.857718 -0.514121 0
    outer loop
      vertex -13.0112 -34.5103 58.49
      vertex -12.7085 -34.0053 5
      vertex -12.7085 -34.0053 58.49
    endloop
  endfacet
  facet normal 0.857718 -0.514121 0
    outer loop
      vertex -12.7085 -34.0053 5
      vertex -13.0112 -34.5103 58.49
      vertex -13.0112 -34.5103 5
    endloop
  endfacet
  facet normal 0.146746 -0.989174 0
    outer loop
      vertex -17.4119 -37.148 5
      vertex -16.8295 -37.0616 58.49
      vertex -17.4119 -37.148 58.49
    endloop
  endfacet
  facet normal 0.146746 -0.989174 0
    outer loop
      vertex -16.8295 -37.0616 58.49
      vertex -17.4119 -37.148 5
      vertex -16.8295 -37.0616 5
    endloop
  endfacet
  facet normal 0.803289 -0.595589 0
    outer loop
      vertex -13.3619 -34.9833 58.49
      vertex -13.0112 -34.5103 5
      vertex -13.0112 -34.5103 58.49
    endloop
  endfacet
  facet normal 0.803289 -0.595589 0
    outer loop
      vertex -13.0112 -34.5103 5
      vertex -13.3619 -34.9833 58.49
      vertex -13.3619 -34.9833 5
    endloop
  endfacet
  facet normal -0.903962 -0.427612 0
    outer loop
      vertex -23.2915 -34.0053 5
      vertex -23.5433 -33.473 58.49
      vertex -23.5433 -33.473 5
    endloop
  endfacet
  facet normal -0.903962 -0.427612 0
    outer loop
      vertex -23.5433 -33.473 58.49
      vertex -23.2915 -34.0053 5
      vertex -23.2915 -34.0053 58.49
    endloop
  endfacet
  facet normal -0.336788 0.94158 0
    outer loop
      vertex -19.7417 -25.4353 5
      vertex -20.2961 -25.6336 58.49
      vertex -19.7417 -25.4353 58.49
    endloop
  endfacet
  facet normal -0.336788 0.94158 0
    outer loop
      vertex -20.2961 -25.6336 58.49
      vertex -19.7417 -25.4353 5
      vertex -20.2961 -25.6336 5
    endloop
  endfacet
  facet normal 0.7409 0.671616 0
    outer loop
      vertex -13.3619 -27.3706 58.49
      vertex -13.7574 -26.9343 5
      vertex -13.7574 -26.9343 58.49
    endloop
  endfacet
  facet normal 0.7409 0.671616 0
    outer loop
      vertex -13.7574 -26.9343 5
      vertex -13.3619 -27.3706 58.49
      vertex -13.3619 -27.3706 5
    endloop
  endfacet
  facet normal -0.514121 0.857718 0
    outer loop
      vertex -20.8284 -25.8854 5
      vertex -21.3334 -26.1881 58.49
      vertex -20.8284 -25.8854 58.49
    endloop
  endfacet
  facet normal -0.514121 0.857718 0
    outer loop
      vertex -21.3334 -26.1881 58.49
      vertex -20.8284 -25.8854 5
      vertex -21.3334 -26.1881 5
    endloop
  endfacet
  facet normal 0.242855 -0.970063 0
    outer loop
      vertex -16.8295 -37.0616 5
      vertex -16.2583 -36.9186 58.49
      vertex -16.8295 -37.0616 58.49
    endloop
  endfacet
  facet normal 0.242855 -0.970063 0
    outer loop
      vertex -16.2583 -36.9186 58.49
      vertex -16.8295 -37.0616 5
      vertex -16.2583 -36.9186 5
    endloop
  endfacet
  facet normal -0.803289 -0.595589 0
    outer loop
      vertex -22.6381 -34.9833 5
      vertex -22.9888 -34.5103 58.49
      vertex -22.9888 -34.5103 5
    endloop
  endfacet
  facet normal -0.803289 -0.595589 0
    outer loop
      vertex -22.9888 -34.5103 58.49
      vertex -22.6381 -34.9833 5
      vertex -22.6381 -34.9833 58.49
    endloop
  endfacet
  facet normal 0.94158 0.336788 0
    outer loop
      vertex -12.2584 -29.4352 58.49
      vertex -12.4567 -28.8808 5
      vertex -12.4567 -28.8808 58.49
    endloop
  endfacet
  facet normal 0.94158 0.336788 0
    outer loop
      vertex -12.4567 -28.8808 5
      vertex -12.2584 -29.4352 58.49
      vertex -12.2584 -29.4352 5
    endloop
  endfacet
  facet normal 0.857718 0.514121 0
    outer loop
      vertex -12.7085 -28.3485 58.49
      vertex -13.0112 -27.8435 5
      vertex -13.0112 -27.8435 58.49
    endloop
  endfacet
  facet normal 0.857718 0.514121 0
    outer loop
      vertex -13.0112 -27.8435 5
      vertex -12.7085 -28.3485 58.49
      vertex -12.7085 -28.3485 5
    endloop
  endfacet
  facet normal -0.857718 -0.514121 0
    outer loop
      vertex -22.9888 -34.5103 5
      vertex -23.2915 -34.0053 58.49
      vertex -23.2915 -34.0053 5
    endloop
  endfacet
  facet normal -0.857718 -0.514121 0
    outer loop
      vertex -23.2915 -34.0053 58.49
      vertex -22.9888 -34.5103 5
      vertex -22.9888 -34.5103 58.49
    endloop
  endfacet
  facet normal -0.989178 -0.146721 0
    outer loop
      vertex -23.8847 -32.3475 5
      vertex -23.9711 -31.765 58.49
      vertex -23.9711 -31.765 5
    endloop
  endfacet
  facet normal -0.989178 -0.146721 0
    outer loop
      vertex -23.9711 -31.765 58.49
      vertex -23.8847 -32.3475 5
      vertex -23.8847 -32.3475 58.49
    endloop
  endfacet
  facet normal -0.7409 -0.671616 0
    outer loop
      vertex -22.2426 -35.4196 5
      vertex -22.6381 -34.9833 58.49
      vertex -22.6381 -34.9833 5
    endloop
  endfacet
  facet normal -0.7409 -0.671616 0
    outer loop
      vertex -22.6381 -34.9833 58.49
      vertex -22.2426 -35.4196 5
      vertex -22.2426 -35.4196 58.49
    endloop
  endfacet
  facet normal 0.903962 0.427612 0
    outer loop
      vertex -12.4567 -28.8808 58.49
      vertex -12.7085 -28.3485 5
      vertex -12.7085 -28.3485 58.49
    endloop
  endfacet
  facet normal 0.903962 0.427612 0
    outer loop
      vertex -12.7085 -28.3485 5
      vertex -12.4567 -28.8808 58.49
      vertex -12.4567 -28.8808 5
    endloop
  endfacet
  facet normal 0.998795 0.0490821 0
    outer loop
      vertex -12 -31.1769 58.49
      vertex -12.0289 -30.5888 5
      vertex -12.0289 -30.5888 58.49
    endloop
  endfacet
  facet normal 0.998795 0.0490821 0
    outer loop
      vertex -12.0289 -30.5888 5
      vertex -12 -31.1769 58.49
      vertex -12 -31.1769 5
    endloop
  endfacet
  facet normal -0.970012 -0.243055 0
    outer loop
      vertex -23.7416 -32.9186 5
      vertex -23.8847 -32.3475 58.49
      vertex -23.8847 -32.3475 5
    endloop
  endfacet
  facet normal -0.970012 -0.243055 0
    outer loop
      vertex -23.8847 -32.3475 58.49
      vertex -23.7416 -32.9186 5
      vertex -23.7416 -32.9186 58.49
    endloop
  endfacet
  facet normal 0.989178 -0.146721 0
    outer loop
      vertex -12.1153 -32.3475 58.49
      vertex -12.0289 -31.765 5
      vertex -12.0289 -31.765 58.49
    endloop
  endfacet
  facet normal 0.989178 -0.146721 0
    outer loop
      vertex -12.0289 -31.765 5
      vertex -12.1153 -32.3475 58.49
      vertex -12.1153 -32.3475 5
    endloop
  endfacet
  facet normal -0.0490821 0.998795 0
    outer loop
      vertex -18 -25.1769 5
      vertex -18.5881 -25.2058 58.49
      vertex -18 -25.1769 58.49
    endloop
  endfacet
  facet normal -0.0490821 0.998795 0
    outer loop
      vertex -18.5881 -25.2058 58.49
      vertex -18 -25.1769 5
      vertex -18.5881 -25.2058 5
    endloop
  endfacet
  facet normal -0.242855 -0.970063 0
    outer loop
      vertex -19.7417 -36.9186 5
      vertex -19.1705 -37.0616 58.49
      vertex -19.7417 -36.9186 58.49
    endloop
  endfacet
  facet normal -0.242855 -0.970063 -0
    outer loop
      vertex -19.1705 -37.0616 58.49
      vertex -19.7417 -36.9186 5
      vertex -19.1705 -37.0616 5
    endloop
  endfacet
  facet normal -0.427612 -0.903962 0
    outer loop
      vertex -20.8284 -36.4684 5
      vertex -20.2961 -36.7202 58.49
      vertex -20.8284 -36.4684 58.49
    endloop
  endfacet
  facet normal -0.427612 -0.903962 -0
    outer loop
      vertex -20.2961 -36.7202 58.49
      vertex -20.8284 -36.4684 5
      vertex -20.2961 -36.7202 5
    endloop
  endfacet
  facet normal -0.595589 -0.803289 0
    outer loop
      vertex -21.8064 -35.815 5
      vertex -21.3334 -36.1657 58.49
      vertex -21.8064 -35.815 58.49
    endloop
  endfacet
  facet normal -0.595589 -0.803289 -0
    outer loop
      vertex -21.3334 -36.1657 58.49
      vertex -21.8064 -35.815 5
      vertex -21.3334 -36.1657 5
    endloop
  endfacet
  facet normal 0.998795 -0.0490821 0
    outer loop
      vertex -12.0289 -31.765 58.49
      vertex -12 -31.1769 5
      vertex -12 -31.1769 58.49
    endloop
  endfacet
  facet normal 0.998795 -0.0490821 0
    outer loop
      vertex -12 -31.1769 5
      vertex -12.0289 -31.765 58.49
      vertex -12.0289 -31.765 5
    endloop
  endfacet
  facet normal 0.970023 0.243015 0
    outer loop
      vertex -12.1153 -30.0064 58.49
      vertex -12.2584 -29.4352 5
      vertex -12.2584 -29.4352 58.49
    endloop
  endfacet
  facet normal 0.970023 0.243015 0
    outer loop
      vertex -12.2584 -29.4352 5
      vertex -12.1153 -30.0064 58.49
      vertex -12.1153 -30.0064 5
    endloop
  endfacet
  facet normal -0.989174 0.146746 0
    outer loop
      vertex -23.9711 -30.5888 5
      vertex -23.8847 -30.0064 58.49
      vertex -23.8847 -30.0064 5
    endloop
  endfacet
  facet normal -0.989174 0.146746 0
    outer loop
      vertex -23.8847 -30.0064 58.49
      vertex -23.9711 -30.5888 5
      vertex -23.9711 -30.5888 58.49
    endloop
  endfacet
  facet normal -0.146746 0.989174 0
    outer loop
      vertex -18.5881 -25.2058 5
      vertex -19.1705 -25.2922 58.49
      vertex -18.5881 -25.2058 58.49
    endloop
  endfacet
  facet normal -0.146746 0.989174 0
    outer loop
      vertex -19.1705 -25.2922 58.49
      vertex -18.5881 -25.2058 5
      vertex -19.1705 -25.2922 5
    endloop
  endfacet
  facet normal -0.970023 0.243015 0
    outer loop
      vertex -23.8847 -30.0064 5
      vertex -23.7416 -29.4352 58.49
      vertex -23.7416 -29.4352 5
    endloop
  endfacet
  facet normal -0.970023 0.243015 0
    outer loop
      vertex -23.7416 -29.4352 58.49
      vertex -23.8847 -30.0064 5
      vertex -23.8847 -30.0064 58.49
    endloop
  endfacet
  facet normal 0.336788 0.94158 -0
    outer loop
      vertex -15.7039 -25.6336 5
      vertex -16.2583 -25.4353 58.49
      vertex -15.7039 -25.6336 58.49
    endloop
  endfacet
  facet normal 0.336788 0.94158 0
    outer loop
      vertex -16.2583 -25.4353 58.49
      vertex -15.7039 -25.6336 5
      vertex -16.2583 -25.4353 5
    endloop
  endfacet
  facet normal -0.94158 0.336788 0
    outer loop
      vertex -23.7416 -29.4352 5
      vertex -23.5433 -28.8808 58.49
      vertex -23.5433 -28.8808 5
    endloop
  endfacet
  facet normal -0.94158 0.336788 0
    outer loop
      vertex -23.5433 -28.8808 58.49
      vertex -23.7416 -29.4352 5
      vertex -23.7416 -29.4352 58.49
    endloop
  endfacet
  facet normal 0.514121 -0.857718 0
    outer loop
      vertex -15.1716 -36.4684 5
      vertex -14.6666 -36.1657 58.49
      vertex -15.1716 -36.4684 58.49
    endloop
  endfacet
  facet normal 0.514121 -0.857718 0
    outer loop
      vertex -14.6666 -36.1657 58.49
      vertex -15.1716 -36.4684 5
      vertex -14.6666 -36.1657 5
    endloop
  endfacet
  facet normal 0.671607 0.740908 -0
    outer loop
      vertex -13.7574 -26.9343 5
      vertex -14.1936 -26.5389 58.49
      vertex -13.7574 -26.9343 58.49
    endloop
  endfacet
  facet normal 0.671607 0.740908 0
    outer loop
      vertex -14.1936 -26.5389 58.49
      vertex -13.7574 -26.9343 5
      vertex -14.1936 -26.5389 5
    endloop
  endfacet
  facet normal 0.0490821 -0.998795 0
    outer loop
      vertex -18 -37.1769 5
      vertex -17.4119 -37.148 58.49
      vertex -18 -37.1769 58.49
    endloop
  endfacet
  facet normal 0.0490821 -0.998795 0
    outer loop
      vertex -17.4119 -37.148 58.49
      vertex -18 -37.1769 5
      vertex -17.4119 -37.148 5
    endloop
  endfacet
  facet normal -0.595699 0.803208 0
    outer loop
      vertex -21.3334 -26.1881 5
      vertex -21.8064 -26.5389 58.49
      vertex -21.3334 -26.1881 58.49
    endloop
  endfacet
  facet normal -0.595699 0.803208 0
    outer loop
      vertex -21.8064 -26.5389 58.49
      vertex -21.3334 -26.1881 5
      vertex -21.8064 -26.5389 5
    endloop
  endfacet
  facet normal 0.595589 -0.803289 0
    outer loop
      vertex -14.6666 -36.1657 5
      vertex -14.1936 -35.815 58.49
      vertex -14.6666 -36.1657 58.49
    endloop
  endfacet
  facet normal 0.595589 -0.803289 0
    outer loop
      vertex -14.1936 -35.815 58.49
      vertex -14.6666 -36.1657 5
      vertex -14.1936 -35.815 5
    endloop
  endfacet
  facet normal -0.998795 -0.0490821 0
    outer loop
      vertex -23.9711 -31.765 5
      vertex -24 -31.1769 58.49
      vertex -24 -31.1769 5
    endloop
  endfacet
  facet normal -0.998795 -0.0490821 0
    outer loop
      vertex -24 -31.1769 58.49
      vertex -23.9711 -31.765 5
      vertex -23.9711 -31.765 58.49
    endloop
  endfacet
  facet normal -0.903962 0.427612 0
    outer loop
      vertex -23.5433 -28.8808 5
      vertex -23.2915 -28.3485 58.49
      vertex -23.2915 -28.3485 5
    endloop
  endfacet
  facet normal -0.903962 0.427612 0
    outer loop
      vertex -23.2915 -28.3485 58.49
      vertex -23.5433 -28.8808 5
      vertex -23.5433 -28.8808 58.49
    endloop
  endfacet
  facet normal -0.146746 -0.989174 0
    outer loop
      vertex -19.1705 -37.0616 5
      vertex -18.5881 -37.148 58.49
      vertex -19.1705 -37.0616 58.49
    endloop
  endfacet
  facet normal -0.146746 -0.989174 -0
    outer loop
      vertex -18.5881 -37.148 58.49
      vertex -19.1705 -37.0616 5
      vertex -18.5881 -37.148 5
    endloop
  endfacet
  facet normal 0.146746 0.989174 -0
    outer loop
      vertex -16.8295 -25.2922 5
      vertex -17.4119 -25.2058 58.49
      vertex -16.8295 -25.2922 58.49
    endloop
  endfacet
  facet normal 0.146746 0.989174 0
    outer loop
      vertex -17.4119 -25.2058 58.49
      vertex -16.8295 -25.2922 5
      vertex -17.4119 -25.2058 5
    endloop
  endfacet
  facet normal 0.0490821 0.998795 -0
    outer loop
      vertex -17.4119 -25.2058 5
      vertex -18 -25.1769 58.49
      vertex -17.4119 -25.2058 58.49
    endloop
  endfacet
  facet normal 0.0490821 0.998795 0
    outer loop
      vertex -18 -25.1769 58.49
      vertex -17.4119 -25.2058 5
      vertex -18 -25.1769 5
    endloop
  endfacet
  facet normal 0.427612 0.903962 -0
    outer loop
      vertex -15.1716 -25.8854 5
      vertex -15.7039 -25.6336 58.49
      vertex -15.1716 -25.8854 58.49
    endloop
  endfacet
  facet normal 0.427612 0.903962 0
    outer loop
      vertex -15.7039 -25.6336 58.49
      vertex -15.1716 -25.8854 5
      vertex -15.7039 -25.6336 5
    endloop
  endfacet
  facet normal -0.94158 -0.336788 0
    outer loop
      vertex -23.5433 -33.473 5
      vertex -23.7416 -32.9186 58.49
      vertex -23.7416 -32.9186 5
    endloop
  endfacet
  facet normal -0.94158 -0.336788 0
    outer loop
      vertex -23.7416 -32.9186 58.49
      vertex -23.5433 -33.473 5
      vertex -23.5433 -33.473 58.49
    endloop
  endfacet
  facet normal 0.595699 0.803208 -0
    outer loop
      vertex -14.1936 -26.5389 5
      vertex -14.6666 -26.1881 58.49
      vertex -14.1936 -26.5389 58.49
    endloop
  endfacet
  facet normal 0.595699 0.803208 0
    outer loop
      vertex -14.6666 -26.1881 58.49
      vertex -14.1936 -26.5389 5
      vertex -14.6666 -26.1881 5
    endloop
  endfacet
  facet normal 0.243015 0.970023 -0
    outer loop
      vertex -16.2583 -25.4353 5
      vertex -16.8295 -25.2922 58.49
      vertex -16.2583 -25.4353 58.49
    endloop
  endfacet
  facet normal 0.243015 0.970023 0
    outer loop
      vertex -16.8295 -25.2922 58.49
      vertex -16.2583 -25.4353 5
      vertex -16.8295 -25.2922 5
    endloop
  endfacet
  facet normal 0.903962 -0.427612 0
    outer loop
      vertex -12.7085 -34.0053 58.49
      vertex -12.4567 -33.473 5
      vertex -12.4567 -33.473 58.49
    endloop
  endfacet
  facet normal 0.903962 -0.427612 0
    outer loop
      vertex -12.4567 -33.473 5
      vertex -12.7085 -34.0053 58.49
      vertex -12.7085 -34.0053 5
    endloop
  endfacet
  facet normal -0.0490821 -0.998795 0
    outer loop
      vertex -18.5881 -37.148 5
      vertex -18 -37.1769 58.49
      vertex -18.5881 -37.148 58.49
    endloop
  endfacet
  facet normal -0.0490821 -0.998795 -0
    outer loop
      vertex -18 -37.1769 58.49
      vertex -18.5881 -37.148 5
      vertex -18 -37.1769 5
    endloop
  endfacet
  facet normal 0.514121 0.857718 -0
    outer loop
      vertex -14.6666 -26.1881 5
      vertex -15.1716 -25.8854 58.49
      vertex -14.6666 -26.1881 58.49
    endloop
  endfacet
  facet normal 0.514121 0.857718 0
    outer loop
      vertex -15.1716 -25.8854 58.49
      vertex -14.6666 -26.1881 5
      vertex -15.1716 -25.8854 5
    endloop
  endfacet
  facet normal -0.671607 0.740908 0
    outer loop
      vertex -21.8064 -26.5389 5
      vertex -22.2426 -26.9343 58.49
      vertex -21.8064 -26.5389 58.49
    endloop
  endfacet
  facet normal -0.671607 0.740908 0
    outer loop
      vertex -22.2426 -26.9343 58.49
      vertex -21.8064 -26.5389 5
      vertex -22.2426 -26.9343 5
    endloop
  endfacet
  facet normal -0.514121 -0.857718 0
    outer loop
      vertex -21.3334 -36.1657 5
      vertex -20.8284 -36.4684 58.49
      vertex -21.3334 -36.1657 58.49
    endloop
  endfacet
  facet normal -0.514121 -0.857718 -0
    outer loop
      vertex -20.8284 -36.4684 58.49
      vertex -21.3334 -36.1657 5
      vertex -20.8284 -36.4684 5
    endloop
  endfacet
  facet normal -0.336939 -0.941527 0
    outer loop
      vertex -20.2961 -36.7202 5
      vertex -19.7417 -36.9186 58.49
      vertex -20.2961 -36.7202 58.49
    endloop
  endfacet
  facet normal -0.336939 -0.941527 -0
    outer loop
      vertex -19.7417 -36.9186 58.49
      vertex -20.2961 -36.7202 5
      vertex -19.7417 -36.9186 5
    endloop
  endfacet
  facet normal -0.243015 0.970023 0
    outer loop
      vertex -19.1705 -25.2922 5
      vertex -19.7417 -25.4353 58.49
      vertex -19.1705 -25.2922 58.49
    endloop
  endfacet
  facet normal -0.243015 0.970023 0
    outer loop
      vertex -19.7417 -25.4353 58.49
      vertex -19.1705 -25.2922 5
      vertex -19.7417 -25.4353 5
    endloop
  endfacet
  facet normal 0.671607 -0.740908 0
    outer loop
      vertex -14.1936 -35.815 5
      vertex -13.7574 -35.4196 58.49
      vertex -14.1936 -35.815 58.49
    endloop
  endfacet
  facet normal 0.671607 -0.740908 0
    outer loop
      vertex -13.7574 -35.4196 58.49
      vertex -14.1936 -35.815 5
      vertex -13.7574 -35.4196 5
    endloop
  endfacet
  facet normal 0.970012 -0.243055 0
    outer loop
      vertex -12.2584 -32.9186 58.49
      vertex -12.1153 -32.3475 5
      vertex -12.1153 -32.3475 58.49
    endloop
  endfacet
  facet normal 0.970012 -0.243055 0
    outer loop
      vertex -12.1153 -32.3475 5
      vertex -12.2584 -32.9186 58.49
      vertex -12.2584 -32.9186 5
    endloop
  endfacet
  facet normal -0.671607 -0.740908 0
    outer loop
      vertex -22.2426 -35.4196 5
      vertex -21.8064 -35.815 58.49
      vertex -22.2426 -35.4196 58.49
    endloop
  endfacet
  facet normal -0.671607 -0.740908 -0
    outer loop
      vertex -21.8064 -35.815 58.49
      vertex -22.2426 -35.4196 5
      vertex -21.8064 -35.815 5
    endloop
  endfacet
  facet normal 0.336939 -0.941527 0
    outer loop
      vertex -16.2583 -36.9186 5
      vertex -15.7039 -36.7202 58.49
      vertex -16.2583 -36.9186 58.49
    endloop
  endfacet
  facet normal 0.336939 -0.941527 0
    outer loop
      vertex -15.7039 -36.7202 58.49
      vertex -16.2583 -36.9186 5
      vertex -15.7039 -36.7202 5
    endloop
  endfacet
  facet normal -0.803229 0.59567 0
    outer loop
      vertex -22.9888 -27.8435 5
      vertex -22.6381 -27.3706 58.49
      vertex -22.6381 -27.3706 5
    endloop
  endfacet
  facet normal -0.803229 0.59567 0
    outer loop
      vertex -22.6381 -27.3706 58.49
      vertex -22.9888 -27.8435 5
      vertex -22.9888 -27.8435 58.49
    endloop
  endfacet
  facet normal 0.427612 -0.903962 0
    outer loop
      vertex -15.7039 -36.7202 5
      vertex -15.1716 -36.4684 58.49
      vertex -15.7039 -36.7202 58.49
    endloop
  endfacet
  facet normal 0.427612 -0.903962 0
    outer loop
      vertex -15.1716 -36.4684 58.49
      vertex -15.7039 -36.7202 5
      vertex -15.1716 -36.4684 5
    endloop
  endfacet
  facet normal -0.7409 0.671616 0
    outer loop
      vertex -22.6381 -27.3706 5
      vertex -22.2426 -26.9343 58.49
      vertex -22.2426 -26.9343 5
    endloop
  endfacet
  facet normal -0.7409 0.671616 0
    outer loop
      vertex -22.2426 -26.9343 58.49
      vertex -22.6381 -27.3706 5
      vertex -22.6381 -27.3706 58.49
    endloop
  endfacet
  facet normal -0.427612 0.903962 0
    outer loop
      vertex -20.2961 -25.6336 5
      vertex -20.8284 -25.8854 58.49
      vertex -20.2961 -25.6336 58.49
    endloop
  endfacet
  facet normal -0.427612 0.903962 0
    outer loop
      vertex -20.8284 -25.8854 58.49
      vertex -20.2961 -25.6336 5
      vertex -20.8284 -25.8854 5
    endloop
  endfacet
  facet normal 0 0 1
    outer loop
      vertex -15.3 -31.1769 58.49
      vertex -12 -31.1769 58.49
      vertex -12.0289 -30.5888 58.49
    endloop
  endfacet
  facet normal -0 0 1
    outer loop
      vertex -15.392 -30.4781 58.49
      vertex -12.0289 -30.5888 58.49
      vertex -12.1153 -30.0064 58.49
    endloop
  endfacet
  facet normal 0 0 1
    outer loop
      vertex -12 -31.1769 58.49
      vertex -15.3 -31.1769 58.49
      vertex -12.0289 -31.765 58.49
    endloop
  endfacet
  facet normal 0 0 1
    outer loop
      vertex -15.392 -30.4781 58.49
      vertex -12.1153 -30.0064 58.49
      vertex -12.2584 -29.4352 58.49
    endloop
  endfacet
  facet normal 0 0 1
    outer loop
      vertex -15.392 -31.8757 58.49
      vertex -12.0289 -31.765 58.49
      vertex -15.3 -31.1769 58.49
    endloop
  endfacet
  facet normal 0 0 1
    outer loop
      vertex -15.392 -30.4781 58.49
      vertex -12.2584 -29.4352 58.49
      vertex -12.4567 -28.8808 58.49
    endloop
  endfacet
  facet normal 0 0 1
    outer loop
      vertex -12.0289 -31.765 58.49
      vertex -15.392 -31.8757 58.49
      vertex -12.1153 -32.3475 58.49
    endloop
  endfacet
  facet normal 0 0 1
    outer loop
      vertex -15.6617 -29.8269 58.49
      vertex -12.4567 -28.8808 58.49
      vertex -12.7085 -28.3485 58.49
    endloop
  endfacet
  facet normal 0 0 1
    outer loop
      vertex -12.1153 -32.3475 58.49
      vertex -15.392 -31.8757 58.49
      vertex -12.2584 -32.9186 58.49
    endloop
  endfacet
  facet normal 0 0 1
    outer loop
      vertex -15.6617 -29.8269 58.49
      vertex -12.7085 -28.3485 58.49
      vertex -13.0112 -27.8435 58.49
    endloop
  endfacet
  facet normal 0 0 1
    outer loop
      vertex -12.2584 -32.9186 58.49
      vertex -15.392 -31.8757 58.49
      vertex -12.4567 -33.473 58.49
    endloop
  endfacet
  facet normal 0 0 1
    outer loop
      vertex -15.6617 -29.8269 58.49
      vertex -13.0112 -27.8435 58.49
      vertex -13.3619 -27.3706 58.49
    endloop
  endfacet
  facet normal -0 0 1
    outer loop
      vertex -15.6617 -32.5269 58.49
      vertex -12.4567 -33.473 58.49
      vertex -15.392 -31.8757 58.49
    endloop
  endfacet
  facet normal 0 0 1
    outer loop
      vertex -16.0908 -29.2677 58.49
      vertex -13.3619 -27.3706 58.49
      vertex -13.7574 -26.9343 58.49
    endloop
  endfacet
  facet normal 0 0 1
    outer loop
      vertex -12.4567 -33.473 58.49
      vertex -15.6617 -32.5269 58.49
      vertex -12.7085 -34.0053 58.49
    endloop
  endfacet
  facet normal 0 0 1
    outer loop
      vertex -16.0908 -29.2677 58.49
      vertex -13.7574 -26.9343 58.49
      vertex -14.1936 -26.5389 58.49
    endloop
  endfacet
  facet normal 0 0 1
    outer loop
      vertex -12.7085 -34.0053 58.49
      vertex -15.6617 -32.5269 58.49
      vertex -13.0112 -34.5103 58.49
    endloop
  endfacet
  facet normal 0 0 1
    outer loop
      vertex -16.65 -28.8386 58.49
      vertex -14.1936 -26.5389 58.49
      vertex -14.6666 -26.1881 58.49
    endloop
  endfacet
  facet normal 0 0 1
    outer loop
      vertex -13.0112 -34.5103 58.49
      vertex -15.6617 -32.5269 58.49
      vertex -13.3619 -34.9833 58.49
    endloop
  endfacet
  facet normal 0 0 1
    outer loop
      vertex -16.65 -28.8386 58.49
      vertex -14.6666 -26.1881 58.49
      vertex -15.1716 -25.8854 58.49
    endloop
  endfacet
  facet normal -0 0 1
    outer loop
      vertex -16.0908 -33.0861 58.49
      vertex -13.3619 -34.9833 58.49
      vertex -15.6617 -32.5269 58.49
    endloop
  endfacet
  facet normal 0 0 1
    outer loop
      vertex -13.3619 -34.9833 58.49
      vertex -16.0908 -33.0861 58.49
      vertex -13.7574 -35.4196 58.49
    endloop
  endfacet
  facet normal 0 0 1
    outer loop
      vertex -12.0289 -30.5888 58.49
      vertex -15.392 -30.4781 58.49
      vertex -15.3 -31.1769 58.49
    endloop
  endfacet
  facet normal 0 0 1
    outer loop
      vertex -12.4567 -28.8808 58.49
      vertex -15.6617 -29.8269 58.49
      vertex -15.392 -30.4781 58.49
    endloop
  endfacet
  facet normal 0 0 1
    outer loop
      vertex -16.65 -28.8386 58.49
      vertex -15.1716 -25.8854 58.49
      vertex -15.7039 -25.6336 58.49
    endloop
  endfacet
  facet normal 0 0 1
    outer loop
      vertex -13.3619 -27.3706 58.49
      vertex -16.0908 -29.2677 58.49
      vertex -15.6617 -29.8269 58.49
    endloop
  endfacet
  facet normal 0 0 1
    outer loop
      vertex -17.3012 -28.5689 58.49
      vertex -15.7039 -25.6336 58.49
      vertex -16.2583 -25.4353 58.49
    endloop
  endfacet
  facet normal 0 0 1
    outer loop
      vertex -14.1936 -26.5389 58.49
      vertex -16.65 -28.8386 58.49
      vertex -16.0908 -29.2677 58.49
    endloop
  endfacet
  facet normal 0 0 1
    outer loop
      vertex -17.3012 -28.5689 58.49
      vertex -16.2583 -25.4353 58.49
      vertex -16.8295 -25.2922 58.49
    endloop
  endfacet
  facet normal 0 0 1
    outer loop
      vertex -15.7039 -25.6336 58.49
      vertex -17.3012 -28.5689 58.49
      vertex -16.65 -28.8386 58.49
    endloop
  endfacet
  facet normal 0 0 1
    outer loop
      vertex -17.4119 -25.2058 58.49
      vertex -17.3012 -28.5689 58.49
      vertex -16.8295 -25.2922 58.49
    endloop
  endfacet
  facet normal 0 0 1
    outer loop
      vertex -18 -28.4769 58.49
      vertex -17.4119 -25.2058 58.49
      vertex -18 -25.1769 58.49
    endloop
  endfacet
  facet normal 0 0 1
    outer loop
      vertex -17.4119 -25.2058 58.49
      vertex -18 -28.4769 58.49
      vertex -17.3012 -28.5689 58.49
    endloop
  endfacet
  facet normal -0 0 1
    outer loop
      vertex -18.5881 -25.2058 58.49
      vertex -18 -28.4769 58.49
      vertex -18 -25.1769 58.49
    endloop
  endfacet
  facet normal 0 0 1
    outer loop
      vertex -18.5881 -25.2058 58.49
      vertex -18.6988 -28.5689 58.49
      vertex -18 -28.4769 58.49
    endloop
  endfacet
  facet normal -0 0 1
    outer loop
      vertex -19.1705 -25.2922 58.49
      vertex -18.6988 -28.5689 58.49
      vertex -18.5881 -25.2058 58.49
    endloop
  endfacet
  facet normal -0 0 1
    outer loop
      vertex -19.7417 -25.4353 58.49
      vertex -18.6988 -28.5689 58.49
      vertex -19.1705 -25.2922 58.49
    endloop
  endfacet
  facet normal -0 0 1
    outer loop
      vertex -20.2961 -25.6336 58.49
      vertex -18.6988 -28.5689 58.49
      vertex -19.7417 -25.4353 58.49
    endloop
  endfacet
  facet normal 0 0 1
    outer loop
      vertex -18.6988 -28.5689 58.49
      vertex -20.2961 -25.6336 58.49
      vertex -19.35 -28.8386 58.49
    endloop
  endfacet
  facet normal -0 0 1
    outer loop
      vertex -20.8284 -25.8854 58.49
      vertex -19.35 -28.8386 58.49
      vertex -20.2961 -25.6336 58.49
    endloop
  endfacet
  facet normal -0 0 1
    outer loop
      vertex -21.3334 -26.1881 58.49
      vertex -19.35 -28.8386 58.49
      vertex -20.8284 -25.8854 58.49
    endloop
  endfacet
  facet normal -0 0 1
    outer loop
      vertex -21.8064 -26.5389 58.49
      vertex -19.35 -28.8386 58.49
      vertex -21.3334 -26.1881 58.49
    endloop
  endfacet
  facet normal 0 0 1
    outer loop
      vertex -19.35 -28.8386 58.49
      vertex -21.8064 -26.5389 58.49
      vertex -19.9092 -29.2677 58.49
    endloop
  endfacet
  facet normal -0 0 1
    outer loop
      vertex -22.2426 -26.9343 58.49
      vertex -19.9092 -29.2677 58.49
      vertex -21.8064 -26.5389 58.49
    endloop
  endfacet
  facet normal 0 0 1
    outer loop
      vertex -13.7574 -35.4196 58.49
      vertex -16.0908 -33.0861 58.49
      vertex -14.1936 -35.815 58.49
    endloop
  endfacet
  facet normal -0 0 1
    outer loop
      vertex -16.65 -33.5152 58.49
      vertex -14.1936 -35.815 58.49
      vertex -16.0908 -33.0861 58.49
    endloop
  endfacet
  facet normal 0 0 1
    outer loop
      vertex -14.1936 -35.815 58.49
      vertex -16.65 -33.5152 58.49
      vertex -14.6666 -36.1657 58.49
    endloop
  endfacet
  facet normal 0 0 1
    outer loop
      vertex -14.6666 -36.1657 58.49
      vertex -16.65 -33.5152 58.49
      vertex -15.1716 -36.4684 58.49
    endloop
  endfacet
  facet normal 0 0 1
    outer loop
      vertex -15.1716 -36.4684 58.49
      vertex -16.65 -33.5152 58.49
      vertex -15.7039 -36.7202 58.49
    endloop
  endfacet
  facet normal -0 0 1
    outer loop
      vertex -17.3012 -33.7849 58.49
      vertex -15.7039 -36.7202 58.49
      vertex -16.65 -33.5152 58.49
    endloop
  endfacet
  facet normal 0 0 1
    outer loop
      vertex -15.7039 -36.7202 58.49
      vertex -17.3012 -33.7849 58.49
      vertex -16.2583 -36.9186 58.49
    endloop
  endfacet
  facet normal 0 0 1
    outer loop
      vertex -16.2583 -36.9186 58.49
      vertex -17.3012 -33.7849 58.49
      vertex -16.8295 -37.0616 58.49
    endloop
  endfacet
  facet normal 0 0 1
    outer loop
      vertex -17.3012 -33.7849 58.49
      vertex -17.4119 -37.148 58.49
      vertex -16.8295 -37.0616 58.49
    endloop
  endfacet
  facet normal -0 0 1
    outer loop
      vertex -18 -33.8769 58.49
      vertex -17.4119 -37.148 58.49
      vertex -17.3012 -33.7849 58.49
    endloop
  endfacet
  facet normal 0 0 1
    outer loop
      vertex -18 -33.8769 58.49
      vertex -18 -37.1769 58.49
      vertex -17.4119 -37.148 58.49
    endloop
  endfacet
  facet normal 0 0 1
    outer loop
      vertex -18 -33.8769 58.49
      vertex -18.5881 -37.148 58.49
      vertex -18 -37.1769 58.49
    endloop
  endfacet
  facet normal 0 0 1
    outer loop
      vertex -18.6988 -33.7849 58.49
      vertex -18.5881 -37.148 58.49
      vertex -18 -33.8769 58.49
    endloop
  endfacet
  facet normal 0 0 1
    outer loop
      vertex -18.6988 -33.7849 58.49
      vertex -19.1705 -37.0616 58.49
      vertex -18.5881 -37.148 58.49
    endloop
  endfacet
  facet normal 0 0 1
    outer loop
      vertex -20.2961 -36.7202 58.49
      vertex -18.6988 -33.7849 58.49
      vertex -19.35 -33.5152 58.49
    endloop
  endfacet
  facet normal 0 0 1
    outer loop
      vertex -18.6988 -33.7849 58.49
      vertex -19.7417 -36.9186 58.49
      vertex -19.1705 -37.0616 58.49
    endloop
  endfacet
  facet normal 0 0 1
    outer loop
      vertex -21.8064 -35.815 58.49
      vertex -19.35 -33.5152 58.49
      vertex -19.9092 -33.0861 58.49
    endloop
  endfacet
  facet normal 0 0 1
    outer loop
      vertex -18.6988 -33.7849 58.49
      vertex -20.2961 -36.7202 58.49
      vertex -19.7417 -36.9186 58.49
    endloop
  endfacet
  facet normal 0 0 1
    outer loop
      vertex -22.6381 -34.9833 58.49
      vertex -19.9092 -33.0861 58.49
      vertex -20.3383 -32.5269 58.49
    endloop
  endfacet
  facet normal 0 0 1
    outer loop
      vertex -23.5433 -33.473 58.49
      vertex -20.3383 -32.5269 58.49
      vertex -20.608 -31.8757 58.49
    endloop
  endfacet
  facet normal -0 0 1
    outer loop
      vertex -23.9711 -31.765 58.49
      vertex -20.608 -31.8757 58.49
      vertex -20.7 -31.1769 58.49
    endloop
  endfacet
  facet normal 0 0 1
    outer loop
      vertex -19.35 -33.5152 58.49
      vertex -20.8284 -36.4684 58.49
      vertex -20.2961 -36.7202 58.49
    endloop
  endfacet
  facet normal -0 0 1
    outer loop
      vertex -22.6381 -27.3706 58.49
      vertex -19.9092 -29.2677 58.49
      vertex -22.2426 -26.9343 58.49
    endloop
  endfacet
  facet normal 0 0 1
    outer loop
      vertex -19.9092 -29.2677 58.49
      vertex -22.6381 -27.3706 58.49
      vertex -20.3383 -29.8269 58.49
    endloop
  endfacet
  facet normal 0 0 1
    outer loop
      vertex -19.35 -33.5152 58.49
      vertex -21.3334 -36.1657 58.49
      vertex -20.8284 -36.4684 58.49
    endloop
  endfacet
  facet normal -0 0 1
    outer loop
      vertex -22.9888 -27.8435 58.49
      vertex -20.3383 -29.8269 58.49
      vertex -22.6381 -27.3706 58.49
    endloop
  endfacet
  facet normal 0 0 1
    outer loop
      vertex -19.35 -33.5152 58.49
      vertex -21.8064 -35.815 58.49
      vertex -21.3334 -36.1657 58.49
    endloop
  endfacet
  facet normal -0 0 1
    outer loop
      vertex -23.2915 -28.3485 58.49
      vertex -20.3383 -29.8269 58.49
      vertex -22.9888 -27.8435 58.49
    endloop
  endfacet
  facet normal 0 0 1
    outer loop
      vertex -19.9092 -33.0861 58.49
      vertex -22.2426 -35.4196 58.49
      vertex -21.8064 -35.815 58.49
    endloop
  endfacet
  facet normal -0 0 1
    outer loop
      vertex -23.5433 -28.8808 58.49
      vertex -20.3383 -29.8269 58.49
      vertex -23.2915 -28.3485 58.49
    endloop
  endfacet
  facet normal 0 0 1
    outer loop
      vertex -19.9092 -33.0861 58.49
      vertex -22.6381 -34.9833 58.49
      vertex -22.2426 -35.4196 58.49
    endloop
  endfacet
  facet normal 0 0 1
    outer loop
      vertex -20.3383 -29.8269 58.49
      vertex -23.5433 -28.8808 58.49
      vertex -20.608 -30.4781 58.49
    endloop
  endfacet
  facet normal 0 0 1
    outer loop
      vertex -20.3383 -32.5269 58.49
      vertex -22.9888 -34.5103 58.49
      vertex -22.6381 -34.9833 58.49
    endloop
  endfacet
  facet normal -0 0 1
    outer loop
      vertex -23.7416 -29.4352 58.49
      vertex -20.608 -30.4781 58.49
      vertex -23.5433 -28.8808 58.49
    endloop
  endfacet
  facet normal 0 0 1
    outer loop
      vertex -20.3383 -32.5269 58.49
      vertex -23.2915 -34.0053 58.49
      vertex -22.9888 -34.5103 58.49
    endloop
  endfacet
  facet normal -0 0 1
    outer loop
      vertex -23.8847 -30.0064 58.49
      vertex -20.608 -30.4781 58.49
      vertex -23.7416 -29.4352 58.49
    endloop
  endfacet
  facet normal 0 0 1
    outer loop
      vertex -20.3383 -32.5269 58.49
      vertex -23.5433 -33.473 58.49
      vertex -23.2915 -34.0053 58.49
    endloop
  endfacet
  facet normal 0 0 1
    outer loop
      vertex -23.9711 -30.5888 58.49
      vertex -20.608 -30.4781 58.49
      vertex -23.8847 -30.0064 58.49
    endloop
  endfacet
  facet normal 0 0 1
    outer loop
      vertex -20.608 -31.8757 58.49
      vertex -23.7416 -32.9186 58.49
      vertex -23.5433 -33.473 58.49
    endloop
  endfacet
  facet normal 0 0 1
    outer loop
      vertex -20.608 -30.4781 58.49
      vertex -23.9711 -30.5888 58.49
      vertex -20.7 -31.1769 58.49
    endloop
  endfacet
  facet normal 0 0 1
    outer loop
      vertex -20.608 -31.8757 58.49
      vertex -23.8847 -32.3475 58.49
      vertex -23.7416 -32.9186 58.49
    endloop
  endfacet
  facet normal 0 0 1
    outer loop
      vertex -24 -31.1769 58.49
      vertex -20.7 -31.1769 58.49
      vertex -23.9711 -30.5888 58.49
    endloop
  endfacet
  facet normal 0 0 1
    outer loop
      vertex -20.608 -31.8757 58.49
      vertex -23.9711 -31.765 58.49
      vertex -23.8847 -32.3475 58.49
    endloop
  endfacet
  facet normal 0 0 1
    outer loop
      vertex -20.7 -31.1769 58.49
      vertex -24 -31.1769 58.49
      vertex -23.9711 -31.765 58.49
    endloop
  endfacet
  facet normal -0.857718 0.514121 0
    outer loop
      vertex -23.2915 -28.3485 5
      vertex -22.9888 -27.8435 58.49
      vertex -22.9888 -27.8435 5
    endloop
  endfacet
  facet normal -0.857718 0.514121 0
    outer loop
      vertex -22.9888 -27.8435 58.49
      vertex -23.2915 -28.3485 5
      vertex -23.2915 -28.3485 58.49
    endloop
  endfacet
  facet normal 0.38264 -0.923898 0
    outer loop
      vertex -19.35 -28.8386 42.39
      vertex -18.6988 -28.5689 58.49
      vertex -19.35 -28.8386 58.49
    endloop
  endfacet
  facet normal 0.38264 -0.923898 0
    outer loop
      vertex -18.6988 -28.5689 58.49
      vertex -19.35 -28.8386 42.39
      vertex -18.6988 -28.5689 42.39
    endloop
  endfacet
  facet normal -0.38264 0.923898 0
    outer loop
      vertex -16.65 -33.5152 42.39
      vertex -17.3012 -33.7849 58.49
      vertex -16.65 -33.5152 58.49
    endloop
  endfacet
  facet normal -0.38264 0.923898 0
    outer loop
      vertex -17.3012 -33.7849 58.49
      vertex -16.65 -33.5152 42.39
      vertex -17.3012 -33.7849 42.39
    endloop
  endfacet
  facet normal -0.991445 -0.130528 0
    outer loop
      vertex -15.3 -31.1769 42.39
      vertex -15.392 -30.4781 58.49
      vertex -15.392 -30.4781 42.39
    endloop
  endfacet
  facet normal -0.991445 -0.130528 0
    outer loop
      vertex -15.392 -30.4781 58.49
      vertex -15.3 -31.1769 42.39
      vertex -15.3 -31.1769 58.49
    endloop
  endfacet
  facet normal -0.608771 0.793346 0
    outer loop
      vertex -16.0908 -33.0861 42.39
      vertex -16.65 -33.5152 58.49
      vertex -16.0908 -33.0861 58.49
    endloop
  endfacet
  facet normal -0.608771 0.793346 0
    outer loop
      vertex -16.65 -33.5152 58.49
      vertex -16.0908 -33.0861 42.39
      vertex -16.65 -33.5152 42.39
    endloop
  endfacet
  facet normal -0.991445 0.130528 0
    outer loop
      vertex -15.392 -31.8757 42.39
      vertex -15.3 -31.1769 58.49
      vertex -15.3 -31.1769 42.39
    endloop
  endfacet
  facet normal -0.991445 0.130528 0
    outer loop
      vertex -15.3 -31.1769 58.49
      vertex -15.392 -31.8757 42.39
      vertex -15.392 -31.8757 58.49
    endloop
  endfacet
  facet normal 0.991445 -0.130528 0
    outer loop
      vertex -20.7 -31.1769 58.49
      vertex -20.608 -30.4781 42.39
      vertex -20.608 -30.4781 58.49
    endloop
  endfacet
  facet normal 0.991445 -0.130528 0
    outer loop
      vertex -20.608 -30.4781 42.39
      vertex -20.7 -31.1769 58.49
      vertex -20.7 -31.1769 42.39
    endloop
  endfacet
  facet normal -0.793346 0.608771 0
    outer loop
      vertex -16.0908 -33.0861 42.39
      vertex -15.6617 -32.5269 58.49
      vertex -15.6617 -32.5269 42.39
    endloop
  endfacet
  facet normal -0.793346 0.608771 0
    outer loop
      vertex -15.6617 -32.5269 58.49
      vertex -16.0908 -33.0861 42.39
      vertex -16.0908 -33.0861 58.49
    endloop
  endfacet
  facet normal -0.130528 0.991445 0
    outer loop
      vertex -17.3012 -33.7849 42.39
      vertex -18 -33.8769 58.49
      vertex -17.3012 -33.7849 58.49
    endloop
  endfacet
  facet normal -0.130528 0.991445 0
    outer loop
      vertex -18 -33.8769 58.49
      vertex -17.3012 -33.7849 42.39
      vertex -18 -33.8769 42.39
    endloop
  endfacet
  facet normal 0.130528 0.991445 -0
    outer loop
      vertex -18 -33.8769 42.39
      vertex -18.6988 -33.7849 58.49
      vertex -18 -33.8769 58.49
    endloop
  endfacet
  facet normal 0.130528 0.991445 0
    outer loop
      vertex -18.6988 -33.7849 58.49
      vertex -18 -33.8769 42.39
      vertex -18.6988 -33.7849 42.39
    endloop
  endfacet
  facet normal -0.923898 -0.38264 0
    outer loop
      vertex -15.392 -30.4781 42.39
      vertex -15.6617 -29.8269 58.49
      vertex -15.6617 -29.8269 42.39
    endloop
  endfacet
  facet normal -0.923898 -0.38264 0
    outer loop
      vertex -15.6617 -29.8269 58.49
      vertex -15.392 -30.4781 42.39
      vertex -15.392 -30.4781 58.49
    endloop
  endfacet
  facet normal -0.793346 -0.608771 0
    outer loop
      vertex -15.6617 -29.8269 42.39
      vertex -16.0908 -29.2677 58.49
      vertex -16.0908 -29.2677 42.39
    endloop
  endfacet
  facet normal -0.793346 -0.608771 0
    outer loop
      vertex -16.0908 -29.2677 58.49
      vertex -15.6617 -29.8269 42.39
      vertex -15.6617 -29.8269 58.49
    endloop
  endfacet
  facet normal 0.130528 -0.991445 0
    outer loop
      vertex -18.6988 -28.5689 42.39
      vertex -18 -28.4769 58.49
      vertex -18.6988 -28.5689 58.49
    endloop
  endfacet
  facet normal 0.130528 -0.991445 0
    outer loop
      vertex -18 -28.4769 58.49
      vertex -18.6988 -28.5689 42.39
      vertex -18 -28.4769 42.39
    endloop
  endfacet
  facet normal 0.923898 -0.38264 0
    outer loop
      vertex -20.608 -30.4781 58.49
      vertex -20.3383 -29.8269 42.39
      vertex -20.3383 -29.8269 58.49
    endloop
  endfacet
  facet normal 0.923898 -0.38264 0
    outer loop
      vertex -20.3383 -29.8269 42.39
      vertex -20.608 -30.4781 58.49
      vertex -20.608 -30.4781 42.39
    endloop
  endfacet
  facet normal 0 0 1
    outer loop
      vertex -15.392 -30.4781 42.39
      vertex -15.392 -31.8757 42.39
      vertex -15.3 -31.1769 42.39
    endloop
  endfacet
  facet normal 0 0 1
    outer loop
      vertex -15.6617 -29.8269 42.39
      vertex -15.392 -31.8757 42.39
      vertex -15.392 -30.4781 42.39
    endloop
  endfacet
  facet normal 0 0 1
    outer loop
      vertex -15.6617 -29.8269 42.39
      vertex -15.6617 -32.5269 42.39
      vertex -15.392 -31.8757 42.39
    endloop
  endfacet
  facet normal 0 0 1
    outer loop
      vertex -16.0908 -29.2677 42.39
      vertex -15.6617 -32.5269 42.39
      vertex -15.6617 -29.8269 42.39
    endloop
  endfacet
  facet normal 0 0 1
    outer loop
      vertex -16.0908 -29.2677 42.39
      vertex -16.0908 -33.0861 42.39
      vertex -15.6617 -32.5269 42.39
    endloop
  endfacet
  facet normal 0 0 1
    outer loop
      vertex -16.65 -28.8386 42.39
      vertex -16.0908 -33.0861 42.39
      vertex -16.0908 -29.2677 42.39
    endloop
  endfacet
  facet normal 0 0 1
    outer loop
      vertex -16.65 -28.8386 42.39
      vertex -16.65 -33.5152 42.39
      vertex -16.0908 -33.0861 42.39
    endloop
  endfacet
  facet normal 0 0 1
    outer loop
      vertex -17.3012 -28.5689 42.39
      vertex -16.65 -33.5152 42.39
      vertex -16.65 -28.8386 42.39
    endloop
  endfacet
  facet normal 0 0 1
    outer loop
      vertex -17.3012 -28.5689 42.39
      vertex -17.3012 -33.7849 42.39
      vertex -16.65 -33.5152 42.39
    endloop
  endfacet
  facet normal 0 0 1
    outer loop
      vertex -18 -28.4769 42.39
      vertex -17.3012 -33.7849 42.39
      vertex -17.3012 -28.5689 42.39
    endloop
  endfacet
  facet normal 0 0 1
    outer loop
      vertex -18 -28.4769 42.39
      vertex -18 -33.8769 42.39
      vertex -17.3012 -33.7849 42.39
    endloop
  endfacet
  facet normal -0 0 1
    outer loop
      vertex -18.6988 -28.5689 42.39
      vertex -18 -33.8769 42.39
      vertex -18 -28.4769 42.39
    endloop
  endfacet
  facet normal 0 0 1
    outer loop
      vertex -18.6988 -28.5689 42.39
      vertex -18.6988 -33.7849 42.39
      vertex -18 -33.8769 42.39
    endloop
  endfacet
  facet normal -0 0 1
    outer loop
      vertex -19.35 -28.8386 42.39
      vertex -18.6988 -33.7849 42.39
      vertex -18.6988 -28.5689 42.39
    endloop
  endfacet
  facet normal 0 0 1
    outer loop
      vertex -19.35 -28.8386 42.39
      vertex -19.35 -33.5152 42.39
      vertex -18.6988 -33.7849 42.39
    endloop
  endfacet
  facet normal -0 0 1
    outer loop
      vertex -19.9092 -29.2677 42.39
      vertex -19.35 -33.5152 42.39
      vertex -19.35 -28.8386 42.39
    endloop
  endfacet
  facet normal 0 0 1
    outer loop
      vertex -19.9092 -29.2677 42.39
      vertex -19.9092 -33.0861 42.39
      vertex -19.35 -33.5152 42.39
    endloop
  endfacet
  facet normal -0 0 1
    outer loop
      vertex -20.3383 -29.8269 42.39
      vertex -19.9092 -33.0861 42.39
      vertex -19.9092 -29.2677 42.39
    endloop
  endfacet
  facet normal 0 0 1
    outer loop
      vertex -20.3383 -29.8269 42.39
      vertex -20.3383 -32.5269 42.39
      vertex -19.9092 -33.0861 42.39
    endloop
  endfacet
  facet normal -0 0 1
    outer loop
      vertex -20.608 -30.4781 42.39
      vertex -20.3383 -32.5269 42.39
      vertex -20.3383 -29.8269 42.39
    endloop
  endfacet
  facet normal 0 0 1
    outer loop
      vertex -20.608 -30.4781 42.39
      vertex -20.608 -31.8757 42.39
      vertex -20.3383 -32.5269 42.39
    endloop
  endfacet
  facet normal 0 -0 1
    outer loop
      vertex -20.608 -31.8757 42.39
      vertex -20.608 -30.4781 42.39
      vertex -20.7 -31.1769 42.39
    endloop
  endfacet
  facet normal 0.991445 0.130528 0
    outer loop
      vertex -20.608 -31.8757 58.49
      vertex -20.7 -31.1769 42.39
      vertex -20.7 -31.1769 58.49
    endloop
  endfacet
  facet normal 0.991445 0.130528 0
    outer loop
      vertex -20.7 -31.1769 42.39
      vertex -20.608 -31.8757 58.49
      vertex -20.608 -31.8757 42.39
    endloop
  endfacet
  facet normal -0.130528 -0.991445 0
    outer loop
      vertex -18 -28.4769 42.39
      vertex -17.3012 -28.5689 58.49
      vertex -18 -28.4769 58.49
    endloop
  endfacet
  facet normal -0.130528 -0.991445 -0
    outer loop
      vertex -17.3012 -28.5689 58.49
      vertex -18 -28.4769 42.39
      vertex -17.3012 -28.5689 42.39
    endloop
  endfacet
  facet normal 0.608771 0.793346 -0
    outer loop
      vertex -19.35 -33.5152 42.39
      vertex -19.9092 -33.0861 58.49
      vertex -19.35 -33.5152 58.49
    endloop
  endfacet
  facet normal 0.608771 0.793346 0
    outer loop
      vertex -19.9092 -33.0861 58.49
      vertex -19.35 -33.5152 42.39
      vertex -19.9092 -33.0861 42.39
    endloop
  endfacet
  facet normal -0.608771 -0.793346 0
    outer loop
      vertex -16.65 -28.8386 42.39
      vertex -16.0908 -29.2677 58.49
      vertex -16.65 -28.8386 58.49
    endloop
  endfacet
  facet normal -0.608771 -0.793346 -0
    outer loop
      vertex -16.0908 -29.2677 58.49
      vertex -16.65 -28.8386 42.39
      vertex -16.0908 -29.2677 42.39
    endloop
  endfacet
  facet normal -0.38264 -0.923898 0
    outer loop
      vertex -17.3012 -28.5689 42.39
      vertex -16.65 -28.8386 58.49
      vertex -17.3012 -28.5689 58.49
    endloop
  endfacet
  facet normal -0.38264 -0.923898 -0
    outer loop
      vertex -16.65 -28.8386 58.49
      vertex -17.3012 -28.5689 42.39
      vertex -16.65 -28.8386 42.39
    endloop
  endfacet
  facet normal 0.608771 -0.793346 0
    outer loop
      vertex -19.9092 -29.2677 42.39
      vertex -19.35 -28.8386 58.49
      vertex -19.9092 -29.2677 58.49
    endloop
  endfacet
  facet normal 0.608771 -0.793346 0
    outer loop
      vertex -19.35 -28.8386 58.49
      vertex -19.9092 -29.2677 42.39
      vertex -19.35 -28.8386 42.39
    endloop
  endfacet
  facet normal 0.793346 0.608771 0
    outer loop
      vertex -19.9092 -33.0861 58.49
      vertex -20.3383 -32.5269 42.39
      vertex -20.3383 -32.5269 58.49
    endloop
  endfacet
  facet normal 0.793346 0.608771 0
    outer loop
      vertex -20.3383 -32.5269 42.39
      vertex -19.9092 -33.0861 58.49
      vertex -19.9092 -33.0861 42.39
    endloop
  endfacet
  facet normal 0.793346 -0.608771 0
    outer loop
      vertex -20.3383 -29.8269 58.49
      vertex -19.9092 -29.2677 42.39
      vertex -19.9092 -29.2677 58.49
    endloop
  endfacet
  facet normal 0.793346 -0.608771 0
    outer loop
      vertex -19.9092 -29.2677 42.39
      vertex -20.3383 -29.8269 58.49
      vertex -20.3383 -29.8269 42.39
    endloop
  endfacet
  facet normal -0.923898 0.38264 0
    outer loop
      vertex -15.6617 -32.5269 42.39
      vertex -15.392 -31.8757 58.49
      vertex -15.392 -31.8757 42.39
    endloop
  endfacet
  facet normal -0.923898 0.38264 0
    outer loop
      vertex -15.392 -31.8757 58.49
      vertex -15.6617 -32.5269 42.39
      vertex -15.6617 -32.5269 58.49
    endloop
  endfacet
  facet normal 0.923898 0.38264 0
    outer loop
      vertex -20.3383 -32.5269 58.49
      vertex -20.608 -31.8757 42.39
      vertex -20.608 -31.8757 58.49
    endloop
  endfacet
  facet normal 0.923898 0.38264 0
    outer loop
      vertex -20.608 -31.8757 42.39
      vertex -20.3383 -32.5269 58.49
      vertex -20.3383 -32.5269 42.39
    endloop
  endfacet
  facet normal 0.38264 0.923898 -0
    outer loop
      vertex -18.6988 -33.7849 42.39
      vertex -19.35 -33.5152 58.49
      vertex -18.6988 -33.7849 58.49
    endloop
  endfacet
  facet normal 0.38264 0.923898 0
    outer loop
      vertex -19.35 -33.5152 58.49
      vertex -18.6988 -33.7849 42.39
      vertex -19.35 -33.5152 42.39
    endloop
  endfacet
endsolid OpenSCAD_Model
