solid OpenSCAD_Model
  facet normal 0.923951 0.38251 0
    outer loop
      vertex -17.1421 -15.94 6
      vertex -17.1137 -16.0086 1.45
      vertex -17.1421 -15.94 1.44269
    endloop
  endfacet
  facet normal 0.923757 0.38298 -8.29062e-06
    outer loop
      vertex -17.1421 -15.94 6
      vertex -17.0006 -16.2814 1.45
      vertex -17.1137 -16.0086 1.45
    endloop
  endfacet
  facet normal 0.923822 0.382823 5.51668e-06
    outer loop
      vertex -16.9722 -16.35 6
      vertex -17.0006 -16.2814 1.45
      vertex -17.1421 -15.94 6
    endloop
  endfacet
  facet normal 0.923951 0.38251 0
    outer loop
      vertex -17.0006 -16.2814 1.45
      vertex -16.9722 -16.35 6
      vertex -16.9722 -16.35 1.44269
    endloop
  endfacet
  facet normal -0.923951 -0.38251 0
    outer loop
      vertex -13.9994 -14.7186 1.45
      vertex -14.0278 -14.65 6
      vertex -14.0278 -14.65 1.44269
    endloop
  endfacet
  facet normal -0.923757 -0.38298 8.29062e-06
    outer loop
      vertex -13.8863 -14.9914 1.45
      vertex -14.0278 -14.65 6
      vertex -13.9994 -14.7186 1.45
    endloop
  endfacet
  facet normal -0.923951 -0.38251 -0
    outer loop
      vertex -13.8579 -15.06 6
      vertex -13.8863 -14.9914 1.45
      vertex -13.8579 -15.06 1.44269
    endloop
  endfacet
  facet normal -0.923822 -0.382823 -5.51668e-06
    outer loop
      vertex -13.8863 -14.9914 1.45
      vertex -13.8579 -15.06 6
      vertex -14.0278 -14.65 6
    endloop
  endfacet
  facet normal -0.991538 -0.129818 0
    outer loop
      vertex -13.8521 -15.1043 1.45
      vertex -13.8579 -15.06 6
      vertex -13.8579 -15.06 1.44269
    endloop
  endfacet
  facet normal -0.991443 -0.130539 7.14217e-06
    outer loop
      vertex -13.8 -15.5 1.45
      vertex -13.8579 -15.06 6
      vertex -13.8521 -15.1043 1.45
    endloop
  endfacet
  facet normal -0.991453 -0.130466 0
    outer loop
      vertex -13.8579 -15.06 6
      vertex -13.8 -15.5 1.45
      vertex -13.8 -15.5 6
    endloop
  endfacet
  facet normal -0.793368 -0.608742 0
    outer loop
      vertex -14.0549 -14.6146 1.45
      vertex -14.2979 -14.2979 6
      vertex -14.2979 -14.2979 1.45
    endloop
  endfacet
  facet normal -0.794039 -0.607866 -0
    outer loop
      vertex -14.0278 -14.65 6
      vertex -14.0549 -14.6146 1.45
      vertex -14.0278 -14.65 1.44269
    endloop
  endfacet
  facet normal -0.793436 -0.608654 -9.72198e-06
    outer loop
      vertex -14.0549 -14.6146 1.45
      vertex -14.0278 -14.65 6
      vertex -14.2979 -14.2979 6
    endloop
  endfacet
  facet normal -0.608654 -0.793436 -9.72198e-06
    outer loop
      vertex -14.65 -14.0278 6
      vertex -14.6146 -14.0549 1.45
      vertex -14.2979 -14.2979 6
    endloop
  endfacet
  facet normal -0.607866 -0.794039 0
    outer loop
      vertex -14.6146 -14.0549 1.45
      vertex -14.65 -14.0278 6
      vertex -14.65 -14.0278 1.44269
    endloop
  endfacet
  facet normal -0.608742 -0.793368 -0
    outer loop
      vertex -14.2979 -14.2979 6
      vertex -14.6146 -14.0549 1.45
      vertex -14.2979 -14.2979 1.45
    endloop
  endfacet
  facet normal -0.130466 -0.991453 0
    outer loop
      vertex -15.5 -13.8 1.45
      vertex -15.06 -13.8579 6
      vertex -15.5 -13.8 6
    endloop
  endfacet
  facet normal -0.130539 -0.991443 7.14217e-06
    outer loop
      vertex -15.1043 -13.8521 1.45
      vertex -15.06 -13.8579 6
      vertex -15.5 -13.8 1.45
    endloop
  endfacet
  facet normal -0.129818 -0.991538 -0
    outer loop
      vertex -15.06 -13.8579 6
      vertex -15.1043 -13.8521 1.45
      vertex -15.06 -13.8579 1.44269
    endloop
  endfacet
  facet normal 0.991538 -0.129818 0
    outer loop
      vertex -17.1421 -15.06 6
      vertex -17.1479 -15.1043 1.45
      vertex -17.1421 -15.06 1.44269
    endloop
  endfacet
  facet normal 0.991453 -0.130466 6.42315e-06
    outer loop
      vertex -17.2 -15.5 6
      vertex -17.1479 -15.1043 1.45
      vertex -17.1421 -15.06 6
    endloop
  endfacet
  facet normal 0.991443 -0.130539 0
    outer loop
      vertex -17.1479 -15.1043 1.45
      vertex -17.2 -15.5 6
      vertex -17.2 -15.5 1.45
    endloop
  endfacet
  facet normal 0.382823 0.923822 -5.51668e-06
    outer loop
      vertex -15.94 -17.1421 6
      vertex -16.0086 -17.1137 1.45
      vertex -16.35 -16.9722 6
    endloop
  endfacet
  facet normal 0.38251 0.923951 0
    outer loop
      vertex -16.0086 -17.1137 1.45
      vertex -15.94 -17.1421 6
      vertex -15.94 -17.1421 1.44269
    endloop
  endfacet
  facet normal 0.38298 0.923757 8.29062e-06
    outer loop
      vertex -16.2814 -17.0006 1.45
      vertex -16.35 -16.9722 6
      vertex -16.0086 -17.1137 1.45
    endloop
  endfacet
  facet normal 0.38251 0.923951 0
    outer loop
      vertex -16.35 -16.9722 6
      vertex -16.2814 -17.0006 1.45
      vertex -16.35 -16.9722 1.44269
    endloop
  endfacet
  facet normal -0.382823 0.923822 5.51668e-06
    outer loop
      vertex -14.65 -16.9722 6
      vertex -14.7186 -17.0006 1.45
      vertex -15.06 -17.1421 6
    endloop
  endfacet
  facet normal -0.38251 0.923951 0
    outer loop
      vertex -14.7186 -17.0006 1.45
      vertex -14.65 -16.9722 6
      vertex -14.65 -16.9722 1.44269
    endloop
  endfacet
  facet normal -0.38298 0.923757 -8.29062e-06
    outer loop
      vertex -14.9914 -17.1137 1.45
      vertex -15.06 -17.1421 6
      vertex -14.7186 -17.0006 1.45
    endloop
  endfacet
  facet normal -0.38251 0.923951 0
    outer loop
      vertex -15.06 -17.1421 6
      vertex -14.9914 -17.1137 1.45
      vertex -15.06 -17.1421 1.44269
    endloop
  endfacet
  facet normal 0.793368 -0.608742 0
    outer loop
      vertex -16.7021 -14.2979 6
      vertex -16.9451 -14.6146 1.45
      vertex -16.7021 -14.2979 1.45
    endloop
  endfacet
  facet normal 0.793436 -0.608654 -9.72198e-06
    outer loop
      vertex -16.9722 -14.65 6
      vertex -16.9451 -14.6146 1.45
      vertex -16.7021 -14.2979 6
    endloop
  endfacet
  facet normal 0.794039 -0.607866 0
    outer loop
      vertex -16.9451 -14.6146 1.45
      vertex -16.9722 -14.65 6
      vertex -16.9722 -14.65 1.44269
    endloop
  endfacet
  facet normal 0.608654 -0.793436 0
    outer loop
      vertex -16.7021 -14.2979 1.45
      vertex -16.35 -14.0278 6
      vertex -16.7021 -14.2979 6
    endloop
  endfacet
  facet normal 0.608742 -0.793368 -1.08078e-05
    outer loop
      vertex -16.3854 -14.0549 1.45
      vertex -16.35 -14.0278 6
      vertex -16.7021 -14.2979 1.45
    endloop
  endfacet
  facet normal 0.607866 -0.794039 0
    outer loop
      vertex -16.35 -14.0278 6
      vertex -16.3854 -14.0549 1.45
      vertex -16.35 -14.0278 1.44269
    endloop
  endfacet
  facet normal -0.382823 -0.923822 -5.51668e-06
    outer loop
      vertex -15.06 -13.8579 6
      vertex -14.9914 -13.8863 1.45
      vertex -14.65 -14.0278 6
    endloop
  endfacet
  facet normal -0.38251 -0.923951 0
    outer loop
      vertex -14.9914 -13.8863 1.45
      vertex -15.06 -13.8579 6
      vertex -15.06 -13.8579 1.44269
    endloop
  endfacet
  facet normal -0.38298 -0.923757 8.29062e-06
    outer loop
      vertex -14.7186 -13.9994 1.45
      vertex -14.65 -14.0278 6
      vertex -14.9914 -13.8863 1.45
    endloop
  endfacet
  facet normal -0.38251 -0.923951 -0
    outer loop
      vertex -14.65 -14.0278 6
      vertex -14.7186 -13.9994 1.45
      vertex -14.65 -14.0278 1.44269
    endloop
  endfacet
  facet normal -0.991443 0.130539 0
    outer loop
      vertex -13.8521 -15.8957 1.45
      vertex -13.8 -15.5 6
      vertex -13.8 -15.5 1.45
    endloop
  endfacet
  facet normal -0.991538 0.129818 0
    outer loop
      vertex -13.8579 -15.94 6
      vertex -13.8521 -15.8957 1.45
      vertex -13.8579 -15.94 1.44269
    endloop
  endfacet
  facet normal -0.991453 0.130466 6.42315e-06
    outer loop
      vertex -13.8521 -15.8957 1.45
      vertex -13.8579 -15.94 6
      vertex -13.8 -15.5 6
    endloop
  endfacet
  facet normal 0.130466 -0.991453 6.42315e-06
    outer loop
      vertex -15.94 -13.8579 6
      vertex -15.8957 -13.8521 1.45
      vertex -15.5 -13.8 6
    endloop
  endfacet
  facet normal 0.129818 -0.991538 0
    outer loop
      vertex -15.8957 -13.8521 1.45
      vertex -15.94 -13.8579 6
      vertex -15.94 -13.8579 1.44269
    endloop
  endfacet
  facet normal 0.130539 -0.991443 0
    outer loop
      vertex -15.5 -13.8 6
      vertex -15.8957 -13.8521 1.45
      vertex -15.5 -13.8 1.45
    endloop
  endfacet
  facet normal 0.382823 -0.923822 5.51668e-06
    outer loop
      vertex -16.35 -14.0278 6
      vertex -16.2814 -13.9994 1.45
      vertex -15.94 -13.8579 6
    endloop
  endfacet
  facet normal 0.38251 -0.923951 0
    outer loop
      vertex -16.2814 -13.9994 1.45
      vertex -16.35 -14.0278 6
      vertex -16.35 -14.0278 1.44269
    endloop
  endfacet
  facet normal 0.38298 -0.923757 -8.29062e-06
    outer loop
      vertex -16.0086 -13.8863 1.45
      vertex -15.94 -13.8579 6
      vertex -16.2814 -13.9994 1.45
    endloop
  endfacet
  facet normal 0.38251 -0.923951 0
    outer loop
      vertex -15.94 -13.8579 6
      vertex -16.0086 -13.8863 1.45
      vertex -15.94 -13.8579 1.44269
    endloop
  endfacet
  facet normal -0.794039 0.607866 0
    outer loop
      vertex -14.0549 -16.3854 1.45
      vertex -14.0278 -16.35 6
      vertex -14.0278 -16.35 1.44269
    endloop
  endfacet
  facet normal -0.793368 0.608742 -1.08078e-05
    outer loop
      vertex -14.2979 -16.7021 1.45
      vertex -14.0278 -16.35 6
      vertex -14.0549 -16.3854 1.45
    endloop
  endfacet
  facet normal -0.793436 0.608654 0
    outer loop
      vertex -14.0278 -16.35 6
      vertex -14.2979 -16.7021 1.45
      vertex -14.2979 -16.7021 6
    endloop
  endfacet
  facet normal 0.923951 -0.38251 0
    outer loop
      vertex -16.9722 -14.65 6
      vertex -17.0006 -14.7186 1.45
      vertex -16.9722 -14.65 1.44269
    endloop
  endfacet
  facet normal 0.923757 -0.38298 8.29062e-06
    outer loop
      vertex -16.9722 -14.65 6
      vertex -17.1137 -14.9914 1.45
      vertex -17.0006 -14.7186 1.45
    endloop
  endfacet
  facet normal 0.923822 -0.382823 -5.51668e-06
    outer loop
      vertex -17.1421 -15.06 6
      vertex -17.1137 -14.9914 1.45
      vertex -16.9722 -14.65 6
    endloop
  endfacet
  facet normal 0.923951 -0.38251 0
    outer loop
      vertex -17.1137 -14.9914 1.45
      vertex -17.1421 -15.06 6
      vertex -17.1421 -15.06 1.44269
    endloop
  endfacet
  facet normal -0.130466 0.991453 6.42315e-06
    outer loop
      vertex -15.06 -17.1421 6
      vertex -15.1043 -17.1479 1.45
      vertex -15.5 -17.2 6
    endloop
  endfacet
  facet normal -0.129818 0.991538 0
    outer loop
      vertex -15.1043 -17.1479 1.45
      vertex -15.06 -17.1421 6
      vertex -15.06 -17.1421 1.44269
    endloop
  endfacet
  facet normal -0.130539 0.991443 0
    outer loop
      vertex -15.5 -17.2 6
      vertex -15.1043 -17.1479 1.45
      vertex -15.5 -17.2 1.45
    endloop
  endfacet
  facet normal 0.608654 0.793436 -9.72198e-06
    outer loop
      vertex -16.35 -16.9722 6
      vertex -16.3854 -16.9451 1.45
      vertex -16.7021 -16.7021 6
    endloop
  endfacet
  facet normal 0.607866 0.794039 0
    outer loop
      vertex -16.3854 -16.9451 1.45
      vertex -16.35 -16.9722 6
      vertex -16.35 -16.9722 1.44269
    endloop
  endfacet
  facet normal 0.608742 0.793368 0
    outer loop
      vertex -16.7021 -16.7021 6
      vertex -16.3854 -16.9451 1.45
      vertex -16.7021 -16.7021 1.45
    endloop
  endfacet
  facet normal 0.991443 0.130539 0
    outer loop
      vertex -17.2 -15.5 6
      vertex -17.1479 -15.8957 1.45
      vertex -17.2 -15.5 1.45
    endloop
  endfacet
  facet normal 0.991453 0.130466 6.42315e-06
    outer loop
      vertex -17.1421 -15.94 6
      vertex -17.1479 -15.8957 1.45
      vertex -17.2 -15.5 6
    endloop
  endfacet
  facet normal 0.991538 0.129818 0
    outer loop
      vertex -17.1479 -15.8957 1.45
      vertex -17.1421 -15.94 6
      vertex -17.1421 -15.94 1.44269
    endloop
  endfacet
  facet normal -0.608654 0.793436 0
    outer loop
      vertex -14.2979 -16.7021 1.45
      vertex -14.65 -16.9722 6
      vertex -14.2979 -16.7021 6
    endloop
  endfacet
  facet normal -0.608742 0.793368 -1.08078e-05
    outer loop
      vertex -14.6146 -16.9451 1.45
      vertex -14.65 -16.9722 6
      vertex -14.2979 -16.7021 1.45
    endloop
  endfacet
  facet normal -0.607866 0.794039 0
    outer loop
      vertex -14.65 -16.9722 6
      vertex -14.6146 -16.9451 1.45
      vertex -14.65 -16.9722 1.44269
    endloop
  endfacet
  facet normal 0.794039 0.607866 0
    outer loop
      vertex -16.9722 -16.35 6
      vertex -16.9451 -16.3854 1.45
      vertex -16.9722 -16.35 1.44269
    endloop
  endfacet
  facet normal 0.793436 0.608654 -9.72198e-06
    outer loop
      vertex -16.7021 -16.7021 6
      vertex -16.9451 -16.3854 1.45
      vertex -16.9722 -16.35 6
    endloop
  endfacet
  facet normal 0.793368 0.608742 0
    outer loop
      vertex -16.9451 -16.3854 1.45
      vertex -16.7021 -16.7021 6
      vertex -16.7021 -16.7021 1.45
    endloop
  endfacet
  facet normal -0.923951 0.38251 0
    outer loop
      vertex -13.8863 -16.0086 1.45
      vertex -13.8579 -15.94 6
      vertex -13.8579 -15.94 1.44269
    endloop
  endfacet
  facet normal -0.923757 0.38298 -8.29062e-06
    outer loop
      vertex -13.9994 -16.2814 1.45
      vertex -13.8579 -15.94 6
      vertex -13.8863 -16.0086 1.45
    endloop
  endfacet
  facet normal -0.923951 0.38251 0
    outer loop
      vertex -14.0278 -16.35 6
      vertex -13.9994 -16.2814 1.45
      vertex -14.0278 -16.35 1.44269
    endloop
  endfacet
  facet normal -0.923822 0.382823 5.51668e-06
    outer loop
      vertex -13.9994 -16.2814 1.45
      vertex -14.0278 -16.35 6
      vertex -13.8579 -15.94 6
    endloop
  endfacet
  facet normal 0.130466 0.991453 -0
    outer loop
      vertex -15.5 -17.2 1.45
      vertex -15.94 -17.1421 6
      vertex -15.5 -17.2 6
    endloop
  endfacet
  facet normal 0.130539 0.991443 7.14217e-06
    outer loop
      vertex -15.8957 -17.1479 1.45
      vertex -15.94 -17.1421 6
      vertex -15.5 -17.2 1.45
    endloop
  endfacet
  facet normal 0.129818 0.991538 0
    outer loop
      vertex -15.94 -17.1421 6
      vertex -15.8957 -17.1479 1.45
      vertex -15.94 -17.1421 1.44269
    endloop
  endfacet
  facet normal -0.677752 0.207274 -0.705471
    outer loop
      vertex -13.9294 -16.1506 1.45
      vertex -12.5835 -16.6849 0
      vertex -12.5898 -16.7055 0
    endloop
  endfacet
  facet normal -0.678413 0.205468 -0.705365
    outer loop
      vertex -12.5835 -16.6849 0
      vertex -13.8579 -15.94 1.44269
      vertex -13.8327 -15.8317 1.45
    endloop
  endfacet
  facet normal -0.677145 0.205259 -0.706642
    outer loop
      vertex -13.8327 -15.8317 1.45
      vertex -13.8579 -15.94 1.44269
      vertex -13.8521 -15.8957 1.45
    endloop
  endfacet
  facet normal -0.678329 0.205658 -0.705389
    outer loop
      vertex -12.5835 -16.6849 0
      vertex -13.8863 -16.0086 1.45
      vertex -13.8579 -15.94 1.44269
    endloop
  endfacet
  facet normal -0.678246 0.205862 -0.70541
    outer loop
      vertex -12.5835 -16.6849 0
      vertex -13.9294 -16.1506 1.45
      vertex -13.8863 -16.0086 1.45
    endloop
  endfacet
  facet normal 0.0692225 -0.705411 -0.705411
    outer loop
      vertex -15.5 -13.8 1.45
      vertex -15.5214 -12.3521 0
      vertex -15.5 -12.35 0
    endloop
  endfacet
  facet normal 0.0695398 -0.705393 -0.705397
    outer loop
      vertex -15.5214 -12.3521 0
      vertex -15.5 -13.8 1.45
      vertex -15.8317 -13.8327 1.45
    endloop
  endfacet
  facet normal 0.548319 0.449225 -0.705367
    outer loop
      vertex -17.741 -17.7108 0
      vertex -16.7021 -16.7021 1.45
      vertex -17.7274 -17.7274 0
    endloop
  endfacet
  facet normal 0.547931 0.449661 -0.705392
    outer loop
      vertex -16.7021 -16.7021 1.45
      vertex -17.741 -17.7108 0
      vertex -16.9135 -16.4445 1.45
    endloop
  endfacet
  facet normal -0.705411 -0.0692225 -0.705411
    outer loop
      vertex -13.8 -15.5 1.45
      vertex -12.3521 -15.4786 0
      vertex -12.35 -15.5 0
    endloop
  endfacet
  facet normal -0.705393 -0.0695398 -0.705397
    outer loop
      vertex -12.3521 -15.4786 0
      vertex -13.8 -15.5 1.45
      vertex -13.8327 -15.1683 1.45
    endloop
  endfacet
  facet normal -0.705388 -0.0694565 -0.70541
    outer loop
      vertex -12.4105 -14.8855 0
      vertex -12.3521 -15.4786 0
      vertex -13.8327 -15.1683 1.45
    endloop
  endfacet
  facet normal -0.205723 0.67829 -0.705408
    outer loop
      vertex -14.3151 -18.4165 0
      vertex -14.8855 -18.5895 0
      vertex -15.1683 -17.1673 1.45
    endloop
  endfacet
  facet normal 0.334096 0.625137 -0.705396
    outer loop
      vertex -16.1506 -17.0706 1.45
      vertex -16.7055 -18.4102 0
      vertex -17.2311 -18.1293 0
    endloop
  endfacet
  facet normal -0.54797 -0.449626 -0.705383
    outer loop
      vertex -13.259 -13.2892 0
      vertex -12.8809 -13.75 0
      vertex -14.0865 -14.5555 1.45
    endloop
  endfacet
  facet normal -0.54797 0.449626 -0.705383
    outer loop
      vertex -12.8809 -17.25 0
      vertex -13.259 -17.7108 0
      vertex -14.0865 -16.4445 1.45
    endloop
  endfacet
  facet normal 0.205259 -0.677145 -0.706642
    outer loop
      vertex -15.94 -13.8579 1.44269
      vertex -15.8317 -13.8327 1.45
      vertex -15.8957 -13.8521 1.45
    endloop
  endfacet
  facet normal 0.205862 -0.678246 -0.70541
    outer loop
      vertex -16.6849 -12.5835 0
      vertex -16.0086 -13.8863 1.45
      vertex -16.1506 -13.9294 1.45
    endloop
  endfacet
  facet normal 0.205468 -0.678413 -0.705365
    outer loop
      vertex -15.94 -13.8579 1.44269
      vertex -16.6849 -12.5835 0
      vertex -15.8317 -13.8327 1.45
    endloop
  endfacet
  facet normal 0.205658 -0.678329 -0.705389
    outer loop
      vertex -16.0086 -13.8863 1.45
      vertex -16.6849 -12.5835 0
      vertex -15.94 -13.8579 1.44269
    endloop
  endfacet
  facet normal 0.207274 -0.677752 -0.705471
    outer loop
      vertex -16.6849 -12.5835 0
      vertex -16.1506 -13.9294 1.45
      vertex -16.7055 -12.5898 0
    endloop
  endfacet
  facet normal 0.705388 0.0694565 -0.70541
    outer loop
      vertex -17.1673 -15.8317 1.45
      vertex -18.5895 -16.1145 0
      vertex -18.6479 -15.5214 0
    endloop
  endfacet
  facet normal 0.0694565 -0.705388 -0.70541
    outer loop
      vertex -15.5214 -12.3521 0
      vertex -15.8317 -13.8327 1.45
      vertex -16.1145 -12.4105 0
    endloop
  endfacet
  facet normal -0.449225 0.548319 -0.705367
    outer loop
      vertex -13.2892 -17.741 0
      vertex -14.2979 -16.7021 1.45
      vertex -13.2726 -17.7274 0
    endloop
  endfacet
  facet normal -0.449661 0.547931 -0.705392
    outer loop
      vertex -14.2979 -16.7021 1.45
      vertex -13.2892 -17.741 0
      vertex -14.5555 -16.9135 1.45
    endloop
  endfacet
  facet normal -0.625137 -0.334096 -0.705396
    outer loop
      vertex -12.8707 -13.7689 0
      vertex -12.5898 -14.2945 0
      vertex -13.9294 -14.8494 1.45
    endloop
  endfacet
  facet normal 0.705411 0.0692225 -0.705411
    outer loop
      vertex -17.2 -15.5 1.45
      vertex -18.6479 -15.5214 0
      vertex -18.65 -15.5 0
    endloop
  endfacet
  facet normal 0.705393 0.0695398 -0.705397
    outer loop
      vertex -18.6479 -15.5214 0
      vertex -17.2 -15.5 1.45
      vertex -17.1673 -15.8317 1.45
    endloop
  endfacet
  facet normal -0.623663 0.33658 -0.70552
    outer loop
      vertex -14.0865 -16.4445 1.45
      vertex -12.8707 -17.2311 0
      vertex -12.8809 -17.25 0
    endloop
  endfacet
  facet normal -0.624891 0.334422 -0.705459
    outer loop
      vertex -12.8707 -17.2311 0
      vertex -13.9994 -16.2814 1.45
      vertex -13.9294 -16.1506 1.45
    endloop
  endfacet
  facet normal -0.625184 0.33399 -0.705404
    outer loop
      vertex -12.8707 -17.2311 0
      vertex -14.0278 -16.35 1.44269
      vertex -13.9994 -16.2814 1.45
    endloop
  endfacet
  facet normal -0.625282 0.333838 -0.70539
    outer loop
      vertex -12.8707 -17.2311 0
      vertex -14.0865 -16.4445 1.45
      vertex -14.0278 -16.35 1.44269
    endloop
  endfacet
  facet normal -0.627992 0.335779 -0.702053
    outer loop
      vertex -14.0278 -16.35 1.44269
      vertex -14.0865 -16.4445 1.45
      vertex -14.0549 -16.3854 1.45
    endloop
  endfacet
  facet normal 0.54797 -0.449626 -0.705383
    outer loop
      vertex -17.741 -13.2892 0
      vertex -16.9135 -14.5555 1.45
      vertex -18.1191 -13.75 0
    endloop
  endfacet
  facet normal 0.547931 -0.449661 -0.705392
    outer loop
      vertex -17.741 -13.2892 0
      vertex -16.7021 -14.2979 1.45
      vertex -16.9135 -14.5555 1.45
    endloop
  endfacet
  facet normal 0.548319 -0.449225 -0.705367
    outer loop
      vertex -16.7021 -14.2979 1.45
      vertex -17.741 -13.2892 0
      vertex -17.7274 -13.2726 0
    endloop
  endfacet
  facet normal -0.334096 0.625137 -0.705396
    outer loop
      vertex -13.7689 -18.1293 0
      vertex -14.2945 -18.4102 0
      vertex -14.8494 -17.0706 1.45
    endloop
  endfacet
  facet normal 0.67829 0.205723 -0.705408
    outer loop
      vertex -17.1673 -15.8317 1.45
      vertex -18.4165 -16.6849 0
      vertex -18.5895 -16.1145 0
    endloop
  endfacet
  facet normal -0.547931 -0.449661 -0.705392
    outer loop
      vertex -14.2979 -14.2979 1.45
      vertex -13.259 -13.2892 0
      vertex -14.0865 -14.5555 1.45
    endloop
  endfacet
  facet normal -0.548319 -0.449225 -0.705367
    outer loop
      vertex -13.259 -13.2892 0
      vertex -14.2979 -14.2979 1.45
      vertex -13.2726 -13.2726 0
    endloop
  endfacet
  facet normal -0.678413 -0.205468 -0.705365
    outer loop
      vertex -13.8579 -15.06 1.44269
      vertex -12.5835 -14.3151 0
      vertex -13.8327 -15.1683 1.45
    endloop
  endfacet
  facet normal -0.677145 -0.205259 -0.706642
    outer loop
      vertex -13.8579 -15.06 1.44269
      vertex -13.8327 -15.1683 1.45
      vertex -13.8521 -15.1043 1.45
    endloop
  endfacet
  facet normal -0.678329 -0.205658 -0.705389
    outer loop
      vertex -13.8863 -14.9914 1.45
      vertex -12.5835 -14.3151 0
      vertex -13.8579 -15.06 1.44269
    endloop
  endfacet
  facet normal -0.678246 -0.205862 -0.70541
    outer loop
      vertex -13.9294 -14.8494 1.45
      vertex -12.5835 -14.3151 0
      vertex -13.8863 -14.9914 1.45
    endloop
  endfacet
  facet normal -0.677752 -0.207274 -0.705471
    outer loop
      vertex -12.5835 -14.3151 0
      vertex -13.9294 -14.8494 1.45
      vertex -12.5898 -14.2945 0
    endloop
  endfacet
  facet normal 0.0692225 0.705411 -0.705411
    outer loop
      vertex -15.5214 -18.6479 0
      vertex -15.5 -17.2 1.45
      vertex -15.5 -18.65 0
    endloop
  endfacet
  facet normal 0.0695398 0.705393 -0.705397
    outer loop
      vertex -15.5 -17.2 1.45
      vertex -15.5214 -18.6479 0
      vertex -15.8317 -17.1673 1.45
    endloop
  endfacet
  facet normal -0.624891 -0.334422 -0.705459
    outer loop
      vertex -13.9994 -14.7186 1.45
      vertex -12.8707 -13.7689 0
      vertex -13.9294 -14.8494 1.45
    endloop
  endfacet
  facet normal -0.625184 -0.33399 -0.705404
    outer loop
      vertex -14.0278 -14.65 1.44269
      vertex -12.8707 -13.7689 0
      vertex -13.9994 -14.7186 1.45
    endloop
  endfacet
  facet normal -0.625282 -0.333838 -0.70539
    outer loop
      vertex -14.0865 -14.5555 1.45
      vertex -12.8707 -13.7689 0
      vertex -14.0278 -14.65 1.44269
    endloop
  endfacet
  facet normal -0.627992 -0.335779 -0.702053
    outer loop
      vertex -14.0865 -14.5555 1.45
      vertex -14.0278 -14.65 1.44269
      vertex -14.0549 -14.6146 1.45
    endloop
  endfacet
  facet normal -0.623663 -0.33658 -0.70552
    outer loop
      vertex -12.8707 -13.7689 0
      vertex -14.0865 -14.5555 1.45
      vertex -12.8809 -13.75 0
    endloop
  endfacet
  facet normal -0.67829 -0.205723 -0.705408
    outer loop
      vertex -12.5835 -14.3151 0
      vertex -12.4105 -14.8855 0
      vertex -13.8327 -15.1683 1.45
    endloop
  endfacet
  facet normal -0.67829 0.205723 -0.705408
    outer loop
      vertex -12.4105 -16.1145 0
      vertex -12.5835 -16.6849 0
      vertex -13.8327 -15.8317 1.45
    endloop
  endfacet
  facet normal 0.0694565 0.705388 -0.70541
    outer loop
      vertex -15.8317 -17.1673 1.45
      vertex -15.5214 -18.6479 0
      vertex -16.1145 -18.5895 0
    endloop
  endfacet
  facet normal 0.627992 -0.335779 -0.702053
    outer loop
      vertex -16.9722 -14.65 1.44269
      vertex -16.9135 -14.5555 1.45
      vertex -16.9451 -14.6146 1.45
    endloop
  endfacet
  facet normal 0.624891 -0.334422 -0.705459
    outer loop
      vertex -18.1293 -13.7689 0
      vertex -17.0006 -14.7186 1.45
      vertex -17.0706 -14.8494 1.45
    endloop
  endfacet
  facet normal 0.625282 -0.333838 -0.70539
    outer loop
      vertex -18.1293 -13.7689 0
      vertex -16.9135 -14.5555 1.45
      vertex -16.9722 -14.65 1.44269
    endloop
  endfacet
  facet normal 0.625184 -0.33399 -0.705404
    outer loop
      vertex -17.0006 -14.7186 1.45
      vertex -18.1293 -13.7689 0
      vertex -16.9722 -14.65 1.44269
    endloop
  endfacet
  facet normal 0.623663 -0.33658 -0.70552
    outer loop
      vertex -16.9135 -14.5555 1.45
      vertex -18.1293 -13.7689 0
      vertex -18.1191 -13.75 0
    endloop
  endfacet
  facet normal -0.0695398 0.705393 -0.705397
    outer loop
      vertex -15.4786 -18.6479 0
      vertex -15.5 -17.2 1.45
      vertex -15.1683 -17.1673 1.45
    endloop
  endfacet
  facet normal -0.0692225 0.705411 -0.705411
    outer loop
      vertex -15.5 -17.2 1.45
      vertex -15.4786 -18.6479 0
      vertex -15.5 -18.65 0
    endloop
  endfacet
  facet normal 0.205723 -0.67829 -0.705408
    outer loop
      vertex -16.1145 -12.4105 0
      vertex -15.8317 -13.8327 1.45
      vertex -16.6849 -12.5835 0
    endloop
  endfacet
  facet normal 0.627992 0.335779 -0.702053
    outer loop
      vertex -16.9135 -16.4445 1.45
      vertex -16.9722 -16.35 1.44269
      vertex -16.9451 -16.3854 1.45
    endloop
  endfacet
  facet normal 0.625184 0.33399 -0.705404
    outer loop
      vertex -18.1293 -17.2311 0
      vertex -17.0006 -16.2814 1.45
      vertex -16.9722 -16.35 1.44269
    endloop
  endfacet
  facet normal 0.623663 0.33658 -0.70552
    outer loop
      vertex -18.1293 -17.2311 0
      vertex -16.9135 -16.4445 1.45
      vertex -18.1191 -17.25 0
    endloop
  endfacet
  facet normal 0.625282 0.333838 -0.70539
    outer loop
      vertex -16.9135 -16.4445 1.45
      vertex -18.1293 -17.2311 0
      vertex -16.9722 -16.35 1.44269
    endloop
  endfacet
  facet normal 0.624891 0.334422 -0.705459
    outer loop
      vertex -17.0006 -16.2814 1.45
      vertex -18.1293 -17.2311 0
      vertex -17.0706 -16.1506 1.45
    endloop
  endfacet
  facet normal -0.449225 -0.548319 -0.705367
    outer loop
      vertex -14.2979 -14.2979 1.45
      vertex -13.2892 -13.259 0
      vertex -13.2726 -13.2726 0
    endloop
  endfacet
  facet normal -0.449661 -0.547931 -0.705392
    outer loop
      vertex -13.2892 -13.259 0
      vertex -14.2979 -14.2979 1.45
      vertex -14.5555 -14.0865 1.45
    endloop
  endfacet
  facet normal -0.449626 0.54797 -0.705383
    outer loop
      vertex -13.2892 -17.741 0
      vertex -13.75 -18.1191 0
      vertex -14.5555 -16.9135 1.45
    endloop
  endfacet
  facet normal -0.0694565 -0.705388 -0.70541
    outer loop
      vertex -14.8855 -12.4105 0
      vertex -15.1683 -13.8327 1.45
      vertex -15.4786 -12.3521 0
    endloop
  endfacet
  facet normal -0.449626 -0.54797 -0.705383
    outer loop
      vertex -13.75 -12.8809 0
      vertex -13.2892 -13.259 0
      vertex -14.5555 -14.0865 1.45
    endloop
  endfacet
  facet normal -0.334096 -0.625137 -0.705396
    outer loop
      vertex -14.2945 -12.5898 0
      vertex -13.7689 -12.8707 0
      vertex -14.8494 -13.9294 1.45
    endloop
  endfacet
  facet normal -0.548319 0.449225 -0.705367
    outer loop
      vertex -14.2979 -16.7021 1.45
      vertex -13.259 -17.7108 0
      vertex -13.2726 -17.7274 0
    endloop
  endfacet
  facet normal -0.547931 0.449661 -0.705392
    outer loop
      vertex -13.259 -17.7108 0
      vertex -14.2979 -16.7021 1.45
      vertex -14.0865 -16.4445 1.45
    endloop
  endfacet
  facet normal 0.678246 0.205862 -0.70541
    outer loop
      vertex -18.4165 -16.6849 0
      vertex -17.1137 -16.0086 1.45
      vertex -17.0706 -16.1506 1.45
    endloop
  endfacet
  facet normal 0.677145 0.205259 -0.706642
    outer loop
      vertex -17.1421 -15.94 1.44269
      vertex -17.1673 -15.8317 1.45
      vertex -17.1479 -15.8957 1.45
    endloop
  endfacet
  facet normal 0.677752 0.207274 -0.705471
    outer loop
      vertex -18.4165 -16.6849 0
      vertex -17.0706 -16.1506 1.45
      vertex -18.4102 -16.7055 0
    endloop
  endfacet
  facet normal 0.678329 0.205658 -0.705389
    outer loop
      vertex -17.1137 -16.0086 1.45
      vertex -18.4165 -16.6849 0
      vertex -17.1421 -15.94 1.44269
    endloop
  endfacet
  facet normal 0.678413 0.205468 -0.705365
    outer loop
      vertex -17.1421 -15.94 1.44269
      vertex -18.4165 -16.6849 0
      vertex -17.1673 -15.8317 1.45
    endloop
  endfacet
  facet normal -0.705388 0.0694565 -0.70541
    outer loop
      vertex -12.3521 -15.5214 0
      vertex -12.4105 -16.1145 0
      vertex -13.8327 -15.8317 1.45
    endloop
  endfacet
  facet normal -0.705411 0.0692225 -0.705411
    outer loop
      vertex -12.3521 -15.5214 0
      vertex -13.8 -15.5 1.45
      vertex -12.35 -15.5 0
    endloop
  endfacet
  facet normal -0.705393 0.0695398 -0.705397
    outer loop
      vertex -13.8 -15.5 1.45
      vertex -12.3521 -15.5214 0
      vertex -13.8327 -15.8317 1.45
    endloop
  endfacet
  facet normal 0.705388 -0.0694565 -0.70541
    outer loop
      vertex -18.5895 -14.8855 0
      vertex -17.1673 -15.1683 1.45
      vertex -18.6479 -15.4786 0
    endloop
  endfacet
  facet normal 0.54797 0.449626 -0.705383
    outer loop
      vertex -16.9135 -16.4445 1.45
      vertex -17.741 -17.7108 0
      vertex -18.1191 -17.25 0
    endloop
  endfacet
  facet normal 0.625137 0.334096 -0.705396
    outer loop
      vertex -17.0706 -16.1506 1.45
      vertex -18.1293 -17.2311 0
      vertex -18.4102 -16.7055 0
    endloop
  endfacet
  facet normal -0.0694565 0.705388 -0.70541
    outer loop
      vertex -15.1683 -17.1673 1.45
      vertex -14.8855 -18.5895 0
      vertex -15.4786 -18.6479 0
    endloop
  endfacet
  facet normal 0.33399 -0.625184 -0.705404
    outer loop
      vertex -17.2311 -12.8707 0
      vertex -16.2814 -13.9994 1.45
      vertex -16.35 -14.0278 1.44269
    endloop
  endfacet
  facet normal 0.335779 -0.627992 -0.702053
    outer loop
      vertex -16.4445 -14.0865 1.45
      vertex -16.35 -14.0278 1.44269
      vertex -16.3854 -14.0549 1.45
    endloop
  endfacet
  facet normal 0.334422 -0.624891 -0.705459
    outer loop
      vertex -16.2814 -13.9994 1.45
      vertex -17.2311 -12.8707 0
      vertex -16.1506 -13.9294 1.45
    endloop
  endfacet
  facet normal 0.333838 -0.625282 -0.70539
    outer loop
      vertex -16.4445 -14.0865 1.45
      vertex -17.2311 -12.8707 0
      vertex -16.35 -14.0278 1.44269
    endloop
  endfacet
  facet normal 0.33658 -0.623663 -0.70552
    outer loop
      vertex -17.2311 -12.8707 0
      vertex -16.4445 -14.0865 1.45
      vertex -17.25 -12.8809 0
    endloop
  endfacet
  facet normal -0.205723 -0.67829 -0.705408
    outer loop
      vertex -14.8855 -12.4105 0
      vertex -14.3151 -12.5835 0
      vertex -15.1683 -13.8327 1.45
    endloop
  endfacet
  facet normal 0.449661 0.547931 -0.705392
    outer loop
      vertex -17.7108 -17.741 0
      vertex -16.7021 -16.7021 1.45
      vertex -16.4445 -16.9135 1.45
    endloop
  endfacet
  facet normal 0.449225 0.548319 -0.705367
    outer loop
      vertex -16.7021 -16.7021 1.45
      vertex -17.7108 -17.741 0
      vertex -17.7274 -17.7274 0
    endloop
  endfacet
  facet normal -0.207274 0.677752 -0.705471
    outer loop
      vertex -14.3151 -18.4165 0
      vertex -14.8494 -17.0706 1.45
      vertex -14.2945 -18.4102 0
    endloop
  endfacet
  facet normal -0.205862 0.678246 -0.70541
    outer loop
      vertex -14.3151 -18.4165 0
      vertex -14.9914 -17.1137 1.45
      vertex -14.8494 -17.0706 1.45
    endloop
  endfacet
  facet normal -0.205658 0.678329 -0.705389
    outer loop
      vertex -14.3151 -18.4165 0
      vertex -15.06 -17.1421 1.44269
      vertex -14.9914 -17.1137 1.45
    endloop
  endfacet
  facet normal -0.205468 0.678413 -0.705365
    outer loop
      vertex -15.1683 -17.1673 1.45
      vertex -15.06 -17.1421 1.44269
      vertex -14.3151 -18.4165 0
    endloop
  endfacet
  facet normal -0.205259 0.677145 -0.706642
    outer loop
      vertex -15.06 -17.1421 1.44269
      vertex -15.1683 -17.1673 1.45
      vertex -15.1043 -17.1479 1.45
    endloop
  endfacet
  facet normal 0.625137 -0.334096 -0.705396
    outer loop
      vertex -18.1293 -13.7689 0
      vertex -17.0706 -14.8494 1.45
      vertex -18.4102 -14.2945 0
    endloop
  endfacet
  facet normal -0.207274 -0.677752 -0.705471
    outer loop
      vertex -14.8494 -13.9294 1.45
      vertex -14.3151 -12.5835 0
      vertex -14.2945 -12.5898 0
    endloop
  endfacet
  facet normal -0.205862 -0.678246 -0.70541
    outer loop
      vertex -14.9914 -13.8863 1.45
      vertex -14.3151 -12.5835 0
      vertex -14.8494 -13.9294 1.45
    endloop
  endfacet
  facet normal -0.205658 -0.678329 -0.705389
    outer loop
      vertex -15.06 -13.8579 1.44269
      vertex -14.3151 -12.5835 0
      vertex -14.9914 -13.8863 1.45
    endloop
  endfacet
  facet normal -0.205259 -0.677145 -0.706642
    outer loop
      vertex -15.1683 -13.8327 1.45
      vertex -15.06 -13.8579 1.44269
      vertex -15.1043 -13.8521 1.45
    endloop
  endfacet
  facet normal -0.205468 -0.678413 -0.705365
    outer loop
      vertex -15.06 -13.8579 1.44269
      vertex -15.1683 -13.8327 1.45
      vertex -14.3151 -12.5835 0
    endloop
  endfacet
  facet normal 0.449661 -0.547931 -0.705392
    outer loop
      vertex -16.7021 -14.2979 1.45
      vertex -17.7108 -13.259 0
      vertex -16.4445 -14.0865 1.45
    endloop
  endfacet
  facet normal 0.449225 -0.548319 -0.705367
    outer loop
      vertex -17.7108 -13.259 0
      vertex -16.7021 -14.2979 1.45
      vertex -17.7274 -13.2726 0
    endloop
  endfacet
  facet normal 0.449626 0.54797 -0.705383
    outer loop
      vertex -16.4445 -16.9135 1.45
      vertex -17.25 -18.1191 0
      vertex -17.7108 -17.741 0
    endloop
  endfacet
  facet normal -0.625137 0.334096 -0.705396
    outer loop
      vertex -12.5898 -16.7055 0
      vertex -12.8707 -17.2311 0
      vertex -13.9294 -16.1506 1.45
    endloop
  endfacet
  facet normal 0.449626 -0.54797 -0.705383
    outer loop
      vertex -17.25 -12.8809 0
      vertex -16.4445 -14.0865 1.45
      vertex -17.7108 -13.259 0
    endloop
  endfacet
  facet normal 0.334096 -0.625137 -0.705396
    outer loop
      vertex -16.7055 -12.5898 0
      vertex -16.1506 -13.9294 1.45
      vertex -17.2311 -12.8707 0
    endloop
  endfacet
  facet normal 0.334422 0.624891 -0.705459
    outer loop
      vertex -17.2311 -18.1293 0
      vertex -16.2814 -17.0006 1.45
      vertex -16.1506 -17.0706 1.45
    endloop
  endfacet
  facet normal 0.335779 0.627992 -0.702053
    outer loop
      vertex -16.35 -16.9722 1.44269
      vertex -16.4445 -16.9135 1.45
      vertex -16.3854 -16.9451 1.45
    endloop
  endfacet
  facet normal 0.33399 0.625184 -0.705404
    outer loop
      vertex -16.2814 -17.0006 1.45
      vertex -17.2311 -18.1293 0
      vertex -16.35 -16.9722 1.44269
    endloop
  endfacet
  facet normal 0.333838 0.625282 -0.70539
    outer loop
      vertex -17.2311 -18.1293 0
      vertex -16.4445 -16.9135 1.45
      vertex -16.35 -16.9722 1.44269
    endloop
  endfacet
  facet normal 0.33658 0.623663 -0.70552
    outer loop
      vertex -16.4445 -16.9135 1.45
      vertex -17.2311 -18.1293 0
      vertex -17.25 -18.1191 0
    endloop
  endfacet
  facet normal -0.33658 0.623663 -0.70552
    outer loop
      vertex -13.7689 -18.1293 0
      vertex -14.5555 -16.9135 1.45
      vertex -13.75 -18.1191 0
    endloop
  endfacet
  facet normal -0.333838 0.625282 -0.70539
    outer loop
      vertex -14.65 -16.9722 1.44269
      vertex -14.5555 -16.9135 1.45
      vertex -13.7689 -18.1293 0
    endloop
  endfacet
  facet normal -0.335779 0.627992 -0.702053
    outer loop
      vertex -14.5555 -16.9135 1.45
      vertex -14.65 -16.9722 1.44269
      vertex -14.6146 -16.9451 1.45
    endloop
  endfacet
  facet normal -0.33399 0.625184 -0.705404
    outer loop
      vertex -13.7689 -18.1293 0
      vertex -14.7186 -17.0006 1.45
      vertex -14.65 -16.9722 1.44269
    endloop
  endfacet
  facet normal -0.334422 0.624891 -0.705459
    outer loop
      vertex -14.7186 -17.0006 1.45
      vertex -13.7689 -18.1293 0
      vertex -14.8494 -17.0706 1.45
    endloop
  endfacet
  facet normal -0.0695398 -0.705393 -0.705397
    outer loop
      vertex -15.5 -13.8 1.45
      vertex -15.4786 -12.3521 0
      vertex -15.1683 -13.8327 1.45
    endloop
  endfacet
  facet normal -0.0692225 -0.705411 -0.705411
    outer loop
      vertex -15.4786 -12.3521 0
      vertex -15.5 -13.8 1.45
      vertex -15.5 -12.35 0
    endloop
  endfacet
  facet normal 0.678329 -0.205658 -0.705389
    outer loop
      vertex -18.4165 -14.3151 0
      vertex -17.1137 -14.9914 1.45
      vertex -17.1421 -15.06 1.44269
    endloop
  endfacet
  facet normal 0.677145 -0.205259 -0.706642
    outer loop
      vertex -17.1673 -15.1683 1.45
      vertex -17.1421 -15.06 1.44269
      vertex -17.1479 -15.1043 1.45
    endloop
  endfacet
  facet normal 0.678246 -0.205862 -0.70541
    outer loop
      vertex -17.1137 -14.9914 1.45
      vertex -18.4165 -14.3151 0
      vertex -17.0706 -14.8494 1.45
    endloop
  endfacet
  facet normal 0.678413 -0.205468 -0.705365
    outer loop
      vertex -18.4165 -14.3151 0
      vertex -17.1421 -15.06 1.44269
      vertex -17.1673 -15.1683 1.45
    endloop
  endfacet
  facet normal 0.677752 -0.207274 -0.705471
    outer loop
      vertex -17.0706 -14.8494 1.45
      vertex -18.4165 -14.3151 0
      vertex -18.4102 -14.2945 0
    endloop
  endfacet
  facet normal -0.33658 -0.623663 -0.70552
    outer loop
      vertex -14.5555 -14.0865 1.45
      vertex -13.7689 -12.8707 0
      vertex -13.75 -12.8809 0
    endloop
  endfacet
  facet normal -0.335779 -0.627992 -0.702053
    outer loop
      vertex -14.65 -14.0278 1.44269
      vertex -14.5555 -14.0865 1.45
      vertex -14.6146 -14.0549 1.45
    endloop
  endfacet
  facet normal -0.333838 -0.625282 -0.70539
    outer loop
      vertex -14.5555 -14.0865 1.45
      vertex -14.65 -14.0278 1.44269
      vertex -13.7689 -12.8707 0
    endloop
  endfacet
  facet normal -0.33399 -0.625184 -0.705404
    outer loop
      vertex -14.7186 -13.9994 1.45
      vertex -13.7689 -12.8707 0
      vertex -14.65 -14.0278 1.44269
    endloop
  endfacet
  facet normal -0.334422 -0.624891 -0.705459
    outer loop
      vertex -13.7689 -12.8707 0
      vertex -14.7186 -13.9994 1.45
      vertex -14.8494 -13.9294 1.45
    endloop
  endfacet
  facet normal 0 -0 -1
    outer loop
      vertex -15.8317 -13.8327 1.45
      vertex -15.5 -13.8 1.45
      vertex -15.8957 -13.8521 1.45
    endloop
  endfacet
  facet normal -0 -0 -1
    outer loop
      vertex -15.1683 -13.8327 1.45
      vertex -15.1043 -13.8521 1.45
      vertex -15.5 -13.8 1.45
    endloop
  endfacet
  facet normal 0 0 -1
    outer loop
      vertex -15.5 -17.2 1.45
      vertex -15.8317 -17.1673 1.45
      vertex -15.8957 -17.1479 1.45
    endloop
  endfacet
  facet normal 0 0 -1
    outer loop
      vertex -15.1043 -17.1479 1.45
      vertex -15.1683 -17.1673 1.45
      vertex -15.5 -17.2 1.45
    endloop
  endfacet
  facet normal 0 0 -1
    outer loop
      vertex -14.2979 -16.7021 1.45
      vertex -14.5555 -16.9135 1.45
      vertex -14.6146 -16.9451 1.45
    endloop
  endfacet
  facet normal 0 -0 -1
    outer loop
      vertex -17.1673 -15.1683 1.45
      vertex -17.1479 -15.1043 1.45
      vertex -17.2 -15.5 1.45
    endloop
  endfacet
  facet normal 0 -0 -1
    outer loop
      vertex -16.1506 -13.9294 1.45
      vertex -16.0086 -13.8863 1.45
      vertex -16.2814 -13.9994 1.45
    endloop
  endfacet
  facet normal 0 0 -1
    outer loop
      vertex -14.7186 -17.0006 1.45
      vertex -14.8494 -17.0706 1.45
      vertex -14.9914 -17.1137 1.45
    endloop
  endfacet
  facet normal 0 -0 -1
    outer loop
      vertex -16.4445 -14.0865 1.45
      vertex -16.3854 -14.0549 1.45
      vertex -16.7021 -14.2979 1.45
    endloop
  endfacet
  facet normal 0 0 -1
    outer loop
      vertex -17.1479 -15.8957 1.45
      vertex -17.1673 -15.8317 1.45
      vertex -17.2 -15.5 1.45
    endloop
  endfacet
  facet normal 0 0 -1
    outer loop
      vertex -14.0549 -16.3854 1.45
      vertex -14.0865 -16.4445 1.45
      vertex -14.2979 -16.7021 1.45
    endloop
  endfacet
  facet normal -0 -0 -1
    outer loop
      vertex -14.5555 -14.0865 1.45
      vertex -14.2979 -14.2979 1.45
      vertex -14.6146 -14.0549 1.45
    endloop
  endfacet
  facet normal -0 -0 -1
    outer loop
      vertex -14.0865 -14.5555 1.45
      vertex -14.0549 -14.6146 1.45
      vertex -14.2979 -14.2979 1.45
    endloop
  endfacet
  facet normal -0 -0 -1
    outer loop
      vertex -14.8494 -13.9294 1.45
      vertex -14.7186 -13.9994 1.45
      vertex -14.9914 -13.8863 1.45
    endloop
  endfacet
  facet normal 0 -0 -1
    outer loop
      vertex -17.0706 -14.8494 1.45
      vertex -17.0006 -14.7186 1.45
      vertex -17.1137 -14.9914 1.45
    endloop
  endfacet
  facet normal 0 -0 -1
    outer loop
      vertex -16.9135 -14.5555 1.45
      vertex -16.7021 -14.2979 1.45
      vertex -16.9451 -14.6146 1.45
    endloop
  endfacet
  facet normal -0 -0 -1
    outer loop
      vertex -13.9294 -14.8494 1.45
      vertex -13.8863 -14.9914 1.45
      vertex -13.9994 -14.7186 1.45
    endloop
  endfacet
  facet normal 0 0 -1
    outer loop
      vertex -13.8863 -16.0086 1.45
      vertex -13.9294 -16.1506 1.45
      vertex -13.9994 -16.2814 1.45
    endloop
  endfacet
  facet normal -0 -0 -1
    outer loop
      vertex -13.8327 -15.1683 1.45
      vertex -13.8 -15.5 1.45
      vertex -13.8521 -15.1043 1.45
    endloop
  endfacet
  facet normal 0 0 -1
    outer loop
      vertex -17.0006 -16.2814 1.45
      vertex -17.0706 -16.1506 1.45
      vertex -17.1137 -16.0086 1.45
    endloop
  endfacet
  facet normal 0 0 -1
    outer loop
      vertex -16.7021 -16.7021 1.45
      vertex -16.9135 -16.4445 1.45
      vertex -16.9451 -16.3854 1.45
    endloop
  endfacet
  facet normal 0 0 -1
    outer loop
      vertex -16.0086 -17.1137 1.45
      vertex -16.1506 -17.0706 1.45
      vertex -16.2814 -17.0006 1.45
    endloop
  endfacet
  facet normal 0 0 -1
    outer loop
      vertex -13.8 -15.5 1.45
      vertex -13.8327 -15.8317 1.45
      vertex -13.8521 -15.8957 1.45
    endloop
  endfacet
  facet normal 0 0 -1
    outer loop
      vertex -16.3854 -16.9451 1.45
      vertex -16.4445 -16.9135 1.45
      vertex -16.7021 -16.7021 1.45
    endloop
  endfacet
  facet normal 0.205259 0.677145 -0.706642
    outer loop
      vertex -15.8317 -17.1673 1.45
      vertex -15.94 -17.1421 1.44269
      vertex -15.8957 -17.1479 1.45
    endloop
  endfacet
  facet normal 0.205658 0.678329 -0.705389
    outer loop
      vertex -16.6849 -18.4165 0
      vertex -16.0086 -17.1137 1.45
      vertex -15.94 -17.1421 1.44269
    endloop
  endfacet
  facet normal 0.205468 0.678413 -0.705365
    outer loop
      vertex -16.6849 -18.4165 0
      vertex -15.94 -17.1421 1.44269
      vertex -15.8317 -17.1673 1.45
    endloop
  endfacet
  facet normal 0.205862 0.678246 -0.70541
    outer loop
      vertex -16.0086 -17.1137 1.45
      vertex -16.6849 -18.4165 0
      vertex -16.1506 -17.0706 1.45
    endloop
  endfacet
  facet normal 0.207274 0.677752 -0.705471
    outer loop
      vertex -16.1506 -17.0706 1.45
      vertex -16.6849 -18.4165 0
      vertex -16.7055 -18.4102 0
    endloop
  endfacet
  facet normal 0.205723 0.67829 -0.705408
    outer loop
      vertex -15.8317 -17.1673 1.45
      vertex -16.1145 -18.5895 0
      vertex -16.6849 -18.4165 0
    endloop
  endfacet
  facet normal 0.67829 -0.205723 -0.705408
    outer loop
      vertex -18.4165 -14.3151 0
      vertex -17.1673 -15.1683 1.45
      vertex -18.5895 -14.8855 0
    endloop
  endfacet
  facet normal 0.705393 -0.0695398 -0.705397
    outer loop
      vertex -17.2 -15.5 1.45
      vertex -18.6479 -15.4786 0
      vertex -17.1673 -15.1683 1.45
    endloop
  endfacet
  facet normal 0.705411 -0.0692225 -0.705411
    outer loop
      vertex -18.6479 -15.4786 0
      vertex -17.2 -15.5 1.45
      vertex -18.65 -15.5 0
    endloop
  endfacet
  facet normal 0.923951 0.38251 0
    outer loop
      vertex -17.1421 15.06 6
      vertex -17.1137 14.9914 1.45
      vertex -17.1421 15.06 1.44269
    endloop
  endfacet
  facet normal 0.923757 0.38298 -8.29062e-06
    outer loop
      vertex -17.1421 15.06 6
      vertex -17.0006 14.7186 1.45
      vertex -17.1137 14.9914 1.45
    endloop
  endfacet
  facet normal 0.923822 0.382823 5.51668e-06
    outer loop
      vertex -16.9722 14.65 6
      vertex -17.0006 14.7186 1.45
      vertex -17.1421 15.06 6
    endloop
  endfacet
  facet normal 0.923951 0.38251 0
    outer loop
      vertex -17.0006 14.7186 1.45
      vertex -16.9722 14.65 6
      vertex -16.9722 14.65 1.44269
    endloop
  endfacet
  facet normal -0.923951 -0.38251 0
    outer loop
      vertex -13.9994 16.2814 1.45
      vertex -14.0278 16.35 6
      vertex -14.0278 16.35 1.44269
    endloop
  endfacet
  facet normal -0.923757 -0.38298 8.29062e-06
    outer loop
      vertex -13.8863 16.0086 1.45
      vertex -14.0278 16.35 6
      vertex -13.9994 16.2814 1.45
    endloop
  endfacet
  facet normal -0.923951 -0.38251 -0
    outer loop
      vertex -13.8579 15.94 6
      vertex -13.8863 16.0086 1.45
      vertex -13.8579 15.94 1.44269
    endloop
  endfacet
  facet normal -0.923822 -0.382823 -5.51668e-06
    outer loop
      vertex -13.8863 16.0086 1.45
      vertex -13.8579 15.94 6
      vertex -14.0278 16.35 6
    endloop
  endfacet
  facet normal -0.991538 -0.129818 0
    outer loop
      vertex -13.8521 15.8957 1.45
      vertex -13.8579 15.94 6
      vertex -13.8579 15.94 1.44269
    endloop
  endfacet
  facet normal -0.991443 -0.130539 7.14217e-06
    outer loop
      vertex -13.8 15.5 1.45
      vertex -13.8579 15.94 6
      vertex -13.8521 15.8957 1.45
    endloop
  endfacet
  facet normal -0.991453 -0.130466 0
    outer loop
      vertex -13.8579 15.94 6
      vertex -13.8 15.5 1.45
      vertex -13.8 15.5 6
    endloop
  endfacet
  facet normal -0.793368 -0.608742 0
    outer loop
      vertex -14.0549 16.3854 1.45
      vertex -14.2979 16.7021 6
      vertex -14.2979 16.7021 1.45
    endloop
  endfacet
  facet normal -0.794039 -0.607866 -0
    outer loop
      vertex -14.0278 16.35 6
      vertex -14.0549 16.3854 1.45
      vertex -14.0278 16.35 1.44269
    endloop
  endfacet
  facet normal -0.793436 -0.608654 -9.72198e-06
    outer loop
      vertex -14.0549 16.3854 1.45
      vertex -14.0278 16.35 6
      vertex -14.2979 16.7021 6
    endloop
  endfacet
  facet normal -0.608654 -0.793436 -9.72198e-06
    outer loop
      vertex -14.65 16.9722 6
      vertex -14.6146 16.9451 1.45
      vertex -14.2979 16.7021 6
    endloop
  endfacet
  facet normal -0.607866 -0.794039 0
    outer loop
      vertex -14.6146 16.9451 1.45
      vertex -14.65 16.9722 6
      vertex -14.65 16.9722 1.44269
    endloop
  endfacet
  facet normal -0.608742 -0.793368 -0
    outer loop
      vertex -14.2979 16.7021 6
      vertex -14.6146 16.9451 1.45
      vertex -14.2979 16.7021 1.45
    endloop
  endfacet
  facet normal -0.130466 -0.991453 0
    outer loop
      vertex -15.5 17.2 1.45
      vertex -15.06 17.1421 6
      vertex -15.5 17.2 6
    endloop
  endfacet
  facet normal -0.130539 -0.991443 7.14217e-06
    outer loop
      vertex -15.1043 17.1479 1.45
      vertex -15.06 17.1421 6
      vertex -15.5 17.2 1.45
    endloop
  endfacet
  facet normal -0.129818 -0.991538 -0
    outer loop
      vertex -15.06 17.1421 6
      vertex -15.1043 17.1479 1.45
      vertex -15.06 17.1421 1.44269
    endloop
  endfacet
  facet normal 0.991538 -0.129818 0
    outer loop
      vertex -17.1421 15.94 6
      vertex -17.1479 15.8957 1.45
      vertex -17.1421 15.94 1.44269
    endloop
  endfacet
  facet normal 0.991453 -0.130466 6.42315e-06
    outer loop
      vertex -17.2 15.5 6
      vertex -17.1479 15.8957 1.45
      vertex -17.1421 15.94 6
    endloop
  endfacet
  facet normal 0.991443 -0.130539 0
    outer loop
      vertex -17.1479 15.8957 1.45
      vertex -17.2 15.5 6
      vertex -17.2 15.5 1.45
    endloop
  endfacet
  facet normal 0.382823 0.923822 -5.51668e-06
    outer loop
      vertex -15.94 13.8579 6
      vertex -16.0086 13.8863 1.45
      vertex -16.35 14.0278 6
    endloop
  endfacet
  facet normal 0.38251 0.923951 0
    outer loop
      vertex -16.0086 13.8863 1.45
      vertex -15.94 13.8579 6
      vertex -15.94 13.8579 1.44269
    endloop
  endfacet
  facet normal 0.38298 0.923757 8.29062e-06
    outer loop
      vertex -16.2814 13.9994 1.45
      vertex -16.35 14.0278 6
      vertex -16.0086 13.8863 1.45
    endloop
  endfacet
  facet normal 0.38251 0.923951 0
    outer loop
      vertex -16.35 14.0278 6
      vertex -16.2814 13.9994 1.45
      vertex -16.35 14.0278 1.44269
    endloop
  endfacet
  facet normal -0.382823 0.923822 5.51668e-06
    outer loop
      vertex -14.65 14.0278 6
      vertex -14.7186 13.9994 1.45
      vertex -15.06 13.8579 6
    endloop
  endfacet
  facet normal -0.38251 0.923951 0
    outer loop
      vertex -14.7186 13.9994 1.45
      vertex -14.65 14.0278 6
      vertex -14.65 14.0278 1.44269
    endloop
  endfacet
  facet normal -0.38298 0.923757 -8.29062e-06
    outer loop
      vertex -14.9914 13.8863 1.45
      vertex -15.06 13.8579 6
      vertex -14.7186 13.9994 1.45
    endloop
  endfacet
  facet normal -0.38251 0.923951 0
    outer loop
      vertex -15.06 13.8579 6
      vertex -14.9914 13.8863 1.45
      vertex -15.06 13.8579 1.44269
    endloop
  endfacet
  facet normal 0.382823 -0.923822 5.51668e-06
    outer loop
      vertex -16.35 16.9722 6
      vertex -16.2814 17.0006 1.45
      vertex -15.94 17.1421 6
    endloop
  endfacet
  facet normal 0.38251 -0.923951 0
    outer loop
      vertex -16.2814 17.0006 1.45
      vertex -16.35 16.9722 6
      vertex -16.35 16.9722 1.44269
    endloop
  endfacet
  facet normal 0.38298 -0.923757 -8.29062e-06
    outer loop
      vertex -16.0086 17.1137 1.45
      vertex -15.94 17.1421 6
      vertex -16.2814 17.0006 1.45
    endloop
  endfacet
  facet normal 0.38251 -0.923951 0
    outer loop
      vertex -15.94 17.1421 6
      vertex -16.0086 17.1137 1.45
      vertex -15.94 17.1421 1.44269
    endloop
  endfacet
  facet normal 0.793368 -0.608742 0
    outer loop
      vertex -16.7021 16.7021 6
      vertex -16.9451 16.3854 1.45
      vertex -16.7021 16.7021 1.45
    endloop
  endfacet
  facet normal 0.793436 -0.608654 -9.72198e-06
    outer loop
      vertex -16.9722 16.35 6
      vertex -16.9451 16.3854 1.45
      vertex -16.7021 16.7021 6
    endloop
  endfacet
  facet normal 0.794039 -0.607866 0
    outer loop
      vertex -16.9451 16.3854 1.45
      vertex -16.9722 16.35 6
      vertex -16.9722 16.35 1.44269
    endloop
  endfacet
  facet normal 0.608654 -0.793436 0
    outer loop
      vertex -16.7021 16.7021 1.45
      vertex -16.35 16.9722 6
      vertex -16.7021 16.7021 6
    endloop
  endfacet
  facet normal 0.608742 -0.793368 -1.08078e-05
    outer loop
      vertex -16.3854 16.9451 1.45
      vertex -16.35 16.9722 6
      vertex -16.7021 16.7021 1.45
    endloop
  endfacet
  facet normal 0.607866 -0.794039 0
    outer loop
      vertex -16.35 16.9722 6
      vertex -16.3854 16.9451 1.45
      vertex -16.35 16.9722 1.44269
    endloop
  endfacet
  facet normal -0.991443 0.130539 0
    outer loop
      vertex -13.8521 15.1043 1.45
      vertex -13.8 15.5 6
      vertex -13.8 15.5 1.45
    endloop
  endfacet
  facet normal -0.991538 0.129818 0
    outer loop
      vertex -13.8579 15.06 6
      vertex -13.8521 15.1043 1.45
      vertex -13.8579 15.06 1.44269
    endloop
  endfacet
  facet normal -0.991453 0.130466 6.42315e-06
    outer loop
      vertex -13.8521 15.1043 1.45
      vertex -13.8579 15.06 6
      vertex -13.8 15.5 6
    endloop
  endfacet
  facet normal -0.382823 -0.923822 -5.51668e-06
    outer loop
      vertex -15.06 17.1421 6
      vertex -14.9914 17.1137 1.45
      vertex -14.65 16.9722 6
    endloop
  endfacet
  facet normal -0.38251 -0.923951 0
    outer loop
      vertex -14.9914 17.1137 1.45
      vertex -15.06 17.1421 6
      vertex -15.06 17.1421 1.44269
    endloop
  endfacet
  facet normal -0.38298 -0.923757 8.29062e-06
    outer loop
      vertex -14.7186 17.0006 1.45
      vertex -14.65 16.9722 6
      vertex -14.9914 17.1137 1.45
    endloop
  endfacet
  facet normal -0.38251 -0.923951 -0
    outer loop
      vertex -14.65 16.9722 6
      vertex -14.7186 17.0006 1.45
      vertex -14.65 16.9722 1.44269
    endloop
  endfacet
  facet normal 0.130466 -0.991453 6.42315e-06
    outer loop
      vertex -15.94 17.1421 6
      vertex -15.8957 17.1479 1.45
      vertex -15.5 17.2 6
    endloop
  endfacet
  facet normal 0.129818 -0.991538 0
    outer loop
      vertex -15.8957 17.1479 1.45
      vertex -15.94 17.1421 6
      vertex -15.94 17.1421 1.44269
    endloop
  endfacet
  facet normal 0.130539 -0.991443 0
    outer loop
      vertex -15.5 17.2 6
      vertex -15.8957 17.1479 1.45
      vertex -15.5 17.2 1.45
    endloop
  endfacet
  facet normal -0.794039 0.607866 0
    outer loop
      vertex -14.0549 14.6146 1.45
      vertex -14.0278 14.65 6
      vertex -14.0278 14.65 1.44269
    endloop
  endfacet
  facet normal -0.793368 0.608742 -1.08078e-05
    outer loop
      vertex -14.2979 14.2979 1.45
      vertex -14.0278 14.65 6
      vertex -14.0549 14.6146 1.45
    endloop
  endfacet
  facet normal -0.793436 0.608654 0
    outer loop
      vertex -14.0278 14.65 6
      vertex -14.2979 14.2979 1.45
      vertex -14.2979 14.2979 6
    endloop
  endfacet
  facet normal 0.923951 -0.38251 0
    outer loop
      vertex -16.9722 16.35 6
      vertex -17.0006 16.2814 1.45
      vertex -16.9722 16.35 1.44269
    endloop
  endfacet
  facet normal 0.923757 -0.38298 8.29062e-06
    outer loop
      vertex -16.9722 16.35 6
      vertex -17.1137 16.0086 1.45
      vertex -17.0006 16.2814 1.45
    endloop
  endfacet
  facet normal 0.923822 -0.382823 -5.51668e-06
    outer loop
      vertex -17.1421 15.94 6
      vertex -17.1137 16.0086 1.45
      vertex -16.9722 16.35 6
    endloop
  endfacet
  facet normal 0.923951 -0.38251 0
    outer loop
      vertex -17.1137 16.0086 1.45
      vertex -17.1421 15.94 6
      vertex -17.1421 15.94 1.44269
    endloop
  endfacet
  facet normal -0.130466 0.991453 6.42315e-06
    outer loop
      vertex -15.06 13.8579 6
      vertex -15.1043 13.8521 1.45
      vertex -15.5 13.8 6
    endloop
  endfacet
  facet normal -0.129818 0.991538 0
    outer loop
      vertex -15.1043 13.8521 1.45
      vertex -15.06 13.8579 6
      vertex -15.06 13.8579 1.44269
    endloop
  endfacet
  facet normal -0.130539 0.991443 0
    outer loop
      vertex -15.5 13.8 6
      vertex -15.1043 13.8521 1.45
      vertex -15.5 13.8 1.45
    endloop
  endfacet
  facet normal 0.608654 0.793436 -9.72198e-06
    outer loop
      vertex -16.35 14.0278 6
      vertex -16.3854 14.0549 1.45
      vertex -16.7021 14.2979 6
    endloop
  endfacet
  facet normal 0.607866 0.794039 0
    outer loop
      vertex -16.3854 14.0549 1.45
      vertex -16.35 14.0278 6
      vertex -16.35 14.0278 1.44269
    endloop
  endfacet
  facet normal 0.608742 0.793368 0
    outer loop
      vertex -16.7021 14.2979 6
      vertex -16.3854 14.0549 1.45
      vertex -16.7021 14.2979 1.45
    endloop
  endfacet
  facet normal 0.991443 0.130539 0
    outer loop
      vertex -17.2 15.5 6
      vertex -17.1479 15.1043 1.45
      vertex -17.2 15.5 1.45
    endloop
  endfacet
  facet normal 0.991453 0.130466 6.42315e-06
    outer loop
      vertex -17.1421 15.06 6
      vertex -17.1479 15.1043 1.45
      vertex -17.2 15.5 6
    endloop
  endfacet
  facet normal 0.991538 0.129818 0
    outer loop
      vertex -17.1479 15.1043 1.45
      vertex -17.1421 15.06 6
      vertex -17.1421 15.06 1.44269
    endloop
  endfacet
  facet normal -0.608654 0.793436 0
    outer loop
      vertex -14.2979 14.2979 1.45
      vertex -14.65 14.0278 6
      vertex -14.2979 14.2979 6
    endloop
  endfacet
  facet normal -0.608742 0.793368 -1.08078e-05
    outer loop
      vertex -14.6146 14.0549 1.45
      vertex -14.65 14.0278 6
      vertex -14.2979 14.2979 1.45
    endloop
  endfacet
  facet normal -0.607866 0.794039 0
    outer loop
      vertex -14.65 14.0278 6
      vertex -14.6146 14.0549 1.45
      vertex -14.65 14.0278 1.44269
    endloop
  endfacet
  facet normal 0.794039 0.607866 0
    outer loop
      vertex -16.9722 14.65 6
      vertex -16.9451 14.6146 1.45
      vertex -16.9722 14.65 1.44269
    endloop
  endfacet
  facet normal 0.793436 0.608654 -9.72198e-06
    outer loop
      vertex -16.7021 14.2979 6
      vertex -16.9451 14.6146 1.45
      vertex -16.9722 14.65 6
    endloop
  endfacet
  facet normal 0.793368 0.608742 0
    outer loop
      vertex -16.9451 14.6146 1.45
      vertex -16.7021 14.2979 6
      vertex -16.7021 14.2979 1.45
    endloop
  endfacet
  facet normal -0.923951 0.38251 0
    outer loop
      vertex -13.8863 14.9914 1.45
      vertex -13.8579 15.06 6
      vertex -13.8579 15.06 1.44269
    endloop
  endfacet
  facet normal -0.923757 0.38298 -8.29062e-06
    outer loop
      vertex -13.9994 14.7186 1.45
      vertex -13.8579 15.06 6
      vertex -13.8863 14.9914 1.45
    endloop
  endfacet
  facet normal -0.923951 0.38251 0
    outer loop
      vertex -14.0278 14.65 6
      vertex -13.9994 14.7186 1.45
      vertex -14.0278 14.65 1.44269
    endloop
  endfacet
  facet normal -0.923822 0.382823 5.51668e-06
    outer loop
      vertex -13.9994 14.7186 1.45
      vertex -14.0278 14.65 6
      vertex -13.8579 15.06 6
    endloop
  endfacet
  facet normal 0.130466 0.991453 -0
    outer loop
      vertex -15.5 13.8 1.45
      vertex -15.94 13.8579 6
      vertex -15.5 13.8 6
    endloop
  endfacet
  facet normal 0.130539 0.991443 7.14217e-06
    outer loop
      vertex -15.8957 13.8521 1.45
      vertex -15.94 13.8579 6
      vertex -15.5 13.8 1.45
    endloop
  endfacet
  facet normal 0.129818 0.991538 0
    outer loop
      vertex -15.94 13.8579 6
      vertex -15.8957 13.8521 1.45
      vertex -15.94 13.8579 1.44269
    endloop
  endfacet
  facet normal -0.449225 -0.548319 -0.705367
    outer loop
      vertex -14.2979 16.7021 1.45
      vertex -13.2892 17.741 0
      vertex -13.2726 17.7274 0
    endloop
  endfacet
  facet normal -0.449661 -0.547931 -0.705392
    outer loop
      vertex -13.2892 17.741 0
      vertex -14.2979 16.7021 1.45
      vertex -14.5555 16.9135 1.45
    endloop
  endfacet
  facet normal 0.548319 0.449225 -0.705367
    outer loop
      vertex -17.741 13.2892 0
      vertex -16.7021 14.2979 1.45
      vertex -17.7274 13.2726 0
    endloop
  endfacet
  facet normal 0.547931 0.449661 -0.705392
    outer loop
      vertex -16.7021 14.2979 1.45
      vertex -17.741 13.2892 0
      vertex -16.9135 14.5555 1.45
    endloop
  endfacet
  facet normal -0.705411 -0.0692225 -0.705411
    outer loop
      vertex -13.8 15.5 1.45
      vertex -12.3521 15.5214 0
      vertex -12.35 15.5 0
    endloop
  endfacet
  facet normal -0.705393 -0.0695398 -0.705397
    outer loop
      vertex -12.3521 15.5214 0
      vertex -13.8 15.5 1.45
      vertex -13.8327 15.8317 1.45
    endloop
  endfacet
  facet normal -0.705388 -0.0694565 -0.70541
    outer loop
      vertex -12.4105 16.1145 0
      vertex -12.3521 15.5214 0
      vertex -13.8327 15.8317 1.45
    endloop
  endfacet
  facet normal -0.207274 -0.677752 -0.705471
    outer loop
      vertex -14.8494 17.0706 1.45
      vertex -14.3151 18.4165 0
      vertex -14.2945 18.4102 0
    endloop
  endfacet
  facet normal -0.205862 -0.678246 -0.70541
    outer loop
      vertex -14.9914 17.1137 1.45
      vertex -14.3151 18.4165 0
      vertex -14.8494 17.0706 1.45
    endloop
  endfacet
  facet normal -0.205658 -0.678329 -0.705389
    outer loop
      vertex -15.06 17.1421 1.44269
      vertex -14.3151 18.4165 0
      vertex -14.9914 17.1137 1.45
    endloop
  endfacet
  facet normal -0.205259 -0.677145 -0.706642
    outer loop
      vertex -15.1683 17.1673 1.45
      vertex -15.06 17.1421 1.44269
      vertex -15.1043 17.1479 1.45
    endloop
  endfacet
  facet normal -0.205468 -0.678413 -0.705365
    outer loop
      vertex -15.06 17.1421 1.44269
      vertex -15.1683 17.1673 1.45
      vertex -14.3151 18.4165 0
    endloop
  endfacet
  facet normal -0.54797 -0.449626 -0.705383
    outer loop
      vertex -13.259 17.7108 0
      vertex -12.8809 17.25 0
      vertex -14.0865 16.4445 1.45
    endloop
  endfacet
  facet normal -0.449225 0.548319 -0.705367
    outer loop
      vertex -13.2892 13.259 0
      vertex -14.2979 14.2979 1.45
      vertex -13.2726 13.2726 0
    endloop
  endfacet
  facet normal -0.449661 0.547931 -0.705392
    outer loop
      vertex -14.2979 14.2979 1.45
      vertex -13.2892 13.259 0
      vertex -14.5555 14.0865 1.45
    endloop
  endfacet
  facet normal -0.0692225 0.705411 -0.705411
    outer loop
      vertex -15.5 13.8 1.45
      vertex -15.4786 12.3521 0
      vertex -15.5 12.35 0
    endloop
  endfacet
  facet normal -0.0695398 0.705393 -0.705397
    outer loop
      vertex -15.4786 12.3521 0
      vertex -15.5 13.8 1.45
      vertex -15.1683 13.8327 1.45
    endloop
  endfacet
  facet normal 0.705388 0.0694565 -0.70541
    outer loop
      vertex -17.1673 15.1683 1.45
      vertex -18.5895 14.8855 0
      vertex -18.6479 15.4786 0
    endloop
  endfacet
  facet normal 0.0694565 -0.705388 -0.70541
    outer loop
      vertex -15.5214 18.6479 0
      vertex -15.8317 17.1673 1.45
      vertex -16.1145 18.5895 0
    endloop
  endfacet
  facet normal 0.627992 -0.335779 -0.702053
    outer loop
      vertex -16.9722 16.35 1.44269
      vertex -16.9135 16.4445 1.45
      vertex -16.9451 16.3854 1.45
    endloop
  endfacet
  facet normal 0.624891 -0.334422 -0.705459
    outer loop
      vertex -18.1293 17.2311 0
      vertex -17.0006 16.2814 1.45
      vertex -17.0706 16.1506 1.45
    endloop
  endfacet
  facet normal 0.625282 -0.333838 -0.70539
    outer loop
      vertex -18.1293 17.2311 0
      vertex -16.9135 16.4445 1.45
      vertex -16.9722 16.35 1.44269
    endloop
  endfacet
  facet normal 0.625184 -0.33399 -0.705404
    outer loop
      vertex -17.0006 16.2814 1.45
      vertex -18.1293 17.2311 0
      vertex -16.9722 16.35 1.44269
    endloop
  endfacet
  facet normal 0.623663 -0.33658 -0.70552
    outer loop
      vertex -16.9135 16.4445 1.45
      vertex -18.1293 17.2311 0
      vertex -18.1191 17.25 0
    endloop
  endfacet
  facet normal -0.33658 0.623663 -0.70552
    outer loop
      vertex -13.7689 12.8707 0
      vertex -14.5555 14.0865 1.45
      vertex -13.75 12.8809 0
    endloop
  endfacet
  facet normal -0.333838 0.625282 -0.70539
    outer loop
      vertex -14.65 14.0278 1.44269
      vertex -14.5555 14.0865 1.45
      vertex -13.7689 12.8707 0
    endloop
  endfacet
  facet normal -0.335779 0.627992 -0.702053
    outer loop
      vertex -14.5555 14.0865 1.45
      vertex -14.65 14.0278 1.44269
      vertex -14.6146 14.0549 1.45
    endloop
  endfacet
  facet normal -0.33399 0.625184 -0.705404
    outer loop
      vertex -13.7689 12.8707 0
      vertex -14.7186 13.9994 1.45
      vertex -14.65 14.0278 1.44269
    endloop
  endfacet
  facet normal -0.334422 0.624891 -0.705459
    outer loop
      vertex -14.7186 13.9994 1.45
      vertex -13.7689 12.8707 0
      vertex -14.8494 13.9294 1.45
    endloop
  endfacet
  facet normal -0.625137 -0.334096 -0.705396
    outer loop
      vertex -12.8707 17.2311 0
      vertex -12.5898 16.7055 0
      vertex -13.9294 16.1506 1.45
    endloop
  endfacet
  facet normal -0.205723 -0.67829 -0.705408
    outer loop
      vertex -14.8855 18.5895 0
      vertex -14.3151 18.4165 0
      vertex -15.1683 17.1673 1.45
    endloop
  endfacet
  facet normal 0.705411 0.0692225 -0.705411
    outer loop
      vertex -17.2 15.5 1.45
      vertex -18.6479 15.4786 0
      vertex -18.65 15.5 0
    endloop
  endfacet
  facet normal 0.705393 0.0695398 -0.705397
    outer loop
      vertex -18.6479 15.4786 0
      vertex -17.2 15.5 1.45
      vertex -17.1673 15.1683 1.45
    endloop
  endfacet
  facet normal -0.334096 0.625137 -0.705396
    outer loop
      vertex -13.7689 12.8707 0
      vertex -14.2945 12.5898 0
      vertex -14.8494 13.9294 1.45
    endloop
  endfacet
  facet normal 0.334422 0.624891 -0.705459
    outer loop
      vertex -17.2311 12.8707 0
      vertex -16.2814 13.9994 1.45
      vertex -16.1506 13.9294 1.45
    endloop
  endfacet
  facet normal 0.335779 0.627992 -0.702053
    outer loop
      vertex -16.35 14.0278 1.44269
      vertex -16.4445 14.0865 1.45
      vertex -16.3854 14.0549 1.45
    endloop
  endfacet
  facet normal 0.33399 0.625184 -0.705404
    outer loop
      vertex -16.2814 13.9994 1.45
      vertex -17.2311 12.8707 0
      vertex -16.35 14.0278 1.44269
    endloop
  endfacet
  facet normal 0.333838 0.625282 -0.70539
    outer loop
      vertex -17.2311 12.8707 0
      vertex -16.4445 14.0865 1.45
      vertex -16.35 14.0278 1.44269
    endloop
  endfacet
  facet normal 0.33658 0.623663 -0.70552
    outer loop
      vertex -16.4445 14.0865 1.45
      vertex -17.2311 12.8707 0
      vertex -17.25 12.8809 0
    endloop
  endfacet
  facet normal 0.0694565 0.705388 -0.70541
    outer loop
      vertex -15.8317 13.8327 1.45
      vertex -15.5214 12.3521 0
      vertex -16.1145 12.4105 0
    endloop
  endfacet
  facet normal -0.205723 0.67829 -0.705408
    outer loop
      vertex -14.3151 12.5835 0
      vertex -14.8855 12.4105 0
      vertex -15.1683 13.8327 1.45
    endloop
  endfacet
  facet normal 0.67829 0.205723 -0.705408
    outer loop
      vertex -17.1673 15.1683 1.45
      vertex -18.4165 14.3151 0
      vertex -18.5895 14.8855 0
    endloop
  endfacet
  facet normal -0.33658 -0.623663 -0.70552
    outer loop
      vertex -14.5555 16.9135 1.45
      vertex -13.7689 18.1293 0
      vertex -13.75 18.1191 0
    endloop
  endfacet
  facet normal -0.335779 -0.627992 -0.702053
    outer loop
      vertex -14.65 16.9722 1.44269
      vertex -14.5555 16.9135 1.45
      vertex -14.6146 16.9451 1.45
    endloop
  endfacet
  facet normal -0.333838 -0.625282 -0.70539
    outer loop
      vertex -14.5555 16.9135 1.45
      vertex -14.65 16.9722 1.44269
      vertex -13.7689 18.1293 0
    endloop
  endfacet
  facet normal -0.33399 -0.625184 -0.705404
    outer loop
      vertex -14.7186 17.0006 1.45
      vertex -13.7689 18.1293 0
      vertex -14.65 16.9722 1.44269
    endloop
  endfacet
  facet normal -0.334422 -0.624891 -0.705459
    outer loop
      vertex -13.7689 18.1293 0
      vertex -14.7186 17.0006 1.45
      vertex -14.8494 17.0706 1.45
    endloop
  endfacet
  facet normal -0.678413 -0.205468 -0.705365
    outer loop
      vertex -13.8579 15.94 1.44269
      vertex -12.5835 16.6849 0
      vertex -13.8327 15.8317 1.45
    endloop
  endfacet
  facet normal -0.677145 -0.205259 -0.706642
    outer loop
      vertex -13.8579 15.94 1.44269
      vertex -13.8327 15.8317 1.45
      vertex -13.8521 15.8957 1.45
    endloop
  endfacet
  facet normal -0.678329 -0.205658 -0.705389
    outer loop
      vertex -13.8863 16.0086 1.45
      vertex -12.5835 16.6849 0
      vertex -13.8579 15.94 1.44269
    endloop
  endfacet
  facet normal -0.678246 -0.205862 -0.70541
    outer loop
      vertex -13.9294 16.1506 1.45
      vertex -12.5835 16.6849 0
      vertex -13.8863 16.0086 1.45
    endloop
  endfacet
  facet normal -0.677752 -0.207274 -0.705471
    outer loop
      vertex -12.5835 16.6849 0
      vertex -13.9294 16.1506 1.45
      vertex -12.5898 16.7055 0
    endloop
  endfacet
  facet normal -0.624891 -0.334422 -0.705459
    outer loop
      vertex -13.9994 16.2814 1.45
      vertex -12.8707 17.2311 0
      vertex -13.9294 16.1506 1.45
    endloop
  endfacet
  facet normal -0.625184 -0.33399 -0.705404
    outer loop
      vertex -14.0278 16.35 1.44269
      vertex -12.8707 17.2311 0
      vertex -13.9994 16.2814 1.45
    endloop
  endfacet
  facet normal -0.625282 -0.333838 -0.70539
    outer loop
      vertex -14.0865 16.4445 1.45
      vertex -12.8707 17.2311 0
      vertex -14.0278 16.35 1.44269
    endloop
  endfacet
  facet normal -0.627992 -0.335779 -0.702053
    outer loop
      vertex -14.0865 16.4445 1.45
      vertex -14.0278 16.35 1.44269
      vertex -14.0549 16.3854 1.45
    endloop
  endfacet
  facet normal -0.623663 -0.33658 -0.70552
    outer loop
      vertex -12.8707 17.2311 0
      vertex -14.0865 16.4445 1.45
      vertex -12.8809 17.25 0
    endloop
  endfacet
  facet normal -0.625137 0.334096 -0.705396
    outer loop
      vertex -12.5898 14.2945 0
      vertex -12.8707 13.7689 0
      vertex -13.9294 14.8494 1.45
    endloop
  endfacet
  facet normal 0.205259 0.677145 -0.706642
    outer loop
      vertex -15.8317 13.8327 1.45
      vertex -15.94 13.8579 1.44269
      vertex -15.8957 13.8521 1.45
    endloop
  endfacet
  facet normal 0.205658 0.678329 -0.705389
    outer loop
      vertex -16.6849 12.5835 0
      vertex -16.0086 13.8863 1.45
      vertex -15.94 13.8579 1.44269
    endloop
  endfacet
  facet normal 0.205468 0.678413 -0.705365
    outer loop
      vertex -16.6849 12.5835 0
      vertex -15.94 13.8579 1.44269
      vertex -15.8317 13.8327 1.45
    endloop
  endfacet
  facet normal 0.205862 0.678246 -0.70541
    outer loop
      vertex -16.0086 13.8863 1.45
      vertex -16.6849 12.5835 0
      vertex -16.1506 13.9294 1.45
    endloop
  endfacet
  facet normal 0.207274 0.677752 -0.705471
    outer loop
      vertex -16.1506 13.9294 1.45
      vertex -16.6849 12.5835 0
      vertex -16.7055 12.5898 0
    endloop
  endfacet
  facet normal 0.334096 -0.625137 -0.705396
    outer loop
      vertex -16.7055 18.4102 0
      vertex -16.1506 17.0706 1.45
      vertex -17.2311 18.1293 0
    endloop
  endfacet
  facet normal -0.67829 -0.205723 -0.705408
    outer loop
      vertex -12.5835 16.6849 0
      vertex -12.4105 16.1145 0
      vertex -13.8327 15.8317 1.45
    endloop
  endfacet
  facet normal -0.0692225 -0.705411 -0.705411
    outer loop
      vertex -15.4786 18.6479 0
      vertex -15.5 17.2 1.45
      vertex -15.5 18.65 0
    endloop
  endfacet
  facet normal -0.0695398 -0.705393 -0.705397
    outer loop
      vertex -15.5 17.2 1.45
      vertex -15.4786 18.6479 0
      vertex -15.1683 17.1673 1.45
    endloop
  endfacet
  facet normal -0.67829 0.205723 -0.705408
    outer loop
      vertex -12.4105 14.8855 0
      vertex -12.5835 14.3151 0
      vertex -13.8327 15.1683 1.45
    endloop
  endfacet
  facet normal 0.205723 0.67829 -0.705408
    outer loop
      vertex -15.8317 13.8327 1.45
      vertex -16.1145 12.4105 0
      vertex -16.6849 12.5835 0
    endloop
  endfacet
  facet normal 0.205723 -0.67829 -0.705408
    outer loop
      vertex -16.1145 18.5895 0
      vertex -15.8317 17.1673 1.45
      vertex -16.6849 18.4165 0
    endloop
  endfacet
  facet normal 0.627992 0.335779 -0.702053
    outer loop
      vertex -16.9135 14.5555 1.45
      vertex -16.9722 14.65 1.44269
      vertex -16.9451 14.6146 1.45
    endloop
  endfacet
  facet normal 0.625184 0.33399 -0.705404
    outer loop
      vertex -18.1293 13.7689 0
      vertex -17.0006 14.7186 1.45
      vertex -16.9722 14.65 1.44269
    endloop
  endfacet
  facet normal 0.623663 0.33658 -0.70552
    outer loop
      vertex -18.1293 13.7689 0
      vertex -16.9135 14.5555 1.45
      vertex -18.1191 13.75 0
    endloop
  endfacet
  facet normal 0.625282 0.333838 -0.70539
    outer loop
      vertex -16.9135 14.5555 1.45
      vertex -18.1293 13.7689 0
      vertex -16.9722 14.65 1.44269
    endloop
  endfacet
  facet normal 0.624891 0.334422 -0.705459
    outer loop
      vertex -17.0006 14.7186 1.45
      vertex -18.1293 13.7689 0
      vertex -17.0706 14.8494 1.45
    endloop
  endfacet
  facet normal 0.449626 0.54797 -0.705383
    outer loop
      vertex -16.4445 14.0865 1.45
      vertex -17.25 12.8809 0
      vertex -17.7108 13.259 0
    endloop
  endfacet
  facet normal -0.449626 -0.54797 -0.705383
    outer loop
      vertex -13.75 18.1191 0
      vertex -13.2892 17.741 0
      vertex -14.5555 16.9135 1.45
    endloop
  endfacet
  facet normal 0.547931 -0.449661 -0.705392
    outer loop
      vertex -17.741 17.7108 0
      vertex -16.7021 16.7021 1.45
      vertex -16.9135 16.4445 1.45
    endloop
  endfacet
  facet normal 0.548319 -0.449225 -0.705367
    outer loop
      vertex -16.7021 16.7021 1.45
      vertex -17.741 17.7108 0
      vertex -17.7274 17.7274 0
    endloop
  endfacet
  facet normal -0.0694565 0.705388 -0.70541
    outer loop
      vertex -15.1683 13.8327 1.45
      vertex -14.8855 12.4105 0
      vertex -15.4786 12.3521 0
    endloop
  endfacet
  facet normal 0.449626 -0.54797 -0.705383
    outer loop
      vertex -17.25 18.1191 0
      vertex -16.4445 16.9135 1.45
      vertex -17.7108 17.741 0
    endloop
  endfacet
  facet normal 0.678246 0.205862 -0.70541
    outer loop
      vertex -18.4165 14.3151 0
      vertex -17.1137 14.9914 1.45
      vertex -17.0706 14.8494 1.45
    endloop
  endfacet
  facet normal 0.677145 0.205259 -0.706642
    outer loop
      vertex -17.1421 15.06 1.44269
      vertex -17.1673 15.1683 1.45
      vertex -17.1479 15.1043 1.45
    endloop
  endfacet
  facet normal 0.677752 0.207274 -0.705471
    outer loop
      vertex -18.4165 14.3151 0
      vertex -17.0706 14.8494 1.45
      vertex -18.4102 14.2945 0
    endloop
  endfacet
  facet normal 0.678329 0.205658 -0.705389
    outer loop
      vertex -17.1137 14.9914 1.45
      vertex -18.4165 14.3151 0
      vertex -17.1421 15.06 1.44269
    endloop
  endfacet
  facet normal 0.678413 0.205468 -0.705365
    outer loop
      vertex -17.1421 15.06 1.44269
      vertex -18.4165 14.3151 0
      vertex -17.1673 15.1683 1.45
    endloop
  endfacet
  facet normal -0.705388 0.0694565 -0.70541
    outer loop
      vertex -12.3521 15.4786 0
      vertex -12.4105 14.8855 0
      vertex -13.8327 15.1683 1.45
    endloop
  endfacet
  facet normal -0.705411 0.0692225 -0.705411
    outer loop
      vertex -12.3521 15.4786 0
      vertex -13.8 15.5 1.45
      vertex -12.35 15.5 0
    endloop
  endfacet
  facet normal -0.705393 0.0695398 -0.705397
    outer loop
      vertex -13.8 15.5 1.45
      vertex -12.3521 15.4786 0
      vertex -13.8327 15.1683 1.45
    endloop
  endfacet
  facet normal 0.705388 -0.0694565 -0.70541
    outer loop
      vertex -18.5895 16.1145 0
      vertex -17.1673 15.8317 1.45
      vertex -18.6479 15.5214 0
    endloop
  endfacet
  facet normal 0.54797 0.449626 -0.705383
    outer loop
      vertex -16.9135 14.5555 1.45
      vertex -17.741 13.2892 0
      vertex -18.1191 13.75 0
    endloop
  endfacet
  facet normal 0.625137 0.334096 -0.705396
    outer loop
      vertex -17.0706 14.8494 1.45
      vertex -18.1293 13.7689 0
      vertex -18.4102 14.2945 0
    endloop
  endfacet
  facet normal 0.0695398 -0.705393 -0.705397
    outer loop
      vertex -15.5214 18.6479 0
      vertex -15.5 17.2 1.45
      vertex -15.8317 17.1673 1.45
    endloop
  endfacet
  facet normal 0.0692225 -0.705411 -0.705411
    outer loop
      vertex -15.5 17.2 1.45
      vertex -15.5214 18.6479 0
      vertex -15.5 18.65 0
    endloop
  endfacet
  facet normal 0.449661 0.547931 -0.705392
    outer loop
      vertex -17.7108 13.259 0
      vertex -16.7021 14.2979 1.45
      vertex -16.4445 14.0865 1.45
    endloop
  endfacet
  facet normal 0.449225 0.548319 -0.705367
    outer loop
      vertex -16.7021 14.2979 1.45
      vertex -17.7108 13.259 0
      vertex -17.7274 13.2726 0
    endloop
  endfacet
  facet normal -0.449626 0.54797 -0.705383
    outer loop
      vertex -13.2892 13.259 0
      vertex -13.75 12.8809 0
      vertex -14.5555 14.0865 1.45
    endloop
  endfacet
  facet normal 0.334096 0.625137 -0.705396
    outer loop
      vertex -16.1506 13.9294 1.45
      vertex -16.7055 12.5898 0
      vertex -17.2311 12.8707 0
    endloop
  endfacet
  facet normal -0.207274 0.677752 -0.705471
    outer loop
      vertex -14.3151 12.5835 0
      vertex -14.8494 13.9294 1.45
      vertex -14.2945 12.5898 0
    endloop
  endfacet
  facet normal -0.205862 0.678246 -0.70541
    outer loop
      vertex -14.3151 12.5835 0
      vertex -14.9914 13.8863 1.45
      vertex -14.8494 13.9294 1.45
    endloop
  endfacet
  facet normal -0.205658 0.678329 -0.705389
    outer loop
      vertex -14.3151 12.5835 0
      vertex -15.06 13.8579 1.44269
      vertex -14.9914 13.8863 1.45
    endloop
  endfacet
  facet normal -0.205468 0.678413 -0.705365
    outer loop
      vertex -15.1683 13.8327 1.45
      vertex -15.06 13.8579 1.44269
      vertex -14.3151 12.5835 0
    endloop
  endfacet
  facet normal -0.205259 0.677145 -0.706642
    outer loop
      vertex -15.06 13.8579 1.44269
      vertex -15.1683 13.8327 1.45
      vertex -15.1043 13.8521 1.45
    endloop
  endfacet
  facet normal 0.449661 -0.547931 -0.705392
    outer loop
      vertex -16.7021 16.7021 1.45
      vertex -17.7108 17.741 0
      vertex -16.4445 16.9135 1.45
    endloop
  endfacet
  facet normal 0.449225 -0.548319 -0.705367
    outer loop
      vertex -17.7108 17.741 0
      vertex -16.7021 16.7021 1.45
      vertex -17.7274 17.7274 0
    endloop
  endfacet
  facet normal 0.33399 -0.625184 -0.705404
    outer loop
      vertex -17.2311 18.1293 0
      vertex -16.2814 17.0006 1.45
      vertex -16.35 16.9722 1.44269
    endloop
  endfacet
  facet normal 0.335779 -0.627992 -0.702053
    outer loop
      vertex -16.4445 16.9135 1.45
      vertex -16.35 16.9722 1.44269
      vertex -16.3854 16.9451 1.45
    endloop
  endfacet
  facet normal 0.334422 -0.624891 -0.705459
    outer loop
      vertex -16.2814 17.0006 1.45
      vertex -17.2311 18.1293 0
      vertex -16.1506 17.0706 1.45
    endloop
  endfacet
  facet normal 0.333838 -0.625282 -0.70539
    outer loop
      vertex -16.4445 16.9135 1.45
      vertex -17.2311 18.1293 0
      vertex -16.35 16.9722 1.44269
    endloop
  endfacet
  facet normal 0.33658 -0.623663 -0.70552
    outer loop
      vertex -17.2311 18.1293 0
      vertex -16.4445 16.9135 1.45
      vertex -17.25 18.1191 0
    endloop
  endfacet
  facet normal -0.0694565 -0.705388 -0.70541
    outer loop
      vertex -14.8855 18.5895 0
      vertex -15.1683 17.1673 1.45
      vertex -15.4786 18.6479 0
    endloop
  endfacet
  facet normal -0.547931 -0.449661 -0.705392
    outer loop
      vertex -14.2979 16.7021 1.45
      vertex -13.259 17.7108 0
      vertex -14.0865 16.4445 1.45
    endloop
  endfacet
  facet normal -0.548319 -0.449225 -0.705367
    outer loop
      vertex -13.259 17.7108 0
      vertex -14.2979 16.7021 1.45
      vertex -13.2726 17.7274 0
    endloop
  endfacet
  facet normal 0.625137 -0.334096 -0.705396
    outer loop
      vertex -18.1293 17.2311 0
      vertex -17.0706 16.1506 1.45
      vertex -18.4102 16.7055 0
    endloop
  endfacet
  facet normal 0.54797 -0.449626 -0.705383
    outer loop
      vertex -17.741 17.7108 0
      vertex -16.9135 16.4445 1.45
      vertex -18.1191 17.25 0
    endloop
  endfacet
  facet normal -0.677752 0.207274 -0.705471
    outer loop
      vertex -13.9294 14.8494 1.45
      vertex -12.5835 14.3151 0
      vertex -12.5898 14.2945 0
    endloop
  endfacet
  facet normal -0.678413 0.205468 -0.705365
    outer loop
      vertex -12.5835 14.3151 0
      vertex -13.8579 15.06 1.44269
      vertex -13.8327 15.1683 1.45
    endloop
  endfacet
  facet normal -0.677145 0.205259 -0.706642
    outer loop
      vertex -13.8327 15.1683 1.45
      vertex -13.8579 15.06 1.44269
      vertex -13.8521 15.1043 1.45
    endloop
  endfacet
  facet normal -0.678329 0.205658 -0.705389
    outer loop
      vertex -12.5835 14.3151 0
      vertex -13.8863 14.9914 1.45
      vertex -13.8579 15.06 1.44269
    endloop
  endfacet
  facet normal -0.678246 0.205862 -0.70541
    outer loop
      vertex -12.5835 14.3151 0
      vertex -13.9294 14.8494 1.45
      vertex -13.8863 14.9914 1.45
    endloop
  endfacet
  facet normal -0.334096 -0.625137 -0.705396
    outer loop
      vertex -14.2945 18.4102 0
      vertex -13.7689 18.1293 0
      vertex -14.8494 17.0706 1.45
    endloop
  endfacet
  facet normal 0.678329 -0.205658 -0.705389
    outer loop
      vertex -18.4165 16.6849 0
      vertex -17.1137 16.0086 1.45
      vertex -17.1421 15.94 1.44269
    endloop
  endfacet
  facet normal 0.677145 -0.205259 -0.706642
    outer loop
      vertex -17.1673 15.8317 1.45
      vertex -17.1421 15.94 1.44269
      vertex -17.1479 15.8957 1.45
    endloop
  endfacet
  facet normal 0.678246 -0.205862 -0.70541
    outer loop
      vertex -17.1137 16.0086 1.45
      vertex -18.4165 16.6849 0
      vertex -17.0706 16.1506 1.45
    endloop
  endfacet
  facet normal 0.678413 -0.205468 -0.705365
    outer loop
      vertex -18.4165 16.6849 0
      vertex -17.1421 15.94 1.44269
      vertex -17.1673 15.8317 1.45
    endloop
  endfacet
  facet normal 0.677752 -0.207274 -0.705471
    outer loop
      vertex -17.0706 16.1506 1.45
      vertex -18.4165 16.6849 0
      vertex -18.4102 16.7055 0
    endloop
  endfacet
  facet normal 0.205259 -0.677145 -0.706642
    outer loop
      vertex -15.94 17.1421 1.44269
      vertex -15.8317 17.1673 1.45
      vertex -15.8957 17.1479 1.45
    endloop
  endfacet
  facet normal 0.205862 -0.678246 -0.70541
    outer loop
      vertex -16.6849 18.4165 0
      vertex -16.0086 17.1137 1.45
      vertex -16.1506 17.0706 1.45
    endloop
  endfacet
  facet normal 0.205468 -0.678413 -0.705365
    outer loop
      vertex -15.94 17.1421 1.44269
      vertex -16.6849 18.4165 0
      vertex -15.8317 17.1673 1.45
    endloop
  endfacet
  facet normal 0.205658 -0.678329 -0.705389
    outer loop
      vertex -16.0086 17.1137 1.45
      vertex -16.6849 18.4165 0
      vertex -15.94 17.1421 1.44269
    endloop
  endfacet
  facet normal 0.207274 -0.677752 -0.705471
    outer loop
      vertex -16.6849 18.4165 0
      vertex -16.1506 17.0706 1.45
      vertex -16.7055 18.4102 0
    endloop
  endfacet
  facet normal 0.0692225 0.705411 -0.705411
    outer loop
      vertex -15.5214 12.3521 0
      vertex -15.5 13.8 1.45
      vertex -15.5 12.35 0
    endloop
  endfacet
  facet normal 0.0695398 0.705393 -0.705397
    outer loop
      vertex -15.5 13.8 1.45
      vertex -15.5214 12.3521 0
      vertex -15.8317 13.8327 1.45
    endloop
  endfacet
  facet normal -0.623663 0.33658 -0.70552
    outer loop
      vertex -14.0865 14.5555 1.45
      vertex -12.8707 13.7689 0
      vertex -12.8809 13.75 0
    endloop
  endfacet
  facet normal -0.624891 0.334422 -0.705459
    outer loop
      vertex -12.8707 13.7689 0
      vertex -13.9994 14.7186 1.45
      vertex -13.9294 14.8494 1.45
    endloop
  endfacet
  facet normal -0.625184 0.33399 -0.705404
    outer loop
      vertex -12.8707 13.7689 0
      vertex -14.0278 14.65 1.44269
      vertex -13.9994 14.7186 1.45
    endloop
  endfacet
  facet normal -0.625282 0.333838 -0.70539
    outer loop
      vertex -12.8707 13.7689 0
      vertex -14.0865 14.5555 1.45
      vertex -14.0278 14.65 1.44269
    endloop
  endfacet
  facet normal -0.627992 0.335779 -0.702053
    outer loop
      vertex -14.0278 14.65 1.44269
      vertex -14.0865 14.5555 1.45
      vertex -14.0549 14.6146 1.45
    endloop
  endfacet
  facet normal -0.548319 0.449225 -0.705367
    outer loop
      vertex -14.2979 14.2979 1.45
      vertex -13.259 13.2892 0
      vertex -13.2726 13.2726 0
    endloop
  endfacet
  facet normal -0.547931 0.449661 -0.705392
    outer loop
      vertex -13.259 13.2892 0
      vertex -14.2979 14.2979 1.45
      vertex -14.0865 14.5555 1.45
    endloop
  endfacet
  facet normal 0 -0 -1
    outer loop
      vertex -16.9135 16.4445 1.45
      vertex -16.7021 16.7021 1.45
      vertex -16.9451 16.3854 1.45
    endloop
  endfacet
  facet normal 0 0 -1
    outer loop
      vertex -15.5 13.8 1.45
      vertex -15.8317 13.8327 1.45
      vertex -15.8957 13.8521 1.45
    endloop
  endfacet
  facet normal 0 0 -1
    outer loop
      vertex -15.1043 13.8521 1.45
      vertex -15.1683 13.8327 1.45
      vertex -15.5 13.8 1.45
    endloop
  endfacet
  facet normal -0 -0 -1
    outer loop
      vertex -14.5555 16.9135 1.45
      vertex -14.2979 16.7021 1.45
      vertex -14.6146 16.9451 1.45
    endloop
  endfacet
  facet normal -0 -0 -1
    outer loop
      vertex -13.9294 16.1506 1.45
      vertex -13.8863 16.0086 1.45
      vertex -13.9994 16.2814 1.45
    endloop
  endfacet
  facet normal 0 -0 -1
    outer loop
      vertex -17.1673 15.8317 1.45
      vertex -17.1479 15.8957 1.45
      vertex -17.2 15.5 1.45
    endloop
  endfacet
  facet normal -0 -0 -1
    outer loop
      vertex -13.8327 15.8317 1.45
      vertex -13.8 15.5 1.45
      vertex -13.8521 15.8957 1.45
    endloop
  endfacet
  facet normal 0 -0 -1
    outer loop
      vertex -16.4445 16.9135 1.45
      vertex -16.3854 16.9451 1.45
      vertex -16.7021 16.7021 1.45
    endloop
  endfacet
  facet normal 0 -0 -1
    outer loop
      vertex -15.8317 17.1673 1.45
      vertex -15.5 17.2 1.45
      vertex -15.8957 17.1479 1.45
    endloop
  endfacet
  facet normal -0 -0 -1
    outer loop
      vertex -15.1683 17.1673 1.45
      vertex -15.1043 17.1479 1.45
      vertex -15.5 17.2 1.45
    endloop
  endfacet
  facet normal 0 -0 -1
    outer loop
      vertex -16.1506 17.0706 1.45
      vertex -16.0086 17.1137 1.45
      vertex -16.2814 17.0006 1.45
    endloop
  endfacet
  facet normal 0 0 -1
    outer loop
      vertex -13.8 15.5 1.45
      vertex -13.8327 15.1683 1.45
      vertex -13.8521 15.1043 1.45
    endloop
  endfacet
  facet normal 0 0 -1
    outer loop
      vertex -14.7186 13.9994 1.45
      vertex -14.8494 13.9294 1.45
      vertex -14.9914 13.8863 1.45
    endloop
  endfacet
  facet normal 0 0 -1
    outer loop
      vertex -16.7021 14.2979 1.45
      vertex -16.9135 14.5555 1.45
      vertex -16.9451 14.6146 1.45
    endloop
  endfacet
  facet normal -0 -0 -1
    outer loop
      vertex -14.0865 16.4445 1.45
      vertex -14.0549 16.3854 1.45
      vertex -14.2979 16.7021 1.45
    endloop
  endfacet
  facet normal -0 -0 -1
    outer loop
      vertex -14.8494 17.0706 1.45
      vertex -14.7186 17.0006 1.45
      vertex -14.9914 17.1137 1.45
    endloop
  endfacet
  facet normal 0 -0 -1
    outer loop
      vertex -17.0706 16.1506 1.45
      vertex -17.0006 16.2814 1.45
      vertex -17.1137 16.0086 1.45
    endloop
  endfacet
  facet normal 0 0 -1
    outer loop
      vertex -13.8863 14.9914 1.45
      vertex -13.9294 14.8494 1.45
      vertex -13.9994 14.7186 1.45
    endloop
  endfacet
  facet normal 0 0 -1
    outer loop
      vertex -14.2979 14.2979 1.45
      vertex -14.5555 14.0865 1.45
      vertex -14.6146 14.0549 1.45
    endloop
  endfacet
  facet normal 0 0 -1
    outer loop
      vertex -16.3854 14.0549 1.45
      vertex -16.4445 14.0865 1.45
      vertex -16.7021 14.2979 1.45
    endloop
  endfacet
  facet normal 0 0 -1
    outer loop
      vertex -14.0549 14.6146 1.45
      vertex -14.0865 14.5555 1.45
      vertex -14.2979 14.2979 1.45
    endloop
  endfacet
  facet normal 0 0 -1
    outer loop
      vertex -17.1479 15.1043 1.45
      vertex -17.1673 15.1683 1.45
      vertex -17.2 15.5 1.45
    endloop
  endfacet
  facet normal 0 0 -1
    outer loop
      vertex -16.0086 13.8863 1.45
      vertex -16.1506 13.9294 1.45
      vertex -16.2814 13.9994 1.45
    endloop
  endfacet
  facet normal 0 0 -1
    outer loop
      vertex -17.0006 14.7186 1.45
      vertex -17.0706 14.8494 1.45
      vertex -17.1137 14.9914 1.45
    endloop
  endfacet
  facet normal -0.54797 0.449626 -0.705383
    outer loop
      vertex -12.8809 13.75 0
      vertex -13.259 13.2892 0
      vertex -14.0865 14.5555 1.45
    endloop
  endfacet
  facet normal 0.705393 -0.0695398 -0.705397
    outer loop
      vertex -17.2 15.5 1.45
      vertex -18.6479 15.5214 0
      vertex -17.1673 15.8317 1.45
    endloop
  endfacet
  facet normal 0.705411 -0.0692225 -0.705411
    outer loop
      vertex -18.6479 15.5214 0
      vertex -17.2 15.5 1.45
      vertex -18.65 15.5 0
    endloop
  endfacet
  facet normal 0.67829 -0.205723 -0.705408
    outer loop
      vertex -18.4165 16.6849 0
      vertex -17.1673 15.8317 1.45
      vertex -18.5895 16.1145 0
    endloop
  endfacet
  facet normal 0.923951 0.38251 0
    outer loop
      vertex 13.8579 -15.94 6
      vertex 13.8863 -16.0086 1.45
      vertex 13.8579 -15.94 1.44269
    endloop
  endfacet
  facet normal 0.923757 0.38298 -8.29062e-06
    outer loop
      vertex 13.8579 -15.94 6
      vertex 13.9994 -16.2814 1.45
      vertex 13.8863 -16.0086 1.45
    endloop
  endfacet
  facet normal 0.923822 0.382823 5.51668e-06
    outer loop
      vertex 14.0278 -16.35 6
      vertex 13.9994 -16.2814 1.45
      vertex 13.8579 -15.94 6
    endloop
  endfacet
  facet normal 0.923951 0.38251 0
    outer loop
      vertex 13.9994 -16.2814 1.45
      vertex 14.0278 -16.35 6
      vertex 14.0278 -16.35 1.44269
    endloop
  endfacet
  facet normal -0.923951 -0.38251 0
    outer loop
      vertex 17.0006 -14.7186 1.45
      vertex 16.9722 -14.65 6
      vertex 16.9722 -14.65 1.44269
    endloop
  endfacet
  facet normal -0.923757 -0.38298 8.29062e-06
    outer loop
      vertex 17.1137 -14.9914 1.45
      vertex 16.9722 -14.65 6
      vertex 17.0006 -14.7186 1.45
    endloop
  endfacet
  facet normal -0.923951 -0.38251 -0
    outer loop
      vertex 17.1421 -15.06 6
      vertex 17.1137 -14.9914 1.45
      vertex 17.1421 -15.06 1.44269
    endloop
  endfacet
  facet normal -0.923822 -0.382823 -5.51668e-06
    outer loop
      vertex 17.1137 -14.9914 1.45
      vertex 17.1421 -15.06 6
      vertex 16.9722 -14.65 6
    endloop
  endfacet
  facet normal -0.991538 -0.129818 0
    outer loop
      vertex 17.1479 -15.1043 1.45
      vertex 17.1421 -15.06 6
      vertex 17.1421 -15.06 1.44269
    endloop
  endfacet
  facet normal -0.991443 -0.130539 7.14217e-06
    outer loop
      vertex 17.2 -15.5 1.45
      vertex 17.1421 -15.06 6
      vertex 17.1479 -15.1043 1.45
    endloop
  endfacet
  facet normal -0.991453 -0.130466 0
    outer loop
      vertex 17.1421 -15.06 6
      vertex 17.2 -15.5 1.45
      vertex 17.2 -15.5 6
    endloop
  endfacet
  facet normal -0.793368 -0.608742 0
    outer loop
      vertex 16.9451 -14.6146 1.45
      vertex 16.7021 -14.2979 6
      vertex 16.7021 -14.2979 1.45
    endloop
  endfacet
  facet normal -0.794039 -0.607866 -0
    outer loop
      vertex 16.9722 -14.65 6
      vertex 16.9451 -14.6146 1.45
      vertex 16.9722 -14.65 1.44269
    endloop
  endfacet
  facet normal -0.793436 -0.608654 -9.72198e-06
    outer loop
      vertex 16.9451 -14.6146 1.45
      vertex 16.9722 -14.65 6
      vertex 16.7021 -14.2979 6
    endloop
  endfacet
  facet normal -0.608654 -0.793436 -9.72198e-06
    outer loop
      vertex 16.35 -14.0278 6
      vertex 16.3854 -14.0549 1.45
      vertex 16.7021 -14.2979 6
    endloop
  endfacet
  facet normal -0.607866 -0.794039 0
    outer loop
      vertex 16.3854 -14.0549 1.45
      vertex 16.35 -14.0278 6
      vertex 16.35 -14.0278 1.44269
    endloop
  endfacet
  facet normal -0.608742 -0.793368 -0
    outer loop
      vertex 16.7021 -14.2979 6
      vertex 16.3854 -14.0549 1.45
      vertex 16.7021 -14.2979 1.45
    endloop
  endfacet
  facet normal -0.130466 -0.991453 0
    outer loop
      vertex 15.5 -13.8 1.45
      vertex 15.94 -13.8579 6
      vertex 15.5 -13.8 6
    endloop
  endfacet
  facet normal -0.130539 -0.991443 7.14217e-06
    outer loop
      vertex 15.8957 -13.8521 1.45
      vertex 15.94 -13.8579 6
      vertex 15.5 -13.8 1.45
    endloop
  endfacet
  facet normal -0.129818 -0.991538 -0
    outer loop
      vertex 15.94 -13.8579 6
      vertex 15.8957 -13.8521 1.45
      vertex 15.94 -13.8579 1.44269
    endloop
  endfacet
  facet normal 0.991538 -0.129818 0
    outer loop
      vertex 13.8579 -15.06 6
      vertex 13.8521 -15.1043 1.45
      vertex 13.8579 -15.06 1.44269
    endloop
  endfacet
  facet normal 0.991453 -0.130466 6.42315e-06
    outer loop
      vertex 13.8 -15.5 6
      vertex 13.8521 -15.1043 1.45
      vertex 13.8579 -15.06 6
    endloop
  endfacet
  facet normal 0.991443 -0.130539 0
    outer loop
      vertex 13.8521 -15.1043 1.45
      vertex 13.8 -15.5 6
      vertex 13.8 -15.5 1.45
    endloop
  endfacet
  facet normal 0.382823 0.923822 -5.51668e-06
    outer loop
      vertex 15.06 -17.1421 6
      vertex 14.9914 -17.1137 1.45
      vertex 14.65 -16.9722 6
    endloop
  endfacet
  facet normal 0.38251 0.923951 0
    outer loop
      vertex 14.9914 -17.1137 1.45
      vertex 15.06 -17.1421 6
      vertex 15.06 -17.1421 1.44269
    endloop
  endfacet
  facet normal 0.38298 0.923757 8.29062e-06
    outer loop
      vertex 14.7186 -17.0006 1.45
      vertex 14.65 -16.9722 6
      vertex 14.9914 -17.1137 1.45
    endloop
  endfacet
  facet normal 0.38251 0.923951 0
    outer loop
      vertex 14.65 -16.9722 6
      vertex 14.7186 -17.0006 1.45
      vertex 14.65 -16.9722 1.44269
    endloop
  endfacet
  facet normal -0.382823 0.923822 5.51668e-06
    outer loop
      vertex 16.35 -16.9722 6
      vertex 16.2814 -17.0006 1.45
      vertex 15.94 -17.1421 6
    endloop
  endfacet
  facet normal -0.38251 0.923951 0
    outer loop
      vertex 16.2814 -17.0006 1.45
      vertex 16.35 -16.9722 6
      vertex 16.35 -16.9722 1.44269
    endloop
  endfacet
  facet normal -0.38298 0.923757 -8.29062e-06
    outer loop
      vertex 16.0086 -17.1137 1.45
      vertex 15.94 -17.1421 6
      vertex 16.2814 -17.0006 1.45
    endloop
  endfacet
  facet normal -0.38251 0.923951 0
    outer loop
      vertex 15.94 -17.1421 6
      vertex 16.0086 -17.1137 1.45
      vertex 15.94 -17.1421 1.44269
    endloop
  endfacet
  facet normal 0.793368 -0.608742 0
    outer loop
      vertex 14.2979 -14.2979 6
      vertex 14.0549 -14.6146 1.45
      vertex 14.2979 -14.2979 1.45
    endloop
  endfacet
  facet normal 0.793436 -0.608654 -9.72198e-06
    outer loop
      vertex 14.0278 -14.65 6
      vertex 14.0549 -14.6146 1.45
      vertex 14.2979 -14.2979 6
    endloop
  endfacet
  facet normal 0.794039 -0.607866 0
    outer loop
      vertex 14.0549 -14.6146 1.45
      vertex 14.0278 -14.65 6
      vertex 14.0278 -14.65 1.44269
    endloop
  endfacet
  facet normal 0.608654 -0.793436 0
    outer loop
      vertex 14.2979 -14.2979 1.45
      vertex 14.65 -14.0278 6
      vertex 14.2979 -14.2979 6
    endloop
  endfacet
  facet normal 0.608742 -0.793368 -1.08078e-05
    outer loop
      vertex 14.6146 -14.0549 1.45
      vertex 14.65 -14.0278 6
      vertex 14.2979 -14.2979 1.45
    endloop
  endfacet
  facet normal 0.607866 -0.794039 0
    outer loop
      vertex 14.65 -14.0278 6
      vertex 14.6146 -14.0549 1.45
      vertex 14.65 -14.0278 1.44269
    endloop
  endfacet
  facet normal -0.382823 -0.923822 -5.51668e-06
    outer loop
      vertex 15.94 -13.8579 6
      vertex 16.0086 -13.8863 1.45
      vertex 16.35 -14.0278 6
    endloop
  endfacet
  facet normal -0.38251 -0.923951 0
    outer loop
      vertex 16.0086 -13.8863 1.45
      vertex 15.94 -13.8579 6
      vertex 15.94 -13.8579 1.44269
    endloop
  endfacet
  facet normal -0.38298 -0.923757 8.29062e-06
    outer loop
      vertex 16.2814 -13.9994 1.45
      vertex 16.35 -14.0278 6
      vertex 16.0086 -13.8863 1.45
    endloop
  endfacet
  facet normal -0.38251 -0.923951 -0
    outer loop
      vertex 16.35 -14.0278 6
      vertex 16.2814 -13.9994 1.45
      vertex 16.35 -14.0278 1.44269
    endloop
  endfacet
  facet normal -0.991443 0.130539 0
    outer loop
      vertex 17.1479 -15.8957 1.45
      vertex 17.2 -15.5 6
      vertex 17.2 -15.5 1.45
    endloop
  endfacet
  facet normal -0.991538 0.129818 0
    outer loop
      vertex 17.1421 -15.94 6
      vertex 17.1479 -15.8957 1.45
      vertex 17.1421 -15.94 1.44269
    endloop
  endfacet
  facet normal -0.991453 0.130466 6.42315e-06
    outer loop
      vertex 17.1479 -15.8957 1.45
      vertex 17.1421 -15.94 6
      vertex 17.2 -15.5 6
    endloop
  endfacet
  facet normal 0.130466 -0.991453 6.42315e-06
    outer loop
      vertex 15.06 -13.8579 6
      vertex 15.1043 -13.8521 1.45
      vertex 15.5 -13.8 6
    endloop
  endfacet
  facet normal 0.129818 -0.991538 0
    outer loop
      vertex 15.1043 -13.8521 1.45
      vertex 15.06 -13.8579 6
      vertex 15.06 -13.8579 1.44269
    endloop
  endfacet
  facet normal 0.130539 -0.991443 0
    outer loop
      vertex 15.5 -13.8 6
      vertex 15.1043 -13.8521 1.45
      vertex 15.5 -13.8 1.45
    endloop
  endfacet
  facet normal 0.382823 -0.923822 5.51668e-06
    outer loop
      vertex 14.65 -14.0278 6
      vertex 14.7186 -13.9994 1.45
      vertex 15.06 -13.8579 6
    endloop
  endfacet
  facet normal 0.38251 -0.923951 0
    outer loop
      vertex 14.7186 -13.9994 1.45
      vertex 14.65 -14.0278 6
      vertex 14.65 -14.0278 1.44269
    endloop
  endfacet
  facet normal 0.38298 -0.923757 -8.29062e-06
    outer loop
      vertex 14.9914 -13.8863 1.45
      vertex 15.06 -13.8579 6
      vertex 14.7186 -13.9994 1.45
    endloop
  endfacet
  facet normal 0.38251 -0.923951 0
    outer loop
      vertex 15.06 -13.8579 6
      vertex 14.9914 -13.8863 1.45
      vertex 15.06 -13.8579 1.44269
    endloop
  endfacet
  facet normal -0.794039 0.607866 0
    outer loop
      vertex 16.9451 -16.3854 1.45
      vertex 16.9722 -16.35 6
      vertex 16.9722 -16.35 1.44269
    endloop
  endfacet
  facet normal -0.793368 0.608742 -1.08078e-05
    outer loop
      vertex 16.7021 -16.7021 1.45
      vertex 16.9722 -16.35 6
      vertex 16.9451 -16.3854 1.45
    endloop
  endfacet
  facet normal -0.793436 0.608654 0
    outer loop
      vertex 16.9722 -16.35 6
      vertex 16.7021 -16.7021 1.45
      vertex 16.7021 -16.7021 6
    endloop
  endfacet
  facet normal 0.923951 -0.38251 0
    outer loop
      vertex 14.0278 -14.65 6
      vertex 13.9994 -14.7186 1.45
      vertex 14.0278 -14.65 1.44269
    endloop
  endfacet
  facet normal 0.923757 -0.38298 8.29062e-06
    outer loop
      vertex 14.0278 -14.65 6
      vertex 13.8863 -14.9914 1.45
      vertex 13.9994 -14.7186 1.45
    endloop
  endfacet
  facet normal 0.923822 -0.382823 -5.51668e-06
    outer loop
      vertex 13.8579 -15.06 6
      vertex 13.8863 -14.9914 1.45
      vertex 14.0278 -14.65 6
    endloop
  endfacet
  facet normal 0.923951 -0.38251 0
    outer loop
      vertex 13.8863 -14.9914 1.45
      vertex 13.8579 -15.06 6
      vertex 13.8579 -15.06 1.44269
    endloop
  endfacet
  facet normal -0.130466 0.991453 6.42315e-06
    outer loop
      vertex 15.94 -17.1421 6
      vertex 15.8957 -17.1479 1.45
      vertex 15.5 -17.2 6
    endloop
  endfacet
  facet normal -0.129818 0.991538 0
    outer loop
      vertex 15.8957 -17.1479 1.45
      vertex 15.94 -17.1421 6
      vertex 15.94 -17.1421 1.44269
    endloop
  endfacet
  facet normal -0.130539 0.991443 0
    outer loop
      vertex 15.5 -17.2 6
      vertex 15.8957 -17.1479 1.45
      vertex 15.5 -17.2 1.45
    endloop
  endfacet
  facet normal 0.608654 0.793436 -9.72198e-06
    outer loop
      vertex 14.65 -16.9722 6
      vertex 14.6146 -16.9451 1.45
      vertex 14.2979 -16.7021 6
    endloop
  endfacet
  facet normal 0.607866 0.794039 0
    outer loop
      vertex 14.6146 -16.9451 1.45
      vertex 14.65 -16.9722 6
      vertex 14.65 -16.9722 1.44269
    endloop
  endfacet
  facet normal 0.608742 0.793368 0
    outer loop
      vertex 14.2979 -16.7021 6
      vertex 14.6146 -16.9451 1.45
      vertex 14.2979 -16.7021 1.45
    endloop
  endfacet
  facet normal 0.991443 0.130539 0
    outer loop
      vertex 13.8 -15.5 6
      vertex 13.8521 -15.8957 1.45
      vertex 13.8 -15.5 1.45
    endloop
  endfacet
  facet normal 0.991453 0.130466 6.42315e-06
    outer loop
      vertex 13.8579 -15.94 6
      vertex 13.8521 -15.8957 1.45
      vertex 13.8 -15.5 6
    endloop
  endfacet
  facet normal 0.991538 0.129818 0
    outer loop
      vertex 13.8521 -15.8957 1.45
      vertex 13.8579 -15.94 6
      vertex 13.8579 -15.94 1.44269
    endloop
  endfacet
  facet normal -0.608654 0.793436 0
    outer loop
      vertex 16.7021 -16.7021 1.45
      vertex 16.35 -16.9722 6
      vertex 16.7021 -16.7021 6
    endloop
  endfacet
  facet normal -0.608742 0.793368 -1.08078e-05
    outer loop
      vertex 16.3854 -16.9451 1.45
      vertex 16.35 -16.9722 6
      vertex 16.7021 -16.7021 1.45
    endloop
  endfacet
  facet normal -0.607866 0.794039 0
    outer loop
      vertex 16.35 -16.9722 6
      vertex 16.3854 -16.9451 1.45
      vertex 16.35 -16.9722 1.44269
    endloop
  endfacet
  facet normal 0.794039 0.607866 0
    outer loop
      vertex 14.0278 -16.35 6
      vertex 14.0549 -16.3854 1.45
      vertex 14.0278 -16.35 1.44269
    endloop
  endfacet
  facet normal 0.793436 0.608654 -9.72198e-06
    outer loop
      vertex 14.2979 -16.7021 6
      vertex 14.0549 -16.3854 1.45
      vertex 14.0278 -16.35 6
    endloop
  endfacet
  facet normal 0.793368 0.608742 0
    outer loop
      vertex 14.0549 -16.3854 1.45
      vertex 14.2979 -16.7021 6
      vertex 14.2979 -16.7021 1.45
    endloop
  endfacet
  facet normal -0.923951 0.38251 0
    outer loop
      vertex 17.1137 -16.0086 1.45
      vertex 17.1421 -15.94 6
      vertex 17.1421 -15.94 1.44269
    endloop
  endfacet
  facet normal -0.923757 0.38298 -8.29062e-06
    outer loop
      vertex 17.0006 -16.2814 1.45
      vertex 17.1421 -15.94 6
      vertex 17.1137 -16.0086 1.45
    endloop
  endfacet
  facet normal -0.923951 0.38251 0
    outer loop
      vertex 16.9722 -16.35 6
      vertex 17.0006 -16.2814 1.45
      vertex 16.9722 -16.35 1.44269
    endloop
  endfacet
  facet normal -0.923822 0.382823 5.51668e-06
    outer loop
      vertex 17.0006 -16.2814 1.45
      vertex 16.9722 -16.35 6
      vertex 17.1421 -15.94 6
    endloop
  endfacet
  facet normal 0.130466 0.991453 -0
    outer loop
      vertex 15.5 -17.2 1.45
      vertex 15.06 -17.1421 6
      vertex 15.5 -17.2 6
    endloop
  endfacet
  facet normal 0.130539 0.991443 7.14217e-06
    outer loop
      vertex 15.1043 -17.1479 1.45
      vertex 15.06 -17.1421 6
      vertex 15.5 -17.2 1.45
    endloop
  endfacet
  facet normal 0.129818 0.991538 0
    outer loop
      vertex 15.06 -17.1421 6
      vertex 15.1043 -17.1479 1.45
      vertex 15.06 -17.1421 1.44269
    endloop
  endfacet
  facet normal -0.449225 -0.548319 -0.705367
    outer loop
      vertex 16.7021 -14.2979 1.45
      vertex 17.7108 -13.259 0
      vertex 17.7274 -13.2726 0
    endloop
  endfacet
  facet normal -0.449661 -0.547931 -0.705392
    outer loop
      vertex 17.7108 -13.259 0
      vertex 16.7021 -14.2979 1.45
      vertex 16.4445 -14.0865 1.45
    endloop
  endfacet
  facet normal 0.548319 0.449225 -0.705367
    outer loop
      vertex 13.259 -17.7108 0
      vertex 14.2979 -16.7021 1.45
      vertex 13.2726 -17.7274 0
    endloop
  endfacet
  facet normal 0.547931 0.449661 -0.705392
    outer loop
      vertex 14.2979 -16.7021 1.45
      vertex 13.259 -17.7108 0
      vertex 14.0865 -16.4445 1.45
    endloop
  endfacet
  facet normal -0.705411 -0.0692225 -0.705411
    outer loop
      vertex 17.2 -15.5 1.45
      vertex 18.6479 -15.4786 0
      vertex 18.65 -15.5 0
    endloop
  endfacet
  facet normal -0.705393 -0.0695398 -0.705397
    outer loop
      vertex 18.6479 -15.4786 0
      vertex 17.2 -15.5 1.45
      vertex 17.1673 -15.1683 1.45
    endloop
  endfacet
  facet normal -0.705388 -0.0694565 -0.70541
    outer loop
      vertex 18.5895 -14.8855 0
      vertex 18.6479 -15.4786 0
      vertex 17.1673 -15.1683 1.45
    endloop
  endfacet
  facet normal -0.207274 -0.677752 -0.705471
    outer loop
      vertex 16.1506 -13.9294 1.45
      vertex 16.6849 -12.5835 0
      vertex 16.7055 -12.5898 0
    endloop
  endfacet
  facet normal -0.205862 -0.678246 -0.70541
    outer loop
      vertex 16.0086 -13.8863 1.45
      vertex 16.6849 -12.5835 0
      vertex 16.1506 -13.9294 1.45
    endloop
  endfacet
  facet normal -0.205658 -0.678329 -0.705389
    outer loop
      vertex 15.94 -13.8579 1.44269
      vertex 16.6849 -12.5835 0
      vertex 16.0086 -13.8863 1.45
    endloop
  endfacet
  facet normal -0.205259 -0.677145 -0.706642
    outer loop
      vertex 15.8317 -13.8327 1.45
      vertex 15.94 -13.8579 1.44269
      vertex 15.8957 -13.8521 1.45
    endloop
  endfacet
  facet normal -0.205468 -0.678413 -0.705365
    outer loop
      vertex 15.94 -13.8579 1.44269
      vertex 15.8317 -13.8327 1.45
      vertex 16.6849 -12.5835 0
    endloop
  endfacet
  facet normal -0.54797 -0.449626 -0.705383
    outer loop
      vertex 17.741 -13.2892 0
      vertex 18.1191 -13.75 0
      vertex 16.9135 -14.5555 1.45
    endloop
  endfacet
  facet normal -0.449225 0.548319 -0.705367
    outer loop
      vertex 17.7108 -17.741 0
      vertex 16.7021 -16.7021 1.45
      vertex 17.7274 -17.7274 0
    endloop
  endfacet
  facet normal -0.449661 0.547931 -0.705392
    outer loop
      vertex 16.7021 -16.7021 1.45
      vertex 17.7108 -17.741 0
      vertex 16.4445 -16.9135 1.45
    endloop
  endfacet
  facet normal -0.0695398 0.705393 -0.705397
    outer loop
      vertex 15.5214 -18.6479 0
      vertex 15.5 -17.2 1.45
      vertex 15.8317 -17.1673 1.45
    endloop
  endfacet
  facet normal -0.0692225 0.705411 -0.705411
    outer loop
      vertex 15.5 -17.2 1.45
      vertex 15.5214 -18.6479 0
      vertex 15.5 -18.65 0
    endloop
  endfacet
  facet normal 0.705388 0.0694565 -0.70541
    outer loop
      vertex 13.8327 -15.8317 1.45
      vertex 12.4105 -16.1145 0
      vertex 12.3521 -15.5214 0
    endloop
  endfacet
  facet normal 0.0694565 -0.705388 -0.70541
    outer loop
      vertex 15.4786 -12.3521 0
      vertex 15.1683 -13.8327 1.45
      vertex 14.8855 -12.4105 0
    endloop
  endfacet
  facet normal 0.627992 -0.335779 -0.702053
    outer loop
      vertex 14.0278 -14.65 1.44269
      vertex 14.0865 -14.5555 1.45
      vertex 14.0549 -14.6146 1.45
    endloop
  endfacet
  facet normal 0.624891 -0.334422 -0.705459
    outer loop
      vertex 12.8707 -13.7689 0
      vertex 13.9994 -14.7186 1.45
      vertex 13.9294 -14.8494 1.45
    endloop
  endfacet
  facet normal 0.625282 -0.333838 -0.70539
    outer loop
      vertex 12.8707 -13.7689 0
      vertex 14.0865 -14.5555 1.45
      vertex 14.0278 -14.65 1.44269
    endloop
  endfacet
  facet normal 0.625184 -0.33399 -0.705404
    outer loop
      vertex 13.9994 -14.7186 1.45
      vertex 12.8707 -13.7689 0
      vertex 14.0278 -14.65 1.44269
    endloop
  endfacet
  facet normal 0.623663 -0.33658 -0.70552
    outer loop
      vertex 14.0865 -14.5555 1.45
      vertex 12.8707 -13.7689 0
      vertex 12.8809 -13.75 0
    endloop
  endfacet
  facet normal -0.33658 0.623663 -0.70552
    outer loop
      vertex 17.2311 -18.1293 0
      vertex 16.4445 -16.9135 1.45
      vertex 17.25 -18.1191 0
    endloop
  endfacet
  facet normal -0.333838 0.625282 -0.70539
    outer loop
      vertex 16.35 -16.9722 1.44269
      vertex 16.4445 -16.9135 1.45
      vertex 17.2311 -18.1293 0
    endloop
  endfacet
  facet normal -0.335779 0.627992 -0.702053
    outer loop
      vertex 16.4445 -16.9135 1.45
      vertex 16.35 -16.9722 1.44269
      vertex 16.3854 -16.9451 1.45
    endloop
  endfacet
  facet normal -0.33399 0.625184 -0.705404
    outer loop
      vertex 17.2311 -18.1293 0
      vertex 16.2814 -17.0006 1.45
      vertex 16.35 -16.9722 1.44269
    endloop
  endfacet
  facet normal -0.334422 0.624891 -0.705459
    outer loop
      vertex 16.2814 -17.0006 1.45
      vertex 17.2311 -18.1293 0
      vertex 16.1506 -17.0706 1.45
    endloop
  endfacet
  facet normal -0.625137 -0.334096 -0.705396
    outer loop
      vertex 18.1293 -13.7689 0
      vertex 18.4102 -14.2945 0
      vertex 17.0706 -14.8494 1.45
    endloop
  endfacet
  facet normal -0.205723 -0.67829 -0.705408
    outer loop
      vertex 16.1145 -12.4105 0
      vertex 16.6849 -12.5835 0
      vertex 15.8317 -13.8327 1.45
    endloop
  endfacet
  facet normal 0.705393 0.0695398 -0.705397
    outer loop
      vertex 12.3521 -15.5214 0
      vertex 13.8 -15.5 1.45
      vertex 13.8327 -15.8317 1.45
    endloop
  endfacet
  facet normal 0.705411 0.0692225 -0.705411
    outer loop
      vertex 13.8 -15.5 1.45
      vertex 12.3521 -15.5214 0
      vertex 12.35 -15.5 0
    endloop
  endfacet
  facet normal -0.334096 0.625137 -0.705396
    outer loop
      vertex 17.2311 -18.1293 0
      vertex 16.7055 -18.4102 0
      vertex 16.1506 -17.0706 1.45
    endloop
  endfacet
  facet normal 0.334422 0.624891 -0.705459
    outer loop
      vertex 13.7689 -18.1293 0
      vertex 14.7186 -17.0006 1.45
      vertex 14.8494 -17.0706 1.45
    endloop
  endfacet
  facet normal 0.335779 0.627992 -0.702053
    outer loop
      vertex 14.65 -16.9722 1.44269
      vertex 14.5555 -16.9135 1.45
      vertex 14.6146 -16.9451 1.45
    endloop
  endfacet
  facet normal 0.33399 0.625184 -0.705404
    outer loop
      vertex 14.7186 -17.0006 1.45
      vertex 13.7689 -18.1293 0
      vertex 14.65 -16.9722 1.44269
    endloop
  endfacet
  facet normal 0.333838 0.625282 -0.70539
    outer loop
      vertex 13.7689 -18.1293 0
      vertex 14.5555 -16.9135 1.45
      vertex 14.65 -16.9722 1.44269
    endloop
  endfacet
  facet normal 0.33658 0.623663 -0.70552
    outer loop
      vertex 14.5555 -16.9135 1.45
      vertex 13.7689 -18.1293 0
      vertex 13.75 -18.1191 0
    endloop
  endfacet
  facet normal 0.0694565 0.705388 -0.70541
    outer loop
      vertex 15.1683 -17.1673 1.45
      vertex 15.4786 -18.6479 0
      vertex 14.8855 -18.5895 0
    endloop
  endfacet
  facet normal -0.205723 0.67829 -0.705408
    outer loop
      vertex 16.6849 -18.4165 0
      vertex 16.1145 -18.5895 0
      vertex 15.8317 -17.1673 1.45
    endloop
  endfacet
  facet normal 0.67829 0.205723 -0.705408
    outer loop
      vertex 13.8327 -15.8317 1.45
      vertex 12.5835 -16.6849 0
      vertex 12.4105 -16.1145 0
    endloop
  endfacet
  facet normal -0.33658 -0.623663 -0.70552
    outer loop
      vertex 16.4445 -14.0865 1.45
      vertex 17.2311 -12.8707 0
      vertex 17.25 -12.8809 0
    endloop
  endfacet
  facet normal -0.335779 -0.627992 -0.702053
    outer loop
      vertex 16.35 -14.0278 1.44269
      vertex 16.4445 -14.0865 1.45
      vertex 16.3854 -14.0549 1.45
    endloop
  endfacet
  facet normal -0.333838 -0.625282 -0.70539
    outer loop
      vertex 16.4445 -14.0865 1.45
      vertex 16.35 -14.0278 1.44269
      vertex 17.2311 -12.8707 0
    endloop
  endfacet
  facet normal -0.33399 -0.625184 -0.705404
    outer loop
      vertex 16.2814 -13.9994 1.45
      vertex 17.2311 -12.8707 0
      vertex 16.35 -14.0278 1.44269
    endloop
  endfacet
  facet normal -0.334422 -0.624891 -0.705459
    outer loop
      vertex 17.2311 -12.8707 0
      vertex 16.2814 -13.9994 1.45
      vertex 16.1506 -13.9294 1.45
    endloop
  endfacet
  facet normal -0.678413 -0.205468 -0.705365
    outer loop
      vertex 17.1421 -15.06 1.44269
      vertex 18.4165 -14.3151 0
      vertex 17.1673 -15.1683 1.45
    endloop
  endfacet
  facet normal -0.677145 -0.205259 -0.706642
    outer loop
      vertex 17.1421 -15.06 1.44269
      vertex 17.1673 -15.1683 1.45
      vertex 17.1479 -15.1043 1.45
    endloop
  endfacet
  facet normal -0.678329 -0.205658 -0.705389
    outer loop
      vertex 17.1137 -14.9914 1.45
      vertex 18.4165 -14.3151 0
      vertex 17.1421 -15.06 1.44269
    endloop
  endfacet
  facet normal -0.678246 -0.205862 -0.70541
    outer loop
      vertex 17.0706 -14.8494 1.45
      vertex 18.4165 -14.3151 0
      vertex 17.1137 -14.9914 1.45
    endloop
  endfacet
  facet normal -0.677752 -0.207274 -0.705471
    outer loop
      vertex 18.4165 -14.3151 0
      vertex 17.0706 -14.8494 1.45
      vertex 18.4102 -14.2945 0
    endloop
  endfacet
  facet normal -0.624891 -0.334422 -0.705459
    outer loop
      vertex 17.0006 -14.7186 1.45
      vertex 18.1293 -13.7689 0
      vertex 17.0706 -14.8494 1.45
    endloop
  endfacet
  facet normal -0.625184 -0.33399 -0.705404
    outer loop
      vertex 16.9722 -14.65 1.44269
      vertex 18.1293 -13.7689 0
      vertex 17.0006 -14.7186 1.45
    endloop
  endfacet
  facet normal -0.625282 -0.333838 -0.70539
    outer loop
      vertex 16.9135 -14.5555 1.45
      vertex 18.1293 -13.7689 0
      vertex 16.9722 -14.65 1.44269
    endloop
  endfacet
  facet normal -0.627992 -0.335779 -0.702053
    outer loop
      vertex 16.9135 -14.5555 1.45
      vertex 16.9722 -14.65 1.44269
      vertex 16.9451 -14.6146 1.45
    endloop
  endfacet
  facet normal -0.623663 -0.33658 -0.70552
    outer loop
      vertex 18.1293 -13.7689 0
      vertex 16.9135 -14.5555 1.45
      vertex 18.1191 -13.75 0
    endloop
  endfacet
  facet normal -0.625137 0.334096 -0.705396
    outer loop
      vertex 18.4102 -16.7055 0
      vertex 18.1293 -17.2311 0
      vertex 17.0706 -16.1506 1.45
    endloop
  endfacet
  facet normal 0.205259 0.677145 -0.706642
    outer loop
      vertex 15.1683 -17.1673 1.45
      vertex 15.06 -17.1421 1.44269
      vertex 15.1043 -17.1479 1.45
    endloop
  endfacet
  facet normal 0.205658 0.678329 -0.705389
    outer loop
      vertex 14.3151 -18.4165 0
      vertex 14.9914 -17.1137 1.45
      vertex 15.06 -17.1421 1.44269
    endloop
  endfacet
  facet normal 0.205468 0.678413 -0.705365
    outer loop
      vertex 14.3151 -18.4165 0
      vertex 15.06 -17.1421 1.44269
      vertex 15.1683 -17.1673 1.45
    endloop
  endfacet
  facet normal 0.205862 0.678246 -0.70541
    outer loop
      vertex 14.9914 -17.1137 1.45
      vertex 14.3151 -18.4165 0
      vertex 14.8494 -17.0706 1.45
    endloop
  endfacet
  facet normal 0.207274 0.677752 -0.705471
    outer loop
      vertex 14.8494 -17.0706 1.45
      vertex 14.3151 -18.4165 0
      vertex 14.2945 -18.4102 0
    endloop
  endfacet
  facet normal 0.334096 -0.625137 -0.705396
    outer loop
      vertex 14.2945 -12.5898 0
      vertex 14.8494 -13.9294 1.45
      vertex 13.7689 -12.8707 0
    endloop
  endfacet
  facet normal -0.67829 -0.205723 -0.705408
    outer loop
      vertex 18.4165 -14.3151 0
      vertex 18.5895 -14.8855 0
      vertex 17.1673 -15.1683 1.45
    endloop
  endfacet
  facet normal -0.0695398 -0.705393 -0.705397
    outer loop
      vertex 15.5 -13.8 1.45
      vertex 15.5214 -12.3521 0
      vertex 15.8317 -13.8327 1.45
    endloop
  endfacet
  facet normal -0.0692225 -0.705411 -0.705411
    outer loop
      vertex 15.5214 -12.3521 0
      vertex 15.5 -13.8 1.45
      vertex 15.5 -12.35 0
    endloop
  endfacet
  facet normal -0.67829 0.205723 -0.705408
    outer loop
      vertex 18.5895 -16.1145 0
      vertex 18.4165 -16.6849 0
      vertex 17.1673 -15.8317 1.45
    endloop
  endfacet
  facet normal 0.205723 0.67829 -0.705408
    outer loop
      vertex 15.1683 -17.1673 1.45
      vertex 14.8855 -18.5895 0
      vertex 14.3151 -18.4165 0
    endloop
  endfacet
  facet normal 0.205723 -0.67829 -0.705408
    outer loop
      vertex 14.8855 -12.4105 0
      vertex 15.1683 -13.8327 1.45
      vertex 14.3151 -12.5835 0
    endloop
  endfacet
  facet normal 0.627992 0.335779 -0.702053
    outer loop
      vertex 14.0865 -16.4445 1.45
      vertex 14.0278 -16.35 1.44269
      vertex 14.0549 -16.3854 1.45
    endloop
  endfacet
  facet normal 0.625184 0.33399 -0.705404
    outer loop
      vertex 12.8707 -17.2311 0
      vertex 13.9994 -16.2814 1.45
      vertex 14.0278 -16.35 1.44269
    endloop
  endfacet
  facet normal 0.623663 0.33658 -0.70552
    outer loop
      vertex 12.8707 -17.2311 0
      vertex 14.0865 -16.4445 1.45
      vertex 12.8809 -17.25 0
    endloop
  endfacet
  facet normal 0.625282 0.333838 -0.70539
    outer loop
      vertex 14.0865 -16.4445 1.45
      vertex 12.8707 -17.2311 0
      vertex 14.0278 -16.35 1.44269
    endloop
  endfacet
  facet normal 0.624891 0.334422 -0.705459
    outer loop
      vertex 13.9994 -16.2814 1.45
      vertex 12.8707 -17.2311 0
      vertex 13.9294 -16.1506 1.45
    endloop
  endfacet
  facet normal 0.449626 0.54797 -0.705383
    outer loop
      vertex 14.5555 -16.9135 1.45
      vertex 13.75 -18.1191 0
      vertex 13.2892 -17.741 0
    endloop
  endfacet
  facet normal -0.449626 -0.54797 -0.705383
    outer loop
      vertex 17.25 -12.8809 0
      vertex 17.7108 -13.259 0
      vertex 16.4445 -14.0865 1.45
    endloop
  endfacet
  facet normal 0.547931 -0.449661 -0.705392
    outer loop
      vertex 13.259 -13.2892 0
      vertex 14.2979 -14.2979 1.45
      vertex 14.0865 -14.5555 1.45
    endloop
  endfacet
  facet normal 0.548319 -0.449225 -0.705367
    outer loop
      vertex 14.2979 -14.2979 1.45
      vertex 13.259 -13.2892 0
      vertex 13.2726 -13.2726 0
    endloop
  endfacet
  facet normal -0.0694565 0.705388 -0.70541
    outer loop
      vertex 15.8317 -17.1673 1.45
      vertex 16.1145 -18.5895 0
      vertex 15.5214 -18.6479 0
    endloop
  endfacet
  facet normal 0.449626 -0.54797 -0.705383
    outer loop
      vertex 13.75 -12.8809 0
      vertex 14.5555 -14.0865 1.45
      vertex 13.2892 -13.259 0
    endloop
  endfacet
  facet normal 0.678246 0.205862 -0.70541
    outer loop
      vertex 12.5835 -16.6849 0
      vertex 13.8863 -16.0086 1.45
      vertex 13.9294 -16.1506 1.45
    endloop
  endfacet
  facet normal 0.677145 0.205259 -0.706642
    outer loop
      vertex 13.8579 -15.94 1.44269
      vertex 13.8327 -15.8317 1.45
      vertex 13.8521 -15.8957 1.45
    endloop
  endfacet
  facet normal 0.677752 0.207274 -0.705471
    outer loop
      vertex 12.5835 -16.6849 0
      vertex 13.9294 -16.1506 1.45
      vertex 12.5898 -16.7055 0
    endloop
  endfacet
  facet normal 0.678329 0.205658 -0.705389
    outer loop
      vertex 13.8863 -16.0086 1.45
      vertex 12.5835 -16.6849 0
      vertex 13.8579 -15.94 1.44269
    endloop
  endfacet
  facet normal 0.678413 0.205468 -0.705365
    outer loop
      vertex 13.8579 -15.94 1.44269
      vertex 12.5835 -16.6849 0
      vertex 13.8327 -15.8317 1.45
    endloop
  endfacet
  facet normal -0.705388 0.0694565 -0.70541
    outer loop
      vertex 18.6479 -15.5214 0
      vertex 18.5895 -16.1145 0
      vertex 17.1673 -15.8317 1.45
    endloop
  endfacet
  facet normal -0.705411 0.0692225 -0.705411
    outer loop
      vertex 18.6479 -15.5214 0
      vertex 17.2 -15.5 1.45
      vertex 18.65 -15.5 0
    endloop
  endfacet
  facet normal -0.705393 0.0695398 -0.705397
    outer loop
      vertex 17.2 -15.5 1.45
      vertex 18.6479 -15.5214 0
      vertex 17.1673 -15.8317 1.45
    endloop
  endfacet
  facet normal 0.705388 -0.0694565 -0.70541
    outer loop
      vertex 12.4105 -14.8855 0
      vertex 13.8327 -15.1683 1.45
      vertex 12.3521 -15.4786 0
    endloop
  endfacet
  facet normal 0.54797 0.449626 -0.705383
    outer loop
      vertex 14.0865 -16.4445 1.45
      vertex 13.259 -17.7108 0
      vertex 12.8809 -17.25 0
    endloop
  endfacet
  facet normal 0.625137 0.334096 -0.705396
    outer loop
      vertex 13.9294 -16.1506 1.45
      vertex 12.8707 -17.2311 0
      vertex 12.5898 -16.7055 0
    endloop
  endfacet
  facet normal 0.0692225 -0.705411 -0.705411
    outer loop
      vertex 15.5 -13.8 1.45
      vertex 15.4786 -12.3521 0
      vertex 15.5 -12.35 0
    endloop
  endfacet
  facet normal 0.0695398 -0.705393 -0.705397
    outer loop
      vertex 15.4786 -12.3521 0
      vertex 15.5 -13.8 1.45
      vertex 15.1683 -13.8327 1.45
    endloop
  endfacet
  facet normal 0.449661 0.547931 -0.705392
    outer loop
      vertex 13.2892 -17.741 0
      vertex 14.2979 -16.7021 1.45
      vertex 14.5555 -16.9135 1.45
    endloop
  endfacet
  facet normal 0.449225 0.548319 -0.705367
    outer loop
      vertex 14.2979 -16.7021 1.45
      vertex 13.2892 -17.741 0
      vertex 13.2726 -17.7274 0
    endloop
  endfacet
  facet normal -0.449626 0.54797 -0.705383
    outer loop
      vertex 17.7108 -17.741 0
      vertex 17.25 -18.1191 0
      vertex 16.4445 -16.9135 1.45
    endloop
  endfacet
  facet normal 0.334096 0.625137 -0.705396
    outer loop
      vertex 14.8494 -17.0706 1.45
      vertex 14.2945 -18.4102 0
      vertex 13.7689 -18.1293 0
    endloop
  endfacet
  facet normal -0.207274 0.677752 -0.705471
    outer loop
      vertex 16.6849 -18.4165 0
      vertex 16.1506 -17.0706 1.45
      vertex 16.7055 -18.4102 0
    endloop
  endfacet
  facet normal -0.205862 0.678246 -0.70541
    outer loop
      vertex 16.6849 -18.4165 0
      vertex 16.0086 -17.1137 1.45
      vertex 16.1506 -17.0706 1.45
    endloop
  endfacet
  facet normal -0.205658 0.678329 -0.705389
    outer loop
      vertex 16.6849 -18.4165 0
      vertex 15.94 -17.1421 1.44269
      vertex 16.0086 -17.1137 1.45
    endloop
  endfacet
  facet normal -0.205468 0.678413 -0.705365
    outer loop
      vertex 15.8317 -17.1673 1.45
      vertex 15.94 -17.1421 1.44269
      vertex 16.6849 -18.4165 0
    endloop
  endfacet
  facet normal -0.205259 0.677145 -0.706642
    outer loop
      vertex 15.94 -17.1421 1.44269
      vertex 15.8317 -17.1673 1.45
      vertex 15.8957 -17.1479 1.45
    endloop
  endfacet
  facet normal 0.449661 -0.547931 -0.705392
    outer loop
      vertex 14.2979 -14.2979 1.45
      vertex 13.2892 -13.259 0
      vertex 14.5555 -14.0865 1.45
    endloop
  endfacet
  facet normal 0.449225 -0.548319 -0.705367
    outer loop
      vertex 13.2892 -13.259 0
      vertex 14.2979 -14.2979 1.45
      vertex 13.2726 -13.2726 0
    endloop
  endfacet
  facet normal 0.33399 -0.625184 -0.705404
    outer loop
      vertex 13.7689 -12.8707 0
      vertex 14.7186 -13.9994 1.45
      vertex 14.65 -14.0278 1.44269
    endloop
  endfacet
  facet normal 0.335779 -0.627992 -0.702053
    outer loop
      vertex 14.5555 -14.0865 1.45
      vertex 14.65 -14.0278 1.44269
      vertex 14.6146 -14.0549 1.45
    endloop
  endfacet
  facet normal 0.334422 -0.624891 -0.705459
    outer loop
      vertex 14.7186 -13.9994 1.45
      vertex 13.7689 -12.8707 0
      vertex 14.8494 -13.9294 1.45
    endloop
  endfacet
  facet normal 0.333838 -0.625282 -0.70539
    outer loop
      vertex 14.5555 -14.0865 1.45
      vertex 13.7689 -12.8707 0
      vertex 14.65 -14.0278 1.44269
    endloop
  endfacet
  facet normal 0.33658 -0.623663 -0.70552
    outer loop
      vertex 13.7689 -12.8707 0
      vertex 14.5555 -14.0865 1.45
      vertex 13.75 -12.8809 0
    endloop
  endfacet
  facet normal -0.0694565 -0.705388 -0.70541
    outer loop
      vertex 16.1145 -12.4105 0
      vertex 15.8317 -13.8327 1.45
      vertex 15.5214 -12.3521 0
    endloop
  endfacet
  facet normal -0.547931 -0.449661 -0.705392
    outer loop
      vertex 16.7021 -14.2979 1.45
      vertex 17.741 -13.2892 0
      vertex 16.9135 -14.5555 1.45
    endloop
  endfacet
  facet normal -0.548319 -0.449225 -0.705367
    outer loop
      vertex 17.741 -13.2892 0
      vertex 16.7021 -14.2979 1.45
      vertex 17.7274 -13.2726 0
    endloop
  endfacet
  facet normal 0.625137 -0.334096 -0.705396
    outer loop
      vertex 12.8707 -13.7689 0
      vertex 13.9294 -14.8494 1.45
      vertex 12.5898 -14.2945 0
    endloop
  endfacet
  facet normal 0.54797 -0.449626 -0.705383
    outer loop
      vertex 13.259 -13.2892 0
      vertex 14.0865 -14.5555 1.45
      vertex 12.8809 -13.75 0
    endloop
  endfacet
  facet normal -0.677752 0.207274 -0.705471
    outer loop
      vertex 17.0706 -16.1506 1.45
      vertex 18.4165 -16.6849 0
      vertex 18.4102 -16.7055 0
    endloop
  endfacet
  facet normal -0.678413 0.205468 -0.705365
    outer loop
      vertex 18.4165 -16.6849 0
      vertex 17.1421 -15.94 1.44269
      vertex 17.1673 -15.8317 1.45
    endloop
  endfacet
  facet normal -0.677145 0.205259 -0.706642
    outer loop
      vertex 17.1673 -15.8317 1.45
      vertex 17.1421 -15.94 1.44269
      vertex 17.1479 -15.8957 1.45
    endloop
  endfacet
  facet normal -0.678329 0.205658 -0.705389
    outer loop
      vertex 18.4165 -16.6849 0
      vertex 17.1137 -16.0086 1.45
      vertex 17.1421 -15.94 1.44269
    endloop
  endfacet
  facet normal -0.678246 0.205862 -0.70541
    outer loop
      vertex 18.4165 -16.6849 0
      vertex 17.0706 -16.1506 1.45
      vertex 17.1137 -16.0086 1.45
    endloop
  endfacet
  facet normal -0.334096 -0.625137 -0.705396
    outer loop
      vertex 16.7055 -12.5898 0
      vertex 17.2311 -12.8707 0
      vertex 16.1506 -13.9294 1.45
    endloop
  endfacet
  facet normal 0.678329 -0.205658 -0.705389
    outer loop
      vertex 12.5835 -14.3151 0
      vertex 13.8863 -14.9914 1.45
      vertex 13.8579 -15.06 1.44269
    endloop
  endfacet
  facet normal 0.677145 -0.205259 -0.706642
    outer loop
      vertex 13.8327 -15.1683 1.45
      vertex 13.8579 -15.06 1.44269
      vertex 13.8521 -15.1043 1.45
    endloop
  endfacet
  facet normal 0.678246 -0.205862 -0.70541
    outer loop
      vertex 13.8863 -14.9914 1.45
      vertex 12.5835 -14.3151 0
      vertex 13.9294 -14.8494 1.45
    endloop
  endfacet
  facet normal 0.678413 -0.205468 -0.705365
    outer loop
      vertex 12.5835 -14.3151 0
      vertex 13.8579 -15.06 1.44269
      vertex 13.8327 -15.1683 1.45
    endloop
  endfacet
  facet normal 0.677752 -0.207274 -0.705471
    outer loop
      vertex 13.9294 -14.8494 1.45
      vertex 12.5835 -14.3151 0
      vertex 12.5898 -14.2945 0
    endloop
  endfacet
  facet normal 0.205259 -0.677145 -0.706642
    outer loop
      vertex 15.06 -13.8579 1.44269
      vertex 15.1683 -13.8327 1.45
      vertex 15.1043 -13.8521 1.45
    endloop
  endfacet
  facet normal 0.205862 -0.678246 -0.70541
    outer loop
      vertex 14.3151 -12.5835 0
      vertex 14.9914 -13.8863 1.45
      vertex 14.8494 -13.9294 1.45
    endloop
  endfacet
  facet normal 0.205468 -0.678413 -0.705365
    outer loop
      vertex 15.06 -13.8579 1.44269
      vertex 14.3151 -12.5835 0
      vertex 15.1683 -13.8327 1.45
    endloop
  endfacet
  facet normal 0.205658 -0.678329 -0.705389
    outer loop
      vertex 14.9914 -13.8863 1.45
      vertex 14.3151 -12.5835 0
      vertex 15.06 -13.8579 1.44269
    endloop
  endfacet
  facet normal 0.207274 -0.677752 -0.705471
    outer loop
      vertex 14.3151 -12.5835 0
      vertex 14.8494 -13.9294 1.45
      vertex 14.2945 -12.5898 0
    endloop
  endfacet
  facet normal 0.0692225 0.705411 -0.705411
    outer loop
      vertex 15.4786 -18.6479 0
      vertex 15.5 -17.2 1.45
      vertex 15.5 -18.65 0
    endloop
  endfacet
  facet normal 0.0695398 0.705393 -0.705397
    outer loop
      vertex 15.5 -17.2 1.45
      vertex 15.4786 -18.6479 0
      vertex 15.1683 -17.1673 1.45
    endloop
  endfacet
  facet normal -0.623663 0.33658 -0.70552
    outer loop
      vertex 16.9135 -16.4445 1.45
      vertex 18.1293 -17.2311 0
      vertex 18.1191 -17.25 0
    endloop
  endfacet
  facet normal -0.624891 0.334422 -0.705459
    outer loop
      vertex 18.1293 -17.2311 0
      vertex 17.0006 -16.2814 1.45
      vertex 17.0706 -16.1506 1.45
    endloop
  endfacet
  facet normal -0.625184 0.33399 -0.705404
    outer loop
      vertex 18.1293 -17.2311 0
      vertex 16.9722 -16.35 1.44269
      vertex 17.0006 -16.2814 1.45
    endloop
  endfacet
  facet normal -0.625282 0.333838 -0.70539
    outer loop
      vertex 18.1293 -17.2311 0
      vertex 16.9135 -16.4445 1.45
      vertex 16.9722 -16.35 1.44269
    endloop
  endfacet
  facet normal -0.627992 0.335779 -0.702053
    outer loop
      vertex 16.9722 -16.35 1.44269
      vertex 16.9135 -16.4445 1.45
      vertex 16.9451 -16.3854 1.45
    endloop
  endfacet
  facet normal -0.548319 0.449225 -0.705367
    outer loop
      vertex 16.7021 -16.7021 1.45
      vertex 17.741 -17.7108 0
      vertex 17.7274 -17.7274 0
    endloop
  endfacet
  facet normal -0.547931 0.449661 -0.705392
    outer loop
      vertex 17.741 -17.7108 0
      vertex 16.7021 -16.7021 1.45
      vertex 16.9135 -16.4445 1.45
    endloop
  endfacet
  facet normal 0 0 -1
    outer loop
      vertex 14.2979 -16.7021 1.45
      vertex 14.0865 -16.4445 1.45
      vertex 14.0549 -16.3854 1.45
    endloop
  endfacet
  facet normal 0 0 -1
    outer loop
      vertex 15.8957 -17.1479 1.45
      vertex 15.8317 -17.1673 1.45
      vertex 15.5 -17.2 1.45
    endloop
  endfacet
  facet normal 0 0 -1
    outer loop
      vertex 17.2 -15.5 1.45
      vertex 17.1673 -15.8317 1.45
      vertex 17.1479 -15.8957 1.45
    endloop
  endfacet
  facet normal -0 -0 -1
    outer loop
      vertex 17.1673 -15.1683 1.45
      vertex 17.2 -15.5 1.45
      vertex 17.1479 -15.1043 1.45
    endloop
  endfacet
  facet normal 0 -0 -1
    outer loop
      vertex 14.0865 -14.5555 1.45
      vertex 14.2979 -14.2979 1.45
      vertex 14.0549 -14.6146 1.45
    endloop
  endfacet
  facet normal 0 0 -1
    outer loop
      vertex 15.5 -17.2 1.45
      vertex 15.1683 -17.1673 1.45
      vertex 15.1043 -17.1479 1.45
    endloop
  endfacet
  facet normal 0 0 -1
    outer loop
      vertex 16.2814 -17.0006 1.45
      vertex 16.1506 -17.0706 1.45
      vertex 16.0086 -17.1137 1.45
    endloop
  endfacet
  facet normal -0 -0 -1
    outer loop
      vertex 16.4445 -14.0865 1.45
      vertex 16.7021 -14.2979 1.45
      vertex 16.3854 -14.0549 1.45
    endloop
  endfacet
  facet normal -0 -0 -1
    outer loop
      vertex 17.0706 -14.8494 1.45
      vertex 17.1137 -14.9914 1.45
      vertex 17.0006 -14.7186 1.45
    endloop
  endfacet
  facet normal 0 -0 -1
    outer loop
      vertex 13.8327 -15.1683 1.45
      vertex 13.8521 -15.1043 1.45
      vertex 13.8 -15.5 1.45
    endloop
  endfacet
  facet normal 0 -0 -1
    outer loop
      vertex 14.5555 -14.0865 1.45
      vertex 14.6146 -14.0549 1.45
      vertex 14.2979 -14.2979 1.45
    endloop
  endfacet
  facet normal 0 -0 -1
    outer loop
      vertex 15.1683 -13.8327 1.45
      vertex 15.5 -13.8 1.45
      vertex 15.1043 -13.8521 1.45
    endloop
  endfacet
  facet normal -0 -0 -1
    outer loop
      vertex 15.8317 -13.8327 1.45
      vertex 15.8957 -13.8521 1.45
      vertex 15.5 -13.8 1.45
    endloop
  endfacet
  facet normal 0 -0 -1
    outer loop
      vertex 14.8494 -13.9294 1.45
      vertex 14.9914 -13.8863 1.45
      vertex 14.7186 -13.9994 1.45
    endloop
  endfacet
  facet normal -0 -0 -1
    outer loop
      vertex 16.9135 -14.5555 1.45
      vertex 16.9451 -14.6146 1.45
      vertex 16.7021 -14.2979 1.45
    endloop
  endfacet
  facet normal -0 -0 -1
    outer loop
      vertex 16.1506 -13.9294 1.45
      vertex 16.2814 -13.9994 1.45
      vertex 16.0086 -13.8863 1.45
    endloop
  endfacet
  facet normal 0 -0 -1
    outer loop
      vertex 13.9294 -14.8494 1.45
      vertex 13.9994 -14.7186 1.45
      vertex 13.8863 -14.9914 1.45
    endloop
  endfacet
  facet normal 0 0 -1
    outer loop
      vertex 17.1137 -16.0086 1.45
      vertex 17.0706 -16.1506 1.45
      vertex 17.0006 -16.2814 1.45
    endloop
  endfacet
  facet normal 0 0 -1
    outer loop
      vertex 16.7021 -16.7021 1.45
      vertex 16.4445 -16.9135 1.45
      vertex 16.3854 -16.9451 1.45
    endloop
  endfacet
  facet normal 0 0 -1
    outer loop
      vertex 14.6146 -16.9451 1.45
      vertex 14.5555 -16.9135 1.45
      vertex 14.2979 -16.7021 1.45
    endloop
  endfacet
  facet normal 0 0 -1
    outer loop
      vertex 16.9451 -16.3854 1.45
      vertex 16.9135 -16.4445 1.45
      vertex 16.7021 -16.7021 1.45
    endloop
  endfacet
  facet normal 0 0 -1
    outer loop
      vertex 13.8521 -15.8957 1.45
      vertex 13.8327 -15.8317 1.45
      vertex 13.8 -15.5 1.45
    endloop
  endfacet
  facet normal 0 0 -1
    outer loop
      vertex 14.9914 -17.1137 1.45
      vertex 14.8494 -17.0706 1.45
      vertex 14.7186 -17.0006 1.45
    endloop
  endfacet
  facet normal 0 0 -1
    outer loop
      vertex 13.9994 -16.2814 1.45
      vertex 13.9294 -16.1506 1.45
      vertex 13.8863 -16.0086 1.45
    endloop
  endfacet
  facet normal -0.54797 0.449626 -0.705383
    outer loop
      vertex 18.1191 -17.25 0
      vertex 17.741 -17.7108 0
      vertex 16.9135 -16.4445 1.45
    endloop
  endfacet
  facet normal 0.705393 -0.0695398 -0.705397
    outer loop
      vertex 13.8 -15.5 1.45
      vertex 12.3521 -15.4786 0
      vertex 13.8327 -15.1683 1.45
    endloop
  endfacet
  facet normal 0.705411 -0.0692225 -0.705411
    outer loop
      vertex 12.3521 -15.4786 0
      vertex 13.8 -15.5 1.45
      vertex 12.35 -15.5 0
    endloop
  endfacet
  facet normal 0.67829 -0.205723 -0.705408
    outer loop
      vertex 12.5835 -14.3151 0
      vertex 13.8327 -15.1683 1.45
      vertex 12.4105 -14.8855 0
    endloop
  endfacet
  facet normal 0.923951 0.38251 0
    outer loop
      vertex 13.8579 15.06 6
      vertex 13.8863 14.9914 1.45
      vertex 13.8579 15.06 1.44269
    endloop
  endfacet
  facet normal 0.923757 0.38298 -8.29062e-06
    outer loop
      vertex 13.8579 15.06 6
      vertex 13.9994 14.7186 1.45
      vertex 13.8863 14.9914 1.45
    endloop
  endfacet
  facet normal 0.923822 0.382823 5.51668e-06
    outer loop
      vertex 14.0278 14.65 6
      vertex 13.9994 14.7186 1.45
      vertex 13.8579 15.06 6
    endloop
  endfacet
  facet normal 0.923951 0.38251 0
    outer loop
      vertex 13.9994 14.7186 1.45
      vertex 14.0278 14.65 6
      vertex 14.0278 14.65 1.44269
    endloop
  endfacet
  facet normal -0.923951 -0.38251 0
    outer loop
      vertex 17.0006 16.2814 1.45
      vertex 16.9722 16.35 6
      vertex 16.9722 16.35 1.44269
    endloop
  endfacet
  facet normal -0.923757 -0.38298 8.29062e-06
    outer loop
      vertex 17.1137 16.0086 1.45
      vertex 16.9722 16.35 6
      vertex 17.0006 16.2814 1.45
    endloop
  endfacet
  facet normal -0.923951 -0.38251 -0
    outer loop
      vertex 17.1421 15.94 6
      vertex 17.1137 16.0086 1.45
      vertex 17.1421 15.94 1.44269
    endloop
  endfacet
  facet normal -0.923822 -0.382823 -5.51668e-06
    outer loop
      vertex 17.1137 16.0086 1.45
      vertex 17.1421 15.94 6
      vertex 16.9722 16.35 6
    endloop
  endfacet
  facet normal -0.991538 -0.129818 0
    outer loop
      vertex 17.1479 15.8957 1.45
      vertex 17.1421 15.94 6
      vertex 17.1421 15.94 1.44269
    endloop
  endfacet
  facet normal -0.991443 -0.130539 7.14217e-06
    outer loop
      vertex 17.2 15.5 1.45
      vertex 17.1421 15.94 6
      vertex 17.1479 15.8957 1.45
    endloop
  endfacet
  facet normal -0.991453 -0.130466 0
    outer loop
      vertex 17.1421 15.94 6
      vertex 17.2 15.5 1.45
      vertex 17.2 15.5 6
    endloop
  endfacet
  facet normal -0.793368 -0.608742 0
    outer loop
      vertex 16.9451 16.3854 1.45
      vertex 16.7021 16.7021 6
      vertex 16.7021 16.7021 1.45
    endloop
  endfacet
  facet normal -0.794039 -0.607866 -0
    outer loop
      vertex 16.9722 16.35 6
      vertex 16.9451 16.3854 1.45
      vertex 16.9722 16.35 1.44269
    endloop
  endfacet
  facet normal -0.793436 -0.608654 -9.72198e-06
    outer loop
      vertex 16.9451 16.3854 1.45
      vertex 16.9722 16.35 6
      vertex 16.7021 16.7021 6
    endloop
  endfacet
  facet normal -0.608654 -0.793436 -9.72198e-06
    outer loop
      vertex 16.35 16.9722 6
      vertex 16.3854 16.9451 1.45
      vertex 16.7021 16.7021 6
    endloop
  endfacet
  facet normal -0.607866 -0.794039 0
    outer loop
      vertex 16.3854 16.9451 1.45
      vertex 16.35 16.9722 6
      vertex 16.35 16.9722 1.44269
    endloop
  endfacet
  facet normal -0.608742 -0.793368 -0
    outer loop
      vertex 16.7021 16.7021 6
      vertex 16.3854 16.9451 1.45
      vertex 16.7021 16.7021 1.45
    endloop
  endfacet
  facet normal -0.130466 -0.991453 0
    outer loop
      vertex 15.5 17.2 1.45
      vertex 15.94 17.1421 6
      vertex 15.5 17.2 6
    endloop
  endfacet
  facet normal -0.130539 -0.991443 7.14217e-06
    outer loop
      vertex 15.8957 17.1479 1.45
      vertex 15.94 17.1421 6
      vertex 15.5 17.2 1.45
    endloop
  endfacet
  facet normal -0.129818 -0.991538 -0
    outer loop
      vertex 15.94 17.1421 6
      vertex 15.8957 17.1479 1.45
      vertex 15.94 17.1421 1.44269
    endloop
  endfacet
  facet normal 0.991538 -0.129818 0
    outer loop
      vertex 13.8579 15.94 6
      vertex 13.8521 15.8957 1.45
      vertex 13.8579 15.94 1.44269
    endloop
  endfacet
  facet normal 0.991453 -0.130466 6.42315e-06
    outer loop
      vertex 13.8 15.5 6
      vertex 13.8521 15.8957 1.45
      vertex 13.8579 15.94 6
    endloop
  endfacet
  facet normal 0.991443 -0.130539 0
    outer loop
      vertex 13.8521 15.8957 1.45
      vertex 13.8 15.5 6
      vertex 13.8 15.5 1.45
    endloop
  endfacet
  facet normal 0.382823 0.923822 -5.51668e-06
    outer loop
      vertex 15.06 13.8579 6
      vertex 14.9914 13.8863 1.45
      vertex 14.65 14.0278 6
    endloop
  endfacet
  facet normal 0.38251 0.923951 0
    outer loop
      vertex 14.9914 13.8863 1.45
      vertex 15.06 13.8579 6
      vertex 15.06 13.8579 1.44269
    endloop
  endfacet
  facet normal 0.38298 0.923757 8.29062e-06
    outer loop
      vertex 14.7186 13.9994 1.45
      vertex 14.65 14.0278 6
      vertex 14.9914 13.8863 1.45
    endloop
  endfacet
  facet normal 0.38251 0.923951 0
    outer loop
      vertex 14.65 14.0278 6
      vertex 14.7186 13.9994 1.45
      vertex 14.65 14.0278 1.44269
    endloop
  endfacet
  facet normal -0.382823 0.923822 5.51668e-06
    outer loop
      vertex 16.35 14.0278 6
      vertex 16.2814 13.9994 1.45
      vertex 15.94 13.8579 6
    endloop
  endfacet
  facet normal -0.38251 0.923951 0
    outer loop
      vertex 16.2814 13.9994 1.45
      vertex 16.35 14.0278 6
      vertex 16.35 14.0278 1.44269
    endloop
  endfacet
  facet normal -0.38298 0.923757 -8.29062e-06
    outer loop
      vertex 16.0086 13.8863 1.45
      vertex 15.94 13.8579 6
      vertex 16.2814 13.9994 1.45
    endloop
  endfacet
  facet normal -0.38251 0.923951 0
    outer loop
      vertex 15.94 13.8579 6
      vertex 16.0086 13.8863 1.45
      vertex 15.94 13.8579 1.44269
    endloop
  endfacet
  facet normal 0.382823 -0.923822 5.51668e-06
    outer loop
      vertex 14.65 16.9722 6
      vertex 14.7186 17.0006 1.45
      vertex 15.06 17.1421 6
    endloop
  endfacet
  facet normal 0.38251 -0.923951 0
    outer loop
      vertex 14.7186 17.0006 1.45
      vertex 14.65 16.9722 6
      vertex 14.65 16.9722 1.44269
    endloop
  endfacet
  facet normal 0.38298 -0.923757 -8.29062e-06
    outer loop
      vertex 14.9914 17.1137 1.45
      vertex 15.06 17.1421 6
      vertex 14.7186 17.0006 1.45
    endloop
  endfacet
  facet normal 0.38251 -0.923951 0
    outer loop
      vertex 15.06 17.1421 6
      vertex 14.9914 17.1137 1.45
      vertex 15.06 17.1421 1.44269
    endloop
  endfacet
  facet normal 0.793368 -0.608742 0
    outer loop
      vertex 14.2979 16.7021 6
      vertex 14.0549 16.3854 1.45
      vertex 14.2979 16.7021 1.45
    endloop
  endfacet
  facet normal 0.793436 -0.608654 -9.72198e-06
    outer loop
      vertex 14.0278 16.35 6
      vertex 14.0549 16.3854 1.45
      vertex 14.2979 16.7021 6
    endloop
  endfacet
  facet normal 0.794039 -0.607866 0
    outer loop
      vertex 14.0549 16.3854 1.45
      vertex 14.0278 16.35 6
      vertex 14.0278 16.35 1.44269
    endloop
  endfacet
  facet normal 0.608654 -0.793436 0
    outer loop
      vertex 14.2979 16.7021 1.45
      vertex 14.65 16.9722 6
      vertex 14.2979 16.7021 6
    endloop
  endfacet
  facet normal 0.608742 -0.793368 -1.08078e-05
    outer loop
      vertex 14.6146 16.9451 1.45
      vertex 14.65 16.9722 6
      vertex 14.2979 16.7021 1.45
    endloop
  endfacet
  facet normal 0.607866 -0.794039 0
    outer loop
      vertex 14.65 16.9722 6
      vertex 14.6146 16.9451 1.45
      vertex 14.65 16.9722 1.44269
    endloop
  endfacet
  facet normal -0.382823 -0.923822 -5.51668e-06
    outer loop
      vertex 15.94 17.1421 6
      vertex 16.0086 17.1137 1.45
      vertex 16.35 16.9722 6
    endloop
  endfacet
  facet normal -0.38251 -0.923951 0
    outer loop
      vertex 16.0086 17.1137 1.45
      vertex 15.94 17.1421 6
      vertex 15.94 17.1421 1.44269
    endloop
  endfacet
  facet normal -0.38298 -0.923757 8.29062e-06
    outer loop
      vertex 16.2814 17.0006 1.45
      vertex 16.35 16.9722 6
      vertex 16.0086 17.1137 1.45
    endloop
  endfacet
  facet normal -0.38251 -0.923951 -0
    outer loop
      vertex 16.35 16.9722 6
      vertex 16.2814 17.0006 1.45
      vertex 16.35 16.9722 1.44269
    endloop
  endfacet
  facet normal -0.991443 0.130539 0
    outer loop
      vertex 17.1479 15.1043 1.45
      vertex 17.2 15.5 6
      vertex 17.2 15.5 1.45
    endloop
  endfacet
  facet normal -0.991538 0.129818 0
    outer loop
      vertex 17.1421 15.06 6
      vertex 17.1479 15.1043 1.45
      vertex 17.1421 15.06 1.44269
    endloop
  endfacet
  facet normal -0.991453 0.130466 6.42315e-06
    outer loop
      vertex 17.1479 15.1043 1.45
      vertex 17.1421 15.06 6
      vertex 17.2 15.5 6
    endloop
  endfacet
  facet normal 0.794039 0.607866 0
    outer loop
      vertex 14.0278 14.65 6
      vertex 14.0549 14.6146 1.45
      vertex 14.0278 14.65 1.44269
    endloop
  endfacet
  facet normal 0.793436 0.608654 -9.72198e-06
    outer loop
      vertex 14.2979 14.2979 6
      vertex 14.0549 14.6146 1.45
      vertex 14.0278 14.65 6
    endloop
  endfacet
  facet normal 0.793368 0.608742 0
    outer loop
      vertex 14.0549 14.6146 1.45
      vertex 14.2979 14.2979 6
      vertex 14.2979 14.2979 1.45
    endloop
  endfacet
  facet normal 0.130466 -0.991453 6.42315e-06
    outer loop
      vertex 15.06 17.1421 6
      vertex 15.1043 17.1479 1.45
      vertex 15.5 17.2 6
    endloop
  endfacet
  facet normal 0.129818 -0.991538 0
    outer loop
      vertex 15.1043 17.1479 1.45
      vertex 15.06 17.1421 6
      vertex 15.06 17.1421 1.44269
    endloop
  endfacet
  facet normal 0.130539 -0.991443 0
    outer loop
      vertex 15.5 17.2 6
      vertex 15.1043 17.1479 1.45
      vertex 15.5 17.2 1.45
    endloop
  endfacet
  facet normal -0.794039 0.607866 0
    outer loop
      vertex 16.9451 14.6146 1.45
      vertex 16.9722 14.65 6
      vertex 16.9722 14.65 1.44269
    endloop
  endfacet
  facet normal -0.793368 0.608742 -1.08078e-05
    outer loop
      vertex 16.7021 14.2979 1.45
      vertex 16.9722 14.65 6
      vertex 16.9451 14.6146 1.45
    endloop
  endfacet
  facet normal -0.793436 0.608654 0
    outer loop
      vertex 16.9722 14.65 6
      vertex 16.7021 14.2979 1.45
      vertex 16.7021 14.2979 6
    endloop
  endfacet
  facet normal 0.923951 -0.38251 0
    outer loop
      vertex 14.0278 16.35 6
      vertex 13.9994 16.2814 1.45
      vertex 14.0278 16.35 1.44269
    endloop
  endfacet
  facet normal 0.923757 -0.38298 8.29062e-06
    outer loop
      vertex 14.0278 16.35 6
      vertex 13.8863 16.0086 1.45
      vertex 13.9994 16.2814 1.45
    endloop
  endfacet
  facet normal 0.923822 -0.382823 -5.51668e-06
    outer loop
      vertex 13.8579 15.94 6
      vertex 13.8863 16.0086 1.45
      vertex 14.0278 16.35 6
    endloop
  endfacet
  facet normal 0.923951 -0.38251 0
    outer loop
      vertex 13.8863 16.0086 1.45
      vertex 13.8579 15.94 6
      vertex 13.8579 15.94 1.44269
    endloop
  endfacet
  facet normal -0.130466 0.991453 6.42315e-06
    outer loop
      vertex 15.94 13.8579 6
      vertex 15.8957 13.8521 1.45
      vertex 15.5 13.8 6
    endloop
  endfacet
  facet normal -0.129818 0.991538 0
    outer loop
      vertex 15.8957 13.8521 1.45
      vertex 15.94 13.8579 6
      vertex 15.94 13.8579 1.44269
    endloop
  endfacet
  facet normal -0.130539 0.991443 0
    outer loop
      vertex 15.5 13.8 6
      vertex 15.8957 13.8521 1.45
      vertex 15.5 13.8 1.45
    endloop
  endfacet
  facet normal 0.608654 0.793436 -9.72198e-06
    outer loop
      vertex 14.65 14.0278 6
      vertex 14.6146 14.0549 1.45
      vertex 14.2979 14.2979 6
    endloop
  endfacet
  facet normal 0.607866 0.794039 0
    outer loop
      vertex 14.6146 14.0549 1.45
      vertex 14.65 14.0278 6
      vertex 14.65 14.0278 1.44269
    endloop
  endfacet
  facet normal 0.608742 0.793368 0
    outer loop
      vertex 14.2979 14.2979 6
      vertex 14.6146 14.0549 1.45
      vertex 14.2979 14.2979 1.45
    endloop
  endfacet
  facet normal 0.991443 0.130539 0
    outer loop
      vertex 13.8 15.5 6
      vertex 13.8521 15.1043 1.45
      vertex 13.8 15.5 1.45
    endloop
  endfacet
  facet normal 0.991453 0.130466 6.42315e-06
    outer loop
      vertex 13.8579 15.06 6
      vertex 13.8521 15.1043 1.45
      vertex 13.8 15.5 6
    endloop
  endfacet
  facet normal 0.991538 0.129818 0
    outer loop
      vertex 13.8521 15.1043 1.45
      vertex 13.8579 15.06 6
      vertex 13.8579 15.06 1.44269
    endloop
  endfacet
  facet normal -0.608654 0.793436 0
    outer loop
      vertex 16.7021 14.2979 1.45
      vertex 16.35 14.0278 6
      vertex 16.7021 14.2979 6
    endloop
  endfacet
  facet normal -0.608742 0.793368 -1.08078e-05
    outer loop
      vertex 16.3854 14.0549 1.45
      vertex 16.35 14.0278 6
      vertex 16.7021 14.2979 1.45
    endloop
  endfacet
  facet normal -0.607866 0.794039 0
    outer loop
      vertex 16.35 14.0278 6
      vertex 16.3854 14.0549 1.45
      vertex 16.35 14.0278 1.44269
    endloop
  endfacet
  facet normal -0.923951 0.38251 0
    outer loop
      vertex 17.1137 14.9914 1.45
      vertex 17.1421 15.06 6
      vertex 17.1421 15.06 1.44269
    endloop
  endfacet
  facet normal -0.923757 0.38298 -8.29062e-06
    outer loop
      vertex 17.0006 14.7186 1.45
      vertex 17.1421 15.06 6
      vertex 17.1137 14.9914 1.45
    endloop
  endfacet
  facet normal -0.923951 0.38251 0
    outer loop
      vertex 16.9722 14.65 6
      vertex 17.0006 14.7186 1.45
      vertex 16.9722 14.65 1.44269
    endloop
  endfacet
  facet normal -0.923822 0.382823 5.51668e-06
    outer loop
      vertex 17.0006 14.7186 1.45
      vertex 16.9722 14.65 6
      vertex 17.1421 15.06 6
    endloop
  endfacet
  facet normal 0.130466 0.991453 -0
    outer loop
      vertex 15.5 13.8 1.45
      vertex 15.06 13.8579 6
      vertex 15.5 13.8 6
    endloop
  endfacet
  facet normal 0.130539 0.991443 7.14217e-06
    outer loop
      vertex 15.1043 13.8521 1.45
      vertex 15.06 13.8579 6
      vertex 15.5 13.8 1.45
    endloop
  endfacet
  facet normal 0.129818 0.991538 0
    outer loop
      vertex 15.06 13.8579 6
      vertex 15.1043 13.8521 1.45
      vertex 15.06 13.8579 1.44269
    endloop
  endfacet
  facet normal -0.449225 -0.548319 -0.705367
    outer loop
      vertex 16.7021 16.7021 1.45
      vertex 17.7108 17.741 0
      vertex 17.7274 17.7274 0
    endloop
  endfacet
  facet normal -0.449661 -0.547931 -0.705392
    outer loop
      vertex 17.7108 17.741 0
      vertex 16.7021 16.7021 1.45
      vertex 16.4445 16.9135 1.45
    endloop
  endfacet
  facet normal 0.548319 0.449225 -0.705367
    outer loop
      vertex 13.259 13.2892 0
      vertex 14.2979 14.2979 1.45
      vertex 13.2726 13.2726 0
    endloop
  endfacet
  facet normal 0.547931 0.449661 -0.705392
    outer loop
      vertex 14.2979 14.2979 1.45
      vertex 13.259 13.2892 0
      vertex 14.0865 14.5555 1.45
    endloop
  endfacet
  facet normal -0.705411 -0.0692225 -0.705411
    outer loop
      vertex 17.2 15.5 1.45
      vertex 18.6479 15.5214 0
      vertex 18.65 15.5 0
    endloop
  endfacet
  facet normal -0.705393 -0.0695398 -0.705397
    outer loop
      vertex 18.6479 15.5214 0
      vertex 17.2 15.5 1.45
      vertex 17.1673 15.8317 1.45
    endloop
  endfacet
  facet normal -0.705388 -0.0694565 -0.70541
    outer loop
      vertex 18.5895 16.1145 0
      vertex 18.6479 15.5214 0
      vertex 17.1673 15.8317 1.45
    endloop
  endfacet
  facet normal -0.207274 -0.677752 -0.705471
    outer loop
      vertex 16.1506 17.0706 1.45
      vertex 16.6849 18.4165 0
      vertex 16.7055 18.4102 0
    endloop
  endfacet
  facet normal -0.205862 -0.678246 -0.70541
    outer loop
      vertex 16.0086 17.1137 1.45
      vertex 16.6849 18.4165 0
      vertex 16.1506 17.0706 1.45
    endloop
  endfacet
  facet normal -0.205658 -0.678329 -0.705389
    outer loop
      vertex 15.94 17.1421 1.44269
      vertex 16.6849 18.4165 0
      vertex 16.0086 17.1137 1.45
    endloop
  endfacet
  facet normal -0.205259 -0.677145 -0.706642
    outer loop
      vertex 15.8317 17.1673 1.45
      vertex 15.94 17.1421 1.44269
      vertex 15.8957 17.1479 1.45
    endloop
  endfacet
  facet normal -0.205468 -0.678413 -0.705365
    outer loop
      vertex 15.94 17.1421 1.44269
      vertex 15.8317 17.1673 1.45
      vertex 16.6849 18.4165 0
    endloop
  endfacet
  facet normal -0.54797 -0.449626 -0.705383
    outer loop
      vertex 17.741 17.7108 0
      vertex 18.1191 17.25 0
      vertex 16.9135 16.4445 1.45
    endloop
  endfacet
  facet normal -0.449225 0.548319 -0.705367
    outer loop
      vertex 17.7108 13.259 0
      vertex 16.7021 14.2979 1.45
      vertex 17.7274 13.2726 0
    endloop
  endfacet
  facet normal -0.449661 0.547931 -0.705392
    outer loop
      vertex 16.7021 14.2979 1.45
      vertex 17.7108 13.259 0
      vertex 16.4445 14.0865 1.45
    endloop
  endfacet
  facet normal -0.0692225 0.705411 -0.705411
    outer loop
      vertex 15.5 13.8 1.45
      vertex 15.5214 12.3521 0
      vertex 15.5 12.35 0
    endloop
  endfacet
  facet normal -0.0695398 0.705393 -0.705397
    outer loop
      vertex 15.5214 12.3521 0
      vertex 15.5 13.8 1.45
      vertex 15.8317 13.8327 1.45
    endloop
  endfacet
  facet normal 0.705388 0.0694565 -0.70541
    outer loop
      vertex 13.8327 15.1683 1.45
      vertex 12.4105 14.8855 0
      vertex 12.3521 15.4786 0
    endloop
  endfacet
  facet normal 0.0694565 -0.705388 -0.70541
    outer loop
      vertex 15.4786 18.6479 0
      vertex 15.1683 17.1673 1.45
      vertex 14.8855 18.5895 0
    endloop
  endfacet
  facet normal 0.627992 -0.335779 -0.702053
    outer loop
      vertex 14.0278 16.35 1.44269
      vertex 14.0865 16.4445 1.45
      vertex 14.0549 16.3854 1.45
    endloop
  endfacet
  facet normal 0.624891 -0.334422 -0.705459
    outer loop
      vertex 12.8707 17.2311 0
      vertex 13.9994 16.2814 1.45
      vertex 13.9294 16.1506 1.45
    endloop
  endfacet
  facet normal 0.625282 -0.333838 -0.70539
    outer loop
      vertex 12.8707 17.2311 0
      vertex 14.0865 16.4445 1.45
      vertex 14.0278 16.35 1.44269
    endloop
  endfacet
  facet normal 0.625184 -0.33399 -0.705404
    outer loop
      vertex 13.9994 16.2814 1.45
      vertex 12.8707 17.2311 0
      vertex 14.0278 16.35 1.44269
    endloop
  endfacet
  facet normal 0.623663 -0.33658 -0.70552
    outer loop
      vertex 14.0865 16.4445 1.45
      vertex 12.8707 17.2311 0
      vertex 12.8809 17.25 0
    endloop
  endfacet
  facet normal -0.33658 0.623663 -0.70552
    outer loop
      vertex 17.2311 12.8707 0
      vertex 16.4445 14.0865 1.45
      vertex 17.25 12.8809 0
    endloop
  endfacet
  facet normal -0.333838 0.625282 -0.70539
    outer loop
      vertex 16.35 14.0278 1.44269
      vertex 16.4445 14.0865 1.45
      vertex 17.2311 12.8707 0
    endloop
  endfacet
  facet normal -0.335779 0.627992 -0.702053
    outer loop
      vertex 16.4445 14.0865 1.45
      vertex 16.35 14.0278 1.44269
      vertex 16.3854 14.0549 1.45
    endloop
  endfacet
  facet normal -0.33399 0.625184 -0.705404
    outer loop
      vertex 17.2311 12.8707 0
      vertex 16.2814 13.9994 1.45
      vertex 16.35 14.0278 1.44269
    endloop
  endfacet
  facet normal -0.334422 0.624891 -0.705459
    outer loop
      vertex 16.2814 13.9994 1.45
      vertex 17.2311 12.8707 0
      vertex 16.1506 13.9294 1.45
    endloop
  endfacet
  facet normal -0.625137 -0.334096 -0.705396
    outer loop
      vertex 18.1293 17.2311 0
      vertex 18.4102 16.7055 0
      vertex 17.0706 16.1506 1.45
    endloop
  endfacet
  facet normal -0.205723 -0.67829 -0.705408
    outer loop
      vertex 16.1145 18.5895 0
      vertex 16.6849 18.4165 0
      vertex 15.8317 17.1673 1.45
    endloop
  endfacet
  facet normal 0.705393 0.0695398 -0.705397
    outer loop
      vertex 12.3521 15.4786 0
      vertex 13.8 15.5 1.45
      vertex 13.8327 15.1683 1.45
    endloop
  endfacet
  facet normal 0.705411 0.0692225 -0.705411
    outer loop
      vertex 13.8 15.5 1.45
      vertex 12.3521 15.4786 0
      vertex 12.35 15.5 0
    endloop
  endfacet
  facet normal -0.334096 0.625137 -0.705396
    outer loop
      vertex 17.2311 12.8707 0
      vertex 16.7055 12.5898 0
      vertex 16.1506 13.9294 1.45
    endloop
  endfacet
  facet normal 0.334422 0.624891 -0.705459
    outer loop
      vertex 13.7689 12.8707 0
      vertex 14.7186 13.9994 1.45
      vertex 14.8494 13.9294 1.45
    endloop
  endfacet
  facet normal 0.335779 0.627992 -0.702053
    outer loop
      vertex 14.65 14.0278 1.44269
      vertex 14.5555 14.0865 1.45
      vertex 14.6146 14.0549 1.45
    endloop
  endfacet
  facet normal 0.33399 0.625184 -0.705404
    outer loop
      vertex 14.7186 13.9994 1.45
      vertex 13.7689 12.8707 0
      vertex 14.65 14.0278 1.44269
    endloop
  endfacet
  facet normal 0.333838 0.625282 -0.70539
    outer loop
      vertex 13.7689 12.8707 0
      vertex 14.5555 14.0865 1.45
      vertex 14.65 14.0278 1.44269
    endloop
  endfacet
  facet normal 0.33658 0.623663 -0.70552
    outer loop
      vertex 14.5555 14.0865 1.45
      vertex 13.7689 12.8707 0
      vertex 13.75 12.8809 0
    endloop
  endfacet
  facet normal 0.0694565 0.705388 -0.70541
    outer loop
      vertex 15.1683 13.8327 1.45
      vertex 15.4786 12.3521 0
      vertex 14.8855 12.4105 0
    endloop
  endfacet
  facet normal -0.205723 0.67829 -0.705408
    outer loop
      vertex 16.6849 12.5835 0
      vertex 16.1145 12.4105 0
      vertex 15.8317 13.8327 1.45
    endloop
  endfacet
  facet normal 0.67829 0.205723 -0.705408
    outer loop
      vertex 13.8327 15.1683 1.45
      vertex 12.5835 14.3151 0
      vertex 12.4105 14.8855 0
    endloop
  endfacet
  facet normal -0.33658 -0.623663 -0.70552
    outer loop
      vertex 16.4445 16.9135 1.45
      vertex 17.2311 18.1293 0
      vertex 17.25 18.1191 0
    endloop
  endfacet
  facet normal -0.335779 -0.627992 -0.702053
    outer loop
      vertex 16.35 16.9722 1.44269
      vertex 16.4445 16.9135 1.45
      vertex 16.3854 16.9451 1.45
    endloop
  endfacet
  facet normal -0.333838 -0.625282 -0.70539
    outer loop
      vertex 16.4445 16.9135 1.45
      vertex 16.35 16.9722 1.44269
      vertex 17.2311 18.1293 0
    endloop
  endfacet
  facet normal -0.33399 -0.625184 -0.705404
    outer loop
      vertex 16.2814 17.0006 1.45
      vertex 17.2311 18.1293 0
      vertex 16.35 16.9722 1.44269
    endloop
  endfacet
  facet normal -0.334422 -0.624891 -0.705459
    outer loop
      vertex 17.2311 18.1293 0
      vertex 16.2814 17.0006 1.45
      vertex 16.1506 17.0706 1.45
    endloop
  endfacet
  facet normal -0.678413 -0.205468 -0.705365
    outer loop
      vertex 17.1421 15.94 1.44269
      vertex 18.4165 16.6849 0
      vertex 17.1673 15.8317 1.45
    endloop
  endfacet
  facet normal -0.677145 -0.205259 -0.706642
    outer loop
      vertex 17.1421 15.94 1.44269
      vertex 17.1673 15.8317 1.45
      vertex 17.1479 15.8957 1.45
    endloop
  endfacet
  facet normal -0.678329 -0.205658 -0.705389
    outer loop
      vertex 17.1137 16.0086 1.45
      vertex 18.4165 16.6849 0
      vertex 17.1421 15.94 1.44269
    endloop
  endfacet
  facet normal -0.678246 -0.205862 -0.70541
    outer loop
      vertex 17.0706 16.1506 1.45
      vertex 18.4165 16.6849 0
      vertex 17.1137 16.0086 1.45
    endloop
  endfacet
  facet normal -0.677752 -0.207274 -0.705471
    outer loop
      vertex 18.4165 16.6849 0
      vertex 17.0706 16.1506 1.45
      vertex 18.4102 16.7055 0
    endloop
  endfacet
  facet normal -0.624891 -0.334422 -0.705459
    outer loop
      vertex 17.0006 16.2814 1.45
      vertex 18.1293 17.2311 0
      vertex 17.0706 16.1506 1.45
    endloop
  endfacet
  facet normal -0.625184 -0.33399 -0.705404
    outer loop
      vertex 16.9722 16.35 1.44269
      vertex 18.1293 17.2311 0
      vertex 17.0006 16.2814 1.45
    endloop
  endfacet
  facet normal -0.625282 -0.333838 -0.70539
    outer loop
      vertex 16.9135 16.4445 1.45
      vertex 18.1293 17.2311 0
      vertex 16.9722 16.35 1.44269
    endloop
  endfacet
  facet normal -0.627992 -0.335779 -0.702053
    outer loop
      vertex 16.9135 16.4445 1.45
      vertex 16.9722 16.35 1.44269
      vertex 16.9451 16.3854 1.45
    endloop
  endfacet
  facet normal -0.623663 -0.33658 -0.70552
    outer loop
      vertex 18.1293 17.2311 0
      vertex 16.9135 16.4445 1.45
      vertex 18.1191 17.25 0
    endloop
  endfacet
  facet normal -0.625137 0.334096 -0.705396
    outer loop
      vertex 18.4102 14.2945 0
      vertex 18.1293 13.7689 0
      vertex 17.0706 14.8494 1.45
    endloop
  endfacet
  facet normal 0.205259 0.677145 -0.706642
    outer loop
      vertex 15.1683 13.8327 1.45
      vertex 15.06 13.8579 1.44269
      vertex 15.1043 13.8521 1.45
    endloop
  endfacet
  facet normal 0.205658 0.678329 -0.705389
    outer loop
      vertex 14.3151 12.5835 0
      vertex 14.9914 13.8863 1.45
      vertex 15.06 13.8579 1.44269
    endloop
  endfacet
  facet normal 0.205468 0.678413 -0.705365
    outer loop
      vertex 14.3151 12.5835 0
      vertex 15.06 13.8579 1.44269
      vertex 15.1683 13.8327 1.45
    endloop
  endfacet
  facet normal 0.205862 0.678246 -0.70541
    outer loop
      vertex 14.9914 13.8863 1.45
      vertex 14.3151 12.5835 0
      vertex 14.8494 13.9294 1.45
    endloop
  endfacet
  facet normal 0.207274 0.677752 -0.705471
    outer loop
      vertex 14.8494 13.9294 1.45
      vertex 14.3151 12.5835 0
      vertex 14.2945 12.5898 0
    endloop
  endfacet
  facet normal 0.334096 -0.625137 -0.705396
    outer loop
      vertex 14.2945 18.4102 0
      vertex 14.8494 17.0706 1.45
      vertex 13.7689 18.1293 0
    endloop
  endfacet
  facet normal -0.67829 -0.205723 -0.705408
    outer loop
      vertex 18.4165 16.6849 0
      vertex 18.5895 16.1145 0
      vertex 17.1673 15.8317 1.45
    endloop
  endfacet
  facet normal -0.0692225 -0.705411 -0.705411
    outer loop
      vertex 15.5214 18.6479 0
      vertex 15.5 17.2 1.45
      vertex 15.5 18.65 0
    endloop
  endfacet
  facet normal -0.0695398 -0.705393 -0.705397
    outer loop
      vertex 15.5 17.2 1.45
      vertex 15.5214 18.6479 0
      vertex 15.8317 17.1673 1.45
    endloop
  endfacet
  facet normal -0.67829 0.205723 -0.705408
    outer loop
      vertex 18.5895 14.8855 0
      vertex 18.4165 14.3151 0
      vertex 17.1673 15.1683 1.45
    endloop
  endfacet
  facet normal 0.205723 0.67829 -0.705408
    outer loop
      vertex 15.1683 13.8327 1.45
      vertex 14.8855 12.4105 0
      vertex 14.3151 12.5835 0
    endloop
  endfacet
  facet normal 0.205723 -0.67829 -0.705408
    outer loop
      vertex 14.8855 18.5895 0
      vertex 15.1683 17.1673 1.45
      vertex 14.3151 18.4165 0
    endloop
  endfacet
  facet normal 0.627992 0.335779 -0.702053
    outer loop
      vertex 14.0865 14.5555 1.45
      vertex 14.0278 14.65 1.44269
      vertex 14.0549 14.6146 1.45
    endloop
  endfacet
  facet normal 0.625184 0.33399 -0.705404
    outer loop
      vertex 12.8707 13.7689 0
      vertex 13.9994 14.7186 1.45
      vertex 14.0278 14.65 1.44269
    endloop
  endfacet
  facet normal 0.623663 0.33658 -0.70552
    outer loop
      vertex 12.8707 13.7689 0
      vertex 14.0865 14.5555 1.45
      vertex 12.8809 13.75 0
    endloop
  endfacet
  facet normal 0.625282 0.333838 -0.70539
    outer loop
      vertex 14.0865 14.5555 1.45
      vertex 12.8707 13.7689 0
      vertex 14.0278 14.65 1.44269
    endloop
  endfacet
  facet normal 0.624891 0.334422 -0.705459
    outer loop
      vertex 13.9994 14.7186 1.45
      vertex 12.8707 13.7689 0
      vertex 13.9294 14.8494 1.45
    endloop
  endfacet
  facet normal 0.449626 0.54797 -0.705383
    outer loop
      vertex 14.5555 14.0865 1.45
      vertex 13.75 12.8809 0
      vertex 13.2892 13.259 0
    endloop
  endfacet
  facet normal -0.449626 -0.54797 -0.705383
    outer loop
      vertex 17.25 18.1191 0
      vertex 17.7108 17.741 0
      vertex 16.4445 16.9135 1.45
    endloop
  endfacet
  facet normal 0.547931 -0.449661 -0.705392
    outer loop
      vertex 13.259 17.7108 0
      vertex 14.2979 16.7021 1.45
      vertex 14.0865 16.4445 1.45
    endloop
  endfacet
  facet normal 0.548319 -0.449225 -0.705367
    outer loop
      vertex 14.2979 16.7021 1.45
      vertex 13.259 17.7108 0
      vertex 13.2726 17.7274 0
    endloop
  endfacet
  facet normal -0.0694565 0.705388 -0.70541
    outer loop
      vertex 15.8317 13.8327 1.45
      vertex 16.1145 12.4105 0
      vertex 15.5214 12.3521 0
    endloop
  endfacet
  facet normal 0.449626 -0.54797 -0.705383
    outer loop
      vertex 13.75 18.1191 0
      vertex 14.5555 16.9135 1.45
      vertex 13.2892 17.741 0
    endloop
  endfacet
  facet normal 0.678246 0.205862 -0.70541
    outer loop
      vertex 12.5835 14.3151 0
      vertex 13.8863 14.9914 1.45
      vertex 13.9294 14.8494 1.45
    endloop
  endfacet
  facet normal 0.677145 0.205259 -0.706642
    outer loop
      vertex 13.8579 15.06 1.44269
      vertex 13.8327 15.1683 1.45
      vertex 13.8521 15.1043 1.45
    endloop
  endfacet
  facet normal 0.677752 0.207274 -0.705471
    outer loop
      vertex 12.5835 14.3151 0
      vertex 13.9294 14.8494 1.45
      vertex 12.5898 14.2945 0
    endloop
  endfacet
  facet normal 0.678329 0.205658 -0.705389
    outer loop
      vertex 13.8863 14.9914 1.45
      vertex 12.5835 14.3151 0
      vertex 13.8579 15.06 1.44269
    endloop
  endfacet
  facet normal 0.678413 0.205468 -0.705365
    outer loop
      vertex 13.8579 15.06 1.44269
      vertex 12.5835 14.3151 0
      vertex 13.8327 15.1683 1.45
    endloop
  endfacet
  facet normal -0.705388 0.0694565 -0.70541
    outer loop
      vertex 18.6479 15.4786 0
      vertex 18.5895 14.8855 0
      vertex 17.1673 15.1683 1.45
    endloop
  endfacet
  facet normal -0.705411 0.0692225 -0.705411
    outer loop
      vertex 18.6479 15.4786 0
      vertex 17.2 15.5 1.45
      vertex 18.65 15.5 0
    endloop
  endfacet
  facet normal -0.705393 0.0695398 -0.705397
    outer loop
      vertex 17.2 15.5 1.45
      vertex 18.6479 15.4786 0
      vertex 17.1673 15.1683 1.45
    endloop
  endfacet
  facet normal 0.705388 -0.0694565 -0.70541
    outer loop
      vertex 12.4105 16.1145 0
      vertex 13.8327 15.8317 1.45
      vertex 12.3521 15.5214 0
    endloop
  endfacet
  facet normal 0.54797 0.449626 -0.705383
    outer loop
      vertex 14.0865 14.5555 1.45
      vertex 13.259 13.2892 0
      vertex 12.8809 13.75 0
    endloop
  endfacet
  facet normal 0.625137 0.334096 -0.705396
    outer loop
      vertex 13.9294 14.8494 1.45
      vertex 12.8707 13.7689 0
      vertex 12.5898 14.2945 0
    endloop
  endfacet
  facet normal 0.0695398 -0.705393 -0.705397
    outer loop
      vertex 15.4786 18.6479 0
      vertex 15.5 17.2 1.45
      vertex 15.1683 17.1673 1.45
    endloop
  endfacet
  facet normal 0.0692225 -0.705411 -0.705411
    outer loop
      vertex 15.5 17.2 1.45
      vertex 15.4786 18.6479 0
      vertex 15.5 18.65 0
    endloop
  endfacet
  facet normal 0.449661 0.547931 -0.705392
    outer loop
      vertex 13.2892 13.259 0
      vertex 14.2979 14.2979 1.45
      vertex 14.5555 14.0865 1.45
    endloop
  endfacet
  facet normal 0.449225 0.548319 -0.705367
    outer loop
      vertex 14.2979 14.2979 1.45
      vertex 13.2892 13.259 0
      vertex 13.2726 13.2726 0
    endloop
  endfacet
  facet normal -0.449626 0.54797 -0.705383
    outer loop
      vertex 17.7108 13.259 0
      vertex 17.25 12.8809 0
      vertex 16.4445 14.0865 1.45
    endloop
  endfacet
  facet normal 0.334096 0.625137 -0.705396
    outer loop
      vertex 14.8494 13.9294 1.45
      vertex 14.2945 12.5898 0
      vertex 13.7689 12.8707 0
    endloop
  endfacet
  facet normal -0.207274 0.677752 -0.705471
    outer loop
      vertex 16.6849 12.5835 0
      vertex 16.1506 13.9294 1.45
      vertex 16.7055 12.5898 0
    endloop
  endfacet
  facet normal -0.205862 0.678246 -0.70541
    outer loop
      vertex 16.6849 12.5835 0
      vertex 16.0086 13.8863 1.45
      vertex 16.1506 13.9294 1.45
    endloop
  endfacet
  facet normal -0.205658 0.678329 -0.705389
    outer loop
      vertex 16.6849 12.5835 0
      vertex 15.94 13.8579 1.44269
      vertex 16.0086 13.8863 1.45
    endloop
  endfacet
  facet normal -0.205468 0.678413 -0.705365
    outer loop
      vertex 15.8317 13.8327 1.45
      vertex 15.94 13.8579 1.44269
      vertex 16.6849 12.5835 0
    endloop
  endfacet
  facet normal -0.205259 0.677145 -0.706642
    outer loop
      vertex 15.94 13.8579 1.44269
      vertex 15.8317 13.8327 1.45
      vertex 15.8957 13.8521 1.45
    endloop
  endfacet
  facet normal 0.449661 -0.547931 -0.705392
    outer loop
      vertex 14.2979 16.7021 1.45
      vertex 13.2892 17.741 0
      vertex 14.5555 16.9135 1.45
    endloop
  endfacet
  facet normal 0.449225 -0.548319 -0.705367
    outer loop
      vertex 13.2892 17.741 0
      vertex 14.2979 16.7021 1.45
      vertex 13.2726 17.7274 0
    endloop
  endfacet
  facet normal 0.33399 -0.625184 -0.705404
    outer loop
      vertex 13.7689 18.1293 0
      vertex 14.7186 17.0006 1.45
      vertex 14.65 16.9722 1.44269
    endloop
  endfacet
  facet normal 0.335779 -0.627992 -0.702053
    outer loop
      vertex 14.5555 16.9135 1.45
      vertex 14.65 16.9722 1.44269
      vertex 14.6146 16.9451 1.45
    endloop
  endfacet
  facet normal 0.334422 -0.624891 -0.705459
    outer loop
      vertex 14.7186 17.0006 1.45
      vertex 13.7689 18.1293 0
      vertex 14.8494 17.0706 1.45
    endloop
  endfacet
  facet normal 0.333838 -0.625282 -0.70539
    outer loop
      vertex 14.5555 16.9135 1.45
      vertex 13.7689 18.1293 0
      vertex 14.65 16.9722 1.44269
    endloop
  endfacet
  facet normal 0.33658 -0.623663 -0.70552
    outer loop
      vertex 13.7689 18.1293 0
      vertex 14.5555 16.9135 1.45
      vertex 13.75 18.1191 0
    endloop
  endfacet
  facet normal -0.0694565 -0.705388 -0.70541
    outer loop
      vertex 16.1145 18.5895 0
      vertex 15.8317 17.1673 1.45
      vertex 15.5214 18.6479 0
    endloop
  endfacet
  facet normal -0.547931 -0.449661 -0.705392
    outer loop
      vertex 16.7021 16.7021 1.45
      vertex 17.741 17.7108 0
      vertex 16.9135 16.4445 1.45
    endloop
  endfacet
  facet normal -0.548319 -0.449225 -0.705367
    outer loop
      vertex 17.741 17.7108 0
      vertex 16.7021 16.7021 1.45
      vertex 17.7274 17.7274 0
    endloop
  endfacet
  facet normal 0.625137 -0.334096 -0.705396
    outer loop
      vertex 12.8707 17.2311 0
      vertex 13.9294 16.1506 1.45
      vertex 12.5898 16.7055 0
    endloop
  endfacet
  facet normal 0.54797 -0.449626 -0.705383
    outer loop
      vertex 13.259 17.7108 0
      vertex 14.0865 16.4445 1.45
      vertex 12.8809 17.25 0
    endloop
  endfacet
  facet normal -0.677752 0.207274 -0.705471
    outer loop
      vertex 17.0706 14.8494 1.45
      vertex 18.4165 14.3151 0
      vertex 18.4102 14.2945 0
    endloop
  endfacet
  facet normal -0.678413 0.205468 -0.705365
    outer loop
      vertex 18.4165 14.3151 0
      vertex 17.1421 15.06 1.44269
      vertex 17.1673 15.1683 1.45
    endloop
  endfacet
  facet normal -0.677145 0.205259 -0.706642
    outer loop
      vertex 17.1673 15.1683 1.45
      vertex 17.1421 15.06 1.44269
      vertex 17.1479 15.1043 1.45
    endloop
  endfacet
  facet normal -0.678329 0.205658 -0.705389
    outer loop
      vertex 18.4165 14.3151 0
      vertex 17.1137 14.9914 1.45
      vertex 17.1421 15.06 1.44269
    endloop
  endfacet
  facet normal -0.678246 0.205862 -0.70541
    outer loop
      vertex 18.4165 14.3151 0
      vertex 17.0706 14.8494 1.45
      vertex 17.1137 14.9914 1.45
    endloop
  endfacet
  facet normal -0.334096 -0.625137 -0.705396
    outer loop
      vertex 16.7055 18.4102 0
      vertex 17.2311 18.1293 0
      vertex 16.1506 17.0706 1.45
    endloop
  endfacet
  facet normal 0.678329 -0.205658 -0.705389
    outer loop
      vertex 12.5835 16.6849 0
      vertex 13.8863 16.0086 1.45
      vertex 13.8579 15.94 1.44269
    endloop
  endfacet
  facet normal 0.677145 -0.205259 -0.706642
    outer loop
      vertex 13.8327 15.8317 1.45
      vertex 13.8579 15.94 1.44269
      vertex 13.8521 15.8957 1.45
    endloop
  endfacet
  facet normal 0.678246 -0.205862 -0.70541
    outer loop
      vertex 13.8863 16.0086 1.45
      vertex 12.5835 16.6849 0
      vertex 13.9294 16.1506 1.45
    endloop
  endfacet
  facet normal 0.678413 -0.205468 -0.705365
    outer loop
      vertex 12.5835 16.6849 0
      vertex 13.8579 15.94 1.44269
      vertex 13.8327 15.8317 1.45
    endloop
  endfacet
  facet normal 0.677752 -0.207274 -0.705471
    outer loop
      vertex 13.9294 16.1506 1.45
      vertex 12.5835 16.6849 0
      vertex 12.5898 16.7055 0
    endloop
  endfacet
  facet normal 0.205259 -0.677145 -0.706642
    outer loop
      vertex 15.06 17.1421 1.44269
      vertex 15.1683 17.1673 1.45
      vertex 15.1043 17.1479 1.45
    endloop
  endfacet
  facet normal 0.205862 -0.678246 -0.70541
    outer loop
      vertex 14.3151 18.4165 0
      vertex 14.9914 17.1137 1.45
      vertex 14.8494 17.0706 1.45
    endloop
  endfacet
  facet normal 0.205468 -0.678413 -0.705365
    outer loop
      vertex 15.06 17.1421 1.44269
      vertex 14.3151 18.4165 0
      vertex 15.1683 17.1673 1.45
    endloop
  endfacet
  facet normal 0.205658 -0.678329 -0.705389
    outer loop
      vertex 14.9914 17.1137 1.45
      vertex 14.3151 18.4165 0
      vertex 15.06 17.1421 1.44269
    endloop
  endfacet
  facet normal 0.207274 -0.677752 -0.705471
    outer loop
      vertex 14.3151 18.4165 0
      vertex 14.8494 17.0706 1.45
      vertex 14.2945 18.4102 0
    endloop
  endfacet
  facet normal 0.0692225 0.705411 -0.705411
    outer loop
      vertex 15.4786 12.3521 0
      vertex 15.5 13.8 1.45
      vertex 15.5 12.35 0
    endloop
  endfacet
  facet normal 0.0695398 0.705393 -0.705397
    outer loop
      vertex 15.5 13.8 1.45
      vertex 15.4786 12.3521 0
      vertex 15.1683 13.8327 1.45
    endloop
  endfacet
  facet normal -0.623663 0.33658 -0.70552
    outer loop
      vertex 16.9135 14.5555 1.45
      vertex 18.1293 13.7689 0
      vertex 18.1191 13.75 0
    endloop
  endfacet
  facet normal -0.624891 0.334422 -0.705459
    outer loop
      vertex 18.1293 13.7689 0
      vertex 17.0006 14.7186 1.45
      vertex 17.0706 14.8494 1.45
    endloop
  endfacet
  facet normal -0.625184 0.33399 -0.705404
    outer loop
      vertex 18.1293 13.7689 0
      vertex 16.9722 14.65 1.44269
      vertex 17.0006 14.7186 1.45
    endloop
  endfacet
  facet normal -0.625282 0.333838 -0.70539
    outer loop
      vertex 18.1293 13.7689 0
      vertex 16.9135 14.5555 1.45
      vertex 16.9722 14.65 1.44269
    endloop
  endfacet
  facet normal -0.627992 0.335779 -0.702053
    outer loop
      vertex 16.9722 14.65 1.44269
      vertex 16.9135 14.5555 1.45
      vertex 16.9451 14.6146 1.45
    endloop
  endfacet
  facet normal -0.548319 0.449225 -0.705367
    outer loop
      vertex 16.7021 14.2979 1.45
      vertex 17.741 13.2892 0
      vertex 17.7274 13.2726 0
    endloop
  endfacet
  facet normal -0.547931 0.449661 -0.705392
    outer loop
      vertex 17.741 13.2892 0
      vertex 16.7021 14.2979 1.45
      vertex 16.9135 14.5555 1.45
    endloop
  endfacet
  facet normal 0 -0 -1
    outer loop
      vertex 14.0865 16.4445 1.45
      vertex 14.2979 16.7021 1.45
      vertex 14.0549 16.3854 1.45
    endloop
  endfacet
  facet normal -0 -0 -1
    outer loop
      vertex 16.4445 16.9135 1.45
      vertex 16.7021 16.7021 1.45
      vertex 16.3854 16.9451 1.45
    endloop
  endfacet
  facet normal -0 -0 -1
    outer loop
      vertex 16.9135 16.4445 1.45
      vertex 16.9451 16.3854 1.45
      vertex 16.7021 16.7021 1.45
    endloop
  endfacet
  facet normal -0 -0 -1
    outer loop
      vertex 16.1506 17.0706 1.45
      vertex 16.2814 17.0006 1.45
      vertex 16.0086 17.1137 1.45
    endloop
  endfacet
  facet normal -0 -0 -1
    outer loop
      vertex 17.0706 16.1506 1.45
      vertex 17.1137 16.0086 1.45
      vertex 17.0006 16.2814 1.45
    endloop
  endfacet
  facet normal 0 0 -1
    outer loop
      vertex 16.7021 14.2979 1.45
      vertex 16.4445 14.0865 1.45
      vertex 16.3854 14.0549 1.45
    endloop
  endfacet
  facet normal 0 0 -1
    outer loop
      vertex 15.5 13.8 1.45
      vertex 15.1683 13.8327 1.45
      vertex 15.1043 13.8521 1.45
    endloop
  endfacet
  facet normal 0 0 -1
    outer loop
      vertex 15.8957 13.8521 1.45
      vertex 15.8317 13.8327 1.45
      vertex 15.5 13.8 1.45
    endloop
  endfacet
  facet normal 0 -0 -1
    outer loop
      vertex 13.8327 15.8317 1.45
      vertex 13.8521 15.8957 1.45
      vertex 13.8 15.5 1.45
    endloop
  endfacet
  facet normal -0 -0 -1
    outer loop
      vertex 17.1673 15.8317 1.45
      vertex 17.2 15.5 1.45
      vertex 17.1479 15.8957 1.45
    endloop
  endfacet
  facet normal 0 0 -1
    outer loop
      vertex 13.9994 14.7186 1.45
      vertex 13.9294 14.8494 1.45
      vertex 13.8863 14.9914 1.45
    endloop
  endfacet
  facet normal 0 0 -1
    outer loop
      vertex 16.9451 14.6146 1.45
      vertex 16.9135 14.5555 1.45
      vertex 16.7021 14.2979 1.45
    endloop
  endfacet
  facet normal 0 -0 -1
    outer loop
      vertex 14.5555 16.9135 1.45
      vertex 14.6146 16.9451 1.45
      vertex 14.2979 16.7021 1.45
    endloop
  endfacet
  facet normal 0 0 -1
    outer loop
      vertex 13.8521 15.1043 1.45
      vertex 13.8327 15.1683 1.45
      vertex 13.8 15.5 1.45
    endloop
  endfacet
  facet normal 0 0 -1
    outer loop
      vertex 17.2 15.5 1.45
      vertex 17.1673 15.1683 1.45
      vertex 17.1479 15.1043 1.45
    endloop
  endfacet
  facet normal 0 -0 -1
    outer loop
      vertex 15.1683 17.1673 1.45
      vertex 15.5 17.2 1.45
      vertex 15.1043 17.1479 1.45
    endloop
  endfacet
  facet normal -0 -0 -1
    outer loop
      vertex 15.8317 17.1673 1.45
      vertex 15.8957 17.1479 1.45
      vertex 15.5 17.2 1.45
    endloop
  endfacet
  facet normal 0 0 -1
    outer loop
      vertex 14.2979 14.2979 1.45
      vertex 14.0865 14.5555 1.45
      vertex 14.0549 14.6146 1.45
    endloop
  endfacet
  facet normal 0 0 -1
    outer loop
      vertex 14.6146 14.0549 1.45
      vertex 14.5555 14.0865 1.45
      vertex 14.2979 14.2979 1.45
    endloop
  endfacet
  facet normal 0 -0 -1
    outer loop
      vertex 14.8494 17.0706 1.45
      vertex 14.9914 17.1137 1.45
      vertex 14.7186 17.0006 1.45
    endloop
  endfacet
  facet normal 0 0 -1
    outer loop
      vertex 16.2814 13.9994 1.45
      vertex 16.1506 13.9294 1.45
      vertex 16.0086 13.8863 1.45
    endloop
  endfacet
  facet normal 0 -0 -1
    outer loop
      vertex 13.9294 16.1506 1.45
      vertex 13.9994 16.2814 1.45
      vertex 13.8863 16.0086 1.45
    endloop
  endfacet
  facet normal 0 0 -1
    outer loop
      vertex 17.1137 14.9914 1.45
      vertex 17.0706 14.8494 1.45
      vertex 17.0006 14.7186 1.45
    endloop
  endfacet
  facet normal 0 0 -1
    outer loop
      vertex 14.9914 13.8863 1.45
      vertex 14.8494 13.9294 1.45
      vertex 14.7186 13.9994 1.45
    endloop
  endfacet
  facet normal -0.54797 0.449626 -0.705383
    outer loop
      vertex 18.1191 13.75 0
      vertex 17.741 13.2892 0
      vertex 16.9135 14.5555 1.45
    endloop
  endfacet
  facet normal 0.705393 -0.0695398 -0.705397
    outer loop
      vertex 13.8 15.5 1.45
      vertex 12.3521 15.5214 0
      vertex 13.8327 15.8317 1.45
    endloop
  endfacet
  facet normal 0.705411 -0.0692225 -0.705411
    outer loop
      vertex 12.3521 15.5214 0
      vertex 13.8 15.5 1.45
      vertex 12.35 15.5 0
    endloop
  endfacet
  facet normal 0.67829 -0.205723 -0.705408
    outer loop
      vertex 12.5835 16.6849 0
      vertex 13.8327 15.8317 1.45
      vertex 12.4105 16.1145 0
    endloop
  endfacet
  facet normal -0.923872 -0.382702 0
    outer loop
      vertex -32.909 0.82822 0
      vertex -33.2287 1.6 2.2
      vertex -33.2287 1.6 0
    endloop
  endfacet
  facet normal -0.923872 -0.382702 0
    outer loop
      vertex -33.2287 1.6 2.2
      vertex -32.909 0.82822 0
      vertex -32.909 0.82822 2.2
    endloop
  endfacet
  facet normal -0.991451 -0.130482 0
    outer loop
      vertex -32.8 0 0
      vertex -32.909 0.82822 2.2
      vertex -32.909 0.82822 0
    endloop
  endfacet
  facet normal -0.991451 -0.130482 0
    outer loop
      vertex -32.909 0.82822 2.2
      vertex -32.8 0 0
      vertex -32.8 0 2.2
    endloop
  endfacet
  facet normal 0.608786 -0.793335 0
    outer loop
      vertex -38.2627 2.26274 0
      vertex -37.6 2.77128 2.2
      vertex -38.2627 2.26274 2.2
    endloop
  endfacet
  facet normal 0.608786 -0.793335 0
    outer loop
      vertex -37.6 2.77128 2.2
      vertex -38.2627 2.26274 0
      vertex -37.6 2.77128 0
    endloop
  endfacet
  facet normal 0.382673 -0.923884 0
    outer loop
      vertex -37.6 2.77128 0
      vertex -36.8282 3.09096 2.2
      vertex -37.6 2.77128 2.2
    endloop
  endfacet
  facet normal 0.382673 -0.923884 0
    outer loop
      vertex -36.8282 3.09096 2.2
      vertex -37.6 2.77128 0
      vertex -36.8282 3.09096 0
    endloop
  endfacet
  facet normal -0.608786 0.793335 0
    outer loop
      vertex -33.7373 -2.26274 0
      vertex -34.4 -2.77128 2.2
      vertex -33.7373 -2.26274 2.2
    endloop
  endfacet
  facet normal -0.608786 0.793335 0
    outer loop
      vertex -34.4 -2.77128 2.2
      vertex -33.7373 -2.26274 0
      vertex -34.4 -2.77128 0
    endloop
  endfacet
  facet normal -0.608786 -0.793335 0
    outer loop
      vertex -34.4 2.77128 0
      vertex -33.7373 2.26274 2.2
      vertex -34.4 2.77128 2.2
    endloop
  endfacet
  facet normal -0.608786 -0.793335 -0
    outer loop
      vertex -33.7373 2.26274 2.2
      vertex -34.4 2.77128 0
      vertex -33.7373 2.26274 0
    endloop
  endfacet
  facet normal 0.130533 0.991444 -0
    outer loop
      vertex -36 -3.2 0
      vertex -36.8282 -3.09096 2.2
      vertex -36 -3.2 2.2
    endloop
  endfacet
  facet normal 0.130533 0.991444 0
    outer loop
      vertex -36.8282 -3.09096 2.2
      vertex -36 -3.2 0
      vertex -36.8282 -3.09096 0
    endloop
  endfacet
  facet normal -0.130533 -0.991444 0
    outer loop
      vertex -36 3.2 0
      vertex -35.1718 3.09096 2.2
      vertex -36 3.2 2.2
    endloop
  endfacet
  facet normal -0.130533 -0.991444 -0
    outer loop
      vertex -35.1718 3.09096 2.2
      vertex -36 3.2 0
      vertex -35.1718 3.09096 0
    endloop
  endfacet
  facet normal -0.382673 -0.923884 0
    outer loop
      vertex -35.1718 3.09096 0
      vertex -34.4 2.77128 2.2
      vertex -35.1718 3.09096 2.2
    endloop
  endfacet
  facet normal -0.382673 -0.923884 -0
    outer loop
      vertex -34.4 2.77128 2.2
      vertex -35.1718 3.09096 0
      vertex -34.4 2.77128 0
    endloop
  endfacet
  facet normal 0.608786 0.793335 -0
    outer loop
      vertex -37.6 -2.77128 0
      vertex -38.2627 -2.26274 2.2
      vertex -37.6 -2.77128 2.2
    endloop
  endfacet
  facet normal 0.608786 0.793335 0
    outer loop
      vertex -38.2627 -2.26274 2.2
      vertex -37.6 -2.77128 0
      vertex -38.2627 -2.26274 0
    endloop
  endfacet
  facet normal -0.793318 -0.608808 0
    outer loop
      vertex -33.2287 1.6 0
      vertex -33.7373 2.26274 2.2
      vertex -33.7373 2.26274 0
    endloop
  endfacet
  facet normal -0.793318 -0.608808 0
    outer loop
      vertex -33.7373 2.26274 2.2
      vertex -33.2287 1.6 0
      vertex -33.2287 1.6 2.2
    endloop
  endfacet
  facet normal -0.793318 0.608808 0
    outer loop
      vertex -33.7373 -2.26274 0
      vertex -33.2287 -1.6 2.2
      vertex -33.2287 -1.6 0
    endloop
  endfacet
  facet normal -0.793318 0.608808 0
    outer loop
      vertex -33.2287 -1.6 2.2
      vertex -33.7373 -2.26274 0
      vertex -33.7373 -2.26274 2.2
    endloop
  endfacet
  facet normal -0.382673 0.923884 0
    outer loop
      vertex -34.4 -2.77128 0
      vertex -35.1718 -3.09096 2.2
      vertex -34.4 -2.77128 2.2
    endloop
  endfacet
  facet normal -0.382673 0.923884 0
    outer loop
      vertex -35.1718 -3.09096 2.2
      vertex -34.4 -2.77128 0
      vertex -35.1718 -3.09096 0
    endloop
  endfacet
  facet normal 0.793318 -0.608808 0
    outer loop
      vertex -38.7713 1.6 2.2
      vertex -38.2627 2.26274 0
      vertex -38.2627 2.26274 2.2
    endloop
  endfacet
  facet normal 0.793318 -0.608808 0
    outer loop
      vertex -38.2627 2.26274 0
      vertex -38.7713 1.6 2.2
      vertex -38.7713 1.6 0
    endloop
  endfacet
  facet normal 0.793318 0.608808 0
    outer loop
      vertex -38.2627 -2.26274 2.2
      vertex -38.7713 -1.6 0
      vertex -38.7713 -1.6 2.2
    endloop
  endfacet
  facet normal 0.793318 0.608808 0
    outer loop
      vertex -38.7713 -1.6 0
      vertex -38.2627 -2.26274 2.2
      vertex -38.2627 -2.26274 0
    endloop
  endfacet
  facet normal -0.991451 0.130482 0
    outer loop
      vertex -32.909 -0.82822 0
      vertex -32.8 0 2.2
      vertex -32.8 0 0
    endloop
  endfacet
  facet normal -0.991451 0.130482 0
    outer loop
      vertex -32.8 0 2.2
      vertex -32.909 -0.82822 0
      vertex -32.909 -0.82822 2.2
    endloop
  endfacet
  facet normal 0.130533 -0.991444 0
    outer loop
      vertex -36.8282 3.09096 0
      vertex -36 3.2 2.2
      vertex -36.8282 3.09096 2.2
    endloop
  endfacet
  facet normal 0.130533 -0.991444 0
    outer loop
      vertex -36 3.2 2.2
      vertex -36.8282 3.09096 0
      vertex -36 3.2 0
    endloop
  endfacet
  facet normal 0.923872 0.382702 0
    outer loop
      vertex -38.7713 -1.6 2.2
      vertex -39.091 -0.82822 0
      vertex -39.091 -0.82822 2.2
    endloop
  endfacet
  facet normal 0.923872 0.382702 0
    outer loop
      vertex -39.091 -0.82822 0
      vertex -38.7713 -1.6 2.2
      vertex -38.7713 -1.6 0
    endloop
  endfacet
  facet normal 0.991451 0.130482 0
    outer loop
      vertex -39.091 -0.82822 2.2
      vertex -39.2 0 0
      vertex -39.2 0 2.2
    endloop
  endfacet
  facet normal 0.991451 0.130482 0
    outer loop
      vertex -39.2 0 0
      vertex -39.091 -0.82822 2.2
      vertex -39.091 -0.82822 0
    endloop
  endfacet
  facet normal -0.923872 0.382702 0
    outer loop
      vertex -33.2287 -1.6 0
      vertex -32.909 -0.82822 2.2
      vertex -32.909 -0.82822 0
    endloop
  endfacet
  facet normal -0.923872 0.382702 0
    outer loop
      vertex -32.909 -0.82822 2.2
      vertex -33.2287 -1.6 0
      vertex -33.2287 -1.6 2.2
    endloop
  endfacet
  facet normal 0.382673 0.923884 -0
    outer loop
      vertex -36.8282 -3.09096 0
      vertex -37.6 -2.77128 2.2
      vertex -36.8282 -3.09096 2.2
    endloop
  endfacet
  facet normal 0.382673 0.923884 0
    outer loop
      vertex -37.6 -2.77128 2.2
      vertex -36.8282 -3.09096 0
      vertex -37.6 -2.77128 0
    endloop
  endfacet
  facet normal -0.130533 0.991444 0
    outer loop
      vertex -35.1718 -3.09096 0
      vertex -36 -3.2 2.2
      vertex -35.1718 -3.09096 2.2
    endloop
  endfacet
  facet normal -0.130533 0.991444 0
    outer loop
      vertex -36 -3.2 2.2
      vertex -35.1718 -3.09096 0
      vertex -36 -3.2 0
    endloop
  endfacet
  facet normal 0.923872 -0.382702 0
    outer loop
      vertex -39.091 0.82822 2.2
      vertex -38.7713 1.6 0
      vertex -38.7713 1.6 2.2
    endloop
  endfacet
  facet normal 0.923872 -0.382702 0
    outer loop
      vertex -38.7713 1.6 0
      vertex -39.091 0.82822 2.2
      vertex -39.091 0.82822 0
    endloop
  endfacet
  facet normal 0.991451 -0.130482 0
    outer loop
      vertex -39.2 0 2.2
      vertex -39.091 0.82822 0
      vertex -39.091 0.82822 2.2
    endloop
  endfacet
  facet normal 0.991451 -0.130482 0
    outer loop
      vertex -39.091 0.82822 0
      vertex -39.2 0 2.2
      vertex -39.2 0 0
    endloop
  endfacet
  facet normal 0.39836 0.596127 0.697096
    outer loop
      vertex -39.4602 -5.97183 6
      vertex -37.6 -2.77128 2.2
      vertex -37.948 -2.53873 2.2
    endloop
  endfacet
  facet normal 0.399426 0.59546 0.697056
    outer loop
      vertex -37.6 -2.77128 2.2
      vertex -39.4602 -5.97183 6
      vertex -39.4513 -5.9778 6
    endloop
  endfacet
  facet normal -0.53827 -0.473571 0.697134
    outer loop
      vertex -33.7373 2.26274 2.2
      vertex -31.1121 4.87278 6
      vertex -31.1192 4.88085 6
    endloop
  endfacet
  facet normal -0.539037 -0.47275 0.697099
    outer loop
      vertex -31.1121 4.87278 6
      vertex -33.7373 2.26274 2.2
      vertex -33.4613 1.94804 2.2
    endloop
  endfacet
  facet normal -0.715437 -0.0469321 0.697099
    outer loop
      vertex -29.0974 0 6
      vertex -29.1558 0.890255 6
      vertex -32.8 0 2.2
    endloop
  endfacet
  facet normal -0.715453 -0.0467617 0.697094
    outer loop
      vertex -32.8274 0.417684 2.2
      vertex -29.1558 0.890255 6
      vertex -29.1565 0.900965 6
    endloop
  endfacet
  facet normal -0.715437 -0.0469325 0.697099
    outer loop
      vertex -29.1558 0.890255 6
      vertex -32.8274 0.417684 2.2
      vertex -32.8 0 2.2
    endloop
  endfacet
  facet normal 0.139884 0.703198 0.697097
    outer loop
      vertex -36.9115 -6.84142 6
      vertex -36.8282 -3.09096 2.2
      vertex -37.7865 -6.66736 6
    endloop
  endfacet
  facet normal 0.715437 -0.0469321 0.697099
    outer loop
      vertex -39.2 0 2.2
      vertex -42.8442 0.890255 6
      vertex -42.9026 0 6
    endloop
  endfacet
  facet normal -0.703216 0.139774 0.697101
    outer loop
      vertex -32.909 -0.82822 2.2
      vertex -29.1565 -0.900965 6
      vertex -32.8274 -0.417684 2.2
    endloop
  endfacet
  facet normal -0.703161 0.140272 0.697057
    outer loop
      vertex -29.1565 -0.900965 6
      vertex -32.909 -0.82822 2.2
      vertex -29.1586 -0.911492 6
    endloop
  endfacet
  facet normal 0.399426 -0.59546 0.697056
    outer loop
      vertex -39.4602 5.97183 6
      vertex -37.6 2.77128 2.2
      vertex -39.4513 5.9778 6
    endloop
  endfacet
  facet normal 0.39836 -0.596127 0.697096
    outer loop
      vertex -37.6 2.77128 2.2
      vertex -39.4602 5.97183 6
      vertex -37.948 2.53873 2.2
    endloop
  endfacet
  facet normal 0.0468051 -0.71545 0.697094
    outer loop
      vertex -36.4177 3.17262 2.2
      vertex -36.8903 6.84421 6
      vertex -36.901 6.84351 6
    endloop
  endfacet
  facet normal 0.0468968 -0.715441 0.697097
    outer loop
      vertex -36.8903 6.84421 6
      vertex -36.4177 3.17262 2.2
      vertex -36 3.2 2.2
    endloop
  endfacet
  facet normal 0.398333 -0.596142 0.697098
    outer loop
      vertex -37.948 2.53873 2.2
      vertex -39.4602 5.97183 6
      vertex -40.202 5.47617 6
    endloop
  endfacet
  facet normal -0.317101 0.643041 0.697098
    outer loop
      vertex -33.3585 -6.37714 6
      vertex -32.5583 -5.98254 6
      vertex -34.7754 -2.95641 2.2
    endloop
  endfacet
  facet normal 0.230449 0.67893 0.697099
    outer loop
      vertex -37.7967 -6.66391 6
      vertex -36.8282 -3.09096 2.2
      vertex -37.2246 -2.95641 2.2
    endloop
  endfacet
  facet normal 0.229714 0.679155 0.697122
    outer loop
      vertex -36.8282 -3.09096 2.2
      vertex -37.7967 -6.66391 6
      vertex -37.7865 -6.66736 6
    endloop
  endfacet
  facet normal 0.70321 0.139835 0.697095
    outer loop
      vertex -42.6674 -1.78651 6
      vertex -39.091 -0.82822 2.2
      vertex -42.8414 -0.911492 6
    endloop
  endfacet
  facet normal 0.317114 0.643033 0.697099
    outer loop
      vertex -37.6 -2.77128 2.2
      vertex -39.4417 -5.98254 6
      vertex -37.2246 -2.95641 2.2
    endloop
  endfacet
  facet normal 0.317418 0.642872 0.69711
    outer loop
      vertex -39.4417 -5.98254 6
      vertex -37.6 -2.77128 2.2
      vertex -39.4513 -5.9778 6
    endloop
  endfacet
  facet normal -0.398333 -0.596142 0.697098
    outer loop
      vertex -31.798 5.47617 6
      vertex -32.5398 5.97183 6
      vertex -34.052 2.53873 2.2
    endloop
  endfacet
  facet normal 0.229714 -0.679155 0.697122
    outer loop
      vertex -37.7967 6.66391 6
      vertex -36.8282 3.09096 2.2
      vertex -37.7865 6.66736 6
    endloop
  endfacet
  facet normal 0.230449 -0.67893 0.697099
    outer loop
      vertex -36.8282 3.09096 2.2
      vertex -37.7967 6.66391 6
      vertex -37.2246 2.95641 2.2
    endloop
  endfacet
  facet normal -0.595172 0.399892 0.697034
    outer loop
      vertex -33.2287 -1.6 2.2
      vertex -30.0282 -3.46021 6
      vertex -30.0222 -3.45128 6
    endloop
  endfacet
  facet normal -0.596112 0.39839 0.697091
    outer loop
      vertex -30.0282 -3.46021 6
      vertex -33.2287 -1.6 2.2
      vertex -33.4613 -1.94804 2.2
    endloop
  endfacet
  facet normal -0.0468899 0.715442 0.697097
    outer loop
      vertex -35.1097 -6.84421 6
      vertex -36 -3.2 2.2
      vertex -36 -6.90256 6
    endloop
  endfacet
  facet normal -0.472718 -0.539065 0.697099
    outer loop
      vertex -31.1272 4.88793 6
      vertex -31.798 5.47617 6
      vertex -34.052 2.53873 2.2
    endloop
  endfacet
  facet normal 0.596112 0.39839 0.697091
    outer loop
      vertex -38.7713 -1.6 2.2
      vertex -41.9718 -3.46021 6
      vertex -38.5387 -1.94804 2.2
    endloop
  endfacet
  facet normal 0.595172 0.399892 0.697034
    outer loop
      vertex -41.9718 -3.46021 6
      vertex -38.7713 -1.6 2.2
      vertex -41.9778 -3.45128 6
    endloop
  endfacet
  facet normal -0.715437 0.0469321 0.697099
    outer loop
      vertex -29.1558 -0.890255 6
      vertex -29.0974 0 6
      vertex -32.8 0 2.2
    endloop
  endfacet
  facet normal -0.139968 0.703189 0.69709
    outer loop
      vertex -35.1718 -3.09096 2.2
      vertex -35.099 -6.84351 6
      vertex -35.0885 -6.84142 6
    endloop
  endfacet
  facet normal -0.139886 0.703198 0.697097
    outer loop
      vertex -35.099 -6.84351 6
      vertex -35.1718 -3.09096 2.2
      vertex -35.5823 -3.17262 2.2
    endloop
  endfacet
  facet normal 0.0468899 0.715442 0.697097
    outer loop
      vertex -36 -6.90256 6
      vertex -36 -3.2 2.2
      vertex -36.8903 -6.84421 6
    endloop
  endfacet
  facet normal -0.398333 0.596142 0.697098
    outer loop
      vertex -32.5398 -5.97183 6
      vertex -31.798 -5.47617 6
      vertex -34.052 -2.53873 2.2
    endloop
  endfacet
  facet normal 0.317114 -0.643033 0.697099
    outer loop
      vertex -39.4417 5.98254 6
      vertex -37.6 2.77128 2.2
      vertex -37.2246 2.95641 2.2
    endloop
  endfacet
  facet normal 0.317418 -0.642872 0.69711
    outer loop
      vertex -37.6 2.77128 2.2
      vertex -39.4417 5.98254 6
      vertex -39.4513 5.9778 6
    endloop
  endfacet
  facet normal -0.643037 0.317115 0.697095
    outer loop
      vertex -30.0175 -3.44166 6
      vertex -29.6229 -2.6415 6
      vertex -33.0436 -1.22459 2.2
    endloop
  endfacet
  facet normal -0.39836 0.596127 0.697096
    outer loop
      vertex -34.4 -2.77128 2.2
      vertex -32.5398 -5.97183 6
      vertex -34.052 -2.53873 2.2
    endloop
  endfacet
  facet normal -0.399426 0.59546 0.697056
    outer loop
      vertex -32.5398 -5.97183 6
      vertex -34.4 -2.77128 2.2
      vertex -32.5487 -5.9778 6
    endloop
  endfacet
  facet normal -0.230464 0.678927 0.697097
    outer loop
      vertex -34.2033 -6.66391 6
      vertex -33.3585 -6.37714 6
      vertex -34.7754 -2.95641 2.2
    endloop
  endfacet
  facet normal 0.139884 -0.703198 0.697097
    outer loop
      vertex -36.8282 3.09096 2.2
      vertex -36.9115 6.84142 6
      vertex -37.7865 6.66736 6
    endloop
  endfacet
  facet normal -0.230449 0.67893 0.697099
    outer loop
      vertex -35.1718 -3.09096 2.2
      vertex -34.2033 -6.66391 6
      vertex -34.7754 -2.95641 2.2
    endloop
  endfacet
  facet normal -0.229714 0.679155 0.697122
    outer loop
      vertex -34.2033 -6.66391 6
      vertex -35.1718 -3.09096 2.2
      vertex -34.2135 -6.66736 6
    endloop
  endfacet
  facet normal -0.317418 0.642872 0.69711
    outer loop
      vertex -34.4 -2.77128 2.2
      vertex -32.5583 -5.98254 6
      vertex -32.5487 -5.9778 6
    endloop
  endfacet
  facet normal -0.317114 0.643033 0.697099
    outer loop
      vertex -32.5583 -5.98254 6
      vertex -34.4 -2.77128 2.2
      vertex -34.7754 -2.95641 2.2
    endloop
  endfacet
  facet normal -0.678923 0.230481 0.697095
    outer loop
      vertex -29.6229 -2.6415 6
      vertex -29.3361 -1.79668 6
      vertex -33.0436 -1.22459 2.2
    endloop
  endfacet
  facet normal -0.678046 0.233349 0.696995
    outer loop
      vertex -32.909 -0.82822 2.2
      vertex -29.3361 -1.79668 6
      vertex -29.3326 -1.78651 6
    endloop
  endfacet
  facet normal -0.678907 0.230544 0.69709
    outer loop
      vertex -29.3361 -1.79668 6
      vertex -32.909 -0.82822 2.2
      vertex -33.0436 -1.22459 2.2
    endloop
  endfacet
  facet normal 0.596162 -0.398299 0.6971
    outer loop
      vertex -38.5387 1.94804 2.2
      vertex -41.4762 4.20201 6
      vertex -41.9718 3.46021 6
    endloop
  endfacet
  facet normal 0.230464 0.678927 0.697097
    outer loop
      vertex -37.7967 -6.66391 6
      vertex -37.2246 -2.95641 2.2
      vertex -38.6415 -6.37714 6
    endloop
  endfacet
  facet normal 0.596162 0.398299 0.6971
    outer loop
      vertex -41.4762 -4.20201 6
      vertex -38.5387 -1.94804 2.2
      vertex -41.9718 -3.46021 6
    endloop
  endfacet
  facet normal 0.643037 0.317115 0.697095
    outer loop
      vertex -41.9825 -3.44166 6
      vertex -38.9564 -1.22459 2.2
      vertex -42.3771 -2.6415 6
    endloop
  endfacet
  facet normal -0.4751 0.536836 0.697199
    outer loop
      vertex -33.7373 -2.26274 2.2
      vertex -31.1272 -4.88793 6
      vertex -31.1192 -4.88085 6
    endloop
  endfacet
  facet normal -0.472738 0.539044 0.697102
    outer loop
      vertex -31.1272 -4.88793 6
      vertex -33.7373 -2.26274 2.2
      vertex -34.052 -2.53873 2.2
    endloop
  endfacet
  facet normal -0.715437 0.0469325 0.697099
    outer loop
      vertex -32.8274 -0.417684 2.2
      vertex -29.1558 -0.890255 6
      vertex -32.8 0 2.2
    endloop
  endfacet
  facet normal -0.715453 0.0467617 0.697094
    outer loop
      vertex -29.1558 -0.890255 6
      vertex -32.8274 -0.417684 2.2
      vertex -29.1565 -0.900965 6
    endloop
  endfacet
  facet normal 0.678923 0.230481 0.697095
    outer loop
      vertex -42.3771 -2.6415 6
      vertex -38.9564 -1.22459 2.2
      vertex -42.6639 -1.79668 6
    endloop
  endfacet
  facet normal -0.596162 0.398299 0.6971
    outer loop
      vertex -30.5238 -4.20201 6
      vertex -30.0282 -3.46021 6
      vertex -33.4613 -1.94804 2.2
    endloop
  endfacet
  facet normal 0.53903 0.472757 0.6971
    outer loop
      vertex -40.8879 -4.87278 6
      vertex -38.5387 -1.94804 2.2
      vertex -41.4762 -4.20201 6
    endloop
  endfacet
  facet normal -0.139884 0.703198 0.697097
    outer loop
      vertex -35.0885 -6.84142 6
      vertex -34.2135 -6.66736 6
      vertex -35.1718 -3.09096 2.2
    endloop
  endfacet
  facet normal -0.472718 0.539065 0.697099
    outer loop
      vertex -31.798 -5.47617 6
      vertex -31.1272 -4.88793 6
      vertex -34.052 -2.53873 2.2
    endloop
  endfacet
  facet normal 0.678907 0.230544 0.69709
    outer loop
      vertex -39.091 -0.82822 2.2
      vertex -42.6639 -1.79668 6
      vertex -38.9564 -1.22459 2.2
    endloop
  endfacet
  facet normal 0.678046 0.233349 0.696995
    outer loop
      vertex -42.6639 -1.79668 6
      vertex -39.091 -0.82822 2.2
      vertex -42.6674 -1.78651 6
    endloop
  endfacet
  facet normal 0.472738 0.539044 0.697102
    outer loop
      vertex -38.2627 -2.26274 2.2
      vertex -40.8728 -4.88793 6
      vertex -37.948 -2.53873 2.2
    endloop
  endfacet
  facet normal 0.4751 0.536836 0.697199
    outer loop
      vertex -40.8728 -4.88793 6
      vertex -38.2627 -2.26274 2.2
      vertex -40.8808 -4.88085 6
    endloop
  endfacet
  facet normal -0.70321 0.139835 0.697095
    outer loop
      vertex -29.3326 -1.78651 6
      vertex -29.1586 -0.911492 6
      vertex -32.909 -0.82822 2.2
    endloop
  endfacet
  facet normal 0.139886 0.703198 0.697097
    outer loop
      vertex -36.8282 -3.09096 2.2
      vertex -36.901 -6.84351 6
      vertex -36.4177 -3.17262 2.2
    endloop
  endfacet
  facet normal 0.139968 0.703189 0.69709
    outer loop
      vertex -36.901 -6.84351 6
      vertex -36.8282 -3.09096 2.2
      vertex -36.9115 -6.84142 6
    endloop
  endfacet
  facet normal 0.53827 -0.473571 0.697134
    outer loop
      vertex -40.8879 4.87278 6
      vertex -38.2627 2.26274 2.2
      vertex -40.8808 4.88085 6
    endloop
  endfacet
  facet normal 0.539037 -0.47275 0.697099
    outer loop
      vertex -38.2627 2.26274 2.2
      vertex -40.8879 4.87278 6
      vertex -38.5387 1.94804 2.2
    endloop
  endfacet
  facet normal 0.139968 -0.703189 0.69709
    outer loop
      vertex -36.8282 3.09096 2.2
      vertex -36.901 6.84351 6
      vertex -36.9115 6.84142 6
    endloop
  endfacet
  facet normal 0.139886 -0.703198 0.697097
    outer loop
      vertex -36.901 6.84351 6
      vertex -36.8282 3.09096 2.2
      vertex -36.4177 3.17262 2.2
    endloop
  endfacet
  facet normal 0.317101 0.643041 0.697098
    outer loop
      vertex -38.6415 -6.37714 6
      vertex -37.2246 -2.95641 2.2
      vertex -39.4417 -5.98254 6
    endloop
  endfacet
  facet normal 0.703216 0.139774 0.697101
    outer loop
      vertex -42.8435 -0.900965 6
      vertex -39.091 -0.82822 2.2
      vertex -39.1726 -0.417684 2.2
    endloop
  endfacet
  facet normal 0.703161 0.140272 0.697057
    outer loop
      vertex -39.091 -0.82822 2.2
      vertex -42.8435 -0.900965 6
      vertex -42.8414 -0.911492 6
    endloop
  endfacet
  facet normal 0.715437 0.0469325 0.697099
    outer loop
      vertex -42.8442 -0.890255 6
      vertex -39.1726 -0.417684 2.2
      vertex -39.2 0 2.2
    endloop
  endfacet
  facet normal 0.715453 0.0467617 0.697094
    outer loop
      vertex -39.1726 -0.417684 2.2
      vertex -42.8442 -0.890255 6
      vertex -42.8435 -0.900965 6
    endloop
  endfacet
  facet normal -0.0468051 0.71545 0.697094
    outer loop
      vertex -35.5823 -3.17262 2.2
      vertex -35.1097 -6.84421 6
      vertex -35.099 -6.84351 6
    endloop
  endfacet
  facet normal -0.0468968 0.715441 0.697097
    outer loop
      vertex -35.1097 -6.84421 6
      vertex -35.5823 -3.17262 2.2
      vertex -36 -3.2 2.2
    endloop
  endfacet
  facet normal 0 -0 1
    outer loop
      vertex -32.8274 -0.417684 2.2
      vertex -32.8 0 2.2
      vertex -32.909 -0.82822 2.2
    endloop
  endfacet
  facet normal 0 0 1
    outer loop
      vertex -37.6 2.77128 2.2
      vertex -37.948 2.53873 2.2
      vertex -38.2627 2.26274 2.2
    endloop
  endfacet
  facet normal -0 -0 1
    outer loop
      vertex -37.2246 -2.95641 2.2
      vertex -36.8282 -3.09096 2.2
      vertex -37.6 -2.77128 2.2
    endloop
  endfacet
  facet normal -0 -0 1
    outer loop
      vertex -36.4177 -3.17262 2.2
      vertex -36 -3.2 2.2
      vertex -36.8282 -3.09096 2.2
    endloop
  endfacet
  facet normal 0 0 1
    outer loop
      vertex -36.8282 3.09096 2.2
      vertex -37.2246 2.95641 2.2
      vertex -37.6 2.77128 2.2
    endloop
  endfacet
  facet normal 0 0 1
    outer loop
      vertex -32.8 0 2.2
      vertex -32.8274 0.417684 2.2
      vertex -32.909 0.82822 2.2
    endloop
  endfacet
  facet normal 0 -0 1
    outer loop
      vertex -34.052 -2.53873 2.2
      vertex -33.7373 -2.26274 2.2
      vertex -34.4 -2.77128 2.2
    endloop
  endfacet
  facet normal 0 -0 1
    outer loop
      vertex -35.5823 -3.17262 2.2
      vertex -35.1718 -3.09096 2.2
      vertex -36 -3.2 2.2
    endloop
  endfacet
  facet normal 0 0 1
    outer loop
      vertex -38.2627 2.26274 2.2
      vertex -38.5387 1.94804 2.2
      vertex -38.7713 1.6 2.2
    endloop
  endfacet
  facet normal -0 -0 1
    outer loop
      vertex -39.1726 -0.417684 2.2
      vertex -39.091 -0.82822 2.2
      vertex -39.2 0 2.2
    endloop
  endfacet
  facet normal 0 -0 1
    outer loop
      vertex -34.7754 -2.95641 2.2
      vertex -34.4 -2.77128 2.2
      vertex -35.1718 -3.09096 2.2
    endloop
  endfacet
  facet normal 0 -0 1
    outer loop
      vertex -33.4613 -1.94804 2.2
      vertex -33.2287 -1.6 2.2
      vertex -33.7373 -2.26274 2.2
    endloop
  endfacet
  facet normal 0 0 1
    outer loop
      vertex -33.2287 1.6 2.2
      vertex -33.4613 1.94804 2.2
      vertex -33.7373 2.26274 2.2
    endloop
  endfacet
  facet normal 0 0 1
    outer loop
      vertex -32.909 0.82822 2.2
      vertex -33.0436 1.22459 2.2
      vertex -33.2287 1.6 2.2
    endloop
  endfacet
  facet normal 0 0 1
    outer loop
      vertex -35.1718 3.09096 2.2
      vertex -35.5823 3.17262 2.2
      vertex -36 3.2 2.2
    endloop
  endfacet
  facet normal -0 -0 1
    outer loop
      vertex -38.9564 -1.22459 2.2
      vertex -38.7713 -1.6 2.2
      vertex -39.091 -0.82822 2.2
    endloop
  endfacet
  facet normal -0 -0 1
    outer loop
      vertex -38.5387 -1.94804 2.2
      vertex -38.2627 -2.26274 2.2
      vertex -38.7713 -1.6 2.2
    endloop
  endfacet
  facet normal 0 0 1
    outer loop
      vertex -36 3.2 2.2
      vertex -36.4177 3.17262 2.2
      vertex -36.8282 3.09096 2.2
    endloop
  endfacet
  facet normal 0 0 1
    outer loop
      vertex -39.091 0.82822 2.2
      vertex -39.1726 0.417684 2.2
      vertex -39.2 0 2.2
    endloop
  endfacet
  facet normal -0 -0 1
    outer loop
      vertex -37.948 -2.53873 2.2
      vertex -37.6 -2.77128 2.2
      vertex -38.2627 -2.26274 2.2
    endloop
  endfacet
  facet normal 0 0 1
    outer loop
      vertex -38.7713 1.6 2.2
      vertex -38.9564 1.22459 2.2
      vertex -39.091 0.82822 2.2
    endloop
  endfacet
  facet normal 0 0 1
    outer loop
      vertex -34.4 2.77128 2.2
      vertex -34.7754 2.95641 2.2
      vertex -35.1718 3.09096 2.2
    endloop
  endfacet
  facet normal 0 0 1
    outer loop
      vertex -33.7373 2.26274 2.2
      vertex -34.052 2.53873 2.2
      vertex -34.4 2.77128 2.2
    endloop
  endfacet
  facet normal 0 -0 1
    outer loop
      vertex -33.0436 -1.22459 2.2
      vertex -32.909 -0.82822 2.2
      vertex -33.2287 -1.6 2.2
    endloop
  endfacet
  facet normal -0.139884 -0.703198 0.697097
    outer loop
      vertex -34.2135 6.66736 6
      vertex -35.0885 6.84142 6
      vertex -35.1718 3.09096 2.2
    endloop
  endfacet
  facet normal 0.596112 -0.39839 0.697091
    outer loop
      vertex -41.9718 3.46021 6
      vertex -38.7713 1.6 2.2
      vertex -38.5387 1.94804 2.2
    endloop
  endfacet
  facet normal 0.595172 -0.399892 0.697034
    outer loop
      vertex -38.7713 1.6 2.2
      vertex -41.9718 3.46021 6
      vertex -41.9778 3.45128 6
    endloop
  endfacet
  facet normal 0.0468968 0.715441 0.697097
    outer loop
      vertex -36.4177 -3.17262 2.2
      vertex -36.8903 -6.84421 6
      vertex -36 -3.2 2.2
    endloop
  endfacet
  facet normal 0.0468051 0.71545 0.697094
    outer loop
      vertex -36.8903 -6.84421 6
      vertex -36.4177 -3.17262 2.2
      vertex -36.901 -6.84351 6
    endloop
  endfacet
  facet normal -0.643064 0.31707 0.69709
    outer loop
      vertex -33.2287 -1.6 2.2
      vertex -30.0175 -3.44166 6
      vertex -33.0436 -1.22459 2.2
    endloop
  endfacet
  facet normal -0.644282 0.314774 0.697007
    outer loop
      vertex -30.0175 -3.44166 6
      vertex -33.2287 -1.6 2.2
      vertex -30.0222 -3.45128 6
    endloop
  endfacet
  facet normal 0.678907 -0.230544 0.69709
    outer loop
      vertex -42.6639 1.79668 6
      vertex -39.091 0.82822 2.2
      vertex -38.9564 1.22459 2.2
    endloop
  endfacet
  facet normal 0.678046 -0.233349 0.696995
    outer loop
      vertex -39.091 0.82822 2.2
      vertex -42.6639 1.79668 6
      vertex -42.6674 1.78651 6
    endloop
  endfacet
  facet normal -0.53903 0.472757 0.6971
    outer loop
      vertex -31.1121 -4.87278 6
      vertex -30.5238 -4.20201 6
      vertex -33.4613 -1.94804 2.2
    endloop
  endfacet
  facet normal 0.53903 -0.472757 0.6971
    outer loop
      vertex -38.5387 1.94804 2.2
      vertex -40.8879 4.87278 6
      vertex -41.4762 4.20201 6
    endloop
  endfacet
  facet normal 0.715437 0.0469321 0.697099
    outer loop
      vertex -42.8442 -0.890255 6
      vertex -39.2 0 2.2
      vertex -42.9026 0 6
    endloop
  endfacet
  facet normal -0.4751 -0.536836 0.697199
    outer loop
      vertex -31.1272 4.88793 6
      vertex -33.7373 2.26274 2.2
      vertex -31.1192 4.88085 6
    endloop
  endfacet
  facet normal -0.472738 -0.539044 0.697102
    outer loop
      vertex -33.7373 2.26274 2.2
      vertex -31.1272 4.88793 6
      vertex -34.052 2.53873 2.2
    endloop
  endfacet
  facet normal 0.703161 -0.140272 0.697057
    outer loop
      vertex -42.8435 0.900965 6
      vertex -39.091 0.82822 2.2
      vertex -42.8414 0.911492 6
    endloop
  endfacet
  facet normal 0.703216 -0.139774 0.697101
    outer loop
      vertex -39.091 0.82822 2.2
      vertex -42.8435 0.900965 6
      vertex -39.1726 0.417684 2.2
    endloop
  endfacet
  facet normal -0.644282 -0.314774 0.697007
    outer loop
      vertex -33.2287 1.6 2.2
      vertex -30.0175 3.44166 6
      vertex -30.0222 3.45128 6
    endloop
  endfacet
  facet normal -0.643064 -0.31707 0.69709
    outer loop
      vertex -30.0175 3.44166 6
      vertex -33.2287 1.6 2.2
      vertex -33.0436 1.22459 2.2
    endloop
  endfacet
  facet normal -0.139886 -0.703198 0.697097
    outer loop
      vertex -35.1718 3.09096 2.2
      vertex -35.099 6.84351 6
      vertex -35.5823 3.17262 2.2
    endloop
  endfacet
  facet normal -0.139968 -0.703189 0.69709
    outer loop
      vertex -35.099 6.84351 6
      vertex -35.1718 3.09096 2.2
      vertex -35.0885 6.84142 6
    endloop
  endfacet
  facet normal 0.643064 0.31707 0.69709
    outer loop
      vertex -41.9825 -3.44166 6
      vertex -38.7713 -1.6 2.2
      vertex -38.9564 -1.22459 2.2
    endloop
  endfacet
  facet normal 0.644282 0.314774 0.697007
    outer loop
      vertex -38.7713 -1.6 2.2
      vertex -41.9825 -3.44166 6
      vertex -41.9778 -3.45128 6
    endloop
  endfacet
  facet normal 0.644282 -0.314774 0.697007
    outer loop
      vertex -41.9825 3.44166 6
      vertex -38.7713 1.6 2.2
      vertex -41.9778 3.45128 6
    endloop
  endfacet
  facet normal 0.643064 -0.31707 0.69709
    outer loop
      vertex -38.7713 1.6 2.2
      vertex -41.9825 3.44166 6
      vertex -38.9564 1.22459 2.2
    endloop
  endfacet
  facet normal -0.539037 0.47275 0.697099
    outer loop
      vertex -33.7373 -2.26274 2.2
      vertex -31.1121 -4.87278 6
      vertex -33.4613 -1.94804 2.2
    endloop
  endfacet
  facet normal -0.53827 0.473571 0.697134
    outer loop
      vertex -31.1121 -4.87278 6
      vertex -33.7373 -2.26274 2.2
      vertex -31.1192 -4.88085 6
    endloop
  endfacet
  facet normal 0.70321 -0.139835 0.697095
    outer loop
      vertex -39.091 0.82822 2.2
      vertex -42.6674 1.78651 6
      vertex -42.8414 0.911492 6
    endloop
  endfacet
  facet normal 0.715453 -0.0467617 0.697094
    outer loop
      vertex -42.8442 0.890255 6
      vertex -39.1726 0.417684 2.2
      vertex -42.8435 0.900965 6
    endloop
  endfacet
  facet normal 0.715437 -0.0469325 0.697099
    outer loop
      vertex -39.1726 0.417684 2.2
      vertex -42.8442 0.890255 6
      vertex -39.2 0 2.2
    endloop
  endfacet
  facet normal 0.539037 0.47275 0.697099
    outer loop
      vertex -40.8879 -4.87278 6
      vertex -38.2627 -2.26274 2.2
      vertex -38.5387 -1.94804 2.2
    endloop
  endfacet
  facet normal 0.53827 0.473571 0.697134
    outer loop
      vertex -38.2627 -2.26274 2.2
      vertex -40.8879 -4.87278 6
      vertex -40.8808 -4.88085 6
    endloop
  endfacet
  facet normal 0.472718 -0.539065 0.697099
    outer loop
      vertex -37.948 2.53873 2.2
      vertex -40.202 5.47617 6
      vertex -40.8728 4.88793 6
    endloop
  endfacet
  facet normal 0.398333 0.596142 0.697098
    outer loop
      vertex -39.4602 -5.97183 6
      vertex -37.948 -2.53873 2.2
      vertex -40.202 -5.47617 6
    endloop
  endfacet
  facet normal 0.472718 0.539065 0.697099
    outer loop
      vertex -40.202 -5.47617 6
      vertex -37.948 -2.53873 2.2
      vertex -40.8728 -4.88793 6
    endloop
  endfacet
  facet normal 0.678923 -0.230481 0.697095
    outer loop
      vertex -38.9564 1.22459 2.2
      vertex -42.3771 2.6415 6
      vertex -42.6639 1.79668 6
    endloop
  endfacet
  facet normal -0.678923 -0.230481 0.697095
    outer loop
      vertex -29.3361 1.79668 6
      vertex -29.6229 2.6415 6
      vertex -33.0436 1.22459 2.2
    endloop
  endfacet
  facet normal 0.0468899 -0.715442 0.697097
    outer loop
      vertex -36 3.2 2.2
      vertex -36 6.90256 6
      vertex -36.8903 6.84421 6
    endloop
  endfacet
  facet normal -0.0468899 -0.715442 0.697097
    outer loop
      vertex -35.1097 6.84421 6
      vertex -36 6.90256 6
      vertex -36 3.2 2.2
    endloop
  endfacet
  facet normal -0.643037 -0.317115 0.697095
    outer loop
      vertex -29.6229 2.6415 6
      vertex -30.0175 3.44166 6
      vertex -33.0436 1.22459 2.2
    endloop
  endfacet
  facet normal -0.317418 -0.642872 0.69711
    outer loop
      vertex -32.5583 5.98254 6
      vertex -34.4 2.77128 2.2
      vertex -32.5487 5.9778 6
    endloop
  endfacet
  facet normal -0.317114 -0.643033 0.697099
    outer loop
      vertex -34.4 2.77128 2.2
      vertex -32.5583 5.98254 6
      vertex -34.7754 2.95641 2.2
    endloop
  endfacet
  facet normal -0.0468968 -0.715441 0.697097
    outer loop
      vertex -35.5823 3.17262 2.2
      vertex -35.1097 6.84421 6
      vertex -36 3.2 2.2
    endloop
  endfacet
  facet normal -0.0468051 -0.71545 0.697094
    outer loop
      vertex -35.1097 6.84421 6
      vertex -35.5823 3.17262 2.2
      vertex -35.099 6.84351 6
    endloop
  endfacet
  facet normal -0.595172 -0.399892 0.697034
    outer loop
      vertex -30.0282 3.46021 6
      vertex -33.2287 1.6 2.2
      vertex -30.0222 3.45128 6
    endloop
  endfacet
  facet normal -0.596112 -0.39839 0.697091
    outer loop
      vertex -33.2287 1.6 2.2
      vertex -30.0282 3.46021 6
      vertex -33.4613 1.94804 2.2
    endloop
  endfacet
  facet normal -0.317101 -0.643041 0.697098
    outer loop
      vertex -32.5583 5.98254 6
      vertex -33.3585 6.37714 6
      vertex -34.7754 2.95641 2.2
    endloop
  endfacet
  facet normal 0.230464 -0.678927 0.697097
    outer loop
      vertex -37.2246 2.95641 2.2
      vertex -37.7967 6.66391 6
      vertex -38.6415 6.37714 6
    endloop
  endfacet
  facet normal 0.472738 -0.539044 0.697102
    outer loop
      vertex -40.8728 4.88793 6
      vertex -38.2627 2.26274 2.2
      vertex -37.948 2.53873 2.2
    endloop
  endfacet
  facet normal 0.4751 -0.536836 0.697199
    outer loop
      vertex -38.2627 2.26274 2.2
      vertex -40.8728 4.88793 6
      vertex -40.8808 4.88085 6
    endloop
  endfacet
  facet normal 0.317101 -0.643041 0.697098
    outer loop
      vertex -37.2246 2.95641 2.2
      vertex -38.6415 6.37714 6
      vertex -39.4417 5.98254 6
    endloop
  endfacet
  facet normal 0.643037 -0.317115 0.697095
    outer loop
      vertex -38.9564 1.22459 2.2
      vertex -41.9825 3.44166 6
      vertex -42.3771 2.6415 6
    endloop
  endfacet
  facet normal -0.230464 -0.678927 0.697097
    outer loop
      vertex -33.3585 6.37714 6
      vertex -34.2033 6.66391 6
      vertex -34.7754 2.95641 2.2
    endloop
  endfacet
  facet normal -0.229714 -0.679155 0.697122
    outer loop
      vertex -35.1718 3.09096 2.2
      vertex -34.2033 6.66391 6
      vertex -34.2135 6.66736 6
    endloop
  endfacet
  facet normal -0.230449 -0.67893 0.697099
    outer loop
      vertex -34.2033 6.66391 6
      vertex -35.1718 3.09096 2.2
      vertex -34.7754 2.95641 2.2
    endloop
  endfacet
  facet normal -0.596162 -0.398299 0.6971
    outer loop
      vertex -30.0282 3.46021 6
      vertex -30.5238 4.20201 6
      vertex -33.4613 1.94804 2.2
    endloop
  endfacet
  facet normal -0.399426 -0.59546 0.697056
    outer loop
      vertex -34.4 2.77128 2.2
      vertex -32.5398 5.97183 6
      vertex -32.5487 5.9778 6
    endloop
  endfacet
  facet normal -0.39836 -0.596127 0.697096
    outer loop
      vertex -32.5398 5.97183 6
      vertex -34.4 2.77128 2.2
      vertex -34.052 2.53873 2.2
    endloop
  endfacet
  facet normal -0.53903 -0.472757 0.6971
    outer loop
      vertex -30.5238 4.20201 6
      vertex -31.1121 4.87278 6
      vertex -33.4613 1.94804 2.2
    endloop
  endfacet
  facet normal -0.70321 -0.139835 0.697095
    outer loop
      vertex -29.1586 0.911492 6
      vertex -29.3326 1.78651 6
      vertex -32.909 0.82822 2.2
    endloop
  endfacet
  facet normal -0.703161 -0.140272 0.697057
    outer loop
      vertex -32.909 0.82822 2.2
      vertex -29.1565 0.900965 6
      vertex -29.1586 0.911492 6
    endloop
  endfacet
  facet normal -0.703216 -0.139774 0.697101
    outer loop
      vertex -29.1565 0.900965 6
      vertex -32.909 0.82822 2.2
      vertex -32.8274 0.417684 2.2
    endloop
  endfacet
  facet normal -0.678046 -0.233349 0.696995
    outer loop
      vertex -29.3361 1.79668 6
      vertex -32.909 0.82822 2.2
      vertex -29.3326 1.78651 6
    endloop
  endfacet
  facet normal -0.678907 -0.230544 0.69709
    outer loop
      vertex -32.909 0.82822 2.2
      vertex -29.3361 1.79668 6
      vertex -33.0436 1.22459 2.2
    endloop
  endfacet
  facet normal -0.923875 -0.382694 0
    outer loop
      vertex 21.091 32.0051 0
      vertex 20.7713 32.7769 2.2
      vertex 20.7713 32.7769 0
    endloop
  endfacet
  facet normal -0.923875 -0.382694 0
    outer loop
      vertex 20.7713 32.7769 2.2
      vertex 21.091 32.0051 0
      vertex 21.091 32.0051 2.2
    endloop
  endfacet
  facet normal -0.99145 -0.130485 0
    outer loop
      vertex 21.2 31.1769 0
      vertex 21.091 32.0051 2.2
      vertex 21.091 32.0051 0
    endloop
  endfacet
  facet normal -0.99145 -0.130485 0
    outer loop
      vertex 21.091 32.0051 2.2
      vertex 21.2 31.1769 0
      vertex 21.2 31.1769 2.2
    endloop
  endfacet
  facet normal 0.608756 -0.793358 0
    outer loop
      vertex 15.7373 33.4397 0
      vertex 16.4 33.9482 2.2
      vertex 15.7373 33.4397 2.2
    endloop
  endfacet
  facet normal 0.608756 -0.793358 0
    outer loop
      vertex 16.4 33.9482 2.2
      vertex 15.7373 33.4397 0
      vertex 16.4 33.9482 0
    endloop
  endfacet
  facet normal 0.382694 -0.923875 0
    outer loop
      vertex 16.4 33.9482 0
      vertex 17.1718 34.2679 2.2
      vertex 16.4 33.9482 2.2
    endloop
  endfacet
  facet normal 0.382694 -0.923875 0
    outer loop
      vertex 17.1718 34.2679 2.2
      vertex 16.4 33.9482 0
      vertex 17.1718 34.2679 0
    endloop
  endfacet
  facet normal -0.608831 0.7933 0
    outer loop
      vertex 20.2627 28.9142 0
      vertex 19.6 28.4056 2.2
      vertex 20.2627 28.9142 2.2
    endloop
  endfacet
  facet normal -0.608831 0.7933 0
    outer loop
      vertex 19.6 28.4056 2.2
      vertex 20.2627 28.9142 0
      vertex 19.6 28.4056 0
    endloop
  endfacet
  facet normal -0.608756 -0.793358 0
    outer loop
      vertex 19.6 33.9482 0
      vertex 20.2627 33.4397 2.2
      vertex 19.6 33.9482 2.2
    endloop
  endfacet
  facet normal -0.608756 -0.793358 -0
    outer loop
      vertex 20.2627 33.4397 2.2
      vertex 19.6 33.9482 0
      vertex 20.2627 33.4397 0
    endloop
  endfacet
  facet normal 0.130603 0.991435 -0
    outer loop
      vertex 18 27.9769 0
      vertex 17.1718 28.086 2.2
      vertex 18 27.9769 2.2
    endloop
  endfacet
  facet normal 0.130603 0.991435 0
    outer loop
      vertex 17.1718 28.086 2.2
      vertex 18 27.9769 0
      vertex 17.1718 28.086 0
    endloop
  endfacet
  facet normal -0.130485 -0.99145 0
    outer loop
      vertex 18 34.3769 0
      vertex 18.8282 34.2679 2.2
      vertex 18 34.3769 2.2
    endloop
  endfacet
  facet normal -0.130485 -0.99145 -0
    outer loop
      vertex 18.8282 34.2679 2.2
      vertex 18 34.3769 0
      vertex 18.8282 34.2679 0
    endloop
  endfacet
  facet normal -0.382694 -0.923875 0
    outer loop
      vertex 18.8282 34.2679 0
      vertex 19.6 33.9482 2.2
      vertex 18.8282 34.2679 2.2
    endloop
  endfacet
  facet normal -0.382694 -0.923875 -0
    outer loop
      vertex 19.6 33.9482 2.2
      vertex 18.8282 34.2679 0
      vertex 19.6 33.9482 0
    endloop
  endfacet
  facet normal 0.608831 0.7933 -0
    outer loop
      vertex 16.4 28.4056 0
      vertex 15.7373 28.9142 2.2
      vertex 16.4 28.4056 2.2
    endloop
  endfacet
  facet normal 0.608831 0.7933 0
    outer loop
      vertex 15.7373 28.9142 2.2
      vertex 16.4 28.4056 0
      vertex 15.7373 28.9142 0
    endloop
  endfacet
  facet normal -0.7933 0.608831 0
    outer loop
      vertex 20.2627 28.9142 0
      vertex 20.7713 29.5769 2.2
      vertex 20.7713 29.5769 0
    endloop
  endfacet
  facet normal -0.7933 0.608831 0
    outer loop
      vertex 20.7713 29.5769 2.2
      vertex 20.2627 28.9142 0
      vertex 20.2627 28.9142 2.2
    endloop
  endfacet
  facet normal -0.382591 0.923918 0
    outer loop
      vertex 19.6 28.4056 0
      vertex 18.8282 28.086 2.2
      vertex 19.6 28.4056 2.2
    endloop
  endfacet
  facet normal -0.382591 0.923918 0
    outer loop
      vertex 18.8282 28.086 2.2
      vertex 19.6 28.4056 0
      vertex 18.8282 28.086 0
    endloop
  endfacet
  facet normal 0.793344 -0.608773 0
    outer loop
      vertex 15.2287 32.7769 2.2
      vertex 15.7373 33.4397 0
      vertex 15.7373 33.4397 2.2
    endloop
  endfacet
  facet normal 0.793344 -0.608773 0
    outer loop
      vertex 15.7373 33.4397 0
      vertex 15.2287 32.7769 2.2
      vertex 15.2287 32.7769 0
    endloop
  endfacet
  facet normal 0.7933 0.608831 0
    outer loop
      vertex 15.7373 28.9142 2.2
      vertex 15.2287 29.5769 0
      vertex 15.2287 29.5769 2.2
    endloop
  endfacet
  facet normal 0.7933 0.608831 0
    outer loop
      vertex 15.2287 29.5769 0
      vertex 15.7373 28.9142 2.2
      vertex 15.7373 28.9142 0
    endloop
  endfacet
  facet normal -0.99145 0.130485 0
    outer loop
      vertex 21.091 30.3487 0
      vertex 21.2 31.1769 2.2
      vertex 21.2 31.1769 0
    endloop
  endfacet
  facet normal -0.99145 0.130485 0
    outer loop
      vertex 21.2 31.1769 2.2
      vertex 21.091 30.3487 0
      vertex 21.091 30.3487 2.2
    endloop
  endfacet
  facet normal 0.130485 -0.99145 0
    outer loop
      vertex 17.1718 34.2679 0
      vertex 18 34.3769 2.2
      vertex 17.1718 34.2679 2.2
    endloop
  endfacet
  facet normal 0.130485 -0.99145 0
    outer loop
      vertex 18 34.3769 2.2
      vertex 17.1718 34.2679 0
      vertex 18 34.3769 0
    endloop
  endfacet
  facet normal 0.923875 0.382694 0
    outer loop
      vertex 15.2287 29.5769 2.2
      vertex 14.909 30.3487 0
      vertex 14.909 30.3487 2.2
    endloop
  endfacet
  facet normal 0.923875 0.382694 0
    outer loop
      vertex 14.909 30.3487 0
      vertex 15.2287 29.5769 2.2
      vertex 15.2287 29.5769 0
    endloop
  endfacet
  facet normal 0.99145 0.130485 0
    outer loop
      vertex 14.909 30.3487 2.2
      vertex 14.8 31.1769 0
      vertex 14.8 31.1769 2.2
    endloop
  endfacet
  facet normal 0.99145 0.130485 0
    outer loop
      vertex 14.8 31.1769 0
      vertex 14.909 30.3487 2.2
      vertex 14.909 30.3487 0
    endloop
  endfacet
  facet normal -0.923875 0.382694 0
    outer loop
      vertex 20.7713 29.5769 0
      vertex 21.091 30.3487 2.2
      vertex 21.091 30.3487 0
    endloop
  endfacet
  facet normal -0.923875 0.382694 0
    outer loop
      vertex 21.091 30.3487 2.2
      vertex 20.7713 29.5769 0
      vertex 20.7713 29.5769 2.2
    endloop
  endfacet
  facet normal 0.382591 0.923918 -0
    outer loop
      vertex 17.1718 28.086 0
      vertex 16.4 28.4056 2.2
      vertex 17.1718 28.086 2.2
    endloop
  endfacet
  facet normal 0.382591 0.923918 0
    outer loop
      vertex 16.4 28.4056 2.2
      vertex 17.1718 28.086 0
      vertex 16.4 28.4056 0
    endloop
  endfacet
  facet normal -0.130603 0.991435 0
    outer loop
      vertex 18.8282 28.086 0
      vertex 18 27.9769 2.2
      vertex 18.8282 28.086 2.2
    endloop
  endfacet
  facet normal -0.130603 0.991435 0
    outer loop
      vertex 18 27.9769 2.2
      vertex 18.8282 28.086 0
      vertex 18 27.9769 0
    endloop
  endfacet
  facet normal -0.793344 -0.608773 0
    outer loop
      vertex 20.7713 32.7769 0
      vertex 20.2627 33.4397 2.2
      vertex 20.2627 33.4397 0
    endloop
  endfacet
  facet normal -0.793344 -0.608773 0
    outer loop
      vertex 20.2627 33.4397 2.2
      vertex 20.7713 32.7769 0
      vertex 20.7713 32.7769 2.2
    endloop
  endfacet
  facet normal 0.923875 -0.382694 0
    outer loop
      vertex 14.909 32.0051 2.2
      vertex 15.2287 32.7769 0
      vertex 15.2287 32.7769 2.2
    endloop
  endfacet
  facet normal 0.923875 -0.382694 0
    outer loop
      vertex 15.2287 32.7769 0
      vertex 14.909 32.0051 2.2
      vertex 14.909 32.0051 0
    endloop
  endfacet
  facet normal 0.99145 -0.130485 0
    outer loop
      vertex 14.8 31.1769 2.2
      vertex 14.909 32.0051 0
      vertex 14.909 32.0051 2.2
    endloop
  endfacet
  facet normal 0.99145 -0.130485 0
    outer loop
      vertex 14.909 32.0051 0
      vertex 14.8 31.1769 2.2
      vertex 14.8 31.1769 0
    endloop
  endfacet
  facet normal 0.398423 0.596092 0.697089
    outer loop
      vertex 14.5398 25.2051 6
      vertex 16.4 28.4056 2.2
      vertex 16.052 28.6382 2.2
    endloop
  endfacet
  facet normal 0.400839 0.594578 0.696997
    outer loop
      vertex 16.4 28.4056 2.2
      vertex 14.5398 25.2051 6
      vertex 14.5487 25.1991 6
    endloop
  endfacet
  facet normal -0.539173 -0.472608 0.69709
    outer loop
      vertex 20.2627 33.4397 2.2
      vertex 22.8879 36.0497 6
      vertex 22.8808 36.0578 6
    endloop
  endfacet
  facet normal -0.539039 -0.472751 0.697096
    outer loop
      vertex 22.8879 36.0497 6
      vertex 20.2627 33.4397 2.2
      vertex 20.5387 33.125 2.2
    endloop
  endfacet
  facet normal -0.715437 -0.0469297 0.697099
    outer loop
      vertex 24.9026 31.1769 6
      vertex 24.8442 32.0672 6
      vertex 21.2 31.1769 2.2
    endloop
  endfacet
  facet normal -0.715449 -0.0468051 0.697095
    outer loop
      vertex 21.1726 31.5946 2.2
      vertex 24.8442 32.0672 6
      vertex 24.8435 32.0779 6
    endloop
  endfacet
  facet normal -0.715437 -0.0469307 0.697099
    outer loop
      vertex 24.8442 32.0672 6
      vertex 21.1726 31.5946 2.2
      vertex 21.2 31.1769 2.2
    endloop
  endfacet
  facet normal 0.139915 0.703191 0.697098
    outer loop
      vertex 17.0885 24.3355 6
      vertex 17.1718 28.086 2.2
      vertex 16.2135 24.5096 6
    endloop
  endfacet
  facet normal 0.715437 -0.0469297 0.697099
    outer loop
      vertex 14.8 31.1769 2.2
      vertex 11.1558 32.0672 6
      vertex 11.0974 31.1769 6
    endloop
  endfacet
  facet normal -0.703214 0.139786 0.697101
    outer loop
      vertex 21.091 30.3487 2.2
      vertex 24.8435 30.2759 6
      vertex 21.1726 30.7592 2.2
    endloop
  endfacet
  facet normal -0.703121 0.140624 0.697026
    outer loop
      vertex 24.8435 30.2759 6
      vertex 21.091 30.3487 2.2
      vertex 24.8414 30.2654 6
    endloop
  endfacet
  facet normal 0.400839 -0.594578 0.696997
    outer loop
      vertex 14.5398 37.1487 6
      vertex 16.4 33.9482 2.2
      vertex 14.5487 37.1547 6
    endloop
  endfacet
  facet normal 0.398423 -0.596092 0.697089
    outer loop
      vertex 16.4 33.9482 2.2
      vertex 14.5398 37.1487 6
      vertex 16.052 33.7156 2.2
    endloop
  endfacet
  facet normal 0.0468051 -0.715449 0.697095
    outer loop
      vertex 17.5823 34.3495 2.2
      vertex 17.1097 38.0211 6
      vertex 17.099 38.0204 6
    endloop
  endfacet
  facet normal 0.0469307 -0.715437 0.697099
    outer loop
      vertex 17.1097 38.0211 6
      vertex 17.5823 34.3495 2.2
      vertex 18 34.3769 2.2
    endloop
  endfacet
  facet normal 0.398298 -0.596161 0.697102
    outer loop
      vertex 16.052 33.7156 2.2
      vertex 14.5398 37.1487 6
      vertex 13.798 36.6531 6
    endloop
  endfacet
  facet normal -0.317102 0.643044 0.697095
    outer loop
      vertex 20.6415 24.7998 6
      vertex 21.4417 25.1944 6
      vertex 19.2246 28.2205 2.2
    endloop
  endfacet
  facet normal 0.23037 0.67895 0.697106
    outer loop
      vertex 16.2033 24.513 6
      vertex 17.1718 28.086 2.2
      vertex 16.7754 28.2205 2.2
    endloop
  endfacet
  facet normal 0.22669 0.68007 0.697221
    outer loop
      vertex 17.1718 28.086 2.2
      vertex 16.2033 24.513 6
      vertex 16.2135 24.5096 6
    endloop
  endfacet
  facet normal 0.703209 0.139838 0.697096
    outer loop
      vertex 11.3326 29.3904 6
      vertex 14.909 30.3487 2.2
      vertex 11.1586 30.2654 6
    endloop
  endfacet
  facet normal 0.317076 0.643059 0.697092
    outer loop
      vertex 16.4 28.4056 2.2
      vertex 14.5583 25.1944 6
      vertex 16.7754 28.2205 2.2
    endloop
  endfacet
  facet normal 0.315294 0.644005 0.697028
    outer loop
      vertex 14.5583 25.1944 6
      vertex 16.4 28.4056 2.2
      vertex 14.5487 25.1991 6
    endloop
  endfacet
  facet normal -0.398298 -0.596161 0.697102
    outer loop
      vertex 22.202 36.6531 6
      vertex 21.4602 37.1487 6
      vertex 19.948 33.7156 2.2
    endloop
  endfacet
  facet normal 0.232728 -0.678236 0.697018
    outer loop
      vertex 16.2033 37.8408 6
      vertex 17.1718 34.2679 2.2
      vertex 16.2135 37.8443 6
    endloop
  endfacet
  facet normal 0.230528 -0.678911 0.697092
    outer loop
      vertex 17.1718 34.2679 2.2
      vertex 16.2033 37.8408 6
      vertex 16.7754 34.1333 2.2
    endloop
  endfacet
  facet normal -0.594578 0.400839 0.696997
    outer loop
      vertex 20.7713 29.5769 2.2
      vertex 23.9718 27.7167 6
      vertex 23.9778 27.7256 6
    endloop
  endfacet
  facet normal -0.596092 0.398423 0.697089
    outer loop
      vertex 23.9718 27.7167 6
      vertex 20.7713 29.5769 2.2
      vertex 20.5387 29.2289 2.2
    endloop
  endfacet
  facet normal -0.0468501 0.715449 0.697092
    outer loop
      vertex 18.8903 24.3327 6
      vertex 18 27.9769 2.2
      vertex 18 24.2744 6
    endloop
  endfacet
  facet normal -0.472743 -0.539038 0.697102
    outer loop
      vertex 22.8728 36.0648 6
      vertex 22.202 36.6531 6
      vertex 19.948 33.7156 2.2
    endloop
  endfacet
  facet normal 0.596092 0.398423 0.697089
    outer loop
      vertex 15.2287 29.5769 2.2
      vertex 12.0282 27.7167 6
      vertex 15.4613 29.2289 2.2
    endloop
  endfacet
  facet normal 0.594578 0.400839 0.696997
    outer loop
      vertex 12.0282 27.7167 6
      vertex 15.2287 29.5769 2.2
      vertex 12.0222 27.7256 6
    endloop
  endfacet
  facet normal -0.715437 0.046935 0.697099
    outer loop
      vertex 24.8442 30.2867 6
      vertex 24.9026 31.1769 6
      vertex 21.2 31.1769 2.2
    endloop
  endfacet
  facet normal -0.140622 0.703112 0.697036
    outer loop
      vertex 18.8282 28.086 2.2
      vertex 18.901 24.3334 6
      vertex 18.9115 24.3355 6
    endloop
  endfacet
  facet normal -0.139952 0.703186 0.697096
    outer loop
      vertex 18.901 24.3334 6
      vertex 18.8282 28.086 2.2
      vertex 18.4177 28.0043 2.2
    endloop
  endfacet
  facet normal 0.0468501 0.715449 0.697092
    outer loop
      vertex 18 24.2744 6
      vertex 18 27.9769 2.2
      vertex 17.1097 24.3327 6
    endloop
  endfacet
  facet normal -0.398298 0.596161 0.697102
    outer loop
      vertex 21.4602 25.2051 6
      vertex 22.202 25.7007 6
      vertex 19.948 28.6382 2.2
    endloop
  endfacet
  facet normal 0.317072 -0.643052 0.697101
    outer loop
      vertex 14.5583 37.1595 6
      vertex 16.4 33.9482 2.2
      vertex 16.7754 34.1333 2.2
    endloop
  endfacet
  facet normal 0.320588 -0.641176 0.69722
    outer loop
      vertex 16.4 33.9482 2.2
      vertex 14.5583 37.1595 6
      vertex 14.5487 37.1547 6
    endloop
  endfacet
  facet normal -0.643029 0.317134 0.697094
    outer loop
      vertex 23.9825 27.7353 6
      vertex 24.3771 28.5354 6
      vertex 20.9564 29.9523 2.2
    endloop
  endfacet
  facet normal -0.398423 0.596092 0.697089
    outer loop
      vertex 19.6 28.4056 2.2
      vertex 21.4602 25.2051 6
      vertex 19.948 28.6382 2.2
    endloop
  endfacet
  facet normal -0.400839 0.594578 0.696997
    outer loop
      vertex 21.4602 25.2051 6
      vertex 19.6 28.4056 2.2
      vertex 21.4513 25.1991 6
    endloop
  endfacet
  facet normal -0.230486 0.678921 0.697095
    outer loop
      vertex 19.7967 24.513 6
      vertex 20.6415 24.7998 6
      vertex 19.2246 28.2205 2.2
    endloop
  endfacet
  facet normal 0.139838 -0.703209 0.697096
    outer loop
      vertex 17.1718 34.2679 2.2
      vertex 17.0885 38.0183 6
      vertex 16.2135 37.8443 6
    endloop
  endfacet
  facet normal -0.23037 0.67895 0.697106
    outer loop
      vertex 18.8282 28.086 2.2
      vertex 19.7967 24.513 6
      vertex 19.2246 28.2205 2.2
    endloop
  endfacet
  facet normal -0.22669 0.68007 0.697221
    outer loop
      vertex 19.7967 24.513 6
      vertex 18.8282 28.086 2.2
      vertex 19.7865 24.5096 6
    endloop
  endfacet
  facet normal -0.315294 0.644005 0.697028
    outer loop
      vertex 19.6 28.4056 2.2
      vertex 21.4417 25.1944 6
      vertex 21.4513 25.1991 6
    endloop
  endfacet
  facet normal -0.317076 0.643059 0.697092
    outer loop
      vertex 21.4417 25.1944 6
      vertex 19.6 28.4056 2.2
      vertex 19.2246 28.2205 2.2
    endloop
  endfacet
  facet normal -0.678921 0.230486 0.697095
    outer loop
      vertex 24.3771 28.5354 6
      vertex 24.6639 29.3802 6
      vertex 20.9564 29.9523 2.2
    endloop
  endfacet
  facet normal -0.678236 0.232728 0.697018
    outer loop
      vertex 21.091 30.3487 2.2
      vertex 24.6639 29.3802 6
      vertex 24.6674 29.3904 6
    endloop
  endfacet
  facet normal -0.678911 0.230528 0.697092
    outer loop
      vertex 24.6639 29.3802 6
      vertex 21.091 30.3487 2.2
      vertex 20.9564 29.9523 2.2
    endloop
  endfacet
  facet normal 0.596165 -0.398301 0.697096
    outer loop
      vertex 15.4613 33.125 2.2
      vertex 12.5238 35.3789 6
      vertex 12.0282 34.6371 6
    endloop
  endfacet
  facet normal 0.230486 0.678921 0.697095
    outer loop
      vertex 16.2033 24.513 6
      vertex 16.7754 28.2205 2.2
      vertex 15.3585 24.7998 6
    endloop
  endfacet
  facet normal 0.596161 0.398298 0.697102
    outer loop
      vertex 12.5238 26.9749 6
      vertex 15.4613 29.2289 2.2
      vertex 12.0282 27.7167 6
    endloop
  endfacet
  facet normal 0.643029 0.317134 0.697094
    outer loop
      vertex 12.0175 27.7353 6
      vertex 15.0436 29.9523 2.2
      vertex 11.6229 28.5354 6
    endloop
  endfacet
  facet normal -0.475832 0.536149 0.697229
    outer loop
      vertex 20.2627 28.9142 2.2
      vertex 22.8728 26.289 6
      vertex 22.8808 26.2961 6
    endloop
  endfacet
  facet normal -0.472747 0.539034 0.697103
    outer loop
      vertex 22.8728 26.289 6
      vertex 20.2627 28.9142 2.2
      vertex 19.948 28.6382 2.2
    endloop
  endfacet
  facet normal -0.715438 0.0469308 0.697099
    outer loop
      vertex 21.1726 30.7592 2.2
      vertex 24.8442 30.2867 6
      vertex 21.2 31.1769 2.2
    endloop
  endfacet
  facet normal -0.715491 0.0463744 0.697081
    outer loop
      vertex 24.8442 30.2867 6
      vertex 21.1726 30.7592 2.2
      vertex 24.8435 30.2759 6
    endloop
  endfacet
  facet normal 0.678921 0.230486 0.697095
    outer loop
      vertex 11.6229 28.5354 6
      vertex 15.0436 29.9523 2.2
      vertex 11.3361 29.3802 6
    endloop
  endfacet
  facet normal -0.596161 0.398298 0.697102
    outer loop
      vertex 23.4762 26.9749 6
      vertex 23.9718 27.7167 6
      vertex 20.5387 29.2289 2.2
    endloop
  endfacet
  facet normal 0.539038 0.472743 0.697102
    outer loop
      vertex 13.1121 26.3041 6
      vertex 15.4613 29.2289 2.2
      vertex 12.5238 26.9749 6
    endloop
  endfacet
  facet normal -0.139915 0.703191 0.697098
    outer loop
      vertex 18.9115 24.3355 6
      vertex 19.7865 24.5096 6
      vertex 18.8282 28.086 2.2
    endloop
  endfacet
  facet normal -0.472743 0.539038 0.697102
    outer loop
      vertex 22.202 25.7007 6
      vertex 22.8728 26.289 6
      vertex 19.948 28.6382 2.2
    endloop
  endfacet
  facet normal 0.678911 0.230528 0.697092
    outer loop
      vertex 14.909 30.3487 2.2
      vertex 11.3361 29.3802 6
      vertex 15.0436 29.9523 2.2
    endloop
  endfacet
  facet normal 0.678236 0.232728 0.697018
    outer loop
      vertex 11.3361 29.3802 6
      vertex 14.909 30.3487 2.2
      vertex 11.3326 29.3904 6
    endloop
  endfacet
  facet normal 0.472747 0.539034 0.697103
    outer loop
      vertex 15.7373 28.9142 2.2
      vertex 13.1272 26.289 6
      vertex 16.052 28.6382 2.2
    endloop
  endfacet
  facet normal 0.475832 0.536149 0.697229
    outer loop
      vertex 13.1272 26.289 6
      vertex 15.7373 28.9142 2.2
      vertex 13.1192 26.2961 6
    endloop
  endfacet
  facet normal -0.703209 0.139838 0.697096
    outer loop
      vertex 24.6674 29.3904 6
      vertex 24.8414 30.2654 6
      vertex 21.091 30.3487 2.2
    endloop
  endfacet
  facet normal 0.139952 0.703186 0.697096
    outer loop
      vertex 17.1718 28.086 2.2
      vertex 17.099 24.3334 6
      vertex 17.5823 28.0043 2.2
    endloop
  endfacet
  facet normal 0.140622 0.703112 0.697036
    outer loop
      vertex 17.099 24.3334 6
      vertex 17.1718 28.086 2.2
      vertex 17.0885 24.3355 6
    endloop
  endfacet
  facet normal 0.539173 -0.472608 0.69709
    outer loop
      vertex 13.1121 36.0497 6
      vertex 15.7373 33.4397 2.2
      vertex 13.1192 36.0578 6
    endloop
  endfacet
  facet normal 0.539039 -0.472751 0.697096
    outer loop
      vertex 15.7373 33.4397 2.2
      vertex 13.1121 36.0497 6
      vertex 15.4613 33.125 2.2
    endloop
  endfacet
  facet normal 0.140624 -0.703121 0.697026
    outer loop
      vertex 17.1718 34.2679 2.2
      vertex 17.099 38.0204 6
      vertex 17.0885 38.0183 6
    endloop
  endfacet
  facet normal 0.139786 -0.703214 0.697101
    outer loop
      vertex 17.099 38.0204 6
      vertex 17.1718 34.2679 2.2
      vertex 17.5823 34.3495 2.2
    endloop
  endfacet
  facet normal 0.317102 0.643044 0.697095
    outer loop
      vertex 15.3585 24.7998 6
      vertex 16.7754 28.2205 2.2
      vertex 14.5583 25.1944 6
    endloop
  endfacet
  facet normal 0.703214 0.139786 0.697101
    outer loop
      vertex 11.1565 30.2759 6
      vertex 14.909 30.3487 2.2
      vertex 14.8274 30.7592 2.2
    endloop
  endfacet
  facet normal 0.703121 0.140624 0.697026
    outer loop
      vertex 14.909 30.3487 2.2
      vertex 11.1565 30.2759 6
      vertex 11.1586 30.2654 6
    endloop
  endfacet
  facet normal 0.715438 0.0469308 0.697099
    outer loop
      vertex 11.1558 30.2867 6
      vertex 14.8274 30.7592 2.2
      vertex 14.8 31.1769 2.2
    endloop
  endfacet
  facet normal 0.715491 0.0463744 0.697081
    outer loop
      vertex 14.8274 30.7592 2.2
      vertex 11.1558 30.2867 6
      vertex 11.1565 30.2759 6
    endloop
  endfacet
  facet normal -0.0468051 0.715449 0.697095
    outer loop
      vertex 18.4177 28.0043 2.2
      vertex 18.8903 24.3327 6
      vertex 18.901 24.3334 6
    endloop
  endfacet
  facet normal -0.0469307 0.715437 0.697099
    outer loop
      vertex 18.8903 24.3327 6
      vertex 18.4177 28.0043 2.2
      vertex 18 27.9769 2.2
    endloop
  endfacet
  facet normal -0 -0 1
    outer loop
      vertex 16.052 28.6382 2.2
      vertex 16.4 28.4056 2.2
      vertex 15.7373 28.9142 2.2
    endloop
  endfacet
  facet normal -0 -0 1
    outer loop
      vertex 16.7754 28.2205 2.2
      vertex 17.1718 28.086 2.2
      vertex 16.4 28.4056 2.2
    endloop
  endfacet
  facet normal 0 0 1
    outer loop
      vertex 21.2 31.1769 2.2
      vertex 21.1726 31.5946 2.2
      vertex 21.091 32.0051 2.2
    endloop
  endfacet
  facet normal 0 0 1
    outer loop
      vertex 16.4 33.9482 2.2
      vertex 16.052 33.7156 2.2
      vertex 15.7373 33.4397 2.2
    endloop
  endfacet
  facet normal -0 -0 1
    outer loop
      vertex 17.5823 28.0043 2.2
      vertex 18 27.9769 2.2
      vertex 17.1718 28.086 2.2
    endloop
  endfacet
  facet normal 0 0 1
    outer loop
      vertex 17.1718 34.2679 2.2
      vertex 16.7754 34.1333 2.2
      vertex 16.4 33.9482 2.2
    endloop
  endfacet
  facet normal 0 -0 1
    outer loop
      vertex 18.4177 28.0043 2.2
      vertex 18.8282 28.086 2.2
      vertex 18 27.9769 2.2
    endloop
  endfacet
  facet normal 0 -0 1
    outer loop
      vertex 19.2246 28.2205 2.2
      vertex 19.6 28.4056 2.2
      vertex 18.8282 28.086 2.2
    endloop
  endfacet
  facet normal 0 0 1
    outer loop
      vertex 21.091 32.0051 2.2
      vertex 20.9564 32.4015 2.2
      vertex 20.7713 32.7769 2.2
    endloop
  endfacet
  facet normal -0 -0 1
    outer loop
      vertex 14.8274 30.7592 2.2
      vertex 14.909 30.3487 2.2
      vertex 14.8 31.1769 2.2
    endloop
  endfacet
  facet normal 0 0 1
    outer loop
      vertex 14.909 32.0051 2.2
      vertex 14.8274 31.5946 2.2
      vertex 14.8 31.1769 2.2
    endloop
  endfacet
  facet normal 0 -0 1
    outer loop
      vertex 21.1726 30.7592 2.2
      vertex 21.2 31.1769 2.2
      vertex 21.091 30.3487 2.2
    endloop
  endfacet
  facet normal 0 -0 1
    outer loop
      vertex 19.948 28.6382 2.2
      vertex 20.2627 28.9142 2.2
      vertex 19.6 28.4056 2.2
    endloop
  endfacet
  facet normal 0 0 1
    outer loop
      vertex 15.7373 33.4397 2.2
      vertex 15.4613 33.125 2.2
      vertex 15.2287 32.7769 2.2
    endloop
  endfacet
  facet normal -0 -0 1
    outer loop
      vertex 15.4613 29.2289 2.2
      vertex 15.7373 28.9142 2.2
      vertex 15.2287 29.5769 2.2
    endloop
  endfacet
  facet normal -0 -0 1
    outer loop
      vertex 15.0436 29.9523 2.2
      vertex 15.2287 29.5769 2.2
      vertex 14.909 30.3487 2.2
    endloop
  endfacet
  facet normal 0 0 1
    outer loop
      vertex 18 34.3769 2.2
      vertex 17.5823 34.3495 2.2
      vertex 17.1718 34.2679 2.2
    endloop
  endfacet
  facet normal 0 0 1
    outer loop
      vertex 15.2287 32.7769 2.2
      vertex 15.0436 32.4015 2.2
      vertex 14.909 32.0051 2.2
    endloop
  endfacet
  facet normal 0 -0 1
    outer loop
      vertex 20.5387 29.2289 2.2
      vertex 20.7713 29.5769 2.2
      vertex 20.2627 28.9142 2.2
    endloop
  endfacet
  facet normal 0 0 1
    outer loop
      vertex 20.7713 32.7769 2.2
      vertex 20.5387 33.125 2.2
      vertex 20.2627 33.4397 2.2
    endloop
  endfacet
  facet normal 0 0 1
    outer loop
      vertex 18.8282 34.2679 2.2
      vertex 18.4177 34.3495 2.2
      vertex 18 34.3769 2.2
    endloop
  endfacet
  facet normal 0 0 1
    outer loop
      vertex 19.6 33.9482 2.2
      vertex 19.2246 34.1333 2.2
      vertex 18.8282 34.2679 2.2
    endloop
  endfacet
  facet normal 0 0 1
    outer loop
      vertex 20.2627 33.4397 2.2
      vertex 19.948 33.7156 2.2
      vertex 19.6 33.9482 2.2
    endloop
  endfacet
  facet normal 0 -0 1
    outer loop
      vertex 20.9564 29.9523 2.2
      vertex 21.091 30.3487 2.2
      vertex 20.7713 29.5769 2.2
    endloop
  endfacet
  facet normal -0.139838 -0.703209 0.697096
    outer loop
      vertex 19.7865 37.8443 6
      vertex 18.9115 38.0183 6
      vertex 18.8282 34.2679 2.2
    endloop
  endfacet
  facet normal 0.596143 -0.398342 0.697092
    outer loop
      vertex 12.0282 34.6371 6
      vertex 15.2287 32.7769 2.2
      vertex 15.4613 33.125 2.2
    endloop
  endfacet
  facet normal 0.594578 -0.400839 0.696997
    outer loop
      vertex 15.2287 32.7769 2.2
      vertex 12.0282 34.6371 6
      vertex 12.0222 34.6282 6
    endloop
  endfacet
  facet normal 0.0469307 0.715437 0.697099
    outer loop
      vertex 17.5823 28.0043 2.2
      vertex 17.1097 24.3327 6
      vertex 18 27.9769 2.2
    endloop
  endfacet
  facet normal 0.0468051 0.715449 0.697095
    outer loop
      vertex 17.1097 24.3327 6
      vertex 17.5823 28.0043 2.2
      vertex 17.099 24.3334 6
    endloop
  endfacet
  facet normal -0.643063 0.317078 0.697088
    outer loop
      vertex 20.7713 29.5769 2.2
      vertex 23.9825 27.7353 6
      vertex 20.9564 29.9523 2.2
    endloop
  endfacet
  facet normal -0.645376 0.312708 0.696925
    outer loop
      vertex 23.9825 27.7353 6
      vertex 20.7713 29.5769 2.2
      vertex 23.9778 27.7256 6
    endloop
  endfacet
  facet normal 0.678911 -0.230528 0.697092
    outer loop
      vertex 11.3361 32.9736 6
      vertex 14.909 32.0051 2.2
      vertex 15.0436 32.4015 2.2
    endloop
  endfacet
  facet normal 0.678236 -0.232728 0.697018
    outer loop
      vertex 14.909 32.0051 2.2
      vertex 11.3361 32.9736 6
      vertex 11.3326 32.9634 6
    endloop
  endfacet
  facet normal -0.539038 0.472743 0.697102
    outer loop
      vertex 22.8879 26.3041 6
      vertex 23.4762 26.9749 6
      vertex 20.5387 29.2289 2.2
    endloop
  endfacet
  facet normal 0.539043 -0.472747 0.697096
    outer loop
      vertex 15.4613 33.125 2.2
      vertex 13.1121 36.0497 6
      vertex 12.5238 35.3789 6
    endloop
  endfacet
  facet normal 0.715437 0.046935 0.697099
    outer loop
      vertex 11.1558 30.2867 6
      vertex 14.8 31.1769 2.2
      vertex 11.0974 31.1769 6
    endloop
  endfacet
  facet normal -0.47215 -0.5396 0.697069
    outer loop
      vertex 22.8728 36.0648 6
      vertex 20.2627 33.4397 2.2
      vertex 22.8808 36.0578 6
    endloop
  endfacet
  facet normal -0.472657 -0.539128 0.697091
    outer loop
      vertex 20.2627 33.4397 2.2
      vertex 22.8728 36.0648 6
      vertex 19.948 33.7156 2.2
    endloop
  endfacet
  facet normal 0.703121 -0.140624 0.697026
    outer loop
      vertex 11.1565 32.0779 6
      vertex 14.909 32.0051 2.2
      vertex 11.1586 32.0884 6
    endloop
  endfacet
  facet normal 0.703214 -0.139786 0.697101
    outer loop
      vertex 14.909 32.0051 2.2
      vertex 11.1565 32.0779 6
      vertex 14.8274 31.5946 2.2
    endloop
  endfacet
  facet normal -0.644005 -0.315294 0.697028
    outer loop
      vertex 20.7713 32.7769 2.2
      vertex 23.9825 34.6186 6
      vertex 23.9778 34.6282 6
    endloop
  endfacet
  facet normal -0.643059 -0.317076 0.697092
    outer loop
      vertex 23.9825 34.6186 6
      vertex 20.7713 32.7769 2.2
      vertex 20.9564 32.4015 2.2
    endloop
  endfacet
  facet normal -0.139786 -0.703214 0.697101
    outer loop
      vertex 18.8282 34.2679 2.2
      vertex 18.901 38.0204 6
      vertex 18.4177 34.3495 2.2
    endloop
  endfacet
  facet normal -0.140624 -0.703121 0.697026
    outer loop
      vertex 18.901 38.0204 6
      vertex 18.8282 34.2679 2.2
      vertex 18.9115 38.0183 6
    endloop
  endfacet
  facet normal 0.643063 0.317078 0.697088
    outer loop
      vertex 12.0175 27.7353 6
      vertex 15.2287 29.5769 2.2
      vertex 15.0436 29.9523 2.2
    endloop
  endfacet
  facet normal 0.645376 0.312708 0.696925
    outer loop
      vertex 15.2287 29.5769 2.2
      vertex 12.0175 27.7353 6
      vertex 12.0222 27.7256 6
    endloop
  endfacet
  facet normal 0.644005 -0.315294 0.697028
    outer loop
      vertex 12.0175 34.6186 6
      vertex 15.2287 32.7769 2.2
      vertex 12.0222 34.6282 6
    endloop
  endfacet
  facet normal 0.643059 -0.317076 0.697092
    outer loop
      vertex 15.2287 32.7769 2.2
      vertex 12.0175 34.6186 6
      vertex 15.0436 32.4015 2.2
    endloop
  endfacet
  facet normal -0.539034 0.472747 0.697103
    outer loop
      vertex 20.2627 28.9142 2.2
      vertex 22.8879 26.3041 6
      vertex 20.5387 29.2289 2.2
    endloop
  endfacet
  facet normal -0.536149 0.475832 0.697229
    outer loop
      vertex 22.8879 26.3041 6
      vertex 20.2627 28.9142 2.2
      vertex 22.8808 26.2961 6
    endloop
  endfacet
  facet normal 0.703209 -0.139838 0.697096
    outer loop
      vertex 14.909 32.0051 2.2
      vertex 11.3326 32.9634 6
      vertex 11.1586 32.0884 6
    endloop
  endfacet
  facet normal 0.715449 -0.0468051 0.697095
    outer loop
      vertex 11.1558 32.0672 6
      vertex 14.8274 31.5946 2.2
      vertex 11.1565 32.0779 6
    endloop
  endfacet
  facet normal 0.715437 -0.0469307 0.697099
    outer loop
      vertex 14.8274 31.5946 2.2
      vertex 11.1558 32.0672 6
      vertex 14.8 31.1769 2.2
    endloop
  endfacet
  facet normal 0.539034 0.472747 0.697103
    outer loop
      vertex 13.1121 26.3041 6
      vertex 15.7373 28.9142 2.2
      vertex 15.4613 29.2289 2.2
    endloop
  endfacet
  facet normal 0.536149 0.475832 0.697229
    outer loop
      vertex 15.7373 28.9142 2.2
      vertex 13.1121 26.3041 6
      vertex 13.1192 26.2961 6
    endloop
  endfacet
  facet normal 0.472743 -0.539038 0.697102
    outer loop
      vertex 16.052 33.7156 2.2
      vertex 13.798 36.6531 6
      vertex 13.1272 36.0648 6
    endloop
  endfacet
  facet normal 0.398298 0.596161 0.697102
    outer loop
      vertex 14.5398 25.2051 6
      vertex 16.052 28.6382 2.2
      vertex 13.798 25.7007 6
    endloop
  endfacet
  facet normal 0.472743 0.539038 0.697102
    outer loop
      vertex 13.798 25.7007 6
      vertex 16.052 28.6382 2.2
      vertex 13.1272 26.289 6
    endloop
  endfacet
  facet normal 0.678921 -0.230486 0.697095
    outer loop
      vertex 15.0436 32.4015 2.2
      vertex 11.6229 33.8184 6
      vertex 11.3361 32.9736 6
    endloop
  endfacet
  facet normal -0.678921 -0.230486 0.697095
    outer loop
      vertex 24.6639 32.9736 6
      vertex 24.3771 33.8184 6
      vertex 20.9564 32.4015 2.2
    endloop
  endfacet
  facet normal 0.0469297 -0.715437 0.697099
    outer loop
      vertex 18 34.3769 2.2
      vertex 18 38.0795 6
      vertex 17.1097 38.0211 6
    endloop
  endfacet
  facet normal -0.0469297 -0.715437 0.697099
    outer loop
      vertex 18.8903 38.0211 6
      vertex 18 38.0795 6
      vertex 18 34.3769 2.2
    endloop
  endfacet
  facet normal -0.643044 -0.317102 0.697095
    outer loop
      vertex 24.3771 33.8184 6
      vertex 23.9825 34.6186 6
      vertex 20.9564 32.4015 2.2
    endloop
  endfacet
  facet normal -0.320588 -0.641176 0.69722
    outer loop
      vertex 21.4417 37.1595 6
      vertex 19.6 33.9482 2.2
      vertex 21.4513 37.1547 6
    endloop
  endfacet
  facet normal -0.317072 -0.643052 0.697101
    outer loop
      vertex 19.6 33.9482 2.2
      vertex 21.4417 37.1595 6
      vertex 19.2246 34.1333 2.2
    endloop
  endfacet
  facet normal -0.0469307 -0.715437 0.697099
    outer loop
      vertex 18.4177 34.3495 2.2
      vertex 18.8903 38.0211 6
      vertex 18 34.3769 2.2
    endloop
  endfacet
  facet normal -0.0468051 -0.715449 0.697095
    outer loop
      vertex 18.8903 38.0211 6
      vertex 18.4177 34.3495 2.2
      vertex 18.901 38.0204 6
    endloop
  endfacet
  facet normal -0.594578 -0.400839 0.696997
    outer loop
      vertex 23.9718 34.6371 6
      vertex 20.7713 32.7769 2.2
      vertex 23.9778 34.6282 6
    endloop
  endfacet
  facet normal -0.596143 -0.398342 0.697092
    outer loop
      vertex 20.7713 32.7769 2.2
      vertex 23.9718 34.6371 6
      vertex 20.5387 33.125 2.2
    endloop
  endfacet
  facet normal -0.317098 -0.643036 0.697104
    outer loop
      vertex 21.4417 37.1595 6
      vertex 20.6415 37.5541 6
      vertex 19.2246 34.1333 2.2
    endloop
  endfacet
  facet normal 0.230412 -0.67894 0.697102
    outer loop
      vertex 16.7754 34.1333 2.2
      vertex 16.2033 37.8408 6
      vertex 15.3585 37.5541 6
    endloop
  endfacet
  facet normal 0.472657 -0.539128 0.697091
    outer loop
      vertex 13.1272 36.0648 6
      vertex 15.7373 33.4397 2.2
      vertex 16.052 33.7156 2.2
    endloop
  endfacet
  facet normal 0.47215 -0.5396 0.697069
    outer loop
      vertex 15.7373 33.4397 2.2
      vertex 13.1272 36.0648 6
      vertex 13.1192 36.0578 6
    endloop
  endfacet
  facet normal 0.317098 -0.643036 0.697104
    outer loop
      vertex 16.7754 34.1333 2.2
      vertex 15.3585 37.5541 6
      vertex 14.5583 37.1595 6
    endloop
  endfacet
  facet normal 0.643044 -0.317102 0.697095
    outer loop
      vertex 15.0436 32.4015 2.2
      vertex 12.0175 34.6186 6
      vertex 11.6229 33.8184 6
    endloop
  endfacet
  facet normal -0.230412 -0.67894 0.697102
    outer loop
      vertex 20.6415 37.5541 6
      vertex 19.7967 37.8408 6
      vertex 19.2246 34.1333 2.2
    endloop
  endfacet
  facet normal -0.232728 -0.678236 0.697018
    outer loop
      vertex 18.8282 34.2679 2.2
      vertex 19.7967 37.8408 6
      vertex 19.7865 37.8443 6
    endloop
  endfacet
  facet normal -0.230528 -0.678911 0.697092
    outer loop
      vertex 19.7967 37.8408 6
      vertex 18.8282 34.2679 2.2
      vertex 19.2246 34.1333 2.2
    endloop
  endfacet
  facet normal -0.596165 -0.398301 0.697096
    outer loop
      vertex 23.9718 34.6371 6
      vertex 23.4762 35.3789 6
      vertex 20.5387 33.125 2.2
    endloop
  endfacet
  facet normal -0.400839 -0.594578 0.696997
    outer loop
      vertex 19.6 33.9482 2.2
      vertex 21.4602 37.1487 6
      vertex 21.4513 37.1547 6
    endloop
  endfacet
  facet normal -0.398423 -0.596092 0.697089
    outer loop
      vertex 21.4602 37.1487 6
      vertex 19.6 33.9482 2.2
      vertex 19.948 33.7156 2.2
    endloop
  endfacet
  facet normal -0.539043 -0.472747 0.697096
    outer loop
      vertex 23.4762 35.3789 6
      vertex 22.8879 36.0497 6
      vertex 20.5387 33.125 2.2
    endloop
  endfacet
  facet normal -0.703209 -0.139838 0.697096
    outer loop
      vertex 24.8414 32.0884 6
      vertex 24.6674 32.9634 6
      vertex 21.091 32.0051 2.2
    endloop
  endfacet
  facet normal -0.703121 -0.140624 0.697026
    outer loop
      vertex 21.091 32.0051 2.2
      vertex 24.8435 32.0779 6
      vertex 24.8414 32.0884 6
    endloop
  endfacet
  facet normal -0.703214 -0.139786 0.697101
    outer loop
      vertex 24.8435 32.0779 6
      vertex 21.091 32.0051 2.2
      vertex 21.1726 31.5946 2.2
    endloop
  endfacet
  facet normal -0.678236 -0.232728 0.697018
    outer loop
      vertex 24.6639 32.9736 6
      vertex 21.091 32.0051 2.2
      vertex 24.6674 32.9634 6
    endloop
  endfacet
  facet normal -0.678911 -0.230528 0.697092
    outer loop
      vertex 21.091 32.0051 2.2
      vertex 24.6639 32.9736 6
      vertex 20.9564 32.4015 2.2
    endloop
  endfacet
  facet normal -0.923875 -0.382694 0
    outer loop
      vertex 21.091 -30.3487 0
      vertex 20.7713 -29.5769 2.2
      vertex 20.7713 -29.5769 0
    endloop
  endfacet
  facet normal -0.923875 -0.382694 0
    outer loop
      vertex 20.7713 -29.5769 2.2
      vertex 21.091 -30.3487 0
      vertex 21.091 -30.3487 2.2
    endloop
  endfacet
  facet normal -0.99145 -0.130485 0
    outer loop
      vertex 21.2 -31.1769 0
      vertex 21.091 -30.3487 2.2
      vertex 21.091 -30.3487 0
    endloop
  endfacet
  facet normal -0.99145 -0.130485 0
    outer loop
      vertex 21.091 -30.3487 2.2
      vertex 21.2 -31.1769 0
      vertex 21.2 -31.1769 2.2
    endloop
  endfacet
  facet normal 0.608831 -0.7933 0
    outer loop
      vertex 15.7373 -28.9142 0
      vertex 16.4 -28.4056 2.2
      vertex 15.7373 -28.9142 2.2
    endloop
  endfacet
  facet normal 0.608831 -0.7933 0
    outer loop
      vertex 16.4 -28.4056 2.2
      vertex 15.7373 -28.9142 0
      vertex 16.4 -28.4056 0
    endloop
  endfacet
  facet normal 0.382591 -0.923918 0
    outer loop
      vertex 16.4 -28.4056 0
      vertex 17.1718 -28.086 2.2
      vertex 16.4 -28.4056 2.2
    endloop
  endfacet
  facet normal 0.382591 -0.923918 0
    outer loop
      vertex 17.1718 -28.086 2.2
      vertex 16.4 -28.4056 0
      vertex 17.1718 -28.086 0
    endloop
  endfacet
  facet normal -0.608756 0.793358 0
    outer loop
      vertex 20.2627 -33.4397 0
      vertex 19.6 -33.9482 2.2
      vertex 20.2627 -33.4397 2.2
    endloop
  endfacet
  facet normal -0.608756 0.793358 0
    outer loop
      vertex 19.6 -33.9482 2.2
      vertex 20.2627 -33.4397 0
      vertex 19.6 -33.9482 0
    endloop
  endfacet
  facet normal -0.608831 -0.7933 0
    outer loop
      vertex 19.6 -28.4056 0
      vertex 20.2627 -28.9142 2.2
      vertex 19.6 -28.4056 2.2
    endloop
  endfacet
  facet normal -0.608831 -0.7933 -0
    outer loop
      vertex 20.2627 -28.9142 2.2
      vertex 19.6 -28.4056 0
      vertex 20.2627 -28.9142 0
    endloop
  endfacet
  facet normal 0.130485 0.99145 -0
    outer loop
      vertex 18 -34.3769 0
      vertex 17.1718 -34.2679 2.2
      vertex 18 -34.3769 2.2
    endloop
  endfacet
  facet normal 0.130485 0.99145 0
    outer loop
      vertex 17.1718 -34.2679 2.2
      vertex 18 -34.3769 0
      vertex 17.1718 -34.2679 0
    endloop
  endfacet
  facet normal -0.130603 -0.991435 0
    outer loop
      vertex 18 -27.9769 0
      vertex 18.8282 -28.086 2.2
      vertex 18 -27.9769 2.2
    endloop
  endfacet
  facet normal -0.130603 -0.991435 -0
    outer loop
      vertex 18.8282 -28.086 2.2
      vertex 18 -27.9769 0
      vertex 18.8282 -28.086 0
    endloop
  endfacet
  facet normal -0.382591 -0.923918 0
    outer loop
      vertex 18.8282 -28.086 0
      vertex 19.6 -28.4056 2.2
      vertex 18.8282 -28.086 2.2
    endloop
  endfacet
  facet normal -0.382591 -0.923918 -0
    outer loop
      vertex 19.6 -28.4056 2.2
      vertex 18.8282 -28.086 0
      vertex 19.6 -28.4056 0
    endloop
  endfacet
  facet normal 0.608756 0.793358 -0
    outer loop
      vertex 16.4 -33.9482 0
      vertex 15.7373 -33.4397 2.2
      vertex 16.4 -33.9482 2.2
    endloop
  endfacet
  facet normal 0.608756 0.793358 0
    outer loop
      vertex 15.7373 -33.4397 2.2
      vertex 16.4 -33.9482 0
      vertex 15.7373 -33.4397 0
    endloop
  endfacet
  facet normal -0.7933 -0.608831 0
    outer loop
      vertex 20.7713 -29.5769 0
      vertex 20.2627 -28.9142 2.2
      vertex 20.2627 -28.9142 0
    endloop
  endfacet
  facet normal -0.7933 -0.608831 0
    outer loop
      vertex 20.2627 -28.9142 2.2
      vertex 20.7713 -29.5769 0
      vertex 20.7713 -29.5769 2.2
    endloop
  endfacet
  facet normal -0.130485 0.99145 0
    outer loop
      vertex 18.8282 -34.2679 0
      vertex 18 -34.3769 2.2
      vertex 18.8282 -34.2679 2.2
    endloop
  endfacet
  facet normal -0.130485 0.99145 0
    outer loop
      vertex 18 -34.3769 2.2
      vertex 18.8282 -34.2679 0
      vertex 18 -34.3769 0
    endloop
  endfacet
  facet normal -0.793344 0.608773 0
    outer loop
      vertex 20.2627 -33.4397 0
      vertex 20.7713 -32.7769 2.2
      vertex 20.7713 -32.7769 0
    endloop
  endfacet
  facet normal -0.793344 0.608773 0
    outer loop
      vertex 20.7713 -32.7769 2.2
      vertex 20.2627 -33.4397 0
      vertex 20.2627 -33.4397 2.2
    endloop
  endfacet
  facet normal -0.382694 0.923875 0
    outer loop
      vertex 19.6 -33.9482 0
      vertex 18.8282 -34.2679 2.2
      vertex 19.6 -33.9482 2.2
    endloop
  endfacet
  facet normal -0.382694 0.923875 0
    outer loop
      vertex 18.8282 -34.2679 2.2
      vertex 19.6 -33.9482 0
      vertex 18.8282 -34.2679 0
    endloop
  endfacet
  facet normal 0.7933 -0.608831 0
    outer loop
      vertex 15.2287 -29.5769 2.2
      vertex 15.7373 -28.9142 0
      vertex 15.7373 -28.9142 2.2
    endloop
  endfacet
  facet normal 0.7933 -0.608831 0
    outer loop
      vertex 15.7373 -28.9142 0
      vertex 15.2287 -29.5769 2.2
      vertex 15.2287 -29.5769 0
    endloop
  endfacet
  facet normal 0.793344 0.608773 0
    outer loop
      vertex 15.7373 -33.4397 2.2
      vertex 15.2287 -32.7769 0
      vertex 15.2287 -32.7769 2.2
    endloop
  endfacet
  facet normal 0.793344 0.608773 0
    outer loop
      vertex 15.2287 -32.7769 0
      vertex 15.7373 -33.4397 2.2
      vertex 15.7373 -33.4397 0
    endloop
  endfacet
  facet normal -0.99145 0.130485 0
    outer loop
      vertex 21.091 -32.0051 0
      vertex 21.2 -31.1769 2.2
      vertex 21.2 -31.1769 0
    endloop
  endfacet
  facet normal -0.99145 0.130485 0
    outer loop
      vertex 21.2 -31.1769 2.2
      vertex 21.091 -32.0051 0
      vertex 21.091 -32.0051 2.2
    endloop
  endfacet
  facet normal 0.130603 -0.991435 0
    outer loop
      vertex 17.1718 -28.086 0
      vertex 18 -27.9769 2.2
      vertex 17.1718 -28.086 2.2
    endloop
  endfacet
  facet normal 0.130603 -0.991435 0
    outer loop
      vertex 18 -27.9769 2.2
      vertex 17.1718 -28.086 0
      vertex 18 -27.9769 0
    endloop
  endfacet
  facet normal 0.923875 0.382694 0
    outer loop
      vertex 15.2287 -32.7769 2.2
      vertex 14.909 -32.0051 0
      vertex 14.909 -32.0051 2.2
    endloop
  endfacet
  facet normal 0.923875 0.382694 0
    outer loop
      vertex 14.909 -32.0051 0
      vertex 15.2287 -32.7769 2.2
      vertex 15.2287 -32.7769 0
    endloop
  endfacet
  facet normal 0.99145 0.130485 0
    outer loop
      vertex 14.909 -32.0051 2.2
      vertex 14.8 -31.1769 0
      vertex 14.8 -31.1769 2.2
    endloop
  endfacet
  facet normal 0.99145 0.130485 0
    outer loop
      vertex 14.8 -31.1769 0
      vertex 14.909 -32.0051 2.2
      vertex 14.909 -32.0051 0
    endloop
  endfacet
  facet normal -0.923875 0.382694 0
    outer loop
      vertex 20.7713 -32.7769 0
      vertex 21.091 -32.0051 2.2
      vertex 21.091 -32.0051 0
    endloop
  endfacet
  facet normal -0.923875 0.382694 0
    outer loop
      vertex 21.091 -32.0051 2.2
      vertex 20.7713 -32.7769 0
      vertex 20.7713 -32.7769 2.2
    endloop
  endfacet
  facet normal 0.382694 0.923875 -0
    outer loop
      vertex 17.1718 -34.2679 0
      vertex 16.4 -33.9482 2.2
      vertex 17.1718 -34.2679 2.2
    endloop
  endfacet
  facet normal 0.382694 0.923875 0
    outer loop
      vertex 16.4 -33.9482 2.2
      vertex 17.1718 -34.2679 0
      vertex 16.4 -33.9482 0
    endloop
  endfacet
  facet normal 0.923875 -0.382694 0
    outer loop
      vertex 14.909 -30.3487 2.2
      vertex 15.2287 -29.5769 0
      vertex 15.2287 -29.5769 2.2
    endloop
  endfacet
  facet normal 0.923875 -0.382694 0
    outer loop
      vertex 15.2287 -29.5769 0
      vertex 14.909 -30.3487 2.2
      vertex 14.909 -30.3487 0
    endloop
  endfacet
  facet normal 0.99145 -0.130485 0
    outer loop
      vertex 14.8 -31.1769 2.2
      vertex 14.909 -30.3487 0
      vertex 14.909 -30.3487 2.2
    endloop
  endfacet
  facet normal 0.99145 -0.130485 0
    outer loop
      vertex 14.909 -30.3487 0
      vertex 14.8 -31.1769 2.2
      vertex 14.8 -31.1769 0
    endloop
  endfacet
  facet normal 0.398423 0.596092 0.697089
    outer loop
      vertex 14.5398 -37.1487 6
      vertex 16.4 -33.9482 2.2
      vertex 16.052 -33.7156 2.2
    endloop
  endfacet
  facet normal 0.400839 0.594578 0.696997
    outer loop
      vertex 16.4 -33.9482 2.2
      vertex 14.5398 -37.1487 6
      vertex 14.5487 -37.1547 6
    endloop
  endfacet
  facet normal -0.536149 -0.475832 0.697229
    outer loop
      vertex 20.2627 -28.9142 2.2
      vertex 22.8879 -26.3041 6
      vertex 22.8808 -26.2961 6
    endloop
  endfacet
  facet normal -0.539034 -0.472747 0.697103
    outer loop
      vertex 22.8879 -26.3041 6
      vertex 20.2627 -28.9142 2.2
      vertex 20.5387 -29.2289 2.2
    endloop
  endfacet
  facet normal -0.715437 -0.046935 0.697099
    outer loop
      vertex 24.9026 -31.1769 6
      vertex 24.8442 -30.2867 6
      vertex 21.2 -31.1769 2.2
    endloop
  endfacet
  facet normal -0.715491 -0.0463744 0.697081
    outer loop
      vertex 21.1726 -30.7592 2.2
      vertex 24.8442 -30.2867 6
      vertex 24.8435 -30.2759 6
    endloop
  endfacet
  facet normal -0.715438 -0.0469308 0.697099
    outer loop
      vertex 24.8442 -30.2867 6
      vertex 21.1726 -30.7592 2.2
      vertex 21.2 -31.1769 2.2
    endloop
  endfacet
  facet normal 0.139838 0.703209 0.697096
    outer loop
      vertex 17.0885 -38.0183 6
      vertex 17.1718 -34.2679 2.2
      vertex 16.2135 -37.8443 6
    endloop
  endfacet
  facet normal 0.715437 -0.046935 0.697099
    outer loop
      vertex 14.8 -31.1769 2.2
      vertex 11.1558 -30.2867 6
      vertex 11.0974 -31.1769 6
    endloop
  endfacet
  facet normal -0.703214 0.139786 0.697101
    outer loop
      vertex 21.091 -32.0051 2.2
      vertex 24.8435 -32.0779 6
      vertex 21.1726 -31.5946 2.2
    endloop
  endfacet
  facet normal -0.703121 0.140624 0.697026
    outer loop
      vertex 24.8435 -32.0779 6
      vertex 21.091 -32.0051 2.2
      vertex 24.8414 -32.0884 6
    endloop
  endfacet
  facet normal 0.400839 -0.594578 0.696997
    outer loop
      vertex 14.5398 -25.2051 6
      vertex 16.4 -28.4056 2.2
      vertex 14.5487 -25.1991 6
    endloop
  endfacet
  facet normal 0.398423 -0.596092 0.697089
    outer loop
      vertex 16.4 -28.4056 2.2
      vertex 14.5398 -25.2051 6
      vertex 16.052 -28.6382 2.2
    endloop
  endfacet
  facet normal 0.0468051 -0.715449 0.697095
    outer loop
      vertex 17.5823 -28.0043 2.2
      vertex 17.1097 -24.3327 6
      vertex 17.099 -24.3334 6
    endloop
  endfacet
  facet normal 0.0469307 -0.715437 0.697099
    outer loop
      vertex 17.1097 -24.3327 6
      vertex 17.5823 -28.0043 2.2
      vertex 18 -27.9769 2.2
    endloop
  endfacet
  facet normal 0.398298 -0.596161 0.697102
    outer loop
      vertex 16.052 -28.6382 2.2
      vertex 14.5398 -25.2051 6
      vertex 13.798 -25.7007 6
    endloop
  endfacet
  facet normal -0.317098 0.643036 0.697104
    outer loop
      vertex 20.6415 -37.5541 6
      vertex 21.4417 -37.1595 6
      vertex 19.2246 -34.1333 2.2
    endloop
  endfacet
  facet normal 0.230528 0.678911 0.697092
    outer loop
      vertex 16.2033 -37.8408 6
      vertex 17.1718 -34.2679 2.2
      vertex 16.7754 -34.1333 2.2
    endloop
  endfacet
  facet normal 0.232728 0.678236 0.697018
    outer loop
      vertex 17.1718 -34.2679 2.2
      vertex 16.2033 -37.8408 6
      vertex 16.2135 -37.8443 6
    endloop
  endfacet
  facet normal 0.703209 0.139838 0.697096
    outer loop
      vertex 11.3326 -32.9634 6
      vertex 14.909 -32.0051 2.2
      vertex 11.1586 -32.0884 6
    endloop
  endfacet
  facet normal 0.317072 0.643052 0.697101
    outer loop
      vertex 16.4 -33.9482 2.2
      vertex 14.5583 -37.1595 6
      vertex 16.7754 -34.1333 2.2
    endloop
  endfacet
  facet normal 0.320588 0.641176 0.69722
    outer loop
      vertex 14.5583 -37.1595 6
      vertex 16.4 -33.9482 2.2
      vertex 14.5487 -37.1547 6
    endloop
  endfacet
  facet normal -0.398298 -0.596161 0.697102
    outer loop
      vertex 22.202 -25.7007 6
      vertex 21.4602 -25.2051 6
      vertex 19.948 -28.6382 2.2
    endloop
  endfacet
  facet normal 0.22669 -0.68007 0.697221
    outer loop
      vertex 16.2033 -24.513 6
      vertex 17.1718 -28.086 2.2
      vertex 16.2135 -24.5096 6
    endloop
  endfacet
  facet normal 0.23037 -0.67895 0.697106
    outer loop
      vertex 17.1718 -28.086 2.2
      vertex 16.2033 -24.513 6
      vertex 16.7754 -28.2205 2.2
    endloop
  endfacet
  facet normal -0.594578 0.400839 0.696997
    outer loop
      vertex 20.7713 -32.7769 2.2
      vertex 23.9718 -34.6371 6
      vertex 23.9778 -34.6282 6
    endloop
  endfacet
  facet normal -0.596143 0.398342 0.697092
    outer loop
      vertex 23.9718 -34.6371 6
      vertex 20.7713 -32.7769 2.2
      vertex 20.5387 -33.125 2.2
    endloop
  endfacet
  facet normal -0.0469297 0.715437 0.697099
    outer loop
      vertex 18.8903 -38.0211 6
      vertex 18 -34.3769 2.2
      vertex 18 -38.0795 6
    endloop
  endfacet
  facet normal -0.472743 -0.539038 0.697102
    outer loop
      vertex 22.8728 -26.289 6
      vertex 22.202 -25.7007 6
      vertex 19.948 -28.6382 2.2
    endloop
  endfacet
  facet normal 0.596143 0.398342 0.697092
    outer loop
      vertex 15.2287 -32.7769 2.2
      vertex 12.0282 -34.6371 6
      vertex 15.4613 -33.125 2.2
    endloop
  endfacet
  facet normal 0.594578 0.400839 0.696997
    outer loop
      vertex 12.0282 -34.6371 6
      vertex 15.2287 -32.7769 2.2
      vertex 12.0222 -34.6282 6
    endloop
  endfacet
  facet normal -0.715437 0.0469297 0.697099
    outer loop
      vertex 24.8442 -32.0672 6
      vertex 24.9026 -31.1769 6
      vertex 21.2 -31.1769 2.2
    endloop
  endfacet
  facet normal -0.140624 0.703121 0.697026
    outer loop
      vertex 18.8282 -34.2679 2.2
      vertex 18.901 -38.0204 6
      vertex 18.9115 -38.0183 6
    endloop
  endfacet
  facet normal -0.139786 0.703214 0.697101
    outer loop
      vertex 18.901 -38.0204 6
      vertex 18.8282 -34.2679 2.2
      vertex 18.4177 -34.3495 2.2
    endloop
  endfacet
  facet normal 0.0469297 0.715437 0.697099
    outer loop
      vertex 18 -38.0795 6
      vertex 18 -34.3769 2.2
      vertex 17.1097 -38.0211 6
    endloop
  endfacet
  facet normal -0.398298 0.596161 0.697102
    outer loop
      vertex 21.4602 -37.1487 6
      vertex 22.202 -36.6531 6
      vertex 19.948 -33.7156 2.2
    endloop
  endfacet
  facet normal 0.317076 -0.643059 0.697092
    outer loop
      vertex 14.5583 -25.1944 6
      vertex 16.4 -28.4056 2.2
      vertex 16.7754 -28.2205 2.2
    endloop
  endfacet
  facet normal 0.315294 -0.644005 0.697028
    outer loop
      vertex 16.4 -28.4056 2.2
      vertex 14.5583 -25.1944 6
      vertex 14.5487 -25.1991 6
    endloop
  endfacet
  facet normal -0.643044 0.317102 0.697095
    outer loop
      vertex 23.9825 -34.6186 6
      vertex 24.3771 -33.8184 6
      vertex 20.9564 -32.4015 2.2
    endloop
  endfacet
  facet normal -0.398423 0.596092 0.697089
    outer loop
      vertex 19.6 -33.9482 2.2
      vertex 21.4602 -37.1487 6
      vertex 19.948 -33.7156 2.2
    endloop
  endfacet
  facet normal -0.400839 0.594578 0.696997
    outer loop
      vertex 21.4602 -37.1487 6
      vertex 19.6 -33.9482 2.2
      vertex 21.4513 -37.1547 6
    endloop
  endfacet
  facet normal -0.230412 0.67894 0.697102
    outer loop
      vertex 19.7967 -37.8408 6
      vertex 20.6415 -37.5541 6
      vertex 19.2246 -34.1333 2.2
    endloop
  endfacet
  facet normal 0.139915 -0.703191 0.697098
    outer loop
      vertex 17.1718 -28.086 2.2
      vertex 17.0885 -24.3355 6
      vertex 16.2135 -24.5096 6
    endloop
  endfacet
  facet normal -0.230528 0.678911 0.697092
    outer loop
      vertex 18.8282 -34.2679 2.2
      vertex 19.7967 -37.8408 6
      vertex 19.2246 -34.1333 2.2
    endloop
  endfacet
  facet normal -0.232728 0.678236 0.697018
    outer loop
      vertex 19.7967 -37.8408 6
      vertex 18.8282 -34.2679 2.2
      vertex 19.7865 -37.8443 6
    endloop
  endfacet
  facet normal -0.320588 0.641176 0.69722
    outer loop
      vertex 19.6 -33.9482 2.2
      vertex 21.4417 -37.1595 6
      vertex 21.4513 -37.1547 6
    endloop
  endfacet
  facet normal -0.317072 0.643052 0.697101
    outer loop
      vertex 21.4417 -37.1595 6
      vertex 19.6 -33.9482 2.2
      vertex 19.2246 -34.1333 2.2
    endloop
  endfacet
  facet normal -0.678921 0.230486 0.697095
    outer loop
      vertex 24.3771 -33.8184 6
      vertex 24.6639 -32.9736 6
      vertex 20.9564 -32.4015 2.2
    endloop
  endfacet
  facet normal -0.678236 0.232728 0.697018
    outer loop
      vertex 21.091 -32.0051 2.2
      vertex 24.6639 -32.9736 6
      vertex 24.6674 -32.9634 6
    endloop
  endfacet
  facet normal -0.678911 0.230528 0.697092
    outer loop
      vertex 24.6639 -32.9736 6
      vertex 21.091 -32.0051 2.2
      vertex 20.9564 -32.4015 2.2
    endloop
  endfacet
  facet normal 0.596161 -0.398298 0.697102
    outer loop
      vertex 15.4613 -29.2289 2.2
      vertex 12.5238 -26.9749 6
      vertex 12.0282 -27.7167 6
    endloop
  endfacet
  facet normal 0.230412 0.67894 0.697102
    outer loop
      vertex 16.2033 -37.8408 6
      vertex 16.7754 -34.1333 2.2
      vertex 15.3585 -37.5541 6
    endloop
  endfacet
  facet normal 0.596165 0.398301 0.697096
    outer loop
      vertex 12.5238 -35.3789 6
      vertex 15.4613 -33.125 2.2
      vertex 12.0282 -34.6371 6
    endloop
  endfacet
  facet normal 0.643044 0.317102 0.697095
    outer loop
      vertex 12.0175 -34.6186 6
      vertex 15.0436 -32.4015 2.2
      vertex 11.6229 -33.8184 6
    endloop
  endfacet
  facet normal -0.47215 0.5396 0.697069
    outer loop
      vertex 20.2627 -33.4397 2.2
      vertex 22.8728 -36.0648 6
      vertex 22.8808 -36.0578 6
    endloop
  endfacet
  facet normal -0.472657 0.539128 0.697091
    outer loop
      vertex 22.8728 -36.0648 6
      vertex 20.2627 -33.4397 2.2
      vertex 19.948 -33.7156 2.2
    endloop
  endfacet
  facet normal -0.715437 0.0469307 0.697099
    outer loop
      vertex 21.1726 -31.5946 2.2
      vertex 24.8442 -32.0672 6
      vertex 21.2 -31.1769 2.2
    endloop
  endfacet
  facet normal -0.715449 0.0468051 0.697095
    outer loop
      vertex 24.8442 -32.0672 6
      vertex 21.1726 -31.5946 2.2
      vertex 24.8435 -32.0779 6
    endloop
  endfacet
  facet normal 0.678921 0.230486 0.697095
    outer loop
      vertex 11.6229 -33.8184 6
      vertex 15.0436 -32.4015 2.2
      vertex 11.3361 -32.9736 6
    endloop
  endfacet
  facet normal -0.596165 0.398301 0.697096
    outer loop
      vertex 23.4762 -35.3789 6
      vertex 23.9718 -34.6371 6
      vertex 20.5387 -33.125 2.2
    endloop
  endfacet
  facet normal 0.539043 0.472747 0.697096
    outer loop
      vertex 13.1121 -36.0497 6
      vertex 15.4613 -33.125 2.2
      vertex 12.5238 -35.3789 6
    endloop
  endfacet
  facet normal -0.139838 0.703209 0.697096
    outer loop
      vertex 18.9115 -38.0183 6
      vertex 19.7865 -37.8443 6
      vertex 18.8282 -34.2679 2.2
    endloop
  endfacet
  facet normal -0.472743 0.539038 0.697102
    outer loop
      vertex 22.202 -36.6531 6
      vertex 22.8728 -36.0648 6
      vertex 19.948 -33.7156 2.2
    endloop
  endfacet
  facet normal 0.678911 0.230528 0.697092
    outer loop
      vertex 14.909 -32.0051 2.2
      vertex 11.3361 -32.9736 6
      vertex 15.0436 -32.4015 2.2
    endloop
  endfacet
  facet normal 0.678236 0.232728 0.697018
    outer loop
      vertex 11.3361 -32.9736 6
      vertex 14.909 -32.0051 2.2
      vertex 11.3326 -32.9634 6
    endloop
  endfacet
  facet normal 0.472657 0.539128 0.697091
    outer loop
      vertex 15.7373 -33.4397 2.2
      vertex 13.1272 -36.0648 6
      vertex 16.052 -33.7156 2.2
    endloop
  endfacet
  facet normal 0.47215 0.5396 0.697069
    outer loop
      vertex 13.1272 -36.0648 6
      vertex 15.7373 -33.4397 2.2
      vertex 13.1192 -36.0578 6
    endloop
  endfacet
  facet normal -0.703209 0.139838 0.697096
    outer loop
      vertex 24.6674 -32.9634 6
      vertex 24.8414 -32.0884 6
      vertex 21.091 -32.0051 2.2
    endloop
  endfacet
  facet normal 0.139786 0.703214 0.697101
    outer loop
      vertex 17.1718 -34.2679 2.2
      vertex 17.099 -38.0204 6
      vertex 17.5823 -34.3495 2.2
    endloop
  endfacet
  facet normal 0.140624 0.703121 0.697026
    outer loop
      vertex 17.099 -38.0204 6
      vertex 17.1718 -34.2679 2.2
      vertex 17.0885 -38.0183 6
    endloop
  endfacet
  facet normal 0.536149 -0.475832 0.697229
    outer loop
      vertex 13.1121 -26.3041 6
      vertex 15.7373 -28.9142 2.2
      vertex 13.1192 -26.2961 6
    endloop
  endfacet
  facet normal 0.539034 -0.472747 0.697103
    outer loop
      vertex 15.7373 -28.9142 2.2
      vertex 13.1121 -26.3041 6
      vertex 15.4613 -29.2289 2.2
    endloop
  endfacet
  facet normal 0.140622 -0.703112 0.697036
    outer loop
      vertex 17.1718 -28.086 2.2
      vertex 17.099 -24.3334 6
      vertex 17.0885 -24.3355 6
    endloop
  endfacet
  facet normal 0.139952 -0.703186 0.697096
    outer loop
      vertex 17.099 -24.3334 6
      vertex 17.1718 -28.086 2.2
      vertex 17.5823 -28.0043 2.2
    endloop
  endfacet
  facet normal 0.317098 0.643036 0.697104
    outer loop
      vertex 15.3585 -37.5541 6
      vertex 16.7754 -34.1333 2.2
      vertex 14.5583 -37.1595 6
    endloop
  endfacet
  facet normal 0.703214 0.139786 0.697101
    outer loop
      vertex 11.1565 -32.0779 6
      vertex 14.909 -32.0051 2.2
      vertex 14.8274 -31.5946 2.2
    endloop
  endfacet
  facet normal 0.703121 0.140624 0.697026
    outer loop
      vertex 14.909 -32.0051 2.2
      vertex 11.1565 -32.0779 6
      vertex 11.1586 -32.0884 6
    endloop
  endfacet
  facet normal 0.715437 0.0469307 0.697099
    outer loop
      vertex 11.1558 -32.0672 6
      vertex 14.8274 -31.5946 2.2
      vertex 14.8 -31.1769 2.2
    endloop
  endfacet
  facet normal 0.715449 0.0468051 0.697095
    outer loop
      vertex 14.8274 -31.5946 2.2
      vertex 11.1558 -32.0672 6
      vertex 11.1565 -32.0779 6
    endloop
  endfacet
  facet normal -0.0468051 0.715449 0.697095
    outer loop
      vertex 18.4177 -34.3495 2.2
      vertex 18.8903 -38.0211 6
      vertex 18.901 -38.0204 6
    endloop
  endfacet
  facet normal -0.0469307 0.715437 0.697099
    outer loop
      vertex 18.8903 -38.0211 6
      vertex 18.4177 -34.3495 2.2
      vertex 18 -34.3769 2.2
    endloop
  endfacet
  facet normal -0 -0 1
    outer loop
      vertex 16.052 -33.7156 2.2
      vertex 16.4 -33.9482 2.2
      vertex 15.7373 -33.4397 2.2
    endloop
  endfacet
  facet normal -0 -0 1
    outer loop
      vertex 16.7754 -34.1333 2.2
      vertex 17.1718 -34.2679 2.2
      vertex 16.4 -33.9482 2.2
    endloop
  endfacet
  facet normal 0 0 1
    outer loop
      vertex 21.2 -31.1769 2.2
      vertex 21.1726 -30.7592 2.2
      vertex 21.091 -30.3487 2.2
    endloop
  endfacet
  facet normal 0 0 1
    outer loop
      vertex 16.4 -28.4056 2.2
      vertex 16.052 -28.6382 2.2
      vertex 15.7373 -28.9142 2.2
    endloop
  endfacet
  facet normal -0 -0 1
    outer loop
      vertex 17.5823 -34.3495 2.2
      vertex 18 -34.3769 2.2
      vertex 17.1718 -34.2679 2.2
    endloop
  endfacet
  facet normal 0 0 1
    outer loop
      vertex 17.1718 -28.086 2.2
      vertex 16.7754 -28.2205 2.2
      vertex 16.4 -28.4056 2.2
    endloop
  endfacet
  facet normal 0 -0 1
    outer loop
      vertex 18.4177 -34.3495 2.2
      vertex 18.8282 -34.2679 2.2
      vertex 18 -34.3769 2.2
    endloop
  endfacet
  facet normal 0 -0 1
    outer loop
      vertex 19.2246 -34.1333 2.2
      vertex 19.6 -33.9482 2.2
      vertex 18.8282 -34.2679 2.2
    endloop
  endfacet
  facet normal 0 0 1
    outer loop
      vertex 21.091 -30.3487 2.2
      vertex 20.9564 -29.9523 2.2
      vertex 20.7713 -29.5769 2.2
    endloop
  endfacet
  facet normal -0 -0 1
    outer loop
      vertex 14.8274 -31.5946 2.2
      vertex 14.909 -32.0051 2.2
      vertex 14.8 -31.1769 2.2
    endloop
  endfacet
  facet normal 0 0 1
    outer loop
      vertex 14.909 -30.3487 2.2
      vertex 14.8274 -30.7592 2.2
      vertex 14.8 -31.1769 2.2
    endloop
  endfacet
  facet normal 0 -0 1
    outer loop
      vertex 21.1726 -31.5946 2.2
      vertex 21.2 -31.1769 2.2
      vertex 21.091 -32.0051 2.2
    endloop
  endfacet
  facet normal 0 -0 1
    outer loop
      vertex 19.948 -33.7156 2.2
      vertex 20.2627 -33.4397 2.2
      vertex 19.6 -33.9482 2.2
    endloop
  endfacet
  facet normal 0 0 1
    outer loop
      vertex 15.7373 -28.9142 2.2
      vertex 15.4613 -29.2289 2.2
      vertex 15.2287 -29.5769 2.2
    endloop
  endfacet
  facet normal -0 -0 1
    outer loop
      vertex 15.4613 -33.125 2.2
      vertex 15.7373 -33.4397 2.2
      vertex 15.2287 -32.7769 2.2
    endloop
  endfacet
  facet normal -0 -0 1
    outer loop
      vertex 15.0436 -32.4015 2.2
      vertex 15.2287 -32.7769 2.2
      vertex 14.909 -32.0051 2.2
    endloop
  endfacet
  facet normal 0 0 1
    outer loop
      vertex 18 -27.9769 2.2
      vertex 17.5823 -28.0043 2.2
      vertex 17.1718 -28.086 2.2
    endloop
  endfacet
  facet normal 0 0 1
    outer loop
      vertex 15.2287 -29.5769 2.2
      vertex 15.0436 -29.9523 2.2
      vertex 14.909 -30.3487 2.2
    endloop
  endfacet
  facet normal 0 -0 1
    outer loop
      vertex 20.5387 -33.125 2.2
      vertex 20.7713 -32.7769 2.2
      vertex 20.2627 -33.4397 2.2
    endloop
  endfacet
  facet normal 0 0 1
    outer loop
      vertex 20.7713 -29.5769 2.2
      vertex 20.5387 -29.2289 2.2
      vertex 20.2627 -28.9142 2.2
    endloop
  endfacet
  facet normal 0 0 1
    outer loop
      vertex 18.8282 -28.086 2.2
      vertex 18.4177 -28.0043 2.2
      vertex 18 -27.9769 2.2
    endloop
  endfacet
  facet normal 0 0 1
    outer loop
      vertex 19.6 -28.4056 2.2
      vertex 19.2246 -28.2205 2.2
      vertex 18.8282 -28.086 2.2
    endloop
  endfacet
  facet normal 0 0 1
    outer loop
      vertex 20.2627 -28.9142 2.2
      vertex 19.948 -28.6382 2.2
      vertex 19.6 -28.4056 2.2
    endloop
  endfacet
  facet normal 0 -0 1
    outer loop
      vertex 20.9564 -32.4015 2.2
      vertex 21.091 -32.0051 2.2
      vertex 20.7713 -32.7769 2.2
    endloop
  endfacet
  facet normal -0.139915 -0.703191 0.697098
    outer loop
      vertex 19.7865 -24.5096 6
      vertex 18.9115 -24.3355 6
      vertex 18.8282 -28.086 2.2
    endloop
  endfacet
  facet normal 0.596092 -0.398423 0.697089
    outer loop
      vertex 12.0282 -27.7167 6
      vertex 15.2287 -29.5769 2.2
      vertex 15.4613 -29.2289 2.2
    endloop
  endfacet
  facet normal 0.594578 -0.400839 0.696997
    outer loop
      vertex 15.2287 -29.5769 2.2
      vertex 12.0282 -27.7167 6
      vertex 12.0222 -27.7256 6
    endloop
  endfacet
  facet normal 0.0469307 0.715437 0.697099
    outer loop
      vertex 17.5823 -34.3495 2.2
      vertex 17.1097 -38.0211 6
      vertex 18 -34.3769 2.2
    endloop
  endfacet
  facet normal 0.0468051 0.715449 0.697095
    outer loop
      vertex 17.1097 -38.0211 6
      vertex 17.5823 -34.3495 2.2
      vertex 17.099 -38.0204 6
    endloop
  endfacet
  facet normal -0.643059 0.317076 0.697092
    outer loop
      vertex 20.7713 -32.7769 2.2
      vertex 23.9825 -34.6186 6
      vertex 20.9564 -32.4015 2.2
    endloop
  endfacet
  facet normal -0.644005 0.315294 0.697028
    outer loop
      vertex 23.9825 -34.6186 6
      vertex 20.7713 -32.7769 2.2
      vertex 23.9778 -34.6282 6
    endloop
  endfacet
  facet normal 0.678911 -0.230528 0.697092
    outer loop
      vertex 11.3361 -29.3802 6
      vertex 14.909 -30.3487 2.2
      vertex 15.0436 -29.9523 2.2
    endloop
  endfacet
  facet normal 0.678236 -0.232728 0.697018
    outer loop
      vertex 14.909 -30.3487 2.2
      vertex 11.3361 -29.3802 6
      vertex 11.3326 -29.3904 6
    endloop
  endfacet
  facet normal -0.539043 0.472747 0.697096
    outer loop
      vertex 22.8879 -36.0497 6
      vertex 23.4762 -35.3789 6
      vertex 20.5387 -33.125 2.2
    endloop
  endfacet
  facet normal 0.539038 -0.472743 0.697102
    outer loop
      vertex 15.4613 -29.2289 2.2
      vertex 13.1121 -26.3041 6
      vertex 12.5238 -26.9749 6
    endloop
  endfacet
  facet normal 0.715437 0.0469297 0.697099
    outer loop
      vertex 11.1558 -32.0672 6
      vertex 14.8 -31.1769 2.2
      vertex 11.0974 -31.1769 6
    endloop
  endfacet
  facet normal -0.475832 -0.536149 0.697229
    outer loop
      vertex 22.8728 -26.289 6
      vertex 20.2627 -28.9142 2.2
      vertex 22.8808 -26.2961 6
    endloop
  endfacet
  facet normal -0.472747 -0.539034 0.697103
    outer loop
      vertex 20.2627 -28.9142 2.2
      vertex 22.8728 -26.289 6
      vertex 19.948 -28.6382 2.2
    endloop
  endfacet
  facet normal 0.703121 -0.140624 0.697026
    outer loop
      vertex 11.1565 -30.2759 6
      vertex 14.909 -30.3487 2.2
      vertex 11.1586 -30.2654 6
    endloop
  endfacet
  facet normal 0.703214 -0.139786 0.697101
    outer loop
      vertex 14.909 -30.3487 2.2
      vertex 11.1565 -30.2759 6
      vertex 14.8274 -30.7592 2.2
    endloop
  endfacet
  facet normal -0.645376 -0.312708 0.696925
    outer loop
      vertex 20.7713 -29.5769 2.2
      vertex 23.9825 -27.7353 6
      vertex 23.9778 -27.7256 6
    endloop
  endfacet
  facet normal -0.643063 -0.317078 0.697088
    outer loop
      vertex 23.9825 -27.7353 6
      vertex 20.7713 -29.5769 2.2
      vertex 20.9564 -29.9523 2.2
    endloop
  endfacet
  facet normal -0.139952 -0.703186 0.697096
    outer loop
      vertex 18.8282 -28.086 2.2
      vertex 18.901 -24.3334 6
      vertex 18.4177 -28.0043 2.2
    endloop
  endfacet
  facet normal -0.140622 -0.703112 0.697036
    outer loop
      vertex 18.901 -24.3334 6
      vertex 18.8282 -28.086 2.2
      vertex 18.9115 -24.3355 6
    endloop
  endfacet
  facet normal 0.643059 0.317076 0.697092
    outer loop
      vertex 12.0175 -34.6186 6
      vertex 15.2287 -32.7769 2.2
      vertex 15.0436 -32.4015 2.2
    endloop
  endfacet
  facet normal 0.644005 0.315294 0.697028
    outer loop
      vertex 15.2287 -32.7769 2.2
      vertex 12.0175 -34.6186 6
      vertex 12.0222 -34.6282 6
    endloop
  endfacet
  facet normal 0.645376 -0.312708 0.696925
    outer loop
      vertex 12.0175 -27.7353 6
      vertex 15.2287 -29.5769 2.2
      vertex 12.0222 -27.7256 6
    endloop
  endfacet
  facet normal 0.643063 -0.317078 0.697088
    outer loop
      vertex 15.2287 -29.5769 2.2
      vertex 12.0175 -27.7353 6
      vertex 15.0436 -29.9523 2.2
    endloop
  endfacet
  facet normal -0.539039 0.472751 0.697096
    outer loop
      vertex 20.2627 -33.4397 2.2
      vertex 22.8879 -36.0497 6
      vertex 20.5387 -33.125 2.2
    endloop
  endfacet
  facet normal -0.539173 0.472608 0.69709
    outer loop
      vertex 22.8879 -36.0497 6
      vertex 20.2627 -33.4397 2.2
      vertex 22.8808 -36.0578 6
    endloop
  endfacet
  facet normal 0.703209 -0.139838 0.697096
    outer loop
      vertex 14.909 -30.3487 2.2
      vertex 11.3326 -29.3904 6
      vertex 11.1586 -30.2654 6
    endloop
  endfacet
  facet normal 0.715491 -0.0463744 0.697081
    outer loop
      vertex 11.1558 -30.2867 6
      vertex 14.8274 -30.7592 2.2
      vertex 11.1565 -30.2759 6
    endloop
  endfacet
  facet normal 0.715438 -0.0469308 0.697099
    outer loop
      vertex 14.8274 -30.7592 2.2
      vertex 11.1558 -30.2867 6
      vertex 14.8 -31.1769 2.2
    endloop
  endfacet
  facet normal 0.539039 0.472751 0.697096
    outer loop
      vertex 13.1121 -36.0497 6
      vertex 15.7373 -33.4397 2.2
      vertex 15.4613 -33.125 2.2
    endloop
  endfacet
  facet normal 0.539173 0.472608 0.69709
    outer loop
      vertex 15.7373 -33.4397 2.2
      vertex 13.1121 -36.0497 6
      vertex 13.1192 -36.0578 6
    endloop
  endfacet
  facet normal 0.472743 -0.539038 0.697102
    outer loop
      vertex 16.052 -28.6382 2.2
      vertex 13.798 -25.7007 6
      vertex 13.1272 -26.289 6
    endloop
  endfacet
  facet normal 0.398298 0.596161 0.697102
    outer loop
      vertex 14.5398 -37.1487 6
      vertex 16.052 -33.7156 2.2
      vertex 13.798 -36.6531 6
    endloop
  endfacet
  facet normal 0.472743 0.539038 0.697102
    outer loop
      vertex 13.798 -36.6531 6
      vertex 16.052 -33.7156 2.2
      vertex 13.1272 -36.0648 6
    endloop
  endfacet
  facet normal 0.678921 -0.230486 0.697095
    outer loop
      vertex 15.0436 -29.9523 2.2
      vertex 11.6229 -28.5354 6
      vertex 11.3361 -29.3802 6
    endloop
  endfacet
  facet normal -0.678921 -0.230486 0.697095
    outer loop
      vertex 24.6639 -29.3802 6
      vertex 24.3771 -28.5354 6
      vertex 20.9564 -29.9523 2.2
    endloop
  endfacet
  facet normal 0.0468501 -0.715449 0.697092
    outer loop
      vertex 18 -27.9769 2.2
      vertex 18 -24.2744 6
      vertex 17.1097 -24.3327 6
    endloop
  endfacet
  facet normal -0.0468501 -0.715449 0.697092
    outer loop
      vertex 18.8903 -24.3327 6
      vertex 18 -24.2744 6
      vertex 18 -27.9769 2.2
    endloop
  endfacet
  facet normal -0.643029 -0.317134 0.697094
    outer loop
      vertex 24.3771 -28.5354 6
      vertex 23.9825 -27.7353 6
      vertex 20.9564 -29.9523 2.2
    endloop
  endfacet
  facet normal -0.315294 -0.644005 0.697028
    outer loop
      vertex 21.4417 -25.1944 6
      vertex 19.6 -28.4056 2.2
      vertex 21.4513 -25.1991 6
    endloop
  endfacet
  facet normal -0.317076 -0.643059 0.697092
    outer loop
      vertex 19.6 -28.4056 2.2
      vertex 21.4417 -25.1944 6
      vertex 19.2246 -28.2205 2.2
    endloop
  endfacet
  facet normal -0.0469307 -0.715437 0.697099
    outer loop
      vertex 18.4177 -28.0043 2.2
      vertex 18.8903 -24.3327 6
      vertex 18 -27.9769 2.2
    endloop
  endfacet
  facet normal -0.0468051 -0.715449 0.697095
    outer loop
      vertex 18.8903 -24.3327 6
      vertex 18.4177 -28.0043 2.2
      vertex 18.901 -24.3334 6
    endloop
  endfacet
  facet normal -0.594578 -0.400839 0.696997
    outer loop
      vertex 23.9718 -27.7167 6
      vertex 20.7713 -29.5769 2.2
      vertex 23.9778 -27.7256 6
    endloop
  endfacet
  facet normal -0.596092 -0.398423 0.697089
    outer loop
      vertex 20.7713 -29.5769 2.2
      vertex 23.9718 -27.7167 6
      vertex 20.5387 -29.2289 2.2
    endloop
  endfacet
  facet normal -0.317102 -0.643044 0.697095
    outer loop
      vertex 21.4417 -25.1944 6
      vertex 20.6415 -24.7998 6
      vertex 19.2246 -28.2205 2.2
    endloop
  endfacet
  facet normal 0.230486 -0.678921 0.697095
    outer loop
      vertex 16.7754 -28.2205 2.2
      vertex 16.2033 -24.513 6
      vertex 15.3585 -24.7998 6
    endloop
  endfacet
  facet normal 0.472747 -0.539034 0.697103
    outer loop
      vertex 13.1272 -26.289 6
      vertex 15.7373 -28.9142 2.2
      vertex 16.052 -28.6382 2.2
    endloop
  endfacet
  facet normal 0.475832 -0.536149 0.697229
    outer loop
      vertex 15.7373 -28.9142 2.2
      vertex 13.1272 -26.289 6
      vertex 13.1192 -26.2961 6
    endloop
  endfacet
  facet normal 0.317102 -0.643044 0.697095
    outer loop
      vertex 16.7754 -28.2205 2.2
      vertex 15.3585 -24.7998 6
      vertex 14.5583 -25.1944 6
    endloop
  endfacet
  facet normal 0.643029 -0.317134 0.697094
    outer loop
      vertex 15.0436 -29.9523 2.2
      vertex 12.0175 -27.7353 6
      vertex 11.6229 -28.5354 6
    endloop
  endfacet
  facet normal -0.230486 -0.678921 0.697095
    outer loop
      vertex 20.6415 -24.7998 6
      vertex 19.7967 -24.513 6
      vertex 19.2246 -28.2205 2.2
    endloop
  endfacet
  facet normal -0.22669 -0.68007 0.697221
    outer loop
      vertex 18.8282 -28.086 2.2
      vertex 19.7967 -24.513 6
      vertex 19.7865 -24.5096 6
    endloop
  endfacet
  facet normal -0.23037 -0.67895 0.697106
    outer loop
      vertex 19.7967 -24.513 6
      vertex 18.8282 -28.086 2.2
      vertex 19.2246 -28.2205 2.2
    endloop
  endfacet
  facet normal -0.596161 -0.398298 0.697102
    outer loop
      vertex 23.9718 -27.7167 6
      vertex 23.4762 -26.9749 6
      vertex 20.5387 -29.2289 2.2
    endloop
  endfacet
  facet normal -0.400839 -0.594578 0.696997
    outer loop
      vertex 19.6 -28.4056 2.2
      vertex 21.4602 -25.2051 6
      vertex 21.4513 -25.1991 6
    endloop
  endfacet
  facet normal -0.398423 -0.596092 0.697089
    outer loop
      vertex 21.4602 -25.2051 6
      vertex 19.6 -28.4056 2.2
      vertex 19.948 -28.6382 2.2
    endloop
  endfacet
  facet normal -0.539038 -0.472743 0.697102
    outer loop
      vertex 23.4762 -26.9749 6
      vertex 22.8879 -26.3041 6
      vertex 20.5387 -29.2289 2.2
    endloop
  endfacet
  facet normal -0.703209 -0.139838 0.697096
    outer loop
      vertex 24.8414 -30.2654 6
      vertex 24.6674 -29.3904 6
      vertex 21.091 -30.3487 2.2
    endloop
  endfacet
  facet normal -0.703121 -0.140624 0.697026
    outer loop
      vertex 21.091 -30.3487 2.2
      vertex 24.8435 -30.2759 6
      vertex 24.8414 -30.2654 6
    endloop
  endfacet
  facet normal -0.703214 -0.139786 0.697101
    outer loop
      vertex 24.8435 -30.2759 6
      vertex 21.091 -30.3487 2.2
      vertex 21.1726 -30.7592 2.2
    endloop
  endfacet
  facet normal -0.678236 -0.232728 0.697018
    outer loop
      vertex 24.6639 -29.3802 6
      vertex 21.091 -30.3487 2.2
      vertex 24.6674 -29.3904 6
    endloop
  endfacet
  facet normal -0.678911 -0.230528 0.697092
    outer loop
      vertex 21.091 -30.3487 2.2
      vertex 24.6639 -29.3802 6
      vertex 20.9564 -29.9523 2.2
    endloop
  endfacet
  facet normal -0.242993 -0.970028 0
    outer loop
      vertex 14.8069 -41.7032 0
      vertex 15.854 -41.9655 6
      vertex 14.8069 -41.7032 6
    endloop
  endfacet
  facet normal -0.242993 -0.970028 -0
    outer loop
      vertex 15.854 -41.9655 6
      vertex 14.8069 -41.7032 0
      vertex 15.854 -41.9655 0
    endloop
  endfacet
  facet normal -0.998794 0.0490972 0
    outer loop
      vertex -47 0 0
      vertex -46.947 1.07819 6
      vertex -46.947 1.07819 0
    endloop
  endfacet
  facet normal -0.998794 0.0490972 0
    outer loop
      vertex -46.947 1.07819 6
      vertex -47 0 0
      vertex -47 0 6
    endloop
  endfacet
  facet normal 0.671515 0.740991 -0
    outer loop
      vertex 25.7782 38.9551 0
      vertex 24.9783 39.68 6
      vertex 25.7782 38.9551 6
    endloop
  endfacet
  facet normal 0.671515 0.740991 0
    outer loop
      vertex 24.9783 39.68 6
      vertex 25.7782 38.9551 0
      vertex 24.9783 39.68 0
    endloop
  endfacet
  facet normal -0.857757 0.514056 0
    outer loop
      vertex -45.7011 5.18536 0
      vertex -45.1462 6.11127 6
      vertex -45.1462 6.11127 0
    endloop
  endfacet
  facet normal -0.857757 0.514056 0
    outer loop
      vertex -45.1462 6.11127 6
      vertex -45.7011 5.18536 0
      vertex -45.7011 5.18536 6
    endloop
  endfacet
  facet normal 0 0 -1
    outer loop
      vertex -34.4 2.77128 0
      vertex -18.4102 14.2945 0
      vertex -33.7373 2.26274 0
    endloop
  endfacet
  facet normal -0 0 -1
    outer loop
      vertex -18.4102 14.2945 0
      vertex -34.4 2.77128 0
      vertex -18.4165 14.3151 0
    endloop
  endfacet
  facet normal -0 0 -1
    outer loop
      vertex -18.4165 14.3151 0
      vertex -34.4 2.77128 0
      vertex -18.5895 14.8855 0
    endloop
  endfacet
  facet normal 0 0 -1
    outer loop
      vertex -35.1718 3.09096 0
      vertex -18.5895 14.8855 0
      vertex -34.4 2.77128 0
    endloop
  endfacet
  facet normal -0 0 -1
    outer loop
      vertex -18.5895 14.8855 0
      vertex -35.1718 3.09096 0
      vertex -24.9 24.9 0
    endloop
  endfacet
  facet normal 0 0 -1
    outer loop
      vertex -36 3.2 0
      vertex -24.9 24.9 0
      vertex -35.1718 3.09096 0
    endloop
  endfacet
  facet normal 0 0 -1
    outer loop
      vertex -43.7782 7.77817 0
      vertex -36 3.2 0
      vertex -36.8282 3.09096 0
    endloop
  endfacet
  facet normal 0 0 -1
    outer loop
      vertex -43.7782 7.77817 0
      vertex -36.8282 3.09096 0
      vertex -37.6 2.77128 0
    endloop
  endfacet
  facet normal 0 0 -1
    outer loop
      vertex -43.7782 7.77817 0
      vertex -37.6 2.77128 0
      vertex -38.2627 2.26274 0
    endloop
  endfacet
  facet normal 0 0 -1
    outer loop
      vertex -44.5031 6.97832 0
      vertex -38.2627 2.26274 0
      vertex -38.7713 1.6 0
    endloop
  endfacet
  facet normal 0 0 -1
    outer loop
      vertex -45.7011 -5.18536 0
      vertex -38.7713 -1.6 0
      vertex -45.1462 -6.11127 0
    endloop
  endfacet
  facet normal 0 0 -1
    outer loop
      vertex -46.1627 -4.2095 0
      vertex -38.7713 -1.6 0
      vertex -45.7011 -5.18536 0
    endloop
  endfacet
  facet normal 0 0 -1
    outer loop
      vertex -36 3.2 0
      vertex -43.7782 7.77817 0
      vertex -24.9 24.9 0
    endloop
  endfacet
  facet normal -0 0 -1
    outer loop
      vertex -38.7713 -1.6 0
      vertex -46.1627 -4.2095 0
      vertex -39.091 -0.82822 0
    endloop
  endfacet
  facet normal 0 0 -1
    outer loop
      vertex -46.5263 -3.19313 0
      vertex -39.091 -0.82822 0
      vertex -46.1627 -4.2095 0
    endloop
  endfacet
  facet normal 0 0 -1
    outer loop
      vertex -38.2627 2.26274 0
      vertex -44.5031 6.97832 0
      vertex -43.7782 7.77817 0
    endloop
  endfacet
  facet normal 0 0 -1
    outer loop
      vertex -46.7886 -2.14598 0
      vertex -39.091 -0.82822 0
      vertex -46.5263 -3.19313 0
    endloop
  endfacet
  facet normal 0 0 -1
    outer loop
      vertex -38.7713 1.6 0
      vertex -45.1462 6.11127 0
      vertex -44.5031 6.97832 0
    endloop
  endfacet
  facet normal 0 0 -1
    outer loop
      vertex -46.947 -1.07819 0
      vertex -39.091 -0.82822 0
      vertex -46.7886 -2.14598 0
    endloop
  endfacet
  facet normal 0 0 -1
    outer loop
      vertex -38.7713 1.6 0
      vertex -45.7011 5.18536 0
      vertex -45.1462 6.11127 0
    endloop
  endfacet
  facet normal -0 0 -1
    outer loop
      vertex -39.091 -0.82822 0
      vertex -46.947 -1.07819 0
      vertex -39.2 0 0
    endloop
  endfacet
  facet normal 0 0 -1
    outer loop
      vertex -38.7713 1.6 0
      vertex -46.1627 4.2095 0
      vertex -45.7011 5.18536 0
    endloop
  endfacet
  facet normal 0 0 -1
    outer loop
      vertex -47 0 0
      vertex -39.2 0 0
      vertex -46.947 -1.07819 0
    endloop
  endfacet
  facet normal 0 0 -1
    outer loop
      vertex -39.091 0.82822 0
      vertex -46.1627 4.2095 0
      vertex -38.7713 1.6 0
    endloop
  endfacet
  facet normal 0 -0 -1
    outer loop
      vertex -46.947 1.07819 0
      vertex -39.2 0 0
      vertex -47 0 0
    endloop
  endfacet
  facet normal 0 -0 -1
    outer loop
      vertex -46.1627 4.2095 0
      vertex -39.091 0.82822 0
      vertex -46.5263 3.19313 0
    endloop
  endfacet
  facet normal 0 0 -1
    outer loop
      vertex -39.2 0 0
      vertex -46.947 1.07819 0
      vertex -39.091 0.82822 0
    endloop
  endfacet
  facet normal 0 -0 -1
    outer loop
      vertex -46.5263 3.19313 0
      vertex -39.091 0.82822 0
      vertex -46.7886 2.14598 0
    endloop
  endfacet
  facet normal 0 -0 -1
    outer loop
      vertex -46.7886 2.14598 0
      vertex -39.091 0.82822 0
      vertex -46.947 1.07819 0
    endloop
  endfacet
  facet normal -0 0 -1
    outer loop
      vertex -1.9445 -2.91014 0
      vertex -12.8809 -13.75 0
      vertex -2.47487 -2.47487 0
    endloop
  endfacet
  facet normal 0 0 -1
    outer loop
      vertex -3.5 0 0
      vertex -12.3521 15.4786 0
      vertex -12.35 15.5 0
    endloop
  endfacet
  facet normal 0 0 -1
    outer loop
      vertex -13.259 -13.2892 0
      vertex -2.47487 -2.47487 0
      vertex -12.8809 -13.75 0
    endloop
  endfacet
  facet normal 0 0 -1
    outer loop
      vertex -3.5 0 0
      vertex -12.4105 14.8855 0
      vertex -12.3521 15.4786 0
    endloop
  endfacet
  facet normal 0 0 -1
    outer loop
      vertex -13.2726 -13.2726 0
      vertex -2.47487 -2.47487 0
      vertex -13.259 -13.2892 0
    endloop
  endfacet
  facet normal 0 0 -1
    outer loop
      vertex -3.5 0 0
      vertex -12.5835 14.3151 0
      vertex -12.4105 14.8855 0
    endloop
  endfacet
  facet normal 0 0 -1
    outer loop
      vertex -13.2892 -13.259 0
      vertex -2.47487 -2.47487 0
      vertex -13.2726 -13.2726 0
    endloop
  endfacet
  facet normal 0 0 -1
    outer loop
      vertex -3.5 0 0
      vertex -12.5898 14.2945 0
      vertex -12.5835 14.3151 0
    endloop
  endfacet
  facet normal -0 0 -1
    outer loop
      vertex -2.47487 -2.47487 0
      vertex -13.2892 -13.259 0
      vertex -2.91014 -1.9445 0
    endloop
  endfacet
  facet normal 0 0 -1
    outer loop
      vertex -3.5 0 0
      vertex -12.8707 13.7689 0
      vertex -12.5898 14.2945 0
    endloop
  endfacet
  facet normal 0 0 -1
    outer loop
      vertex -13.75 -12.8809 0
      vertex -2.91014 -1.9445 0
      vertex -13.2892 -13.259 0
    endloop
  endfacet
  facet normal 0 0 -1
    outer loop
      vertex -3.5 0 0
      vertex -12.8809 13.75 0
      vertex -12.8707 13.7689 0
    endloop
  endfacet
  facet normal 0 0 -1
    outer loop
      vertex -13.7689 -12.8707 0
      vertex -2.91014 -1.9445 0
      vertex -13.75 -12.8809 0
    endloop
  endfacet
  facet normal 0 0 -1
    outer loop
      vertex -3.5 0 0
      vertex -13.259 13.2892 0
      vertex -12.8809 13.75 0
    endloop
  endfacet
  facet normal 0 0 -1
    outer loop
      vertex -14.2945 -12.5898 0
      vertex -2.91014 -1.9445 0
      vertex -13.7689 -12.8707 0
    endloop
  endfacet
  facet normal 0 0 -1
    outer loop
      vertex -3.5 0 0
      vertex -13.2726 13.2726 0
      vertex -13.259 13.2892 0
    endloop
  endfacet
  facet normal -0 0 -1
    outer loop
      vertex -2.91014 -1.9445 0
      vertex -14.2945 -12.5898 0
      vertex -3.23358 -1.33939 0
    endloop
  endfacet
  facet normal 0 0 -1
    outer loop
      vertex -3.5 0 0
      vertex -13.2892 13.259 0
      vertex -13.2726 13.2726 0
    endloop
  endfacet
  facet normal 0 0 -1
    outer loop
      vertex -14.3151 -12.5835 0
      vertex -3.23358 -1.33939 0
      vertex -14.2945 -12.5898 0
    endloop
  endfacet
  facet normal 0 0 -1
    outer loop
      vertex -3.5 0 0
      vertex -13.75 12.8809 0
      vertex -13.2892 13.259 0
    endloop
  endfacet
  facet normal 0 0 -1
    outer loop
      vertex -14.8855 -12.4105 0
      vertex -3.23358 -1.33939 0
      vertex -14.3151 -12.5835 0
    endloop
  endfacet
  facet normal 0 0 -1
    outer loop
      vertex -3.5 0 0
      vertex -13.7689 12.8707 0
      vertex -13.75 12.8809 0
    endloop
  endfacet
  facet normal -0 0 -1
    outer loop
      vertex -3.23358 -1.33939 0
      vertex -14.8855 -12.4105 0
      vertex -3.43275 -0.682816 0
    endloop
  endfacet
  facet normal 0 0 -1
    outer loop
      vertex -3.5 0 0
      vertex -14.2945 12.5898 0
      vertex -13.7689 12.8707 0
    endloop
  endfacet
  facet normal 0 0 -1
    outer loop
      vertex -15.4786 -12.3521 0
      vertex -3.43275 -0.682816 0
      vertex -14.8855 -12.4105 0
    endloop
  endfacet
  facet normal 0 0 -1
    outer loop
      vertex -3.5 0 0
      vertex -14.3151 12.5835 0
      vertex -14.2945 12.5898 0
    endloop
  endfacet
  facet normal -0 0 -1
    outer loop
      vertex -3.43275 -0.682816 0
      vertex -15.4786 -12.3521 0
      vertex -3.5 0 0
    endloop
  endfacet
  facet normal 0 0 -1
    outer loop
      vertex -3.5 0 0
      vertex -14.8855 12.4105 0
      vertex -14.3151 12.5835 0
    endloop
  endfacet
  facet normal 0 0 -1
    outer loop
      vertex -15.5 -12.35 0
      vertex -3.5 0 0
      vertex -15.4786 -12.3521 0
    endloop
  endfacet
  facet normal 0 0 -1
    outer loop
      vertex -3.5 0 0
      vertex -15.4786 12.3521 0
      vertex -14.8855 12.4105 0
    endloop
  endfacet
  facet normal 0 0 -1
    outer loop
      vertex -15.5 12.35 0
      vertex -3.5 0 0
      vertex -15.5 -12.35 0
    endloop
  endfacet
  facet normal 0 0 -1
    outer loop
      vertex -3.5 0 0
      vertex -15.5 12.35 0
      vertex -15.4786 12.3521 0
    endloop
  endfacet
  facet normal 0 0 -1
    outer loop
      vertex -15.5214 -12.3521 0
      vertex -15.5 12.35 0
      vertex -15.5 -12.35 0
    endloop
  endfacet
  facet normal 0 0 -1
    outer loop
      vertex -15.5214 -12.3521 0
      vertex -15.5214 12.3521 0
      vertex -15.5 12.35 0
    endloop
  endfacet
  facet normal 0 0 -1
    outer loop
      vertex -16.1145 -12.4105 0
      vertex -15.5214 12.3521 0
      vertex -15.5214 -12.3521 0
    endloop
  endfacet
  facet normal 0 0 -1
    outer loop
      vertex -16.1145 -12.4105 0
      vertex -16.1145 12.4105 0
      vertex -15.5214 12.3521 0
    endloop
  endfacet
  facet normal 0 0 -1
    outer loop
      vertex -32.8 0 0
      vertex -16.1145 -12.4105 0
      vertex -16.6849 -12.5835 0
    endloop
  endfacet
  facet normal 0 0 -1
    outer loop
      vertex -16.1145 -12.4105 0
      vertex -32.8 0 0
      vertex -16.1145 12.4105 0
    endloop
  endfacet
  facet normal 0 0 -1
    outer loop
      vertex -32.8 0 0
      vertex -16.6849 -12.5835 0
      vertex -16.7055 -12.5898 0
    endloop
  endfacet
  facet normal -0 0 -1
    outer loop
      vertex -16.1145 12.4105 0
      vertex -32.8 0 0
      vertex -16.6849 12.5835 0
    endloop
  endfacet
  facet normal 0 0 -1
    outer loop
      vertex -32.909 -0.82822 0
      vertex -16.7055 -12.5898 0
      vertex -17.2311 -12.8707 0
    endloop
  endfacet
  facet normal -0 0 -1
    outer loop
      vertex -16.6849 12.5835 0
      vertex -32.8 0 0
      vertex -16.7055 12.5898 0
    endloop
  endfacet
  facet normal 0 0 -1
    outer loop
      vertex -32.909 -0.82822 0
      vertex -17.2311 -12.8707 0
      vertex -17.25 -12.8809 0
    endloop
  endfacet
  facet normal 0 0 -1
    outer loop
      vertex -32.909 0.82822 0
      vertex -16.7055 12.5898 0
      vertex -32.8 0 0
    endloop
  endfacet
  facet normal 0 0 -1
    outer loop
      vertex -33.2287 -1.6 0
      vertex -17.25 -12.8809 0
      vertex -17.7108 -13.259 0
    endloop
  endfacet
  facet normal -0 0 -1
    outer loop
      vertex -16.7055 12.5898 0
      vertex -32.909 0.82822 0
      vertex -17.2311 12.8707 0
    endloop
  endfacet
  facet normal 0 0 -1
    outer loop
      vertex -33.2287 -1.6 0
      vertex -17.7108 -13.259 0
      vertex -17.7274 -13.2726 0
    endloop
  endfacet
  facet normal -0 0 -1
    outer loop
      vertex -17.2311 12.8707 0
      vertex -32.909 0.82822 0
      vertex -17.25 12.8809 0
    endloop
  endfacet
  facet normal 0 0 -1
    outer loop
      vertex -33.2287 -1.6 0
      vertex -17.7274 -13.2726 0
      vertex -17.741 -13.2892 0
    endloop
  endfacet
  facet normal 0 0 -1
    outer loop
      vertex -33.2287 1.6 0
      vertex -17.25 12.8809 0
      vertex -32.909 0.82822 0
    endloop
  endfacet
  facet normal 0 0 -1
    outer loop
      vertex -33.2287 -1.6 0
      vertex -17.741 -13.2892 0
      vertex -18.1191 -13.75 0
    endloop
  endfacet
  facet normal -0 0 -1
    outer loop
      vertex -17.25 12.8809 0
      vertex -33.2287 1.6 0
      vertex -17.7108 13.259 0
    endloop
  endfacet
  facet normal 0 0 -1
    outer loop
      vertex -33.7373 -2.26274 0
      vertex -18.1191 -13.75 0
      vertex -18.1293 -13.7689 0
    endloop
  endfacet
  facet normal -0 0 -1
    outer loop
      vertex -17.7108 13.259 0
      vertex -33.2287 1.6 0
      vertex -17.7274 13.2726 0
    endloop
  endfacet
  facet normal 0 0 -1
    outer loop
      vertex -33.7373 -2.26274 0
      vertex -18.1293 -13.7689 0
      vertex -18.4102 -14.2945 0
    endloop
  endfacet
  facet normal -0 0 -1
    outer loop
      vertex -17.7274 13.2726 0
      vertex -33.2287 1.6 0
      vertex -17.741 13.2892 0
    endloop
  endfacet
  facet normal 0 0 -1
    outer loop
      vertex -34.4 -2.77128 0
      vertex -18.4102 -14.2945 0
      vertex -18.4165 -14.3151 0
    endloop
  endfacet
  facet normal -0 0 -1
    outer loop
      vertex -17.741 13.2892 0
      vertex -33.2287 1.6 0
      vertex -18.1191 13.75 0
    endloop
  endfacet
  facet normal 0 0 -1
    outer loop
      vertex -34.4 -2.77128 0
      vertex -18.4165 -14.3151 0
      vertex -18.5895 -14.8855 0
    endloop
  endfacet
  facet normal 0 0 -1
    outer loop
      vertex -33.7373 2.26274 0
      vertex -18.1191 13.75 0
      vertex -33.2287 1.6 0
    endloop
  endfacet
  facet normal 0 0 -1
    outer loop
      vertex -35.1718 -3.09096 0
      vertex -18.5895 -14.8855 0
      vertex -18.6479 -15.4786 0
    endloop
  endfacet
  facet normal -0 0 -1
    outer loop
      vertex -18.1191 13.75 0
      vertex -33.7373 2.26274 0
      vertex -18.1293 13.7689 0
    endloop
  endfacet
  facet normal 0 0 -1
    outer loop
      vertex -35.1718 -3.09096 0
      vertex -18.6479 -15.4786 0
      vertex -18.65 -15.5 0
    endloop
  endfacet
  facet normal -0 0 -1
    outer loop
      vertex -18.1293 13.7689 0
      vertex -33.7373 2.26274 0
      vertex -18.4102 14.2945 0
    endloop
  endfacet
  facet normal 0 0 -1
    outer loop
      vertex 18.4165 -14.3151 0
      vertex 29 -31.1769 0
      vertex 18.5895 -14.8855 0
    endloop
  endfacet
  facet normal 0 0 -1
    outer loop
      vertex 29 31.1769 0
      vertex 18.6479 15.4786 0
      vertex 18.65 15.5 0
    endloop
  endfacet
  facet normal 0 0 -1
    outer loop
      vertex 18.4102 -14.2945 0
      vertex 29 -31.1769 0
      vertex 18.4165 -14.3151 0
    endloop
  endfacet
  facet normal 0 0 -1
    outer loop
      vertex 29 31.1769 0
      vertex 18.5895 14.8855 0
      vertex 18.6479 15.4786 0
    endloop
  endfacet
  facet normal 0 0 -1
    outer loop
      vertex 29 -31.1769 0
      vertex 18.4102 -14.2945 0
      vertex 29 31.1769 0
    endloop
  endfacet
  facet normal 0 0 -1
    outer loop
      vertex 29 31.1769 0
      vertex 18.4165 14.3151 0
      vertex 18.5895 14.8855 0
    endloop
  endfacet
  facet normal 0 0 -1
    outer loop
      vertex 18.4102 14.2945 0
      vertex 29 31.1769 0
      vertex 18.4102 -14.2945 0
    endloop
  endfacet
  facet normal 0 0 -1
    outer loop
      vertex 29 31.1769 0
      vertex 18.4102 14.2945 0
      vertex 18.4165 14.3151 0
    endloop
  endfacet
  facet normal 0 0 -1
    outer loop
      vertex 18.1293 -13.7689 0
      vertex 18.4102 14.2945 0
      vertex 18.4102 -14.2945 0
    endloop
  endfacet
  facet normal 0 0 -1
    outer loop
      vertex 18.1293 -13.7689 0
      vertex 18.1293 13.7689 0
      vertex 18.4102 14.2945 0
    endloop
  endfacet
  facet normal 0 0 -1
    outer loop
      vertex 18.1191 -13.75 0
      vertex 18.1293 13.7689 0
      vertex 18.1293 -13.7689 0
    endloop
  endfacet
  facet normal 0 0 -1
    outer loop
      vertex 18.1191 -13.75 0
      vertex 18.1191 13.75 0
      vertex 18.1293 13.7689 0
    endloop
  endfacet
  facet normal 0 0 -1
    outer loop
      vertex 17.741 -13.2892 0
      vertex 18.1191 13.75 0
      vertex 18.1191 -13.75 0
    endloop
  endfacet
  facet normal 0 0 -1
    outer loop
      vertex 17.741 -13.2892 0
      vertex 17.741 13.2892 0
      vertex 18.1191 13.75 0
    endloop
  endfacet
  facet normal 0 0 -1
    outer loop
      vertex 17.7274 -13.2726 0
      vertex 17.741 13.2892 0
      vertex 17.741 -13.2892 0
    endloop
  endfacet
  facet normal 0 0 -1
    outer loop
      vertex 17.7274 -13.2726 0
      vertex 17.7274 13.2726 0
      vertex 17.741 13.2892 0
    endloop
  endfacet
  facet normal 0 0 -1
    outer loop
      vertex 17.7108 -13.259 0
      vertex 17.7274 13.2726 0
      vertex 17.7274 -13.2726 0
    endloop
  endfacet
  facet normal 0 0 -1
    outer loop
      vertex 17.7108 -13.259 0
      vertex 17.7108 13.259 0
      vertex 17.7274 13.2726 0
    endloop
  endfacet
  facet normal 0 0 -1
    outer loop
      vertex 17.25 -12.8809 0
      vertex 17.7108 13.259 0
      vertex 17.7108 -13.259 0
    endloop
  endfacet
  facet normal 0 0 -1
    outer loop
      vertex 17.25 -12.8809 0
      vertex 17.25 12.8809 0
      vertex 17.7108 13.259 0
    endloop
  endfacet
  facet normal 0 0 -1
    outer loop
      vertex 17.2311 -12.8707 0
      vertex 17.25 12.8809 0
      vertex 17.25 -12.8809 0
    endloop
  endfacet
  facet normal 0 0 -1
    outer loop
      vertex 17.2311 -12.8707 0
      vertex 17.2311 12.8707 0
      vertex 17.25 12.8809 0
    endloop
  endfacet
  facet normal 0 0 -1
    outer loop
      vertex 16.7055 -12.5898 0
      vertex 17.2311 12.8707 0
      vertex 17.2311 -12.8707 0
    endloop
  endfacet
  facet normal 0 0 -1
    outer loop
      vertex 16.7055 -12.5898 0
      vertex 16.7055 12.5898 0
      vertex 17.2311 12.8707 0
    endloop
  endfacet
  facet normal 0 0 -1
    outer loop
      vertex 16.6849 -12.5835 0
      vertex 16.7055 12.5898 0
      vertex 16.7055 -12.5898 0
    endloop
  endfacet
  facet normal 0 0 -1
    outer loop
      vertex 16.6849 -12.5835 0
      vertex 16.6849 12.5835 0
      vertex 16.7055 12.5898 0
    endloop
  endfacet
  facet normal 0 0 -1
    outer loop
      vertex 16.1145 -12.4105 0
      vertex 16.6849 12.5835 0
      vertex 16.6849 -12.5835 0
    endloop
  endfacet
  facet normal 0 0 -1
    outer loop
      vertex 16.1145 -12.4105 0
      vertex 16.1145 12.4105 0
      vertex 16.6849 12.5835 0
    endloop
  endfacet
  facet normal 0 0 -1
    outer loop
      vertex 15.5214 -12.3521 0
      vertex 16.1145 12.4105 0
      vertex 16.1145 -12.4105 0
    endloop
  endfacet
  facet normal 0 0 -1
    outer loop
      vertex 15.5214 -12.3521 0
      vertex 15.5214 12.3521 0
      vertex 16.1145 12.4105 0
    endloop
  endfacet
  facet normal 0 0 -1
    outer loop
      vertex 15.5 -12.35 0
      vertex 15.5214 12.3521 0
      vertex 15.5214 -12.3521 0
    endloop
  endfacet
  facet normal 0 0 -1
    outer loop
      vertex 15.5 -12.35 0
      vertex 15.5 12.35 0
      vertex 15.5214 12.3521 0
    endloop
  endfacet
  facet normal 0 0 -1
    outer loop
      vertex 3.5 0 0
      vertex 15.5 -12.35 0
      vertex 15.4786 -12.3521 0
    endloop
  endfacet
  facet normal 0 0 -1
    outer loop
      vertex 15.5 -12.35 0
      vertex 3.5 0 0
      vertex 15.5 12.35 0
    endloop
  endfacet
  facet normal 0 0 -1
    outer loop
      vertex 3.43275 -0.682816 0
      vertex 15.4786 -12.3521 0
      vertex 14.8855 -12.4105 0
    endloop
  endfacet
  facet normal -0 0 -1
    outer loop
      vertex 15.5 12.35 0
      vertex 3.5 0 0
      vertex 15.4786 12.3521 0
    endloop
  endfacet
  facet normal 0 0 -1
    outer loop
      vertex 3.23358 -1.33939 0
      vertex 14.8855 -12.4105 0
      vertex 14.3151 -12.5835 0
    endloop
  endfacet
  facet normal 0 0 -1
    outer loop
      vertex 3.43275 0.682816 0
      vertex 15.4786 12.3521 0
      vertex 3.5 0 0
    endloop
  endfacet
  facet normal 0 0 -1
    outer loop
      vertex 3.23358 -1.33939 0
      vertex 14.3151 -12.5835 0
      vertex 14.2945 -12.5898 0
    endloop
  endfacet
  facet normal -0 0 -1
    outer loop
      vertex 15.4786 12.3521 0
      vertex 3.43275 0.682816 0
      vertex 14.8855 12.4105 0
    endloop
  endfacet
  facet normal 0 0 -1
    outer loop
      vertex 2.91014 -1.9445 0
      vertex 14.2945 -12.5898 0
      vertex 13.7689 -12.8707 0
    endloop
  endfacet
  facet normal 0 0 -1
    outer loop
      vertex 3.23358 1.33939 0
      vertex 14.8855 12.4105 0
      vertex 3.43275 0.682816 0
    endloop
  endfacet
  facet normal 0 0 -1
    outer loop
      vertex 2.91014 -1.9445 0
      vertex 13.7689 -12.8707 0
      vertex 13.75 -12.8809 0
    endloop
  endfacet
  facet normal -0 0 -1
    outer loop
      vertex 14.8855 12.4105 0
      vertex 3.23358 1.33939 0
      vertex 14.3151 12.5835 0
    endloop
  endfacet
  facet normal 0 0 -1
    outer loop
      vertex 2.91014 -1.9445 0
      vertex 13.75 -12.8809 0
      vertex 13.2892 -13.259 0
    endloop
  endfacet
  facet normal -0 0 -1
    outer loop
      vertex 14.3151 12.5835 0
      vertex 3.23358 1.33939 0
      vertex 14.2945 12.5898 0
    endloop
  endfacet
  facet normal 0 0 -1
    outer loop
      vertex 2.47487 -2.47487 0
      vertex 13.2892 -13.259 0
      vertex 13.2726 -13.2726 0
    endloop
  endfacet
  facet normal 0 0 -1
    outer loop
      vertex 2.91014 1.9445 0
      vertex 14.2945 12.5898 0
      vertex 3.23358 1.33939 0
    endloop
  endfacet
  facet normal 0 0 -1
    outer loop
      vertex 2.47487 -2.47487 0
      vertex 13.2726 -13.2726 0
      vertex 13.259 -13.2892 0
    endloop
  endfacet
  facet normal -0 0 -1
    outer loop
      vertex 14.2945 12.5898 0
      vertex 2.91014 1.9445 0
      vertex 13.7689 12.8707 0
    endloop
  endfacet
  facet normal 0 0 -1
    outer loop
      vertex 2.47487 -2.47487 0
      vertex 13.259 -13.2892 0
      vertex 12.8809 -13.75 0
    endloop
  endfacet
  facet normal -0 0 -1
    outer loop
      vertex 13.7689 12.8707 0
      vertex 2.91014 1.9445 0
      vertex 13.75 12.8809 0
    endloop
  endfacet
  facet normal 0 0 -1
    outer loop
      vertex 1.9445 -2.91014 0
      vertex 12.8809 -13.75 0
      vertex 12.8707 -13.7689 0
    endloop
  endfacet
  facet normal -0 0 -1
    outer loop
      vertex 13.75 12.8809 0
      vertex 2.91014 1.9445 0
      vertex 13.2892 13.259 0
    endloop
  endfacet
  facet normal 0 0 -1
    outer loop
      vertex 1.9445 -2.91014 0
      vertex 12.8707 -13.7689 0
      vertex 12.5898 -14.2945 0
    endloop
  endfacet
  facet normal 0 0 -1
    outer loop
      vertex 2.47487 2.47487 0
      vertex 13.2892 13.259 0
      vertex 2.91014 1.9445 0
    endloop
  endfacet
  facet normal 0 0 -1
    outer loop
      vertex 1.33939 -3.23358 0
      vertex 12.5898 -14.2945 0
      vertex 12.5835 -14.3151 0
    endloop
  endfacet
  facet normal -0 0 -1
    outer loop
      vertex 13.2892 13.259 0
      vertex 2.47487 2.47487 0
      vertex 13.2726 13.2726 0
    endloop
  endfacet
  facet normal 0 0 -1
    outer loop
      vertex 1.33939 -3.23358 0
      vertex 12.5835 -14.3151 0
      vertex 12.4105 -14.8855 0
    endloop
  endfacet
  facet normal -0 0 -1
    outer loop
      vertex 13.2726 13.2726 0
      vertex 2.47487 2.47487 0
      vertex 13.259 13.2892 0
    endloop
  endfacet
  facet normal 0 0 -1
    outer loop
      vertex 0.682816 -3.43275 0
      vertex 12.4105 -14.8855 0
      vertex 12.3521 -15.4786 0
    endloop
  endfacet
  facet normal -0 0 -1
    outer loop
      vertex 13.259 13.2892 0
      vertex 2.47487 2.47487 0
      vertex 12.8809 13.75 0
    endloop
  endfacet
  facet normal 0 0 -1
    outer loop
      vertex 0.682816 -3.43275 0
      vertex 12.3521 -15.4786 0
      vertex 12.35 -15.5 0
    endloop
  endfacet
  facet normal 0 0 -1
    outer loop
      vertex 1.9445 2.91014 0
      vertex 12.8809 13.75 0
      vertex 2.47487 2.47487 0
    endloop
  endfacet
  facet normal 0 0 -1
    outer loop
      vertex 18.6479 -15.4786 0
      vertex 29 -31.1769 0
      vertex 18.65 -15.5 0
    endloop
  endfacet
  facet normal -0 0 -1
    outer loop
      vertex 29 31.1769 0
      vertex 21.091 30.3487 0
      vertex 21.2 31.1769 0
    endloop
  endfacet
  facet normal 0 0 -1
    outer loop
      vertex 18.65 -15.5 0
      vertex 21.091 -30.3487 0
      vertex 20.7713 -29.5769 0
    endloop
  endfacet
  facet normal 0 0 -1
    outer loop
      vertex 18.5895 -14.8855 0
      vertex 29 -31.1769 0
      vertex 18.6479 -15.4786 0
    endloop
  endfacet
  facet normal 0 0 -1
    outer loop
      vertex 18.4102 -16.7055 0
      vertex 20.7713 -29.5769 0
      vertex 20.2627 -28.9142 0
    endloop
  endfacet
  facet normal 0 0 -1
    outer loop
      vertex 18.6479 15.5214 0
      vertex 29 31.1769 0
      vertex 18.65 15.5 0
    endloop
  endfacet
  facet normal 0 0 -1
    outer loop
      vertex 18.1191 -17.25 0
      vertex 20.2627 -28.9142 0
      vertex 19.6 -28.4056 0
    endloop
  endfacet
  facet normal 0 0 -1
    outer loop
      vertex 29 31.1769 0
      vertex 20.7713 29.5769 0
      vertex 21.091 30.3487 0
    endloop
  endfacet
  facet normal 0 0 -1
    outer loop
      vertex 17.7108 -17.741 0
      vertex 19.6 -28.4056 0
      vertex 18.8282 -28.086 0
    endloop
  endfacet
  facet normal 0 0 -1
    outer loop
      vertex 18.5895 16.1145 0
      vertex 29 31.1769 0
      vertex 18.6479 15.5214 0
    endloop
  endfacet
  facet normal 0 0 -1
    outer loop
      vertex 18.4165 16.6849 0
      vertex 29 31.1769 0
      vertex 18.5895 16.1145 0
    endloop
  endfacet
  facet normal 0 0 -1
    outer loop
      vertex 20.7713 -29.5769 0
      vertex 18.6479 -15.5214 0
      vertex 18.65 -15.5 0
    endloop
  endfacet
  facet normal 0 0 -1
    outer loop
      vertex 20.7713 -29.5769 0
      vertex 18.5895 -16.1145 0
      vertex 18.6479 -15.5214 0
    endloop
  endfacet
  facet normal 0 0 -1
    outer loop
      vertex 20.7713 -29.5769 0
      vertex 18.4165 -16.6849 0
      vertex 18.5895 -16.1145 0
    endloop
  endfacet
  facet normal 0 0 -1
    outer loop
      vertex 20.7713 -29.5769 0
      vertex 18.4102 -16.7055 0
      vertex 18.4165 -16.6849 0
    endloop
  endfacet
  facet normal 0 0 -1
    outer loop
      vertex 20.2627 -28.9142 0
      vertex 18.1293 -17.2311 0
      vertex 18.4102 -16.7055 0
    endloop
  endfacet
  facet normal 0 0 -1
    outer loop
      vertex 20.2627 -28.9142 0
      vertex 18.1191 -17.25 0
      vertex 18.1293 -17.2311 0
    endloop
  endfacet
  facet normal 0 0 -1
    outer loop
      vertex 16.7055 -18.4102 0
      vertex 18.8282 -28.086 0
      vertex 18 -27.9769 0
    endloop
  endfacet
  facet normal 0 0 -1
    outer loop
      vertex 19.6 -28.4056 0
      vertex 17.741 -17.7108 0
      vertex 18.1191 -17.25 0
    endloop
  endfacet
  facet normal 0 0 -1
    outer loop
      vertex 19.6 -28.4056 0
      vertex 17.7274 -17.7274 0
      vertex 17.741 -17.7108 0
    endloop
  endfacet
  facet normal 0 0 -1
    outer loop
      vertex 19.6 -28.4056 0
      vertex 17.7108 -17.741 0
      vertex 17.7274 -17.7274 0
    endloop
  endfacet
  facet normal 0 0 -1
    outer loop
      vertex 18.8282 -28.086 0
      vertex 17.25 -18.1191 0
      vertex 17.7108 -17.741 0
    endloop
  endfacet
  facet normal 0 0 -1
    outer loop
      vertex 18.8282 -28.086 0
      vertex 17.2311 -18.1293 0
      vertex 17.25 -18.1191 0
    endloop
  endfacet
  facet normal 0 0 -1
    outer loop
      vertex 16.1145 -18.5895 0
      vertex 18 -27.9769 0
      vertex 17.1718 -28.086 0
    endloop
  endfacet
  facet normal 0 0 -1
    outer loop
      vertex 18.8282 -28.086 0
      vertex 16.7055 -18.4102 0
      vertex 17.2311 -18.1293 0
    endloop
  endfacet
  facet normal 0 0 -1
    outer loop
      vertex 18 -27.9769 0
      vertex 16.6849 -18.4165 0
      vertex 16.7055 -18.4102 0
    endloop
  endfacet
  facet normal 0 0 -1
    outer loop
      vertex 15.4786 -18.6479 0
      vertex 17.1718 -28.086 0
      vertex 16.4 -28.4056 0
    endloop
  endfacet
  facet normal 0 0 -1
    outer loop
      vertex 18 -27.9769 0
      vertex 16.1145 -18.5895 0
      vertex 16.6849 -18.4165 0
    endloop
  endfacet
  facet normal 0 0 -1
    outer loop
      vertex 14.2945 -18.4102 0
      vertex 16.4 -28.4056 0
      vertex 15.7373 -28.9142 0
    endloop
  endfacet
  facet normal 0 0 -1
    outer loop
      vertex 17.1718 -28.086 0
      vertex 15.5214 -18.6479 0
      vertex 16.1145 -18.5895 0
    endloop
  endfacet
  facet normal 0 0 -1
    outer loop
      vertex 17.1718 -28.086 0
      vertex 15.5 -18.65 0
      vertex 15.5214 -18.6479 0
    endloop
  endfacet
  facet normal 0 0 -1
    outer loop
      vertex 17.1718 -28.086 0
      vertex 15.4786 -18.6479 0
      vertex 15.5 -18.65 0
    endloop
  endfacet
  facet normal 0 0 -1
    outer loop
      vertex 13.75 -18.1191 0
      vertex 15.7373 -28.9142 0
      vertex 15.2287 -29.5769 0
    endloop
  endfacet
  facet normal 0 0 -1
    outer loop
      vertex 13.2726 -17.7274 0
      vertex 15.2287 -29.5769 0
      vertex 14.909 -30.3487 0
    endloop
  endfacet
  facet normal 0 0 -1
    outer loop
      vertex 16.4 -28.4056 0
      vertex 14.8855 -18.5895 0
      vertex 15.4786 -18.6479 0
    endloop
  endfacet
  facet normal 0 0 -1
    outer loop
      vertex -13.2726 -17.7274 0
      vertex 14.909 -30.3487 0
      vertex 14.8 -31.1769 0
    endloop
  endfacet
  facet normal 0 0 -1
    outer loop
      vertex 16.4 -28.4056 0
      vertex 14.3151 -18.4165 0
      vertex 14.8855 -18.5895 0
    endloop
  endfacet
  facet normal 0 0 -1
    outer loop
      vertex 21.2 -31.1769 0
      vertex 29 -31.1769 0
      vertex 28.947 -32.2551 0
    endloop
  endfacet
  facet normal 0 0 -1
    outer loop
      vertex 21.091 -30.3487 0
      vertex 29 -31.1769 0
      vertex 21.2 -31.1769 0
    endloop
  endfacet
  facet normal 0 0 -1
    outer loop
      vertex 21.091 -32.0051 0
      vertex 28.947 -32.2551 0
      vertex 28.7886 -33.3229 0
    endloop
  endfacet
  facet normal 0 0 -1
    outer loop
      vertex 18.65 -15.5 0
      vertex 29 -31.1769 0
      vertex 21.091 -30.3487 0
    endloop
  endfacet
  facet normal 0 0 -1
    outer loop
      vertex 21.091 -32.0051 0
      vertex 28.7886 -33.3229 0
      vertex 28.5263 -34.37 0
    endloop
  endfacet
  facet normal 0 0 -1
    outer loop
      vertex 29 31.1769 0
      vertex 21.2 31.1769 0
      vertex 28.947 32.2551 0
    endloop
  endfacet
  facet normal 0 0 -1
    outer loop
      vertex 21.091 -32.0051 0
      vertex 28.5263 -34.37 0
      vertex 28.1627 -35.3864 0
    endloop
  endfacet
  facet normal 0 0 -1
    outer loop
      vertex 21.091 32.0051 0
      vertex 28.947 32.2551 0
      vertex 21.2 31.1769 0
    endloop
  endfacet
  facet normal 0 0 -1
    outer loop
      vertex 20.7713 -32.7769 0
      vertex 28.1627 -35.3864 0
      vertex 27.7011 -36.3623 0
    endloop
  endfacet
  facet normal -0 0 -1
    outer loop
      vertex 28.947 32.2551 0
      vertex 21.091 32.0051 0
      vertex 28.7886 33.3229 0
    endloop
  endfacet
  facet normal 0 0 -1
    outer loop
      vertex 20.7713 -32.7769 0
      vertex 27.7011 -36.3623 0
      vertex 27.1462 -37.2882 0
    endloop
  endfacet
  facet normal -0 0 -1
    outer loop
      vertex 28.7886 33.3229 0
      vertex 21.091 32.0051 0
      vertex 28.5263 34.37 0
    endloop
  endfacet
  facet normal 0 0 -1
    outer loop
      vertex 20.7713 -32.7769 0
      vertex 27.1462 -37.2882 0
      vertex 26.5031 -38.1552 0
    endloop
  endfacet
  facet normal -0 0 -1
    outer loop
      vertex 28.5263 34.37 0
      vertex 21.091 32.0051 0
      vertex 28.1627 35.3864 0
    endloop
  endfacet
  facet normal 0 0 -1
    outer loop
      vertex 20.2627 -33.4397 0
      vertex 26.5031 -38.1552 0
      vertex 25.7782 -38.9551 0
    endloop
  endfacet
  facet normal 0 0 -1
    outer loop
      vertex 20.7713 32.7769 0
      vertex 28.1627 35.3864 0
      vertex 21.091 32.0051 0
    endloop
  endfacet
  facet normal 0 0 -1
    outer loop
      vertex 20.2627 -33.4397 0
      vertex 25.7782 -38.9551 0
      vertex 24.9783 -39.68 0
    endloop
  endfacet
  facet normal -0 0 -1
    outer loop
      vertex 28.1627 35.3864 0
      vertex 20.7713 32.7769 0
      vertex 27.7011 36.3623 0
    endloop
  endfacet
  facet normal 0 0 -1
    outer loop
      vertex 19.6 -33.9482 0
      vertex 24.9783 -39.68 0
      vertex 24.1113 -40.3231 0
    endloop
  endfacet
  facet normal -0 0 -1
    outer loop
      vertex 27.7011 36.3623 0
      vertex 20.7713 32.7769 0
      vertex 27.1462 37.2882 0
    endloop
  endfacet
  facet normal 0 0 -1
    outer loop
      vertex 19.6 -33.9482 0
      vertex 24.1113 -40.3231 0
      vertex 23.1854 -40.878 0
    endloop
  endfacet
  facet normal -0 0 -1
    outer loop
      vertex 27.1462 37.2882 0
      vertex 20.7713 32.7769 0
      vertex 26.5031 38.1552 0
    endloop
  endfacet
  facet normal 0 0 -1
    outer loop
      vertex 19.6 -33.9482 0
      vertex 23.1854 -40.878 0
      vertex 22.2095 -41.3396 0
    endloop
  endfacet
  facet normal 0 0 -1
    outer loop
      vertex 20.2627 33.4397 0
      vertex 26.5031 38.1552 0
      vertex 20.7713 32.7769 0
    endloop
  endfacet
  facet normal -0 0 -1
    outer loop
      vertex 26.5031 38.1552 0
      vertex 20.2627 33.4397 0
      vertex 25.7782 38.9551 0
    endloop
  endfacet
  facet normal 0 0 -1
    outer loop
      vertex 18.8282 -34.2679 0
      vertex 22.2095 -41.3396 0
      vertex 21.1931 -41.7032 0
    endloop
  endfacet
  facet normal 0 0 -1
    outer loop
      vertex 28.947 -32.2551 0
      vertex 21.091 -32.0051 0
      vertex 21.2 -31.1769 0
    endloop
  endfacet
  facet normal 0 0 -1
    outer loop
      vertex 28.1627 -35.3864 0
      vertex 20.7713 -32.7769 0
      vertex 21.091 -32.0051 0
    endloop
  endfacet
  facet normal 0 0 -1
    outer loop
      vertex 26.5031 -38.1552 0
      vertex 20.2627 -33.4397 0
      vertex 20.7713 -32.7769 0
    endloop
  endfacet
  facet normal 0 0 -1
    outer loop
      vertex 18.8282 -34.2679 0
      vertex 21.1931 -41.7032 0
      vertex 20.146 -41.9655 0
    endloop
  endfacet
  facet normal 0 0 -1
    outer loop
      vertex 24.9783 -39.68 0
      vertex 19.6 -33.9482 0
      vertex 20.2627 -33.4397 0
    endloop
  endfacet
  facet normal 0 0 -1
    outer loop
      vertex 18.8282 -34.2679 0
      vertex 20.146 -41.9655 0
      vertex 19.0782 -42.1239 0
    endloop
  endfacet
  facet normal 0 0 -1
    outer loop
      vertex 22.2095 -41.3396 0
      vertex 18.8282 -34.2679 0
      vertex 19.6 -33.9482 0
    endloop
  endfacet
  facet normal 0 0 -1
    outer loop
      vertex 18 -34.3769 0
      vertex 19.0782 -42.1239 0
      vertex 18 -42.1769 0
    endloop
  endfacet
  facet normal 0 0 -1
    outer loop
      vertex 19.0782 -42.1239 0
      vertex 18 -34.3769 0
      vertex 18.8282 -34.2679 0
    endloop
  endfacet
  facet normal 0 0 -1
    outer loop
      vertex 16.9218 -42.1239 0
      vertex 18 -34.3769 0
      vertex 18 -42.1769 0
    endloop
  endfacet
  facet normal -0 0 -1
    outer loop
      vertex 18 -34.3769 0
      vertex 16.9218 -42.1239 0
      vertex 17.1718 -34.2679 0
    endloop
  endfacet
  facet normal 0 0 -1
    outer loop
      vertex 15.854 -41.9655 0
      vertex 17.1718 -34.2679 0
      vertex 16.9218 -42.1239 0
    endloop
  endfacet
  facet normal 0 0 -1
    outer loop
      vertex 14.8069 -41.7032 0
      vertex 17.1718 -34.2679 0
      vertex 15.854 -41.9655 0
    endloop
  endfacet
  facet normal 0 0 -1
    outer loop
      vertex 13.7905 -41.3396 0
      vertex 17.1718 -34.2679 0
      vertex 14.8069 -41.7032 0
    endloop
  endfacet
  facet normal -0 0 -1
    outer loop
      vertex 17.1718 -34.2679 0
      vertex 13.7905 -41.3396 0
      vertex 16.4 -33.9482 0
    endloop
  endfacet
  facet normal -0 0 -1
    outer loop
      vertex 16.4 -33.9482 0
      vertex 13.7905 -41.3396 0
      vertex 15.7373 -33.4397 0
    endloop
  endfacet
  facet normal -0 0 -1
    outer loop
      vertex 15.7373 -33.4397 0
      vertex 13.7905 -41.3396 0
      vertex 15.2287 -32.7769 0
    endloop
  endfacet
  facet normal -0 0 -1
    outer loop
      vertex 15.2287 -32.7769 0
      vertex 13.7905 -41.3396 0
      vertex 14.909 -32.0051 0
    endloop
  endfacet
  facet normal 0 0 -1
    outer loop
      vertex -13.75 -18.1191 0
      vertex 14.909 -32.0051 0
      vertex 13.7905 -41.3396 0
    endloop
  endfacet
  facet normal 0 0 -1
    outer loop
      vertex 14.909 -32.0051 0
      vertex -13.75 -18.1191 0
      vertex 14.8 -31.1769 0
    endloop
  endfacet
  facet normal 0 0 -1
    outer loop
      vertex 16.4 -28.4056 0
      vertex 14.2945 -18.4102 0
      vertex 14.3151 -18.4165 0
    endloop
  endfacet
  facet normal 0 0 -1
    outer loop
      vertex 15.7373 -28.9142 0
      vertex 13.7689 -18.1293 0
      vertex 14.2945 -18.4102 0
    endloop
  endfacet
  facet normal 0 0 -1
    outer loop
      vertex 15.7373 -28.9142 0
      vertex 13.75 -18.1191 0
      vertex 13.7689 -18.1293 0
    endloop
  endfacet
  facet normal 0 0 -1
    outer loop
      vertex 15.2287 -29.5769 0
      vertex 13.2892 -17.741 0
      vertex 13.75 -18.1191 0
    endloop
  endfacet
  facet normal 0 0 -1
    outer loop
      vertex 15.2287 -29.5769 0
      vertex 13.2726 -17.7274 0
      vertex 13.2892 -17.741 0
    endloop
  endfacet
  facet normal 0 0 -1
    outer loop
      vertex 14.909 -30.3487 0
      vertex -13.2726 -17.7274 0
      vertex -13.259 -17.7108 0
    endloop
  endfacet
  facet normal 0 0 -1
    outer loop
      vertex 14.909 -30.3487 0
      vertex 13.259 -17.7108 0
      vertex 13.2726 -17.7274 0
    endloop
  endfacet
  facet normal 0 0 -1
    outer loop
      vertex 14.909 -30.3487 0
      vertex -13.259 -17.7108 0
      vertex -12.8809 -17.25 0
    endloop
  endfacet
  facet normal 0 0 -1
    outer loop
      vertex 14.909 -30.3487 0
      vertex 12.8809 -17.25 0
      vertex 13.259 -17.7108 0
    endloop
  endfacet
  facet normal 0 0 -1
    outer loop
      vertex 14.909 -30.3487 0
      vertex -12.8809 -17.25 0
      vertex 12.8809 -17.25 0
    endloop
  endfacet
  facet normal 0 0 -1
    outer loop
      vertex 12.8809 -17.25 0
      vertex -12.8809 -17.25 0
      vertex 12.8707 -17.2311 0
    endloop
  endfacet
  facet normal 0 -0 -1
    outer loop
      vertex -12.8707 -17.2311 0
      vertex 12.8707 -17.2311 0
      vertex -12.8809 -17.25 0
    endloop
  endfacet
  facet normal 0 -0 -1
    outer loop
      vertex -12.5898 -16.7055 0
      vertex 12.5898 -16.7055 0
      vertex -12.8707 -17.2311 0
    endloop
  endfacet
  facet normal -0 0 -1
    outer loop
      vertex 12.8809 13.75 0
      vertex 1.9445 2.91014 0
      vertex 12.8707 13.7689 0
    endloop
  endfacet
  facet normal 0 0 -1
    outer loop
      vertex 12.5898 -16.7055 0
      vertex -12.5898 -16.7055 0
      vertex 12.5835 -16.6849 0
    endloop
  endfacet
  facet normal 0 0 -1
    outer loop
      vertex 15.4786 -12.3521 0
      vertex 3.43275 -0.682816 0
      vertex 3.5 0 0
    endloop
  endfacet
  facet normal 0 0 -1
    outer loop
      vertex 14.8855 -12.4105 0
      vertex 3.23358 -1.33939 0
      vertex 3.43275 -0.682816 0
    endloop
  endfacet
  facet normal 0 0 -1
    outer loop
      vertex 14.2945 -12.5898 0
      vertex 2.91014 -1.9445 0
      vertex 3.23358 -1.33939 0
    endloop
  endfacet
  facet normal 0 0 -1
    outer loop
      vertex 13.2892 -13.259 0
      vertex 2.47487 -2.47487 0
      vertex 2.91014 -1.9445 0
    endloop
  endfacet
  facet normal 0 0 -1
    outer loop
      vertex 12.8809 -13.75 0
      vertex 1.9445 -2.91014 0
      vertex 2.47487 -2.47487 0
    endloop
  endfacet
  facet normal 0 0 -1
    outer loop
      vertex 12.5898 -14.2945 0
      vertex 1.33939 -3.23358 0
      vertex 1.9445 -2.91014 0
    endloop
  endfacet
  facet normal 0 0 -1
    outer loop
      vertex 12.4105 -14.8855 0
      vertex 0.682816 -3.43275 0
      vertex 1.33939 -3.23358 0
    endloop
  endfacet
  facet normal 0 -0 -1
    outer loop
      vertex -12.3521 -15.5214 0
      vertex 12.3521 -15.5214 0
      vertex -12.4105 -16.1145 0
    endloop
  endfacet
  facet normal 0 0 -1
    outer loop
      vertex 12.3521 -15.5214 0
      vertex -12.3521 -15.5214 0
      vertex 12.35 -15.5 0
    endloop
  endfacet
  facet normal 0 -0 -1
    outer loop
      vertex -12.35 -15.5 0
      vertex 12.35 -15.5 0
      vertex -12.3521 -15.5214 0
    endloop
  endfacet
  facet normal 0 0 -1
    outer loop
      vertex 12.35 -15.5 0
      vertex -12.35 -15.5 0
      vertex 0 -3.5 0
    endloop
  endfacet
  facet normal -0 0 -1
    outer loop
      vertex 0 -3.5 0
      vertex -12.35 -15.5 0
      vertex -0.682816 -3.43275 0
    endloop
  endfacet
  facet normal 0 0 -1
    outer loop
      vertex -12.3521 -15.4786 0
      vertex -0.682816 -3.43275 0
      vertex -12.35 -15.5 0
    endloop
  endfacet
  facet normal 0 0 -1
    outer loop
      vertex -12.4105 -14.8855 0
      vertex -0.682816 -3.43275 0
      vertex -12.3521 -15.4786 0
    endloop
  endfacet
  facet normal 0 0 -1
    outer loop
      vertex -12.8707 -13.7689 0
      vertex -1.9445 -2.91014 0
      vertex -12.5898 -14.2945 0
    endloop
  endfacet
  facet normal -0 0 -1
    outer loop
      vertex -1.33939 -3.23358 0
      vertex -12.5898 -14.2945 0
      vertex -1.9445 -2.91014 0
    endloop
  endfacet
  facet normal -0 0 -1
    outer loop
      vertex -0.682816 -3.43275 0
      vertex -12.4105 -14.8855 0
      vertex -1.33939 -3.23358 0
    endloop
  endfacet
  facet normal 0 0 -1
    outer loop
      vertex -12.5898 -14.2945 0
      vertex -1.33939 -3.23358 0
      vertex -12.5835 -14.3151 0
    endloop
  endfacet
  facet normal 0 0 -1
    outer loop
      vertex -12.5835 -14.3151 0
      vertex -1.33939 -3.23358 0
      vertex -12.4105 -14.8855 0
    endloop
  endfacet
  facet normal 0 0 -1
    outer loop
      vertex 12.35 -15.5 0
      vertex 0 -3.5 0
      vertex 0.682816 -3.43275 0
    endloop
  endfacet
  facet normal 0 0 -1
    outer loop
      vertex 12.4105 -16.1145 0
      vertex -12.4105 -16.1145 0
      vertex 12.3521 -15.5214 0
    endloop
  endfacet
  facet normal 0 -0 -1
    outer loop
      vertex -12.4105 -16.1145 0
      vertex 12.4105 -16.1145 0
      vertex -12.5835 -16.6849 0
    endloop
  endfacet
  facet normal 0 0 -1
    outer loop
      vertex 12.5835 -16.6849 0
      vertex -12.5835 -16.6849 0
      vertex 12.4105 -16.1145 0
    endloop
  endfacet
  facet normal 0 -0 -1
    outer loop
      vertex -12.5835 -16.6849 0
      vertex 12.5835 -16.6849 0
      vertex -12.5898 -16.7055 0
    endloop
  endfacet
  facet normal 0 0 -1
    outer loop
      vertex 12.8707 -17.2311 0
      vertex -12.8707 -17.2311 0
      vertex 12.5898 -16.7055 0
    endloop
  endfacet
  facet normal 0 0 -1
    outer loop
      vertex 14.8 -31.1769 0
      vertex -13.2892 -17.741 0
      vertex -13.2726 -17.7274 0
    endloop
  endfacet
  facet normal 0 0 -1
    outer loop
      vertex 14.8 -31.1769 0
      vertex -13.75 -18.1191 0
      vertex -13.2892 -17.741 0
    endloop
  endfacet
  facet normal 0 0 -1
    outer loop
      vertex 13.7905 -41.3396 0
      vertex -13.7689 -18.1293 0
      vertex -13.75 -18.1191 0
    endloop
  endfacet
  facet normal 0 0 -1
    outer loop
      vertex 13.7905 -41.3396 0
      vertex -14.2945 -18.4102 0
      vertex -13.7689 -18.1293 0
    endloop
  endfacet
  facet normal 0 0 -1
    outer loop
      vertex 13.7905 -41.3396 0
      vertex -14.3151 -18.4165 0
      vertex -14.2945 -18.4102 0
    endloop
  endfacet
  facet normal 0 0 -1
    outer loop
      vertex 13.7905 -41.3396 0
      vertex -14.8855 -18.5895 0
      vertex -14.3151 -18.4165 0
    endloop
  endfacet
  facet normal 0 0 -1
    outer loop
      vertex -24.9 -24.9 0
      vertex -14.8855 -18.5895 0
      vertex 13.7905 -41.3396 0
    endloop
  endfacet
  facet normal 0 0 -1
    outer loop
      vertex -14.8855 -18.5895 0
      vertex -24.9 -24.9 0
      vertex -15.4786 -18.6479 0
    endloop
  endfacet
  facet normal 0 0 -1
    outer loop
      vertex -15.4786 -18.6479 0
      vertex -24.9 -24.9 0
      vertex -15.5 -18.65 0
    endloop
  endfacet
  facet normal -0 0 -1
    outer loop
      vertex -15.5 -18.65 0
      vertex -24.9 -24.9 0
      vertex -15.5214 -18.6479 0
    endloop
  endfacet
  facet normal -0 0 -1
    outer loop
      vertex -15.5214 -18.6479 0
      vertex -24.9 -24.9 0
      vertex -16.1145 -18.5895 0
    endloop
  endfacet
  facet normal -0 0 -1
    outer loop
      vertex -16.1145 -18.5895 0
      vertex -24.9 -24.9 0
      vertex -16.6849 -18.4165 0
    endloop
  endfacet
  facet normal -0 0 -1
    outer loop
      vertex -16.6849 -18.4165 0
      vertex -24.9 -24.9 0
      vertex -16.7055 -18.4102 0
    endloop
  endfacet
  facet normal -0 0 -1
    outer loop
      vertex -16.7055 -18.4102 0
      vertex -24.9 -24.9 0
      vertex -17.2311 -18.1293 0
    endloop
  endfacet
  facet normal 0 0 -1
    outer loop
      vertex -24.9 -24.9 0
      vertex -17.7108 -17.741 0
      vertex -17.25 -18.1191 0
    endloop
  endfacet
  facet normal 0 0 -1
    outer loop
      vertex -24.9 -24.9 0
      vertex -17.741 -17.7108 0
      vertex -17.7274 -17.7274 0
    endloop
  endfacet
  facet normal 0 0 -1
    outer loop
      vertex -24.9 -24.9 0
      vertex -18.4165 -16.6849 0
      vertex -18.4102 -16.7055 0
    endloop
  endfacet
  facet normal 0 0 -1
    outer loop
      vertex -24.9 -24.9 0
      vertex -18.6479 -15.5214 0
      vertex -18.5895 -16.1145 0
    endloop
  endfacet
  facet normal 0 0 -1
    outer loop
      vertex -35.1718 -3.09096 0
      vertex -18.65 -15.5 0
      vertex -24.9 -24.9 0
    endloop
  endfacet
  facet normal -0 0 -1
    outer loop
      vertex -18.6479 -15.5214 0
      vertex -24.9 -24.9 0
      vertex -18.65 -15.5 0
    endloop
  endfacet
  facet normal -0 0 -1
    outer loop
      vertex -18.4165 -16.6849 0
      vertex -24.9 -24.9 0
      vertex -18.5895 -16.1145 0
    endloop
  endfacet
  facet normal -0 0 -1
    outer loop
      vertex -18.1293 -17.2311 0
      vertex -24.9 -24.9 0
      vertex -18.4102 -16.7055 0
    endloop
  endfacet
  facet normal -0 0 -1
    outer loop
      vertex -18.1191 -17.25 0
      vertex -24.9 -24.9 0
      vertex -18.1293 -17.2311 0
    endloop
  endfacet
  facet normal -0 0 -1
    outer loop
      vertex -17.741 -17.7108 0
      vertex -24.9 -24.9 0
      vertex -18.1191 -17.25 0
    endloop
  endfacet
  facet normal -0 0 -1
    outer loop
      vertex -17.7108 -17.741 0
      vertex -24.9 -24.9 0
      vertex -17.7274 -17.7274 0
    endloop
  endfacet
  facet normal -0 0 -1
    outer loop
      vertex -17.2311 -18.1293 0
      vertex -24.9 -24.9 0
      vertex -17.25 -18.1191 0
    endloop
  endfacet
  facet normal -0 0 -1
    outer loop
      vertex 25.7782 38.9551 0
      vertex 20.2627 33.4397 0
      vertex 24.9783 39.68 0
    endloop
  endfacet
  facet normal 0 0 -1
    outer loop
      vertex 19.6 33.9482 0
      vertex 24.9783 39.68 0
      vertex 20.2627 33.4397 0
    endloop
  endfacet
  facet normal -0 0 -1
    outer loop
      vertex 24.9783 39.68 0
      vertex 19.6 33.9482 0
      vertex 24.1113 40.3231 0
    endloop
  endfacet
  facet normal -0 0 -1
    outer loop
      vertex 24.1113 40.3231 0
      vertex 19.6 33.9482 0
      vertex 23.1854 40.878 0
    endloop
  endfacet
  facet normal -0 0 -1
    outer loop
      vertex 23.1854 40.878 0
      vertex 19.6 33.9482 0
      vertex 22.2095 41.3396 0
    endloop
  endfacet
  facet normal 0 0 -1
    outer loop
      vertex 18.8282 34.2679 0
      vertex 22.2095 41.3396 0
      vertex 19.6 33.9482 0
    endloop
  endfacet
  facet normal -0 0 -1
    outer loop
      vertex 22.2095 41.3396 0
      vertex 18.8282 34.2679 0
      vertex 21.1931 41.7032 0
    endloop
  endfacet
  facet normal -0 0 -1
    outer loop
      vertex 21.1931 41.7032 0
      vertex 18.8282 34.2679 0
      vertex 20.146 41.9655 0
    endloop
  endfacet
  facet normal -0 0 -1
    outer loop
      vertex 20.146 41.9655 0
      vertex 18.8282 34.2679 0
      vertex 19.0782 42.1239 0
    endloop
  endfacet
  facet normal 0 0 -1
    outer loop
      vertex 18 34.3769 0
      vertex 19.0782 42.1239 0
      vertex 18.8282 34.2679 0
    endloop
  endfacet
  facet normal 0 0 -1
    outer loop
      vertex 18 34.3769 0
      vertex 18 42.1769 0
      vertex 19.0782 42.1239 0
    endloop
  endfacet
  facet normal 0 0 -1
    outer loop
      vertex 16.9218 42.1239 0
      vertex 18 34.3769 0
      vertex 17.1718 34.2679 0
    endloop
  endfacet
  facet normal 0 0 -1
    outer loop
      vertex 18 34.3769 0
      vertex 16.9218 42.1239 0
      vertex 18 42.1769 0
    endloop
  endfacet
  facet normal 0 0 -1
    outer loop
      vertex 13.7905 41.3396 0
      vertex 17.1718 34.2679 0
      vertex 16.4 33.9482 0
    endloop
  endfacet
  facet normal 0 0 -1
    outer loop
      vertex 17.1718 34.2679 0
      vertex 15.854 41.9655 0
      vertex 16.9218 42.1239 0
    endloop
  endfacet
  facet normal 0 0 -1
    outer loop
      vertex 13.7905 41.3396 0
      vertex 16.4 33.9482 0
      vertex 15.7373 33.4397 0
    endloop
  endfacet
  facet normal 0 0 -1
    outer loop
      vertex 13.7905 41.3396 0
      vertex 15.7373 33.4397 0
      vertex 15.2287 32.7769 0
    endloop
  endfacet
  facet normal 0 0 -1
    outer loop
      vertex 13.7905 41.3396 0
      vertex 15.2287 32.7769 0
      vertex 14.909 32.0051 0
    endloop
  endfacet
  facet normal 0 0 -1
    outer loop
      vertex 17.1718 34.2679 0
      vertex 14.8069 41.7032 0
      vertex 15.854 41.9655 0
    endloop
  endfacet
  facet normal 0 0 -1
    outer loop
      vertex -13.75 18.1191 0
      vertex 14.909 32.0051 0
      vertex 14.8 31.1769 0
    endloop
  endfacet
  facet normal -0 0 -1
    outer loop
      vertex 15.7373 28.9142 0
      vertex 13.75 18.1191 0
      vertex 15.2287 29.5769 0
    endloop
  endfacet
  facet normal 0 0 -1
    outer loop
      vertex 13.2892 17.741 0
      vertex 15.2287 29.5769 0
      vertex 13.75 18.1191 0
    endloop
  endfacet
  facet normal 0 0 -1
    outer loop
      vertex 17.1718 34.2679 0
      vertex 13.7905 41.3396 0
      vertex 14.8069 41.7032 0
    endloop
  endfacet
  facet normal 0 0 -1
    outer loop
      vertex 13.2726 17.7274 0
      vertex 15.2287 29.5769 0
      vertex 13.2892 17.741 0
    endloop
  endfacet
  facet normal -0 0 -1
    outer loop
      vertex 15.2287 29.5769 0
      vertex 13.2726 17.7274 0
      vertex 14.909 30.3487 0
    endloop
  endfacet
  facet normal 0 0 -1
    outer loop
      vertex 13.259 17.7108 0
      vertex 14.909 30.3487 0
      vertex 13.2726 17.7274 0
    endloop
  endfacet
  facet normal 0 0 -1
    outer loop
      vertex 12.8809 17.25 0
      vertex 14.909 30.3487 0
      vertex 13.259 17.7108 0
    endloop
  endfacet
  facet normal 0 0 -1
    outer loop
      vertex -12.8809 17.25 0
      vertex 14.909 30.3487 0
      vertex 12.8809 17.25 0
    endloop
  endfacet
  facet normal 0 0 -1
    outer loop
      vertex -13.259 17.7108 0
      vertex 14.909 30.3487 0
      vertex -12.8809 17.25 0
    endloop
  endfacet
  facet normal 0 0 -1
    outer loop
      vertex -12.8809 17.25 0
      vertex 12.8809 17.25 0
      vertex 12.8707 17.2311 0
    endloop
  endfacet
  facet normal 0 0 -1
    outer loop
      vertex -12.8707 17.2311 0
      vertex 12.8707 17.2311 0
      vertex 12.5898 16.7055 0
    endloop
  endfacet
  facet normal 0 0 -1
    outer loop
      vertex -12.5898 16.7055 0
      vertex 12.5898 16.7055 0
      vertex 12.5835 16.6849 0
    endloop
  endfacet
  facet normal 0 0 -1
    outer loop
      vertex -12.5835 16.6849 0
      vertex 12.5835 16.6849 0
      vertex 12.4105 16.1145 0
    endloop
  endfacet
  facet normal 0 0 -1
    outer loop
      vertex -12.4105 16.1145 0
      vertex 12.4105 16.1145 0
      vertex 12.3521 15.5214 0
    endloop
  endfacet
  facet normal 0 0 -1
    outer loop
      vertex -12.3521 15.5214 0
      vertex 12.3521 15.5214 0
      vertex 12.35 15.5 0
    endloop
  endfacet
  facet normal -0 0 -1
    outer loop
      vertex 12.8707 13.7689 0
      vertex 1.9445 2.91014 0
      vertex 12.5898 14.2945 0
    endloop
  endfacet
  facet normal 0 0 -1
    outer loop
      vertex 1.33939 3.23358 0
      vertex 12.5898 14.2945 0
      vertex 1.9445 2.91014 0
    endloop
  endfacet
  facet normal -0 0 -1
    outer loop
      vertex 12.5898 14.2945 0
      vertex 1.33939 3.23358 0
      vertex 12.5835 14.3151 0
    endloop
  endfacet
  facet normal -0 0 -1
    outer loop
      vertex 12.5835 14.3151 0
      vertex 1.33939 3.23358 0
      vertex 12.4105 14.8855 0
    endloop
  endfacet
  facet normal 0 0 -1
    outer loop
      vertex 0.682816 3.43275 0
      vertex 12.4105 14.8855 0
      vertex 1.33939 3.23358 0
    endloop
  endfacet
  facet normal -0 0 -1
    outer loop
      vertex 12.4105 14.8855 0
      vertex 0.682816 3.43275 0
      vertex 12.3521 15.4786 0
    endloop
  endfacet
  facet normal -0 0 -1
    outer loop
      vertex 12.3521 15.4786 0
      vertex 0.682816 3.43275 0
      vertex 12.35 15.5 0
    endloop
  endfacet
  facet normal 0 0 -1
    outer loop
      vertex 0 3.5 0
      vertex 12.35 15.5 0
      vertex 0.682816 3.43275 0
    endloop
  endfacet
  facet normal 0 0 -1
    outer loop
      vertex -12.35 15.5 0
      vertex 12.35 15.5 0
      vertex 0 3.5 0
    endloop
  endfacet
  facet normal 0 0 -1
    outer loop
      vertex -12.35 15.5 0
      vertex 0 3.5 0
      vertex -0.682816 3.43275 0
    endloop
  endfacet
  facet normal 0 0 -1
    outer loop
      vertex -12.35 15.5 0
      vertex -0.682816 3.43275 0
      vertex -1.33939 3.23358 0
    endloop
  endfacet
  facet normal 0 0 -1
    outer loop
      vertex -12.35 15.5 0
      vertex -1.33939 3.23358 0
      vertex -1.9445 2.91014 0
    endloop
  endfacet
  facet normal 0 0 -1
    outer loop
      vertex -12.35 15.5 0
      vertex -1.9445 2.91014 0
      vertex -2.47487 2.47487 0
    endloop
  endfacet
  facet normal 0 0 -1
    outer loop
      vertex -12.35 15.5 0
      vertex -2.47487 2.47487 0
      vertex -2.91014 1.9445 0
    endloop
  endfacet
  facet normal 0 0 -1
    outer loop
      vertex -12.35 15.5 0
      vertex -2.91014 1.9445 0
      vertex -3.23358 1.33939 0
    endloop
  endfacet
  facet normal 0 0 -1
    outer loop
      vertex -12.8809 -13.75 0
      vertex -1.9445 -2.91014 0
      vertex -12.8707 -13.7689 0
    endloop
  endfacet
  facet normal 0 0 -1
    outer loop
      vertex -3.5 0 0
      vertex -12.35 15.5 0
      vertex -3.43275 0.682816 0
    endloop
  endfacet
  facet normal 0 0 -1
    outer loop
      vertex -3.43275 0.682816 0
      vertex -12.35 15.5 0
      vertex -3.23358 1.33939 0
    endloop
  endfacet
  facet normal 0 0 -1
    outer loop
      vertex 12.35 15.5 0
      vertex -12.35 15.5 0
      vertex -12.3521 15.5214 0
    endloop
  endfacet
  facet normal 0 0 -1
    outer loop
      vertex 12.3521 15.5214 0
      vertex -12.3521 15.5214 0
      vertex -12.4105 16.1145 0
    endloop
  endfacet
  facet normal 0 0 -1
    outer loop
      vertex 12.4105 16.1145 0
      vertex -12.4105 16.1145 0
      vertex -12.5835 16.6849 0
    endloop
  endfacet
  facet normal 0 0 -1
    outer loop
      vertex 12.5835 16.6849 0
      vertex -12.5835 16.6849 0
      vertex -12.5898 16.7055 0
    endloop
  endfacet
  facet normal 0 0 -1
    outer loop
      vertex 12.5898 16.7055 0
      vertex -12.5898 16.7055 0
      vertex -12.8707 17.2311 0
    endloop
  endfacet
  facet normal 0 0 -1
    outer loop
      vertex 12.8707 17.2311 0
      vertex -12.8707 17.2311 0
      vertex -12.8809 17.25 0
    endloop
  endfacet
  facet normal 0 0 -1
    outer loop
      vertex -13.2726 17.7274 0
      vertex 14.909 30.3487 0
      vertex -13.259 17.7108 0
    endloop
  endfacet
  facet normal -0 0 -1
    outer loop
      vertex 14.909 30.3487 0
      vertex -13.2726 17.7274 0
      vertex 14.8 31.1769 0
    endloop
  endfacet
  facet normal 0 0 -1
    outer loop
      vertex -13.2892 17.741 0
      vertex 14.8 31.1769 0
      vertex -13.2726 17.7274 0
    endloop
  endfacet
  facet normal 0 0 -1
    outer loop
      vertex -13.75 18.1191 0
      vertex 14.8 31.1769 0
      vertex -13.2892 17.741 0
    endloop
  endfacet
  facet normal -0 0 -1
    outer loop
      vertex 14.909 32.0051 0
      vertex -13.75 18.1191 0
      vertex 13.7905 41.3396 0
    endloop
  endfacet
  facet normal 0 0 -1
    outer loop
      vertex -13.7689 18.1293 0
      vertex 13.7905 41.3396 0
      vertex -13.75 18.1191 0
    endloop
  endfacet
  facet normal 0 0 -1
    outer loop
      vertex -14.2945 18.4102 0
      vertex 13.7905 41.3396 0
      vertex -13.7689 18.1293 0
    endloop
  endfacet
  facet normal 0 0 -1
    outer loop
      vertex -14.3151 18.4165 0
      vertex 13.7905 41.3396 0
      vertex -14.2945 18.4102 0
    endloop
  endfacet
  facet normal 0 0 -1
    outer loop
      vertex -14.8855 18.5895 0
      vertex 13.7905 41.3396 0
      vertex -14.3151 18.4165 0
    endloop
  endfacet
  facet normal 0 0 -1
    outer loop
      vertex -24.9 24.9 0
      vertex -14.8855 18.5895 0
      vertex -15.4786 18.6479 0
    endloop
  endfacet
  facet normal 0 0 -1
    outer loop
      vertex -24.9 24.9 0
      vertex -15.4786 18.6479 0
      vertex -15.5 18.65 0
    endloop
  endfacet
  facet normal 0 0 -1
    outer loop
      vertex -24.9 24.9 0
      vertex -15.5 18.65 0
      vertex -15.5214 18.6479 0
    endloop
  endfacet
  facet normal 0 0 -1
    outer loop
      vertex -24.9 24.9 0
      vertex -15.5214 18.6479 0
      vertex -16.1145 18.5895 0
    endloop
  endfacet
  facet normal 0 0 -1
    outer loop
      vertex -24.9 24.9 0
      vertex -16.1145 18.5895 0
      vertex -16.6849 18.4165 0
    endloop
  endfacet
  facet normal 0 0 -1
    outer loop
      vertex -24.9 24.9 0
      vertex -16.6849 18.4165 0
      vertex -16.7055 18.4102 0
    endloop
  endfacet
  facet normal 0 0 -1
    outer loop
      vertex -24.9 24.9 0
      vertex -16.7055 18.4102 0
      vertex -17.2311 18.1293 0
    endloop
  endfacet
  facet normal 0 0 -1
    outer loop
      vertex -24.9 24.9 0
      vertex -17.2311 18.1293 0
      vertex -17.25 18.1191 0
    endloop
  endfacet
  facet normal 0 0 -1
    outer loop
      vertex -24.9 24.9 0
      vertex -17.7108 17.741 0
      vertex -17.7274 17.7274 0
    endloop
  endfacet
  facet normal 0 0 -1
    outer loop
      vertex -24.9 24.9 0
      vertex -17.741 17.7108 0
      vertex -18.1191 17.25 0
    endloop
  endfacet
  facet normal 0 0 -1
    outer loop
      vertex -24.9 24.9 0
      vertex -18.4165 16.6849 0
      vertex -18.5895 16.1145 0
    endloop
  endfacet
  facet normal 0 0 -1
    outer loop
      vertex -24.9 24.9 0
      vertex -18.6479 15.5214 0
      vertex -18.65 15.5 0
    endloop
  endfacet
  facet normal 0 0 -1
    outer loop
      vertex -16.7055 -12.5898 0
      vertex -32.909 -0.82822 0
      vertex -32.8 0 0
    endloop
  endfacet
  facet normal 0 0 -1
    outer loop
      vertex -14.8855 18.5895 0
      vertex -24.9 24.9 0
      vertex 13.7905 41.3396 0
    endloop
  endfacet
  facet normal 0 0 -1
    outer loop
      vertex -17.7108 17.741 0
      vertex -24.9 24.9 0
      vertex -17.25 18.1191 0
    endloop
  endfacet
  facet normal 0 0 -1
    outer loop
      vertex -17.741 17.7108 0
      vertex -24.9 24.9 0
      vertex -17.7274 17.7274 0
    endloop
  endfacet
  facet normal 0 0 -1
    outer loop
      vertex -18.1293 17.2311 0
      vertex -24.9 24.9 0
      vertex -18.1191 17.25 0
    endloop
  endfacet
  facet normal 0 0 -1
    outer loop
      vertex -18.4102 16.7055 0
      vertex -24.9 24.9 0
      vertex -18.1293 17.2311 0
    endloop
  endfacet
  facet normal 0 0 -1
    outer loop
      vertex -18.4165 16.6849 0
      vertex -24.9 24.9 0
      vertex -18.4102 16.7055 0
    endloop
  endfacet
  facet normal 0 0 -1
    outer loop
      vertex -18.5895 14.8855 0
      vertex -24.9 24.9 0
      vertex -18.6479 15.4786 0
    endloop
  endfacet
  facet normal 0 0 -1
    outer loop
      vertex -18.6479 15.5214 0
      vertex -24.9 24.9 0
      vertex -18.5895 16.1145 0
    endloop
  endfacet
  facet normal 0 0 -1
    outer loop
      vertex -18.6479 15.4786 0
      vertex -24.9 24.9 0
      vertex -18.65 15.5 0
    endloop
  endfacet
  facet normal 0 0 -1
    outer loop
      vertex -17.25 -12.8809 0
      vertex -33.2287 -1.6 0
      vertex -32.909 -0.82822 0
    endloop
  endfacet
  facet normal 0 0 -1
    outer loop
      vertex -18.1191 -13.75 0
      vertex -33.7373 -2.26274 0
      vertex -33.2287 -1.6 0
    endloop
  endfacet
  facet normal 0 0 -1
    outer loop
      vertex -18.4102 -14.2945 0
      vertex -34.4 -2.77128 0
      vertex -33.7373 -2.26274 0
    endloop
  endfacet
  facet normal 0 0 -1
    outer loop
      vertex -18.5895 -14.8855 0
      vertex -35.1718 -3.09096 0
      vertex -34.4 -2.77128 0
    endloop
  endfacet
  facet normal 0 0 -1
    outer loop
      vertex -24.9 -24.9 0
      vertex -36 -3.2 0
      vertex -35.1718 -3.09096 0
    endloop
  endfacet
  facet normal 0 0 -1
    outer loop
      vertex -43.7782 -7.77817 0
      vertex -36 -3.2 0
      vertex -24.9 -24.9 0
    endloop
  endfacet
  facet normal -0 0 -1
    outer loop
      vertex -36 -3.2 0
      vertex -43.7782 -7.77817 0
      vertex -36.8282 -3.09096 0
    endloop
  endfacet
  facet normal -0 0 -1
    outer loop
      vertex -36.8282 -3.09096 0
      vertex -43.7782 -7.77817 0
      vertex -37.6 -2.77128 0
    endloop
  endfacet
  facet normal -0 0 -1
    outer loop
      vertex -37.6 -2.77128 0
      vertex -43.7782 -7.77817 0
      vertex -38.2627 -2.26274 0
    endloop
  endfacet
  facet normal 0 0 -1
    outer loop
      vertex -45.1462 -6.11127 0
      vertex -38.7713 -1.6 0
      vertex -44.5031 -6.97832 0
    endloop
  endfacet
  facet normal -0 0 -1
    outer loop
      vertex -38.2627 -2.26274 0
      vertex -44.5031 -6.97832 0
      vertex -38.7713 -1.6 0
    endloop
  endfacet
  facet normal 0 0 -1
    outer loop
      vertex -44.5031 -6.97832 0
      vertex -38.2627 -2.26274 0
      vertex -43.7782 -7.77817 0
    endloop
  endfacet
  facet normal 0 0 -1
    outer loop
      vertex 18.4102 16.7055 0
      vertex 29 31.1769 0
      vertex 18.4165 16.6849 0
    endloop
  endfacet
  facet normal 0 0 -1
    outer loop
      vertex 18.1293 17.2311 0
      vertex 29 31.1769 0
      vertex 18.4102 16.7055 0
    endloop
  endfacet
  facet normal 0 0 -1
    outer loop
      vertex 29 31.1769 0
      vertex 20.2627 28.9142 0
      vertex 20.7713 29.5769 0
    endloop
  endfacet
  facet normal 0 0 -1
    outer loop
      vertex 29 31.1769 0
      vertex 18.1293 17.2311 0
      vertex 20.2627 28.9142 0
    endloop
  endfacet
  facet normal 0 0 -1
    outer loop
      vertex 18.1191 17.25 0
      vertex 20.2627 28.9142 0
      vertex 18.1293 17.2311 0
    endloop
  endfacet
  facet normal 0 0 -1
    outer loop
      vertex 20.2627 28.9142 0
      vertex 18.1191 17.25 0
      vertex 19.6 28.4056 0
    endloop
  endfacet
  facet normal 0 0 -1
    outer loop
      vertex 17.741 17.7108 0
      vertex 19.6 28.4056 0
      vertex 18.1191 17.25 0
    endloop
  endfacet
  facet normal 0 0 -1
    outer loop
      vertex 17.7274 17.7274 0
      vertex 19.6 28.4056 0
      vertex 17.741 17.7108 0
    endloop
  endfacet
  facet normal 0 0 -1
    outer loop
      vertex 17.7108 17.741 0
      vertex 19.6 28.4056 0
      vertex 17.7274 17.7274 0
    endloop
  endfacet
  facet normal 0 0 -1
    outer loop
      vertex 19.6 28.4056 0
      vertex 17.7108 17.741 0
      vertex 18.8282 28.086 0
    endloop
  endfacet
  facet normal 0 0 -1
    outer loop
      vertex 17.25 18.1191 0
      vertex 18.8282 28.086 0
      vertex 17.7108 17.741 0
    endloop
  endfacet
  facet normal 0 0 -1
    outer loop
      vertex 17.2311 18.1293 0
      vertex 18.8282 28.086 0
      vertex 17.25 18.1191 0
    endloop
  endfacet
  facet normal 0 0 -1
    outer loop
      vertex 16.7055 18.4102 0
      vertex 18.8282 28.086 0
      vertex 17.2311 18.1293 0
    endloop
  endfacet
  facet normal 0 0 -1
    outer loop
      vertex 18.8282 28.086 0
      vertex 16.7055 18.4102 0
      vertex 18 27.9769 0
    endloop
  endfacet
  facet normal 0 0 -1
    outer loop
      vertex 16.6849 18.4165 0
      vertex 18 27.9769 0
      vertex 16.7055 18.4102 0
    endloop
  endfacet
  facet normal 0 0 -1
    outer loop
      vertex 16.1145 18.5895 0
      vertex 18 27.9769 0
      vertex 16.6849 18.4165 0
    endloop
  endfacet
  facet normal -0 0 -1
    outer loop
      vertex 18 27.9769 0
      vertex 16.1145 18.5895 0
      vertex 17.1718 28.086 0
    endloop
  endfacet
  facet normal 0 0 -1
    outer loop
      vertex 15.5214 18.6479 0
      vertex 17.1718 28.086 0
      vertex 16.1145 18.5895 0
    endloop
  endfacet
  facet normal 0 0 -1
    outer loop
      vertex 15.5 18.65 0
      vertex 17.1718 28.086 0
      vertex 15.5214 18.6479 0
    endloop
  endfacet
  facet normal 0 0 -1
    outer loop
      vertex 15.4786 18.6479 0
      vertex 17.1718 28.086 0
      vertex 15.5 18.65 0
    endloop
  endfacet
  facet normal -0 0 -1
    outer loop
      vertex 17.1718 28.086 0
      vertex 15.4786 18.6479 0
      vertex 16.4 28.4056 0
    endloop
  endfacet
  facet normal 0 0 -1
    outer loop
      vertex 14.8855 18.5895 0
      vertex 16.4 28.4056 0
      vertex 15.4786 18.6479 0
    endloop
  endfacet
  facet normal 0 0 -1
    outer loop
      vertex 14.3151 18.4165 0
      vertex 16.4 28.4056 0
      vertex 14.8855 18.5895 0
    endloop
  endfacet
  facet normal 0 0 -1
    outer loop
      vertex 14.2945 18.4102 0
      vertex 16.4 28.4056 0
      vertex 14.3151 18.4165 0
    endloop
  endfacet
  facet normal -0 0 -1
    outer loop
      vertex 16.4 28.4056 0
      vertex 14.2945 18.4102 0
      vertex 15.7373 28.9142 0
    endloop
  endfacet
  facet normal 0 0 -1
    outer loop
      vertex 13.7689 18.1293 0
      vertex 15.7373 28.9142 0
      vertex 14.2945 18.4102 0
    endloop
  endfacet
  facet normal 0 0 -1
    outer loop
      vertex 13.75 18.1191 0
      vertex 15.7373 28.9142 0
      vertex 13.7689 18.1293 0
    endloop
  endfacet
  facet normal -0.74097 0.671538 0
    outer loop
      vertex -44.5031 6.97832 0
      vertex -43.7782 7.77817 6
      vertex -43.7782 7.77817 0
    endloop
  endfacet
  facet normal -0.74097 0.671538 0
    outer loop
      vertex -43.7782 7.77817 6
      vertex -44.5031 6.97832 0
      vertex -44.5031 6.97832 6
    endloop
  endfacet
  facet normal -0.671809 0.740724 0
    outer loop
      vertex -24.9 24.9 0
      vertex -43.7782 7.77817 6
      vertex -24.9 24.9 6
    endloop
  endfacet
  facet normal -0.671809 0.740724 0
    outer loop
      vertex -43.7782 7.77817 6
      vertex -24.9 24.9 0
      vertex -43.7782 7.77817 0
    endloop
  endfacet
  facet normal 0.427581 0.903977 -0
    outer loop
      vertex 23.1854 40.878 0
      vertex 22.2095 41.3396 6
      vertex 23.1854 40.878 6
    endloop
  endfacet
  facet normal 0.427581 0.903977 0
    outer loop
      vertex 22.2095 41.3396 6
      vertex 23.1854 40.878 0
      vertex 22.2095 41.3396 0
    endloop
  endfacet
  facet normal -0.391063 0.920364 0
    outer loop
      vertex 13.7905 41.3396 0
      vertex -24.9 24.9 6
      vertex 13.7905 41.3396 6
    endloop
  endfacet
  facet normal -0.391063 0.920364 0
    outer loop
      vertex -24.9 24.9 6
      vertex 13.7905 41.3396 0
      vertex -24.9 24.9 0
    endloop
  endfacet
  facet normal -0.90397 -0.427595 0
    outer loop
      vertex -45.7011 -5.18536 0
      vertex -46.1627 -4.2095 6
      vertex -46.1627 -4.2095 0
    endloop
  endfacet
  facet normal -0.90397 -0.427595 0
    outer loop
      vertex -46.1627 -4.2095 6
      vertex -45.7011 -5.18536 0
      vertex -45.7011 -5.18536 6
    endloop
  endfacet
  facet normal -0.803185 0.59573 0
    outer loop
      vertex -45.1462 6.11127 0
      vertex -44.5031 6.97832 6
      vertex -44.5031 6.97832 0
    endloop
  endfacet
  facet normal -0.803185 0.59573 0
    outer loop
      vertex -44.5031 6.97832 6
      vertex -45.1462 6.11127 0
      vertex -45.1462 6.11127 6
    endloop
  endfacet
  facet normal -0.146737 -0.989176 0
    outer loop
      vertex 15.854 -41.9655 0
      vertex 16.9218 -42.1239 6
      vertex 15.854 -41.9655 6
    endloop
  endfacet
  facet normal -0.146737 -0.989176 -0
    outer loop
      vertex 16.9218 -42.1239 6
      vertex 15.854 -41.9655 0
      vertex 16.9218 -42.1239 0
    endloop
  endfacet
  facet normal 0.857754 -0.51406 0
    outer loop
      vertex 27.1462 -37.2882 6
      vertex 27.7011 -36.3623 0
      vertex 27.7011 -36.3623 6
    endloop
  endfacet
  facet normal 0.857754 -0.51406 0
    outer loop
      vertex 27.7011 -36.3623 0
      vertex 27.1462 -37.2882 6
      vertex 27.1462 -37.2882 0
    endloop
  endfacet
  facet normal -0.803185 -0.59573 0
    outer loop
      vertex -44.5031 -6.97832 0
      vertex -45.1462 -6.11127 6
      vertex -45.1462 -6.11127 0
    endloop
  endfacet
  facet normal -0.803185 -0.59573 0
    outer loop
      vertex -45.1462 -6.11127 6
      vertex -44.5031 -6.97832 0
      vertex -44.5031 -6.97832 6
    endloop
  endfacet
  facet normal -0.336829 -0.941566 0
    outer loop
      vertex 13.7905 -41.3396 0
      vertex 14.8069 -41.7032 6
      vertex 13.7905 -41.3396 6
    endloop
  endfacet
  facet normal -0.336829 -0.941566 -0
    outer loop
      vertex 14.8069 -41.7032 6
      vertex 13.7905 -41.3396 0
      vertex 14.8069 -41.7032 0
    endloop
  endfacet
  facet normal -0.970031 0.242982 0
    outer loop
      vertex -46.7886 2.14598 0
      vertex -46.5263 3.19313 6
      vertex -46.5263 3.19313 0
    endloop
  endfacet
  facet normal -0.970031 0.242982 0
    outer loop
      vertex -46.5263 3.19313 6
      vertex -46.7886 2.14598 0
      vertex -46.7886 2.14598 6
    endloop
  endfacet
  facet normal 0.0490967 -0.998794 0
    outer loop
      vertex 18 -42.1769 0
      vertex 19.0782 -42.1239 6
      vertex 18 -42.1769 6
    endloop
  endfacet
  facet normal 0.0490967 -0.998794 0
    outer loop
      vertex 19.0782 -42.1239 6
      vertex 18 -42.1769 0
      vertex 19.0782 -42.1239 0
    endloop
  endfacet
  facet normal 1 -0 0
    outer loop
      vertex 29 -31.1769 6
      vertex 29 31.1769 0
      vertex 29 31.1769 6
    endloop
  endfacet
  facet normal 1 0 0
    outer loop
      vertex 29 31.1769 0
      vertex 29 -31.1769 6
      vertex 29 -31.1769 0
    endloop
  endfacet
  facet normal -0.391063 -0.920364 0
    outer loop
      vertex -24.9 -24.9 0
      vertex 13.7905 -41.3396 6
      vertex -24.9 -24.9 6
    endloop
  endfacet
  facet normal -0.391063 -0.920364 -0
    outer loop
      vertex 13.7905 -41.3396 6
      vertex -24.9 -24.9 0
      vertex 13.7905 -41.3396 0
    endloop
  endfacet
  facet normal 0.857754 0.51406 0
    outer loop
      vertex 27.7011 36.3623 6
      vertex 27.1462 37.2882 0
      vertex 27.1462 37.2882 6
    endloop
  endfacet
  facet normal 0.857754 0.51406 0
    outer loop
      vertex 27.1462 37.2882 0
      vertex 27.7011 36.3623 6
      vertex 27.7011 36.3623 0
    endloop
  endfacet
  facet normal 0.998794 0.0490967 0
    outer loop
      vertex 29 31.1769 6
      vertex 28.947 32.2551 0
      vertex 28.947 32.2551 6
    endloop
  endfacet
  facet normal 0.998794 0.0490967 0
    outer loop
      vertex 28.947 32.2551 0
      vertex 29 31.1769 6
      vertex 29 31.1769 0
    endloop
  endfacet
  facet normal -0.671809 -0.740724 0
    outer loop
      vertex -43.7782 -7.77817 0
      vertex -24.9 -24.9 6
      vertex -43.7782 -7.77817 6
    endloop
  endfacet
  facet normal -0.671809 -0.740724 -0
    outer loop
      vertex -24.9 -24.9 6
      vertex -43.7782 -7.77817 0
      vertex -24.9 -24.9 0
    endloop
  endfacet
  facet normal 0.998794 -0.0490967 0
    outer loop
      vertex 28.947 -32.2551 6
      vertex 29 -31.1769 0
      vertex 29 -31.1769 6
    endloop
  endfacet
  facet normal 0.998794 -0.0490967 0
    outer loop
      vertex 29 -31.1769 0
      vertex 28.947 -32.2551 6
      vertex 28.947 -32.2551 0
    endloop
  endfacet
  facet normal -0.336829 0.941566 0
    outer loop
      vertex 14.8069 41.7032 0
      vertex 13.7905 41.3396 6
      vertex 14.8069 41.7032 6
    endloop
  endfacet
  facet normal -0.336829 0.941566 0
    outer loop
      vertex 13.7905 41.3396 6
      vertex 14.8069 41.7032 0
      vertex 13.7905 41.3396 0
    endloop
  endfacet
  facet normal 0.146737 -0.989176 0
    outer loop
      vertex 19.0782 -42.1239 0
      vertex 20.146 -41.9655 6
      vertex 19.0782 -42.1239 6
    endloop
  endfacet
  facet normal 0.146737 -0.989176 0
    outer loop
      vertex 20.146 -41.9655 6
      vertex 19.0782 -42.1239 0
      vertex 20.146 -41.9655 0
    endloop
  endfacet
  facet normal 0.941566 -0.336829 0
    outer loop
      vertex 28.1627 -35.3864 6
      vertex 28.5263 -34.37 0
      vertex 28.5263 -34.37 6
    endloop
  endfacet
  facet normal 0.941566 -0.336829 0
    outer loop
      vertex 28.5263 -34.37 0
      vertex 28.1627 -35.3864 6
      vertex 28.1627 -35.3864 0
    endloop
  endfacet
  facet normal 0.941566 0.336829 0
    outer loop
      vertex 28.5263 34.37 6
      vertex 28.1627 35.3864 0
      vertex 28.1627 35.3864 6
    endloop
  endfacet
  facet normal 0.941566 0.336829 0
    outer loop
      vertex 28.1627 35.3864 0
      vertex 28.5263 34.37 6
      vertex 28.5263 34.37 0
    endloop
  endfacet
  facet normal 0.242993 -0.970028 0
    outer loop
      vertex 20.146 -41.9655 0
      vertex 21.1931 -41.7032 6
      vertex 20.146 -41.9655 6
    endloop
  endfacet
  facet normal 0.242993 -0.970028 0
    outer loop
      vertex 21.1931 -41.7032 6
      vertex 20.146 -41.9655 0
      vertex 21.1931 -41.7032 0
    endloop
  endfacet
  facet normal -0.989175 0.146738 0
    outer loop
      vertex -46.947 1.07819 0
      vertex -46.7886 2.14598 6
      vertex -46.7886 2.14598 0
    endloop
  endfacet
  facet normal -0.989175 0.146738 0
    outer loop
      vertex -46.7886 2.14598 6
      vertex -46.947 1.07819 0
      vertex -46.947 1.07819 6
    endloop
  endfacet
  facet normal 0.671515 -0.740991 0
    outer loop
      vertex 24.9783 -39.68 0
      vertex 25.7782 -38.9551 6
      vertex 24.9783 -39.68 6
    endloop
  endfacet
  facet normal 0.671515 -0.740991 0
    outer loop
      vertex 25.7782 -38.9551 6
      vertex 24.9783 -39.68 0
      vertex 25.7782 -38.9551 0
    endloop
  endfacet
  facet normal 0.0490967 0.998794 -0
    outer loop
      vertex 19.0782 42.1239 0
      vertex 18 42.1769 6
      vertex 19.0782 42.1239 6
    endloop
  endfacet
  facet normal 0.0490967 0.998794 0
    outer loop
      vertex 18 42.1769 6
      vertex 19.0782 42.1239 0
      vertex 18 42.1769 0
    endloop
  endfacet
  facet normal -0.242993 0.970028 0
    outer loop
      vertex 15.854 41.9655 0
      vertex 14.8069 41.7032 6
      vertex 15.854 41.9655 6
    endloop
  endfacet
  facet normal -0.242993 0.970028 0
    outer loop
      vertex 14.8069 41.7032 6
      vertex 15.854 41.9655 0
      vertex 14.8069 41.7032 0
    endloop
  endfacet
  facet normal 0.803168 -0.595752 0
    outer loop
      vertex 26.5031 -38.1552 6
      vertex 27.1462 -37.2882 0
      vertex 27.1462 -37.2882 6
    endloop
  endfacet
  facet normal 0.803168 -0.595752 0
    outer loop
      vertex 27.1462 -37.2882 0
      vertex 26.5031 -38.1552 6
      vertex 26.5031 -38.1552 0
    endloop
  endfacet
  facet normal -0.941563 0.336838 0
    outer loop
      vertex -46.5263 3.19313 0
      vertex -46.1627 4.2095 6
      vertex -46.1627 4.2095 0
    endloop
  endfacet
  facet normal -0.941563 0.336838 0
    outer loop
      vertex -46.1627 4.2095 6
      vertex -46.5263 3.19313 0
      vertex -46.5263 3.19313 6
    endloop
  endfacet
  facet normal 0.595752 -0.803168 0
    outer loop
      vertex 24.1113 -40.3231 0
      vertex 24.9783 -39.68 6
      vertex 24.1113 -40.3231 6
    endloop
  endfacet
  facet normal 0.595752 -0.803168 0
    outer loop
      vertex 24.9783 -39.68 6
      vertex 24.1113 -40.3231 0
      vertex 24.9783 -39.68 0
    endloop
  endfacet
  facet normal -0.90397 0.427595 0
    outer loop
      vertex -46.1627 4.2095 0
      vertex -45.7011 5.18536 6
      vertex -45.7011 5.18536 0
    endloop
  endfacet
  facet normal -0.90397 0.427595 0
    outer loop
      vertex -45.7011 5.18536 6
      vertex -46.1627 4.2095 0
      vertex -46.1627 4.2095 6
    endloop
  endfacet
  facet normal 0.595752 0.803168 -0
    outer loop
      vertex 24.9783 39.68 0
      vertex 24.1113 40.3231 6
      vertex 24.9783 39.68 6
    endloop
  endfacet
  facet normal 0.595752 0.803168 0
    outer loop
      vertex 24.1113 40.3231 6
      vertex 24.9783 39.68 0
      vertex 24.1113 40.3231 0
    endloop
  endfacet
  facet normal 0.989176 -0.146737 0
    outer loop
      vertex 28.7886 -33.3229 6
      vertex 28.947 -32.2551 0
      vertex 28.947 -32.2551 6
    endloop
  endfacet
  facet normal 0.989176 -0.146737 0
    outer loop
      vertex 28.947 -32.2551 0
      vertex 28.7886 -33.3229 6
      vertex 28.7886 -33.3229 0
    endloop
  endfacet
  facet normal 0.989176 0.146737 0
    outer loop
      vertex 28.947 32.2551 6
      vertex 28.7886 33.3229 0
      vertex 28.7886 33.3229 6
    endloop
  endfacet
  facet normal 0.989176 0.146737 0
    outer loop
      vertex 28.7886 33.3229 0
      vertex 28.947 32.2551 6
      vertex 28.947 32.2551 0
    endloop
  endfacet
  facet normal -0.0490967 0.998794 0
    outer loop
      vertex 18 42.1769 0
      vertex 16.9218 42.1239 6
      vertex 18 42.1769 6
    endloop
  endfacet
  facet normal -0.0490967 0.998794 0
    outer loop
      vertex 16.9218 42.1239 6
      vertex 18 42.1769 0
      vertex 16.9218 42.1239 0
    endloop
  endfacet
  facet normal 0.803168 0.595752 0
    outer loop
      vertex 27.1462 37.2882 6
      vertex 26.5031 38.1552 0
      vertex 26.5031 38.1552 6
    endloop
  endfacet
  facet normal 0.803168 0.595752 0
    outer loop
      vertex 26.5031 38.1552 0
      vertex 27.1462 37.2882 6
      vertex 27.1462 37.2882 0
    endloop
  endfacet
  facet normal 0.51406 0.857754 -0
    outer loop
      vertex 24.1113 40.3231 0
      vertex 23.1854 40.878 6
      vertex 24.1113 40.3231 6
    endloop
  endfacet
  facet normal 0.51406 0.857754 0
    outer loop
      vertex 23.1854 40.878 6
      vertex 24.1113 40.3231 0
      vertex 23.1854 40.878 0
    endloop
  endfacet
  facet normal -0.989175 -0.146738 0
    outer loop
      vertex -46.7886 -2.14598 0
      vertex -46.947 -1.07819 6
      vertex -46.947 -1.07819 0
    endloop
  endfacet
  facet normal -0.989175 -0.146738 0
    outer loop
      vertex -46.947 -1.07819 6
      vertex -46.7886 -2.14598 0
      vertex -46.7886 -2.14598 6
    endloop
  endfacet
  facet normal -0.941563 -0.336838 0
    outer loop
      vertex -46.1627 -4.2095 0
      vertex -46.5263 -3.19313 6
      vertex -46.5263 -3.19313 0
    endloop
  endfacet
  facet normal -0.941563 -0.336838 0
    outer loop
      vertex -46.5263 -3.19313 6
      vertex -46.1627 -4.2095 0
      vertex -46.1627 -4.2095 6
    endloop
  endfacet
  facet normal 0.427581 -0.903977 0
    outer loop
      vertex 22.2095 -41.3396 0
      vertex 23.1854 -40.878 6
      vertex 22.2095 -41.3396 6
    endloop
  endfacet
  facet normal 0.427581 -0.903977 0
    outer loop
      vertex 23.1854 -40.878 6
      vertex 22.2095 -41.3396 0
      vertex 23.1854 -40.878 0
    endloop
  endfacet
  facet normal -0.146737 0.989176 0
    outer loop
      vertex 16.9218 42.1239 0
      vertex 15.854 41.9655 6
      vertex 16.9218 42.1239 6
    endloop
  endfacet
  facet normal -0.146737 0.989176 0
    outer loop
      vertex 15.854 41.9655 6
      vertex 16.9218 42.1239 0
      vertex 15.854 41.9655 0
    endloop
  endfacet
  facet normal 0.903977 -0.427581 0
    outer loop
      vertex 27.7011 -36.3623 6
      vertex 28.1627 -35.3864 0
      vertex 28.1627 -35.3864 6
    endloop
  endfacet
  facet normal 0.903977 -0.427581 0
    outer loop
      vertex 28.1627 -35.3864 0
      vertex 27.7011 -36.3623 6
      vertex 27.7011 -36.3623 0
    endloop
  endfacet
  facet normal -0.0490967 -0.998794 0
    outer loop
      vertex 16.9218 -42.1239 0
      vertex 18 -42.1769 6
      vertex 16.9218 -42.1239 6
    endloop
  endfacet
  facet normal -0.0490967 -0.998794 -0
    outer loop
      vertex 18 -42.1769 6
      vertex 16.9218 -42.1239 0
      vertex 18 -42.1769 0
    endloop
  endfacet
  facet normal 0.146737 0.989176 -0
    outer loop
      vertex 20.146 41.9655 0
      vertex 19.0782 42.1239 6
      vertex 20.146 41.9655 6
    endloop
  endfacet
  facet normal 0.146737 0.989176 0
    outer loop
      vertex 19.0782 42.1239 6
      vertex 20.146 41.9655 0
      vertex 19.0782 42.1239 0
    endloop
  endfacet
  facet normal 0.903977 0.427581 0
    outer loop
      vertex 28.1627 35.3864 6
      vertex 27.7011 36.3623 0
      vertex 27.7011 36.3623 6
    endloop
  endfacet
  facet normal 0.903977 0.427581 0
    outer loop
      vertex 27.7011 36.3623 0
      vertex 28.1627 35.3864 6
      vertex 28.1627 35.3864 0
    endloop
  endfacet
  facet normal 0.740991 0.671515 0
    outer loop
      vertex 26.5031 38.1552 6
      vertex 25.7782 38.9551 0
      vertex 25.7782 38.9551 6
    endloop
  endfacet
  facet normal 0.740991 0.671515 0
    outer loop
      vertex 25.7782 38.9551 0
      vertex 26.5031 38.1552 6
      vertex 26.5031 38.1552 0
    endloop
  endfacet
  facet normal -0.857757 -0.514056 0
    outer loop
      vertex -45.1462 -6.11127 0
      vertex -45.7011 -5.18536 6
      vertex -45.7011 -5.18536 0
    endloop
  endfacet
  facet normal -0.857757 -0.514056 0
    outer loop
      vertex -45.7011 -5.18536 6
      vertex -45.1462 -6.11127 0
      vertex -45.1462 -6.11127 6
    endloop
  endfacet
  facet normal -0.74097 -0.671538 0
    outer loop
      vertex -43.7782 -7.77817 0
      vertex -44.5031 -6.97832 6
      vertex -44.5031 -6.97832 0
    endloop
  endfacet
  facet normal -0.74097 -0.671538 0
    outer loop
      vertex -44.5031 -6.97832 6
      vertex -43.7782 -7.77817 0
      vertex -43.7782 -7.77817 6
    endloop
  endfacet
  facet normal -0.998794 -0.0490972 0
    outer loop
      vertex -46.947 -1.07819 0
      vertex -47 0 6
      vertex -47 0 0
    endloop
  endfacet
  facet normal -0.998794 -0.0490972 0
    outer loop
      vertex -47 0 6
      vertex -46.947 -1.07819 0
      vertex -46.947 -1.07819 6
    endloop
  endfacet
  facet normal 0.970028 -0.242993 0
    outer loop
      vertex 28.5263 -34.37 6
      vertex 28.7886 -33.3229 0
      vertex 28.7886 -33.3229 6
    endloop
  endfacet
  facet normal 0.970028 -0.242993 0
    outer loop
      vertex 28.7886 -33.3229 0
      vertex 28.5263 -34.37 6
      vertex 28.5263 -34.37 0
    endloop
  endfacet
  facet normal 0.242993 0.970028 -0
    outer loop
      vertex 21.1931 41.7032 0
      vertex 20.146 41.9655 6
      vertex 21.1931 41.7032 6
    endloop
  endfacet
  facet normal 0.242993 0.970028 0
    outer loop
      vertex 20.146 41.9655 6
      vertex 21.1931 41.7032 0
      vertex 20.146 41.9655 0
    endloop
  endfacet
  facet normal 0.51406 -0.857754 0
    outer loop
      vertex 23.1854 -40.878 0
      vertex 24.1113 -40.3231 6
      vertex 23.1854 -40.878 6
    endloop
  endfacet
  facet normal 0.51406 -0.857754 0
    outer loop
      vertex 24.1113 -40.3231 6
      vertex 23.1854 -40.878 0
      vertex 24.1113 -40.3231 0
    endloop
  endfacet
  facet normal 0.970028 0.242993 0
    outer loop
      vertex 28.7886 33.3229 6
      vertex 28.5263 34.37 0
      vertex 28.5263 34.37 6
    endloop
  endfacet
  facet normal 0.970028 0.242993 0
    outer loop
      vertex 28.5263 34.37 0
      vertex 28.7886 33.3229 6
      vertex 28.7886 33.3229 0
    endloop
  endfacet
  facet normal 0.336829 0.941566 -0
    outer loop
      vertex 22.2095 41.3396 0
      vertex 21.1931 41.7032 6
      vertex 22.2095 41.3396 6
    endloop
  endfacet
  facet normal 0.336829 0.941566 0
    outer loop
      vertex 21.1931 41.7032 6
      vertex 22.2095 41.3396 0
      vertex 21.1931 41.7032 0
    endloop
  endfacet
  facet normal -0.970031 -0.242982 0
    outer loop
      vertex -46.5263 -3.19313 0
      vertex -46.7886 -2.14598 6
      vertex -46.7886 -2.14598 0
    endloop
  endfacet
  facet normal -0.970031 -0.242982 0
    outer loop
      vertex -46.7886 -2.14598 6
      vertex -46.5263 -3.19313 0
      vertex -46.5263 -3.19313 6
    endloop
  endfacet
  facet normal -0 0 1
    outer loop
      vertex -29.3361 -1.79668 6
      vertex -16.35 -14.0278 6
      vertex -29.3326 -1.78651 6
    endloop
  endfacet
  facet normal -0 0 1
    outer loop
      vertex -29.6229 -2.6415 6
      vertex -16.35 -14.0278 6
      vertex -29.3361 -1.79668 6
    endloop
  endfacet
  facet normal -0 0 1
    outer loop
      vertex -30.0175 -3.44166 6
      vertex -16.35 -14.0278 6
      vertex -29.6229 -2.6415 6
    endloop
  endfacet
  facet normal 0 0 1
    outer loop
      vertex -16.35 -14.0278 6
      vertex -30.0175 -3.44166 6
      vertex -16.7021 -14.2979 6
    endloop
  endfacet
  facet normal -0 0 1
    outer loop
      vertex -30.0222 -3.45128 6
      vertex -16.7021 -14.2979 6
      vertex -30.0175 -3.44166 6
    endloop
  endfacet
  facet normal -0 0 1
    outer loop
      vertex -30.0282 -3.46021 6
      vertex -16.7021 -14.2979 6
      vertex -30.0222 -3.45128 6
    endloop
  endfacet
  facet normal -0 0 1
    outer loop
      vertex -30.5238 -4.20201 6
      vertex -16.7021 -14.2979 6
      vertex -30.0282 -3.46021 6
    endloop
  endfacet
  facet normal 0 0 1
    outer loop
      vertex -16.7021 -14.2979 6
      vertex -30.5238 -4.20201 6
      vertex -16.9722 -14.65 6
    endloop
  endfacet
  facet normal -0 0 1
    outer loop
      vertex -31.1121 -4.87278 6
      vertex -16.9722 -14.65 6
      vertex -30.5238 -4.20201 6
    endloop
  endfacet
  facet normal -0 0 1
    outer loop
      vertex -31.1192 -4.88085 6
      vertex -16.9722 -14.65 6
      vertex -31.1121 -4.87278 6
    endloop
  endfacet
  facet normal 0 0 1
    outer loop
      vertex -16.9722 -14.65 6
      vertex -31.1192 -4.88085 6
      vertex -17.1421 -15.06 6
    endloop
  endfacet
  facet normal -0 0 1
    outer loop
      vertex -31.1272 -4.88793 6
      vertex -17.1421 -15.06 6
      vertex -31.1192 -4.88085 6
    endloop
  endfacet
  facet normal -0 0 1
    outer loop
      vertex -31.798 -5.47617 6
      vertex -17.1421 -15.06 6
      vertex -31.1272 -4.88793 6
    endloop
  endfacet
  facet normal -0 0 1
    outer loop
      vertex -32.5398 -5.97183 6
      vertex -17.1421 -15.06 6
      vertex -31.798 -5.47617 6
    endloop
  endfacet
  facet normal -0 0 1
    outer loop
      vertex -32.5487 -5.9778 6
      vertex -17.1421 -15.06 6
      vertex -32.5398 -5.97183 6
    endloop
  endfacet
  facet normal 0 0 1
    outer loop
      vertex -17.1421 -15.06 6
      vertex -32.5487 -5.9778 6
      vertex -24.9 -24.9 6
    endloop
  endfacet
  facet normal -0 0 1
    outer loop
      vertex -32.5583 -5.98254 6
      vertex -24.9 -24.9 6
      vertex -32.5487 -5.9778 6
    endloop
  endfacet
  facet normal -0 0 1
    outer loop
      vertex -33.3585 -6.37714 6
      vertex -24.9 -24.9 6
      vertex -32.5583 -5.98254 6
    endloop
  endfacet
  facet normal -0 0 1
    outer loop
      vertex -34.2033 -6.66391 6
      vertex -24.9 -24.9 6
      vertex -33.3585 -6.37714 6
    endloop
  endfacet
  facet normal -0 0 1
    outer loop
      vertex -34.2135 -6.66736 6
      vertex -24.9 -24.9 6
      vertex -34.2033 -6.66391 6
    endloop
  endfacet
  facet normal -0 0 1
    outer loop
      vertex -35.0885 -6.84142 6
      vertex -24.9 -24.9 6
      vertex -34.2135 -6.66736 6
    endloop
  endfacet
  facet normal -0 0 1
    outer loop
      vertex -35.099 -6.84351 6
      vertex -24.9 -24.9 6
      vertex -35.0885 -6.84142 6
    endloop
  endfacet
  facet normal -0 0 1
    outer loop
      vertex -35.1097 -6.84421 6
      vertex -24.9 -24.9 6
      vertex -35.099 -6.84351 6
    endloop
  endfacet
  facet normal -0 0 1
    outer loop
      vertex -36 -6.90256 6
      vertex -24.9 -24.9 6
      vertex -35.1097 -6.84421 6
    endloop
  endfacet
  facet normal 0 0 1
    outer loop
      vertex -36.8903 -6.84421 6
      vertex -24.9 -24.9 6
      vertex -36 -6.90256 6
    endloop
  endfacet
  facet normal 0 0 1
    outer loop
      vertex -36.901 -6.84351 6
      vertex -24.9 -24.9 6
      vertex -36.8903 -6.84421 6
    endloop
  endfacet
  facet normal 0 0 1
    outer loop
      vertex -43.7782 -7.77817 6
      vertex -36.901 -6.84351 6
      vertex -36.9115 -6.84142 6
    endloop
  endfacet
  facet normal 0 0 1
    outer loop
      vertex -43.7782 -7.77817 6
      vertex -36.9115 -6.84142 6
      vertex -37.7865 -6.66736 6
    endloop
  endfacet
  facet normal 0 0 1
    outer loop
      vertex -43.7782 -7.77817 6
      vertex -37.7865 -6.66736 6
      vertex -37.7967 -6.66391 6
    endloop
  endfacet
  facet normal 0 0 1
    outer loop
      vertex -43.7782 -7.77817 6
      vertex -37.7967 -6.66391 6
      vertex -38.6415 -6.37714 6
    endloop
  endfacet
  facet normal 0 0 1
    outer loop
      vertex -43.7782 -7.77817 6
      vertex -38.6415 -6.37714 6
      vertex -39.4417 -5.98254 6
    endloop
  endfacet
  facet normal 0 0 1
    outer loop
      vertex -43.7782 -7.77817 6
      vertex -39.4417 -5.98254 6
      vertex -39.4513 -5.9778 6
    endloop
  endfacet
  facet normal 0 0 1
    outer loop
      vertex -43.7782 -7.77817 6
      vertex -39.4513 -5.9778 6
      vertex -39.4602 -5.97183 6
    endloop
  endfacet
  facet normal 0 0 1
    outer loop
      vertex -43.7782 -7.77817 6
      vertex -39.4602 -5.97183 6
      vertex -40.202 -5.47617 6
    endloop
  endfacet
  facet normal 0 0 1
    outer loop
      vertex -43.7782 -7.77817 6
      vertex -40.202 -5.47617 6
      vertex -40.8728 -4.88793 6
    endloop
  endfacet
  facet normal 0 0 1
    outer loop
      vertex -43.7782 -7.77817 6
      vertex -40.8728 -4.88793 6
      vertex -40.8808 -4.88085 6
    endloop
  endfacet
  facet normal 0 0 1
    outer loop
      vertex -43.7782 -7.77817 6
      vertex -40.8808 -4.88085 6
      vertex -40.8879 -4.87278 6
    endloop
  endfacet
  facet normal 0 0 1
    outer loop
      vertex -44.5031 -6.97832 6
      vertex -40.8879 -4.87278 6
      vertex -41.4762 -4.20201 6
    endloop
  endfacet
  facet normal 0 0 1
    outer loop
      vertex -46.5263 -3.19313 6
      vertex -42.6639 -1.79668 6
      vertex -42.6674 -1.78651 6
    endloop
  endfacet
  facet normal 0 0 1
    outer loop
      vertex -46.7886 -2.14598 6
      vertex -42.8414 -0.911492 6
      vertex -42.8435 -0.900965 6
    endloop
  endfacet
  facet normal 0 0 1
    outer loop
      vertex -46.947 -1.07819 6
      vertex -42.8442 -0.890255 6
      vertex -42.9026 0 6
    endloop
  endfacet
  facet normal 0 0 1
    outer loop
      vertex -42.6639 1.79668 6
      vertex -46.5263 3.19313 6
      vertex -42.6674 1.78651 6
    endloop
  endfacet
  facet normal 0 0 1
    outer loop
      vertex -36.901 -6.84351 6
      vertex -43.7782 -7.77817 6
      vertex -24.9 -24.9 6
    endloop
  endfacet
  facet normal 0 0 1
    outer loop
      vertex -45.1462 -6.11127 6
      vertex -41.4762 -4.20201 6
      vertex -41.9718 -3.46021 6
    endloop
  endfacet
  facet normal 0 0 1
    outer loop
      vertex -45.1462 -6.11127 6
      vertex -41.9718 -3.46021 6
      vertex -41.9778 -3.45128 6
    endloop
  endfacet
  facet normal 0 0 1
    outer loop
      vertex -45.7011 -5.18536 6
      vertex -41.9778 -3.45128 6
      vertex -41.9825 -3.44166 6
    endloop
  endfacet
  facet normal 0 0 1
    outer loop
      vertex -45.7011 -5.18536 6
      vertex -41.9825 -3.44166 6
      vertex -42.3771 -2.6415 6
    endloop
  endfacet
  facet normal 0 0 1
    outer loop
      vertex -42.6639 -1.79668 6
      vertex -46.5263 -3.19313 6
      vertex -42.3771 -2.6415 6
    endloop
  endfacet
  facet normal 0 0 1
    outer loop
      vertex -42.8414 -0.911492 6
      vertex -46.7886 -2.14598 6
      vertex -42.6674 -1.78651 6
    endloop
  endfacet
  facet normal -0 0 1
    outer loop
      vertex -46.7886 2.14598 6
      vertex -42.6674 1.78651 6
      vertex -46.5263 3.19313 6
    endloop
  endfacet
  facet normal 0 0 1
    outer loop
      vertex -42.6674 1.78651 6
      vertex -46.7886 2.14598 6
      vertex -42.8414 0.911492 6
    endloop
  endfacet
  facet normal 0 0 1
    outer loop
      vertex -40.8879 -4.87278 6
      vertex -44.5031 -6.97832 6
      vertex -43.7782 -7.77817 6
    endloop
  endfacet
  facet normal 0 0 1
    outer loop
      vertex -42.8414 0.911492 6
      vertex -46.7886 2.14598 6
      vertex -42.8435 0.900965 6
    endloop
  endfacet
  facet normal 0 0 1
    outer loop
      vertex -41.4762 -4.20201 6
      vertex -45.1462 -6.11127 6
      vertex -44.5031 -6.97832 6
    endloop
  endfacet
  facet normal -0 0 1
    outer loop
      vertex -46.947 1.07819 6
      vertex -42.8435 0.900965 6
      vertex -46.7886 2.14598 6
    endloop
  endfacet
  facet normal 0 0 1
    outer loop
      vertex -41.9778 -3.45128 6
      vertex -45.7011 -5.18536 6
      vertex -45.1462 -6.11127 6
    endloop
  endfacet
  facet normal 0 0 1
    outer loop
      vertex -42.8435 0.900965 6
      vertex -46.947 1.07819 6
      vertex -42.8442 0.890255 6
    endloop
  endfacet
  facet normal 0 0 1
    outer loop
      vertex -42.3771 -2.6415 6
      vertex -46.1627 -4.2095 6
      vertex -45.7011 -5.18536 6
    endloop
  endfacet
  facet normal 0 0 1
    outer loop
      vertex -42.8442 0.890255 6
      vertex -46.947 1.07819 6
      vertex -42.9026 0 6
    endloop
  endfacet
  facet normal 0 0 1
    outer loop
      vertex -42.3771 -2.6415 6
      vertex -46.5263 -3.19313 6
      vertex -46.1627 -4.2095 6
    endloop
  endfacet
  facet normal 0 0 1
    outer loop
      vertex -47 0 6
      vertex -42.9026 0 6
      vertex -46.947 1.07819 6
    endloop
  endfacet
  facet normal 0 0 1
    outer loop
      vertex -42.6674 -1.78651 6
      vertex -46.7886 -2.14598 6
      vertex -46.5263 -3.19313 6
    endloop
  endfacet
  facet normal 0 -0 1
    outer loop
      vertex -46.947 -1.07819 6
      vertex -42.9026 0 6
      vertex -47 0 6
    endloop
  endfacet
  facet normal 0 0 1
    outer loop
      vertex -42.8435 -0.900965 6
      vertex -46.947 -1.07819 6
      vertex -46.7886 -2.14598 6
    endloop
  endfacet
  facet normal 0 0 1
    outer loop
      vertex -42.8442 -0.890255 6
      vertex -46.947 -1.07819 6
      vertex -42.8435 -0.900965 6
    endloop
  endfacet
  facet normal 0 0 1
    outer loop
      vertex -10.1421 5.42106 6
      vertex -15.5 13.8 6
      vertex -10.6246 4.40086 6
    endloop
  endfacet
  facet normal 0 0 1
    outer loop
      vertex -11.5 0 6
      vertex -13.8579 -15.06 6
      vertex -13.8 -15.5 6
    endloop
  endfacet
  facet normal 0 0 1
    outer loop
      vertex -15.94 13.8579 6
      vertex -10.6246 4.40086 6
      vertex -15.5 13.8 6
    endloop
  endfacet
  facet normal 0 0 1
    outer loop
      vertex -11.5 0 6
      vertex -14.0278 -14.65 6
      vertex -13.8579 -15.06 6
    endloop
  endfacet
  facet normal 0 0 1
    outer loop
      vertex -10.6246 4.40086 6
      vertex -15.94 13.8579 6
      vertex -11.0048 3.33827 6
    endloop
  endfacet
  facet normal 0 0 1
    outer loop
      vertex -11.5 0 6
      vertex -14.2979 -14.2979 6
      vertex -14.0278 -14.65 6
    endloop
  endfacet
  facet normal 0 0 1
    outer loop
      vertex -16.35 14.0278 6
      vertex -11.0048 3.33827 6
      vertex -15.94 13.8579 6
    endloop
  endfacet
  facet normal 0 0 1
    outer loop
      vertex -11.5 0 6
      vertex -14.65 -14.0278 6
      vertex -14.2979 -14.2979 6
    endloop
  endfacet
  facet normal 0 0 1
    outer loop
      vertex -29.3361 1.79668 6
      vertex -11.0048 3.33827 6
      vertex -16.35 14.0278 6
    endloop
  endfacet
  facet normal 0 0 1
    outer loop
      vertex -11.5 0 6
      vertex -15.06 -13.8579 6
      vertex -14.65 -14.0278 6
    endloop
  endfacet
  facet normal 0 0 1
    outer loop
      vertex -11.0048 3.33827 6
      vertex -29.3361 1.79668 6
      vertex -11.279 2.24354 6
    endloop
  endfacet
  facet normal 0 0 1
    outer loop
      vertex -11.5 0 6
      vertex -15.5 -13.8 6
      vertex -15.06 -13.8579 6
    endloop
  endfacet
  facet normal 0 -0 1
    outer loop
      vertex -29.3326 1.78651 6
      vertex -11.279 2.24354 6
      vertex -29.3361 1.79668 6
    endloop
  endfacet
  facet normal 0 0 1
    outer loop
      vertex -29.1558 -0.890255 6
      vertex -11.5 0 6
      vertex -29.0974 0 6
    endloop
  endfacet
  facet normal 0 0 1
    outer loop
      vertex -11.279 2.24354 6
      vertex -29.1586 0.911492 6
      vertex -11.4446 1.1272 6
    endloop
  endfacet
  facet normal 0 0 1
    outer loop
      vertex -11.5 0 6
      vertex -15.94 -13.8579 6
      vertex -15.5 -13.8 6
    endloop
  endfacet
  facet normal 0 0 1
    outer loop
      vertex -30.0175 3.44166 6
      vertex -16.35 14.0278 6
      vertex -16.7021 14.2979 6
    endloop
  endfacet
  facet normal 0 0 1
    outer loop
      vertex -11.5 0 6
      vertex -16.35 -14.0278 6
      vertex -15.94 -13.8579 6
    endloop
  endfacet
  facet normal 0 0 1
    outer loop
      vertex -30.5238 4.20201 6
      vertex -16.7021 14.2979 6
      vertex -16.9722 14.65 6
    endloop
  endfacet
  facet normal 0 0 1
    outer loop
      vertex -29.1565 -0.900965 6
      vertex -11.5 0 6
      vertex -29.1558 -0.890255 6
    endloop
  endfacet
  facet normal 0 0 1
    outer loop
      vertex -31.1192 4.88085 6
      vertex -16.9722 14.65 6
      vertex -17.1421 15.06 6
    endloop
  endfacet
  facet normal 0 0 1
    outer loop
      vertex -29.1586 -0.911492 6
      vertex -11.5 0 6
      vertex -29.1565 -0.900965 6
    endloop
  endfacet
  facet normal 0 0 1
    outer loop
      vertex -32.5398 5.97183 6
      vertex -17.1421 15.06 6
      vertex -17.2 15.5 6
    endloop
  endfacet
  facet normal 0 0 1
    outer loop
      vertex -29.3326 -1.78651 6
      vertex -11.5 0 6
      vertex -29.1586 -0.911492 6
    endloop
  endfacet
  facet normal 0 0 1
    outer loop
      vertex 15.06 -13.8579 6
      vertex 9.5619 -6.38906 6
      vertex 14.65 -14.0278 6
    endloop
  endfacet
  facet normal -0 0 1
    outer loop
      vertex 8.88962 -7.29552 6
      vertex 14.65 -14.0278 6
      vertex 9.5619 -6.38906 6
    endloop
  endfacet
  facet normal 0 0 1
    outer loop
      vertex 14.65 -14.0278 6
      vertex 8.88962 -7.29552 6
      vertex 14.2979 -14.2979 6
    endloop
  endfacet
  facet normal -0 0 1
    outer loop
      vertex 8.13173 -8.13173 6
      vertex 14.2979 -14.2979 6
      vertex 8.88962 -7.29552 6
    endloop
  endfacet
  facet normal 0 0 1
    outer loop
      vertex 14.2979 -14.2979 6
      vertex 8.13173 -8.13173 6
      vertex 14.0278 -14.65 6
    endloop
  endfacet
  facet normal -0 0 1
    outer loop
      vertex 7.29552 -8.88962 6
      vertex 14.0278 -14.65 6
      vertex 8.13173 -8.13173 6
    endloop
  endfacet
  facet normal -0 0 1
    outer loop
      vertex 6.38906 -9.5619 6
      vertex 14.0278 -14.65 6
      vertex 7.29552 -8.88962 6
    endloop
  endfacet
  facet normal 0 0 1
    outer loop
      vertex 14.0278 -14.65 6
      vertex 6.38906 -9.5619 6
      vertex 13.8579 -15.06 6
    endloop
  endfacet
  facet normal -0 0 1
    outer loop
      vertex 5.42106 -10.1421 6
      vertex 13.8579 -15.06 6
      vertex 6.38906 -9.5619 6
    endloop
  endfacet
  facet normal -0 0 1
    outer loop
      vertex 17.1421 -15.06 6
      vertex 29 -31.1769 6
      vertex 17.1421 15.06 6
    endloop
  endfacet
  facet normal 0 0 1
    outer loop
      vertex 29 -31.1769 6
      vertex 17.1421 -15.06 6
      vertex 17.2 -15.5 6
    endloop
  endfacet
  facet normal -0 0 1
    outer loop
      vertex 16.9722 14.65 6
      vertex 17.1421 -15.06 6
      vertex 17.1421 15.06 6
    endloop
  endfacet
  facet normal 0 0 1
    outer loop
      vertex 16.9722 14.65 6
      vertex 16.9722 -14.65 6
      vertex 17.1421 -15.06 6
    endloop
  endfacet
  facet normal -0 0 1
    outer loop
      vertex 16.7021 14.2979 6
      vertex 16.9722 -14.65 6
      vertex 16.9722 14.65 6
    endloop
  endfacet
  facet normal 0 0 1
    outer loop
      vertex 16.7021 14.2979 6
      vertex 16.7021 -14.2979 6
      vertex 16.9722 -14.65 6
    endloop
  endfacet
  facet normal 0 0 1
    outer loop
      vertex 11.4446 1.1272 6
      vertex 16.7021 14.2979 6
      vertex 16.35 14.0278 6
    endloop
  endfacet
  facet normal 0 0 1
    outer loop
      vertex 16.7021 14.2979 6
      vertex 11.5 0 6
      vertex 16.7021 -14.2979 6
    endloop
  endfacet
  facet normal 0 0 1
    outer loop
      vertex 11.0048 3.33827 6
      vertex 16.35 14.0278 6
      vertex 15.94 13.8579 6
    endloop
  endfacet
  facet normal -0 0 1
    outer loop
      vertex 11.4446 -1.1272 6
      vertex 16.7021 -14.2979 6
      vertex 11.5 0 6
    endloop
  endfacet
  facet normal 0 0 1
    outer loop
      vertex 10.6246 4.40086 6
      vertex 15.94 13.8579 6
      vertex 15.5 13.8 6
    endloop
  endfacet
  facet normal 0 0 1
    outer loop
      vertex 16.7021 -14.2979 6
      vertex 11.4446 -1.1272 6
      vertex 16.35 -14.0278 6
    endloop
  endfacet
  facet normal 0 0 1
    outer loop
      vertex 10.6246 4.40086 6
      vertex 15.5 13.8 6
      vertex 15.06 13.8579 6
    endloop
  endfacet
  facet normal -0 0 1
    outer loop
      vertex 11.279 -2.24354 6
      vertex 16.35 -14.0278 6
      vertex 11.4446 -1.1272 6
    endloop
  endfacet
  facet normal 0 0 1
    outer loop
      vertex 10.6246 4.40086 6
      vertex 15.06 13.8579 6
      vertex 14.65 14.0278 6
    endloop
  endfacet
  facet normal -0 0 1
    outer loop
      vertex 11.0048 -3.33827 6
      vertex 16.35 -14.0278 6
      vertex 11.279 -2.24354 6
    endloop
  endfacet
  facet normal 0 0 1
    outer loop
      vertex 10.6246 4.40086 6
      vertex 14.65 14.0278 6
      vertex 14.2979 14.2979 6
    endloop
  endfacet
  facet normal 0 0 1
    outer loop
      vertex 16.35 -14.0278 6
      vertex 11.0048 -3.33827 6
      vertex 15.94 -13.8579 6
    endloop
  endfacet
  facet normal 0 0 1
    outer loop
      vertex 10.6246 4.40086 6
      vertex 14.2979 14.2979 6
      vertex 14.0278 14.65 6
    endloop
  endfacet
  facet normal -0 0 1
    outer loop
      vertex 10.6246 -4.40086 6
      vertex 15.94 -13.8579 6
      vertex 11.0048 -3.33827 6
    endloop
  endfacet
  facet normal 0 0 1
    outer loop
      vertex 10.6246 4.40086 6
      vertex 14.0278 14.65 6
      vertex 13.8579 15.06 6
    endloop
  endfacet
  facet normal 0 0 1
    outer loop
      vertex 15.94 -13.8579 6
      vertex 10.6246 -4.40086 6
      vertex 15.5 -13.8 6
    endloop
  endfacet
  facet normal 0 0 1
    outer loop
      vertex 10.6246 4.40086 6
      vertex 13.8579 15.06 6
      vertex 13.8 15.5 6
    endloop
  endfacet
  facet normal -0 0 1
    outer loop
      vertex 10.1421 -5.42106 6
      vertex 15.5 -13.8 6
      vertex 10.6246 -4.40086 6
    endloop
  endfacet
  facet normal 0 0 1
    outer loop
      vertex 24.8414 30.2654 6
      vertex 29 31.1769 6
      vertex 24.8435 30.2759 6
    endloop
  endfacet
  facet normal 0 0 1
    outer loop
      vertex 29 -31.1769 6
      vertex 24.8442 -30.2867 6
      vertex 24.9026 -31.1769 6
    endloop
  endfacet
  facet normal 0 0 1
    outer loop
      vertex 24.6674 29.3904 6
      vertex 29 31.1769 6
      vertex 24.8414 30.2654 6
    endloop
  endfacet
  facet normal 0 0 1
    outer loop
      vertex 29 -31.1769 6
      vertex 24.8435 -30.2759 6
      vertex 24.8442 -30.2867 6
    endloop
  endfacet
  facet normal 0 0 1
    outer loop
      vertex 24.6639 29.3802 6
      vertex 29 31.1769 6
      vertex 24.6674 29.3904 6
    endloop
  endfacet
  facet normal 0 0 1
    outer loop
      vertex 29 -31.1769 6
      vertex 24.8414 -30.2654 6
      vertex 24.8435 -30.2759 6
    endloop
  endfacet
  facet normal 0 0 1
    outer loop
      vertex 24.3771 28.5354 6
      vertex 29 31.1769 6
      vertex 24.6639 29.3802 6
    endloop
  endfacet
  facet normal 0 0 1
    outer loop
      vertex 29 -31.1769 6
      vertex 24.6674 -29.3904 6
      vertex 24.8414 -30.2654 6
    endloop
  endfacet
  facet normal 0 0 1
    outer loop
      vertex 23.9825 27.7353 6
      vertex 29 31.1769 6
      vertex 24.3771 28.5354 6
    endloop
  endfacet
  facet normal 0 0 1
    outer loop
      vertex 29 -31.1769 6
      vertex 24.6639 -29.3802 6
      vertex 24.6674 -29.3904 6
    endloop
  endfacet
  facet normal 0 0 1
    outer loop
      vertex 23.9778 27.7256 6
      vertex 29 31.1769 6
      vertex 23.9825 27.7353 6
    endloop
  endfacet
  facet normal 0 0 1
    outer loop
      vertex 29 -31.1769 6
      vertex 24.3771 -28.5354 6
      vertex 24.6639 -29.3802 6
    endloop
  endfacet
  facet normal 0 0 1
    outer loop
      vertex 23.9718 27.7167 6
      vertex 29 31.1769 6
      vertex 23.9778 27.7256 6
    endloop
  endfacet
  facet normal 0 0 1
    outer loop
      vertex 29 -31.1769 6
      vertex 23.9825 -27.7353 6
      vertex 24.3771 -28.5354 6
    endloop
  endfacet
  facet normal 0 0 1
    outer loop
      vertex 23.4762 26.9749 6
      vertex 29 31.1769 6
      vertex 23.9718 27.7167 6
    endloop
  endfacet
  facet normal 0 0 1
    outer loop
      vertex 29 -31.1769 6
      vertex 23.9778 -27.7256 6
      vertex 23.9825 -27.7353 6
    endloop
  endfacet
  facet normal 0 0 1
    outer loop
      vertex 22.8879 26.3041 6
      vertex 29 31.1769 6
      vertex 23.4762 26.9749 6
    endloop
  endfacet
  facet normal 0 0 1
    outer loop
      vertex 29 -31.1769 6
      vertex 23.9718 -27.7167 6
      vertex 23.9778 -27.7256 6
    endloop
  endfacet
  facet normal -0 0 1
    outer loop
      vertex 22.8808 26.2961 6
      vertex 17.1421 15.06 6
      vertex 29 31.1769 6
    endloop
  endfacet
  facet normal 0 0 1
    outer loop
      vertex 29 -31.1769 6
      vertex 23.4762 -26.9749 6
      vertex 23.9718 -27.7167 6
    endloop
  endfacet
  facet normal 0 0 1
    outer loop
      vertex 22.8808 26.2961 6
      vertex 29 31.1769 6
      vertex 22.8879 26.3041 6
    endloop
  endfacet
  facet normal 0 0 1
    outer loop
      vertex 29 31.1769 6
      vertex 17.1421 15.06 6
      vertex 29 -31.1769 6
    endloop
  endfacet
  facet normal 0 0 1
    outer loop
      vertex 17.1421 15.06 6
      vertex 22.8808 26.2961 6
      vertex 17.2 15.5 6
    endloop
  endfacet
  facet normal -0 -0 1
    outer loop
      vertex 22.8808 -26.2961 6
      vertex 29 -31.1769 6
      vertex 17.2 -15.5 6
    endloop
  endfacet
  facet normal 0 0 1
    outer loop
      vertex 17.2 15.5 6
      vertex 22.8808 26.2961 6
      vertex 22.8728 26.289 6
    endloop
  endfacet
  facet normal 0 0 1
    outer loop
      vertex 29 -31.1769 6
      vertex 22.8879 -26.3041 6
      vertex 23.4762 -26.9749 6
    endloop
  endfacet
  facet normal 0 0 1
    outer loop
      vertex 17.2 15.5 6
      vertex 22.8728 26.289 6
      vertex 22.202 25.7007 6
    endloop
  endfacet
  facet normal 0 0 1
    outer loop
      vertex 29 -31.1769 6
      vertex 22.8808 -26.2961 6
      vertex 22.8879 -26.3041 6
    endloop
  endfacet
  facet normal 0 0 1
    outer loop
      vertex 17.2 15.5 6
      vertex 22.202 25.7007 6
      vertex 21.4602 25.2051 6
    endloop
  endfacet
  facet normal 0 0 1
    outer loop
      vertex 22.8808 -26.2961 6
      vertex 17.2 -15.5 6
      vertex 22.8728 -26.289 6
    endloop
  endfacet
  facet normal 0 0 1
    outer loop
      vertex 17.2 15.5 6
      vertex 21.4602 25.2051 6
      vertex 21.4513 25.1991 6
    endloop
  endfacet
  facet normal 0 0 1
    outer loop
      vertex 22.8728 -26.289 6
      vertex 17.2 -15.5 6
      vertex 22.202 -25.7007 6
    endloop
  endfacet
  facet normal 0 0 1
    outer loop
      vertex 17.1421 15.94 6
      vertex 21.4513 25.1991 6
      vertex 21.4417 25.1944 6
    endloop
  endfacet
  facet normal 0 0 1
    outer loop
      vertex 22.202 -25.7007 6
      vertex 17.2 -15.5 6
      vertex 21.4602 -25.2051 6
    endloop
  endfacet
  facet normal 0 0 1
    outer loop
      vertex 17.1421 15.94 6
      vertex 21.4417 25.1944 6
      vertex 20.6415 24.7998 6
    endloop
  endfacet
  facet normal 0 0 1
    outer loop
      vertex 21.4602 -25.2051 6
      vertex 17.2 -15.5 6
      vertex 21.4513 -25.1991 6
    endloop
  endfacet
  facet normal 0 0 1
    outer loop
      vertex 16.9722 16.35 6
      vertex 20.6415 24.7998 6
      vertex 19.7967 24.513 6
    endloop
  endfacet
  facet normal -0 0 1
    outer loop
      vertex 17.1421 -15.94 6
      vertex 21.4513 -25.1991 6
      vertex 17.2 -15.5 6
    endloop
  endfacet
  facet normal 0 0 1
    outer loop
      vertex 16.9722 16.35 6
      vertex 19.7967 24.513 6
      vertex 19.7865 24.5096 6
    endloop
  endfacet
  facet normal 0 0 1
    outer loop
      vertex 21.4513 -25.1991 6
      vertex 17.1421 -15.94 6
      vertex 21.4417 -25.1944 6
    endloop
  endfacet
  facet normal 0 0 1
    outer loop
      vertex 16.7021 16.7021 6
      vertex 19.7865 24.5096 6
      vertex 18.9115 24.3355 6
    endloop
  endfacet
  facet normal 0 0 1
    outer loop
      vertex 21.4417 -25.1944 6
      vertex 17.1421 -15.94 6
      vertex 20.6415 -24.7998 6
    endloop
  endfacet
  facet normal 0 0 1
    outer loop
      vertex 16.7021 16.7021 6
      vertex 18.9115 24.3355 6
      vertex 18.901 24.3334 6
    endloop
  endfacet
  facet normal -0 0 1
    outer loop
      vertex 16.9722 -16.35 6
      vertex 20.6415 -24.7998 6
      vertex 17.1421 -15.94 6
    endloop
  endfacet
  facet normal 0 0 1
    outer loop
      vertex 16.7021 16.7021 6
      vertex 18.901 24.3334 6
      vertex 18.8903 24.3327 6
    endloop
  endfacet
  facet normal 0 0 1
    outer loop
      vertex 20.6415 -24.7998 6
      vertex 16.9722 -16.35 6
      vertex 19.7967 -24.513 6
    endloop
  endfacet
  facet normal 0 0 1
    outer loop
      vertex 16.35 16.9722 6
      vertex 18.8903 24.3327 6
      vertex 18 24.2744 6
    endloop
  endfacet
  facet normal 0 0 1
    outer loop
      vertex 19.7967 -24.513 6
      vertex 16.9722 -16.35 6
      vertex 19.7865 -24.5096 6
    endloop
  endfacet
  facet normal -0 0 1
    outer loop
      vertex 16.7021 -16.7021 6
      vertex 19.7865 -24.5096 6
      vertex 16.9722 -16.35 6
    endloop
  endfacet
  facet normal 0 0 1
    outer loop
      vertex 21.4513 25.1991 6
      vertex 17.1421 15.94 6
      vertex 17.2 15.5 6
    endloop
  endfacet
  facet normal 0 0 1
    outer loop
      vertex 15.94 17.1421 6
      vertex 18 24.2744 6
      vertex 17.1097 24.3327 6
    endloop
  endfacet
  facet normal 0 0 1
    outer loop
      vertex 15.94 17.1421 6
      vertex 17.1097 24.3327 6
      vertex 17.099 24.3334 6
    endloop
  endfacet
  facet normal 0 0 1
    outer loop
      vertex 15.94 17.1421 6
      vertex 17.099 24.3334 6
      vertex 17.0885 24.3355 6
    endloop
  endfacet
  facet normal 0 0 1
    outer loop
      vertex 20.6415 24.7998 6
      vertex 16.9722 16.35 6
      vertex 17.1421 15.94 6
    endloop
  endfacet
  facet normal 0 0 1
    outer loop
      vertex 19.7865 24.5096 6
      vertex 16.7021 16.7021 6
      vertex 16.9722 16.35 6
    endloop
  endfacet
  facet normal 0 0 1
    outer loop
      vertex 18.8903 24.3327 6
      vertex 16.35 16.9722 6
      vertex 16.7021 16.7021 6
    endloop
  endfacet
  facet normal 0 0 1
    outer loop
      vertex 15.5 17.2 6
      vertex 17.0885 24.3355 6
      vertex 16.2135 24.5096 6
    endloop
  endfacet
  facet normal 0 0 1
    outer loop
      vertex 15.5 17.2 6
      vertex 16.2135 24.5096 6
      vertex 16.2033 24.513 6
    endloop
  endfacet
  facet normal 0 0 1
    outer loop
      vertex 18 24.2744 6
      vertex 15.94 17.1421 6
      vertex 16.35 16.9722 6
    endloop
  endfacet
  facet normal 0 0 1
    outer loop
      vertex 17.0885 24.3355 6
      vertex 15.5 17.2 6
      vertex 15.94 17.1421 6
    endloop
  endfacet
  facet normal 0 0 1
    outer loop
      vertex 15.06 17.1421 6
      vertex 16.2033 24.513 6
      vertex 15.3585 24.7998 6
    endloop
  endfacet
  facet normal 0 0 1
    outer loop
      vertex 16.2033 24.513 6
      vertex 15.06 17.1421 6
      vertex 15.5 17.2 6
    endloop
  endfacet
  facet normal 0 0 1
    outer loop
      vertex 15.3585 24.7998 6
      vertex 14.65 16.9722 6
      vertex 15.06 17.1421 6
    endloop
  endfacet
  facet normal 0 0 1
    outer loop
      vertex 14.5583 25.1944 6
      vertex 14.65 16.9722 6
      vertex 15.3585 24.7998 6
    endloop
  endfacet
  facet normal 0 0 1
    outer loop
      vertex 14.5487 25.1991 6
      vertex 14.65 16.9722 6
      vertex 14.5583 25.1944 6
    endloop
  endfacet
  facet normal 0 0 1
    outer loop
      vertex 14.5398 25.2051 6
      vertex 14.65 16.9722 6
      vertex 14.5487 25.1991 6
    endloop
  endfacet
  facet normal 0 0 1
    outer loop
      vertex 14.5398 25.2051 6
      vertex 14.2979 16.7021 6
      vertex 14.65 16.9722 6
    endloop
  endfacet
  facet normal 0 0 1
    outer loop
      vertex 13.798 25.7007 6
      vertex 14.2979 16.7021 6
      vertex 14.5398 25.2051 6
    endloop
  endfacet
  facet normal 0 0 1
    outer loop
      vertex 13.1272 26.289 6
      vertex 14.2979 16.7021 6
      vertex 13.798 25.7007 6
    endloop
  endfacet
  facet normal 0 0 1
    outer loop
      vertex 14.2979 16.7021 6
      vertex 13.1272 26.289 6
      vertex 14.0278 16.35 6
    endloop
  endfacet
  facet normal 0 0 1
    outer loop
      vertex 13.1121 26.3041 6
      vertex 14.0278 16.35 6
      vertex 13.1192 26.2961 6
    endloop
  endfacet
  facet normal 0 0 1
    outer loop
      vertex 13.1192 26.2961 6
      vertex 14.0278 16.35 6
      vertex 13.1272 26.289 6
    endloop
  endfacet
  facet normal 0 0 1
    outer loop
      vertex 24.9026 31.1769 6
      vertex 29 31.1769 6
      vertex 28.947 32.2551 6
    endloop
  endfacet
  facet normal 0 0 1
    outer loop
      vertex 24.8442 30.2867 6
      vertex 29 31.1769 6
      vertex 24.9026 31.1769 6
    endloop
  endfacet
  facet normal 0 0 1
    outer loop
      vertex 24.8435 32.0779 6
      vertex 28.947 32.2551 6
      vertex 28.7886 33.3229 6
    endloop
  endfacet
  facet normal 0 0 1
    outer loop
      vertex 24.8435 30.2759 6
      vertex 29 31.1769 6
      vertex 24.8442 30.2867 6
    endloop
  endfacet
  facet normal 0 0 1
    outer loop
      vertex 24.6674 32.9634 6
      vertex 28.7886 33.3229 6
      vertex 28.5263 34.37 6
    endloop
  endfacet
  facet normal 0 0 1
    outer loop
      vertex 29 -31.1769 6
      vertex 24.9026 -31.1769 6
      vertex 28.947 -32.2551 6
    endloop
  endfacet
  facet normal 0 0 1
    outer loop
      vertex 24.3771 33.8184 6
      vertex 28.5263 34.37 6
      vertex 28.1627 35.3864 6
    endloop
  endfacet
  facet normal -0 0 1
    outer loop
      vertex 24.8442 -32.0672 6
      vertex 28.947 -32.2551 6
      vertex 24.9026 -31.1769 6
    endloop
  endfacet
  facet normal 0 0 1
    outer loop
      vertex 24.3771 33.8184 6
      vertex 28.1627 35.3864 6
      vertex 27.7011 36.3623 6
    endloop
  endfacet
  facet normal -0 0 1
    outer loop
      vertex 24.8435 -32.0779 6
      vertex 28.947 -32.2551 6
      vertex 24.8442 -32.0672 6
    endloop
  endfacet
  facet normal 0 0 1
    outer loop
      vertex 23.9778 34.6282 6
      vertex 27.7011 36.3623 6
      vertex 27.1462 37.2882 6
    endloop
  endfacet
  facet normal 0 0 1
    outer loop
      vertex 28.947 -32.2551 6
      vertex 24.8435 -32.0779 6
      vertex 28.7886 -33.3229 6
    endloop
  endfacet
  facet normal 0 0 1
    outer loop
      vertex 23.4762 35.3789 6
      vertex 27.1462 37.2882 6
      vertex 26.5031 38.1552 6
    endloop
  endfacet
  facet normal -0 0 1
    outer loop
      vertex 24.8414 -32.0884 6
      vertex 28.7886 -33.3229 6
      vertex 24.8435 -32.0779 6
    endloop
  endfacet
  facet normal 0 0 1
    outer loop
      vertex 22.8879 36.0497 6
      vertex 26.5031 38.1552 6
      vertex 25.7782 38.9551 6
    endloop
  endfacet
  facet normal -0 0 1
    outer loop
      vertex 24.6674 -32.9634 6
      vertex 28.7886 -33.3229 6
      vertex 24.8414 -32.0884 6
    endloop
  endfacet
  facet normal 0 0 1
    outer loop
      vertex 22.8728 36.0648 6
      vertex 25.7782 38.9551 6
      vertex 24.9783 39.68 6
    endloop
  endfacet
  facet normal 0 0 1
    outer loop
      vertex 28.7886 -33.3229 6
      vertex 24.6674 -32.9634 6
      vertex 28.5263 -34.37 6
    endloop
  endfacet
  facet normal -0 0 1
    outer loop
      vertex 24.6639 -32.9736 6
      vertex 28.5263 -34.37 6
      vertex 24.6674 -32.9634 6
    endloop
  endfacet
  facet normal 0 0 1
    outer loop
      vertex 28.947 32.2551 6
      vertex 24.8442 32.0672 6
      vertex 24.9026 31.1769 6
    endloop
  endfacet
  facet normal 0 0 1
    outer loop
      vertex 28.947 32.2551 6
      vertex 24.8435 32.0779 6
      vertex 24.8442 32.0672 6
    endloop
  endfacet
  facet normal 0 0 1
    outer loop
      vertex 28.7886 33.3229 6
      vertex 24.8414 32.0884 6
      vertex 24.8435 32.0779 6
    endloop
  endfacet
  facet normal 0 0 1
    outer loop
      vertex 28.7886 33.3229 6
      vertex 24.6674 32.9634 6
      vertex 24.8414 32.0884 6
    endloop
  endfacet
  facet normal 0 0 1
    outer loop
      vertex 28.5263 34.37 6
      vertex 24.6639 32.9736 6
      vertex 24.6674 32.9634 6
    endloop
  endfacet
  facet normal 0 0 1
    outer loop
      vertex 28.5263 34.37 6
      vertex 24.3771 33.8184 6
      vertex 24.6639 32.9736 6
    endloop
  endfacet
  facet normal 0 0 1
    outer loop
      vertex 22.202 36.6531 6
      vertex 24.9783 39.68 6
      vertex 24.1113 40.3231 6
    endloop
  endfacet
  facet normal 0 0 1
    outer loop
      vertex 27.7011 36.3623 6
      vertex 23.9825 34.6186 6
      vertex 24.3771 33.8184 6
    endloop
  endfacet
  facet normal 0 0 1
    outer loop
      vertex 27.7011 36.3623 6
      vertex 23.9778 34.6282 6
      vertex 23.9825 34.6186 6
    endloop
  endfacet
  facet normal 0 0 1
    outer loop
      vertex 27.1462 37.2882 6
      vertex 23.9718 34.6371 6
      vertex 23.9778 34.6282 6
    endloop
  endfacet
  facet normal 0 0 1
    outer loop
      vertex 27.1462 37.2882 6
      vertex 23.4762 35.3789 6
      vertex 23.9718 34.6371 6
    endloop
  endfacet
  facet normal 0 0 1
    outer loop
      vertex 21.4602 37.1487 6
      vertex 24.1113 40.3231 6
      vertex 23.1854 40.878 6
    endloop
  endfacet
  facet normal 0 0 1
    outer loop
      vertex 26.5031 38.1552 6
      vertex 22.8879 36.0497 6
      vertex 23.4762 35.3789 6
    endloop
  endfacet
  facet normal 0 0 1
    outer loop
      vertex 25.7782 38.9551 6
      vertex 22.8808 36.0578 6
      vertex 22.8879 36.0497 6
    endloop
  endfacet
  facet normal 0 0 1
    outer loop
      vertex 25.7782 38.9551 6
      vertex 22.8728 36.0648 6
      vertex 22.8808 36.0578 6
    endloop
  endfacet
  facet normal 0 0 1
    outer loop
      vertex 20.6415 37.5541 6
      vertex 23.1854 40.878 6
      vertex 22.2095 41.3396 6
    endloop
  endfacet
  facet normal 0 0 1
    outer loop
      vertex 24.9783 39.68 6
      vertex 22.202 36.6531 6
      vertex 22.8728 36.0648 6
    endloop
  endfacet
  facet normal 0 0 1
    outer loop
      vertex 24.1113 40.3231 6
      vertex 21.4602 37.1487 6
      vertex 22.202 36.6531 6
    endloop
  endfacet
  facet normal 0 0 1
    outer loop
      vertex 23.1854 40.878 6
      vertex 21.4513 37.1547 6
      vertex 21.4602 37.1487 6
    endloop
  endfacet
  facet normal 0 0 1
    outer loop
      vertex 23.1854 40.878 6
      vertex 21.4417 37.1595 6
      vertex 21.4513 37.1547 6
    endloop
  endfacet
  facet normal 0 0 1
    outer loop
      vertex 20.6415 37.5541 6
      vertex 22.2095 41.3396 6
      vertex 21.1931 41.7032 6
    endloop
  endfacet
  facet normal 0 0 1
    outer loop
      vertex 23.1854 40.878 6
      vertex 20.6415 37.5541 6
      vertex 21.4417 37.1595 6
    endloop
  endfacet
  facet normal 0 0 1
    outer loop
      vertex 19.7865 37.8443 6
      vertex 21.1931 41.7032 6
      vertex 20.146 41.9655 6
    endloop
  endfacet
  facet normal 0 0 1
    outer loop
      vertex 21.1931 41.7032 6
      vertex 19.7967 37.8408 6
      vertex 20.6415 37.5541 6
    endloop
  endfacet
  facet normal 0 0 1
    outer loop
      vertex 21.1931 41.7032 6
      vertex 19.7865 37.8443 6
      vertex 19.7967 37.8408 6
    endloop
  endfacet
  facet normal 0 0 1
    outer loop
      vertex 18.9115 38.0183 6
      vertex 20.146 41.9655 6
      vertex 19.0782 42.1239 6
    endloop
  endfacet
  facet normal 0 0 1
    outer loop
      vertex 20.146 41.9655 6
      vertex 18.9115 38.0183 6
      vertex 19.7865 37.8443 6
    endloop
  endfacet
  facet normal 0 0 1
    outer loop
      vertex 19.0782 42.1239 6
      vertex 18.901 38.0204 6
      vertex 18.9115 38.0183 6
    endloop
  endfacet
  facet normal 0 0 1
    outer loop
      vertex 19.0782 42.1239 6
      vertex 18.8903 38.0211 6
      vertex 18.901 38.0204 6
    endloop
  endfacet
  facet normal 0 0 1
    outer loop
      vertex 18 38.0795 6
      vertex 19.0782 42.1239 6
      vertex 18 42.1769 6
    endloop
  endfacet
  facet normal 0 0 1
    outer loop
      vertex 19.0782 42.1239 6
      vertex 18 38.0795 6
      vertex 18.8903 38.0211 6
    endloop
  endfacet
  facet normal -0 0 1
    outer loop
      vertex 16.9218 42.1239 6
      vertex 18 38.0795 6
      vertex 18 42.1769 6
    endloop
  endfacet
  facet normal 0 0 1
    outer loop
      vertex 18 38.0795 6
      vertex 16.9218 42.1239 6
      vertex 17.1097 38.0211 6
    endloop
  endfacet
  facet normal 0 0 1
    outer loop
      vertex 17.1097 38.0211 6
      vertex 16.9218 42.1239 6
      vertex 17.099 38.0204 6
    endloop
  endfacet
  facet normal 0 0 1
    outer loop
      vertex 17.099 38.0204 6
      vertex 16.9218 42.1239 6
      vertex 17.0885 38.0183 6
    endloop
  endfacet
  facet normal -0 0 1
    outer loop
      vertex 15.854 41.9655 6
      vertex 17.0885 38.0183 6
      vertex 16.9218 42.1239 6
    endloop
  endfacet
  facet normal 0 0 1
    outer loop
      vertex 17.0885 38.0183 6
      vertex 15.854 41.9655 6
      vertex 16.2135 37.8443 6
    endloop
  endfacet
  facet normal -0 0 1
    outer loop
      vertex 14.8069 41.7032 6
      vertex 16.2135 37.8443 6
      vertex 15.854 41.9655 6
    endloop
  endfacet
  facet normal 0 0 1
    outer loop
      vertex 16.2135 37.8443 6
      vertex 14.8069 41.7032 6
      vertex 16.2033 37.8408 6
    endloop
  endfacet
  facet normal 0 0 1
    outer loop
      vertex 16.2033 37.8408 6
      vertex 14.8069 41.7032 6
      vertex 15.3585 37.5541 6
    endloop
  endfacet
  facet normal -0 0 1
    outer loop
      vertex 13.7905 41.3396 6
      vertex 15.3585 37.5541 6
      vertex 14.8069 41.7032 6
    endloop
  endfacet
  facet normal 0 0 1
    outer loop
      vertex 15.3585 37.5541 6
      vertex 13.7905 41.3396 6
      vertex 14.5583 37.1595 6
    endloop
  endfacet
  facet normal 0 0 1
    outer loop
      vertex 14.5583 37.1595 6
      vertex 13.7905 41.3396 6
      vertex 14.5487 37.1547 6
    endloop
  endfacet
  facet normal 0 0 1
    outer loop
      vertex 14.5487 37.1547 6
      vertex 13.7905 41.3396 6
      vertex 14.5398 37.1487 6
    endloop
  endfacet
  facet normal 0 0 1
    outer loop
      vertex 14.5398 37.1487 6
      vertex 13.7905 41.3396 6
      vertex 13.798 36.6531 6
    endloop
  endfacet
  facet normal 0 0 1
    outer loop
      vertex 13.7905 41.3396 6
      vertex 13.1272 36.0648 6
      vertex 13.798 36.6531 6
    endloop
  endfacet
  facet normal 0 0 1
    outer loop
      vertex 13.7905 41.3396 6
      vertex 13.1192 36.0578 6
      vertex 13.1272 36.0648 6
    endloop
  endfacet
  facet normal 0 0 1
    outer loop
      vertex 13.7905 41.3396 6
      vertex 13.1121 36.0497 6
      vertex 13.1192 36.0578 6
    endloop
  endfacet
  facet normal 0 0 1
    outer loop
      vertex 13.7905 41.3396 6
      vertex 12.5238 35.3789 6
      vertex 13.1121 36.0497 6
    endloop
  endfacet
  facet normal 0 0 1
    outer loop
      vertex 13.7905 41.3396 6
      vertex 12.0282 34.6371 6
      vertex 12.5238 35.3789 6
    endloop
  endfacet
  facet normal 0 0 1
    outer loop
      vertex 13.7905 41.3396 6
      vertex 12.0222 34.6282 6
      vertex 12.0282 34.6371 6
    endloop
  endfacet
  facet normal 0 0 1
    outer loop
      vertex 13.7905 41.3396 6
      vertex 12.0175 34.6186 6
      vertex 12.0222 34.6282 6
    endloop
  endfacet
  facet normal 0 0 1
    outer loop
      vertex 13.7905 41.3396 6
      vertex 11.6229 33.8184 6
      vertex 12.0175 34.6186 6
    endloop
  endfacet
  facet normal 0 0 1
    outer loop
      vertex -24.9 24.9 6
      vertex 11.6229 33.8184 6
      vertex 13.7905 41.3396 6
    endloop
  endfacet
  facet normal 0 0 1
    outer loop
      vertex 11.6229 33.8184 6
      vertex -24.9 24.9 6
      vertex 11.3361 32.9736 6
    endloop
  endfacet
  facet normal 0 0 1
    outer loop
      vertex -14.65 16.9722 6
      vertex 11.1558 32.0672 6
      vertex 11.1565 32.0779 6
    endloop
  endfacet
  facet normal 0 0 1
    outer loop
      vertex 15.94 13.8579 6
      vertex 10.6246 4.40086 6
      vertex 11.0048 3.33827 6
    endloop
  endfacet
  facet normal 0 0 1
    outer loop
      vertex 11.1558 30.2867 6
      vertex 10.1421 5.42106 6
      vertex 10.6246 4.40086 6
    endloop
  endfacet
  facet normal 0 0 1
    outer loop
      vertex 11.1558 30.2867 6
      vertex 9.5619 6.38906 6
      vertex 10.1421 5.42106 6
    endloop
  endfacet
  facet normal 0 0 1
    outer loop
      vertex 11.1558 30.2867 6
      vertex 8.88962 7.29552 6
      vertex 9.5619 6.38906 6
    endloop
  endfacet
  facet normal 0 0 1
    outer loop
      vertex 11.1558 32.0672 6
      vertex -14.65 16.9722 6
      vertex 11.0974 31.1769 6
    endloop
  endfacet
  facet normal 0 0 1
    outer loop
      vertex 11.1558 30.2867 6
      vertex 8.13173 8.13173 6
      vertex 8.88962 7.29552 6
    endloop
  endfacet
  facet normal 0 0 1
    outer loop
      vertex 11.1558 30.2867 6
      vertex 7.29552 8.88962 6
      vertex 8.13173 8.13173 6
    endloop
  endfacet
  facet normal 0 0 1
    outer loop
      vertex 11.1558 30.2867 6
      vertex 6.38906 9.5619 6
      vertex 7.29552 8.88962 6
    endloop
  endfacet
  facet normal 0 0 1
    outer loop
      vertex -15.06 17.1421 6
      vertex 11.1565 32.0779 6
      vertex 11.1586 32.0884 6
    endloop
  endfacet
  facet normal 0 0 1
    outer loop
      vertex -24.9 24.9 6
      vertex 11.1586 32.0884 6
      vertex 11.3326 32.9634 6
    endloop
  endfacet
  facet normal 0 0 1
    outer loop
      vertex 11.1558 30.2867 6
      vertex 5.42106 10.1421 6
      vertex 6.38906 9.5619 6
    endloop
  endfacet
  facet normal 0 0 1
    outer loop
      vertex 11.1558 30.2867 6
      vertex 4.40086 10.6246 6
      vertex 5.42106 10.1421 6
    endloop
  endfacet
  facet normal 0 0 1
    outer loop
      vertex 11.3361 32.9736 6
      vertex -24.9 24.9 6
      vertex 11.3326 32.9634 6
    endloop
  endfacet
  facet normal 0 0 1
    outer loop
      vertex 11.1558 30.2867 6
      vertex 3.33827 11.0048 6
      vertex 4.40086 10.6246 6
    endloop
  endfacet
  facet normal 0 0 1
    outer loop
      vertex 11.1558 30.2867 6
      vertex 2.24354 11.279 6
      vertex 3.33827 11.0048 6
    endloop
  endfacet
  facet normal 0 0 1
    outer loop
      vertex 11.1558 30.2867 6
      vertex 1.1272 11.4446 6
      vertex 2.24354 11.279 6
    endloop
  endfacet
  facet normal 0 0 1
    outer loop
      vertex 11.1558 30.2867 6
      vertex 0 11.5 6
      vertex 1.1272 11.4446 6
    endloop
  endfacet
  facet normal 0 0 1
    outer loop
      vertex 11.1558 30.2867 6
      vertex -14.2979 16.7021 6
      vertex -1.1272 11.4446 6
    endloop
  endfacet
  facet normal 0 0 1
    outer loop
      vertex 11.1558 30.2867 6
      vertex -1.1272 11.4446 6
      vertex 0 11.5 6
    endloop
  endfacet
  facet normal -0 -0 1
    outer loop
      vertex -14.0278 16.35 6
      vertex -1.1272 11.4446 6
      vertex -14.2979 16.7021 6
    endloop
  endfacet
  facet normal 0 0 1
    outer loop
      vertex -1.1272 11.4446 6
      vertex -14.0278 16.35 6
      vertex -2.24354 11.279 6
    endloop
  endfacet
  facet normal 0 0 1
    outer loop
      vertex -2.24354 11.279 6
      vertex -14.0278 16.35 6
      vertex -3.33827 11.0048 6
    endloop
  endfacet
  facet normal 0 0 1
    outer loop
      vertex -3.33827 11.0048 6
      vertex -13.8579 15.94 6
      vertex -4.40086 10.6246 6
    endloop
  endfacet
  facet normal -0 -0 1
    outer loop
      vertex -13.8 15.5 6
      vertex -4.40086 10.6246 6
      vertex -13.8579 15.94 6
    endloop
  endfacet
  facet normal 0 0 1
    outer loop
      vertex -4.40086 10.6246 6
      vertex -13.8 15.5 6
      vertex -5.42106 10.1421 6
    endloop
  endfacet
  facet normal 0 0 1
    outer loop
      vertex -5.42106 10.1421 6
      vertex -13.8579 15.06 6
      vertex -6.38906 9.5619 6
    endloop
  endfacet
  facet normal -0 0 1
    outer loop
      vertex -14.0278 14.65 6
      vertex -6.38906 9.5619 6
      vertex -13.8579 15.06 6
    endloop
  endfacet
  facet normal 0 0 1
    outer loop
      vertex -9.5619 6.38906 6
      vertex -15.06 13.8579 6
      vertex -10.1421 5.42106 6
    endloop
  endfacet
  facet normal -0 0 1
    outer loop
      vertex -15.06 13.8579 6
      vertex -9.5619 6.38906 6
      vertex -14.65 14.0278 6
    endloop
  endfacet
  facet normal 0 0 1
    outer loop
      vertex -8.88962 7.29552 6
      vertex -14.65 14.0278 6
      vertex -9.5619 6.38906 6
    endloop
  endfacet
  facet normal -0 0 1
    outer loop
      vertex -14.65 14.0278 6
      vertex -8.88962 7.29552 6
      vertex -14.2979 14.2979 6
    endloop
  endfacet
  facet normal 0 0 1
    outer loop
      vertex -8.13173 8.13173 6
      vertex -14.2979 14.2979 6
      vertex -8.88962 7.29552 6
    endloop
  endfacet
  facet normal -0 0 1
    outer loop
      vertex -14.2979 14.2979 6
      vertex -8.13173 8.13173 6
      vertex -14.0278 14.65 6
    endloop
  endfacet
  facet normal 0 0 1
    outer loop
      vertex -6.38906 9.5619 6
      vertex -14.0278 14.65 6
      vertex -7.29552 8.88962 6
    endloop
  endfacet
  facet normal 0 0 1
    outer loop
      vertex -7.29552 8.88962 6
      vertex -14.0278 14.65 6
      vertex -8.13173 8.13173 6
    endloop
  endfacet
  facet normal -0 0 1
    outer loop
      vertex -13.8579 15.06 6
      vertex -5.42106 10.1421 6
      vertex -13.8 15.5 6
    endloop
  endfacet
  facet normal -0 -0 1
    outer loop
      vertex -13.8579 15.94 6
      vertex -3.33827 11.0048 6
      vertex -14.0278 16.35 6
    endloop
  endfacet
  facet normal 0 0 1
    outer loop
      vertex 11.1558 30.2867 6
      vertex -14.65 16.9722 6
      vertex -14.2979 16.7021 6
    endloop
  endfacet
  facet normal 0 0 1
    outer loop
      vertex 11.1565 32.0779 6
      vertex -15.06 17.1421 6
      vertex -14.65 16.9722 6
    endloop
  endfacet
  facet normal 0 0 1
    outer loop
      vertex 11.1586 32.0884 6
      vertex -24.9 24.9 6
      vertex -15.06 17.1421 6
    endloop
  endfacet
  facet normal 0 0 1
    outer loop
      vertex -15.06 17.1421 6
      vertex -24.9 24.9 6
      vertex -15.5 17.2 6
    endloop
  endfacet
  facet normal 0 0 1
    outer loop
      vertex -15.5 17.2 6
      vertex -24.9 24.9 6
      vertex -15.94 17.1421 6
    endloop
  endfacet
  facet normal 0 0 1
    outer loop
      vertex -15.94 17.1421 6
      vertex -24.9 24.9 6
      vertex -16.35 16.9722 6
    endloop
  endfacet
  facet normal 0 0 1
    outer loop
      vertex -32.5487 5.9778 6
      vertex -17.2 15.5 6
      vertex -24.9 24.9 6
    endloop
  endfacet
  facet normal 0 0 1
    outer loop
      vertex -17.1421 15.94 6
      vertex -24.9 24.9 6
      vertex -17.2 15.5 6
    endloop
  endfacet
  facet normal 0 0 1
    outer loop
      vertex -16.9722 16.35 6
      vertex -24.9 24.9 6
      vertex -17.1421 15.94 6
    endloop
  endfacet
  facet normal 0 0 1
    outer loop
      vertex -16.7021 16.7021 6
      vertex -24.9 24.9 6
      vertex -16.9722 16.35 6
    endloop
  endfacet
  facet normal 0 0 1
    outer loop
      vertex -16.35 16.9722 6
      vertex -24.9 24.9 6
      vertex -16.7021 16.7021 6
    endloop
  endfacet
  facet normal -0 0 1
    outer loop
      vertex 24.3771 -33.8184 6
      vertex 28.5263 -34.37 6
      vertex 24.6639 -32.9736 6
    endloop
  endfacet
  facet normal 0 0 1
    outer loop
      vertex 28.5263 -34.37 6
      vertex 24.3771 -33.8184 6
      vertex 28.1627 -35.3864 6
    endloop
  endfacet
  facet normal 0 0 1
    outer loop
      vertex 28.1627 -35.3864 6
      vertex 24.3771 -33.8184 6
      vertex 27.7011 -36.3623 6
    endloop
  endfacet
  facet normal -0 0 1
    outer loop
      vertex 23.9825 -34.6186 6
      vertex 27.7011 -36.3623 6
      vertex 24.3771 -33.8184 6
    endloop
  endfacet
  facet normal -0 0 1
    outer loop
      vertex 23.9778 -34.6282 6
      vertex 27.7011 -36.3623 6
      vertex 23.9825 -34.6186 6
    endloop
  endfacet
  facet normal 0 0 1
    outer loop
      vertex 27.7011 -36.3623 6
      vertex 23.9778 -34.6282 6
      vertex 27.1462 -37.2882 6
    endloop
  endfacet
  facet normal -0 0 1
    outer loop
      vertex 23.9718 -34.6371 6
      vertex 27.1462 -37.2882 6
      vertex 23.9778 -34.6282 6
    endloop
  endfacet
  facet normal -0 0 1
    outer loop
      vertex 23.4762 -35.3789 6
      vertex 27.1462 -37.2882 6
      vertex 23.9718 -34.6371 6
    endloop
  endfacet
  facet normal 0 0 1
    outer loop
      vertex 27.1462 -37.2882 6
      vertex 23.4762 -35.3789 6
      vertex 26.5031 -38.1552 6
    endloop
  endfacet
  facet normal -0 0 1
    outer loop
      vertex 22.8879 -36.0497 6
      vertex 26.5031 -38.1552 6
      vertex 23.4762 -35.3789 6
    endloop
  endfacet
  facet normal 0 0 1
    outer loop
      vertex 26.5031 -38.1552 6
      vertex 22.8879 -36.0497 6
      vertex 25.7782 -38.9551 6
    endloop
  endfacet
  facet normal -0 0 1
    outer loop
      vertex 22.8808 -36.0578 6
      vertex 25.7782 -38.9551 6
      vertex 22.8879 -36.0497 6
    endloop
  endfacet
  facet normal -0 0 1
    outer loop
      vertex 22.8728 -36.0648 6
      vertex 25.7782 -38.9551 6
      vertex 22.8808 -36.0578 6
    endloop
  endfacet
  facet normal 0 0 1
    outer loop
      vertex 25.7782 -38.9551 6
      vertex 22.8728 -36.0648 6
      vertex 24.9783 -39.68 6
    endloop
  endfacet
  facet normal -0 0 1
    outer loop
      vertex 22.202 -36.6531 6
      vertex 24.9783 -39.68 6
      vertex 22.8728 -36.0648 6
    endloop
  endfacet
  facet normal 0 0 1
    outer loop
      vertex 24.9783 -39.68 6
      vertex 22.202 -36.6531 6
      vertex 24.1113 -40.3231 6
    endloop
  endfacet
  facet normal -0 0 1
    outer loop
      vertex 21.4602 -37.1487 6
      vertex 24.1113 -40.3231 6
      vertex 22.202 -36.6531 6
    endloop
  endfacet
  facet normal 0 0 1
    outer loop
      vertex 24.1113 -40.3231 6
      vertex 21.4602 -37.1487 6
      vertex 23.1854 -40.878 6
    endloop
  endfacet
  facet normal -0 0 1
    outer loop
      vertex 21.4513 -37.1547 6
      vertex 23.1854 -40.878 6
      vertex 21.4602 -37.1487 6
    endloop
  endfacet
  facet normal -0 0 1
    outer loop
      vertex 21.4417 -37.1595 6
      vertex 23.1854 -40.878 6
      vertex 21.4513 -37.1547 6
    endloop
  endfacet
  facet normal -0 0 1
    outer loop
      vertex 20.6415 -37.5541 6
      vertex 23.1854 -40.878 6
      vertex 21.4417 -37.1595 6
    endloop
  endfacet
  facet normal 0 0 1
    outer loop
      vertex 23.1854 -40.878 6
      vertex 20.6415 -37.5541 6
      vertex 22.2095 -41.3396 6
    endloop
  endfacet
  facet normal 0 0 1
    outer loop
      vertex 22.2095 -41.3396 6
      vertex 20.6415 -37.5541 6
      vertex 21.1931 -41.7032 6
    endloop
  endfacet
  facet normal -0 0 1
    outer loop
      vertex 19.7967 -37.8408 6
      vertex 21.1931 -41.7032 6
      vertex 20.6415 -37.5541 6
    endloop
  endfacet
  facet normal -0 0 1
    outer loop
      vertex 19.7865 -37.8443 6
      vertex 21.1931 -41.7032 6
      vertex 19.7967 -37.8408 6
    endloop
  endfacet
  facet normal 0 0 1
    outer loop
      vertex 21.1931 -41.7032 6
      vertex 19.7865 -37.8443 6
      vertex 20.146 -41.9655 6
    endloop
  endfacet
  facet normal -0 0 1
    outer loop
      vertex 18.9115 -38.0183 6
      vertex 20.146 -41.9655 6
      vertex 19.7865 -37.8443 6
    endloop
  endfacet
  facet normal 0 0 1
    outer loop
      vertex 20.146 -41.9655 6
      vertex 18.9115 -38.0183 6
      vertex 19.0782 -42.1239 6
    endloop
  endfacet
  facet normal -0 0 1
    outer loop
      vertex 18.901 -38.0204 6
      vertex 19.0782 -42.1239 6
      vertex 18.9115 -38.0183 6
    endloop
  endfacet
  facet normal -0 0 1
    outer loop
      vertex 18.8903 -38.0211 6
      vertex 19.0782 -42.1239 6
      vertex 18.901 -38.0204 6
    endloop
  endfacet
  facet normal -0 0 1
    outer loop
      vertex 18 -38.0795 6
      vertex 19.0782 -42.1239 6
      vertex 18.8903 -38.0211 6
    endloop
  endfacet
  facet normal 0 0 1
    outer loop
      vertex 18 -38.0795 6
      vertex 18 -42.1769 6
      vertex 19.0782 -42.1239 6
    endloop
  endfacet
  facet normal 0 0 1
    outer loop
      vertex 16.9218 -42.1239 6
      vertex 18 -38.0795 6
      vertex 17.1097 -38.0211 6
    endloop
  endfacet
  facet normal 0 0 1
    outer loop
      vertex 16.9218 -42.1239 6
      vertex 17.1097 -38.0211 6
      vertex 17.099 -38.0204 6
    endloop
  endfacet
  facet normal 0 0 1
    outer loop
      vertex 16.9218 -42.1239 6
      vertex 17.099 -38.0204 6
      vertex 17.0885 -38.0183 6
    endloop
  endfacet
  facet normal 0 0 1
    outer loop
      vertex 18 -38.0795 6
      vertex 16.9218 -42.1239 6
      vertex 18 -42.1769 6
    endloop
  endfacet
  facet normal 0 0 1
    outer loop
      vertex 15.854 -41.9655 6
      vertex 17.0885 -38.0183 6
      vertex 16.2135 -37.8443 6
    endloop
  endfacet
  facet normal 0 0 1
    outer loop
      vertex 14.8069 -41.7032 6
      vertex 16.2135 -37.8443 6
      vertex 16.2033 -37.8408 6
    endloop
  endfacet
  facet normal 0 0 1
    outer loop
      vertex 17.0885 -38.0183 6
      vertex 15.854 -41.9655 6
      vertex 16.9218 -42.1239 6
    endloop
  endfacet
  facet normal 0 0 1
    outer loop
      vertex 14.8069 -41.7032 6
      vertex 16.2033 -37.8408 6
      vertex 15.3585 -37.5541 6
    endloop
  endfacet
  facet normal 0 0 1
    outer loop
      vertex 16.2135 -37.8443 6
      vertex 14.8069 -41.7032 6
      vertex 15.854 -41.9655 6
    endloop
  endfacet
  facet normal 0 0 1
    outer loop
      vertex 13.7905 -41.3396 6
      vertex 15.3585 -37.5541 6
      vertex 14.5583 -37.1595 6
    endloop
  endfacet
  facet normal 0 0 1
    outer loop
      vertex 13.7905 -41.3396 6
      vertex 14.5583 -37.1595 6
      vertex 14.5487 -37.1547 6
    endloop
  endfacet
  facet normal 0 0 1
    outer loop
      vertex 13.7905 -41.3396 6
      vertex 14.5487 -37.1547 6
      vertex 14.5398 -37.1487 6
    endloop
  endfacet
  facet normal 0 0 1
    outer loop
      vertex 13.7905 -41.3396 6
      vertex 14.5398 -37.1487 6
      vertex 13.798 -36.6531 6
    endloop
  endfacet
  facet normal 0 0 1
    outer loop
      vertex 15.3585 -37.5541 6
      vertex 13.7905 -41.3396 6
      vertex 14.8069 -41.7032 6
    endloop
  endfacet
  facet normal 0 0 1
    outer loop
      vertex 13.1272 -36.0648 6
      vertex 13.7905 -41.3396 6
      vertex 13.798 -36.6531 6
    endloop
  endfacet
  facet normal 0 0 1
    outer loop
      vertex 13.1192 -36.0578 6
      vertex 13.7905 -41.3396 6
      vertex 13.1272 -36.0648 6
    endloop
  endfacet
  facet normal 0 0 1
    outer loop
      vertex 13.1121 -36.0497 6
      vertex 13.7905 -41.3396 6
      vertex 13.1192 -36.0578 6
    endloop
  endfacet
  facet normal 0 0 1
    outer loop
      vertex 12.5238 -35.3789 6
      vertex 13.7905 -41.3396 6
      vertex 13.1121 -36.0497 6
    endloop
  endfacet
  facet normal 0 0 1
    outer loop
      vertex 12.0282 -34.6371 6
      vertex 13.7905 -41.3396 6
      vertex 12.5238 -35.3789 6
    endloop
  endfacet
  facet normal 0 0 1
    outer loop
      vertex 12.0222 -34.6282 6
      vertex 13.7905 -41.3396 6
      vertex 12.0282 -34.6371 6
    endloop
  endfacet
  facet normal 0 0 1
    outer loop
      vertex 12.0175 -34.6186 6
      vertex 13.7905 -41.3396 6
      vertex 12.0222 -34.6282 6
    endloop
  endfacet
  facet normal 0 0 1
    outer loop
      vertex 11.6229 -33.8184 6
      vertex 13.7905 -41.3396 6
      vertex 12.0175 -34.6186 6
    endloop
  endfacet
  facet normal 0 0 1
    outer loop
      vertex -24.9 -24.9 6
      vertex 11.6229 -33.8184 6
      vertex 11.3361 -32.9736 6
    endloop
  endfacet
  facet normal 0 0 1
    outer loop
      vertex -24.9 -24.9 6
      vertex 11.3361 -32.9736 6
      vertex 11.3326 -32.9634 6
    endloop
  endfacet
  facet normal 0 0 1
    outer loop
      vertex -14.65 -16.9722 6
      vertex 11.1558 -32.0672 6
      vertex 11.0974 -31.1769 6
    endloop
  endfacet
  facet normal 0 0 1
    outer loop
      vertex 13.8579 -15.06 6
      vertex 5.42106 -10.1421 6
      vertex 13.8 -15.5 6
    endloop
  endfacet
  facet normal -0 0 1
    outer loop
      vertex 4.40086 -10.6246 6
      vertex 13.8 -15.5 6
      vertex 5.42106 -10.1421 6
    endloop
  endfacet
  facet normal -0 0 1
    outer loop
      vertex 3.33827 -11.0048 6
      vertex 13.8 -15.5 6
      vertex 4.40086 -10.6246 6
    endloop
  endfacet
  facet normal 0 0 1
    outer loop
      vertex 13.8 -15.5 6
      vertex 3.33827 -11.0048 6
      vertex 11.6229 -28.5354 6
    endloop
  endfacet
  facet normal -0 0 1
    outer loop
      vertex 2.24354 -11.279 6
      vertex 11.6229 -28.5354 6
      vertex 3.33827 -11.0048 6
    endloop
  endfacet
  facet normal -0 0 1
    outer loop
      vertex 1.1272 -11.4446 6
      vertex 11.6229 -28.5354 6
      vertex 2.24354 -11.279 6
    endloop
  endfacet
  facet normal -0 0 1
    outer loop
      vertex 0 -11.5 6
      vertex 11.6229 -28.5354 6
      vertex 1.1272 -11.4446 6
    endloop
  endfacet
  facet normal 0 0 1
    outer loop
      vertex 11.6229 -28.5354 6
      vertex 0 -11.5 6
      vertex 11.3361 -29.3802 6
    endloop
  endfacet
  facet normal 0 0 1
    outer loop
      vertex -1.1272 -11.4446 6
      vertex 11.3361 -29.3802 6
      vertex 0 -11.5 6
    endloop
  endfacet
  facet normal 0 0 1
    outer loop
      vertex 11.3361 -29.3802 6
      vertex -1.1272 -11.4446 6
      vertex 11.3326 -29.3904 6
    endloop
  endfacet
  facet normal -0 0 1
    outer loop
      vertex -14.2979 -16.7021 6
      vertex 11.3326 -29.3904 6
      vertex -1.1272 -11.4446 6
    endloop
  endfacet
  facet normal 0 0 1
    outer loop
      vertex 11.3326 -29.3904 6
      vertex -14.2979 -16.7021 6
      vertex 11.1586 -30.2654 6
    endloop
  endfacet
  facet normal 0 0 1
    outer loop
      vertex 11.1586 -30.2654 6
      vertex -14.2979 -16.7021 6
      vertex 11.1565 -30.2759 6
    endloop
  endfacet
  facet normal 0 0 1
    outer loop
      vertex 11.1565 -30.2759 6
      vertex -14.2979 -16.7021 6
      vertex 11.1558 -30.2867 6
    endloop
  endfacet
  facet normal -0 0 1
    outer loop
      vertex -14.65 -16.9722 6
      vertex 11.1558 -30.2867 6
      vertex -14.2979 -16.7021 6
    endloop
  endfacet
  facet normal 0 0 1
    outer loop
      vertex 11.1558 -30.2867 6
      vertex -14.65 -16.9722 6
      vertex 11.0974 -31.1769 6
    endloop
  endfacet
  facet normal 0 0 1
    outer loop
      vertex 11.1558 -32.0672 6
      vertex -14.65 -16.9722 6
      vertex 11.1565 -32.0779 6
    endloop
  endfacet
  facet normal -0 0 1
    outer loop
      vertex -15.06 -17.1421 6
      vertex 11.1565 -32.0779 6
      vertex -14.65 -16.9722 6
    endloop
  endfacet
  facet normal 0 0 1
    outer loop
      vertex -14.0278 -16.35 6
      vertex -1.1272 -11.4446 6
      vertex -2.24354 -11.279 6
    endloop
  endfacet
  facet normal 0 0 1
    outer loop
      vertex -14.0278 -16.35 6
      vertex -2.24354 -11.279 6
      vertex -3.33827 -11.0048 6
    endloop
  endfacet
  facet normal 0 0 1
    outer loop
      vertex -13.8579 -15.94 6
      vertex -3.33827 -11.0048 6
      vertex -4.40086 -10.6246 6
    endloop
  endfacet
  facet normal 0 0 1
    outer loop
      vertex -13.8 -15.5 6
      vertex -4.40086 -10.6246 6
      vertex -5.42106 -10.1421 6
    endloop
  endfacet
  facet normal 0 0 1
    outer loop
      vertex -13.8 -15.5 6
      vertex -5.42106 -10.1421 6
      vertex -6.38906 -9.5619 6
    endloop
  endfacet
  facet normal 0 0 1
    outer loop
      vertex -13.8 -15.5 6
      vertex -6.38906 -9.5619 6
      vertex -7.29552 -8.88962 6
    endloop
  endfacet
  facet normal 0 0 1
    outer loop
      vertex -13.8 -15.5 6
      vertex -7.29552 -8.88962 6
      vertex -8.13173 -8.13173 6
    endloop
  endfacet
  facet normal 0 0 1
    outer loop
      vertex -13.8 -15.5 6
      vertex -8.13173 -8.13173 6
      vertex -8.88962 -7.29552 6
    endloop
  endfacet
  facet normal 0 0 1
    outer loop
      vertex -13.8 -15.5 6
      vertex -8.88962 -7.29552 6
      vertex -9.5619 -6.38906 6
    endloop
  endfacet
  facet normal -0 0 1
    outer loop
      vertex -15.5 13.8 6
      vertex -10.1421 5.42106 6
      vertex -15.06 13.8579 6
    endloop
  endfacet
  facet normal 0 0 1
    outer loop
      vertex -11.5 0 6
      vertex -13.8 -15.5 6
      vertex -11.4446 -1.1272 6
    endloop
  endfacet
  facet normal 0 0 1
    outer loop
      vertex -13.8 -15.5 6
      vertex -11.279 -2.24354 6
      vertex -11.4446 -1.1272 6
    endloop
  endfacet
  facet normal 0 0 1
    outer loop
      vertex -13.8 -15.5 6
      vertex -11.0048 -3.33827 6
      vertex -11.279 -2.24354 6
    endloop
  endfacet
  facet normal 0 0 1
    outer loop
      vertex -13.8 -15.5 6
      vertex -10.6246 -4.40086 6
      vertex -11.0048 -3.33827 6
    endloop
  endfacet
  facet normal 0 0 1
    outer loop
      vertex -13.8 -15.5 6
      vertex -10.1421 -5.42106 6
      vertex -10.6246 -4.40086 6
    endloop
  endfacet
  facet normal 0 0 1
    outer loop
      vertex -13.8 -15.5 6
      vertex -9.5619 -6.38906 6
      vertex -10.1421 -5.42106 6
    endloop
  endfacet
  facet normal 0 0 1
    outer loop
      vertex -4.40086 -10.6246 6
      vertex -13.8 -15.5 6
      vertex -13.8579 -15.94 6
    endloop
  endfacet
  facet normal 0 0 1
    outer loop
      vertex -3.33827 -11.0048 6
      vertex -13.8579 -15.94 6
      vertex -14.0278 -16.35 6
    endloop
  endfacet
  facet normal 0 0 1
    outer loop
      vertex -1.1272 -11.4446 6
      vertex -14.0278 -16.35 6
      vertex -14.2979 -16.7021 6
    endloop
  endfacet
  facet normal 0 0 1
    outer loop
      vertex 11.1565 -32.0779 6
      vertex -15.06 -17.1421 6
      vertex 11.1586 -32.0884 6
    endloop
  endfacet
  facet normal -0 0 1
    outer loop
      vertex -24.9 -24.9 6
      vertex 11.1586 -32.0884 6
      vertex -15.06 -17.1421 6
    endloop
  endfacet
  facet normal 0 0 1
    outer loop
      vertex 11.1586 -32.0884 6
      vertex -24.9 -24.9 6
      vertex 11.3326 -32.9634 6
    endloop
  endfacet
  facet normal 0 0 1
    outer loop
      vertex -24.9 -24.9 6
      vertex -15.06 -17.1421 6
      vertex -15.5 -17.2 6
    endloop
  endfacet
  facet normal 0 0 1
    outer loop
      vertex -24.9 -24.9 6
      vertex -15.5 -17.2 6
      vertex -15.94 -17.1421 6
    endloop
  endfacet
  facet normal 0 0 1
    outer loop
      vertex -24.9 -24.9 6
      vertex -15.94 -17.1421 6
      vertex -16.35 -16.9722 6
    endloop
  endfacet
  facet normal 0 0 1
    outer loop
      vertex -24.9 -24.9 6
      vertex -16.35 -16.9722 6
      vertex -16.7021 -16.7021 6
    endloop
  endfacet
  facet normal 0 -0 1
    outer loop
      vertex -29.1565 0.900965 6
      vertex -11.4446 1.1272 6
      vertex -29.1586 0.911492 6
    endloop
  endfacet
  facet normal 0 0 1
    outer loop
      vertex 11.6229 -33.8184 6
      vertex -24.9 -24.9 6
      vertex 13.7905 -41.3396 6
    endloop
  endfacet
  facet normal 0 0 1
    outer loop
      vertex -16.9722 -16.35 6
      vertex -24.9 -24.9 6
      vertex -16.7021 -16.7021 6
    endloop
  endfacet
  facet normal 0 0 1
    outer loop
      vertex -17.1421 -15.94 6
      vertex -24.9 -24.9 6
      vertex -16.9722 -16.35 6
    endloop
  endfacet
  facet normal 0 -0 1
    outer loop
      vertex -29.1558 0.890255 6
      vertex -11.4446 1.1272 6
      vertex -29.1565 0.900965 6
    endloop
  endfacet
  facet normal 0 0 1
    outer loop
      vertex -17.2 -15.5 6
      vertex -24.9 -24.9 6
      vertex -17.1421 -15.94 6
    endloop
  endfacet
  facet normal 0 0 1
    outer loop
      vertex -17.1421 -15.06 6
      vertex -24.9 -24.9 6
      vertex -17.2 -15.5 6
    endloop
  endfacet
  facet normal 0 0 1
    outer loop
      vertex -11.5 0 6
      vertex -29.3326 -1.78651 6
      vertex -16.35 -14.0278 6
    endloop
  endfacet
  facet normal 0 0 1
    outer loop
      vertex -11.5 0 6
      vertex -29.1558 0.890255 6
      vertex -29.0974 0 6
    endloop
  endfacet
  facet normal 0 0 1
    outer loop
      vertex -11.4446 1.1272 6
      vertex -29.1558 0.890255 6
      vertex -11.5 0 6
    endloop
  endfacet
  facet normal 0 -0 1
    outer loop
      vertex -29.1586 0.911492 6
      vertex -11.279 2.24354 6
      vertex -29.3326 1.78651 6
    endloop
  endfacet
  facet normal 0 0 1
    outer loop
      vertex -16.35 14.0278 6
      vertex -29.6229 2.6415 6
      vertex -29.3361 1.79668 6
    endloop
  endfacet
  facet normal 0 0 1
    outer loop
      vertex -16.35 14.0278 6
      vertex -30.0175 3.44166 6
      vertex -29.6229 2.6415 6
    endloop
  endfacet
  facet normal 0 0 1
    outer loop
      vertex -16.7021 14.2979 6
      vertex -30.0222 3.45128 6
      vertex -30.0175 3.44166 6
    endloop
  endfacet
  facet normal 0 0 1
    outer loop
      vertex -16.7021 14.2979 6
      vertex -30.0282 3.46021 6
      vertex -30.0222 3.45128 6
    endloop
  endfacet
  facet normal 0 0 1
    outer loop
      vertex -16.7021 14.2979 6
      vertex -30.5238 4.20201 6
      vertex -30.0282 3.46021 6
    endloop
  endfacet
  facet normal 0 0 1
    outer loop
      vertex -16.9722 14.65 6
      vertex -31.1121 4.87278 6
      vertex -30.5238 4.20201 6
    endloop
  endfacet
  facet normal 0 0 1
    outer loop
      vertex -16.9722 14.65 6
      vertex -31.1192 4.88085 6
      vertex -31.1121 4.87278 6
    endloop
  endfacet
  facet normal 0 0 1
    outer loop
      vertex -17.1421 15.06 6
      vertex -31.1272 4.88793 6
      vertex -31.1192 4.88085 6
    endloop
  endfacet
  facet normal 0 0 1
    outer loop
      vertex -17.1421 15.06 6
      vertex -31.798 5.47617 6
      vertex -31.1272 4.88793 6
    endloop
  endfacet
  facet normal 0 0 1
    outer loop
      vertex -17.1421 15.06 6
      vertex -32.5398 5.97183 6
      vertex -31.798 5.47617 6
    endloop
  endfacet
  facet normal 0 0 1
    outer loop
      vertex -17.2 15.5 6
      vertex -32.5487 5.9778 6
      vertex -32.5398 5.97183 6
    endloop
  endfacet
  facet normal 0 0 1
    outer loop
      vertex -24.9 24.9 6
      vertex -32.5583 5.98254 6
      vertex -32.5487 5.9778 6
    endloop
  endfacet
  facet normal 0 0 1
    outer loop
      vertex -24.9 24.9 6
      vertex -33.3585 6.37714 6
      vertex -32.5583 5.98254 6
    endloop
  endfacet
  facet normal 0 0 1
    outer loop
      vertex -24.9 24.9 6
      vertex -34.2033 6.66391 6
      vertex -33.3585 6.37714 6
    endloop
  endfacet
  facet normal 0 0 1
    outer loop
      vertex -24.9 24.9 6
      vertex -34.2135 6.66736 6
      vertex -34.2033 6.66391 6
    endloop
  endfacet
  facet normal 0 0 1
    outer loop
      vertex -24.9 24.9 6
      vertex -35.0885 6.84142 6
      vertex -34.2135 6.66736 6
    endloop
  endfacet
  facet normal 0 0 1
    outer loop
      vertex -24.9 24.9 6
      vertex -35.099 6.84351 6
      vertex -35.0885 6.84142 6
    endloop
  endfacet
  facet normal 0 0 1
    outer loop
      vertex -24.9 24.9 6
      vertex -35.1097 6.84421 6
      vertex -35.099 6.84351 6
    endloop
  endfacet
  facet normal 0 0 1
    outer loop
      vertex -24.9 24.9 6
      vertex -36 6.90256 6
      vertex -35.1097 6.84421 6
    endloop
  endfacet
  facet normal 0 0 1
    outer loop
      vertex -24.9 24.9 6
      vertex -36.8903 6.84421 6
      vertex -36 6.90256 6
    endloop
  endfacet
  facet normal 0 0 1
    outer loop
      vertex -24.9 24.9 6
      vertex -36.901 6.84351 6
      vertex -36.8903 6.84421 6
    endloop
  endfacet
  facet normal -0 0 1
    outer loop
      vertex -43.7782 7.77817 6
      vertex -36.901 6.84351 6
      vertex -24.9 24.9 6
    endloop
  endfacet
  facet normal 0 0 1
    outer loop
      vertex -36.901 6.84351 6
      vertex -43.7782 7.77817 6
      vertex -36.9115 6.84142 6
    endloop
  endfacet
  facet normal 0 0 1
    outer loop
      vertex -36.9115 6.84142 6
      vertex -43.7782 7.77817 6
      vertex -37.7865 6.66736 6
    endloop
  endfacet
  facet normal 0 0 1
    outer loop
      vertex -37.7865 6.66736 6
      vertex -43.7782 7.77817 6
      vertex -37.7967 6.66391 6
    endloop
  endfacet
  facet normal 0 0 1
    outer loop
      vertex -37.7967 6.66391 6
      vertex -43.7782 7.77817 6
      vertex -38.6415 6.37714 6
    endloop
  endfacet
  facet normal 0 0 1
    outer loop
      vertex -38.6415 6.37714 6
      vertex -43.7782 7.77817 6
      vertex -39.4417 5.98254 6
    endloop
  endfacet
  facet normal 0 0 1
    outer loop
      vertex -39.4417 5.98254 6
      vertex -43.7782 7.77817 6
      vertex -39.4513 5.9778 6
    endloop
  endfacet
  facet normal 0 0 1
    outer loop
      vertex -39.4513 5.9778 6
      vertex -43.7782 7.77817 6
      vertex -39.4602 5.97183 6
    endloop
  endfacet
  facet normal 0 0 1
    outer loop
      vertex -39.4602 5.97183 6
      vertex -43.7782 7.77817 6
      vertex -40.202 5.47617 6
    endloop
  endfacet
  facet normal 0 0 1
    outer loop
      vertex -40.202 5.47617 6
      vertex -43.7782 7.77817 6
      vertex -40.8728 4.88793 6
    endloop
  endfacet
  facet normal 0 0 1
    outer loop
      vertex -40.8728 4.88793 6
      vertex -43.7782 7.77817 6
      vertex -40.8808 4.88085 6
    endloop
  endfacet
  facet normal 0 0 1
    outer loop
      vertex -40.8808 4.88085 6
      vertex -43.7782 7.77817 6
      vertex -40.8879 4.87278 6
    endloop
  endfacet
  facet normal -0 0 1
    outer loop
      vertex -45.7011 5.18536 6
      vertex -41.9778 3.45128 6
      vertex -45.1462 6.11127 6
    endloop
  endfacet
  facet normal 0 0 1
    outer loop
      vertex -41.9825 3.44166 6
      vertex -45.7011 5.18536 6
      vertex -42.3771 2.6415 6
    endloop
  endfacet
  facet normal -0 0 1
    outer loop
      vertex -46.5263 3.19313 6
      vertex -42.3771 2.6415 6
      vertex -46.1627 4.2095 6
    endloop
  endfacet
  facet normal 0 0 1
    outer loop
      vertex -42.3771 2.6415 6
      vertex -46.5263 3.19313 6
      vertex -42.6639 1.79668 6
    endloop
  endfacet
  facet normal -0 0 1
    outer loop
      vertex -46.1627 4.2095 6
      vertex -42.3771 2.6415 6
      vertex -45.7011 5.18536 6
    endloop
  endfacet
  facet normal 0 0 1
    outer loop
      vertex -41.9778 3.45128 6
      vertex -45.7011 5.18536 6
      vertex -41.9825 3.44166 6
    endloop
  endfacet
  facet normal 0 0 1
    outer loop
      vertex -41.9718 3.46021 6
      vertex -45.1462 6.11127 6
      vertex -41.9778 3.45128 6
    endloop
  endfacet
  facet normal 0 0 1
    outer loop
      vertex -41.4762 4.20201 6
      vertex -45.1462 6.11127 6
      vertex -41.9718 3.46021 6
    endloop
  endfacet
  facet normal -0 0 1
    outer loop
      vertex -45.1462 6.11127 6
      vertex -41.4762 4.20201 6
      vertex -44.5031 6.97832 6
    endloop
  endfacet
  facet normal 0 0 1
    outer loop
      vertex -40.8879 4.87278 6
      vertex -44.5031 6.97832 6
      vertex -41.4762 4.20201 6
    endloop
  endfacet
  facet normal -0 0 1
    outer loop
      vertex -44.5031 6.97832 6
      vertex -40.8879 4.87278 6
      vertex -43.7782 7.77817 6
    endloop
  endfacet
  facet normal 0 0 1
    outer loop
      vertex 19.7865 -24.5096 6
      vertex 16.7021 -16.7021 6
      vertex 18.9115 -24.3355 6
    endloop
  endfacet
  facet normal 0 0 1
    outer loop
      vertex 18.9115 -24.3355 6
      vertex 16.7021 -16.7021 6
      vertex 18.901 -24.3334 6
    endloop
  endfacet
  facet normal 0 0 1
    outer loop
      vertex 18.901 -24.3334 6
      vertex 16.7021 -16.7021 6
      vertex 18.8903 -24.3327 6
    endloop
  endfacet
  facet normal -0 0 1
    outer loop
      vertex 16.35 -16.9722 6
      vertex 18.8903 -24.3327 6
      vertex 16.7021 -16.7021 6
    endloop
  endfacet
  facet normal 0 0 1
    outer loop
      vertex 18.8903 -24.3327 6
      vertex 16.35 -16.9722 6
      vertex 18 -24.2744 6
    endloop
  endfacet
  facet normal -0 0 1
    outer loop
      vertex 15.94 -17.1421 6
      vertex 18 -24.2744 6
      vertex 16.35 -16.9722 6
    endloop
  endfacet
  facet normal 0 0 1
    outer loop
      vertex 18 -24.2744 6
      vertex 15.94 -17.1421 6
      vertex 17.1097 -24.3327 6
    endloop
  endfacet
  facet normal 0 0 1
    outer loop
      vertex 17.1097 -24.3327 6
      vertex 15.94 -17.1421 6
      vertex 17.099 -24.3334 6
    endloop
  endfacet
  facet normal 0 0 1
    outer loop
      vertex 17.099 -24.3334 6
      vertex 15.94 -17.1421 6
      vertex 17.0885 -24.3355 6
    endloop
  endfacet
  facet normal -0 0 1
    outer loop
      vertex 15.5 -17.2 6
      vertex 17.0885 -24.3355 6
      vertex 15.94 -17.1421 6
    endloop
  endfacet
  facet normal 0 0 1
    outer loop
      vertex 17.0885 -24.3355 6
      vertex 15.5 -17.2 6
      vertex 16.2135 -24.5096 6
    endloop
  endfacet
  facet normal 0 0 1
    outer loop
      vertex 16.2135 -24.5096 6
      vertex 15.5 -17.2 6
      vertex 16.2033 -24.513 6
    endloop
  endfacet
  facet normal 0 0 1
    outer loop
      vertex 15.06 -17.1421 6
      vertex 16.2033 -24.513 6
      vertex 15.5 -17.2 6
    endloop
  endfacet
  facet normal 0 0 1
    outer loop
      vertex 16.2033 -24.513 6
      vertex 15.06 -17.1421 6
      vertex 15.3585 -24.7998 6
    endloop
  endfacet
  facet normal 0 0 1
    outer loop
      vertex 14.65 -16.9722 6
      vertex 15.3585 -24.7998 6
      vertex 15.06 -17.1421 6
    endloop
  endfacet
  facet normal 0 0 1
    outer loop
      vertex 14.65 -16.9722 6
      vertex 14.5583 -25.1944 6
      vertex 15.3585 -24.7998 6
    endloop
  endfacet
  facet normal 0 0 1
    outer loop
      vertex 14.65 -16.9722 6
      vertex 14.5487 -25.1991 6
      vertex 14.5583 -25.1944 6
    endloop
  endfacet
  facet normal 0 0 1
    outer loop
      vertex 14.65 -16.9722 6
      vertex 14.5398 -25.2051 6
      vertex 14.5487 -25.1991 6
    endloop
  endfacet
  facet normal 0 0 1
    outer loop
      vertex 14.2979 -16.7021 6
      vertex 14.5398 -25.2051 6
      vertex 14.65 -16.9722 6
    endloop
  endfacet
  facet normal 0 0 1
    outer loop
      vertex 13.1272 -26.289 6
      vertex 14.2979 -16.7021 6
      vertex 14.0278 -16.35 6
    endloop
  endfacet
  facet normal 0 0 1
    outer loop
      vertex 12.5238 -26.9749 6
      vertex 14.0278 -16.35 6
      vertex 13.8579 -15.94 6
    endloop
  endfacet
  facet normal 0 0 1
    outer loop
      vertex 12.0175 -27.7353 6
      vertex 13.8579 -15.94 6
      vertex 13.8 -15.5 6
    endloop
  endfacet
  facet normal 0 0 1
    outer loop
      vertex 14.2979 -16.7021 6
      vertex 13.798 -25.7007 6
      vertex 14.5398 -25.2051 6
    endloop
  endfacet
  facet normal 0 0 1
    outer loop
      vertex 15.5 -13.8 6
      vertex 10.1421 -5.42106 6
      vertex 15.06 -13.8579 6
    endloop
  endfacet
  facet normal 0 0 1
    outer loop
      vertex 12.5238 26.9749 6
      vertex 14.0278 16.35 6
      vertex 13.1121 26.3041 6
    endloop
  endfacet
  facet normal -0 0 1
    outer loop
      vertex 9.5619 -6.38906 6
      vertex 15.06 -13.8579 6
      vertex 10.1421 -5.42106 6
    endloop
  endfacet
  facet normal 0 0 1
    outer loop
      vertex 14.0278 16.35 6
      vertex 12.5238 26.9749 6
      vertex 13.8579 15.94 6
    endloop
  endfacet
  facet normal 0 0 1
    outer loop
      vertex 14.2979 -16.7021 6
      vertex 13.1272 -26.289 6
      vertex 13.798 -25.7007 6
    endloop
  endfacet
  facet normal 0 0 1
    outer loop
      vertex 12.0282 27.7167 6
      vertex 13.8579 15.94 6
      vertex 12.5238 26.9749 6
    endloop
  endfacet
  facet normal 0 0 1
    outer loop
      vertex 14.0278 -16.35 6
      vertex 13.1192 -26.2961 6
      vertex 13.1272 -26.289 6
    endloop
  endfacet
  facet normal 0 0 1
    outer loop
      vertex 12.0222 27.7256 6
      vertex 13.8579 15.94 6
      vertex 12.0282 27.7167 6
    endloop
  endfacet
  facet normal 0 0 1
    outer loop
      vertex 14.0278 -16.35 6
      vertex 13.1121 -26.3041 6
      vertex 13.1192 -26.2961 6
    endloop
  endfacet
  facet normal 0 0 1
    outer loop
      vertex 12.0175 27.7353 6
      vertex 13.8579 15.94 6
      vertex 12.0222 27.7256 6
    endloop
  endfacet
  facet normal 0 0 1
    outer loop
      vertex 14.0278 -16.35 6
      vertex 12.5238 -26.9749 6
      vertex 13.1121 -26.3041 6
    endloop
  endfacet
  facet normal 0 0 1
    outer loop
      vertex 13.8579 15.94 6
      vertex 12.0175 27.7353 6
      vertex 13.8 15.5 6
    endloop
  endfacet
  facet normal 0 0 1
    outer loop
      vertex 13.8579 -15.94 6
      vertex 12.0282 -27.7167 6
      vertex 12.5238 -26.9749 6
    endloop
  endfacet
  facet normal 0 0 1
    outer loop
      vertex 11.6229 28.5354 6
      vertex 13.8 15.5 6
      vertex 12.0175 27.7353 6
    endloop
  endfacet
  facet normal 0 0 1
    outer loop
      vertex 13.8579 -15.94 6
      vertex 12.0222 -27.7256 6
      vertex 12.0282 -27.7167 6
    endloop
  endfacet
  facet normal 0 0 1
    outer loop
      vertex 13.8 15.5 6
      vertex 11.6229 28.5354 6
      vertex 10.6246 4.40086 6
    endloop
  endfacet
  facet normal 0 0 1
    outer loop
      vertex 13.8579 -15.94 6
      vertex 12.0175 -27.7353 6
      vertex 12.0222 -27.7256 6
    endloop
  endfacet
  facet normal 0 0 1
    outer loop
      vertex 13.8 -15.5 6
      vertex 11.6229 -28.5354 6
      vertex 12.0175 -27.7353 6
    endloop
  endfacet
  facet normal 0 0 1
    outer loop
      vertex 16.7021 14.2979 6
      vertex 11.4446 1.1272 6
      vertex 11.5 0 6
    endloop
  endfacet
  facet normal 0 0 1
    outer loop
      vertex 10.6246 4.40086 6
      vertex 11.6229 28.5354 6
      vertex 11.3361 29.3802 6
    endloop
  endfacet
  facet normal 0 0 1
    outer loop
      vertex 10.6246 4.40086 6
      vertex 11.3361 29.3802 6
      vertex 11.3326 29.3904 6
    endloop
  endfacet
  facet normal 0 0 1
    outer loop
      vertex 16.35 14.0278 6
      vertex 11.279 2.24354 6
      vertex 11.4446 1.1272 6
    endloop
  endfacet
  facet normal 0 0 1
    outer loop
      vertex 10.6246 4.40086 6
      vertex 11.3326 29.3904 6
      vertex 11.1586 30.2654 6
    endloop
  endfacet
  facet normal 0 0 1
    outer loop
      vertex 10.6246 4.40086 6
      vertex 11.1586 30.2654 6
      vertex 11.1565 30.2759 6
    endloop
  endfacet
  facet normal 0 0 1
    outer loop
      vertex 10.6246 4.40086 6
      vertex 11.1565 30.2759 6
      vertex 11.1558 30.2867 6
    endloop
  endfacet
  facet normal 0 0 1
    outer loop
      vertex -14.65 16.9722 6
      vertex 11.1558 30.2867 6
      vertex 11.0974 31.1769 6
    endloop
  endfacet
  facet normal 0 0 1
    outer loop
      vertex 16.35 14.0278 6
      vertex 11.0048 3.33827 6
      vertex 11.279 2.24354 6
    endloop
  endfacet
  facet normal 0.336829 -0.941566 0
    outer loop
      vertex 21.1931 -41.7032 0
      vertex 22.2095 -41.3396 6
      vertex 21.1931 -41.7032 6
    endloop
  endfacet
  facet normal 0.336829 -0.941566 0
    outer loop
      vertex 22.2095 -41.3396 6
      vertex 21.1931 -41.7032 0
      vertex 22.2095 -41.3396 0
    endloop
  endfacet
  facet normal 0.740991 -0.671515 0
    outer loop
      vertex 25.7782 -38.9551 6
      vertex 26.5031 -38.1552 0
      vertex 26.5031 -38.1552 6
    endloop
  endfacet
  facet normal 0.740991 -0.671515 0
    outer loop
      vertex 26.5031 -38.1552 0
      vertex 25.7782 -38.9551 6
      vertex 25.7782 -38.9551 0
    endloop
  endfacet
  facet normal 0.88192 -0.471399 0
    outer loop
      vertex -3.23358 1.33939 3.5
      vertex -2.91014 1.9445 0
      vertex -2.91014 1.9445 3.5
    endloop
  endfacet
  facet normal 0.88192 -0.471399 0
    outer loop
      vertex -2.91014 1.9445 0
      vertex -3.23358 1.33939 3.5
      vertex -3.23358 1.33939 0
    endloop
  endfacet
  facet normal -0.95694 -0.290285 0
    outer loop
      vertex 3.43275 0.682816 0
      vertex 3.23358 1.33939 3.5
      vertex 3.23358 1.33939 0
    endloop
  endfacet
  facet normal -0.95694 -0.290285 0
    outer loop
      vertex 3.23358 1.33939 3.5
      vertex 3.43275 0.682816 0
      vertex 3.43275 0.682816 3.5
    endloop
  endfacet
  facet normal -0.995185 -0.098015 0
    outer loop
      vertex 3.5 0 0
      vertex 3.43275 0.682816 3.5
      vertex 3.43275 0.682816 0
    endloop
  endfacet
  facet normal -0.995185 -0.098015 0
    outer loop
      vertex 3.43275 0.682816 3.5
      vertex 3.5 0 0
      vertex 3.5 0 3.5
    endloop
  endfacet
  facet normal -0.290285 0.95694 0
    outer loop
      vertex 1.33939 -3.23358 0
      vertex 0.682816 -3.43275 3.5
      vertex 1.33939 -3.23358 3.5
    endloop
  endfacet
  facet normal -0.290285 0.95694 0
    outer loop
      vertex 0.682816 -3.43275 3.5
      vertex 1.33939 -3.23358 0
      vertex 0.682816 -3.43275 0
    endloop
  endfacet
  facet normal 0.95694 0.290285 0
    outer loop
      vertex -3.23358 -1.33939 3.5
      vertex -3.43275 -0.682816 0
      vertex -3.43275 -0.682816 3.5
    endloop
  endfacet
  facet normal 0.95694 0.290285 0
    outer loop
      vertex -3.43275 -0.682816 0
      vertex -3.23358 -1.33939 3.5
      vertex -3.23358 -1.33939 0
    endloop
  endfacet
  facet normal -0.773006 0.634399 0
    outer loop
      vertex 2.47487 -2.47487 0
      vertex 2.91014 -1.9445 3.5
      vertex 2.91014 -1.9445 0
    endloop
  endfacet
  facet normal -0.773006 0.634399 0
    outer loop
      vertex 2.91014 -1.9445 3.5
      vertex 2.47487 -2.47487 0
      vertex 2.47487 -2.47487 3.5
    endloop
  endfacet
  facet normal -0.634399 -0.773006 0
    outer loop
      vertex 1.9445 2.91014 0
      vertex 2.47487 2.47487 3.5
      vertex 1.9445 2.91014 3.5
    endloop
  endfacet
  facet normal -0.634399 -0.773006 -0
    outer loop
      vertex 2.47487 2.47487 3.5
      vertex 1.9445 2.91014 0
      vertex 2.47487 2.47487 0
    endloop
  endfacet
  facet normal -0.290285 -0.95694 0
    outer loop
      vertex 0.682816 3.43275 0
      vertex 1.33939 3.23358 3.5
      vertex 0.682816 3.43275 3.5
    endloop
  endfacet
  facet normal -0.290285 -0.95694 -0
    outer loop
      vertex 1.33939 3.23358 3.5
      vertex 0.682816 3.43275 0
      vertex 1.33939 3.23358 0
    endloop
  endfacet
  facet normal 0.88192 0.471399 0
    outer loop
      vertex -2.91014 -1.9445 3.5
      vertex -3.23358 -1.33939 0
      vertex -3.23358 -1.33939 3.5
    endloop
  endfacet
  facet normal 0.88192 0.471399 0
    outer loop
      vertex -3.23358 -1.33939 0
      vertex -2.91014 -1.9445 3.5
      vertex -2.91014 -1.9445 0
    endloop
  endfacet
  facet normal -0.773006 -0.634399 0
    outer loop
      vertex 2.91014 1.9445 0
      vertex 2.47487 2.47487 3.5
      vertex 2.47487 2.47487 0
    endloop
  endfacet
  facet normal -0.773006 -0.634399 0
    outer loop
      vertex 2.47487 2.47487 3.5
      vertex 2.91014 1.9445 0
      vertex 2.91014 1.9445 3.5
    endloop
  endfacet
  facet normal -0.098015 -0.995185 0
    outer loop
      vertex 0 3.5 0
      vertex 0.682816 3.43275 3.5
      vertex 0 3.5 3.5
    endloop
  endfacet
  facet normal -0.098015 -0.995185 -0
    outer loop
      vertex 0.682816 3.43275 3.5
      vertex 0 3.5 0
      vertex 0.682816 3.43275 0
    endloop
  endfacet
  facet normal 0.290285 -0.95694 0
    outer loop
      vertex -1.33939 3.23358 0
      vertex -0.682816 3.43275 3.5
      vertex -1.33939 3.23358 3.5
    endloop
  endfacet
  facet normal 0.290285 -0.95694 0
    outer loop
      vertex -0.682816 3.43275 3.5
      vertex -1.33939 3.23358 0
      vertex -0.682816 3.43275 0
    endloop
  endfacet
  facet normal 0.634399 0.773006 -0
    outer loop
      vertex -1.9445 -2.91014 0
      vertex -2.47487 -2.47487 3.5
      vertex -1.9445 -2.91014 3.5
    endloop
  endfacet
  facet normal 0.634399 0.773006 0
    outer loop
      vertex -2.47487 -2.47487 3.5
      vertex -1.9445 -2.91014 0
      vertex -2.47487 -2.47487 0
    endloop
  endfacet
  facet normal -0.471399 -0.88192 0
    outer loop
      vertex 1.33939 3.23358 0
      vertex 1.9445 2.91014 3.5
      vertex 1.33939 3.23358 3.5
    endloop
  endfacet
  facet normal -0.471399 -0.88192 -0
    outer loop
      vertex 1.9445 2.91014 3.5
      vertex 1.33939 3.23358 0
      vertex 1.9445 2.91014 0
    endloop
  endfacet
  facet normal 0.995185 -0.098015 0
    outer loop
      vertex -3.5 0 3.5
      vertex -3.43275 0.682816 0
      vertex -3.43275 0.682816 3.5
    endloop
  endfacet
  facet normal 0.995185 -0.098015 0
    outer loop
      vertex -3.43275 0.682816 0
      vertex -3.5 0 3.5
      vertex -3.5 0 0
    endloop
  endfacet
  facet normal -0.88192 0.471399 0
    outer loop
      vertex 2.91014 -1.9445 0
      vertex 3.23358 -1.33939 3.5
      vertex 3.23358 -1.33939 0
    endloop
  endfacet
  facet normal -0.88192 0.471399 0
    outer loop
      vertex 3.23358 -1.33939 3.5
      vertex 2.91014 -1.9445 0
      vertex 2.91014 -1.9445 3.5
    endloop
  endfacet
  facet normal -0.471399 0.88192 0
    outer loop
      vertex 1.9445 -2.91014 0
      vertex 1.33939 -3.23358 3.5
      vertex 1.9445 -2.91014 3.5
    endloop
  endfacet
  facet normal -0.471399 0.88192 0
    outer loop
      vertex 1.33939 -3.23358 3.5
      vertex 1.9445 -2.91014 0
      vertex 1.33939 -3.23358 0
    endloop
  endfacet
  facet normal 0.634399 -0.773006 0
    outer loop
      vertex -2.47487 2.47487 0
      vertex -1.9445 2.91014 3.5
      vertex -2.47487 2.47487 3.5
    endloop
  endfacet
  facet normal 0.634399 -0.773006 0
    outer loop
      vertex -1.9445 2.91014 3.5
      vertex -2.47487 2.47487 0
      vertex -1.9445 2.91014 0
    endloop
  endfacet
  facet normal 0.471399 -0.88192 0
    outer loop
      vertex -1.9445 2.91014 0
      vertex -1.33939 3.23358 3.5
      vertex -1.9445 2.91014 3.5
    endloop
  endfacet
  facet normal 0.471399 -0.88192 0
    outer loop
      vertex -1.33939 3.23358 3.5
      vertex -1.9445 2.91014 0
      vertex -1.33939 3.23358 0
    endloop
  endfacet
  facet normal -0.098015 0.995185 0
    outer loop
      vertex 0.682816 -3.43275 0
      vertex 0 -3.5 3.5
      vertex 0.682816 -3.43275 3.5
    endloop
  endfacet
  facet normal -0.098015 0.995185 0
    outer loop
      vertex 0 -3.5 3.5
      vertex 0.682816 -3.43275 0
      vertex 0 -3.5 0
    endloop
  endfacet
  facet normal 0.471399 0.88192 -0
    outer loop
      vertex -1.33939 -3.23358 0
      vertex -1.9445 -2.91014 3.5
      vertex -1.33939 -3.23358 3.5
    endloop
  endfacet
  facet normal 0.471399 0.88192 0
    outer loop
      vertex -1.9445 -2.91014 3.5
      vertex -1.33939 -3.23358 0
      vertex -1.9445 -2.91014 0
    endloop
  endfacet
  facet normal 0.95694 -0.290285 0
    outer loop
      vertex -3.43275 0.682816 3.5
      vertex -3.23358 1.33939 0
      vertex -3.23358 1.33939 3.5
    endloop
  endfacet
  facet normal 0.95694 -0.290285 0
    outer loop
      vertex -3.23358 1.33939 0
      vertex -3.43275 0.682816 3.5
      vertex -3.43275 0.682816 0
    endloop
  endfacet
  facet normal -0.95694 0.290285 0
    outer loop
      vertex 3.23358 -1.33939 0
      vertex 3.43275 -0.682816 3.5
      vertex 3.43275 -0.682816 0
    endloop
  endfacet
  facet normal -0.95694 0.290285 0
    outer loop
      vertex 3.43275 -0.682816 3.5
      vertex 3.23358 -1.33939 0
      vertex 3.23358 -1.33939 3.5
    endloop
  endfacet
  facet normal -0.88192 -0.471399 0
    outer loop
      vertex 3.23358 1.33939 0
      vertex 2.91014 1.9445 3.5
      vertex 2.91014 1.9445 0
    endloop
  endfacet
  facet normal -0.88192 -0.471399 0
    outer loop
      vertex 2.91014 1.9445 3.5
      vertex 3.23358 1.33939 0
      vertex 3.23358 1.33939 3.5
    endloop
  endfacet
  facet normal 0.098015 -0.995185 0
    outer loop
      vertex -0.682816 3.43275 0
      vertex 0 3.5 3.5
      vertex -0.682816 3.43275 3.5
    endloop
  endfacet
  facet normal 0.098015 -0.995185 0
    outer loop
      vertex 0 3.5 3.5
      vertex -0.682816 3.43275 0
      vertex 0 3.5 0
    endloop
  endfacet
  facet normal 0.773006 -0.634399 0
    outer loop
      vertex -2.91014 1.9445 3.5
      vertex -2.47487 2.47487 0
      vertex -2.47487 2.47487 3.5
    endloop
  endfacet
  facet normal 0.773006 -0.634399 0
    outer loop
      vertex -2.47487 2.47487 0
      vertex -2.91014 1.9445 3.5
      vertex -2.91014 1.9445 0
    endloop
  endfacet
  facet normal -0.995185 0.098015 0
    outer loop
      vertex 3.43275 -0.682816 0
      vertex 3.5 0 3.5
      vertex 3.5 0 0
    endloop
  endfacet
  facet normal -0.995185 0.098015 0
    outer loop
      vertex 3.5 0 3.5
      vertex 3.43275 -0.682816 0
      vertex 3.43275 -0.682816 3.5
    endloop
  endfacet
  facet normal 0.773006 0.634399 0
    outer loop
      vertex -2.47487 -2.47487 3.5
      vertex -2.91014 -1.9445 0
      vertex -2.91014 -1.9445 3.5
    endloop
  endfacet
  facet normal 0.773006 0.634399 0
    outer loop
      vertex -2.91014 -1.9445 0
      vertex -2.47487 -2.47487 3.5
      vertex -2.47487 -2.47487 0
    endloop
  endfacet
  facet normal -0.634399 0.773006 0
    outer loop
      vertex 2.47487 -2.47487 0
      vertex 1.9445 -2.91014 3.5
      vertex 2.47487 -2.47487 3.5
    endloop
  endfacet
  facet normal -0.634399 0.773006 0
    outer loop
      vertex 1.9445 -2.91014 3.5
      vertex 2.47487 -2.47487 0
      vertex 1.9445 -2.91014 0
    endloop
  endfacet
  facet normal 0.995185 0.098015 0
    outer loop
      vertex -3.43275 -0.682816 3.5
      vertex -3.5 0 0
      vertex -3.5 0 3.5
    endloop
  endfacet
  facet normal 0.995185 0.098015 0
    outer loop
      vertex -3.5 0 0
      vertex -3.43275 -0.682816 3.5
      vertex -3.43275 -0.682816 0
    endloop
  endfacet
  facet normal 0.098015 0.995185 -0
    outer loop
      vertex 0 -3.5 0
      vertex -0.682816 -3.43275 3.5
      vertex 0 -3.5 3.5
    endloop
  endfacet
  facet normal 0.098015 0.995185 0
    outer loop
      vertex -0.682816 -3.43275 3.5
      vertex 0 -3.5 0
      vertex -0.682816 -3.43275 0
    endloop
  endfacet
  facet normal 0.290285 0.95694 -0
    outer loop
      vertex -0.682816 -3.43275 0
      vertex -1.33939 -3.23358 3.5
      vertex -0.682816 -3.43275 3.5
    endloop
  endfacet
  facet normal 0.290285 0.95694 0
    outer loop
      vertex -1.33939 -3.23358 3.5
      vertex -0.682816 -3.43275 0
      vertex -1.33939 -3.23358 0
    endloop
  endfacet
  facet normal -0.989176 -0.146736 0
    outer loop
      vertex 11.4446 1.1272 3.5
      vertex 11.279 2.24354 6
      vertex 11.279 2.24354 3.5
    endloop
  endfacet
  facet normal -0.989176 -0.146736 0
    outer loop
      vertex 11.279 2.24354 6
      vertex 11.4446 1.1272 3.5
      vertex 11.4446 1.1272 6
    endloop
  endfacet
  facet normal -0.998794 -0.0490891 0
    outer loop
      vertex 11.5 0 3.5
      vertex 11.4446 1.1272 6
      vertex 11.4446 1.1272 3.5
    endloop
  endfacet
  facet normal -0.998794 -0.0490891 0
    outer loop
      vertex 11.4446 1.1272 6
      vertex 11.5 0 3.5
      vertex 11.5 0 6
    endloop
  endfacet
  facet normal -0.970035 -0.242967 0
    outer loop
      vertex 11.279 2.24354 3.5
      vertex 11.0048 3.33827 6
      vertex 11.0048 3.33827 3.5
    endloop
  endfacet
  facet normal -0.970035 -0.242967 0
    outer loop
      vertex 11.0048 3.33827 6
      vertex 11.279 2.24354 3.5
      vertex 11.279 2.24354 6
    endloop
  endfacet
  facet normal -0.427542 0.903996 0
    outer loop
      vertex 5.42106 -10.1421 3.5
      vertex 4.40086 -10.6246 6
      vertex 5.42106 -10.1421 6
    endloop
  endfacet
  facet normal -0.427542 0.903996 0
    outer loop
      vertex 4.40086 -10.6246 6
      vertex 5.42106 -10.1421 3.5
      vertex 4.40086 -10.6246 3.5
    endloop
  endfacet
  facet normal 0.595701 -0.803206 0
    outer loop
      vertex -7.29552 8.88962 3.5
      vertex -6.38906 9.5619 6
      vertex -7.29552 8.88962 6
    endloop
  endfacet
  facet normal 0.595701 -0.803206 0
    outer loop
      vertex -6.38906 9.5619 6
      vertex -7.29552 8.88962 3.5
      vertex -6.38906 9.5619 3.5
    endloop
  endfacet
  facet normal -0.242967 -0.970035 0
    outer loop
      vertex 2.24354 11.279 3.5
      vertex 3.33827 11.0048 6
      vertex 2.24354 11.279 6
    endloop
  endfacet
  facet normal -0.242967 -0.970035 -0
    outer loop
      vertex 3.33827 11.0048 6
      vertex 2.24354 11.279 3.5
      vertex 3.33827 11.0048 3.5
    endloop
  endfacet
  facet normal 0.903996 -0.427542 0
    outer loop
      vertex -10.6246 4.40086 6
      vertex -10.1421 5.42106 3.5
      vertex -10.1421 5.42106 6
    endloop
  endfacet
  facet normal 0.903996 -0.427542 0
    outer loop
      vertex -10.1421 5.42106 3.5
      vertex -10.6246 4.40086 6
      vertex -10.6246 4.40086 3.5
    endloop
  endfacet
  facet normal 0.970035 -0.242967 0
    outer loop
      vertex -11.279 2.24354 6
      vertex -11.0048 3.33827 3.5
      vertex -11.0048 3.33827 6
    endloop
  endfacet
  facet normal 0.970035 -0.242967 0
    outer loop
      vertex -11.0048 3.33827 3.5
      vertex -11.279 2.24354 6
      vertex -11.279 2.24354 3.5
    endloop
  endfacet
  facet normal -0.514105 0.857727 0
    outer loop
      vertex 6.38906 -9.5619 3.5
      vertex 5.42106 -10.1421 6
      vertex 6.38906 -9.5619 6
    endloop
  endfacet
  facet normal -0.514105 0.857727 0
    outer loop
      vertex 5.42106 -10.1421 6
      vertex 6.38906 -9.5619 3.5
      vertex 5.42106 -10.1421 3.5
    endloop
  endfacet
  facet normal -0.242967 0.970035 0
    outer loop
      vertex 3.33827 -11.0048 3.5
      vertex 2.24354 -11.279 6
      vertex 3.33827 -11.0048 6
    endloop
  endfacet
  facet normal -0.242967 0.970035 0
    outer loop
      vertex 2.24354 -11.279 6
      vertex 3.33827 -11.0048 3.5
      vertex 2.24354 -11.279 3.5
    endloop
  endfacet
  facet normal -0.0490891 -0.998794 0
    outer loop
      vertex 0 11.5 3.5
      vertex 1.1272 11.4446 6
      vertex 0 11.5 6
    endloop
  endfacet
  facet normal -0.0490891 -0.998794 -0
    outer loop
      vertex 1.1272 11.4446 6
      vertex 0 11.5 3.5
      vertex 1.1272 11.4446 3.5
    endloop
  endfacet
  facet normal -0.146736 -0.989176 0
    outer loop
      vertex 1.1272 11.4446 3.5
      vertex 2.24354 11.279 6
      vertex 1.1272 11.4446 6
    endloop
  endfacet
  facet normal -0.146736 -0.989176 -0
    outer loop
      vertex 2.24354 11.279 6
      vertex 1.1272 11.4446 3.5
      vertex 2.24354 11.279 3.5
    endloop
  endfacet
  facet normal -0.427542 -0.903996 0
    outer loop
      vertex 4.40086 10.6246 3.5
      vertex 5.42106 10.1421 6
      vertex 4.40086 10.6246 6
    endloop
  endfacet
  facet normal -0.427542 -0.903996 -0
    outer loop
      vertex 5.42106 10.1421 6
      vertex 4.40086 10.6246 3.5
      vertex 5.42106 10.1421 3.5
    endloop
  endfacet
  facet normal -0.146736 0.989176 0
    outer loop
      vertex 2.24354 -11.279 3.5
      vertex 1.1272 -11.4446 6
      vertex 2.24354 -11.279 6
    endloop
  endfacet
  facet normal -0.146736 0.989176 0
    outer loop
      vertex 1.1272 -11.4446 6
      vertex 2.24354 -11.279 3.5
      vertex 1.1272 -11.4446 3.5
    endloop
  endfacet
  facet normal -0.803206 0.595701 0
    outer loop
      vertex 8.88962 -7.29552 3.5
      vertex 9.5619 -6.38906 6
      vertex 9.5619 -6.38906 3.5
    endloop
  endfacet
  facet normal -0.803206 0.595701 0
    outer loop
      vertex 9.5619 -6.38906 6
      vertex 8.88962 -7.29552 3.5
      vertex 8.88962 -7.29552 6
    endloop
  endfacet
  facet normal 0.740954 0.671556 0
    outer loop
      vertex -8.13173 -8.13173 6
      vertex -8.88962 -7.29552 3.5
      vertex -8.88962 -7.29552 6
    endloop
  endfacet
  facet normal 0.740954 0.671556 0
    outer loop
      vertex -8.88962 -7.29552 3.5
      vertex -8.13173 -8.13173 6
      vertex -8.13173 -8.13173 3.5
    endloop
  endfacet
  facet normal 0.514105 -0.857727 0
    outer loop
      vertex -6.38906 9.5619 3.5
      vertex -5.42106 10.1421 6
      vertex -6.38906 9.5619 6
    endloop
  endfacet
  facet normal 0.514105 -0.857727 0
    outer loop
      vertex -5.42106 10.1421 6
      vertex -6.38906 9.5619 3.5
      vertex -5.42106 10.1421 3.5
    endloop
  endfacet
  facet normal -0.989176 0.146736 0
    outer loop
      vertex 11.279 -2.24354 3.5
      vertex 11.4446 -1.1272 6
      vertex 11.4446 -1.1272 3.5
    endloop
  endfacet
  facet normal -0.989176 0.146736 0
    outer loop
      vertex 11.4446 -1.1272 6
      vertex 11.279 -2.24354 3.5
      vertex 11.279 -2.24354 6
    endloop
  endfacet
  facet normal 0.146736 0.989176 -0
    outer loop
      vertex -1.1272 -11.4446 3.5
      vertex -2.24354 -11.279 6
      vertex -1.1272 -11.4446 6
    endloop
  endfacet
  facet normal 0.146736 0.989176 0
    outer loop
      vertex -2.24354 -11.279 6
      vertex -1.1272 -11.4446 3.5
      vertex -2.24354 -11.279 3.5
    endloop
  endfacet
  facet normal -0.595701 0.803206 0
    outer loop
      vertex 7.29552 -8.88962 3.5
      vertex 6.38906 -9.5619 6
      vertex 7.29552 -8.88962 6
    endloop
  endfacet
  facet normal -0.595701 0.803206 0
    outer loop
      vertex 6.38906 -9.5619 6
      vertex 7.29552 -8.88962 3.5
      vertex 6.38906 -9.5619 3.5
    endloop
  endfacet
  facet normal 0.0490891 0.998794 -0
    outer loop
      vertex 0 -11.5 3.5
      vertex -1.1272 -11.4446 6
      vertex 0 -11.5 6
    endloop
  endfacet
  facet normal 0.0490891 0.998794 0
    outer loop
      vertex -1.1272 -11.4446 6
      vertex 0 -11.5 3.5
      vertex -1.1272 -11.4446 3.5
    endloop
  endfacet
  facet normal -0.595701 -0.803206 0
    outer loop
      vertex 6.38906 9.5619 3.5
      vertex 7.29552 8.88962 6
      vertex 6.38906 9.5619 6
    endloop
  endfacet
  facet normal -0.595701 -0.803206 -0
    outer loop
      vertex 7.29552 8.88962 6
      vertex 6.38906 9.5619 3.5
      vertex 7.29552 8.88962 3.5
    endloop
  endfacet
  facet normal -0.970035 0.242967 0
    outer loop
      vertex 11.0048 -3.33827 3.5
      vertex 11.279 -2.24354 6
      vertex 11.279 -2.24354 3.5
    endloop
  endfacet
  facet normal -0.970035 0.242967 0
    outer loop
      vertex 11.279 -2.24354 6
      vertex 11.0048 -3.33827 3.5
      vertex 11.0048 -3.33827 6
    endloop
  endfacet
  facet normal 0.989176 -0.146736 0
    outer loop
      vertex -11.4446 1.1272 6
      vertex -11.279 2.24354 3.5
      vertex -11.279 2.24354 6
    endloop
  endfacet
  facet normal 0.989176 -0.146736 0
    outer loop
      vertex -11.279 2.24354 3.5
      vertex -11.4446 1.1272 6
      vertex -11.4446 1.1272 3.5
    endloop
  endfacet
  facet normal 0.857727 -0.514105 0
    outer loop
      vertex -10.1421 5.42106 6
      vertex -9.5619 6.38906 3.5
      vertex -9.5619 6.38906 6
    endloop
  endfacet
  facet normal 0.857727 -0.514105 0
    outer loop
      vertex -9.5619 6.38906 3.5
      vertex -10.1421 5.42106 6
      vertex -10.1421 5.42106 3.5
    endloop
  endfacet
  facet normal 0.941544 0.336889 0
    outer loop
      vertex -10.6246 -4.40086 6
      vertex -11.0048 -3.33827 3.5
      vertex -11.0048 -3.33827 6
    endloop
  endfacet
  facet normal 0.941544 0.336889 0
    outer loop
      vertex -11.0048 -3.33827 3.5
      vertex -10.6246 -4.40086 6
      vertex -10.6246 -4.40086 3.5
    endloop
  endfacet
  facet normal 0.146736 -0.989176 0
    outer loop
      vertex -2.24354 11.279 3.5
      vertex -1.1272 11.4446 6
      vertex -2.24354 11.279 6
    endloop
  endfacet
  facet normal 0.146736 -0.989176 0
    outer loop
      vertex -1.1272 11.4446 6
      vertex -2.24354 11.279 3.5
      vertex -1.1272 11.4446 3.5
    endloop
  endfacet
  facet normal -0.803206 -0.595701 0
    outer loop
      vertex 9.5619 6.38906 3.5
      vertex 8.88962 7.29552 6
      vertex 8.88962 7.29552 3.5
    endloop
  endfacet
  facet normal -0.803206 -0.595701 0
    outer loop
      vertex 8.88962 7.29552 6
      vertex 9.5619 6.38906 3.5
      vertex 9.5619 6.38906 6
    endloop
  endfacet
  facet normal 0.970035 0.242967 0
    outer loop
      vertex -11.0048 -3.33827 6
      vertex -11.279 -2.24354 3.5
      vertex -11.279 -2.24354 6
    endloop
  endfacet
  facet normal 0.970035 0.242967 0
    outer loop
      vertex -11.279 -2.24354 3.5
      vertex -11.0048 -3.33827 6
      vertex -11.0048 -3.33827 3.5
    endloop
  endfacet
  facet normal 0.998794 0.0490891 0
    outer loop
      vertex -11.4446 -1.1272 6
      vertex -11.5 0 3.5
      vertex -11.5 0 6
    endloop
  endfacet
  facet normal 0.998794 0.0490891 0
    outer loop
      vertex -11.5 0 3.5
      vertex -11.4446 -1.1272 6
      vertex -11.4446 -1.1272 3.5
    endloop
  endfacet
  facet normal -0.514105 -0.857727 0
    outer loop
      vertex 5.42106 10.1421 3.5
      vertex 6.38906 9.5619 6
      vertex 5.42106 10.1421 6
    endloop
  endfacet
  facet normal -0.514105 -0.857727 -0
    outer loop
      vertex 6.38906 9.5619 6
      vertex 5.42106 10.1421 3.5
      vertex 6.38906 9.5619 3.5
    endloop
  endfacet
  facet normal -0.998794 0.0490891 0
    outer loop
      vertex 11.4446 -1.1272 3.5
      vertex 11.5 0 6
      vertex 11.5 0 3.5
    endloop
  endfacet
  facet normal -0.998794 0.0490891 0
    outer loop
      vertex 11.5 0 6
      vertex 11.4446 -1.1272 3.5
      vertex 11.4446 -1.1272 6
    endloop
  endfacet
  facet normal -0.903996 0.427542 0
    outer loop
      vertex 10.1421 -5.42106 3.5
      vertex 10.6246 -4.40086 6
      vertex 10.6246 -4.40086 3.5
    endloop
  endfacet
  facet normal -0.903996 0.427542 0
    outer loop
      vertex 10.6246 -4.40086 6
      vertex 10.1421 -5.42106 3.5
      vertex 10.1421 -5.42106 6
    endloop
  endfacet
  facet normal -0.857727 -0.514105 0
    outer loop
      vertex 10.1421 5.42106 3.5
      vertex 9.5619 6.38906 6
      vertex 9.5619 6.38906 3.5
    endloop
  endfacet
  facet normal -0.857727 -0.514105 0
    outer loop
      vertex 9.5619 6.38906 6
      vertex 10.1421 5.42106 3.5
      vertex 10.1421 5.42106 6
    endloop
  endfacet
  facet normal -0.740954 -0.671556 0
    outer loop
      vertex 8.88962 7.29552 3.5
      vertex 8.13173 8.13173 6
      vertex 8.13173 8.13173 3.5
    endloop
  endfacet
  facet normal -0.740954 -0.671556 0
    outer loop
      vertex 8.13173 8.13173 6
      vertex 8.88962 7.29552 3.5
      vertex 8.88962 7.29552 6
    endloop
  endfacet
  facet normal 0.0490891 -0.998794 0
    outer loop
      vertex -1.1272 11.4446 3.5
      vertex 0 11.5 6
      vertex -1.1272 11.4446 6
    endloop
  endfacet
  facet normal 0.0490891 -0.998794 0
    outer loop
      vertex 0 11.5 6
      vertex -1.1272 11.4446 3.5
      vertex 0 11.5 3.5
    endloop
  endfacet
  facet normal 0.740954 -0.671556 0
    outer loop
      vertex -8.88962 7.29552 6
      vertex -8.13173 8.13173 3.5
      vertex -8.13173 8.13173 6
    endloop
  endfacet
  facet normal 0.740954 -0.671556 0
    outer loop
      vertex -8.13173 8.13173 3.5
      vertex -8.88962 7.29552 6
      vertex -8.88962 7.29552 3.5
    endloop
  endfacet
  facet normal 0.671556 0.740954 -0
    outer loop
      vertex -7.29552 -8.88962 3.5
      vertex -8.13173 -8.13173 6
      vertex -7.29552 -8.88962 6
    endloop
  endfacet
  facet normal 0.671556 0.740954 0
    outer loop
      vertex -8.13173 -8.13173 6
      vertex -7.29552 -8.88962 3.5
      vertex -8.13173 -8.13173 3.5
    endloop
  endfacet
  facet normal -0.0490891 0.998794 0
    outer loop
      vertex 1.1272 -11.4446 3.5
      vertex 0 -11.5 6
      vertex 1.1272 -11.4446 6
    endloop
  endfacet
  facet normal -0.0490891 0.998794 0
    outer loop
      vertex 0 -11.5 6
      vertex 1.1272 -11.4446 3.5
      vertex 0 -11.5 3.5
    endloop
  endfacet
  facet normal -0.941544 -0.336889 0
    outer loop
      vertex 11.0048 3.33827 3.5
      vertex 10.6246 4.40086 6
      vertex 10.6246 4.40086 3.5
    endloop
  endfacet
  facet normal -0.941544 -0.336889 0
    outer loop
      vertex 10.6246 4.40086 6
      vertex 11.0048 3.33827 3.5
      vertex 11.0048 3.33827 6
    endloop
  endfacet
  facet normal -0.857727 0.514105 0
    outer loop
      vertex 9.5619 -6.38906 3.5
      vertex 10.1421 -5.42106 6
      vertex 10.1421 -5.42106 3.5
    endloop
  endfacet
  facet normal -0.857727 0.514105 0
    outer loop
      vertex 10.1421 -5.42106 6
      vertex 9.5619 -6.38906 3.5
      vertex 9.5619 -6.38906 6
    endloop
  endfacet
  facet normal -0.671556 -0.740954 0
    outer loop
      vertex 7.29552 8.88962 3.5
      vertex 8.13173 8.13173 6
      vertex 7.29552 8.88962 6
    endloop
  endfacet
  facet normal -0.671556 -0.740954 -0
    outer loop
      vertex 8.13173 8.13173 6
      vertex 7.29552 8.88962 3.5
      vertex 8.13173 8.13173 3.5
    endloop
  endfacet
  facet normal 0.242967 -0.970035 0
    outer loop
      vertex -3.33827 11.0048 3.5
      vertex -2.24354 11.279 6
      vertex -3.33827 11.0048 6
    endloop
  endfacet
  facet normal 0.242967 -0.970035 0
    outer loop
      vertex -2.24354 11.279 6
      vertex -3.33827 11.0048 3.5
      vertex -2.24354 11.279 3.5
    endloop
  endfacet
  facet normal -0.336889 0.941544 0
    outer loop
      vertex 4.40086 -10.6246 3.5
      vertex 3.33827 -11.0048 6
      vertex 4.40086 -10.6246 6
    endloop
  endfacet
  facet normal -0.336889 0.941544 0
    outer loop
      vertex 3.33827 -11.0048 6
      vertex 4.40086 -10.6246 3.5
      vertex 3.33827 -11.0048 3.5
    endloop
  endfacet
  facet normal 0.427542 -0.903996 0
    outer loop
      vertex -5.42106 10.1421 3.5
      vertex -4.40086 10.6246 6
      vertex -5.42106 10.1421 6
    endloop
  endfacet
  facet normal 0.427542 -0.903996 0
    outer loop
      vertex -4.40086 10.6246 6
      vertex -5.42106 10.1421 3.5
      vertex -4.40086 10.6246 3.5
    endloop
  endfacet
  facet normal -0.903996 -0.427542 0
    outer loop
      vertex 10.6246 4.40086 3.5
      vertex 10.1421 5.42106 6
      vertex 10.1421 5.42106 3.5
    endloop
  endfacet
  facet normal -0.903996 -0.427542 0
    outer loop
      vertex 10.1421 5.42106 6
      vertex 10.6246 4.40086 3.5
      vertex 10.6246 4.40086 6
    endloop
  endfacet
  facet normal 0.671556 -0.740954 0
    outer loop
      vertex -8.13173 8.13173 3.5
      vertex -7.29552 8.88962 6
      vertex -8.13173 8.13173 6
    endloop
  endfacet
  facet normal 0.671556 -0.740954 0
    outer loop
      vertex -7.29552 8.88962 6
      vertex -8.13173 8.13173 3.5
      vertex -7.29552 8.88962 3.5
    endloop
  endfacet
  facet normal -0.336889 -0.941544 0
    outer loop
      vertex 3.33827 11.0048 3.5
      vertex 4.40086 10.6246 6
      vertex 3.33827 11.0048 6
    endloop
  endfacet
  facet normal -0.336889 -0.941544 -0
    outer loop
      vertex 4.40086 10.6246 6
      vertex 3.33827 11.0048 3.5
      vertex 4.40086 10.6246 3.5
    endloop
  endfacet
  facet normal 0.336889 -0.941544 0
    outer loop
      vertex -4.40086 10.6246 3.5
      vertex -3.33827 11.0048 6
      vertex -4.40086 10.6246 6
    endloop
  endfacet
  facet normal 0.336889 -0.941544 0
    outer loop
      vertex -3.33827 11.0048 6
      vertex -4.40086 10.6246 3.5
      vertex -3.33827 11.0048 3.5
    endloop
  endfacet
  facet normal 0.857727 0.514105 0
    outer loop
      vertex -9.5619 -6.38906 6
      vertex -10.1421 -5.42106 3.5
      vertex -10.1421 -5.42106 6
    endloop
  endfacet
  facet normal 0.857727 0.514105 0
    outer loop
      vertex -10.1421 -5.42106 3.5
      vertex -9.5619 -6.38906 6
      vertex -9.5619 -6.38906 3.5
    endloop
  endfacet
  facet normal 0.514105 0.857727 -0
    outer loop
      vertex -5.42106 -10.1421 3.5
      vertex -6.38906 -9.5619 6
      vertex -5.42106 -10.1421 6
    endloop
  endfacet
  facet normal 0.514105 0.857727 0
    outer loop
      vertex -6.38906 -9.5619 6
      vertex -5.42106 -10.1421 3.5
      vertex -6.38906 -9.5619 3.5
    endloop
  endfacet
  facet normal 0.595701 0.803206 -0
    outer loop
      vertex -6.38906 -9.5619 3.5
      vertex -7.29552 -8.88962 6
      vertex -6.38906 -9.5619 6
    endloop
  endfacet
  facet normal 0.595701 0.803206 0
    outer loop
      vertex -7.29552 -8.88962 6
      vertex -6.38906 -9.5619 3.5
      vertex -7.29552 -8.88962 3.5
    endloop
  endfacet
  facet normal 0.427542 0.903996 -0
    outer loop
      vertex -4.40086 -10.6246 3.5
      vertex -5.42106 -10.1421 6
      vertex -4.40086 -10.6246 6
    endloop
  endfacet
  facet normal 0.427542 0.903996 0
    outer loop
      vertex -5.42106 -10.1421 6
      vertex -4.40086 -10.6246 3.5
      vertex -5.42106 -10.1421 3.5
    endloop
  endfacet
  facet normal 0.803206 0.595701 0
    outer loop
      vertex -8.88962 -7.29552 6
      vertex -9.5619 -6.38906 3.5
      vertex -9.5619 -6.38906 6
    endloop
  endfacet
  facet normal 0.803206 0.595701 0
    outer loop
      vertex -9.5619 -6.38906 3.5
      vertex -8.88962 -7.29552 6
      vertex -8.88962 -7.29552 3.5
    endloop
  endfacet
  facet normal 0.242967 0.970035 -0
    outer loop
      vertex -2.24354 -11.279 3.5
      vertex -3.33827 -11.0048 6
      vertex -2.24354 -11.279 6
    endloop
  endfacet
  facet normal 0.242967 0.970035 0
    outer loop
      vertex -3.33827 -11.0048 6
      vertex -2.24354 -11.279 3.5
      vertex -3.33827 -11.0048 3.5
    endloop
  endfacet
  facet normal 0.336889 0.941544 -0
    outer loop
      vertex -3.33827 -11.0048 3.5
      vertex -4.40086 -10.6246 6
      vertex -3.33827 -11.0048 6
    endloop
  endfacet
  facet normal 0.336889 0.941544 0
    outer loop
      vertex -4.40086 -10.6246 6
      vertex -3.33827 -11.0048 3.5
      vertex -4.40086 -10.6246 3.5
    endloop
  endfacet
  facet normal 0.989176 0.146736 0
    outer loop
      vertex -11.279 -2.24354 6
      vertex -11.4446 -1.1272 3.5
      vertex -11.4446 -1.1272 6
    endloop
  endfacet
  facet normal 0.989176 0.146736 0
    outer loop
      vertex -11.4446 -1.1272 3.5
      vertex -11.279 -2.24354 6
      vertex -11.279 -2.24354 3.5
    endloop
  endfacet
  facet normal 0.903996 0.427542 0
    outer loop
      vertex -10.1421 -5.42106 6
      vertex -10.6246 -4.40086 3.5
      vertex -10.6246 -4.40086 6
    endloop
  endfacet
  facet normal 0.903996 0.427542 0
    outer loop
      vertex -10.6246 -4.40086 3.5
      vertex -10.1421 -5.42106 6
      vertex -10.1421 -5.42106 3.5
    endloop
  endfacet
  facet normal 0.941544 -0.336889 0
    outer loop
      vertex -11.0048 3.33827 6
      vertex -10.6246 4.40086 3.5
      vertex -10.6246 4.40086 6
    endloop
  endfacet
  facet normal 0.941544 -0.336889 0
    outer loop
      vertex -10.6246 4.40086 3.5
      vertex -11.0048 3.33827 6
      vertex -11.0048 3.33827 3.5
    endloop
  endfacet
  facet normal -0.941544 0.336889 0
    outer loop
      vertex 10.6246 -4.40086 3.5
      vertex 11.0048 -3.33827 6
      vertex 11.0048 -3.33827 3.5
    endloop
  endfacet
  facet normal -0.941544 0.336889 0
    outer loop
      vertex 11.0048 -3.33827 6
      vertex 10.6246 -4.40086 3.5
      vertex 10.6246 -4.40086 6
    endloop
  endfacet
  facet normal 0.803206 -0.595701 0
    outer loop
      vertex -9.5619 6.38906 6
      vertex -8.88962 7.29552 3.5
      vertex -8.88962 7.29552 6
    endloop
  endfacet
  facet normal 0.803206 -0.595701 0
    outer loop
      vertex -8.88962 7.29552 3.5
      vertex -9.5619 6.38906 6
      vertex -9.5619 6.38906 3.5
    endloop
  endfacet
  facet normal 0.998794 -0.0490891 0
    outer loop
      vertex -11.5 0 6
      vertex -11.4446 1.1272 3.5
      vertex -11.4446 1.1272 6
    endloop
  endfacet
  facet normal 0.998794 -0.0490891 0
    outer loop
      vertex -11.4446 1.1272 3.5
      vertex -11.5 0 6
      vertex -11.5 0 3.5
    endloop
  endfacet
  facet normal -0.740954 0.671556 0
    outer loop
      vertex 8.13173 -8.13173 3.5
      vertex 8.88962 -7.29552 6
      vertex 8.88962 -7.29552 3.5
    endloop
  endfacet
  facet normal -0.740954 0.671556 0
    outer loop
      vertex 8.88962 -7.29552 6
      vertex 8.13173 -8.13173 3.5
      vertex 8.13173 -8.13173 6
    endloop
  endfacet
  facet normal -0.671556 0.740954 0
    outer loop
      vertex 8.13173 -8.13173 3.5
      vertex 7.29552 -8.88962 6
      vertex 8.13173 -8.13173 6
    endloop
  endfacet
  facet normal -0.671556 0.740954 0
    outer loop
      vertex 7.29552 -8.88962 6
      vertex 8.13173 -8.13173 3.5
      vertex 7.29552 -8.88962 3.5
    endloop
  endfacet
  facet normal 0 0 1
    outer loop
      vertex 3.5 0 3.5
      vertex 11.5 0 3.5
      vertex 11.4446 1.1272 3.5
    endloop
  endfacet
  facet normal 0 0 1
    outer loop
      vertex 3.43275 0.682816 3.5
      vertex 11.4446 1.1272 3.5
      vertex 11.279 2.24354 3.5
    endloop
  endfacet
  facet normal 0 0 1
    outer loop
      vertex 11.5 0 3.5
      vertex 3.5 0 3.5
      vertex 11.4446 -1.1272 3.5
    endloop
  endfacet
  facet normal 0 0 1
    outer loop
      vertex 3.43275 0.682816 3.5
      vertex 11.279 2.24354 3.5
      vertex 11.0048 3.33827 3.5
    endloop
  endfacet
  facet normal -0 0 1
    outer loop
      vertex 3.43275 -0.682816 3.5
      vertex 11.4446 -1.1272 3.5
      vertex 3.5 0 3.5
    endloop
  endfacet
  facet normal 0 0 1
    outer loop
      vertex 3.23358 1.33939 3.5
      vertex 11.0048 3.33827 3.5
      vertex 10.6246 4.40086 3.5
    endloop
  endfacet
  facet normal 0 0 1
    outer loop
      vertex 11.4446 -1.1272 3.5
      vertex 3.43275 -0.682816 3.5
      vertex 11.279 -2.24354 3.5
    endloop
  endfacet
  facet normal 0 0 1
    outer loop
      vertex 3.23358 1.33939 3.5
      vertex 10.6246 4.40086 3.5
      vertex 10.1421 5.42106 3.5
    endloop
  endfacet
  facet normal 0 0 1
    outer loop
      vertex 11.279 -2.24354 3.5
      vertex 3.43275 -0.682816 3.5
      vertex 11.0048 -3.33827 3.5
    endloop
  endfacet
  facet normal 0 0 1
    outer loop
      vertex 2.91014 1.9445 3.5
      vertex 10.1421 5.42106 3.5
      vertex 9.5619 6.38906 3.5
    endloop
  endfacet
  facet normal -0 0 1
    outer loop
      vertex 3.23358 -1.33939 3.5
      vertex 11.0048 -3.33827 3.5
      vertex 3.43275 -0.682816 3.5
    endloop
  endfacet
  facet normal 0 0 1
    outer loop
      vertex 2.91014 1.9445 3.5
      vertex 9.5619 6.38906 3.5
      vertex 8.88962 7.29552 3.5
    endloop
  endfacet
  facet normal 0 0 1
    outer loop
      vertex 11.0048 -3.33827 3.5
      vertex 3.23358 -1.33939 3.5
      vertex 10.6246 -4.40086 3.5
    endloop
  endfacet
  facet normal 0 0 1
    outer loop
      vertex 2.47487 2.47487 3.5
      vertex 8.88962 7.29552 3.5
      vertex 8.13173 8.13173 3.5
    endloop
  endfacet
  facet normal 0 0 1
    outer loop
      vertex 10.6246 -4.40086 3.5
      vertex 3.23358 -1.33939 3.5
      vertex 10.1421 -5.42106 3.5
    endloop
  endfacet
  facet normal 0 0 1
    outer loop
      vertex 2.47487 2.47487 3.5
      vertex 8.13173 8.13173 3.5
      vertex 7.29552 8.88962 3.5
    endloop
  endfacet
  facet normal -0 0 1
    outer loop
      vertex 2.91014 -1.9445 3.5
      vertex 10.1421 -5.42106 3.5
      vertex 3.23358 -1.33939 3.5
    endloop
  endfacet
  facet normal 0 0 1
    outer loop
      vertex 1.9445 2.91014 3.5
      vertex 7.29552 8.88962 3.5
      vertex 6.38906 9.5619 3.5
    endloop
  endfacet
  facet normal 0 0 1
    outer loop
      vertex 10.1421 -5.42106 3.5
      vertex 2.91014 -1.9445 3.5
      vertex 9.5619 -6.38906 3.5
    endloop
  endfacet
  facet normal 0 0 1
    outer loop
      vertex 1.9445 2.91014 3.5
      vertex 6.38906 9.5619 3.5
      vertex 5.42106 10.1421 3.5
    endloop
  endfacet
  facet normal 0 0 1
    outer loop
      vertex 9.5619 -6.38906 3.5
      vertex 2.91014 -1.9445 3.5
      vertex 8.88962 -7.29552 3.5
    endloop
  endfacet
  facet normal 0 0 1
    outer loop
      vertex 1.33939 3.23358 3.5
      vertex 5.42106 10.1421 3.5
      vertex 4.40086 10.6246 3.5
    endloop
  endfacet
  facet normal -0 0 1
    outer loop
      vertex 2.47487 -2.47487 3.5
      vertex 8.88962 -7.29552 3.5
      vertex 2.91014 -1.9445 3.5
    endloop
  endfacet
  facet normal 0 0 1
    outer loop
      vertex 8.88962 -7.29552 3.5
      vertex 2.47487 -2.47487 3.5
      vertex 8.13173 -8.13173 3.5
    endloop
  endfacet
  facet normal 0 0 1
    outer loop
      vertex 11.4446 1.1272 3.5
      vertex 3.43275 0.682816 3.5
      vertex 3.5 0 3.5
    endloop
  endfacet
  facet normal 0 0 1
    outer loop
      vertex 1.33939 3.23358 3.5
      vertex 4.40086 10.6246 3.5
      vertex 3.33827 11.0048 3.5
    endloop
  endfacet
  facet normal 0 0 1
    outer loop
      vertex 11.0048 3.33827 3.5
      vertex 3.23358 1.33939 3.5
      vertex 3.43275 0.682816 3.5
    endloop
  endfacet
  facet normal 0 0 1
    outer loop
      vertex 10.1421 5.42106 3.5
      vertex 2.91014 1.9445 3.5
      vertex 3.23358 1.33939 3.5
    endloop
  endfacet
  facet normal 0 0 1
    outer loop
      vertex 8.88962 7.29552 3.5
      vertex 2.47487 2.47487 3.5
      vertex 2.91014 1.9445 3.5
    endloop
  endfacet
  facet normal 0 0 1
    outer loop
      vertex 0.682816 3.43275 3.5
      vertex 3.33827 11.0048 3.5
      vertex 2.24354 11.279 3.5
    endloop
  endfacet
  facet normal 0 0 1
    outer loop
      vertex 7.29552 8.88962 3.5
      vertex 1.9445 2.91014 3.5
      vertex 2.47487 2.47487 3.5
    endloop
  endfacet
  facet normal 0 0 1
    outer loop
      vertex 5.42106 10.1421 3.5
      vertex 1.33939 3.23358 3.5
      vertex 1.9445 2.91014 3.5
    endloop
  endfacet
  facet normal 0 0 1
    outer loop
      vertex 0.682816 3.43275 3.5
      vertex 2.24354 11.279 3.5
      vertex 1.1272 11.4446 3.5
    endloop
  endfacet
  facet normal 0 0 1
    outer loop
      vertex 3.33827 11.0048 3.5
      vertex 0.682816 3.43275 3.5
      vertex 1.33939 3.23358 3.5
    endloop
  endfacet
  facet normal 0 0 1
    outer loop
      vertex 0 3.5 3.5
      vertex 1.1272 11.4446 3.5
      vertex 0 11.5 3.5
    endloop
  endfacet
  facet normal 0 0 1
    outer loop
      vertex 1.1272 11.4446 3.5
      vertex 0 3.5 3.5
      vertex 0.682816 3.43275 3.5
    endloop
  endfacet
  facet normal -0 0 1
    outer loop
      vertex -1.1272 11.4446 3.5
      vertex 0 3.5 3.5
      vertex 0 11.5 3.5
    endloop
  endfacet
  facet normal 0 0 1
    outer loop
      vertex 0 3.5 3.5
      vertex -1.1272 11.4446 3.5
      vertex -0.682816 3.43275 3.5
    endloop
  endfacet
  facet normal -0 0 1
    outer loop
      vertex -2.24354 11.279 3.5
      vertex -0.682816 3.43275 3.5
      vertex -1.1272 11.4446 3.5
    endloop
  endfacet
  facet normal -0 0 1
    outer loop
      vertex -3.33827 11.0048 3.5
      vertex -0.682816 3.43275 3.5
      vertex -2.24354 11.279 3.5
    endloop
  endfacet
  facet normal 0 0 1
    outer loop
      vertex -0.682816 3.43275 3.5
      vertex -3.33827 11.0048 3.5
      vertex -1.33939 3.23358 3.5
    endloop
  endfacet
  facet normal -0 0 1
    outer loop
      vertex -4.40086 10.6246 3.5
      vertex -1.33939 3.23358 3.5
      vertex -3.33827 11.0048 3.5
    endloop
  endfacet
  facet normal -0 0 1
    outer loop
      vertex -5.42106 10.1421 3.5
      vertex -1.33939 3.23358 3.5
      vertex -4.40086 10.6246 3.5
    endloop
  endfacet
  facet normal 0 0 1
    outer loop
      vertex -1.33939 3.23358 3.5
      vertex -5.42106 10.1421 3.5
      vertex -1.9445 2.91014 3.5
    endloop
  endfacet
  facet normal -0 0 1
    outer loop
      vertex -6.38906 9.5619 3.5
      vertex -1.9445 2.91014 3.5
      vertex -5.42106 10.1421 3.5
    endloop
  endfacet
  facet normal -0 0 1
    outer loop
      vertex -7.29552 8.88962 3.5
      vertex -1.9445 2.91014 3.5
      vertex -6.38906 9.5619 3.5
    endloop
  endfacet
  facet normal 0 0 1
    outer loop
      vertex -1.9445 2.91014 3.5
      vertex -7.29552 8.88962 3.5
      vertex -2.47487 2.47487 3.5
    endloop
  endfacet
  facet normal -0 0 1
    outer loop
      vertex -8.13173 8.13173 3.5
      vertex -2.47487 2.47487 3.5
      vertex -7.29552 8.88962 3.5
    endloop
  endfacet
  facet normal 0 0 1
    outer loop
      vertex 8.13173 -8.13173 3.5
      vertex 2.47487 -2.47487 3.5
      vertex 7.29552 -8.88962 3.5
    endloop
  endfacet
  facet normal -0 0 1
    outer loop
      vertex 1.9445 -2.91014 3.5
      vertex 7.29552 -8.88962 3.5
      vertex 2.47487 -2.47487 3.5
    endloop
  endfacet
  facet normal 0 0 1
    outer loop
      vertex 7.29552 -8.88962 3.5
      vertex 1.9445 -2.91014 3.5
      vertex 6.38906 -9.5619 3.5
    endloop
  endfacet
  facet normal 0 0 1
    outer loop
      vertex 6.38906 -9.5619 3.5
      vertex 1.9445 -2.91014 3.5
      vertex 5.42106 -10.1421 3.5
    endloop
  endfacet
  facet normal -0 0 1
    outer loop
      vertex 1.33939 -3.23358 3.5
      vertex 5.42106 -10.1421 3.5
      vertex 1.9445 -2.91014 3.5
    endloop
  endfacet
  facet normal 0 0 1
    outer loop
      vertex 5.42106 -10.1421 3.5
      vertex 1.33939 -3.23358 3.5
      vertex 4.40086 -10.6246 3.5
    endloop
  endfacet
  facet normal 0 0 1
    outer loop
      vertex 4.40086 -10.6246 3.5
      vertex 1.33939 -3.23358 3.5
      vertex 3.33827 -11.0048 3.5
    endloop
  endfacet
  facet normal -0 0 1
    outer loop
      vertex 0.682816 -3.43275 3.5
      vertex 3.33827 -11.0048 3.5
      vertex 1.33939 -3.23358 3.5
    endloop
  endfacet
  facet normal 0 0 1
    outer loop
      vertex 3.33827 -11.0048 3.5
      vertex 0.682816 -3.43275 3.5
      vertex 2.24354 -11.279 3.5
    endloop
  endfacet
  facet normal 0 0 1
    outer loop
      vertex 2.24354 -11.279 3.5
      vertex 0.682816 -3.43275 3.5
      vertex 1.1272 -11.4446 3.5
    endloop
  endfacet
  facet normal -0 0 1
    outer loop
      vertex 0 -3.5 3.5
      vertex 1.1272 -11.4446 3.5
      vertex 0.682816 -3.43275 3.5
    endloop
  endfacet
  facet normal 0 0 1
    outer loop
      vertex 0 -3.5 3.5
      vertex 0 -11.5 3.5
      vertex 1.1272 -11.4446 3.5
    endloop
  endfacet
  facet normal 0 0 1
    outer loop
      vertex -1.1272 -11.4446 3.5
      vertex 0 -3.5 3.5
      vertex -0.682816 -3.43275 3.5
    endloop
  endfacet
  facet normal 0 0 1
    outer loop
      vertex 0 -3.5 3.5
      vertex -1.1272 -11.4446 3.5
      vertex 0 -11.5 3.5
    endloop
  endfacet
  facet normal 0 0 1
    outer loop
      vertex -3.33827 -11.0048 3.5
      vertex -0.682816 -3.43275 3.5
      vertex -1.33939 -3.23358 3.5
    endloop
  endfacet
  facet normal 0 0 1
    outer loop
      vertex -5.42106 -10.1421 3.5
      vertex -1.33939 -3.23358 3.5
      vertex -1.9445 -2.91014 3.5
    endloop
  endfacet
  facet normal 0 0 1
    outer loop
      vertex -0.682816 -3.43275 3.5
      vertex -2.24354 -11.279 3.5
      vertex -1.1272 -11.4446 3.5
    endloop
  endfacet
  facet normal 0 0 1
    outer loop
      vertex -7.29552 -8.88962 3.5
      vertex -1.9445 -2.91014 3.5
      vertex -2.47487 -2.47487 3.5
    endloop
  endfacet
  facet normal 0 0 1
    outer loop
      vertex -8.88962 -7.29552 3.5
      vertex -2.47487 -2.47487 3.5
      vertex -2.91014 -1.9445 3.5
    endloop
  endfacet
  facet normal 0 0 1
    outer loop
      vertex -10.1421 -5.42106 3.5
      vertex -2.91014 -1.9445 3.5
      vertex -3.23358 -1.33939 3.5
    endloop
  endfacet
  facet normal 0 0 1
    outer loop
      vertex -0.682816 -3.43275 3.5
      vertex -3.33827 -11.0048 3.5
      vertex -2.24354 -11.279 3.5
    endloop
  endfacet
  facet normal 0 0 1
    outer loop
      vertex -11.0048 -3.33827 3.5
      vertex -3.23358 -1.33939 3.5
      vertex -3.43275 -0.682816 3.5
    endloop
  endfacet
  facet normal 0 0 1
    outer loop
      vertex -11.4446 -1.1272 3.5
      vertex -3.43275 -0.682816 3.5
      vertex -3.5 0 3.5
    endloop
  endfacet
  facet normal -0 0 1
    outer loop
      vertex -8.88962 7.29552 3.5
      vertex -2.47487 2.47487 3.5
      vertex -8.13173 8.13173 3.5
    endloop
  endfacet
  facet normal 0 0 1
    outer loop
      vertex -1.33939 -3.23358 3.5
      vertex -4.40086 -10.6246 3.5
      vertex -3.33827 -11.0048 3.5
    endloop
  endfacet
  facet normal 0 0 1
    outer loop
      vertex -2.47487 2.47487 3.5
      vertex -8.88962 7.29552 3.5
      vertex -2.91014 1.9445 3.5
    endloop
  endfacet
  facet normal 0 0 1
    outer loop
      vertex -1.33939 -3.23358 3.5
      vertex -5.42106 -10.1421 3.5
      vertex -4.40086 -10.6246 3.5
    endloop
  endfacet
  facet normal -0 0 1
    outer loop
      vertex -9.5619 6.38906 3.5
      vertex -2.91014 1.9445 3.5
      vertex -8.88962 7.29552 3.5
    endloop
  endfacet
  facet normal 0 0 1
    outer loop
      vertex -1.9445 -2.91014 3.5
      vertex -6.38906 -9.5619 3.5
      vertex -5.42106 -10.1421 3.5
    endloop
  endfacet
  facet normal -0 0 1
    outer loop
      vertex -10.1421 5.42106 3.5
      vertex -2.91014 1.9445 3.5
      vertex -9.5619 6.38906 3.5
    endloop
  endfacet
  facet normal 0 0 1
    outer loop
      vertex -1.9445 -2.91014 3.5
      vertex -7.29552 -8.88962 3.5
      vertex -6.38906 -9.5619 3.5
    endloop
  endfacet
  facet normal 0 0 1
    outer loop
      vertex -2.91014 1.9445 3.5
      vertex -10.1421 5.42106 3.5
      vertex -3.23358 1.33939 3.5
    endloop
  endfacet
  facet normal 0 0 1
    outer loop
      vertex -2.47487 -2.47487 3.5
      vertex -8.13173 -8.13173 3.5
      vertex -7.29552 -8.88962 3.5
    endloop
  endfacet
  facet normal -0 0 1
    outer loop
      vertex -10.6246 4.40086 3.5
      vertex -3.23358 1.33939 3.5
      vertex -10.1421 5.42106 3.5
    endloop
  endfacet
  facet normal 0 0 1
    outer loop
      vertex -2.47487 -2.47487 3.5
      vertex -8.88962 -7.29552 3.5
      vertex -8.13173 -8.13173 3.5
    endloop
  endfacet
  facet normal -0 0 1
    outer loop
      vertex -11.0048 3.33827 3.5
      vertex -3.23358 1.33939 3.5
      vertex -10.6246 4.40086 3.5
    endloop
  endfacet
  facet normal 0 0 1
    outer loop
      vertex -2.91014 -1.9445 3.5
      vertex -9.5619 -6.38906 3.5
      vertex -8.88962 -7.29552 3.5
    endloop
  endfacet
  facet normal 0 0 1
    outer loop
      vertex -3.23358 1.33939 3.5
      vertex -11.0048 3.33827 3.5
      vertex -3.43275 0.682816 3.5
    endloop
  endfacet
  facet normal 0 0 1
    outer loop
      vertex -2.91014 -1.9445 3.5
      vertex -10.1421 -5.42106 3.5
      vertex -9.5619 -6.38906 3.5
    endloop
  endfacet
  facet normal -0 0 1
    outer loop
      vertex -11.279 2.24354 3.5
      vertex -3.43275 0.682816 3.5
      vertex -11.0048 3.33827 3.5
    endloop
  endfacet
  facet normal 0 0 1
    outer loop
      vertex -3.23358 -1.33939 3.5
      vertex -10.6246 -4.40086 3.5
      vertex -10.1421 -5.42106 3.5
    endloop
  endfacet
  facet normal -0 0 1
    outer loop
      vertex -11.4446 1.1272 3.5
      vertex -3.43275 0.682816 3.5
      vertex -11.279 2.24354 3.5
    endloop
  endfacet
  facet normal 0 0 1
    outer loop
      vertex -3.23358 -1.33939 3.5
      vertex -11.0048 -3.33827 3.5
      vertex -10.6246 -4.40086 3.5
    endloop
  endfacet
  facet normal 0 0 1
    outer loop
      vertex -3.43275 0.682816 3.5
      vertex -11.4446 1.1272 3.5
      vertex -3.5 0 3.5
    endloop
  endfacet
  facet normal 0 0 1
    outer loop
      vertex -3.43275 -0.682816 3.5
      vertex -11.279 -2.24354 3.5
      vertex -11.0048 -3.33827 3.5
    endloop
  endfacet
  facet normal 0 0 1
    outer loop
      vertex -11.5 0 3.5
      vertex -3.5 0 3.5
      vertex -11.4446 1.1272 3.5
    endloop
  endfacet
  facet normal 0 0 1
    outer loop
      vertex -3.43275 -0.682816 3.5
      vertex -11.4446 -1.1272 3.5
      vertex -11.279 -2.24354 3.5
    endloop
  endfacet
  facet normal 0 0 1
    outer loop
      vertex -3.5 0 3.5
      vertex -11.5 0 3.5
      vertex -11.4446 -1.1272 3.5
    endloop
  endfacet
endsolid OpenSCAD_Model
