solid OpenSCAD_Model
  facet normal 0.989176 0.146736 0
    outer loop
      vertex 27.8652 2.74448 5
      vertex 27.462 5.46253 0
      vertex 27.462 5.46253 5
    endloop
  endfacet
  facet normal 0.989176 0.146736 0
    outer loop
      vertex 27.462 5.46253 0
      vertex 27.8652 2.74448 5
      vertex 27.8652 2.74448 0
    endloop
  endfacet
  facet normal 0.998796 0.0490576 0
    outer loop
      vertex 28 0 5
      vertex 27.8652 2.74448 0
      vertex 27.8652 2.74448 5
    endloop
  endfacet
  facet normal 0.998796 0.0490576 0
    outer loop
      vertex 27.8652 2.74448 0
      vertex 28 0 5
      vertex 28 0 0
    endloop
  endfacet
  facet normal 0.970028 0.242995 0
    outer loop
      vertex 27.462 5.46253 5
      vertex 26.7943 8.12797 0
      vertex 26.7943 8.12797 5
    endloop
  endfacet
  facet normal 0.970028 0.242995 0
    outer loop
      vertex 26.7943 8.12797 0
      vertex 27.462 5.46253 5
      vertex 27.462 5.46253 0
    endloop
  endfacet
  facet normal 0.427542 -0.903996 0
    outer loop
      vertex 10.7151 -25.8686 0
      vertex 13.1991 -24.6938 5
      vertex 10.7151 -25.8686 5
    endloop
  endfacet
  facet normal 0.427542 -0.903996 0
    outer loop
      vertex 13.1991 -24.6938 5
      vertex 10.7151 -25.8686 0
      vertex 13.1991 -24.6938 0
    endloop
  endfacet
  facet normal -0.671554 0.740955 0
    outer loop
      vertex -17.763 21.6443 0
      vertex -19.799 19.799 5
      vertex -17.763 21.6443 5
    endloop
  endfacet
  facet normal -0.671554 0.740955 0
    outer loop
      vertex -19.799 19.799 5
      vertex -17.763 21.6443 0
      vertex -19.799 19.799 0
    endloop
  endfacet
  facet normal -0.970028 -0.242995 0
    outer loop
      vertex -26.7943 -8.12797 0
      vertex -27.462 -5.46253 5
      vertex -27.462 -5.46253 0
    endloop
  endfacet
  facet normal -0.970028 -0.242995 0
    outer loop
      vertex -27.462 -5.46253 5
      vertex -26.7943 -8.12797 0
      vertex -26.7943 -8.12797 5
    endloop
  endfacet
  facet normal -0.427542 0.903996 0
    outer loop
      vertex -10.7151 25.8686 0
      vertex -13.1991 24.6938 5
      vertex -10.7151 25.8686 5
    endloop
  endfacet
  facet normal -0.427542 0.903996 0
    outer loop
      vertex -13.1991 24.6938 5
      vertex -10.7151 25.8686 0
      vertex -13.1991 24.6938 0
    endloop
  endfacet
  facet normal 0.427542 0.903996 -0
    outer loop
      vertex 13.1991 24.6938 0
      vertex 10.7151 25.8686 5
      vertex 13.1991 24.6938 5
    endloop
  endfacet
  facet normal 0.427542 0.903996 0
    outer loop
      vertex 10.7151 25.8686 5
      vertex 13.1991 24.6938 0
      vertex 10.7151 25.8686 0
    endloop
  endfacet
  facet normal 0.740955 0.671554 0
    outer loop
      vertex 21.6443 17.763 5
      vertex 19.799 19.799 0
      vertex 19.799 19.799 5
    endloop
  endfacet
  facet normal 0.740955 0.671554 0
    outer loop
      vertex 19.799 19.799 0
      vertex 21.6443 17.763 5
      vertex 21.6443 17.763 0
    endloop
  endfacet
  facet normal -0.146736 -0.989176 0
    outer loop
      vertex -5.46253 -27.462 0
      vertex -2.74448 -27.8652 5
      vertex -5.46253 -27.462 5
    endloop
  endfacet
  facet normal -0.146736 -0.989176 -0
    outer loop
      vertex -2.74448 -27.8652 5
      vertex -5.46253 -27.462 0
      vertex -2.74448 -27.8652 0
    endloop
  endfacet
  facet normal 0.242995 0.970028 -0
    outer loop
      vertex 8.12797 26.7943 0
      vertex 5.46253 27.462 5
      vertex 8.12797 26.7943 5
    endloop
  endfacet
  facet normal 0.242995 0.970028 0
    outer loop
      vertex 5.46253 27.462 5
      vertex 8.12797 26.7943 0
      vertex 5.46253 27.462 0
    endloop
  endfacet
  facet normal -0.740955 0.671554 0
    outer loop
      vertex -21.6443 17.763 0
      vertex -19.799 19.799 5
      vertex -19.799 19.799 0
    endloop
  endfacet
  facet normal -0.740955 0.671554 0
    outer loop
      vertex -19.799 19.799 5
      vertex -21.6443 17.763 0
      vertex -21.6443 17.763 5
    endloop
  endfacet
  facet normal 0.51411 -0.857724 0
    outer loop
      vertex 13.1991 -24.6938 0
      vertex 15.556 -23.2811 5
      vertex 13.1991 -24.6938 5
    endloop
  endfacet
  facet normal 0.51411 -0.857724 0
    outer loop
      vertex 15.556 -23.2811 5
      vertex 13.1991 -24.6938 0
      vertex 15.556 -23.2811 0
    endloop
  endfacet
  facet normal 0.242995 -0.970028 0
    outer loop
      vertex 5.46253 -27.462 0
      vertex 8.12797 -26.7943 5
      vertex 5.46253 -27.462 5
    endloop
  endfacet
  facet normal 0.242995 -0.970028 0
    outer loop
      vertex 8.12797 -26.7943 5
      vertex 5.46253 -27.462 0
      vertex 8.12797 -26.7943 0
    endloop
  endfacet
  facet normal -0.336893 0.941543 0
    outer loop
      vertex -8.12797 26.7943 0
      vertex -10.7151 25.8686 5
      vertex -8.12797 26.7943 5
    endloop
  endfacet
  facet normal -0.336893 0.941543 0
    outer loop
      vertex -10.7151 25.8686 5
      vertex -8.12797 26.7943 0
      vertex -10.7151 25.8686 0
    endloop
  endfacet
  facet normal 0.0490576 -0.998796 0
    outer loop
      vertex 0 -28 0
      vertex 2.74448 -27.8652 5
      vertex 0 -28 5
    endloop
  endfacet
  facet normal 0.0490576 -0.998796 0
    outer loop
      vertex 2.74448 -27.8652 5
      vertex 0 -28 0
      vertex 2.74448 -27.8652 0
    endloop
  endfacet
  facet normal -0.427542 -0.903996 0
    outer loop
      vertex -13.1991 -24.6938 0
      vertex -10.7151 -25.8686 5
      vertex -13.1991 -24.6938 5
    endloop
  endfacet
  facet normal -0.427542 -0.903996 -0
    outer loop
      vertex -10.7151 -25.8686 5
      vertex -13.1991 -24.6938 0
      vertex -10.7151 -25.8686 0
    endloop
  endfacet
  facet normal -0.0490576 0.998796 0
    outer loop
      vertex 0 28 0
      vertex -2.74448 27.8652 5
      vertex 0 28 5
    endloop
  endfacet
  facet normal -0.0490576 0.998796 0
    outer loop
      vertex -2.74448 27.8652 5
      vertex 0 28 0
      vertex -2.74448 27.8652 0
    endloop
  endfacet
  facet normal 0.336893 -0.941543 0
    outer loop
      vertex 8.12797 -26.7943 0
      vertex 10.7151 -25.8686 5
      vertex 8.12797 -26.7943 5
    endloop
  endfacet
  facet normal 0.336893 -0.941543 0
    outer loop
      vertex 10.7151 -25.8686 5
      vertex 8.12797 -26.7943 0
      vertex 10.7151 -25.8686 0
    endloop
  endfacet
  facet normal -0.595694 -0.803211 0
    outer loop
      vertex -17.763 -21.6443 0
      vertex -15.556 -23.2811 5
      vertex -17.763 -21.6443 5
    endloop
  endfacet
  facet normal -0.595694 -0.803211 -0
    outer loop
      vertex -15.556 -23.2811 5
      vertex -17.763 -21.6443 0
      vertex -15.556 -23.2811 0
    endloop
  endfacet
  facet normal -0.903996 -0.427542 0
    outer loop
      vertex -24.6938 -13.1991 0
      vertex -25.8686 -10.7151 5
      vertex -25.8686 -10.7151 0
    endloop
  endfacet
  facet normal -0.903996 -0.427542 0
    outer loop
      vertex -25.8686 -10.7151 5
      vertex -24.6938 -13.1991 0
      vertex -24.6938 -13.1991 5
    endloop
  endfacet
  facet normal -0.989176 0.146736 0
    outer loop
      vertex -27.8652 2.74448 0
      vertex -27.462 5.46253 5
      vertex -27.462 5.46253 0
    endloop
  endfacet
  facet normal -0.989176 0.146736 0
    outer loop
      vertex -27.462 5.46253 5
      vertex -27.8652 2.74448 0
      vertex -27.8652 2.74448 5
    endloop
  endfacet
  facet normal -0.146736 0.989176 0
    outer loop
      vertex -2.74448 27.8652 0
      vertex -5.46253 27.462 5
      vertex -2.74448 27.8652 5
    endloop
  endfacet
  facet normal -0.146736 0.989176 0
    outer loop
      vertex -5.46253 27.462 5
      vertex -2.74448 27.8652 0
      vertex -5.46253 27.462 0
    endloop
  endfacet
  facet normal 0.595694 -0.803211 0
    outer loop
      vertex 15.556 -23.2811 0
      vertex 17.763 -21.6443 5
      vertex 15.556 -23.2811 5
    endloop
  endfacet
  facet normal 0.595694 -0.803211 0
    outer loop
      vertex 17.763 -21.6443 5
      vertex 15.556 -23.2811 0
      vertex 17.763 -21.6443 0
    endloop
  endfacet
  facet normal 0.51411 0.857724 -0
    outer loop
      vertex 15.556 23.2811 0
      vertex 13.1991 24.6938 5
      vertex 15.556 23.2811 5
    endloop
  endfacet
  facet normal 0.51411 0.857724 0
    outer loop
      vertex 13.1991 24.6938 5
      vertex 15.556 23.2811 0
      vertex 13.1991 24.6938 0
    endloop
  endfacet
  facet normal -0.998796 -0.0490576 0
    outer loop
      vertex -27.8652 -2.74448 0
      vertex -28 0 5
      vertex -28 0 0
    endloop
  endfacet
  facet normal -0.998796 -0.0490576 0
    outer loop
      vertex -28 0 5
      vertex -27.8652 -2.74448 0
      vertex -27.8652 -2.74448 5
    endloop
  endfacet
  facet normal -0.903996 0.427542 0
    outer loop
      vertex -25.8686 10.7151 0
      vertex -24.6938 13.1991 5
      vertex -24.6938 13.1991 0
    endloop
  endfacet
  facet normal -0.903996 0.427542 0
    outer loop
      vertex -24.6938 13.1991 5
      vertex -25.8686 10.7151 0
      vertex -25.8686 10.7151 5
    endloop
  endfacet
  facet normal 0.970028 -0.242995 0
    outer loop
      vertex 26.7943 -8.12797 5
      vertex 27.462 -5.46253 0
      vertex 27.462 -5.46253 5
    endloop
  endfacet
  facet normal 0.970028 -0.242995 0
    outer loop
      vertex 27.462 -5.46253 0
      vertex 26.7943 -8.12797 5
      vertex 26.7943 -8.12797 0
    endloop
  endfacet
  facet normal 0.595694 0.803211 -0
    outer loop
      vertex 17.763 21.6443 0
      vertex 15.556 23.2811 5
      vertex 17.763 21.6443 5
    endloop
  endfacet
  facet normal 0.595694 0.803211 0
    outer loop
      vertex 15.556 23.2811 5
      vertex 17.763 21.6443 0
      vertex 15.556 23.2811 0
    endloop
  endfacet
  facet normal -0.595694 0.803211 0
    outer loop
      vertex -15.556 23.2811 0
      vertex -17.763 21.6443 5
      vertex -15.556 23.2811 5
    endloop
  endfacet
  facet normal -0.595694 0.803211 0
    outer loop
      vertex -17.763 21.6443 5
      vertex -15.556 23.2811 0
      vertex -17.763 21.6443 0
    endloop
  endfacet
  facet normal 0.803211 0.595694 0
    outer loop
      vertex 23.2811 15.556 5
      vertex 21.6443 17.763 0
      vertex 21.6443 17.763 5
    endloop
  endfacet
  facet normal 0.803211 0.595694 0
    outer loop
      vertex 21.6443 17.763 0
      vertex 23.2811 15.556 5
      vertex 23.2811 15.556 0
    endloop
  endfacet
  facet normal 0.989176 -0.146736 0
    outer loop
      vertex 27.462 -5.46253 5
      vertex 27.8652 -2.74448 0
      vertex 27.8652 -2.74448 5
    endloop
  endfacet
  facet normal 0.989176 -0.146736 0
    outer loop
      vertex 27.8652 -2.74448 0
      vertex 27.462 -5.46253 5
      vertex 27.462 -5.46253 0
    endloop
  endfacet
  facet normal -0.941543 0.336893 0
    outer loop
      vertex -26.7943 8.12797 0
      vertex -25.8686 10.7151 5
      vertex -25.8686 10.7151 0
    endloop
  endfacet
  facet normal -0.941543 0.336893 0
    outer loop
      vertex -25.8686 10.7151 5
      vertex -26.7943 8.12797 0
      vertex -26.7943 8.12797 5
    endloop
  endfacet
  facet normal 0.903996 -0.427542 0
    outer loop
      vertex 24.6938 -13.1991 5
      vertex 25.8686 -10.7151 0
      vertex 25.8686 -10.7151 5
    endloop
  endfacet
  facet normal 0.903996 -0.427542 0
    outer loop
      vertex 25.8686 -10.7151 0
      vertex 24.6938 -13.1991 5
      vertex 24.6938 -13.1991 0
    endloop
  endfacet
  facet normal 0.336893 0.941543 -0
    outer loop
      vertex 10.7151 25.8686 0
      vertex 8.12797 26.7943 5
      vertex 10.7151 25.8686 5
    endloop
  endfacet
  facet normal 0.336893 0.941543 0
    outer loop
      vertex 8.12797 26.7943 5
      vertex 10.7151 25.8686 0
      vertex 8.12797 26.7943 0
    endloop
  endfacet
  facet normal 0.998796 -0.0490576 0
    outer loop
      vertex 27.8652 -2.74448 5
      vertex 28 0 0
      vertex 28 0 5
    endloop
  endfacet
  facet normal 0.998796 -0.0490576 0
    outer loop
      vertex 28 0 0
      vertex 27.8652 -2.74448 5
      vertex 27.8652 -2.74448 0
    endloop
  endfacet
  facet normal 0 0 -1
    outer loop
      vertex -15.5885 -9 0
      vertex -3.03109 -1.75 0
      vertex -15.357 -9.46927 0
    endloop
  endfacet
  facet normal 0 0 -1
    outer loop
      vertex -15.8791 -8.56495 0
      vertex -3.03109 -1.75 0
      vertex -15.5885 -9 0
    endloop
  endfacet
  facet normal -0 0 -1
    outer loop
      vertex -3.03109 -1.75 0
      vertex -15.8791 -8.56495 0
      vertex -3.38074 -0.905867 0
    endloop
  endfacet
  facet normal 0 0 -1
    outer loop
      vertex -16.2241 -8.17157 0
      vertex -3.38074 -0.905867 0
      vertex -15.8791 -8.56495 0
    endloop
  endfacet
  facet normal 0 0 -1
    outer loop
      vertex -16.6175 -7.82659 0
      vertex -3.38074 -0.905867 0
      vertex -16.2241 -8.17157 0
    endloop
  endfacet
  facet normal -0 0 -1
    outer loop
      vertex -3.38074 -0.905867 0
      vertex -16.6175 -7.82659 0
      vertex -3.5 0 0
    endloop
  endfacet
  facet normal 0 0 -1
    outer loop
      vertex -17.0526 -7.5359 0
      vertex -3.5 0 0
      vertex -16.6175 -7.82659 0
    endloop
  endfacet
  facet normal 0 0 -1
    outer loop
      vertex -3.5 0 0
      vertex -15.556 23.2811 0
      vertex -13.1991 24.6938 0
    endloop
  endfacet
  facet normal 0 0 -1
    outer loop
      vertex -17.5218 -7.30448 0
      vertex -3.5 0 0
      vertex -17.0526 -7.5359 0
    endloop
  endfacet
  facet normal 0 0 -1
    outer loop
      vertex -18.0173 -7.1363 0
      vertex -3.5 0 0
      vertex -17.5218 -7.30448 0
    endloop
  endfacet
  facet normal 0 0 -1
    outer loop
      vertex -3.5 0 0
      vertex -17.763 21.6443 0
      vertex -15.556 23.2811 0
    endloop
  endfacet
  facet normal 0 0 -1
    outer loop
      vertex -26.7943 8.12797 0
      vertex -3.5 0 0
      vertex -18.0173 -7.1363 0
    endloop
  endfacet
  facet normal 0 0 -1
    outer loop
      vertex -26.7943 8.12797 0
      vertex -18.0173 -7.1363 0
      vertex -18.5305 -7.03422 0
    endloop
  endfacet
  facet normal 0 0 -1
    outer loop
      vertex -27.462 5.46253 0
      vertex -18.5305 -7.03422 0
      vertex -19.0526 -7 0
    endloop
  endfacet
  facet normal 0 0 -1
    outer loop
      vertex -27.8652 2.74448 0
      vertex -19.0526 -7 0
      vertex -19.5747 -7.03422 0
    endloop
  endfacet
  facet normal 0 0 -1
    outer loop
      vertex -3.5 0 0
      vertex -19.799 19.799 0
      vertex -17.763 21.6443 0
    endloop
  endfacet
  facet normal 0 0 -1
    outer loop
      vertex -28 0 0
      vertex -19.5747 -7.03422 0
      vertex -20.0878 -7.1363 0
    endloop
  endfacet
  facet normal 0 0 -1
    outer loop
      vertex -27.8652 -2.74448 0
      vertex -20.0878 -7.1363 0
      vertex -20.5833 -7.30448 0
    endloop
  endfacet
  facet normal 0 0 -1
    outer loop
      vertex -27.8652 -2.74448 0
      vertex -20.5833 -7.30448 0
      vertex -21.0526 -7.5359 0
    endloop
  endfacet
  facet normal 0 0 -1
    outer loop
      vertex -27.462 -5.46253 0
      vertex -21.0526 -7.5359 0
      vertex -21.4876 -7.82659 0
    endloop
  endfacet
  facet normal 0 0 -1
    outer loop
      vertex -3.5 0 0
      vertex -21.6443 17.763 0
      vertex -19.799 19.799 0
    endloop
  endfacet
  facet normal 0 0 -1
    outer loop
      vertex -27.462 -5.46253 0
      vertex -21.4876 -7.82659 0
      vertex -21.881 -8.17157 0
    endloop
  endfacet
  facet normal 0 0 -1
    outer loop
      vertex -26.7943 -8.12797 0
      vertex -21.881 -8.17157 0
      vertex -22.226 -8.56495 0
    endloop
  endfacet
  facet normal 0 0 -1
    outer loop
      vertex -26.7943 -8.12797 0
      vertex -22.226 -8.56495 0
      vertex -22.5167 -9 0
    endloop
  endfacet
  facet normal 0 0 -1
    outer loop
      vertex -26.7943 -8.12797 0
      vertex -22.5167 -9 0
      vertex -22.7481 -9.46927 0
    endloop
  endfacet
  facet normal 0 0 -1
    outer loop
      vertex -25.8686 -10.7151 0
      vertex -22.7481 -9.46927 0
      vertex -22.9163 -9.96472 0
    endloop
  endfacet
  facet normal 0 0 -1
    outer loop
      vertex -25.8686 -10.7151 0
      vertex -22.9163 -9.96472 0
      vertex -23.0183 -10.4779 0
    endloop
  endfacet
  facet normal 0 0 -1
    outer loop
      vertex -25.8686 -10.7151 0
      vertex -23.0183 -10.4779 0
      vertex -23.0526 -11 0
    endloop
  endfacet
  facet normal 0 0 -1
    outer loop
      vertex -25.8686 -10.7151 0
      vertex -23.0183 -11.5221 0
      vertex -24.6938 -13.1991 0
    endloop
  endfacet
  facet normal 0 0 -1
    outer loop
      vertex -3.5 0 0
      vertex -23.2811 15.556 0
      vertex -21.6443 17.763 0
    endloop
  endfacet
  facet normal 0 0 -1
    outer loop
      vertex -23.0183 -11.5221 0
      vertex -25.8686 -10.7151 0
      vertex -23.0526 -11 0
    endloop
  endfacet
  facet normal 0 0 -1
    outer loop
      vertex -3.5 0 0
      vertex -24.6938 13.1991 0
      vertex -23.2811 15.556 0
    endloop
  endfacet
  facet normal -0 0 -1
    outer loop
      vertex -22.7481 -9.46927 0
      vertex -25.8686 -10.7151 0
      vertex -26.7943 -8.12797 0
    endloop
  endfacet
  facet normal 0 0 -1
    outer loop
      vertex -3.5 0 0
      vertex -25.8686 10.7151 0
      vertex -24.6938 13.1991 0
    endloop
  endfacet
  facet normal 0 0 -1
    outer loop
      vertex -21.881 -8.17157 0
      vertex -26.7943 -8.12797 0
      vertex -27.462 -5.46253 0
    endloop
  endfacet
  facet normal 0 0 -1
    outer loop
      vertex -3.5 0 0
      vertex -26.7943 8.12797 0
      vertex -25.8686 10.7151 0
    endloop
  endfacet
  facet normal 0 0 -1
    outer loop
      vertex -21.0526 -7.5359 0
      vertex -27.462 -5.46253 0
      vertex -27.8652 -2.74448 0
    endloop
  endfacet
  facet normal 0 0 -1
    outer loop
      vertex -18.5305 -7.03422 0
      vertex -27.462 5.46253 0
      vertex -26.7943 8.12797 0
    endloop
  endfacet
  facet normal 0 0 -1
    outer loop
      vertex -20.0878 -7.1363 0
      vertex -27.8652 -2.74448 0
      vertex -28 0 0
    endloop
  endfacet
  facet normal 0 0 -1
    outer loop
      vertex -19.0526 -7 0
      vertex -27.8652 2.74448 0
      vertex -27.462 5.46253 0
    endloop
  endfacet
  facet normal 0 0 -1
    outer loop
      vertex -19.5747 -7.03422 0
      vertex -28 0 0
      vertex -27.8652 2.74448 0
    endloop
  endfacet
  facet normal 0 0 -1
    outer loop
      vertex 3.8637 23.0353 0
      vertex 8.12797 26.7943 0
      vertex 3.96578 22.5221 0
    endloop
  endfacet
  facet normal 0 0 -1
    outer loop
      vertex 3.69552 23.5307 0
      vertex 8.12797 26.7943 0
      vertex 3.8637 23.0353 0
    endloop
  endfacet
  facet normal -0 0 -1
    outer loop
      vertex 8.12797 26.7943 0
      vertex 3.69552 23.5307 0
      vertex 5.46253 27.462 0
    endloop
  endfacet
  facet normal 0 0 -1
    outer loop
      vertex 3.4641 24 0
      vertex 5.46253 27.462 0
      vertex 3.69552 23.5307 0
    endloop
  endfacet
  facet normal 0 0 -1
    outer loop
      vertex 3.17341 24.435 0
      vertex 5.46253 27.462 0
      vertex 3.4641 24 0
    endloop
  endfacet
  facet normal 0 0 -1
    outer loop
      vertex 2.82843 24.8284 0
      vertex 5.46253 27.462 0
      vertex 3.17341 24.435 0
    endloop
  endfacet
  facet normal 0 0 -1
    outer loop
      vertex 2.82843 24.8284 0
      vertex 2.74448 27.8652 0
      vertex 5.46253 27.462 0
    endloop
  endfacet
  facet normal 0 0 -1
    outer loop
      vertex 2.43505 25.1734 0
      vertex 2.74448 27.8652 0
      vertex 2.82843 24.8284 0
    endloop
  endfacet
  facet normal 0 0 -1
    outer loop
      vertex 2 25.4641 0
      vertex 2.74448 27.8652 0
      vertex 2.43505 25.1734 0
    endloop
  endfacet
  facet normal 0 0 -1
    outer loop
      vertex 1.53073 25.6955 0
      vertex 2.74448 27.8652 0
      vertex 2 25.4641 0
    endloop
  endfacet
  facet normal 0 0 -1
    outer loop
      vertex 1.03528 25.8637 0
      vertex 2.74448 27.8652 0
      vertex 1.53073 25.6955 0
    endloop
  endfacet
  facet normal 0 0 -1
    outer loop
      vertex 0 28 0
      vertex 1.03528 25.8637 0
      vertex 0.522104 25.9658 0
    endloop
  endfacet
  facet normal 0 0 -1
    outer loop
      vertex 0 28 0
      vertex 0.522104 25.9658 0
      vertex 0 26 0
    endloop
  endfacet
  facet normal 0 0 -1
    outer loop
      vertex 1.03528 25.8637 0
      vertex 0 28 0
      vertex 2.74448 27.8652 0
    endloop
  endfacet
  facet normal 0 0 -1
    outer loop
      vertex -0.522104 25.9658 0
      vertex 0 28 0
      vertex 0 26 0
    endloop
  endfacet
  facet normal 0 0 -1
    outer loop
      vertex -1.03528 25.8637 0
      vertex 0 28 0
      vertex -0.522104 25.9658 0
    endloop
  endfacet
  facet normal 0 0 -1
    outer loop
      vertex -2.74448 27.8652 0
      vertex -1.03528 25.8637 0
      vertex -1.53073 25.6955 0
    endloop
  endfacet
  facet normal 0 0 -1
    outer loop
      vertex -2.74448 27.8652 0
      vertex -1.53073 25.6955 0
      vertex -2 25.4641 0
    endloop
  endfacet
  facet normal 0 0 -1
    outer loop
      vertex -2.74448 27.8652 0
      vertex -2 25.4641 0
      vertex -2.43505 25.1734 0
    endloop
  endfacet
  facet normal 0 0 -1
    outer loop
      vertex -1.03528 25.8637 0
      vertex -2.74448 27.8652 0
      vertex 0 28 0
    endloop
  endfacet
  facet normal 0 0 -1
    outer loop
      vertex -2.82843 24.8284 0
      vertex -2.74448 27.8652 0
      vertex -2.43505 25.1734 0
    endloop
  endfacet
  facet normal 0 0 -1
    outer loop
      vertex -5.46253 27.462 0
      vertex -2.82843 24.8284 0
      vertex -3.17341 24.435 0
    endloop
  endfacet
  facet normal 0 0 -1
    outer loop
      vertex -5.46253 27.462 0
      vertex -3.17341 24.435 0
      vertex -3.4641 24 0
    endloop
  endfacet
  facet normal 0 0 -1
    outer loop
      vertex -5.46253 27.462 0
      vertex -3.4641 24 0
      vertex -3.69552 23.5307 0
    endloop
  endfacet
  facet normal 0 0 -1
    outer loop
      vertex -5.46253 27.462 0
      vertex -3.69552 23.5307 0
      vertex -3.8637 23.0353 0
    endloop
  endfacet
  facet normal 0 0 -1
    outer loop
      vertex -2.82843 24.8284 0
      vertex -5.46253 27.462 0
      vertex -2.74448 27.8652 0
    endloop
  endfacet
  facet normal 0 0 -1
    outer loop
      vertex -3.96578 22.5221 0
      vertex -5.46253 27.462 0
      vertex -3.8637 23.0353 0
    endloop
  endfacet
  facet normal 0 0 -1
    outer loop
      vertex -4 22 0
      vertex -5.46253 27.462 0
      vertex -3.96578 22.5221 0
    endloop
  endfacet
  facet normal 0 0 -1
    outer loop
      vertex -3.96578 21.4779 0
      vertex -5.46253 27.462 0
      vertex -4 22 0
    endloop
  endfacet
  facet normal 0 0 -1
    outer loop
      vertex -15.1889 -12.0353 0
      vertex -5.46253 -27.462 0
      vertex -8.12797 -26.7943 0
    endloop
  endfacet
  facet normal -0 0 -1
    outer loop
      vertex -2.47487 -2.47487 0
      vertex -15.357 -9.46927 0
      vertex -3.03109 -1.75 0
    endloop
  endfacet
  facet normal 0 0 -1
    outer loop
      vertex -15.357 -12.5307 0
      vertex -8.12797 -26.7943 0
      vertex -10.7151 -25.8686 0
    endloop
  endfacet
  facet normal 0 0 -1
    outer loop
      vertex -3.5 0 0
      vertex -8.12797 26.7943 0
      vertex -5.46253 27.462 0
    endloop
  endfacet
  facet normal 0 0 -1
    outer loop
      vertex -15.5885 -13 0
      vertex -10.7151 -25.8686 0
      vertex -13.1991 -24.6938 0
    endloop
  endfacet
  facet normal 0 0 -1
    outer loop
      vertex -3.5 0 0
      vertex -10.7151 25.8686 0
      vertex -8.12797 26.7943 0
    endloop
  endfacet
  facet normal 0 0 -1
    outer loop
      vertex -3.5 0 0
      vertex -13.1991 24.6938 0
      vertex -10.7151 25.8686 0
    endloop
  endfacet
  facet normal 0 0 -1
    outer loop
      vertex -15.357 -9.46927 0
      vertex -2.47487 -2.47487 0
      vertex -15.1889 -9.96472 0
    endloop
  endfacet
  facet normal 0 0 -1
    outer loop
      vertex -5.46253 -27.462 0
      vertex -15.1889 -12.0353 0
      vertex -15.0868 -11.5221 0
    endloop
  endfacet
  facet normal 0 0 -1
    outer loop
      vertex -8.12797 -26.7943 0
      vertex -15.357 -12.5307 0
      vertex -15.1889 -12.0353 0
    endloop
  endfacet
  facet normal 0 0 -1
    outer loop
      vertex -15.8791 -13.435 0
      vertex -13.1991 -24.6938 0
      vertex -15.556 -23.2811 0
    endloop
  endfacet
  facet normal 0 0 -1
    outer loop
      vertex -10.7151 -25.8686 0
      vertex -15.5885 -13 0
      vertex -15.357 -12.5307 0
    endloop
  endfacet
  facet normal 0 0 -1
    outer loop
      vertex -13.1991 -24.6938 0
      vertex -15.8791 -13.435 0
      vertex -15.5885 -13 0
    endloop
  endfacet
  facet normal 0 0 -1
    outer loop
      vertex -15.556 -23.2811 0
      vertex -16.2241 -13.8284 0
      vertex -15.8791 -13.435 0
    endloop
  endfacet
  facet normal 0 0 -1
    outer loop
      vertex -15.556 -23.2811 0
      vertex -16.6175 -14.1734 0
      vertex -16.2241 -13.8284 0
    endloop
  endfacet
  facet normal 0 0 -1
    outer loop
      vertex -17.763 -21.6443 0
      vertex -16.6175 -14.1734 0
      vertex -15.556 -23.2811 0
    endloop
  endfacet
  facet normal 0 0 -1
    outer loop
      vertex -16.6175 -14.1734 0
      vertex -17.763 -21.6443 0
      vertex -17.0526 -14.4641 0
    endloop
  endfacet
  facet normal 0 0 -1
    outer loop
      vertex -17.0526 -14.4641 0
      vertex -17.763 -21.6443 0
      vertex -17.5218 -14.6955 0
    endloop
  endfacet
  facet normal 0 0 -1
    outer loop
      vertex -19.799 -19.799 0
      vertex -17.5218 -14.6955 0
      vertex -17.763 -21.6443 0
    endloop
  endfacet
  facet normal 0 0 -1
    outer loop
      vertex -17.5218 -14.6955 0
      vertex -19.799 -19.799 0
      vertex -18.0173 -14.8637 0
    endloop
  endfacet
  facet normal 0 0 -1
    outer loop
      vertex -18.0173 -14.8637 0
      vertex -19.799 -19.799 0
      vertex -18.5305 -14.9658 0
    endloop
  endfacet
  facet normal 0 0 -1
    outer loop
      vertex -18.5305 -14.9658 0
      vertex -19.799 -19.799 0
      vertex -19.0526 -15 0
    endloop
  endfacet
  facet normal 0 0 -1
    outer loop
      vertex -21.6443 -17.763 0
      vertex -19.0526 -15 0
      vertex -19.799 -19.799 0
    endloop
  endfacet
  facet normal -0 0 -1
    outer loop
      vertex -19.0526 -15 0
      vertex -21.6443 -17.763 0
      vertex -19.5747 -14.9658 0
    endloop
  endfacet
  facet normal -0 0 -1
    outer loop
      vertex -19.5747 -14.9658 0
      vertex -21.6443 -17.763 0
      vertex -20.0878 -14.8637 0
    endloop
  endfacet
  facet normal -0 0 -1
    outer loop
      vertex -20.0878 -14.8637 0
      vertex -21.6443 -17.763 0
      vertex -20.5833 -14.6955 0
    endloop
  endfacet
  facet normal -0 0 -1
    outer loop
      vertex -20.5833 -14.6955 0
      vertex -21.6443 -17.763 0
      vertex -21.0526 -14.4641 0
    endloop
  endfacet
  facet normal 0 0 -1
    outer loop
      vertex -23.2811 -15.556 0
      vertex -21.0526 -14.4641 0
      vertex -21.6443 -17.763 0
    endloop
  endfacet
  facet normal -0 0 -1
    outer loop
      vertex -21.0526 -14.4641 0
      vertex -23.2811 -15.556 0
      vertex -21.4876 -14.1734 0
    endloop
  endfacet
  facet normal -0 0 -1
    outer loop
      vertex -21.4876 -14.1734 0
      vertex -23.2811 -15.556 0
      vertex -21.881 -13.8284 0
    endloop
  endfacet
  facet normal -0 0 -1
    outer loop
      vertex -21.881 -13.8284 0
      vertex -23.2811 -15.556 0
      vertex -22.226 -13.435 0
    endloop
  endfacet
  facet normal 0 0 -1
    outer loop
      vertex -24.6938 -13.1991 0
      vertex -22.226 -13.435 0
      vertex -23.2811 -15.556 0
    endloop
  endfacet
  facet normal 0 0 -1
    outer loop
      vertex -22.226 -13.435 0
      vertex -24.6938 -13.1991 0
      vertex -22.5167 -13 0
    endloop
  endfacet
  facet normal -0 0 -1
    outer loop
      vertex -22.9163 -12.0353 0
      vertex -24.6938 -13.1991 0
      vertex -23.0183 -11.5221 0
    endloop
  endfacet
  facet normal -0 0 -1
    outer loop
      vertex -22.7481 -12.5307 0
      vertex -24.6938 -13.1991 0
      vertex -22.9163 -12.0353 0
    endloop
  endfacet
  facet normal -0 0 -1
    outer loop
      vertex -22.5167 -13 0
      vertex -24.6938 -13.1991 0
      vertex -22.7481 -12.5307 0
    endloop
  endfacet
  facet normal 0 0 -1
    outer loop
      vertex 15.556 23.2811 0
      vertex 3.4641 20 0
      vertex 3.69552 20.4693 0
    endloop
  endfacet
  facet normal -0 0 -1
    outer loop
      vertex 23.2811 15.556 0
      vertex 3.03109 1.75 0
      vertex 21.6443 17.763 0
    endloop
  endfacet
  facet normal 0 0 -1
    outer loop
      vertex 2.47487 2.47487 0
      vertex 21.6443 17.763 0
      vertex 3.03109 1.75 0
    endloop
  endfacet
  facet normal 0 0 -1
    outer loop
      vertex 21.6443 17.763 0
      vertex 3.17341 19.565 0
      vertex 3.4641 20 0
    endloop
  endfacet
  facet normal 0 -0 -1
    outer loop
      vertex 2.82843 19.1716 0
      vertex 21.6443 17.763 0
      vertex 2.47487 2.47487 0
    endloop
  endfacet
  facet normal 0 0 -1
    outer loop
      vertex 21.6443 17.763 0
      vertex 2.82843 19.1716 0
      vertex 3.17341 19.565 0
    endloop
  endfacet
  facet normal 0 0 -1
    outer loop
      vertex 2.47487 2.47487 0
      vertex 2.43505 18.8266 0
      vertex 2.82843 19.1716 0
    endloop
  endfacet
  facet normal 0 0 -1
    outer loop
      vertex 1.75 3.03109 0
      vertex 2.43505 18.8266 0
      vertex 2.47487 2.47487 0
    endloop
  endfacet
  facet normal 0 0 -1
    outer loop
      vertex 2.43505 18.8266 0
      vertex 1.75 3.03109 0
      vertex 2 18.5359 0
    endloop
  endfacet
  facet normal 0 0 -1
    outer loop
      vertex 1.75 3.03109 0
      vertex 1.53073 18.3045 0
      vertex 2 18.5359 0
    endloop
  endfacet
  facet normal 0 0 -1
    outer loop
      vertex 0.905867 3.38074 0
      vertex 1.53073 18.3045 0
      vertex 1.75 3.03109 0
    endloop
  endfacet
  facet normal 0 0 -1
    outer loop
      vertex 1.53073 18.3045 0
      vertex 0.905867 3.38074 0
      vertex 1.03528 18.1363 0
    endloop
  endfacet
  facet normal 0 0 -1
    outer loop
      vertex 0.905867 3.38074 0
      vertex 0.522104 18.0342 0
      vertex 1.03528 18.1363 0
    endloop
  endfacet
  facet normal 0 0 -1
    outer loop
      vertex 0 3.5 0
      vertex 0.522104 18.0342 0
      vertex 0.905867 3.38074 0
    endloop
  endfacet
  facet normal 0 0 -1
    outer loop
      vertex 0 3.5 0
      vertex 0 18 0
      vertex 0.522104 18.0342 0
    endloop
  endfacet
  facet normal 0 0 -1
    outer loop
      vertex 0 3.5 0
      vertex -0.522104 18.0342 0
      vertex 0 18 0
    endloop
  endfacet
  facet normal 0 0 -1
    outer loop
      vertex -0.905867 3.38074 0
      vertex -0.522104 18.0342 0
      vertex 0 3.5 0
    endloop
  endfacet
  facet normal 0 0 -1
    outer loop
      vertex -0.905867 3.38074 0
      vertex -1.03528 18.1363 0
      vertex -0.522104 18.0342 0
    endloop
  endfacet
  facet normal 0 0 -1
    outer loop
      vertex -0.905867 3.38074 0
      vertex -1.53073 18.3045 0
      vertex -1.03528 18.1363 0
    endloop
  endfacet
  facet normal 0 0 -1
    outer loop
      vertex -1.75 3.03109 0
      vertex -1.53073 18.3045 0
      vertex -0.905867 3.38074 0
    endloop
  endfacet
  facet normal 0 0 -1
    outer loop
      vertex -1.75 3.03109 0
      vertex -2 18.5359 0
      vertex -1.53073 18.3045 0
    endloop
  endfacet
  facet normal 0 0 -1
    outer loop
      vertex -1.75 3.03109 0
      vertex -2.43505 18.8266 0
      vertex -2 18.5359 0
    endloop
  endfacet
  facet normal 0 0 -1
    outer loop
      vertex -2.47487 2.47487 0
      vertex -2.43505 18.8266 0
      vertex -1.75 3.03109 0
    endloop
  endfacet
  facet normal 0 0 -1
    outer loop
      vertex -2.47487 2.47487 0
      vertex -2.82843 19.1716 0
      vertex -2.43505 18.8266 0
    endloop
  endfacet
  facet normal 0 0 -1
    outer loop
      vertex -3.17341 19.565 0
      vertex -2.47487 2.47487 0
      vertex -3.03109 1.75 0
    endloop
  endfacet
  facet normal 0 0 -1
    outer loop
      vertex -2.47487 2.47487 0
      vertex -3.17341 19.565 0
      vertex -2.82843 19.1716 0
    endloop
  endfacet
  facet normal 0 0 -1
    outer loop
      vertex -3.69552 20.4693 0
      vertex -3.03109 1.75 0
      vertex -3.38074 0.905867 0
    endloop
  endfacet
  facet normal 0 0 -1
    outer loop
      vertex -3.03109 1.75 0
      vertex -3.4641 20 0
      vertex -3.17341 19.565 0
    endloop
  endfacet
  facet normal 0 0 -1
    outer loop
      vertex -5.46253 27.462 0
      vertex -3.38074 0.905867 0
      vertex -3.5 0 0
    endloop
  endfacet
  facet normal 0 0 -1
    outer loop
      vertex -3.03109 1.75 0
      vertex -3.69552 20.4693 0
      vertex -3.4641 20 0
    endloop
  endfacet
  facet normal 0 0 -1
    outer loop
      vertex 20.0878 -7.1363 0
      vertex 28 0 0
      vertex 27.8652 -2.74448 0
    endloop
  endfacet
  facet normal 0 0 -1
    outer loop
      vertex 21.0526 -7.5359 0
      vertex 27.8652 -2.74448 0
      vertex 27.462 -5.46253 0
    endloop
  endfacet
  facet normal 0 0 -1
    outer loop
      vertex 20.0878 -7.1363 0
      vertex 27.8652 -2.74448 0
      vertex 20.5833 -7.30448 0
    endloop
  endfacet
  facet normal 0 0 -1
    outer loop
      vertex 21.881 -8.17157 0
      vertex 27.462 -5.46253 0
      vertex 26.7943 -8.12797 0
    endloop
  endfacet
  facet normal 0 0 -1
    outer loop
      vertex 27.8652 -2.74448 0
      vertex 21.0526 -7.5359 0
      vertex 20.5833 -7.30448 0
    endloop
  endfacet
  facet normal 0 0 -1
    outer loop
      vertex 22.7481 -9.46927 0
      vertex 26.7943 -8.12797 0
      vertex 25.8686 -10.7151 0
    endloop
  endfacet
  facet normal 0 0 -1
    outer loop
      vertex 27.462 -5.46253 0
      vertex 21.881 -8.17157 0
      vertex 21.4876 -7.82659 0
    endloop
  endfacet
  facet normal 0 0 -1
    outer loop
      vertex 23.0183 -11.5221 0
      vertex 25.8686 -10.7151 0
      vertex 24.6938 -13.1991 0
    endloop
  endfacet
  facet normal 0 0 -1
    outer loop
      vertex 26.7943 -8.12797 0
      vertex 22.7481 -9.46927 0
      vertex 22.5167 -9 0
    endloop
  endfacet
  facet normal 0 0 -1
    outer loop
      vertex 22.226 -13.435 0
      vertex 24.6938 -13.1991 0
      vertex 23.2811 -15.556 0
    endloop
  endfacet
  facet normal -0 0 -1
    outer loop
      vertex 25.8686 -10.7151 0
      vertex 23.0526 -11 0
      vertex 23.0183 -10.4779 0
    endloop
  endfacet
  facet normal 0 0 -1
    outer loop
      vertex 25.8686 -10.7151 0
      vertex 23.0183 -10.4779 0
      vertex 22.9163 -9.96472 0
    endloop
  endfacet
  facet normal 0 0 -1
    outer loop
      vertex 25.8686 -10.7151 0
      vertex 23.0183 -11.5221 0
      vertex 23.0526 -11 0
    endloop
  endfacet
  facet normal 0 0 -1
    outer loop
      vertex 24.6938 -13.1991 0
      vertex 22.9163 -12.0353 0
      vertex 23.0183 -11.5221 0
    endloop
  endfacet
  facet normal 0 0 -1
    outer loop
      vertex 24.6938 -13.1991 0
      vertex 22.7481 -12.5307 0
      vertex 22.9163 -12.0353 0
    endloop
  endfacet
  facet normal 0 0 -1
    outer loop
      vertex 24.6938 -13.1991 0
      vertex 22.5167 -13 0
      vertex 22.7481 -12.5307 0
    endloop
  endfacet
  facet normal -0 0 -1
    outer loop
      vertex 24.6938 -13.1991 0
      vertex 22.226 -13.435 0
      vertex 22.5167 -13 0
    endloop
  endfacet
  facet normal 0 0 -1
    outer loop
      vertex 23.2811 -15.556 0
      vertex 21.881 -13.8284 0
      vertex 22.226 -13.435 0
    endloop
  endfacet
  facet normal 0 0 -1
    outer loop
      vertex 21.0526 -14.4641 0
      vertex 23.2811 -15.556 0
      vertex 21.6443 -17.763 0
    endloop
  endfacet
  facet normal 0 0 -1
    outer loop
      vertex 23.2811 -15.556 0
      vertex 21.4876 -14.1734 0
      vertex 21.881 -13.8284 0
    endloop
  endfacet
  facet normal 0 0 -1
    outer loop
      vertex 23.2811 -15.556 0
      vertex 21.0526 -14.4641 0
      vertex 21.4876 -14.1734 0
    endloop
  endfacet
  facet normal 0 0 -1
    outer loop
      vertex 21.6443 -17.763 0
      vertex 20.5833 -14.6955 0
      vertex 21.0526 -14.4641 0
    endloop
  endfacet
  facet normal 0 0 -1
    outer loop
      vertex 21.6443 -17.763 0
      vertex 20.0878 -14.8637 0
      vertex 20.5833 -14.6955 0
    endloop
  endfacet
  facet normal 0 0 -1
    outer loop
      vertex 19.0526 -15 0
      vertex 21.6443 -17.763 0
      vertex 19.799 -19.799 0
    endloop
  endfacet
  facet normal 0 0 -1
    outer loop
      vertex 21.6443 -17.763 0
      vertex 19.5747 -14.9658 0
      vertex 20.0878 -14.8637 0
    endloop
  endfacet
  facet normal 0 0 -1
    outer loop
      vertex 21.6443 -17.763 0
      vertex 19.0526 -15 0
      vertex 19.5747 -14.9658 0
    endloop
  endfacet
  facet normal 0 0 -1
    outer loop
      vertex 19.799 -19.799 0
      vertex 18.5305 -14.9658 0
      vertex 19.0526 -15 0
    endloop
  endfacet
  facet normal 0 0 -1
    outer loop
      vertex 19.799 -19.799 0
      vertex 18.0173 -14.8637 0
      vertex 18.5305 -14.9658 0
    endloop
  endfacet
  facet normal 0 0 -1
    outer loop
      vertex 17.5218 -14.6955 0
      vertex 19.799 -19.799 0
      vertex 17.763 -21.6443 0
    endloop
  endfacet
  facet normal 0 0 -1
    outer loop
      vertex 19.799 -19.799 0
      vertex 17.5218 -14.6955 0
      vertex 18.0173 -14.8637 0
    endloop
  endfacet
  facet normal 0 0 -1
    outer loop
      vertex 17.763 -21.6443 0
      vertex 17.0526 -14.4641 0
      vertex 17.5218 -14.6955 0
    endloop
  endfacet
  facet normal 0 0 -1
    outer loop
      vertex 17.763 -21.6443 0
      vertex 16.6175 -14.1734 0
      vertex 17.0526 -14.4641 0
    endloop
  endfacet
  facet normal 0 0 -1
    outer loop
      vertex 15.556 -23.2811 0
      vertex 16.6175 -14.1734 0
      vertex 17.763 -21.6443 0
    endloop
  endfacet
  facet normal -0 0 -1
    outer loop
      vertex 16.6175 -14.1734 0
      vertex 15.556 -23.2811 0
      vertex 16.2241 -13.8284 0
    endloop
  endfacet
  facet normal -0 0 -1
    outer loop
      vertex 16.2241 -13.8284 0
      vertex 15.556 -23.2811 0
      vertex 15.8791 -13.435 0
    endloop
  endfacet
  facet normal 0 0 -1
    outer loop
      vertex 13.1991 -24.6938 0
      vertex 15.8791 -13.435 0
      vertex 15.556 -23.2811 0
    endloop
  endfacet
  facet normal -0 0 -1
    outer loop
      vertex 15.8791 -13.435 0
      vertex 13.1991 -24.6938 0
      vertex 15.5885 -13 0
    endloop
  endfacet
  facet normal 0 0 -1
    outer loop
      vertex 10.7151 -25.8686 0
      vertex 15.5885 -13 0
      vertex 13.1991 -24.6938 0
    endloop
  endfacet
  facet normal -0 0 -1
    outer loop
      vertex 15.5885 -13 0
      vertex 10.7151 -25.8686 0
      vertex 15.357 -12.5307 0
    endloop
  endfacet
  facet normal 0 0 -1
    outer loop
      vertex 8.12797 -26.7943 0
      vertex 15.357 -12.5307 0
      vertex 10.7151 -25.8686 0
    endloop
  endfacet
  facet normal -0 0 -1
    outer loop
      vertex 15.357 -12.5307 0
      vertex 8.12797 -26.7943 0
      vertex 15.1889 -12.0353 0
    endloop
  endfacet
  facet normal 0 0 -1
    outer loop
      vertex 25.8686 -10.7151 0
      vertex 22.9163 -9.96472 0
      vertex 22.7481 -9.46927 0
    endloop
  endfacet
  facet normal 0 0 -1
    outer loop
      vertex 26.7943 -8.12797 0
      vertex 22.5167 -9 0
      vertex 22.226 -8.56495 0
    endloop
  endfacet
  facet normal 0 0 -1
    outer loop
      vertex 26.7943 -8.12797 0
      vertex 22.226 -8.56495 0
      vertex 21.881 -8.17157 0
    endloop
  endfacet
  facet normal 0 0 -1
    outer loop
      vertex 27.462 -5.46253 0
      vertex 21.4876 -7.82659 0
      vertex 21.0526 -7.5359 0
    endloop
  endfacet
  facet normal 0 0 -1
    outer loop
      vertex 19.5747 -7.03422 0
      vertex 28 0 0
      vertex 20.0878 -7.1363 0
    endloop
  endfacet
  facet normal -0 0 -1
    outer loop
      vertex 28 0 0
      vertex 19.5747 -7.03422 0
      vertex 27.8652 2.74448 0
    endloop
  endfacet
  facet normal 0 0 -1
    outer loop
      vertex 19.0526 -7 0
      vertex 27.8652 2.74448 0
      vertex 19.5747 -7.03422 0
    endloop
  endfacet
  facet normal -0 0 -1
    outer loop
      vertex 27.8652 2.74448 0
      vertex 19.0526 -7 0
      vertex 27.462 5.46253 0
    endloop
  endfacet
  facet normal 0 0 -1
    outer loop
      vertex 18.5305 -7.03422 0
      vertex 27.462 5.46253 0
      vertex 19.0526 -7 0
    endloop
  endfacet
  facet normal -0 0 -1
    outer loop
      vertex 27.462 5.46253 0
      vertex 18.5305 -7.03422 0
      vertex 26.7943 8.12797 0
    endloop
  endfacet
  facet normal 0 0 -1
    outer loop
      vertex 18.0173 -7.1363 0
      vertex 26.7943 8.12797 0
      vertex 18.5305 -7.03422 0
    endloop
  endfacet
  facet normal 0 0 -1
    outer loop
      vertex 17.5218 -7.30448 0
      vertex 3.38074 0.905867 0
      vertex 18.0173 -7.1363 0
    endloop
  endfacet
  facet normal 0 0 -1
    outer loop
      vertex 18.0173 -7.1363 0
      vertex 3.38074 0.905867 0
      vertex 26.7943 8.12797 0
    endloop
  endfacet
  facet normal -0 0 -1
    outer loop
      vertex 26.7943 8.12797 0
      vertex 3.38074 0.905867 0
      vertex 25.8686 10.7151 0
    endloop
  endfacet
  facet normal 0 0 -1
    outer loop
      vertex 3.03109 1.75 0
      vertex 25.8686 10.7151 0
      vertex 3.38074 0.905867 0
    endloop
  endfacet
  facet normal -0 0 -1
    outer loop
      vertex 25.8686 10.7151 0
      vertex 3.03109 1.75 0
      vertex 24.6938 13.1991 0
    endloop
  endfacet
  facet normal -0 0 -1
    outer loop
      vertex 24.6938 13.1991 0
      vertex 3.03109 1.75 0
      vertex 23.2811 15.556 0
    endloop
  endfacet
  facet normal 0 0 -1
    outer loop
      vertex 3.38074 0.905867 0
      vertex 17.5218 -7.30448 0
      vertex 3.5 0 0
    endloop
  endfacet
  facet normal 0 0 -1
    outer loop
      vertex 3.5 0 0
      vertex 17.5218 -7.30448 0
      vertex 17.0526 -7.5359 0
    endloop
  endfacet
  facet normal 0 0 -1
    outer loop
      vertex 3.5 0 0
      vertex 17.0526 -7.5359 0
      vertex 16.6175 -7.82659 0
    endloop
  endfacet
  facet normal 0 0 -1
    outer loop
      vertex 3.38074 -0.905867 0
      vertex 16.6175 -7.82659 0
      vertex 16.2241 -8.17157 0
    endloop
  endfacet
  facet normal 0 0 -1
    outer loop
      vertex 3.38074 -0.905867 0
      vertex 16.2241 -8.17157 0
      vertex 15.8791 -8.56495 0
    endloop
  endfacet
  facet normal 0 0 -1
    outer loop
      vertex 3.03109 -1.75 0
      vertex 15.8791 -8.56495 0
      vertex 15.5885 -9 0
    endloop
  endfacet
  facet normal 0 0 -1
    outer loop
      vertex 21.6443 17.763 0
      vertex 3.4641 20 0
      vertex 19.799 19.799 0
    endloop
  endfacet
  facet normal 0 0 -1
    outer loop
      vertex 3.03109 -1.75 0
      vertex 15.5885 -9 0
      vertex 15.357 -9.46927 0
    endloop
  endfacet
  facet normal 0 0 -1
    outer loop
      vertex 2.47487 -2.47487 0
      vertex 15.357 -9.46927 0
      vertex 15.1889 -9.96472 0
    endloop
  endfacet
  facet normal 0 0 -1
    outer loop
      vertex 2.47487 -2.47487 0
      vertex 15.1889 -9.96472 0
      vertex 15.0868 -10.4779 0
    endloop
  endfacet
  facet normal 0 0 -1
    outer loop
      vertex 1.75 -3.03109 0
      vertex 15.0868 -10.4779 0
      vertex 15.0526 -11 0
    endloop
  endfacet
  facet normal 0 0 -1
    outer loop
      vertex 5.46253 -27.462 0
      vertex 15.1889 -12.0353 0
      vertex 8.12797 -26.7943 0
    endloop
  endfacet
  facet normal 0 0 -1
    outer loop
      vertex 3.4641 20 0
      vertex 17.763 21.6443 0
      vertex 19.799 19.799 0
    endloop
  endfacet
  facet normal 0 0 -1
    outer loop
      vertex 0.905867 -3.38074 0
      vertex 15.1889 -12.0353 0
      vertex 5.46253 -27.462 0
    endloop
  endfacet
  facet normal 0 0 -1
    outer loop
      vertex 3.4641 20 0
      vertex 15.556 23.2811 0
      vertex 17.763 21.6443 0
    endloop
  endfacet
  facet normal 0 0 -1
    outer loop
      vertex 15.1889 -12.0353 0
      vertex 0.905867 -3.38074 0
      vertex 15.0868 -11.5221 0
    endloop
  endfacet
  facet normal -0 0 -1
    outer loop
      vertex 15.556 23.2811 0
      vertex 3.69552 20.4693 0
      vertex 13.1991 24.6938 0
    endloop
  endfacet
  facet normal 0 -0 -1
    outer loop
      vertex 1.75 -3.03109 0
      vertex 15.0868 -11.5221 0
      vertex 0.905867 -3.38074 0
    endloop
  endfacet
  facet normal 0 -0 -1
    outer loop
      vertex 3.8637 20.9647 0
      vertex 13.1991 24.6938 0
      vertex 3.69552 20.4693 0
    endloop
  endfacet
  facet normal 0 -0 -1
    outer loop
      vertex 3.96578 21.4779 0
      vertex 13.1991 24.6938 0
      vertex 3.8637 20.9647 0
    endloop
  endfacet
  facet normal -0 0 -1
    outer loop
      vertex 10.7151 25.8686 0
      vertex 3.96578 22.5221 0
      vertex 8.12797 26.7943 0
    endloop
  endfacet
  facet normal 0 0 -1
    outer loop
      vertex 3.96578 22.5221 0
      vertex 10.7151 25.8686 0
      vertex 4 22 0
    endloop
  endfacet
  facet normal 0 -0 -1
    outer loop
      vertex 4 22 0
      vertex 10.7151 25.8686 0
      vertex 3.96578 21.4779 0
    endloop
  endfacet
  facet normal -0 0 -1
    outer loop
      vertex 13.1991 24.6938 0
      vertex 3.96578 21.4779 0
      vertex 10.7151 25.8686 0
    endloop
  endfacet
  facet normal 0 0 -1
    outer loop
      vertex 16.6175 -7.82659 0
      vertex 3.38074 -0.905867 0
      vertex 3.5 0 0
    endloop
  endfacet
  facet normal 0 0 -1
    outer loop
      vertex 15.8791 -8.56495 0
      vertex 3.03109 -1.75 0
      vertex 3.38074 -0.905867 0
    endloop
  endfacet
  facet normal 0 0 -1
    outer loop
      vertex 0.905867 -3.38074 0
      vertex 5.46253 -27.462 0
      vertex 2.74448 -27.8652 0
    endloop
  endfacet
  facet normal 0 0 -1
    outer loop
      vertex 15.357 -9.46927 0
      vertex 2.47487 -2.47487 0
      vertex 3.03109 -1.75 0
    endloop
  endfacet
  facet normal 0 0 -1
    outer loop
      vertex 15.0868 -10.4779 0
      vertex 1.75 -3.03109 0
      vertex 2.47487 -2.47487 0
    endloop
  endfacet
  facet normal 0 0 -1
    outer loop
      vertex 15.0868 -11.5221 0
      vertex 1.75 -3.03109 0
      vertex 15.0526 -11 0
    endloop
  endfacet
  facet normal 0 0 -1
    outer loop
      vertex 0 -3.5 0
      vertex 2.74448 -27.8652 0
      vertex 0 -28 0
    endloop
  endfacet
  facet normal 0 0 -1
    outer loop
      vertex 2.74448 -27.8652 0
      vertex 0 -3.5 0
      vertex 0.905867 -3.38074 0
    endloop
  endfacet
  facet normal 0 0 -1
    outer loop
      vertex -2.74448 -27.8652 0
      vertex 0 -3.5 0
      vertex 0 -28 0
    endloop
  endfacet
  facet normal -0 0 -1
    outer loop
      vertex 0 -3.5 0
      vertex -2.74448 -27.8652 0
      vertex -0.905867 -3.38074 0
    endloop
  endfacet
  facet normal 0 0 -1
    outer loop
      vertex -5.46253 -27.462 0
      vertex -0.905867 -3.38074 0
      vertex -2.74448 -27.8652 0
    endloop
  endfacet
  facet normal 0 0 -1
    outer loop
      vertex -15.0868 -11.5221 0
      vertex -0.905867 -3.38074 0
      vertex -5.46253 -27.462 0
    endloop
  endfacet
  facet normal -0 0 -1
    outer loop
      vertex -0.905867 -3.38074 0
      vertex -15.0868 -11.5221 0
      vertex -1.75 -3.03109 0
    endloop
  endfacet
  facet normal 0 -0 -1
    outer loop
      vertex -15.0526 -11 0
      vertex -1.75 -3.03109 0
      vertex -15.0868 -11.5221 0
    endloop
  endfacet
  facet normal 0 0 -1
    outer loop
      vertex -15.0868 -10.4779 0
      vertex -1.75 -3.03109 0
      vertex -15.0526 -11 0
    endloop
  endfacet
  facet normal 0 0 -1
    outer loop
      vertex -3.38074 0.905867 0
      vertex -3.8637 20.9647 0
      vertex -3.69552 20.4693 0
    endloop
  endfacet
  facet normal 0 0 -1
    outer loop
      vertex -3.38074 0.905867 0
      vertex -3.96578 21.4779 0
      vertex -3.8637 20.9647 0
    endloop
  endfacet
  facet normal 0 0 -1
    outer loop
      vertex -3.38074 0.905867 0
      vertex -5.46253 27.462 0
      vertex -3.96578 21.4779 0
    endloop
  endfacet
  facet normal 0 0 -1
    outer loop
      vertex -15.1889 -9.96472 0
      vertex -2.47487 -2.47487 0
      vertex -15.0868 -10.4779 0
    endloop
  endfacet
  facet normal -0 0 -1
    outer loop
      vertex -1.75 -3.03109 0
      vertex -15.0868 -10.4779 0
      vertex -2.47487 -2.47487 0
    endloop
  endfacet
  facet normal 0.146736 -0.989176 0
    outer loop
      vertex 2.74448 -27.8652 0
      vertex 5.46253 -27.462 5
      vertex 2.74448 -27.8652 5
    endloop
  endfacet
  facet normal 0.146736 -0.989176 0
    outer loop
      vertex 5.46253 -27.462 5
      vertex 2.74448 -27.8652 0
      vertex 5.46253 -27.462 0
    endloop
  endfacet
  facet normal 0.941543 0.336893 0
    outer loop
      vertex 26.7943 8.12797 5
      vertex 25.8686 10.7151 0
      vertex 25.8686 10.7151 5
    endloop
  endfacet
  facet normal 0.941543 0.336893 0
    outer loop
      vertex 25.8686 10.7151 0
      vertex 26.7943 8.12797 5
      vertex 26.7943 8.12797 0
    endloop
  endfacet
  facet normal 0.803211 -0.595694 0
    outer loop
      vertex 21.6443 -17.763 5
      vertex 23.2811 -15.556 0
      vertex 23.2811 -15.556 5
    endloop
  endfacet
  facet normal 0.803211 -0.595694 0
    outer loop
      vertex 23.2811 -15.556 0
      vertex 21.6443 -17.763 5
      vertex 21.6443 -17.763 0
    endloop
  endfacet
  facet normal 0.857724 -0.51411 0
    outer loop
      vertex 23.2811 -15.556 5
      vertex 24.6938 -13.1991 0
      vertex 24.6938 -13.1991 5
    endloop
  endfacet
  facet normal 0.857724 -0.51411 0
    outer loop
      vertex 24.6938 -13.1991 0
      vertex 23.2811 -15.556 5
      vertex 23.2811 -15.556 0
    endloop
  endfacet
  facet normal 0.941543 -0.336893 0
    outer loop
      vertex 25.8686 -10.7151 5
      vertex 26.7943 -8.12797 0
      vertex 26.7943 -8.12797 5
    endloop
  endfacet
  facet normal 0.941543 -0.336893 0
    outer loop
      vertex 26.7943 -8.12797 0
      vertex 25.8686 -10.7151 5
      vertex 25.8686 -10.7151 0
    endloop
  endfacet
  facet normal 0.0490576 0.998796 -0
    outer loop
      vertex 2.74448 27.8652 0
      vertex 0 28 5
      vertex 2.74448 27.8652 5
    endloop
  endfacet
  facet normal 0.0490576 0.998796 0
    outer loop
      vertex 0 28 5
      vertex 2.74448 27.8652 0
      vertex 0 28 0
    endloop
  endfacet
  facet normal -0.51411 0.857724 0
    outer loop
      vertex -13.1991 24.6938 0
      vertex -15.556 23.2811 5
      vertex -13.1991 24.6938 5
    endloop
  endfacet
  facet normal -0.51411 0.857724 0
    outer loop
      vertex -15.556 23.2811 5
      vertex -13.1991 24.6938 0
      vertex -15.556 23.2811 0
    endloop
  endfacet
  facet normal -0.242995 0.970028 0
    outer loop
      vertex -5.46253 27.462 0
      vertex -8.12797 26.7943 5
      vertex -5.46253 27.462 5
    endloop
  endfacet
  facet normal -0.242995 0.970028 0
    outer loop
      vertex -8.12797 26.7943 5
      vertex -5.46253 27.462 0
      vertex -8.12797 26.7943 0
    endloop
  endfacet
  facet normal 0.903996 0.427542 0
    outer loop
      vertex 25.8686 10.7151 5
      vertex 24.6938 13.1991 0
      vertex 24.6938 13.1991 5
    endloop
  endfacet
  facet normal 0.903996 0.427542 0
    outer loop
      vertex 24.6938 13.1991 0
      vertex 25.8686 10.7151 5
      vertex 25.8686 10.7151 0
    endloop
  endfacet
  facet normal 0.146736 0.989176 -0
    outer loop
      vertex 5.46253 27.462 0
      vertex 2.74448 27.8652 5
      vertex 5.46253 27.462 5
    endloop
  endfacet
  facet normal 0.146736 0.989176 0
    outer loop
      vertex 2.74448 27.8652 5
      vertex 5.46253 27.462 0
      vertex 2.74448 27.8652 0
    endloop
  endfacet
  facet normal -0.242995 -0.970028 0
    outer loop
      vertex -8.12797 -26.7943 0
      vertex -5.46253 -27.462 5
      vertex -8.12797 -26.7943 5
    endloop
  endfacet
  facet normal -0.242995 -0.970028 -0
    outer loop
      vertex -5.46253 -27.462 5
      vertex -8.12797 -26.7943 0
      vertex -5.46253 -27.462 0
    endloop
  endfacet
  facet normal -0.857724 -0.51411 0
    outer loop
      vertex -23.2811 -15.556 0
      vertex -24.6938 -13.1991 5
      vertex -24.6938 -13.1991 0
    endloop
  endfacet
  facet normal -0.857724 -0.51411 0
    outer loop
      vertex -24.6938 -13.1991 5
      vertex -23.2811 -15.556 0
      vertex -23.2811 -15.556 5
    endloop
  endfacet
  facet normal 0.857724 0.51411 0
    outer loop
      vertex 24.6938 13.1991 5
      vertex 23.2811 15.556 0
      vertex 23.2811 15.556 5
    endloop
  endfacet
  facet normal 0.857724 0.51411 0
    outer loop
      vertex 23.2811 15.556 0
      vertex 24.6938 13.1991 5
      vertex 24.6938 13.1991 0
    endloop
  endfacet
  facet normal -0.740955 -0.671554 0
    outer loop
      vertex -19.799 -19.799 0
      vertex -21.6443 -17.763 5
      vertex -21.6443 -17.763 0
    endloop
  endfacet
  facet normal -0.740955 -0.671554 0
    outer loop
      vertex -21.6443 -17.763 5
      vertex -19.799 -19.799 0
      vertex -19.799 -19.799 5
    endloop
  endfacet
  facet normal -0.941543 -0.336893 0
    outer loop
      vertex -25.8686 -10.7151 0
      vertex -26.7943 -8.12797 5
      vertex -26.7943 -8.12797 0
    endloop
  endfacet
  facet normal -0.941543 -0.336893 0
    outer loop
      vertex -26.7943 -8.12797 5
      vertex -25.8686 -10.7151 0
      vertex -25.8686 -10.7151 5
    endloop
  endfacet
  facet normal -0.51411 -0.857724 0
    outer loop
      vertex -15.556 -23.2811 0
      vertex -13.1991 -24.6938 5
      vertex -15.556 -23.2811 5
    endloop
  endfacet
  facet normal -0.51411 -0.857724 -0
    outer loop
      vertex -13.1991 -24.6938 5
      vertex -15.556 -23.2811 0
      vertex -13.1991 -24.6938 0
    endloop
  endfacet
  facet normal -0.970028 0.242995 0
    outer loop
      vertex -27.462 5.46253 0
      vertex -26.7943 8.12797 5
      vertex -26.7943 8.12797 0
    endloop
  endfacet
  facet normal -0.970028 0.242995 0
    outer loop
      vertex -26.7943 8.12797 5
      vertex -27.462 5.46253 0
      vertex -27.462 5.46253 5
    endloop
  endfacet
  facet normal 0.671554 0.740955 -0
    outer loop
      vertex 19.799 19.799 0
      vertex 17.763 21.6443 5
      vertex 19.799 19.799 5
    endloop
  endfacet
  facet normal 0.671554 0.740955 0
    outer loop
      vertex 17.763 21.6443 5
      vertex 19.799 19.799 0
      vertex 17.763 21.6443 0
    endloop
  endfacet
  facet normal -0.803211 -0.595694 0
    outer loop
      vertex -21.6443 -17.763 0
      vertex -23.2811 -15.556 5
      vertex -23.2811 -15.556 0
    endloop
  endfacet
  facet normal -0.803211 -0.595694 0
    outer loop
      vertex -23.2811 -15.556 5
      vertex -21.6443 -17.763 0
      vertex -21.6443 -17.763 5
    endloop
  endfacet
  facet normal -0.989176 -0.146736 0
    outer loop
      vertex -27.462 -5.46253 0
      vertex -27.8652 -2.74448 5
      vertex -27.8652 -2.74448 0
    endloop
  endfacet
  facet normal -0.989176 -0.146736 0
    outer loop
      vertex -27.8652 -2.74448 5
      vertex -27.462 -5.46253 0
      vertex -27.462 -5.46253 5
    endloop
  endfacet
  facet normal -0.671554 -0.740955 0
    outer loop
      vertex -19.799 -19.799 0
      vertex -17.763 -21.6443 5
      vertex -19.799 -19.799 5
    endloop
  endfacet
  facet normal -0.671554 -0.740955 -0
    outer loop
      vertex -17.763 -21.6443 5
      vertex -19.799 -19.799 0
      vertex -17.763 -21.6443 0
    endloop
  endfacet
  facet normal -0.803211 0.595694 0
    outer loop
      vertex -23.2811 15.556 0
      vertex -21.6443 17.763 5
      vertex -21.6443 17.763 0
    endloop
  endfacet
  facet normal -0.803211 0.595694 0
    outer loop
      vertex -21.6443 17.763 5
      vertex -23.2811 15.556 0
      vertex -23.2811 15.556 5
    endloop
  endfacet
  facet normal -0.857724 0.51411 0
    outer loop
      vertex -24.6938 13.1991 0
      vertex -23.2811 15.556 5
      vertex -23.2811 15.556 0
    endloop
  endfacet
  facet normal -0.857724 0.51411 0
    outer loop
      vertex -23.2811 15.556 5
      vertex -24.6938 13.1991 0
      vertex -24.6938 13.1991 5
    endloop
  endfacet
  facet normal 0 0 1
    outer loop
      vertex -15.8622 -13.0177 5
      vertex -15.52 -13.82 5
      vertex -15.0829 -13.8775 5
    endloop
  endfacet
  facet normal 0 0 1
    outer loop
      vertex -15.8622 -13.0177 5
      vertex -15.96 -13.8779 5
      vertex -15.52 -13.82 5
    endloop
  endfacet
  facet normal 0 0 1
    outer loop
      vertex -15.8622 -13.0177 5
      vertex -16.37 -14.0478 5
      vertex -15.96 -13.8779 5
    endloop
  endfacet
  facet normal 0 0 1
    outer loop
      vertex -17.0618 -11.4003 5
      vertex -16.37 -14.0478 5
      vertex -15.8622 -13.0177 5
    endloop
  endfacet
  facet normal 0 0 1
    outer loop
      vertex -16.37 -14.0478 5
      vertex -17.0618 -11.4003 5
      vertex -16.7221 -14.3179 5
    endloop
  endfacet
  facet normal 0 0 1
    outer loop
      vertex -16.7221 -14.3179 5
      vertex -17.0618 -11.4003 5
      vertex -16.9922 -14.67 5
    endloop
  endfacet
  facet normal 0 0 1
    outer loop
      vertex -23.2811 -15.556 5
      vertex -16.9922 -14.67 5
      vertex -17.0618 -11.4003 5
    endloop
  endfacet
  facet normal 0 0 1
    outer loop
      vertex -16.9922 -14.67 5
      vertex -23.2811 -15.556 5
      vertex -17.1621 -15.08 5
    endloop
  endfacet
  facet normal 0 0 1
    outer loop
      vertex -17.1621 -15.08 5
      vertex -23.2811 -15.556 5
      vertex -17.22 -15.52 5
    endloop
  endfacet
  facet normal 0 0 1
    outer loop
      vertex -23.2811 -15.556 5
      vertex -17.0618 -11.4003 5
      vertex -18.097 -9.67306 5
    endloop
  endfacet
  facet normal 0 0 1
    outer loop
      vertex -24.6938 -13.1991 5
      vertex -18.097 -9.67306 5
      vertex -18.958 -7.85266 5
    endloop
  endfacet
  facet normal 0 0 1
    outer loop
      vertex -25.8686 -10.7151 5
      vertex -18.958 -7.85266 5
      vertex -19.6364 -5.95664 5
    endloop
  endfacet
  facet normal 0 0 1
    outer loop
      vertex -17.22 -15.52 5
      vertex -19.799 -19.799 5
      vertex -17.763 -21.6443 5
    endloop
  endfacet
  facet normal 0 0 1
    outer loop
      vertex -26.7943 -8.12797 5
      vertex -19.6364 -5.95664 5
      vertex -20.1257 -4.00325 5
    endloop
  endfacet
  facet normal 0 0 1
    outer loop
      vertex -27.462 -5.46253 5
      vertex -20.1257 -4.00325 5
      vertex -20.4212 -2.01131 5
    endloop
  endfacet
  facet normal 0 0 1
    outer loop
      vertex -27.8652 -2.74448 5
      vertex -20.4212 -2.01131 5
      vertex -20.52 0 5
    endloop
  endfacet
  facet normal -0 0 1
    outer loop
      vertex -26.7943 8.12797 5
      vertex -19.6364 5.95664 5
      vertex -25.8686 10.7151 5
    endloop
  endfacet
  facet normal 0 0 1
    outer loop
      vertex -17.22 -15.52 5
      vertex -21.6443 -17.763 5
      vertex -19.799 -19.799 5
    endloop
  endfacet
  facet normal 0 0 1
    outer loop
      vertex -19.6364 5.95664 5
      vertex -26.7943 8.12797 5
      vertex -20.1257 4.00325 5
    endloop
  endfacet
  facet normal 0 0 1
    outer loop
      vertex -17.22 -15.52 5
      vertex -23.2811 -15.556 5
      vertex -21.6443 -17.763 5
    endloop
  endfacet
  facet normal -0 0 1
    outer loop
      vertex -27.462 5.46253 5
      vertex -20.1257 4.00325 5
      vertex -26.7943 8.12797 5
    endloop
  endfacet
  facet normal 0 0 1
    outer loop
      vertex -18.097 -9.67306 5
      vertex -24.6938 -13.1991 5
      vertex -23.2811 -15.556 5
    endloop
  endfacet
  facet normal 0 0 1
    outer loop
      vertex -20.1257 4.00325 5
      vertex -27.462 5.46253 5
      vertex -20.4212 2.01131 5
    endloop
  endfacet
  facet normal 0 0 1
    outer loop
      vertex -18.958 -7.85266 5
      vertex -25.8686 -10.7151 5
      vertex -24.6938 -13.1991 5
    endloop
  endfacet
  facet normal -0 0 1
    outer loop
      vertex -27.8652 2.74448 5
      vertex -20.4212 2.01131 5
      vertex -27.462 5.46253 5
    endloop
  endfacet
  facet normal 0 0 1
    outer loop
      vertex -19.6364 -5.95664 5
      vertex -26.7943 -8.12797 5
      vertex -25.8686 -10.7151 5
    endloop
  endfacet
  facet normal 0 0 1
    outer loop
      vertex -20.4212 2.01131 5
      vertex -27.8652 2.74448 5
      vertex -20.52 0 5
    endloop
  endfacet
  facet normal 0 0 1
    outer loop
      vertex -20.1257 -4.00325 5
      vertex -27.462 -5.46253 5
      vertex -26.7943 -8.12797 5
    endloop
  endfacet
  facet normal 0 0 1
    outer loop
      vertex -28 0 5
      vertex -20.52 0 5
      vertex -27.8652 2.74448 5
    endloop
  endfacet
  facet normal 0 0 1
    outer loop
      vertex -20.4212 -2.01131 5
      vertex -27.8652 -2.74448 5
      vertex -27.462 -5.46253 5
    endloop
  endfacet
  facet normal 0 0 1
    outer loop
      vertex -20.52 0 5
      vertex -28 0 5
      vertex -27.8652 -2.74448 5
    endloop
  endfacet
  facet normal 0 0 1
    outer loop
      vertex -13.0177 15.8622 5
      vertex -13.8779 15.96 5
      vertex -13.82 15.52 5
    endloop
  endfacet
  facet normal 0 0 1
    outer loop
      vertex -11.4003 17.0618 5
      vertex -14.0478 16.37 5
      vertex -13.8779 15.96 5
    endloop
  endfacet
  facet normal 0 0 1
    outer loop
      vertex -11.4003 17.0618 5
      vertex -14.3179 16.7221 5
      vertex -14.0478 16.37 5
    endloop
  endfacet
  facet normal 0 0 1
    outer loop
      vertex -11.4003 17.0618 5
      vertex -14.67 16.9922 5
      vertex -14.3179 16.7221 5
    endloop
  endfacet
  facet normal 0 0 1
    outer loop
      vertex -11.4003 17.0618 5
      vertex -15.556 23.2811 5
      vertex -14.67 16.9922 5
    endloop
  endfacet
  facet normal 0 0 1
    outer loop
      vertex -14.67 16.9922 5
      vertex -15.556 23.2811 5
      vertex -15.08 17.1621 5
    endloop
  endfacet
  facet normal 0 0 1
    outer loop
      vertex -15.08 17.1621 5
      vertex -15.556 23.2811 5
      vertex -15.52 17.22 5
    endloop
  endfacet
  facet normal -0 0 1
    outer loop
      vertex -17.763 21.6443 5
      vertex -15.52 17.22 5
      vertex -15.556 23.2811 5
    endloop
  endfacet
  facet normal 0 0 1
    outer loop
      vertex -15.52 17.22 5
      vertex -17.763 21.6443 5
      vertex -15.96 17.1621 5
    endloop
  endfacet
  facet normal 0 0 1
    outer loop
      vertex -15.96 17.1621 5
      vertex -17.763 21.6443 5
      vertex -16.37 16.9922 5
    endloop
  endfacet
  facet normal -0 0 1
    outer loop
      vertex -19.799 19.799 5
      vertex -16.37 16.9922 5
      vertex -17.763 21.6443 5
    endloop
  endfacet
  facet normal 0 0 1
    outer loop
      vertex -16.37 16.9922 5
      vertex -19.799 19.799 5
      vertex -16.7221 16.7221 5
    endloop
  endfacet
  facet normal -0 0 1
    outer loop
      vertex -21.6443 17.763 5
      vertex -16.9922 16.37 5
      vertex -19.799 19.799 5
    endloop
  endfacet
  facet normal 0 0 1
    outer loop
      vertex -16.7221 16.7221 5
      vertex -19.799 19.799 5
      vertex -16.9922 16.37 5
    endloop
  endfacet
  facet normal 0 0 1
    outer loop
      vertex 13.0177 -15.8622 5
      vertex 13.82 -15.52 5
      vertex 13.8775 -15.0829 5
    endloop
  endfacet
  facet normal 0 0 1
    outer loop
      vertex 14.0478 -16.37 5
      vertex 11.4003 -17.0618 5
      vertex 14.3179 -16.7221 5
    endloop
  endfacet
  facet normal 0 0 1
    outer loop
      vertex 14.3179 -16.7221 5
      vertex 11.4003 -17.0618 5
      vertex 13.1991 -24.6938 5
    endloop
  endfacet
  facet normal -0 0 1
    outer loop
      vertex 9.67306 -18.097 5
      vertex 13.1991 -24.6938 5
      vertex 11.4003 -17.0618 5
    endloop
  endfacet
  facet normal 0 0 1
    outer loop
      vertex 13.1991 -24.6938 5
      vertex 9.67306 -18.097 5
      vertex 10.7151 -25.8686 5
    endloop
  endfacet
  facet normal -0 0 1
    outer loop
      vertex 7.85266 -18.958 5
      vertex 10.7151 -25.8686 5
      vertex 9.67306 -18.097 5
    endloop
  endfacet
  facet normal 0 0 1
    outer loop
      vertex 10.7151 -25.8686 5
      vertex 7.85266 -18.958 5
      vertex 8.12797 -26.7943 5
    endloop
  endfacet
  facet normal -0 0 1
    outer loop
      vertex 5.95664 -19.6364 5
      vertex 8.12797 -26.7943 5
      vertex 7.85266 -18.958 5
    endloop
  endfacet
  facet normal 0 0 1
    outer loop
      vertex 5.95664 -19.6364 5
      vertex 5.46253 -27.462 5
      vertex 8.12797 -26.7943 5
    endloop
  endfacet
  facet normal -0 0 1
    outer loop
      vertex 4.00325 -20.1257 5
      vertex 5.46253 -27.462 5
      vertex 5.95664 -19.6364 5
    endloop
  endfacet
  facet normal 0 0 1
    outer loop
      vertex 4.00325 -20.1257 5
      vertex 2.74448 -27.8652 5
      vertex 5.46253 -27.462 5
    endloop
  endfacet
  facet normal -0 0 1
    outer loop
      vertex 2.01131 -20.4212 5
      vertex 2.74448 -27.8652 5
      vertex 4.00325 -20.1257 5
    endloop
  endfacet
  facet normal -0 0 1
    outer loop
      vertex 0 -20.52 5
      vertex 2.74448 -27.8652 5
      vertex 2.01131 -20.4212 5
    endloop
  endfacet
  facet normal 0 0 1
    outer loop
      vertex 0 -20.52 5
      vertex 0 -28 5
      vertex 2.74448 -27.8652 5
    endloop
  endfacet
  facet normal 0 0 1
    outer loop
      vertex -2.01131 -20.4212 5
      vertex 0 -28 5
      vertex 0 -20.52 5
    endloop
  endfacet
  facet normal 0 0 1
    outer loop
      vertex -2.01131 -20.4212 5
      vertex -2.74448 -27.8652 5
      vertex 0 -28 5
    endloop
  endfacet
  facet normal 0 0 1
    outer loop
      vertex -4.00325 -20.1257 5
      vertex -2.74448 -27.8652 5
      vertex -2.01131 -20.4212 5
    endloop
  endfacet
  facet normal 0 0 1
    outer loop
      vertex -4.00325 -20.1257 5
      vertex -5.46253 -27.462 5
      vertex -2.74448 -27.8652 5
    endloop
  endfacet
  facet normal 0 0 1
    outer loop
      vertex -5.95664 -19.6364 5
      vertex -5.46253 -27.462 5
      vertex -4.00325 -20.1257 5
    endloop
  endfacet
  facet normal 0 0 1
    outer loop
      vertex -8.12797 -26.7943 5
      vertex -5.95664 -19.6364 5
      vertex -7.85266 -18.958 5
    endloop
  endfacet
  facet normal 0 0 1
    outer loop
      vertex -5.95664 -19.6364 5
      vertex -8.12797 -26.7943 5
      vertex -5.46253 -27.462 5
    endloop
  endfacet
  facet normal 0 0 1
    outer loop
      vertex -10.7151 -25.8686 5
      vertex -7.85266 -18.958 5
      vertex -9.67306 -18.097 5
    endloop
  endfacet
  facet normal 0 0 1
    outer loop
      vertex -7.85266 -18.958 5
      vertex -10.7151 -25.8686 5
      vertex -8.12797 -26.7943 5
    endloop
  endfacet
  facet normal 0 0 1
    outer loop
      vertex -13.1991 -24.6938 5
      vertex -9.67306 -18.097 5
      vertex -11.4003 -17.0618 5
    endloop
  endfacet
  facet normal -0 0 1
    outer loop
      vertex -14.0478 -16.37 5
      vertex -11.4003 -17.0618 5
      vertex -13.0177 -15.8622 5
    endloop
  endfacet
  facet normal 0 0 1
    outer loop
      vertex -9.67306 -18.097 5
      vertex -13.1991 -24.6938 5
      vertex -10.7151 -25.8686 5
    endloop
  endfacet
  facet normal 0 0 1
    outer loop
      vertex -13.8779 -15.96 5
      vertex -13.0177 -15.8622 5
      vertex -13.82 -15.52 5
    endloop
  endfacet
  facet normal -0 -0 1
    outer loop
      vertex -13.82 -15.52 5
      vertex -13.0177 -15.8622 5
      vertex -13.8775 -15.0829 5
    endloop
  endfacet
  facet normal 0 0 1
    outer loop
      vertex -14.0478 -16.37 5
      vertex -13.0177 -15.8622 5
      vertex -13.8779 -15.96 5
    endloop
  endfacet
  facet normal 0 0 1
    outer loop
      vertex -11.4003 -17.0618 5
      vertex -14.0478 -16.37 5
      vertex -14.3179 -16.7221 5
    endloop
  endfacet
  facet normal -0 0 1
    outer loop
      vertex -14.67 -16.9922 5
      vertex -11.4003 -17.0618 5
      vertex -14.3179 -16.7221 5
    endloop
  endfacet
  facet normal 0 0 1
    outer loop
      vertex -15.556 -23.2811 5
      vertex -11.4003 -17.0618 5
      vertex -14.67 -16.9922 5
    endloop
  endfacet
  facet normal 0 0 1
    outer loop
      vertex -15.556 -23.2811 5
      vertex -14.67 -16.9922 5
      vertex -15.08 -17.1621 5
    endloop
  endfacet
  facet normal 0 0 1
    outer loop
      vertex -15.556 -23.2811 5
      vertex -15.08 -17.1621 5
      vertex -15.52 -17.22 5
    endloop
  endfacet
  facet normal 0 0 1
    outer loop
      vertex -11.4003 -17.0618 5
      vertex -15.556 -23.2811 5
      vertex -13.1991 -24.6938 5
    endloop
  endfacet
  facet normal 0 0 1
    outer loop
      vertex -17.763 -21.6443 5
      vertex -15.52 -17.22 5
      vertex -15.96 -17.1621 5
    endloop
  endfacet
  facet normal 0 0 1
    outer loop
      vertex -17.763 -21.6443 5
      vertex -15.96 -17.1621 5
      vertex -16.37 -16.9922 5
    endloop
  endfacet
  facet normal 0 0 1
    outer loop
      vertex -17.763 -21.6443 5
      vertex -16.37 -16.9922 5
      vertex -16.7221 -16.7221 5
    endloop
  endfacet
  facet normal 0 0 1
    outer loop
      vertex -17.763 -21.6443 5
      vertex -16.7221 -16.7221 5
      vertex -16.9922 -16.37 5
    endloop
  endfacet
  facet normal 0 0 1
    outer loop
      vertex -17.763 -21.6443 5
      vertex -16.9922 -16.37 5
      vertex -17.1621 -15.96 5
    endloop
  endfacet
  facet normal 0 0 1
    outer loop
      vertex -15.52 -17.22 5
      vertex -17.763 -21.6443 5
      vertex -15.556 -23.2811 5
    endloop
  endfacet
  facet normal 0 0 1
    outer loop
      vertex -17.763 -21.6443 5
      vertex -17.1621 -15.96 5
      vertex -17.22 -15.52 5
    endloop
  endfacet
  facet normal 0 0 1
    outer loop
      vertex 21.6443 17.763 5
      vertex 17.1621 15.96 5
      vertex 17.22 15.52 5
    endloop
  endfacet
  facet normal 0 0 1
    outer loop
      vertex 19.799 19.799 5
      vertex 16.9922 16.37 5
      vertex 17.1621 15.96 5
    endloop
  endfacet
  facet normal 0 0 1
    outer loop
      vertex 19.799 19.799 5
      vertex 16.7221 16.7221 5
      vertex 16.9922 16.37 5
    endloop
  endfacet
  facet normal 0 0 1
    outer loop
      vertex 19.799 19.799 5
      vertex 16.37 16.9922 5
      vertex 16.7221 16.7221 5
    endloop
  endfacet
  facet normal 0 0 1
    outer loop
      vertex 17.763 21.6443 5
      vertex 15.96 17.1621 5
      vertex 16.37 16.9922 5
    endloop
  endfacet
  facet normal 0 0 1
    outer loop
      vertex 15.52 17.22 5
      vertex 17.763 21.6443 5
      vertex 15.556 23.2811 5
    endloop
  endfacet
  facet normal 0 0 1
    outer loop
      vertex 17.763 21.6443 5
      vertex 15.52 17.22 5
      vertex 15.96 17.1621 5
    endloop
  endfacet
  facet normal 0 0 1
    outer loop
      vertex 15.556 23.2811 5
      vertex 15.08 17.1621 5
      vertex 15.52 17.22 5
    endloop
  endfacet
  facet normal 0 0 1
    outer loop
      vertex 15.556 23.2811 5
      vertex 14.67 16.9922 5
      vertex 15.08 17.1621 5
    endloop
  endfacet
  facet normal -0 0 1
    outer loop
      vertex 11.4003 17.0618 5
      vertex 14.67 16.9922 5
      vertex 15.556 23.2811 5
    endloop
  endfacet
  facet normal 0 0 1
    outer loop
      vertex 14.67 16.9922 5
      vertex 11.4003 17.0618 5
      vertex 14.3179 16.7221 5
    endloop
  endfacet
  facet normal 0 0 1
    outer loop
      vertex 14.3179 16.7221 5
      vertex 11.4003 17.0618 5
      vertex 14.0478 16.37 5
    endloop
  endfacet
  facet normal 0 -0 1
    outer loop
      vertex 13.0177 15.8622 5
      vertex 14.0478 16.37 5
      vertex 11.4003 17.0618 5
    endloop
  endfacet
  facet normal 0 0 1
    outer loop
      vertex 11.4003 17.0618 5
      vertex 15.556 23.2811 5
      vertex 13.1991 24.6938 5
    endloop
  endfacet
  facet normal 0 0 1
    outer loop
      vertex 20.52 0 5
      vertex 28 0 5
      vertex 27.8652 2.74448 5
    endloop
  endfacet
  facet normal 0 0 1
    outer loop
      vertex 20.4212 2.01131 5
      vertex 27.8652 2.74448 5
      vertex 27.462 5.46253 5
    endloop
  endfacet
  facet normal 0 0 1
    outer loop
      vertex 28 0 5
      vertex 20.52 0 5
      vertex 27.8652 -2.74448 5
    endloop
  endfacet
  facet normal 0 0 1
    outer loop
      vertex 20.1257 4.00325 5
      vertex 27.462 5.46253 5
      vertex 26.7943 8.12797 5
    endloop
  endfacet
  facet normal -0 0 1
    outer loop
      vertex 20.4212 -2.01131 5
      vertex 27.8652 -2.74448 5
      vertex 20.52 0 5
    endloop
  endfacet
  facet normal 0 0 1
    outer loop
      vertex 19.6364 5.95664 5
      vertex 26.7943 8.12797 5
      vertex 25.8686 10.7151 5
    endloop
  endfacet
  facet normal 0 0 1
    outer loop
      vertex 27.8652 -2.74448 5
      vertex 20.4212 -2.01131 5
      vertex 27.462 -5.46253 5
    endloop
  endfacet
  facet normal 0 0 1
    outer loop
      vertex 18.958 7.85266 5
      vertex 25.8686 10.7151 5
      vertex 24.6938 13.1991 5
    endloop
  endfacet
  facet normal -0 0 1
    outer loop
      vertex 20.1257 -4.00325 5
      vertex 27.462 -5.46253 5
      vertex 20.4212 -2.01131 5
    endloop
  endfacet
  facet normal 0 0 1
    outer loop
      vertex 18.097 9.67306 5
      vertex 24.6938 13.1991 5
      vertex 23.2811 15.556 5
    endloop
  endfacet
  facet normal 0 0 1
    outer loop
      vertex 27.462 -5.46253 5
      vertex 20.1257 -4.00325 5
      vertex 26.7943 -8.12797 5
    endloop
  endfacet
  facet normal 0 0 1
    outer loop
      vertex 17.22 15.52 5
      vertex 23.2811 15.556 5
      vertex 21.6443 17.763 5
    endloop
  endfacet
  facet normal -0 0 1
    outer loop
      vertex 19.6364 -5.95664 5
      vertex 26.7943 -8.12797 5
      vertex 20.1257 -4.00325 5
    endloop
  endfacet
  facet normal 0 0 1
    outer loop
      vertex 26.7943 -8.12797 5
      vertex 19.6364 -5.95664 5
      vertex 25.8686 -10.7151 5
    endloop
  endfacet
  facet normal 0 0 1
    outer loop
      vertex 27.8652 2.74448 5
      vertex 20.4212 2.01131 5
      vertex 20.52 0 5
    endloop
  endfacet
  facet normal 0 0 1
    outer loop
      vertex 27.462 5.46253 5
      vertex 20.1257 4.00325 5
      vertex 20.4212 2.01131 5
    endloop
  endfacet
  facet normal 0 0 1
    outer loop
      vertex 17.1621 15.96 5
      vertex 21.6443 17.763 5
      vertex 19.799 19.799 5
    endloop
  endfacet
  facet normal 0 0 1
    outer loop
      vertex 26.7943 8.12797 5
      vertex 19.6364 5.95664 5
      vertex 20.1257 4.00325 5
    endloop
  endfacet
  facet normal 0 0 1
    outer loop
      vertex 25.8686 10.7151 5
      vertex 18.958 7.85266 5
      vertex 19.6364 5.95664 5
    endloop
  endfacet
  facet normal 0 0 1
    outer loop
      vertex 24.6938 13.1991 5
      vertex 18.097 9.67306 5
      vertex 18.958 7.85266 5
    endloop
  endfacet
  facet normal 0 0 1
    outer loop
      vertex 16.37 16.9922 5
      vertex 19.799 19.799 5
      vertex 17.763 21.6443 5
    endloop
  endfacet
  facet normal 0 0 1
    outer loop
      vertex 23.2811 15.556 5
      vertex 17.22 15.52 5
      vertex 17.1621 15.08 5
    endloop
  endfacet
  facet normal 0 0 1
    outer loop
      vertex 16.9922 14.67 5
      vertex 23.2811 15.556 5
      vertex 17.1621 15.08 5
    endloop
  endfacet
  facet normal 0 0 1
    outer loop
      vertex 23.2811 15.556 5
      vertex 17.0618 11.4003 5
      vertex 18.097 9.67306 5
    endloop
  endfacet
  facet normal 0 0 1
    outer loop
      vertex 23.2811 15.556 5
      vertex 16.9922 14.67 5
      vertex 17.0618 11.4003 5
    endloop
  endfacet
  facet normal -0 0 1
    outer loop
      vertex 16.7221 14.3179 5
      vertex 17.0618 11.4003 5
      vertex 16.9922 14.67 5
    endloop
  endfacet
  facet normal -0 0 1
    outer loop
      vertex 16.37 14.0478 5
      vertex 17.0618 11.4003 5
      vertex 16.7221 14.3179 5
    endloop
  endfacet
  facet normal 0 0 1
    outer loop
      vertex 15.8622 13.0177 5
      vertex 16.37 14.0478 5
      vertex 15.96 13.8779 5
    endloop
  endfacet
  facet normal 0 0 1
    outer loop
      vertex 16.37 14.0478 5
      vertex 15.8622 13.0177 5
      vertex 17.0618 11.4003 5
    endloop
  endfacet
  facet normal -0 0 1
    outer loop
      vertex 15.52 13.82 5
      vertex 15.8622 13.0177 5
      vertex 15.96 13.8779 5
    endloop
  endfacet
  facet normal 0 0 1
    outer loop
      vertex 15.8622 13.0177 5
      vertex 15.52 13.82 5
      vertex 15.0829 13.8775 5
    endloop
  endfacet
  facet normal -0 0 1
    outer loop
      vertex 18.958 -7.85266 5
      vertex 25.8686 -10.7151 5
      vertex 19.6364 -5.95664 5
    endloop
  endfacet
  facet normal 0 0 1
    outer loop
      vertex 25.8686 -10.7151 5
      vertex 18.958 -7.85266 5
      vertex 24.6938 -13.1991 5
    endloop
  endfacet
  facet normal -0 0 1
    outer loop
      vertex 18.097 -9.67306 5
      vertex 24.6938 -13.1991 5
      vertex 18.958 -7.85266 5
    endloop
  endfacet
  facet normal 0 0 1
    outer loop
      vertex 24.6938 -13.1991 5
      vertex 18.097 -9.67306 5
      vertex 23.2811 -15.556 5
    endloop
  endfacet
  facet normal -0 0 1
    outer loop
      vertex 17.0618 -11.4003 5
      vertex 23.2811 -15.556 5
      vertex 18.097 -9.67306 5
    endloop
  endfacet
  facet normal -0 0 1
    outer loop
      vertex 16.9922 -14.67 5
      vertex 23.2811 -15.556 5
      vertex 17.0618 -11.4003 5
    endloop
  endfacet
  facet normal 0 0 1
    outer loop
      vertex 23.2811 -15.556 5
      vertex 17.22 -15.52 5
      vertex 21.6443 -17.763 5
    endloop
  endfacet
  facet normal -0 0 1
    outer loop
      vertex 16.9922 -16.37 5
      vertex 21.6443 -17.763 5
      vertex 17.1621 -15.96 5
    endloop
  endfacet
  facet normal -0 0 1
    outer loop
      vertex 17.1621 -15.96 5
      vertex 21.6443 -17.763 5
      vertex 17.22 -15.52 5
    endloop
  endfacet
  facet normal -0 -0 1
    outer loop
      vertex 17.22 -15.52 5
      vertex 23.2811 -15.556 5
      vertex 17.1621 -15.08 5
    endloop
  endfacet
  facet normal 0 0 1
    outer loop
      vertex 23.2811 -15.556 5
      vertex 16.9922 -14.67 5
      vertex 17.1621 -15.08 5
    endloop
  endfacet
  facet normal 0 0 1
    outer loop
      vertex 17.0618 -11.4003 5
      vertex 16.7221 -14.3179 5
      vertex 16.9922 -14.67 5
    endloop
  endfacet
  facet normal 0 0 1
    outer loop
      vertex 17.0618 -11.4003 5
      vertex 16.37 -14.0478 5
      vertex 16.7221 -14.3179 5
    endloop
  endfacet
  facet normal -0 0 1
    outer loop
      vertex 15.8622 -13.0177 5
      vertex 16.37 -14.0478 5
      vertex 17.0618 -11.4003 5
    endloop
  endfacet
  facet normal 0 0 1
    outer loop
      vertex 16.37 -14.0478 5
      vertex 15.8622 -13.0177 5
      vertex 15.96 -13.8779 5
    endloop
  endfacet
  facet normal 0 0 1
    outer loop
      vertex 15.8622 -13.0177 5
      vertex 15.52 -13.82 5
      vertex 15.96 -13.8779 5
    endloop
  endfacet
  facet normal 0 -0 1
    outer loop
      vertex 15.52 -13.82 5
      vertex 15.8622 -13.0177 5
      vertex 15.0829 -13.8775 5
    endloop
  endfacet
  facet normal 0 0 1
    outer loop
      vertex 21.6443 -17.763 5
      vertex 16.9922 -16.37 5
      vertex 19.799 -19.799 5
    endloop
  endfacet
  facet normal -0 0 1
    outer loop
      vertex 16.7221 -16.7221 5
      vertex 19.799 -19.799 5
      vertex 16.9922 -16.37 5
    endloop
  endfacet
  facet normal -0 0 1
    outer loop
      vertex 16.37 -16.9922 5
      vertex 19.799 -19.799 5
      vertex 16.7221 -16.7221 5
    endloop
  endfacet
  facet normal 0 0 1
    outer loop
      vertex 19.799 -19.799 5
      vertex 16.37 -16.9922 5
      vertex 17.763 -21.6443 5
    endloop
  endfacet
  facet normal -0 0 1
    outer loop
      vertex 15.96 -17.1621 5
      vertex 17.763 -21.6443 5
      vertex 16.37 -16.9922 5
    endloop
  endfacet
  facet normal -0 0 1
    outer loop
      vertex 15.52 -17.22 5
      vertex 17.763 -21.6443 5
      vertex 15.96 -17.1621 5
    endloop
  endfacet
  facet normal 0 0 1
    outer loop
      vertex 17.763 -21.6443 5
      vertex 15.52 -17.22 5
      vertex 15.556 -23.2811 5
    endloop
  endfacet
  facet normal 0 0 1
    outer loop
      vertex 15.08 -17.1621 5
      vertex 15.556 -23.2811 5
      vertex 15.52 -17.22 5
    endloop
  endfacet
  facet normal 0 0 1
    outer loop
      vertex 14.67 -16.9922 5
      vertex 15.556 -23.2811 5
      vertex 15.08 -17.1621 5
    endloop
  endfacet
  facet normal 0 0 1
    outer loop
      vertex 13.1991 -24.6938 5
      vertex 14.67 -16.9922 5
      vertex 14.3179 -16.7221 5
    endloop
  endfacet
  facet normal 0 0 1
    outer loop
      vertex 11.4003 -17.0618 5
      vertex 14.0478 -16.37 5
      vertex 13.0177 -15.8622 5
    endloop
  endfacet
  facet normal 0 0 1
    outer loop
      vertex 13.0177 -15.8622 5
      vertex 14.0478 -16.37 5
      vertex 13.8779 -15.96 5
    endloop
  endfacet
  facet normal 0 0 1
    outer loop
      vertex 14.67 -16.9922 5
      vertex 13.1991 -24.6938 5
      vertex 15.556 -23.2811 5
    endloop
  endfacet
  facet normal -0 0 1
    outer loop
      vertex 13.0177 -15.8622 5
      vertex 13.8779 -15.96 5
      vertex 13.82 -15.52 5
    endloop
  endfacet
  facet normal 0 0 1
    outer loop
      vertex 13.82 15.52 5
      vertex 13.0177 15.8622 5
      vertex 13.8775 15.0829 5
    endloop
  endfacet
  facet normal 0 0 1
    outer loop
      vertex 13.8779 15.96 5
      vertex 13.0177 15.8622 5
      vertex 13.82 15.52 5
    endloop
  endfacet
  facet normal 0 0 1
    outer loop
      vertex 14.0478 16.37 5
      vertex 13.0177 15.8622 5
      vertex 13.8779 15.96 5
    endloop
  endfacet
  facet normal 0 0 1
    outer loop
      vertex 9.67306 18.097 5
      vertex 13.1991 24.6938 5
      vertex 10.7151 25.8686 5
    endloop
  endfacet
  facet normal 0 0 1
    outer loop
      vertex 13.1991 24.6938 5
      vertex 9.67306 18.097 5
      vertex 11.4003 17.0618 5
    endloop
  endfacet
  facet normal 0 0 1
    outer loop
      vertex 7.85266 18.958 5
      vertex 10.7151 25.8686 5
      vertex 8.12797 26.7943 5
    endloop
  endfacet
  facet normal 0 0 1
    outer loop
      vertex 10.7151 25.8686 5
      vertex 7.85266 18.958 5
      vertex 9.67306 18.097 5
    endloop
  endfacet
  facet normal 0 0 1
    outer loop
      vertex 8.12797 26.7943 5
      vertex 5.95664 19.6364 5
      vertex 7.85266 18.958 5
    endloop
  endfacet
  facet normal 0 0 1
    outer loop
      vertex 5.46253 27.462 5
      vertex 5.95664 19.6364 5
      vertex 8.12797 26.7943 5
    endloop
  endfacet
  facet normal 0 0 1
    outer loop
      vertex 5.46253 27.462 5
      vertex 4.00325 20.1257 5
      vertex 5.95664 19.6364 5
    endloop
  endfacet
  facet normal 0 0 1
    outer loop
      vertex 2.74448 27.8652 5
      vertex 4.00325 20.1257 5
      vertex 5.46253 27.462 5
    endloop
  endfacet
  facet normal 0 0 1
    outer loop
      vertex 2.74448 27.8652 5
      vertex 2.01131 20.4212 5
      vertex 4.00325 20.1257 5
    endloop
  endfacet
  facet normal 0 0 1
    outer loop
      vertex 0 28 5
      vertex 2.01131 20.4212 5
      vertex 2.74448 27.8652 5
    endloop
  endfacet
  facet normal 0 0 1
    outer loop
      vertex 0 28 5
      vertex 0 20.52 5
      vertex 2.01131 20.4212 5
    endloop
  endfacet
  facet normal 0 0 1
    outer loop
      vertex 0 28 5
      vertex -2.01131 20.4212 5
      vertex 0 20.52 5
    endloop
  endfacet
  facet normal -0 0 1
    outer loop
      vertex -2.74448 27.8652 5
      vertex -2.01131 20.4212 5
      vertex 0 28 5
    endloop
  endfacet
  facet normal 0 0 1
    outer loop
      vertex -2.74448 27.8652 5
      vertex -4.00325 20.1257 5
      vertex -2.01131 20.4212 5
    endloop
  endfacet
  facet normal -0 0 1
    outer loop
      vertex -5.46253 27.462 5
      vertex -4.00325 20.1257 5
      vertex -2.74448 27.8652 5
    endloop
  endfacet
  facet normal 0 0 1
    outer loop
      vertex -5.46253 27.462 5
      vertex -5.95664 19.6364 5
      vertex -4.00325 20.1257 5
    endloop
  endfacet
  facet normal -0 0 1
    outer loop
      vertex -8.12797 26.7943 5
      vertex -5.95664 19.6364 5
      vertex -5.46253 27.462 5
    endloop
  endfacet
  facet normal 0 0 1
    outer loop
      vertex -5.95664 19.6364 5
      vertex -8.12797 26.7943 5
      vertex -7.85266 18.958 5
    endloop
  endfacet
  facet normal -0 0 1
    outer loop
      vertex -10.7151 25.8686 5
      vertex -7.85266 18.958 5
      vertex -8.12797 26.7943 5
    endloop
  endfacet
  facet normal 0 0 1
    outer loop
      vertex -7.85266 18.958 5
      vertex -10.7151 25.8686 5
      vertex -9.67306 18.097 5
    endloop
  endfacet
  facet normal -0 0 1
    outer loop
      vertex -13.1991 24.6938 5
      vertex -9.67306 18.097 5
      vertex -10.7151 25.8686 5
    endloop
  endfacet
  facet normal 0 0 1
    outer loop
      vertex -9.67306 18.097 5
      vertex -13.1991 24.6938 5
      vertex -11.4003 17.0618 5
    endloop
  endfacet
  facet normal -0 0 1
    outer loop
      vertex -15.556 23.2811 5
      vertex -11.4003 17.0618 5
      vertex -13.1991 24.6938 5
    endloop
  endfacet
  facet normal 0 0 1
    outer loop
      vertex -11.4003 17.0618 5
      vertex -13.8779 15.96 5
      vertex -13.0177 15.8622 5
    endloop
  endfacet
  facet normal 0 0 1
    outer loop
      vertex -13.0177 15.8622 5
      vertex -13.82 15.52 5
      vertex -13.8775 15.0829 5
    endloop
  endfacet
  facet normal -0 0 1
    outer loop
      vertex -15.52 13.82 5
      vertex -15.8622 13.0177 5
      vertex -15.0829 13.8775 5
    endloop
  endfacet
  facet normal 0 0 1
    outer loop
      vertex -15.96 13.8779 5
      vertex -15.8622 13.0177 5
      vertex -15.52 13.82 5
    endloop
  endfacet
  facet normal 0 0 1
    outer loop
      vertex -16.37 14.0478 5
      vertex -15.8622 13.0177 5
      vertex -15.96 13.8779 5
    endloop
  endfacet
  facet normal 0 0 1
    outer loop
      vertex -17.0618 11.4003 5
      vertex -16.37 14.0478 5
      vertex -16.7221 14.3179 5
    endloop
  endfacet
  facet normal 0 0 1
    outer loop
      vertex -17.0618 11.4003 5
      vertex -16.7221 14.3179 5
      vertex -16.9922 14.67 5
    endloop
  endfacet
  facet normal 0 0 1
    outer loop
      vertex -16.37 14.0478 5
      vertex -17.0618 11.4003 5
      vertex -15.8622 13.0177 5
    endloop
  endfacet
  facet normal 0 0 1
    outer loop
      vertex -23.2811 15.556 5
      vertex -16.9922 14.67 5
      vertex -17.1621 15.08 5
    endloop
  endfacet
  facet normal -0 0 1
    outer loop
      vertex -23.2811 15.556 5
      vertex -17.22 15.52 5
      vertex -21.6443 17.763 5
    endloop
  endfacet
  facet normal 0 0 1
    outer loop
      vertex -16.9922 16.37 5
      vertex -21.6443 17.763 5
      vertex -17.1621 15.96 5
    endloop
  endfacet
  facet normal 0 0 1
    outer loop
      vertex -17.1621 15.96 5
      vertex -21.6443 17.763 5
      vertex -17.22 15.52 5
    endloop
  endfacet
  facet normal 0 0 1
    outer loop
      vertex -17.22 15.52 5
      vertex -23.2811 15.556 5
      vertex -17.1621 15.08 5
    endloop
  endfacet
  facet normal 0 0 1
    outer loop
      vertex -16.9922 14.67 5
      vertex -23.2811 15.556 5
      vertex -17.0618 11.4003 5
    endloop
  endfacet
  facet normal 0 0 1
    outer loop
      vertex -17.0618 11.4003 5
      vertex -23.2811 15.556 5
      vertex -18.097 9.67306 5
    endloop
  endfacet
  facet normal -0 0 1
    outer loop
      vertex -24.6938 13.1991 5
      vertex -18.097 9.67306 5
      vertex -23.2811 15.556 5
    endloop
  endfacet
  facet normal 0 0 1
    outer loop
      vertex -18.097 9.67306 5
      vertex -24.6938 13.1991 5
      vertex -18.958 7.85266 5
    endloop
  endfacet
  facet normal -0 0 1
    outer loop
      vertex -25.8686 10.7151 5
      vertex -18.958 7.85266 5
      vertex -24.6938 13.1991 5
    endloop
  endfacet
  facet normal 0 0 1
    outer loop
      vertex -18.958 7.85266 5
      vertex -25.8686 10.7151 5
      vertex -19.6364 5.95664 5
    endloop
  endfacet
  facet normal -0.0490576 -0.998796 0
    outer loop
      vertex -2.74448 -27.8652 0
      vertex 0 -28 5
      vertex -2.74448 -27.8652 5
    endloop
  endfacet
  facet normal -0.0490576 -0.998796 -0
    outer loop
      vertex 0 -28 5
      vertex -2.74448 -27.8652 0
      vertex 0 -28 0
    endloop
  endfacet
  facet normal -0.998796 0.0490576 0
    outer loop
      vertex -28 0 0
      vertex -27.8652 2.74448 5
      vertex -27.8652 2.74448 0
    endloop
  endfacet
  facet normal -0.998796 0.0490576 0
    outer loop
      vertex -27.8652 2.74448 5
      vertex -28 0 0
      vertex -28 0 5
    endloop
  endfacet
  facet normal -0.336893 -0.941543 0
    outer loop
      vertex -10.7151 -25.8686 0
      vertex -8.12797 -26.7943 5
      vertex -10.7151 -25.8686 5
    endloop
  endfacet
  facet normal -0.336893 -0.941543 -0
    outer loop
      vertex -8.12797 -26.7943 5
      vertex -10.7151 -25.8686 0
      vertex -8.12797 -26.7943 0
    endloop
  endfacet
  facet normal 0.740955 -0.671554 0
    outer loop
      vertex 19.799 -19.799 5
      vertex 21.6443 -17.763 0
      vertex 21.6443 -17.763 5
    endloop
  endfacet
  facet normal 0.740955 -0.671554 0
    outer loop
      vertex 21.6443 -17.763 0
      vertex 19.799 -19.799 5
      vertex 19.799 -19.799 0
    endloop
  endfacet
  facet normal 0.671554 -0.740955 0
    outer loop
      vertex 17.763 -21.6443 0
      vertex 19.799 -19.799 5
      vertex 17.763 -21.6443 5
    endloop
  endfacet
  facet normal 0.671554 -0.740955 0
    outer loop
      vertex 19.799 -19.799 5
      vertex 17.763 -21.6443 0
      vertex 19.799 -19.799 0
    endloop
  endfacet
  facet normal 0.989175 0.146742 0
    outer loop
      vertex 20.4212 2.01131 10.9
      vertex 20.1257 4.00325 5
      vertex 20.1257 4.00325 10.9
    endloop
  endfacet
  facet normal 0.989175 0.146742 0
    outer loop
      vertex 20.1257 4.00325 5
      vertex 20.4212 2.01131 10.9
      vertex 20.4212 2.01131 5
    endloop
  endfacet
  facet normal 0.998796 0.0490631 0
    outer loop
      vertex 20.52 0 10.9
      vertex 20.4212 2.01131 5
      vertex 20.4212 2.01131 10.9
    endloop
  endfacet
  facet normal 0.998796 0.0490631 0
    outer loop
      vertex 20.4212 2.01131 5
      vertex 20.52 0 10.9
      vertex 20.52 0 5
    endloop
  endfacet
  facet normal 0.970031 0.242981 0
    outer loop
      vertex 20.1257 4.00325 10.9
      vertex 19.6364 5.95664 5
      vertex 19.6364 5.95664 10.9
    endloop
  endfacet
  facet normal 0.970031 0.242981 0
    outer loop
      vertex 19.6364 5.95664 5
      vertex 20.1257 4.00325 10.9
      vertex 20.1257 4.00325 5
    endloop
  endfacet
  facet normal -0.242981 0.970031 0
    outer loop
      vertex -4.00325 20.1257 5
      vertex -5.95664 19.6364 10.9
      vertex -4.00325 20.1257 10.9
    endloop
  endfacet
  facet normal -0.242981 0.970031 0
    outer loop
      vertex -5.95664 19.6364 10.9
      vertex -4.00325 20.1257 5
      vertex -5.95664 19.6364 5
    endloop
  endfacet
  facet normal 0.740941 0.67157 0
    outer loop
      vertex 15.8622 13.0177 10.9
      vertex 15.0829 13.8775 5
      vertex 15.0829 13.8775 10.9
    endloop
  endfacet
  facet normal 0.740941 0.67157 0
    outer loop
      vertex 15.0829 13.8775 5
      vertex 15.8622 13.0177 10.9
      vertex 15.8622 13.0177 5
    endloop
  endfacet
  facet normal -0.146742 0.989175 0
    outer loop
      vertex -2.01131 20.4212 5
      vertex -4.00325 20.1257 10.9
      vertex -2.01131 20.4212 10.9
    endloop
  endfacet
  facet normal -0.146742 0.989175 0
    outer loop
      vertex -4.00325 20.1257 10.9
      vertex -2.01131 20.4212 5
      vertex -4.00325 20.1257 5
    endloop
  endfacet
  facet normal -0.242981 -0.970031 0
    outer loop
      vertex -5.95664 -19.6364 5
      vertex -4.00325 -20.1257 10.9
      vertex -5.95664 -19.6364 10.9
    endloop
  endfacet
  facet normal -0.242981 -0.970031 -0
    outer loop
      vertex -4.00325 -20.1257 10.9
      vertex -5.95664 -19.6364 5
      vertex -4.00325 -20.1257 5
    endloop
  endfacet
  facet normal 0.336887 0.941545 -0
    outer loop
      vertex 7.85266 18.958 5
      vertex 5.95664 19.6364 10.9
      vertex 7.85266 18.958 10.9
    endloop
  endfacet
  facet normal 0.336887 0.941545 0
    outer loop
      vertex 5.95664 19.6364 10.9
      vertex 7.85266 18.958 5
      vertex 5.95664 19.6364 5
    endloop
  endfacet
  facet normal 0.514078 0.857743 -0
    outer loop
      vertex 11.4003 17.0618 5
      vertex 9.67306 18.097 10.9
      vertex 11.4003 17.0618 10.9
    endloop
  endfacet
  facet normal 0.514078 0.857743 0
    outer loop
      vertex 9.67306 18.097 10.9
      vertex 11.4003 17.0618 5
      vertex 9.67306 18.097 5
    endloop
  endfacet
  facet normal 0.998796 -0.0490631 0
    outer loop
      vertex 20.4212 -2.01131 10.9
      vertex 20.52 0 5
      vertex 20.52 0 10.9
    endloop
  endfacet
  facet normal 0.998796 -0.0490631 0
    outer loop
      vertex 20.52 0 5
      vertex 20.4212 -2.01131 10.9
      vertex 20.4212 -2.01131 5
    endloop
  endfacet
  facet normal -0.970031 -0.242981 0
    outer loop
      vertex -19.6364 -5.95664 5
      vertex -20.1257 -4.00325 10.9
      vertex -20.1257 -4.00325 5
    endloop
  endfacet
  facet normal -0.970031 -0.242981 0
    outer loop
      vertex -20.1257 -4.00325 10.9
      vertex -19.6364 -5.95664 5
      vertex -19.6364 -5.95664 10.9
    endloop
  endfacet
  facet normal 0.242981 -0.970031 0
    outer loop
      vertex 4.00325 -20.1257 5
      vertex 5.95664 -19.6364 10.9
      vertex 4.00325 -20.1257 10.9
    endloop
  endfacet
  facet normal 0.242981 -0.970031 0
    outer loop
      vertex 5.95664 -19.6364 10.9
      vertex 4.00325 -20.1257 5
      vertex 5.95664 -19.6364 5
    endloop
  endfacet
  facet normal -0.595717 0.803195 0
    outer loop
      vertex -11.4003 17.0618 5
      vertex -13.0177 15.8622 10.9
      vertex -11.4003 17.0618 10.9
    endloop
  endfacet
  facet normal -0.595717 0.803195 0
    outer loop
      vertex -13.0177 15.8622 10.9
      vertex -11.4003 17.0618 5
      vertex -13.0177 15.8622 5
    endloop
  endfacet
  facet normal -0.989175 0.146742 0
    outer loop
      vertex -20.4212 2.01131 5
      vertex -20.1257 4.00325 10.9
      vertex -20.1257 4.00325 5
    endloop
  endfacet
  facet normal -0.989175 0.146742 0
    outer loop
      vertex -20.1257 4.00325 10.9
      vertex -20.4212 2.01131 5
      vertex -20.4212 2.01131 10.9
    endloop
  endfacet
  facet normal -0.427561 -0.903986 0
    outer loop
      vertex -9.67306 -18.097 5
      vertex -7.85266 -18.958 10.9
      vertex -9.67306 -18.097 10.9
    endloop
  endfacet
  facet normal -0.427561 -0.903986 -0
    outer loop
      vertex -7.85266 -18.958 10.9
      vertex -9.67306 -18.097 5
      vertex -7.85266 -18.958 5
    endloop
  endfacet
  facet normal -0.67157 -0.740941 0
    outer loop
      vertex -13.8775 -15.0829 5
      vertex -13.0177 -15.8622 10.9
      vertex -13.8775 -15.0829 10.9
    endloop
  endfacet
  facet normal -0.67157 -0.740941 -0
    outer loop
      vertex -13.0177 -15.8622 10.9
      vertex -13.8775 -15.0829 5
      vertex -13.0177 -15.8622 5
    endloop
  endfacet
  facet normal -0.903986 0.427561 0
    outer loop
      vertex -18.958 7.85266 5
      vertex -18.097 9.67306 10.9
      vertex -18.097 9.67306 5
    endloop
  endfacet
  facet normal -0.903986 0.427561 0
    outer loop
      vertex -18.097 9.67306 10.9
      vertex -18.958 7.85266 5
      vertex -18.958 7.85266 10.9
    endloop
  endfacet
  facet normal -0.941545 -0.336887 0
    outer loop
      vertex -18.958 -7.85266 5
      vertex -19.6364 -5.95664 10.9
      vertex -19.6364 -5.95664 5
    endloop
  endfacet
  facet normal -0.941545 -0.336887 0
    outer loop
      vertex -19.6364 -5.95664 10.9
      vertex -18.958 -7.85266 5
      vertex -18.958 -7.85266 10.9
    endloop
  endfacet
  facet normal 0.857743 -0.514078 0
    outer loop
      vertex 17.0618 -11.4003 10.9
      vertex 18.097 -9.67306 5
      vertex 18.097 -9.67306 10.9
    endloop
  endfacet
  facet normal 0.857743 -0.514078 0
    outer loop
      vertex 18.097 -9.67306 5
      vertex 17.0618 -11.4003 10.9
      vertex 17.0618 -11.4003 5
    endloop
  endfacet
  facet normal 0.903986 -0.427561 0
    outer loop
      vertex 18.097 -9.67306 10.9
      vertex 18.958 -7.85266 5
      vertex 18.958 -7.85266 10.9
    endloop
  endfacet
  facet normal 0.903986 -0.427561 0
    outer loop
      vertex 18.958 -7.85266 5
      vertex 18.097 -9.67306 10.9
      vertex 18.097 -9.67306 5
    endloop
  endfacet
  facet normal 0.427561 -0.903986 0
    outer loop
      vertex 7.85266 -18.958 5
      vertex 9.67306 -18.097 10.9
      vertex 7.85266 -18.958 10.9
    endloop
  endfacet
  facet normal 0.427561 -0.903986 0
    outer loop
      vertex 9.67306 -18.097 10.9
      vertex 7.85266 -18.958 5
      vertex 9.67306 -18.097 5
    endloop
  endfacet
  facet normal -0.595717 -0.803195 0
    outer loop
      vertex -13.0177 -15.8622 5
      vertex -11.4003 -17.0618 10.9
      vertex -13.0177 -15.8622 10.9
    endloop
  endfacet
  facet normal -0.595717 -0.803195 -0
    outer loop
      vertex -11.4003 -17.0618 10.9
      vertex -13.0177 -15.8622 5
      vertex -11.4003 -17.0618 5
    endloop
  endfacet
  facet normal -0.336887 0.941545 0
    outer loop
      vertex -5.95664 19.6364 5
      vertex -7.85266 18.958 10.9
      vertex -5.95664 19.6364 10.9
    endloop
  endfacet
  facet normal -0.336887 0.941545 0
    outer loop
      vertex -7.85266 18.958 10.9
      vertex -5.95664 19.6364 5
      vertex -7.85266 18.958 5
    endloop
  endfacet
  facet normal 0.427561 0.903986 -0
    outer loop
      vertex 9.67306 18.097 5
      vertex 7.85266 18.958 10.9
      vertex 9.67306 18.097 10.9
    endloop
  endfacet
  facet normal 0.427561 0.903986 0
    outer loop
      vertex 7.85266 18.958 10.9
      vertex 9.67306 18.097 5
      vertex 7.85266 18.958 5
    endloop
  endfacet
  facet normal -0.998796 -0.0490631 0
    outer loop
      vertex -20.4212 -2.01131 5
      vertex -20.52 0 10.9
      vertex -20.52 0 5
    endloop
  endfacet
  facet normal -0.998796 -0.0490631 0
    outer loop
      vertex -20.52 0 10.9
      vertex -20.4212 -2.01131 5
      vertex -20.4212 -2.01131 10.9
    endloop
  endfacet
  facet normal 0.242981 0.970031 -0
    outer loop
      vertex 5.95664 19.6364 5
      vertex 4.00325 20.1257 10.9
      vertex 5.95664 19.6364 10.9
    endloop
  endfacet
  facet normal 0.242981 0.970031 0
    outer loop
      vertex 4.00325 20.1257 10.9
      vertex 5.95664 19.6364 5
      vertex 4.00325 20.1257 5
    endloop
  endfacet
  facet normal 0.803195 0.595717 0
    outer loop
      vertex 17.0618 11.4003 10.9
      vertex 15.8622 13.0177 5
      vertex 15.8622 13.0177 10.9
    endloop
  endfacet
  facet normal 0.803195 0.595717 0
    outer loop
      vertex 15.8622 13.0177 5
      vertex 17.0618 11.4003 10.9
      vertex 17.0618 11.4003 5
    endloop
  endfacet
  facet normal 0.0490631 0.998796 -0
    outer loop
      vertex 2.01131 20.4212 5
      vertex 0 20.52 10.9
      vertex 2.01131 20.4212 10.9
    endloop
  endfacet
  facet normal 0.0490631 0.998796 0
    outer loop
      vertex 0 20.52 10.9
      vertex 2.01131 20.4212 5
      vertex 0 20.52 5
    endloop
  endfacet
  facet normal 0.336887 -0.941545 0
    outer loop
      vertex 5.95664 -19.6364 5
      vertex 7.85266 -18.958 10.9
      vertex 5.95664 -19.6364 10.9
    endloop
  endfacet
  facet normal 0.336887 -0.941545 0
    outer loop
      vertex 7.85266 -18.958 10.9
      vertex 5.95664 -19.6364 5
      vertex 7.85266 -18.958 5
    endloop
  endfacet
  facet normal 0.803195 -0.595717 0
    outer loop
      vertex 15.8622 -13.0177 10.9
      vertex 17.0618 -11.4003 5
      vertex 17.0618 -11.4003 10.9
    endloop
  endfacet
  facet normal 0.803195 -0.595717 0
    outer loop
      vertex 17.0618 -11.4003 5
      vertex 15.8622 -13.0177 10.9
      vertex 15.8622 -13.0177 5
    endloop
  endfacet
  facet normal 0.970031 -0.242981 0
    outer loop
      vertex 19.6364 -5.95664 10.9
      vertex 20.1257 -4.00325 5
      vertex 20.1257 -4.00325 10.9
    endloop
  endfacet
  facet normal 0.970031 -0.242981 0
    outer loop
      vertex 20.1257 -4.00325 5
      vertex 19.6364 -5.95664 10.9
      vertex 19.6364 -5.95664 5
    endloop
  endfacet
  facet normal -0.970031 0.242981 0
    outer loop
      vertex -20.1257 4.00325 5
      vertex -19.6364 5.95664 10.9
      vertex -19.6364 5.95664 5
    endloop
  endfacet
  facet normal -0.970031 0.242981 0
    outer loop
      vertex -19.6364 5.95664 10.9
      vertex -20.1257 4.00325 5
      vertex -20.1257 4.00325 10.9
    endloop
  endfacet
  facet normal -0.803195 -0.595717 0
    outer loop
      vertex -15.8622 -13.0177 5
      vertex -17.0618 -11.4003 10.9
      vertex -17.0618 -11.4003 5
    endloop
  endfacet
  facet normal -0.803195 -0.595717 0
    outer loop
      vertex -17.0618 -11.4003 10.9
      vertex -15.8622 -13.0177 5
      vertex -15.8622 -13.0177 10.9
    endloop
  endfacet
  facet normal -0.514078 -0.857743 0
    outer loop
      vertex -11.4003 -17.0618 5
      vertex -9.67306 -18.097 10.9
      vertex -11.4003 -17.0618 10.9
    endloop
  endfacet
  facet normal -0.514078 -0.857743 -0
    outer loop
      vertex -9.67306 -18.097 10.9
      vertex -11.4003 -17.0618 5
      vertex -9.67306 -18.097 5
    endloop
  endfacet
  facet normal 0.941545 0.336887 0
    outer loop
      vertex 19.6364 5.95664 10.9
      vertex 18.958 7.85266 5
      vertex 18.958 7.85266 10.9
    endloop
  endfacet
  facet normal 0.941545 0.336887 0
    outer loop
      vertex 18.958 7.85266 5
      vertex 19.6364 5.95664 10.9
      vertex 19.6364 5.95664 5
    endloop
  endfacet
  facet normal -0.427561 0.903986 0
    outer loop
      vertex -7.85266 18.958 5
      vertex -9.67306 18.097 10.9
      vertex -7.85266 18.958 10.9
    endloop
  endfacet
  facet normal -0.427561 0.903986 0
    outer loop
      vertex -9.67306 18.097 10.9
      vertex -7.85266 18.958 5
      vertex -9.67306 18.097 5
    endloop
  endfacet
  facet normal 0.595717 0.803195 -0
    outer loop
      vertex 13.0177 15.8622 5
      vertex 11.4003 17.0618 10.9
      vertex 13.0177 15.8622 10.9
    endloop
  endfacet
  facet normal 0.595717 0.803195 0
    outer loop
      vertex 11.4003 17.0618 10.9
      vertex 13.0177 15.8622 5
      vertex 11.4003 17.0618 5
    endloop
  endfacet
  facet normal 0.903986 0.427561 0
    outer loop
      vertex 18.958 7.85266 10.9
      vertex 18.097 9.67306 5
      vertex 18.097 9.67306 10.9
    endloop
  endfacet
  facet normal 0.903986 0.427561 0
    outer loop
      vertex 18.097 9.67306 5
      vertex 18.958 7.85266 10.9
      vertex 18.958 7.85266 5
    endloop
  endfacet
  facet normal -0.0490631 0.998796 0
    outer loop
      vertex 0 20.52 5
      vertex -2.01131 20.4212 10.9
      vertex 0 20.52 10.9
    endloop
  endfacet
  facet normal -0.0490631 0.998796 0
    outer loop
      vertex -2.01131 20.4212 10.9
      vertex 0 20.52 5
      vertex -2.01131 20.4212 5
    endloop
  endfacet
  facet normal 0.989175 -0.146742 0
    outer loop
      vertex 20.1257 -4.00325 10.9
      vertex 20.4212 -2.01131 5
      vertex 20.4212 -2.01131 10.9
    endloop
  endfacet
  facet normal 0.989175 -0.146742 0
    outer loop
      vertex 20.4212 -2.01131 5
      vertex 20.1257 -4.00325 10.9
      vertex 20.1257 -4.00325 5
    endloop
  endfacet
  facet normal -0.740941 -0.67157 0
    outer loop
      vertex -15.0829 -13.8775 5
      vertex -15.8622 -13.0177 10.9
      vertex -15.8622 -13.0177 5
    endloop
  endfacet
  facet normal -0.740941 -0.67157 0
    outer loop
      vertex -15.8622 -13.0177 10.9
      vertex -15.0829 -13.8775 5
      vertex -15.0829 -13.8775 10.9
    endloop
  endfacet
  facet normal 0.857743 0.514078 0
    outer loop
      vertex 18.097 9.67306 10.9
      vertex 17.0618 11.4003 5
      vertex 17.0618 11.4003 10.9
    endloop
  endfacet
  facet normal 0.857743 0.514078 0
    outer loop
      vertex 17.0618 11.4003 5
      vertex 18.097 9.67306 10.9
      vertex 18.097 9.67306 5
    endloop
  endfacet
  facet normal -0.803195 0.595717 0
    outer loop
      vertex -17.0618 11.4003 5
      vertex -15.8622 13.0177 10.9
      vertex -15.8622 13.0177 5
    endloop
  endfacet
  facet normal -0.803195 0.595717 0
    outer loop
      vertex -15.8622 13.0177 10.9
      vertex -17.0618 11.4003 5
      vertex -17.0618 11.4003 10.9
    endloop
  endfacet
  facet normal 0.67157 -0.740941 0
    outer loop
      vertex 13.0177 -15.8622 5
      vertex 13.8775 -15.0829 10.9
      vertex 13.0177 -15.8622 10.9
    endloop
  endfacet
  facet normal 0.67157 -0.740941 0
    outer loop
      vertex 13.8775 -15.0829 10.9
      vertex 13.0177 -15.8622 5
      vertex 13.8775 -15.0829 5
    endloop
  endfacet
  facet normal -0.67157 0.740941 0
    outer loop
      vertex -13.0177 15.8622 5
      vertex -13.8775 15.0829 10.9
      vertex -13.0177 15.8622 10.9
    endloop
  endfacet
  facet normal -0.67157 0.740941 0
    outer loop
      vertex -13.8775 15.0829 10.9
      vertex -13.0177 15.8622 5
      vertex -13.8775 15.0829 5
    endloop
  endfacet
  facet normal 0.146742 -0.989175 0
    outer loop
      vertex 2.01131 -20.4212 5
      vertex 4.00325 -20.1257 10.9
      vertex 2.01131 -20.4212 10.9
    endloop
  endfacet
  facet normal 0.146742 -0.989175 0
    outer loop
      vertex 4.00325 -20.1257 10.9
      vertex 2.01131 -20.4212 5
      vertex 4.00325 -20.1257 5
    endloop
  endfacet
  facet normal 0.595717 -0.803195 0
    outer loop
      vertex 11.4003 -17.0618 5
      vertex 13.0177 -15.8622 10.9
      vertex 11.4003 -17.0618 10.9
    endloop
  endfacet
  facet normal 0.595717 -0.803195 0
    outer loop
      vertex 13.0177 -15.8622 10.9
      vertex 11.4003 -17.0618 5
      vertex 13.0177 -15.8622 5
    endloop
  endfacet
  facet normal 0.514078 -0.857743 0
    outer loop
      vertex 9.67306 -18.097 5
      vertex 11.4003 -17.0618 10.9
      vertex 9.67306 -18.097 10.9
    endloop
  endfacet
  facet normal 0.514078 -0.857743 0
    outer loop
      vertex 11.4003 -17.0618 10.9
      vertex 9.67306 -18.097 5
      vertex 11.4003 -17.0618 5
    endloop
  endfacet
  facet normal -0.857743 0.514078 0
    outer loop
      vertex -18.097 9.67306 5
      vertex -17.0618 11.4003 10.9
      vertex -17.0618 11.4003 5
    endloop
  endfacet
  facet normal -0.857743 0.514078 0
    outer loop
      vertex -17.0618 11.4003 10.9
      vertex -18.097 9.67306 5
      vertex -18.097 9.67306 10.9
    endloop
  endfacet
  facet normal -0.740941 0.67157 0
    outer loop
      vertex -15.8622 13.0177 5
      vertex -15.0829 13.8775 10.9
      vertex -15.0829 13.8775 5
    endloop
  endfacet
  facet normal -0.740941 0.67157 0
    outer loop
      vertex -15.0829 13.8775 10.9
      vertex -15.8622 13.0177 5
      vertex -15.8622 13.0177 10.9
    endloop
  endfacet
  facet normal 0.941545 -0.336887 0
    outer loop
      vertex 18.958 -7.85266 10.9
      vertex 19.6364 -5.95664 5
      vertex 19.6364 -5.95664 10.9
    endloop
  endfacet
  facet normal 0.941545 -0.336887 0
    outer loop
      vertex 19.6364 -5.95664 5
      vertex 18.958 -7.85266 10.9
      vertex 18.958 -7.85266 5
    endloop
  endfacet
  facet normal 0.0490631 -0.998796 0
    outer loop
      vertex 0 -20.52 5
      vertex 2.01131 -20.4212 10.9
      vertex 0 -20.52 10.9
    endloop
  endfacet
  facet normal 0.0490631 -0.998796 0
    outer loop
      vertex 2.01131 -20.4212 10.9
      vertex 0 -20.52 5
      vertex 2.01131 -20.4212 5
    endloop
  endfacet
  facet normal 0.67157 0.740941 -0
    outer loop
      vertex 13.8775 15.0829 5
      vertex 13.0177 15.8622 10.9
      vertex 13.8775 15.0829 10.9
    endloop
  endfacet
  facet normal 0.67157 0.740941 0
    outer loop
      vertex 13.0177 15.8622 10.9
      vertex 13.8775 15.0829 5
      vertex 13.0177 15.8622 5
    endloop
  endfacet
  facet normal -0.903986 -0.427561 0
    outer loop
      vertex -18.097 -9.67306 5
      vertex -18.958 -7.85266 10.9
      vertex -18.958 -7.85266 5
    endloop
  endfacet
  facet normal -0.903986 -0.427561 0
    outer loop
      vertex -18.958 -7.85266 10.9
      vertex -18.097 -9.67306 5
      vertex -18.097 -9.67306 10.9
    endloop
  endfacet
  facet normal -0.989175 -0.146742 0
    outer loop
      vertex -20.1257 -4.00325 5
      vertex -20.4212 -2.01131 10.9
      vertex -20.4212 -2.01131 5
    endloop
  endfacet
  facet normal -0.989175 -0.146742 0
    outer loop
      vertex -20.4212 -2.01131 10.9
      vertex -20.1257 -4.00325 5
      vertex -20.1257 -4.00325 10.9
    endloop
  endfacet
  facet normal 0.146742 0.989175 -0
    outer loop
      vertex 4.00325 20.1257 5
      vertex 2.01131 20.4212 10.9
      vertex 4.00325 20.1257 10.9
    endloop
  endfacet
  facet normal 0.146742 0.989175 0
    outer loop
      vertex 2.01131 20.4212 10.9
      vertex 4.00325 20.1257 5
      vertex 2.01131 20.4212 5
    endloop
  endfacet
  facet normal -0.0490631 -0.998796 0
    outer loop
      vertex -2.01131 -20.4212 5
      vertex 0 -20.52 10.9
      vertex -2.01131 -20.4212 10.9
    endloop
  endfacet
  facet normal -0.0490631 -0.998796 -0
    outer loop
      vertex 0 -20.52 10.9
      vertex -2.01131 -20.4212 5
      vertex 0 -20.52 5
    endloop
  endfacet
  facet normal -0.514078 0.857743 0
    outer loop
      vertex -9.67306 18.097 5
      vertex -11.4003 17.0618 10.9
      vertex -9.67306 18.097 10.9
    endloop
  endfacet
  facet normal -0.514078 0.857743 0
    outer loop
      vertex -11.4003 17.0618 10.9
      vertex -9.67306 18.097 5
      vertex -11.4003 17.0618 5
    endloop
  endfacet
  facet normal 0 0 1
    outer loop
      vertex 3.5 0 10.9
      vertex 20.52 0 10.9
      vertex 20.4212 2.01131 10.9
    endloop
  endfacet
  facet normal 0 0 1
    outer loop
      vertex 3.38074 0.905867 10.9
      vertex 20.4212 2.01131 10.9
      vertex 20.1257 4.00325 10.9
    endloop
  endfacet
  facet normal 0 0 1
    outer loop
      vertex 20.52 0 10.9
      vertex 3.5 0 10.9
      vertex 20.4212 -2.01131 10.9
    endloop
  endfacet
  facet normal 0 0 1
    outer loop
      vertex 3.38074 0.905867 10.9
      vertex 20.1257 4.00325 10.9
      vertex 19.6364 5.95664 10.9
    endloop
  endfacet
  facet normal -0 0 1
    outer loop
      vertex 3.38074 -0.905867 10.9
      vertex 20.4212 -2.01131 10.9
      vertex 3.5 0 10.9
    endloop
  endfacet
  facet normal 0 0 1
    outer loop
      vertex 3.38074 0.905867 10.9
      vertex 19.6364 5.95664 10.9
      vertex 18.958 7.85266 10.9
    endloop
  endfacet
  facet normal 0 0 1
    outer loop
      vertex 20.4212 -2.01131 10.9
      vertex 3.38074 -0.905867 10.9
      vertex 20.1257 -4.00325 10.9
    endloop
  endfacet
  facet normal 0 0 1
    outer loop
      vertex 3.03109 1.75 10.9
      vertex 18.958 7.85266 10.9
      vertex 18.097 9.67306 10.9
    endloop
  endfacet
  facet normal 0 0 1
    outer loop
      vertex 20.1257 -4.00325 10.9
      vertex 3.38074 -0.905867 10.9
      vertex 19.6364 -5.95664 10.9
    endloop
  endfacet
  facet normal 0 0 1
    outer loop
      vertex 3.03109 1.75 10.9
      vertex 18.097 9.67306 10.9
      vertex 17.0618 11.4003 10.9
    endloop
  endfacet
  facet normal 0 0 1
    outer loop
      vertex 19.6364 -5.95664 10.9
      vertex 3.38074 -0.905867 10.9
      vertex 18.958 -7.85266 10.9
    endloop
  endfacet
  facet normal 0 0 1
    outer loop
      vertex 3.03109 1.75 10.9
      vertex 17.0618 11.4003 10.9
      vertex 15.8622 13.0177 10.9
    endloop
  endfacet
  facet normal -0 0 1
    outer loop
      vertex 3.03109 -1.75 10.9
      vertex 18.958 -7.85266 10.9
      vertex 3.38074 -0.905867 10.9
    endloop
  endfacet
  facet normal 0 0 1
    outer loop
      vertex 15.08 13.8779 10.9
      vertex 15.8622 13.0177 10.9
      vertex 15.0829 13.8775 10.9
    endloop
  endfacet
  facet normal 0 0 1
    outer loop
      vertex 18.958 -7.85266 10.9
      vertex 3.03109 -1.75 10.9
      vertex 18.097 -9.67306 10.9
    endloop
  endfacet
  facet normal 0 0 1
    outer loop
      vertex 14.67 14.0478 10.9
      vertex 15.8622 13.0177 10.9
      vertex 15.08 13.8779 10.9
    endloop
  endfacet
  facet normal 0 0 1
    outer loop
      vertex 18.097 -9.67306 10.9
      vertex 3.03109 -1.75 10.9
      vertex 17.0618 -11.4003 10.9
    endloop
  endfacet
  facet normal 0 0 1
    outer loop
      vertex 15.8622 13.0177 10.9
      vertex 14.67 14.0478 10.9
      vertex 3.03109 1.75 10.9
    endloop
  endfacet
  facet normal 0 0 1
    outer loop
      vertex 17.0618 -11.4003 10.9
      vertex 3.03109 -1.75 10.9
      vertex 15.8622 -13.0177 10.9
    endloop
  endfacet
  facet normal 0 0 1
    outer loop
      vertex 2.47487 2.47487 10.9
      vertex 14.67 14.0478 10.9
      vertex 14.3179 14.3179 10.9
    endloop
  endfacet
  facet normal 0 0 1
    outer loop
      vertex 15.8622 -13.0177 10.9
      vertex 15.08 -13.8779 10.9
      vertex 15.0829 -13.8775 10.9
    endloop
  endfacet
  facet normal 0 0 1
    outer loop
      vertex 2.47487 2.47487 10.9
      vertex 14.3179 14.3179 10.9
      vertex 14.0478 14.67 10.9
    endloop
  endfacet
  facet normal 0 -0 1
    outer loop
      vertex 14.67 -14.0478 10.9
      vertex 15.8622 -13.0177 10.9
      vertex 3.03109 -1.75 10.9
    endloop
  endfacet
  facet normal 0 0 1
    outer loop
      vertex 13.0177 15.8622 10.9
      vertex 14.0478 14.67 10.9
      vertex 13.8779 15.08 10.9
    endloop
  endfacet
  facet normal 0 0 1
    outer loop
      vertex 15.8622 -13.0177 10.9
      vertex 14.67 -14.0478 10.9
      vertex 15.08 -13.8779 10.9
    endloop
  endfacet
  facet normal 0 0 1
    outer loop
      vertex 13.0177 15.8622 10.9
      vertex 13.8779 15.08 10.9
      vertex 13.8775 15.0829 10.9
    endloop
  endfacet
  facet normal -0 0 1
    outer loop
      vertex 2.47487 -2.47487 10.9
      vertex 14.67 -14.0478 10.9
      vertex 3.03109 -1.75 10.9
    endloop
  endfacet
  facet normal 0 0 1
    outer loop
      vertex 1.75 3.03109 10.9
      vertex 14.0478 14.67 10.9
      vertex 13.0177 15.8622 10.9
    endloop
  endfacet
  facet normal 0 0 1
    outer loop
      vertex 14.67 -14.0478 10.9
      vertex 2.47487 -2.47487 10.9
      vertex 14.3179 -14.3179 10.9
    endloop
  endfacet
  facet normal 0 0 1
    outer loop
      vertex 1.75 3.03109 10.9
      vertex 13.0177 15.8622 10.9
      vertex 11.4003 17.0618 10.9
    endloop
  endfacet
  facet normal 0 0 1
    outer loop
      vertex 14.3179 -14.3179 10.9
      vertex 2.47487 -2.47487 10.9
      vertex 14.0478 -14.67 10.9
    endloop
  endfacet
  facet normal 0 0 1
    outer loop
      vertex 1.75 3.03109 10.9
      vertex 11.4003 17.0618 10.9
      vertex 9.67306 18.097 10.9
    endloop
  endfacet
  facet normal -0 0 1
    outer loop
      vertex 1.75 -3.03109 10.9
      vertex 14.0478 -14.67 10.9
      vertex 2.47487 -2.47487 10.9
    endloop
  endfacet
  facet normal 0 0 1
    outer loop
      vertex 1.75 3.03109 10.9
      vertex 9.67306 18.097 10.9
      vertex 7.85266 18.958 10.9
    endloop
  endfacet
  facet normal 0 0 1
    outer loop
      vertex 14.0478 -14.67 10.9
      vertex 13.0177 -15.8622 10.9
      vertex 13.8779 -15.08 10.9
    endloop
  endfacet
  facet normal 0 0 1
    outer loop
      vertex 0.905867 3.38074 10.9
      vertex 7.85266 18.958 10.9
      vertex 5.95664 19.6364 10.9
    endloop
  endfacet
  facet normal 0 0 1
    outer loop
      vertex 13.8779 -15.08 10.9
      vertex 13.0177 -15.8622 10.9
      vertex 13.8775 -15.0829 10.9
    endloop
  endfacet
  facet normal 0 0 1
    outer loop
      vertex 0.905867 3.38074 10.9
      vertex 5.95664 19.6364 10.9
      vertex 4.00325 20.1257 10.9
    endloop
  endfacet
  facet normal 0 0 1
    outer loop
      vertex 14.0478 -14.67 10.9
      vertex 1.75 -3.03109 10.9
      vertex 13.0177 -15.8622 10.9
    endloop
  endfacet
  facet normal 0 0 1
    outer loop
      vertex 13.0177 -15.8622 10.9
      vertex 1.75 -3.03109 10.9
      vertex 11.4003 -17.0618 10.9
    endloop
  endfacet
  facet normal 0 0 1
    outer loop
      vertex 20.4212 2.01131 10.9
      vertex 3.38074 0.905867 10.9
      vertex 3.5 0 10.9
    endloop
  endfacet
  facet normal 0 0 1
    outer loop
      vertex 18.958 7.85266 10.9
      vertex 3.03109 1.75 10.9
      vertex 3.38074 0.905867 10.9
    endloop
  endfacet
  facet normal 0 0 1
    outer loop
      vertex 14.67 14.0478 10.9
      vertex 2.47487 2.47487 10.9
      vertex 3.03109 1.75 10.9
    endloop
  endfacet
  facet normal 0 0 1
    outer loop
      vertex 0.905867 3.38074 10.9
      vertex 4.00325 20.1257 10.9
      vertex 2.01131 20.4212 10.9
    endloop
  endfacet
  facet normal 0 0 1
    outer loop
      vertex 14.0478 14.67 10.9
      vertex 1.75 3.03109 10.9
      vertex 2.47487 2.47487 10.9
    endloop
  endfacet
  facet normal 0 0 1
    outer loop
      vertex 7.85266 18.958 10.9
      vertex 0.905867 3.38074 10.9
      vertex 1.75 3.03109 10.9
    endloop
  endfacet
  facet normal 0 0 1
    outer loop
      vertex 0 3.5 10.9
      vertex 2.01131 20.4212 10.9
      vertex 0 20.52 10.9
    endloop
  endfacet
  facet normal 0 0 1
    outer loop
      vertex 2.01131 20.4212 10.9
      vertex 0 3.5 10.9
      vertex 0.905867 3.38074 10.9
    endloop
  endfacet
  facet normal -0 0 1
    outer loop
      vertex -2.01131 20.4212 10.9
      vertex 0 3.5 10.9
      vertex 0 20.52 10.9
    endloop
  endfacet
  facet normal 0 0 1
    outer loop
      vertex 0 3.5 10.9
      vertex -2.01131 20.4212 10.9
      vertex -0.905867 3.38074 10.9
    endloop
  endfacet
  facet normal -0 0 1
    outer loop
      vertex -4.00325 20.1257 10.9
      vertex -0.905867 3.38074 10.9
      vertex -2.01131 20.4212 10.9
    endloop
  endfacet
  facet normal -0 0 1
    outer loop
      vertex -5.95664 19.6364 10.9
      vertex -0.905867 3.38074 10.9
      vertex -4.00325 20.1257 10.9
    endloop
  endfacet
  facet normal -0 0 1
    outer loop
      vertex -7.85266 18.958 10.9
      vertex -0.905867 3.38074 10.9
      vertex -5.95664 19.6364 10.9
    endloop
  endfacet
  facet normal 0 0 1
    outer loop
      vertex -0.905867 3.38074 10.9
      vertex -7.85266 18.958 10.9
      vertex -1.75 3.03109 10.9
    endloop
  endfacet
  facet normal -0 0 1
    outer loop
      vertex -9.67306 18.097 10.9
      vertex -1.75 3.03109 10.9
      vertex -7.85266 18.958 10.9
    endloop
  endfacet
  facet normal -0 0 1
    outer loop
      vertex -11.4003 17.0618 10.9
      vertex -1.75 3.03109 10.9
      vertex -9.67306 18.097 10.9
    endloop
  endfacet
  facet normal 0 0 1
    outer loop
      vertex 11.4003 -17.0618 10.9
      vertex 1.75 -3.03109 10.9
      vertex 9.67306 -18.097 10.9
    endloop
  endfacet
  facet normal 0 0 1
    outer loop
      vertex 9.67306 -18.097 10.9
      vertex 1.75 -3.03109 10.9
      vertex 7.85266 -18.958 10.9
    endloop
  endfacet
  facet normal -0 0 1
    outer loop
      vertex 0.905867 -3.38074 10.9
      vertex 7.85266 -18.958 10.9
      vertex 1.75 -3.03109 10.9
    endloop
  endfacet
  facet normal 0 0 1
    outer loop
      vertex 7.85266 -18.958 10.9
      vertex 0.905867 -3.38074 10.9
      vertex 5.95664 -19.6364 10.9
    endloop
  endfacet
  facet normal 0 0 1
    outer loop
      vertex 5.95664 -19.6364 10.9
      vertex 0.905867 -3.38074 10.9
      vertex 4.00325 -20.1257 10.9
    endloop
  endfacet
  facet normal 0 0 1
    outer loop
      vertex 4.00325 -20.1257 10.9
      vertex 0.905867 -3.38074 10.9
      vertex 2.01131 -20.4212 10.9
    endloop
  endfacet
  facet normal -0 0 1
    outer loop
      vertex 0 -3.5 10.9
      vertex 2.01131 -20.4212 10.9
      vertex 0.905867 -3.38074 10.9
    endloop
  endfacet
  facet normal 0 0 1
    outer loop
      vertex 0 -3.5 10.9
      vertex 0 -20.52 10.9
      vertex 2.01131 -20.4212 10.9
    endloop
  endfacet
  facet normal 0 0 1
    outer loop
      vertex -2.01131 -20.4212 10.9
      vertex 0 -3.5 10.9
      vertex -0.905867 -3.38074 10.9
    endloop
  endfacet
  facet normal 0 0 1
    outer loop
      vertex -7.85266 -18.958 10.9
      vertex -0.905867 -3.38074 10.9
      vertex -1.75 -3.03109 10.9
    endloop
  endfacet
  facet normal 0 0 1
    outer loop
      vertex 0 -3.5 10.9
      vertex -2.01131 -20.4212 10.9
      vertex 0 -20.52 10.9
    endloop
  endfacet
  facet normal 0 0 1
    outer loop
      vertex -14.0478 -14.67 10.9
      vertex -1.75 -3.03109 10.9
      vertex -2.47487 -2.47487 10.9
    endloop
  endfacet
  facet normal 0 0 1
    outer loop
      vertex -14.67 -14.0478 10.9
      vertex -2.47487 -2.47487 10.9
      vertex -3.03109 -1.75 10.9
    endloop
  endfacet
  facet normal 0 0 1
    outer loop
      vertex -18.958 -7.85266 10.9
      vertex -3.03109 -1.75 10.9
      vertex -3.38074 -0.905867 10.9
    endloop
  endfacet
  facet normal 0 0 1
    outer loop
      vertex -20.4212 -2.01131 10.9
      vertex -3.38074 -0.905867 10.9
      vertex -3.5 0 10.9
    endloop
  endfacet
  facet normal 0 0 1
    outer loop
      vertex -0.905867 -3.38074 10.9
      vertex -4.00325 -20.1257 10.9
      vertex -2.01131 -20.4212 10.9
    endloop
  endfacet
  facet normal -0 0 1
    outer loop
      vertex -14.0478 14.67 10.9
      vertex -1.75 3.03109 10.9
      vertex -11.4003 17.0618 10.9
    endloop
  endfacet
  facet normal 0 0 1
    outer loop
      vertex -1.75 3.03109 10.9
      vertex -14.0478 14.67 10.9
      vertex -2.47487 2.47487 10.9
    endloop
  endfacet
  facet normal -0 0 1
    outer loop
      vertex -18.097 9.67306 10.9
      vertex -3.03109 1.75 10.9
      vertex -17.0618 11.4003 10.9
    endloop
  endfacet
  facet normal -0 0 1
    outer loop
      vertex -14.3179 14.3179 10.9
      vertex -2.47487 2.47487 10.9
      vertex -14.0478 14.67 10.9
    endloop
  endfacet
  facet normal 0 0 1
    outer loop
      vertex -2.47487 -2.47487 10.9
      vertex -14.3179 -14.3179 10.9
      vertex -14.0478 -14.67 10.9
    endloop
  endfacet
  facet normal -0 0 1
    outer loop
      vertex -14.67 14.0478 10.9
      vertex -2.47487 2.47487 10.9
      vertex -14.3179 14.3179 10.9
    endloop
  endfacet
  facet normal 0 0 1
    outer loop
      vertex -0.905867 -3.38074 10.9
      vertex -5.95664 -19.6364 10.9
      vertex -4.00325 -20.1257 10.9
    endloop
  endfacet
  facet normal 0 0 1
    outer loop
      vertex -2.47487 2.47487 10.9
      vertex -14.67 14.0478 10.9
      vertex -3.03109 1.75 10.9
    endloop
  endfacet
  facet normal 0 0 1
    outer loop
      vertex -0.905867 -3.38074 10.9
      vertex -7.85266 -18.958 10.9
      vertex -5.95664 -19.6364 10.9
    endloop
  endfacet
  facet normal 0 0 1
    outer loop
      vertex -14.0478 14.67 10.9
      vertex -11.4003 17.0618 10.9
      vertex -13.0177 15.8622 10.9
    endloop
  endfacet
  facet normal 0 0 1
    outer loop
      vertex -1.75 -3.03109 10.9
      vertex -9.67306 -18.097 10.9
      vertex -7.85266 -18.958 10.9
    endloop
  endfacet
  facet normal 0 0 1
    outer loop
      vertex -13.8779 15.08 10.9
      vertex -13.0177 15.8622 10.9
      vertex -13.8775 15.0829 10.9
    endloop
  endfacet
  facet normal 0 0 1
    outer loop
      vertex -14.0478 14.67 10.9
      vertex -13.0177 15.8622 10.9
      vertex -13.8779 15.08 10.9
    endloop
  endfacet
  facet normal -0 0 1
    outer loop
      vertex -17.0618 11.4003 10.9
      vertex -3.03109 1.75 10.9
      vertex -14.67 14.0478 10.9
    endloop
  endfacet
  facet normal 0 0 1
    outer loop
      vertex -13.0177 -15.8622 10.9
      vertex -13.8779 -15.08 10.9
      vertex -13.8775 -15.0829 10.9
    endloop
  endfacet
  facet normal 0 0 1
    outer loop
      vertex -1.75 -3.03109 10.9
      vertex -11.4003 -17.0618 10.9
      vertex -9.67306 -18.097 10.9
    endloop
  endfacet
  facet normal 0 0 1
    outer loop
      vertex -13.0177 -15.8622 10.9
      vertex -14.0478 -14.67 10.9
      vertex -13.8779 -15.08 10.9
    endloop
  endfacet
  facet normal 0 0 1
    outer loop
      vertex -1.75 -3.03109 10.9
      vertex -14.0478 -14.67 10.9
      vertex -11.4003 -17.0618 10.9
    endloop
  endfacet
  facet normal 0 0 1
    outer loop
      vertex -11.4003 -17.0618 10.9
      vertex -14.0478 -14.67 10.9
      vertex -13.0177 -15.8622 10.9
    endloop
  endfacet
  facet normal -0 0 1
    outer loop
      vertex -18.958 7.85266 10.9
      vertex -3.03109 1.75 10.9
      vertex -18.097 9.67306 10.9
    endloop
  endfacet
  facet normal 0 0 1
    outer loop
      vertex -3.38074 0.905867 10.9
      vertex -20.4212 2.01131 10.9
      vertex -3.5 0 10.9
    endloop
  endfacet
  facet normal 0 0 1
    outer loop
      vertex -15.8622 13.0177 10.9
      vertex -14.67 14.0478 10.9
      vertex -15.08 13.8779 10.9
    endloop
  endfacet
  facet normal 0 0 1
    outer loop
      vertex -3.03109 1.75 10.9
      vertex -18.958 7.85266 10.9
      vertex -3.38074 0.905867 10.9
    endloop
  endfacet
  facet normal 0 0 1
    outer loop
      vertex -15.8622 13.0177 10.9
      vertex -15.08 13.8779 10.9
      vertex -15.0829 13.8775 10.9
    endloop
  endfacet
  facet normal -0 0 1
    outer loop
      vertex -19.6364 5.95664 10.9
      vertex -3.38074 0.905867 10.9
      vertex -18.958 7.85266 10.9
    endloop
  endfacet
  facet normal 0 0 1
    outer loop
      vertex -14.67 14.0478 10.9
      vertex -15.8622 13.0177 10.9
      vertex -17.0618 11.4003 10.9
    endloop
  endfacet
  facet normal -0 -0 1
    outer loop
      vertex -15.8622 -13.0177 10.9
      vertex -14.67 -14.0478 10.9
      vertex -17.0618 -11.4003 10.9
    endloop
  endfacet
  facet normal 0 0 1
    outer loop
      vertex -14.67 -14.0478 10.9
      vertex -15.8622 -13.0177 10.9
      vertex -15.08 -13.8779 10.9
    endloop
  endfacet
  facet normal 0 0 1
    outer loop
      vertex -15.08 -13.8779 10.9
      vertex -15.8622 -13.0177 10.9
      vertex -15.0829 -13.8775 10.9
    endloop
  endfacet
  facet normal -0 0 1
    outer loop
      vertex -20.1257 4.00325 10.9
      vertex -3.38074 0.905867 10.9
      vertex -19.6364 5.95664 10.9
    endloop
  endfacet
  facet normal 0 0 1
    outer loop
      vertex -2.47487 -2.47487 10.9
      vertex -14.67 -14.0478 10.9
      vertex -14.3179 -14.3179 10.9
    endloop
  endfacet
  facet normal -0 0 1
    outer loop
      vertex -20.4212 2.01131 10.9
      vertex -3.38074 0.905867 10.9
      vertex -20.1257 4.00325 10.9
    endloop
  endfacet
  facet normal 0 0 1
    outer loop
      vertex -3.03109 -1.75 10.9
      vertex -17.0618 -11.4003 10.9
      vertex -14.67 -14.0478 10.9
    endloop
  endfacet
  facet normal 0 0 1
    outer loop
      vertex -3.38074 -0.905867 10.9
      vertex -20.1257 -4.00325 10.9
      vertex -19.6364 -5.95664 10.9
    endloop
  endfacet
  facet normal 0 0 1
    outer loop
      vertex -3.03109 -1.75 10.9
      vertex -18.097 -9.67306 10.9
      vertex -17.0618 -11.4003 10.9
    endloop
  endfacet
  facet normal 0 0 1
    outer loop
      vertex -3.38074 -0.905867 10.9
      vertex -19.6364 -5.95664 10.9
      vertex -18.958 -7.85266 10.9
    endloop
  endfacet
  facet normal 0 0 1
    outer loop
      vertex -3.03109 -1.75 10.9
      vertex -18.958 -7.85266 10.9
      vertex -18.097 -9.67306 10.9
    endloop
  endfacet
  facet normal 0 0 1
    outer loop
      vertex -20.52 0 10.9
      vertex -3.5 0 10.9
      vertex -20.4212 2.01131 10.9
    endloop
  endfacet
  facet normal 0 0 1
    outer loop
      vertex -3.38074 -0.905867 10.9
      vertex -20.4212 -2.01131 10.9
      vertex -20.1257 -4.00325 10.9
    endloop
  endfacet
  facet normal 0 0 1
    outer loop
      vertex -3.5 0 10.9
      vertex -20.52 0 10.9
      vertex -20.4212 -2.01131 10.9
    endloop
  endfacet
  facet normal -0.941545 0.336887 0
    outer loop
      vertex -19.6364 5.95664 5
      vertex -18.958 7.85266 10.9
      vertex -18.958 7.85266 5
    endloop
  endfacet
  facet normal -0.941545 0.336887 0
    outer loop
      vertex -18.958 7.85266 10.9
      vertex -19.6364 5.95664 5
      vertex -19.6364 5.95664 10.9
    endloop
  endfacet
  facet normal -0.998796 0.0490631 0
    outer loop
      vertex -20.52 0 5
      vertex -20.4212 2.01131 10.9
      vertex -20.4212 2.01131 5
    endloop
  endfacet
  facet normal -0.998796 0.0490631 0
    outer loop
      vertex -20.4212 2.01131 10.9
      vertex -20.52 0 5
      vertex -20.52 0 10.9
    endloop
  endfacet
  facet normal -0.857743 -0.514078 0
    outer loop
      vertex -17.0618 -11.4003 5
      vertex -18.097 -9.67306 10.9
      vertex -18.097 -9.67306 5
    endloop
  endfacet
  facet normal -0.857743 -0.514078 0
    outer loop
      vertex -18.097 -9.67306 10.9
      vertex -17.0618 -11.4003 5
      vertex -17.0618 -11.4003 10.9
    endloop
  endfacet
  facet normal 0.740941 -0.67157 0
    outer loop
      vertex 15.0829 -13.8775 10.9
      vertex 15.8622 -13.0177 5
      vertex 15.8622 -13.0177 10.9
    endloop
  endfacet
  facet normal 0.740941 -0.67157 0
    outer loop
      vertex 15.8622 -13.0177 5
      vertex 15.0829 -13.8775 10.9
      vertex 15.0829 -13.8775 5
    endloop
  endfacet
  facet normal -0.146742 -0.989175 0
    outer loop
      vertex -4.00325 -20.1257 5
      vertex -2.01131 -20.4212 10.9
      vertex -4.00325 -20.1257 10.9
    endloop
  endfacet
  facet normal -0.146742 -0.989175 -0
    outer loop
      vertex -2.01131 -20.4212 10.9
      vertex -4.00325 -20.1257 5
      vertex -2.01131 -20.4212 5
    endloop
  endfacet
  facet normal -0.336887 -0.941545 0
    outer loop
      vertex -7.85266 -18.958 5
      vertex -5.95664 -19.6364 10.9
      vertex -7.85266 -18.958 10.9
    endloop
  endfacet
  facet normal -0.336887 -0.941545 -0
    outer loop
      vertex -5.95664 -19.6364 10.9
      vertex -7.85266 -18.958 5
      vertex -5.95664 -19.6364 5
    endloop
  endfacet
  facet normal 0.195133 -0.980777 0
    outer loop
      vertex -1.03528 25.8637 0
      vertex -0.522104 25.9658 1.9
      vertex -1.03528 25.8637 1.9
    endloop
  endfacet
  facet normal 0.195133 -0.980777 0
    outer loop
      vertex -0.522104 25.9658 1.9
      vertex -1.03528 25.8637 0
      vertex -0.522104 25.9658 0
    endloop
  endfacet
  facet normal 0.0653641 -0.997861 0
    outer loop
      vertex -0.522104 25.9658 0
      vertex 0 26 1.9
      vertex -0.522104 25.9658 1.9
    endloop
  endfacet
  facet normal 0.0653641 -0.997861 0
    outer loop
      vertex 0 26 1.9
      vertex -0.522104 25.9658 0
      vertex 0 26 0
    endloop
  endfacet
  facet normal 0.321469 -0.94692 0
    outer loop
      vertex -1.53073 25.6955 0
      vertex -1.03528 25.8637 1.9
      vertex -1.53073 25.6955 1.9
    endloop
  endfacet
  facet normal 0.321469 -0.94692 0
    outer loop
      vertex -1.03528 25.8637 1.9
      vertex -1.53073 25.6955 0
      vertex -1.03528 25.8637 0
    endloop
  endfacet
  facet normal -0.896883 -0.442268 0
    outer loop
      vertex 3.69552 23.5307 0
      vertex 3.4641 24 1.9
      vertex 3.4641 24 0
    endloop
  endfacet
  facet normal -0.896883 -0.442268 0
    outer loop
      vertex 3.4641 24 1.9
      vertex 3.69552 23.5307 0
      vertex 3.69552 23.5307 1.9
    endloop
  endfacet
  facet normal 0 0 -1
    outer loop
      vertex 3.96578 21.4779 1.9
      vertex 3.96578 22.5221 1.9
      vertex 4 22 1.9
    endloop
  endfacet
  facet normal 0 0 -1
    outer loop
      vertex 3.8637 20.9647 1.9
      vertex 3.96578 22.5221 1.9
      vertex 3.96578 21.4779 1.9
    endloop
  endfacet
  facet normal 0 0 -1
    outer loop
      vertex 3.8637 20.9647 1.9
      vertex 3.8637 23.0353 1.9
      vertex 3.96578 22.5221 1.9
    endloop
  endfacet
  facet normal 0 0 -1
    outer loop
      vertex 3.69552 20.4693 1.9
      vertex 3.8637 23.0353 1.9
      vertex 3.8637 20.9647 1.9
    endloop
  endfacet
  facet normal 0 0 -1
    outer loop
      vertex 3.69552 20.4693 1.9
      vertex 3.69552 23.5307 1.9
      vertex 3.8637 23.0353 1.9
    endloop
  endfacet
  facet normal 0 0 -1
    outer loop
      vertex 3.4641 20 1.9
      vertex 3.69552 23.5307 1.9
      vertex 3.69552 20.4693 1.9
    endloop
  endfacet
  facet normal 0 0 -1
    outer loop
      vertex 3.4641 20 1.9
      vertex 3.4641 24 1.9
      vertex 3.69552 23.5307 1.9
    endloop
  endfacet
  facet normal 0 0 -1
    outer loop
      vertex 3.17341 19.565 1.9
      vertex 3.4641 24 1.9
      vertex 3.4641 20 1.9
    endloop
  endfacet
  facet normal 0 0 -1
    outer loop
      vertex 3.17341 19.565 1.9
      vertex 3.17341 24.435 1.9
      vertex 3.4641 24 1.9
    endloop
  endfacet
  facet normal 0 0 -1
    outer loop
      vertex 2.82843 19.1716 1.9
      vertex 3.17341 24.435 1.9
      vertex 3.17341 19.565 1.9
    endloop
  endfacet
  facet normal 0 0 -1
    outer loop
      vertex 2.82843 19.1716 1.9
      vertex 2.82843 24.8284 1.9
      vertex 3.17341 24.435 1.9
    endloop
  endfacet
  facet normal 0 0 -1
    outer loop
      vertex 2.43505 18.8266 1.9
      vertex 2.82843 24.8284 1.9
      vertex 2.82843 19.1716 1.9
    endloop
  endfacet
  facet normal 0 0 -1
    outer loop
      vertex 2.43505 18.8266 1.9
      vertex 2.43505 25.1734 1.9
      vertex 2.82843 24.8284 1.9
    endloop
  endfacet
  facet normal 0 0 -1
    outer loop
      vertex 2 18.5359 1.9
      vertex 2.43505 25.1734 1.9
      vertex 2.43505 18.8266 1.9
    endloop
  endfacet
  facet normal 0 0 -1
    outer loop
      vertex 2 18.5359 1.9
      vertex 2 25.4641 1.9
      vertex 2.43505 25.1734 1.9
    endloop
  endfacet
  facet normal 0 0 -1
    outer loop
      vertex 1.53073 18.3045 1.9
      vertex 2 25.4641 1.9
      vertex 2 18.5359 1.9
    endloop
  endfacet
  facet normal 0 0 -1
    outer loop
      vertex 1.53073 18.3045 1.9
      vertex 1.53073 25.6955 1.9
      vertex 2 25.4641 1.9
    endloop
  endfacet
  facet normal 0 0 -1
    outer loop
      vertex 1.03528 18.1363 1.9
      vertex 1.53073 25.6955 1.9
      vertex 1.53073 18.3045 1.9
    endloop
  endfacet
  facet normal 0 0 -1
    outer loop
      vertex 1.03528 18.1363 1.9
      vertex 1.03528 25.8637 1.9
      vertex 1.53073 25.6955 1.9
    endloop
  endfacet
  facet normal 0 0 -1
    outer loop
      vertex 0.522104 18.0342 1.9
      vertex 1.03528 25.8637 1.9
      vertex 1.03528 18.1363 1.9
    endloop
  endfacet
  facet normal 0 0 -1
    outer loop
      vertex 0.522104 18.0342 1.9
      vertex 0.522104 25.9658 1.9
      vertex 1.03528 25.8637 1.9
    endloop
  endfacet
  facet normal 0 0 -1
    outer loop
      vertex 0 18 1.9
      vertex 0.522104 25.9658 1.9
      vertex 0.522104 18.0342 1.9
    endloop
  endfacet
  facet normal 0 0 -1
    outer loop
      vertex 0 18 1.9
      vertex 0 26 1.9
      vertex 0.522104 25.9658 1.9
    endloop
  endfacet
  facet normal 0 0 -1
    outer loop
      vertex -0.522104 18.0342 1.9
      vertex 0 26 1.9
      vertex 0 18 1.9
    endloop
  endfacet
  facet normal 0 0 -1
    outer loop
      vertex -0.522104 18.0342 1.9
      vertex -0.522104 25.9658 1.9
      vertex 0 26 1.9
    endloop
  endfacet
  facet normal 0 0 -1
    outer loop
      vertex -1.03528 18.1363 1.9
      vertex -0.522104 25.9658 1.9
      vertex -0.522104 18.0342 1.9
    endloop
  endfacet
  facet normal 0 0 -1
    outer loop
      vertex -1.03528 18.1363 1.9
      vertex -1.03528 25.8637 1.9
      vertex -0.522104 25.9658 1.9
    endloop
  endfacet
  facet normal 0 0 -1
    outer loop
      vertex -1.53073 18.3045 1.9
      vertex -1.03528 25.8637 1.9
      vertex -1.03528 18.1363 1.9
    endloop
  endfacet
  facet normal 0 0 -1
    outer loop
      vertex -1.53073 18.3045 1.9
      vertex -1.53073 25.6955 1.9
      vertex -1.03528 25.8637 1.9
    endloop
  endfacet
  facet normal 0 0 -1
    outer loop
      vertex -2 18.5359 1.9
      vertex -1.53073 25.6955 1.9
      vertex -1.53073 18.3045 1.9
    endloop
  endfacet
  facet normal 0 0 -1
    outer loop
      vertex -2 18.5359 1.9
      vertex -2 25.4641 1.9
      vertex -1.53073 25.6955 1.9
    endloop
  endfacet
  facet normal 0 0 -1
    outer loop
      vertex -2.43505 18.8266 1.9
      vertex -2 25.4641 1.9
      vertex -2 18.5359 1.9
    endloop
  endfacet
  facet normal 0 0 -1
    outer loop
      vertex -2.43505 18.8266 1.9
      vertex -2.43505 25.1734 1.9
      vertex -2 25.4641 1.9
    endloop
  endfacet
  facet normal 0 0 -1
    outer loop
      vertex -2.82843 19.1716 1.9
      vertex -2.43505 25.1734 1.9
      vertex -2.43505 18.8266 1.9
    endloop
  endfacet
  facet normal 0 0 -1
    outer loop
      vertex -2.82843 19.1716 1.9
      vertex -2.82843 24.8284 1.9
      vertex -2.43505 25.1734 1.9
    endloop
  endfacet
  facet normal 0 0 -1
    outer loop
      vertex -3.17341 19.565 1.9
      vertex -2.82843 24.8284 1.9
      vertex -2.82843 19.1716 1.9
    endloop
  endfacet
  facet normal 0 0 -1
    outer loop
      vertex -3.17341 19.565 1.9
      vertex -3.17341 24.435 1.9
      vertex -2.82843 24.8284 1.9
    endloop
  endfacet
  facet normal 0 0 -1
    outer loop
      vertex -3.4641 20 1.9
      vertex -3.17341 24.435 1.9
      vertex -3.17341 19.565 1.9
    endloop
  endfacet
  facet normal 0 0 -1
    outer loop
      vertex -3.4641 20 1.9
      vertex -3.4641 24 1.9
      vertex -3.17341 24.435 1.9
    endloop
  endfacet
  facet normal 0 0 -1
    outer loop
      vertex -3.69552 20.4693 1.9
      vertex -3.4641 24 1.9
      vertex -3.4641 20 1.9
    endloop
  endfacet
  facet normal 0 0 -1
    outer loop
      vertex -3.69552 20.4693 1.9
      vertex -3.69552 23.5307 1.9
      vertex -3.4641 24 1.9
    endloop
  endfacet
  facet normal 0 0 -1
    outer loop
      vertex -3.8637 20.9647 1.9
      vertex -3.69552 23.5307 1.9
      vertex -3.69552 20.4693 1.9
    endloop
  endfacet
  facet normal 0 0 -1
    outer loop
      vertex -3.8637 20.9647 1.9
      vertex -3.8637 23.0353 1.9
      vertex -3.69552 23.5307 1.9
    endloop
  endfacet
  facet normal 0 0 -1
    outer loop
      vertex -3.96578 21.4779 1.9
      vertex -3.8637 23.0353 1.9
      vertex -3.8637 20.9647 1.9
    endloop
  endfacet
  facet normal 0 0 -1
    outer loop
      vertex -3.96578 21.4779 1.9
      vertex -3.96578 22.5221 1.9
      vertex -3.8637 23.0353 1.9
    endloop
  endfacet
  facet normal 0 -0 -1
    outer loop
      vertex -3.96578 22.5221 1.9
      vertex -3.96578 21.4779 1.9
      vertex -4 22 1.9
    endloop
  endfacet
  facet normal 0.946922 -0.321464 0
    outer loop
      vertex -3.8637 23.0353 1.9
      vertex -3.69552 23.5307 0
      vertex -3.69552 23.5307 1.9
    endloop
  endfacet
  facet normal 0.946922 -0.321464 0
    outer loop
      vertex -3.69552 23.5307 0
      vertex -3.8637 23.0353 1.9
      vertex -3.8637 23.0353 0
    endloop
  endfacet
  facet normal 0.980786 -0.195087 0
    outer loop
      vertex -3.96578 22.5221 1.9
      vertex -3.8637 23.0353 0
      vertex -3.8637 23.0353 1.9
    endloop
  endfacet
  facet normal 0.980786 -0.195087 0
    outer loop
      vertex -3.8637 23.0353 0
      vertex -3.96578 22.5221 1.9
      vertex -3.96578 22.5221 0
    endloop
  endfacet
  facet normal -0.659362 -0.751826 0
    outer loop
      vertex 2.43505 25.1734 0
      vertex 2.82843 24.8284 1.9
      vertex 2.43505 25.1734 1.9
    endloop
  endfacet
  facet normal -0.659362 -0.751826 -0
    outer loop
      vertex 2.82843 24.8284 1.9
      vertex 2.43505 25.1734 0
      vertex 2.82843 24.8284 0
    endloop
  endfacet
  facet normal 0.555582 -0.831462 0
    outer loop
      vertex -2.43505 25.1734 0
      vertex -2 25.4641 1.9
      vertex -2.43505 25.1734 1.9
    endloop
  endfacet
  facet normal 0.555582 -0.831462 0
    outer loop
      vertex -2 25.4641 1.9
      vertex -2.43505 25.1734 0
      vertex -2 25.4641 0
    endloop
  endfacet
  facet normal 0.44226 -0.896887 0
    outer loop
      vertex -2 25.4641 0
      vertex -1.53073 25.6955 1.9
      vertex -2 25.4641 1.9
    endloop
  endfacet
  facet normal 0.44226 -0.896887 0
    outer loop
      vertex -1.53073 25.6955 1.9
      vertex -2 25.4641 0
      vertex -1.53073 25.6955 0
    endloop
  endfacet
  facet normal 0.659362 -0.751826 0
    outer loop
      vertex -2.82843 24.8284 0
      vertex -2.43505 25.1734 1.9
      vertex -2.82843 24.8284 1.9
    endloop
  endfacet
  facet normal 0.659362 -0.751826 0
    outer loop
      vertex -2.43505 25.1734 1.9
      vertex -2.82843 24.8284 0
      vertex -2.43505 25.1734 0
    endloop
  endfacet
  facet normal 0.751861 0.659321 0
    outer loop
      vertex -2.82843 19.1716 1.9
      vertex -3.17341 19.565 0
      vertex -3.17341 19.565 1.9
    endloop
  endfacet
  facet normal 0.751861 0.659321 0
    outer loop
      vertex -3.17341 19.565 0
      vertex -2.82843 19.1716 1.9
      vertex -2.82843 19.1716 0
    endloop
  endfacet
  facet normal -0.980786 0.195087 0
    outer loop
      vertex 3.8637 20.9647 0
      vertex 3.96578 21.4779 1.9
      vertex 3.96578 21.4779 0
    endloop
  endfacet
  facet normal -0.980786 0.195087 0
    outer loop
      vertex 3.96578 21.4779 1.9
      vertex 3.8637 20.9647 0
      vertex 3.8637 20.9647 1.9
    endloop
  endfacet
  facet normal 0.751861 -0.659321 0
    outer loop
      vertex -3.17341 24.435 1.9
      vertex -2.82843 24.8284 0
      vertex -2.82843 24.8284 1.9
    endloop
  endfacet
  facet normal 0.751861 -0.659321 0
    outer loop
      vertex -2.82843 24.8284 0
      vertex -3.17341 24.435 1.9
      vertex -3.17341 24.435 0
    endloop
  endfacet
  facet normal 0.980786 0.195087 0
    outer loop
      vertex -3.8637 20.9647 1.9
      vertex -3.96578 21.4779 0
      vertex -3.96578 21.4779 1.9
    endloop
  endfacet
  facet normal 0.980786 0.195087 0
    outer loop
      vertex -3.96578 21.4779 0
      vertex -3.8637 20.9647 1.9
      vertex -3.8637 20.9647 0
    endloop
  endfacet
  facet normal -0.321469 0.94692 0
    outer loop
      vertex 1.53073 18.3045 0
      vertex 1.03528 18.1363 1.9
      vertex 1.53073 18.3045 1.9
    endloop
  endfacet
  facet normal -0.321469 0.94692 0
    outer loop
      vertex 1.03528 18.1363 1.9
      vertex 1.53073 18.3045 0
      vertex 1.03528 18.1363 0
    endloop
  endfacet
  facet normal -0.946922 -0.321464 0
    outer loop
      vertex 3.8637 23.0353 0
      vertex 3.69552 23.5307 1.9
      vertex 3.69552 23.5307 0
    endloop
  endfacet
  facet normal -0.946922 -0.321464 0
    outer loop
      vertex 3.69552 23.5307 1.9
      vertex 3.8637 23.0353 0
      vertex 3.8637 23.0353 1.9
    endloop
  endfacet
  facet normal 0.44226 0.896887 -0
    outer loop
      vertex -1.53073 18.3045 0
      vertex -2 18.5359 1.9
      vertex -1.53073 18.3045 1.9
    endloop
  endfacet
  facet normal 0.44226 0.896887 0
    outer loop
      vertex -2 18.5359 1.9
      vertex -1.53073 18.3045 0
      vertex -2 18.5359 0
    endloop
  endfacet
  facet normal -0.195133 -0.980777 0
    outer loop
      vertex 0.522104 25.9658 0
      vertex 1.03528 25.8637 1.9
      vertex 0.522104 25.9658 1.9
    endloop
  endfacet
  facet normal -0.195133 -0.980777 -0
    outer loop
      vertex 1.03528 25.8637 1.9
      vertex 0.522104 25.9658 0
      vertex 1.03528 25.8637 0
    endloop
  endfacet
  facet normal -0.831441 -0.555613 0
    outer loop
      vertex 3.4641 24 0
      vertex 3.17341 24.435 1.9
      vertex 3.17341 24.435 0
    endloop
  endfacet
  facet normal -0.831441 -0.555613 0
    outer loop
      vertex 3.17341 24.435 1.9
      vertex 3.4641 24 0
      vertex 3.4641 24 1.9
    endloop
  endfacet
  facet normal 0.831441 -0.555613 0
    outer loop
      vertex -3.4641 24 1.9
      vertex -3.17341 24.435 0
      vertex -3.17341 24.435 1.9
    endloop
  endfacet
  facet normal 0.831441 -0.555613 0
    outer loop
      vertex -3.17341 24.435 0
      vertex -3.4641 24 1.9
      vertex -3.4641 24 0
    endloop
  endfacet
  facet normal -0.44226 -0.896887 0
    outer loop
      vertex 1.53073 25.6955 0
      vertex 2 25.4641 1.9
      vertex 1.53073 25.6955 1.9
    endloop
  endfacet
  facet normal -0.44226 -0.896887 -0
    outer loop
      vertex 2 25.4641 1.9
      vertex 1.53073 25.6955 0
      vertex 2 25.4641 0
    endloop
  endfacet
  facet normal 0.831441 0.555613 0
    outer loop
      vertex -3.17341 19.565 1.9
      vertex -3.4641 20 0
      vertex -3.4641 20 1.9
    endloop
  endfacet
  facet normal 0.831441 0.555613 0
    outer loop
      vertex -3.4641 20 0
      vertex -3.17341 19.565 1.9
      vertex -3.17341 19.565 0
    endloop
  endfacet
  facet normal 0.946922 0.321464 0
    outer loop
      vertex -3.69552 20.4693 1.9
      vertex -3.8637 20.9647 0
      vertex -3.8637 20.9647 1.9
    endloop
  endfacet
  facet normal 0.946922 0.321464 0
    outer loop
      vertex -3.8637 20.9647 0
      vertex -3.69552 20.4693 1.9
      vertex -3.69552 20.4693 0
    endloop
  endfacet
  facet normal -0.0653641 -0.997861 0
    outer loop
      vertex 0 26 0
      vertex 0.522104 25.9658 1.9
      vertex 0 26 1.9
    endloop
  endfacet
  facet normal -0.0653641 -0.997861 -0
    outer loop
      vertex 0.522104 25.9658 1.9
      vertex 0 26 0
      vertex 0.522104 25.9658 0
    endloop
  endfacet
  facet normal 0.896883 0.442268 0
    outer loop
      vertex -3.4641 20 1.9
      vertex -3.69552 20.4693 0
      vertex -3.69552 20.4693 1.9
    endloop
  endfacet
  facet normal 0.896883 0.442268 0
    outer loop
      vertex -3.69552 20.4693 0
      vertex -3.4641 20 1.9
      vertex -3.4641 20 0
    endloop
  endfacet
  facet normal -0.44226 0.896887 0
    outer loop
      vertex 2 18.5359 0
      vertex 1.53073 18.3045 1.9
      vertex 2 18.5359 1.9
    endloop
  endfacet
  facet normal -0.44226 0.896887 0
    outer loop
      vertex 1.53073 18.3045 1.9
      vertex 2 18.5359 0
      vertex 1.53073 18.3045 0
    endloop
  endfacet
  facet normal -0.980786 -0.195087 0
    outer loop
      vertex 3.96578 22.5221 0
      vertex 3.8637 23.0353 1.9
      vertex 3.8637 23.0353 0
    endloop
  endfacet
  facet normal -0.980786 -0.195087 0
    outer loop
      vertex 3.8637 23.0353 1.9
      vertex 3.96578 22.5221 0
      vertex 3.96578 22.5221 1.9
    endloop
  endfacet
  facet normal -0.555582 -0.831462 0
    outer loop
      vertex 2 25.4641 0
      vertex 2.43505 25.1734 1.9
      vertex 2 25.4641 1.9
    endloop
  endfacet
  facet normal -0.555582 -0.831462 -0
    outer loop
      vertex 2.43505 25.1734 1.9
      vertex 2 25.4641 0
      vertex 2.43505 25.1734 0
    endloop
  endfacet
  facet normal -0.997859 0.0654027 0
    outer loop
      vertex 3.96578 21.4779 0
      vertex 4 22 1.9
      vertex 4 22 0
    endloop
  endfacet
  facet normal -0.997859 0.0654027 0
    outer loop
      vertex 4 22 1.9
      vertex 3.96578 21.4779 0
      vertex 3.96578 21.4779 1.9
    endloop
  endfacet
  facet normal 0.659362 0.751826 -0
    outer loop
      vertex -2.43505 18.8266 0
      vertex -2.82843 19.1716 1.9
      vertex -2.43505 18.8266 1.9
    endloop
  endfacet
  facet normal 0.659362 0.751826 0
    outer loop
      vertex -2.82843 19.1716 1.9
      vertex -2.43505 18.8266 0
      vertex -2.82843 19.1716 0
    endloop
  endfacet
  facet normal 0.997859 -0.0654027 0
    outer loop
      vertex -4 22 1.9
      vertex -3.96578 22.5221 0
      vertex -3.96578 22.5221 1.9
    endloop
  endfacet
  facet normal 0.997859 -0.0654027 0
    outer loop
      vertex -3.96578 22.5221 0
      vertex -4 22 1.9
      vertex -4 22 0
    endloop
  endfacet
  facet normal -0.555582 0.831462 0
    outer loop
      vertex 2.43505 18.8266 0
      vertex 2 18.5359 1.9
      vertex 2.43505 18.8266 1.9
    endloop
  endfacet
  facet normal -0.555582 0.831462 0
    outer loop
      vertex 2 18.5359 1.9
      vertex 2.43505 18.8266 0
      vertex 2 18.5359 0
    endloop
  endfacet
  facet normal -0.321469 -0.94692 0
    outer loop
      vertex 1.03528 25.8637 0
      vertex 1.53073 25.6955 1.9
      vertex 1.03528 25.8637 1.9
    endloop
  endfacet
  facet normal -0.321469 -0.94692 -0
    outer loop
      vertex 1.53073 25.6955 1.9
      vertex 1.03528 25.8637 0
      vertex 1.53073 25.6955 0
    endloop
  endfacet
  facet normal 0.195133 0.980777 -0
    outer loop
      vertex -0.522104 18.0342 0
      vertex -1.03528 18.1363 1.9
      vertex -0.522104 18.0342 1.9
    endloop
  endfacet
  facet normal 0.195133 0.980777 0
    outer loop
      vertex -1.03528 18.1363 1.9
      vertex -0.522104 18.0342 0
      vertex -1.03528 18.1363 0
    endloop
  endfacet
  facet normal 0.997859 0.0654027 0
    outer loop
      vertex -3.96578 21.4779 1.9
      vertex -4 22 0
      vertex -4 22 1.9
    endloop
  endfacet
  facet normal 0.997859 0.0654027 0
    outer loop
      vertex -4 22 0
      vertex -3.96578 21.4779 1.9
      vertex -3.96578 21.4779 0
    endloop
  endfacet
  facet normal 0.896883 -0.442268 0
    outer loop
      vertex -3.69552 23.5307 1.9
      vertex -3.4641 24 0
      vertex -3.4641 24 1.9
    endloop
  endfacet
  facet normal 0.896883 -0.442268 0
    outer loop
      vertex -3.4641 24 0
      vertex -3.69552 23.5307 1.9
      vertex -3.69552 23.5307 0
    endloop
  endfacet
  facet normal -0.195133 0.980777 0
    outer loop
      vertex 1.03528 18.1363 0
      vertex 0.522104 18.0342 1.9
      vertex 1.03528 18.1363 1.9
    endloop
  endfacet
  facet normal -0.195133 0.980777 0
    outer loop
      vertex 0.522104 18.0342 1.9
      vertex 1.03528 18.1363 0
      vertex 0.522104 18.0342 0
    endloop
  endfacet
  facet normal -0.946922 0.321464 0
    outer loop
      vertex 3.69552 20.4693 0
      vertex 3.8637 20.9647 1.9
      vertex 3.8637 20.9647 0
    endloop
  endfacet
  facet normal -0.946922 0.321464 0
    outer loop
      vertex 3.8637 20.9647 1.9
      vertex 3.69552 20.4693 0
      vertex 3.69552 20.4693 1.9
    endloop
  endfacet
  facet normal -0.896883 0.442268 0
    outer loop
      vertex 3.4641 20 0
      vertex 3.69552 20.4693 1.9
      vertex 3.69552 20.4693 0
    endloop
  endfacet
  facet normal -0.896883 0.442268 0
    outer loop
      vertex 3.69552 20.4693 1.9
      vertex 3.4641 20 0
      vertex 3.4641 20 1.9
    endloop
  endfacet
  facet normal -0.751861 0.659321 0
    outer loop
      vertex 2.82843 19.1716 0
      vertex 3.17341 19.565 1.9
      vertex 3.17341 19.565 0
    endloop
  endfacet
  facet normal -0.751861 0.659321 0
    outer loop
      vertex 3.17341 19.565 1.9
      vertex 2.82843 19.1716 0
      vertex 2.82843 19.1716 1.9
    endloop
  endfacet
  facet normal -0.659362 0.751826 0
    outer loop
      vertex 2.82843 19.1716 0
      vertex 2.43505 18.8266 1.9
      vertex 2.82843 19.1716 1.9
    endloop
  endfacet
  facet normal -0.659362 0.751826 0
    outer loop
      vertex 2.43505 18.8266 1.9
      vertex 2.82843 19.1716 0
      vertex 2.43505 18.8266 0
    endloop
  endfacet
  facet normal -0.751861 -0.659321 0
    outer loop
      vertex 3.17341 24.435 0
      vertex 2.82843 24.8284 1.9
      vertex 2.82843 24.8284 0
    endloop
  endfacet
  facet normal -0.751861 -0.659321 0
    outer loop
      vertex 2.82843 24.8284 1.9
      vertex 3.17341 24.435 0
      vertex 3.17341 24.435 1.9
    endloop
  endfacet
  facet normal -0.831441 0.555613 0
    outer loop
      vertex 3.17341 19.565 0
      vertex 3.4641 20 1.9
      vertex 3.4641 20 0
    endloop
  endfacet
  facet normal -0.831441 0.555613 0
    outer loop
      vertex 3.4641 20 1.9
      vertex 3.17341 19.565 0
      vertex 3.17341 19.565 1.9
    endloop
  endfacet
  facet normal -0.997859 -0.0654027 0
    outer loop
      vertex 4 22 0
      vertex 3.96578 22.5221 1.9
      vertex 3.96578 22.5221 0
    endloop
  endfacet
  facet normal -0.997859 -0.0654027 0
    outer loop
      vertex 3.96578 22.5221 1.9
      vertex 4 22 0
      vertex 4 22 1.9
    endloop
  endfacet
  facet normal 0.555582 0.831462 -0
    outer loop
      vertex -2 18.5359 0
      vertex -2.43505 18.8266 1.9
      vertex -2 18.5359 1.9
    endloop
  endfacet
  facet normal 0.555582 0.831462 0
    outer loop
      vertex -2.43505 18.8266 1.9
      vertex -2 18.5359 0
      vertex -2.43505 18.8266 0
    endloop
  endfacet
  facet normal 0.321469 0.94692 -0
    outer loop
      vertex -1.03528 18.1363 0
      vertex -1.53073 18.3045 1.9
      vertex -1.03528 18.1363 1.9
    endloop
  endfacet
  facet normal 0.321469 0.94692 0
    outer loop
      vertex -1.53073 18.3045 1.9
      vertex -1.03528 18.1363 0
      vertex -1.53073 18.3045 0
    endloop
  endfacet
  facet normal -0.0653641 0.997861 0
    outer loop
      vertex 0.522104 18.0342 0
      vertex 0 18 1.9
      vertex 0.522104 18.0342 1.9
    endloop
  endfacet
  facet normal -0.0653641 0.997861 0
    outer loop
      vertex 0 18 1.9
      vertex 0.522104 18.0342 0
      vertex 0 18 0
    endloop
  endfacet
  facet normal 0.0653641 0.997861 -0
    outer loop
      vertex 0 18 0
      vertex -0.522104 18.0342 1.9
      vertex 0 18 1.9
    endloop
  endfacet
  facet normal 0.0653641 0.997861 0
    outer loop
      vertex -0.522104 18.0342 1.9
      vertex 0 18 0
      vertex -0.522104 18.0342 0
    endloop
  endfacet
  facet normal 0.751842 0.659343 0
    outer loop
      vertex -21.881 -13.8284 1.9
      vertex -22.226 -13.435 0
      vertex -22.226 -13.435 1.9
    endloop
  endfacet
  facet normal 0.751842 0.659343 0
    outer loop
      vertex -22.226 -13.435 0
      vertex -21.881 -13.8284 1.9
      vertex -21.881 -13.8284 0
    endloop
  endfacet
  facet normal 0.659343 0.751842 -0
    outer loop
      vertex -21.4876 -14.1734 0
      vertex -21.881 -13.8284 1.9
      vertex -21.4876 -14.1734 1.9
    endloop
  endfacet
  facet normal 0.659343 0.751842 0
    outer loop
      vertex -21.881 -13.8284 1.9
      vertex -21.4876 -14.1734 0
      vertex -21.881 -13.8284 0
    endloop
  endfacet
  facet normal 0.442238 0.896898 -0
    outer loop
      vertex -20.5833 -14.6955 0
      vertex -21.0526 -14.4641 1.9
      vertex -20.5833 -14.6955 1.9
    endloop
  endfacet
  facet normal 0.442238 0.896898 0
    outer loop
      vertex -21.0526 -14.4641 1.9
      vertex -20.5833 -14.6955 0
      vertex -21.0526 -14.4641 0
    endloop
  endfacet
  facet normal 0.751826 -0.659362 0
    outer loop
      vertex -22.226 -8.56495 1.9
      vertex -21.881 -8.17157 0
      vertex -21.881 -8.17157 1.9
    endloop
  endfacet
  facet normal 0.751826 -0.659362 0
    outer loop
      vertex -21.881 -8.17157 0
      vertex -22.226 -8.56495 1.9
      vertex -22.226 -8.56495 0
    endloop
  endfacet
  facet normal 0.555626 0.831432 -0
    outer loop
      vertex -21.0526 -14.4641 0
      vertex -21.4876 -14.1734 1.9
      vertex -21.0526 -14.4641 1.9
    endloop
  endfacet
  facet normal 0.555626 0.831432 0
    outer loop
      vertex -21.4876 -14.1734 1.9
      vertex -21.0526 -14.4641 0
      vertex -21.4876 -14.1734 0
    endloop
  endfacet
  facet normal 0.831432 0.555626 0
    outer loop
      vertex -22.226 -13.435 1.9
      vertex -22.5167 -13 0
      vertex -22.5167 -13 1.9
    endloop
  endfacet
  facet normal 0.831432 0.555626 0
    outer loop
      vertex -22.5167 -13 0
      vertex -22.226 -13.435 1.9
      vertex -22.226 -13.435 0
    endloop
  endfacet
  facet normal -0.0653646 0.997861 0
    outer loop
      vertex -18.5305 -14.9658 0
      vertex -19.0526 -15 1.9
      vertex -18.5305 -14.9658 1.9
    endloop
  endfacet
  facet normal -0.0653646 0.997861 0
    outer loop
      vertex -19.0526 -15 1.9
      vertex -18.5305 -14.9658 0
      vertex -19.0526 -15 0
    endloop
  endfacet
  facet normal -0.555525 -0.8315 0
    outer loop
      vertex -17.0526 -7.5359 0
      vertex -16.6175 -7.82659 1.9
      vertex -17.0526 -7.5359 1.9
    endloop
  endfacet
  facet normal -0.555525 -0.8315 -0
    outer loop
      vertex -16.6175 -7.82659 1.9
      vertex -17.0526 -7.5359 0
      vertex -16.6175 -7.82659 0
    endloop
  endfacet
  facet normal -0.896822 0.442391 0
    outer loop
      vertex -15.5885 -13 0
      vertex -15.357 -12.5307 1.9
      vertex -15.357 -12.5307 0
    endloop
  endfacet
  facet normal -0.896822 0.442391 0
    outer loop
      vertex -15.357 -12.5307 1.9
      vertex -15.5885 -13 0
      vertex -15.5885 -13 1.9
    endloop
  endfacet
  facet normal 0.94691 0.321498 0
    outer loop
      vertex -22.7481 -12.5307 1.9
      vertex -22.9163 -12.0353 0
      vertex -22.9163 -12.0353 1.9
    endloop
  endfacet
  facet normal 0.94691 0.321498 0
    outer loop
      vertex -22.9163 -12.0353 0
      vertex -22.7481 -12.5307 1.9
      vertex -22.7481 -12.5307 0
    endloop
  endfacet
  facet normal -0.831521 0.555494 0
    outer loop
      vertex -15.8791 -13.435 0
      vertex -15.5885 -13 1.9
      vertex -15.5885 -13 0
    endloop
  endfacet
  facet normal -0.831521 0.555494 0
    outer loop
      vertex -15.5885 -13 1.9
      vertex -15.8791 -13.435 0
      vertex -15.8791 -13.435 1.9
    endloop
  endfacet
  facet normal -0.659343 0.751842 0
    outer loop
      vertex -16.2241 -13.8284 0
      vertex -16.6175 -14.1734 1.9
      vertex -16.2241 -13.8284 1.9
    endloop
  endfacet
  facet normal -0.659343 0.751842 0
    outer loop
      vertex -16.6175 -14.1734 1.9
      vertex -16.2241 -13.8284 0
      vertex -16.6175 -14.1734 0
    endloop
  endfacet
  facet normal -0.946968 0.321327 0
    outer loop
      vertex -15.357 -12.5307 0
      vertex -15.1889 -12.0353 1.9
      vertex -15.1889 -12.0353 0
    endloop
  endfacet
  facet normal -0.946968 0.321327 0
    outer loop
      vertex -15.1889 -12.0353 1.9
      vertex -15.357 -12.5307 0
      vertex -15.357 -12.5307 1.9
    endloop
  endfacet
  facet normal 0.896887 -0.44226 0
    outer loop
      vertex -22.7481 -9.46927 1.9
      vertex -22.5167 -9 0
      vertex -22.5167 -9 1.9
    endloop
  endfacet
  facet normal 0.896887 -0.44226 0
    outer loop
      vertex -22.5167 -9 0
      vertex -22.7481 -9.46927 1.9
      vertex -22.7481 -9.46927 0
    endloop
  endfacet
  facet normal 0.195124 -0.980779 0
    outer loop
      vertex -20.0878 -7.1363 0
      vertex -19.5747 -7.03422 1.9
      vertex -20.0878 -7.1363 1.9
    endloop
  endfacet
  facet normal 0.195124 -0.980779 0
    outer loop
      vertex -19.5747 -7.03422 1.9
      vertex -20.0878 -7.1363 0
      vertex -19.5747 -7.03422 0
    endloop
  endfacet
  facet normal 0.659321 -0.751861 0
    outer loop
      vertex -21.881 -8.17157 0
      vertex -21.4876 -7.82659 1.9
      vertex -21.881 -8.17157 1.9
    endloop
  endfacet
  facet normal 0.659321 -0.751861 0
    outer loop
      vertex -21.4876 -7.82659 1.9
      vertex -21.881 -8.17157 0
      vertex -21.4876 -7.82659 0
    endloop
  endfacet
  facet normal 0.831462 -0.555582 0
    outer loop
      vertex -22.5167 -9 1.9
      vertex -22.226 -8.56495 0
      vertex -22.226 -8.56495 1.9
    endloop
  endfacet
  facet normal 0.831462 -0.555582 0
    outer loop
      vertex -22.226 -8.56495 0
      vertex -22.5167 -9 1.9
      vertex -22.5167 -9 0
    endloop
  endfacet
  facet normal -0.751826 -0.659362 0
    outer loop
      vertex -15.8791 -8.56495 0
      vertex -16.2241 -8.17157 1.9
      vertex -16.2241 -8.17157 0
    endloop
  endfacet
  facet normal -0.751826 -0.659362 0
    outer loop
      vertex -16.2241 -8.17157 1.9
      vertex -15.8791 -8.56495 0
      vertex -15.8791 -8.56495 1.9
    endloop
  endfacet
  facet normal 0.896898 0.442238 0
    outer loop
      vertex -22.5167 -13 1.9
      vertex -22.7481 -12.5307 0
      vertex -22.7481 -12.5307 1.9
    endloop
  endfacet
  facet normal 0.896898 0.442238 0
    outer loop
      vertex -22.7481 -12.5307 0
      vertex -22.5167 -13 1.9
      vertex -22.5167 -13 0
    endloop
  endfacet
  facet normal -0.0654027 -0.997859 0
    outer loop
      vertex -19.0526 -7 0
      vertex -18.5305 -7.03422 1.9
      vertex -19.0526 -7 1.9
    endloop
  endfacet
  facet normal -0.0654027 -0.997859 -0
    outer loop
      vertex -18.5305 -7.03422 1.9
      vertex -19.0526 -7 0
      vertex -18.5305 -7.03422 0
    endloop
  endfacet
  facet normal -0.555538 0.831491 0
    outer loop
      vertex -16.6175 -14.1734 0
      vertex -17.0526 -14.4641 1.9
      vertex -16.6175 -14.1734 1.9
    endloop
  endfacet
  facet normal -0.555538 0.831491 0
    outer loop
      vertex -17.0526 -14.4641 1.9
      vertex -16.6175 -14.1734 0
      vertex -17.0526 -14.4641 0
    endloop
  endfacet
  facet normal 0.980814 -0.194947 0
    outer loop
      vertex -23.0183 -10.4779 1.9
      vertex -22.9163 -9.96472 0
      vertex -22.9163 -9.96472 1.9
    endloop
  endfacet
  facet normal 0.980814 -0.194947 0
    outer loop
      vertex -22.9163 -9.96472 0
      vertex -23.0183 -10.4779 1.9
      vertex -23.0183 -10.4779 0
    endloop
  endfacet
  facet normal 0.0654027 -0.997859 0
    outer loop
      vertex -19.5747 -7.03422 0
      vertex -19.0526 -7 1.9
      vertex -19.5747 -7.03422 1.9
    endloop
  endfacet
  facet normal 0.0654027 -0.997859 0
    outer loop
      vertex -19.0526 -7 1.9
      vertex -19.5747 -7.03422 0
      vertex -19.0526 -7 0
    endloop
  endfacet
  facet normal 0.980815 0.19494 0
    outer loop
      vertex -22.9163 -12.0353 1.9
      vertex -23.0183 -11.5221 0
      vertex -23.0183 -11.5221 1.9
    endloop
  endfacet
  facet normal 0.980815 0.19494 0
    outer loop
      vertex -23.0183 -11.5221 0
      vertex -22.9163 -12.0353 1.9
      vertex -22.9163 -12.0353 0
    endloop
  endfacet
  facet normal -0.195124 0.980779 0
    outer loop
      vertex -18.0173 -14.8637 0
      vertex -18.5305 -14.9658 1.9
      vertex -18.0173 -14.8637 1.9
    endloop
  endfacet
  facet normal -0.195124 0.980779 0
    outer loop
      vertex -18.5305 -14.9658 1.9
      vertex -18.0173 -14.8637 0
      vertex -18.5305 -14.9658 0
    endloop
  endfacet
  facet normal 0.0653646 0.997861 -0
    outer loop
      vertex -19.0526 -15 0
      vertex -19.5747 -14.9658 1.9
      vertex -19.0526 -15 1.9
    endloop
  endfacet
  facet normal 0.0653646 0.997861 0
    outer loop
      vertex -19.5747 -14.9658 1.9
      vertex -19.0526 -15 0
      vertex -19.5747 -14.9658 0
    endloop
  endfacet
  facet normal -0.751842 0.659343 0
    outer loop
      vertex -16.2241 -13.8284 0
      vertex -15.8791 -13.435 1.9
      vertex -15.8791 -13.435 0
    endloop
  endfacet
  facet normal -0.751842 0.659343 0
    outer loop
      vertex -15.8791 -13.435 1.9
      vertex -16.2241 -13.8284 0
      vertex -16.2241 -13.8284 1.9
    endloop
  endfacet
  facet normal 0.997849 -0.0655549 0
    outer loop
      vertex -23.0526 -11 1.9
      vertex -23.0183 -10.4779 0
      vertex -23.0183 -10.4779 1.9
    endloop
  endfacet
  facet normal 0.997849 -0.0655549 0
    outer loop
      vertex -23.0183 -10.4779 0
      vertex -23.0526 -11 1.9
      vertex -23.0526 -11 0
    endloop
  endfacet
  facet normal 0.321406 -0.946942 0
    outer loop
      vertex -20.5833 -7.30448 0
      vertex -20.0878 -7.1363 1.9
      vertex -20.5833 -7.30448 1.9
    endloop
  endfacet
  facet normal 0.321406 -0.946942 0
    outer loop
      vertex -20.0878 -7.1363 1.9
      vertex -20.5833 -7.30448 0
      vertex -20.0878 -7.1363 0
    endloop
  endfacet
  facet normal 0.94692 -0.321469 0
    outer loop
      vertex -22.9163 -9.96472 1.9
      vertex -22.7481 -9.46927 0
      vertex -22.7481 -9.46927 1.9
    endloop
  endfacet
  facet normal 0.94692 -0.321469 0
    outer loop
      vertex -22.7481 -9.46927 0
      vertex -22.9163 -9.96472 1.9
      vertex -22.9163 -9.96472 0
    endloop
  endfacet
  facet normal -0.442344 -0.896845 0
    outer loop
      vertex -17.5218 -7.30448 0
      vertex -17.0526 -7.5359 1.9
      vertex -17.5218 -7.30448 1.9
    endloop
  endfacet
  facet normal -0.442344 -0.896845 -0
    outer loop
      vertex -17.0526 -7.5359 1.9
      vertex -17.5218 -7.30448 0
      vertex -17.0526 -7.5359 0
    endloop
  endfacet
  facet normal 0.997849 0.0655549 0
    outer loop
      vertex -23.0183 -11.5221 1.9
      vertex -23.0526 -11 0
      vertex -23.0526 -11 1.9
    endloop
  endfacet
  facet normal 0.997849 0.0655549 0
    outer loop
      vertex -23.0526 -11 0
      vertex -23.0183 -11.5221 1.9
      vertex -23.0183 -11.5221 0
    endloop
  endfacet
  facet normal -0.321406 -0.946942 0
    outer loop
      vertex -18.0173 -7.1363 0
      vertex -17.5218 -7.30448 1.9
      vertex -18.0173 -7.1363 1.9
    endloop
  endfacet
  facet normal -0.321406 -0.946942 -0
    outer loop
      vertex -17.5218 -7.30448 1.9
      vertex -18.0173 -7.1363 0
      vertex -17.5218 -7.30448 0
    endloop
  endfacet
  facet normal -0.980779 0.195124 0
    outer loop
      vertex -15.1889 -12.0353 0
      vertex -15.0868 -11.5221 1.9
      vertex -15.0868 -11.5221 0
    endloop
  endfacet
  facet normal -0.980779 0.195124 0
    outer loop
      vertex -15.0868 -11.5221 1.9
      vertex -15.1889 -12.0353 0
      vertex -15.1889 -12.0353 1.9
    endloop
  endfacet
  facet normal 0.442268 -0.896883 0
    outer loop
      vertex -21.0526 -7.5359 0
      vertex -20.5833 -7.30448 1.9
      vertex -21.0526 -7.5359 1.9
    endloop
  endfacet
  facet normal 0.442268 -0.896883 0
    outer loop
      vertex -20.5833 -7.30448 1.9
      vertex -21.0526 -7.5359 0
      vertex -20.5833 -7.30448 0
    endloop
  endfacet
  facet normal -0.32144 0.94693 0
    outer loop
      vertex -17.5218 -14.6955 0
      vertex -18.0173 -14.8637 1.9
      vertex -17.5218 -14.6955 1.9
    endloop
  endfacet
  facet normal -0.32144 0.94693 0
    outer loop
      vertex -18.0173 -14.8637 1.9
      vertex -17.5218 -14.6955 0
      vertex -18.0173 -14.8637 0
    endloop
  endfacet
  facet normal -0.659321 -0.751861 0
    outer loop
      vertex -16.6175 -7.82659 0
      vertex -16.2241 -8.17157 1.9
      vertex -16.6175 -7.82659 1.9
    endloop
  endfacet
  facet normal -0.659321 -0.751861 -0
    outer loop
      vertex -16.2241 -8.17157 1.9
      vertex -16.6175 -7.82659 0
      vertex -16.2241 -8.17157 0
    endloop
  endfacet
  facet normal -0.997861 -0.0653646 0
    outer loop
      vertex -15.0526 -11 0
      vertex -15.0868 -10.4779 1.9
      vertex -15.0868 -10.4779 0
    endloop
  endfacet
  facet normal -0.997861 -0.0653646 0
    outer loop
      vertex -15.0868 -10.4779 1.9
      vertex -15.0526 -11 0
      vertex -15.0526 -11 1.9
    endloop
  endfacet
  facet normal -0.946978 -0.321298 0
    outer loop
      vertex -15.1889 -9.96472 0
      vertex -15.357 -9.46927 1.9
      vertex -15.357 -9.46927 0
    endloop
  endfacet
  facet normal -0.946978 -0.321298 0
    outer loop
      vertex -15.357 -9.46927 1.9
      vertex -15.1889 -9.96472 0
      vertex -15.1889 -9.96472 1.9
    endloop
  endfacet
  facet normal -0.195087 -0.980786 0
    outer loop
      vertex -18.5305 -7.03422 0
      vertex -18.0173 -7.1363 1.9
      vertex -18.5305 -7.03422 1.9
    endloop
  endfacet
  facet normal -0.195087 -0.980786 -0
    outer loop
      vertex -18.0173 -7.1363 1.9
      vertex -18.5305 -7.03422 0
      vertex -18.0173 -7.1363 0
    endloop
  endfacet
  facet normal 0.19516 0.980771 -0
    outer loop
      vertex -19.5747 -14.9658 0
      vertex -20.0878 -14.8637 1.9
      vertex -19.5747 -14.9658 1.9
    endloop
  endfacet
  facet normal 0.19516 0.980771 0
    outer loop
      vertex -20.0878 -14.8637 1.9
      vertex -19.5747 -14.9658 0
      vertex -20.0878 -14.8637 0
    endloop
  endfacet
  facet normal 0.32144 0.94693 -0
    outer loop
      vertex -20.0878 -14.8637 0
      vertex -20.5833 -14.6955 1.9
      vertex -20.0878 -14.8637 1.9
    endloop
  endfacet
  facet normal 0.32144 0.94693 0
    outer loop
      vertex -20.5833 -14.6955 1.9
      vertex -20.0878 -14.8637 0
      vertex -20.5833 -14.6955 0
    endloop
  endfacet
  facet normal -0.442314 0.89686 0
    outer loop
      vertex -17.0526 -14.4641 0
      vertex -17.5218 -14.6955 1.9
      vertex -17.0526 -14.4641 1.9
    endloop
  endfacet
  facet normal -0.442314 0.89686 0
    outer loop
      vertex -17.5218 -14.6955 1.9
      vertex -17.0526 -14.4641 0
      vertex -17.5218 -14.6955 0
    endloop
  endfacet
  facet normal -0.980777 -0.195131 0
    outer loop
      vertex -15.0868 -10.4779 0
      vertex -15.1889 -9.96472 1.9
      vertex -15.1889 -9.96472 0
    endloop
  endfacet
  facet normal -0.980777 -0.195131 0
    outer loop
      vertex -15.1889 -9.96472 1.9
      vertex -15.0868 -10.4779 0
      vertex -15.0868 -10.4779 1.9
    endloop
  endfacet
  facet normal -0.896811 -0.442414 0
    outer loop
      vertex -15.357 -9.46927 0
      vertex -15.5885 -9 1.9
      vertex -15.5885 -9 0
    endloop
  endfacet
  facet normal -0.896811 -0.442414 0
    outer loop
      vertex -15.5885 -9 1.9
      vertex -15.357 -9.46927 0
      vertex -15.357 -9.46927 1.9
    endloop
  endfacet
  facet normal -0.83155 -0.55545 0
    outer loop
      vertex -15.5885 -9 0
      vertex -15.8791 -8.56495 1.9
      vertex -15.8791 -8.56495 0
    endloop
  endfacet
  facet normal -0.83155 -0.55545 0
    outer loop
      vertex -15.8791 -8.56495 1.9
      vertex -15.5885 -9 0
      vertex -15.5885 -9 1.9
    endloop
  endfacet
  facet normal 0 0 -1
    outer loop
      vertex -15.0868 -11.5221 1.9
      vertex -15.0868 -10.4779 1.9
      vertex -15.0526 -11 1.9
    endloop
  endfacet
  facet normal 0 0 -1
    outer loop
      vertex -15.1889 -12.0353 1.9
      vertex -15.0868 -10.4779 1.9
      vertex -15.0868 -11.5221 1.9
    endloop
  endfacet
  facet normal 0 0 -1
    outer loop
      vertex -15.1889 -12.0353 1.9
      vertex -15.1889 -9.96472 1.9
      vertex -15.0868 -10.4779 1.9
    endloop
  endfacet
  facet normal 0 0 -1
    outer loop
      vertex -15.357 -12.5307 1.9
      vertex -15.1889 -9.96472 1.9
      vertex -15.1889 -12.0353 1.9
    endloop
  endfacet
  facet normal 0 0 -1
    outer loop
      vertex -15.357 -12.5307 1.9
      vertex -15.357 -9.46927 1.9
      vertex -15.1889 -9.96472 1.9
    endloop
  endfacet
  facet normal 0 0 -1
    outer loop
      vertex -15.5885 -13 1.9
      vertex -15.357 -9.46927 1.9
      vertex -15.357 -12.5307 1.9
    endloop
  endfacet
  facet normal 0 0 -1
    outer loop
      vertex -15.5885 -13 1.9
      vertex -15.5885 -9 1.9
      vertex -15.357 -9.46927 1.9
    endloop
  endfacet
  facet normal 0 0 -1
    outer loop
      vertex -15.8791 -13.435 1.9
      vertex -15.5885 -9 1.9
      vertex -15.5885 -13 1.9
    endloop
  endfacet
  facet normal 0 0 -1
    outer loop
      vertex -15.8791 -13.435 1.9
      vertex -15.8791 -8.56495 1.9
      vertex -15.5885 -9 1.9
    endloop
  endfacet
  facet normal 0 0 -1
    outer loop
      vertex -16.2241 -13.8284 1.9
      vertex -15.8791 -8.56495 1.9
      vertex -15.8791 -13.435 1.9
    endloop
  endfacet
  facet normal 0 0 -1
    outer loop
      vertex -16.2241 -13.8284 1.9
      vertex -16.2241 -8.17157 1.9
      vertex -15.8791 -8.56495 1.9
    endloop
  endfacet
  facet normal 0 0 -1
    outer loop
      vertex -16.6175 -14.1734 1.9
      vertex -16.2241 -8.17157 1.9
      vertex -16.2241 -13.8284 1.9
    endloop
  endfacet
  facet normal 0 0 -1
    outer loop
      vertex -16.6175 -14.1734 1.9
      vertex -16.6175 -7.82659 1.9
      vertex -16.2241 -8.17157 1.9
    endloop
  endfacet
  facet normal 0 0 -1
    outer loop
      vertex -17.0526 -14.4641 1.9
      vertex -16.6175 -7.82659 1.9
      vertex -16.6175 -14.1734 1.9
    endloop
  endfacet
  facet normal 0 0 -1
    outer loop
      vertex -17.0526 -14.4641 1.9
      vertex -17.0526 -7.5359 1.9
      vertex -16.6175 -7.82659 1.9
    endloop
  endfacet
  facet normal 0 0 -1
    outer loop
      vertex -17.5218 -14.6955 1.9
      vertex -17.0526 -7.5359 1.9
      vertex -17.0526 -14.4641 1.9
    endloop
  endfacet
  facet normal 0 0 -1
    outer loop
      vertex -17.5218 -14.6955 1.9
      vertex -17.5218 -7.30448 1.9
      vertex -17.0526 -7.5359 1.9
    endloop
  endfacet
  facet normal 0 0 -1
    outer loop
      vertex -18.0173 -14.8637 1.9
      vertex -17.5218 -7.30448 1.9
      vertex -17.5218 -14.6955 1.9
    endloop
  endfacet
  facet normal 0 0 -1
    outer loop
      vertex -18.0173 -14.8637 1.9
      vertex -18.0173 -7.1363 1.9
      vertex -17.5218 -7.30448 1.9
    endloop
  endfacet
  facet normal 0 0 -1
    outer loop
      vertex -18.5305 -14.9658 1.9
      vertex -18.0173 -7.1363 1.9
      vertex -18.0173 -14.8637 1.9
    endloop
  endfacet
  facet normal 0 0 -1
    outer loop
      vertex -18.5305 -14.9658 1.9
      vertex -18.5305 -7.03422 1.9
      vertex -18.0173 -7.1363 1.9
    endloop
  endfacet
  facet normal 0 0 -1
    outer loop
      vertex -19.0526 -15 1.9
      vertex -18.5305 -7.03422 1.9
      vertex -18.5305 -14.9658 1.9
    endloop
  endfacet
  facet normal 0 0 -1
    outer loop
      vertex -19.0526 -15 1.9
      vertex -19.0526 -7 1.9
      vertex -18.5305 -7.03422 1.9
    endloop
  endfacet
  facet normal 0 0 -1
    outer loop
      vertex -19.5747 -14.9658 1.9
      vertex -19.0526 -7 1.9
      vertex -19.0526 -15 1.9
    endloop
  endfacet
  facet normal 0 0 -1
    outer loop
      vertex -19.5747 -14.9658 1.9
      vertex -19.5747 -7.03422 1.9
      vertex -19.0526 -7 1.9
    endloop
  endfacet
  facet normal 0 0 -1
    outer loop
      vertex -20.0878 -14.8637 1.9
      vertex -19.5747 -7.03422 1.9
      vertex -19.5747 -14.9658 1.9
    endloop
  endfacet
  facet normal 0 0 -1
    outer loop
      vertex -20.0878 -14.8637 1.9
      vertex -20.0878 -7.1363 1.9
      vertex -19.5747 -7.03422 1.9
    endloop
  endfacet
  facet normal 0 0 -1
    outer loop
      vertex -20.5833 -14.6955 1.9
      vertex -20.0878 -7.1363 1.9
      vertex -20.0878 -14.8637 1.9
    endloop
  endfacet
  facet normal 0 0 -1
    outer loop
      vertex -20.5833 -14.6955 1.9
      vertex -20.5833 -7.30448 1.9
      vertex -20.0878 -7.1363 1.9
    endloop
  endfacet
  facet normal 0 0 -1
    outer loop
      vertex -21.0526 -14.4641 1.9
      vertex -20.5833 -7.30448 1.9
      vertex -20.5833 -14.6955 1.9
    endloop
  endfacet
  facet normal 0 0 -1
    outer loop
      vertex -21.0526 -14.4641 1.9
      vertex -21.0526 -7.5359 1.9
      vertex -20.5833 -7.30448 1.9
    endloop
  endfacet
  facet normal 0 0 -1
    outer loop
      vertex -21.4876 -14.1734 1.9
      vertex -21.0526 -7.5359 1.9
      vertex -21.0526 -14.4641 1.9
    endloop
  endfacet
  facet normal 0 0 -1
    outer loop
      vertex -21.4876 -14.1734 1.9
      vertex -21.4876 -7.82659 1.9
      vertex -21.0526 -7.5359 1.9
    endloop
  endfacet
  facet normal 0 0 -1
    outer loop
      vertex -21.881 -13.8284 1.9
      vertex -21.4876 -7.82659 1.9
      vertex -21.4876 -14.1734 1.9
    endloop
  endfacet
  facet normal 0 0 -1
    outer loop
      vertex -21.881 -13.8284 1.9
      vertex -21.881 -8.17157 1.9
      vertex -21.4876 -7.82659 1.9
    endloop
  endfacet
  facet normal 0 0 -1
    outer loop
      vertex -22.226 -13.435 1.9
      vertex -21.881 -8.17157 1.9
      vertex -21.881 -13.8284 1.9
    endloop
  endfacet
  facet normal 0 0 -1
    outer loop
      vertex -22.226 -13.435 1.9
      vertex -22.226 -8.56495 1.9
      vertex -21.881 -8.17157 1.9
    endloop
  endfacet
  facet normal 0 0 -1
    outer loop
      vertex -22.5167 -13 1.9
      vertex -22.226 -8.56495 1.9
      vertex -22.226 -13.435 1.9
    endloop
  endfacet
  facet normal 0 0 -1
    outer loop
      vertex -22.5167 -13 1.9
      vertex -22.5167 -9 1.9
      vertex -22.226 -8.56495 1.9
    endloop
  endfacet
  facet normal 0 0 -1
    outer loop
      vertex -22.7481 -12.5307 1.9
      vertex -22.5167 -9 1.9
      vertex -22.5167 -13 1.9
    endloop
  endfacet
  facet normal 0 0 -1
    outer loop
      vertex -22.7481 -12.5307 1.9
      vertex -22.7481 -9.46927 1.9
      vertex -22.5167 -9 1.9
    endloop
  endfacet
  facet normal 0 0 -1
    outer loop
      vertex -22.9163 -12.0353 1.9
      vertex -22.7481 -9.46927 1.9
      vertex -22.7481 -12.5307 1.9
    endloop
  endfacet
  facet normal 0 0 -1
    outer loop
      vertex -22.9163 -12.0353 1.9
      vertex -22.9163 -9.96472 1.9
      vertex -22.7481 -9.46927 1.9
    endloop
  endfacet
  facet normal 0 0 -1
    outer loop
      vertex -23.0183 -11.5221 1.9
      vertex -22.9163 -9.96472 1.9
      vertex -22.9163 -12.0353 1.9
    endloop
  endfacet
  facet normal 0 0 -1
    outer loop
      vertex -23.0183 -11.5221 1.9
      vertex -23.0183 -10.4779 1.9
      vertex -22.9163 -9.96472 1.9
    endloop
  endfacet
  facet normal 0 -0 -1
    outer loop
      vertex -23.0183 -10.4779 1.9
      vertex -23.0183 -11.5221 1.9
      vertex -23.0526 -11 1.9
    endloop
  endfacet
  facet normal 0.555613 -0.831441 0
    outer loop
      vertex -21.4876 -7.82659 0
      vertex -21.0526 -7.5359 1.9
      vertex -21.4876 -7.82659 1.9
    endloop
  endfacet
  facet normal 0.555613 -0.831441 0
    outer loop
      vertex -21.0526 -7.5359 1.9
      vertex -21.4876 -7.82659 0
      vertex -21.0526 -7.5359 0
    endloop
  endfacet
  facet normal -0.997861 0.0653646 0
    outer loop
      vertex -15.0868 -11.5221 0
      vertex -15.0526 -11 1.9
      vertex -15.0526 -11 0
    endloop
  endfacet
  facet normal -0.997861 0.0653646 0
    outer loop
      vertex -15.0526 -11 1.9
      vertex -15.0868 -11.5221 0
      vertex -15.0868 -11.5221 1.9
    endloop
  endfacet
  facet normal 0.0653646 0.997861 -0
    outer loop
      vertex 19.0526 -15 0
      vertex 18.5305 -14.9658 1.9
      vertex 19.0526 -15 1.9
    endloop
  endfacet
  facet normal 0.0653646 0.997861 0
    outer loop
      vertex 18.5305 -14.9658 1.9
      vertex 19.0526 -15 0
      vertex 18.5305 -14.9658 0
    endloop
  endfacet
  facet normal -0.980815 0.19494 0
    outer loop
      vertex 22.9163 -12.0353 0
      vertex 23.0183 -11.5221 1.9
      vertex 23.0183 -11.5221 0
    endloop
  endfacet
  facet normal -0.980815 0.19494 0
    outer loop
      vertex 23.0183 -11.5221 1.9
      vertex 22.9163 -12.0353 0
      vertex 22.9163 -12.0353 1.9
    endloop
  endfacet
  facet normal 0.896811 -0.442414 0
    outer loop
      vertex 15.357 -9.46927 1.9
      vertex 15.5885 -9 0
      vertex 15.5885 -9 1.9
    endloop
  endfacet
  facet normal 0.896811 -0.442414 0
    outer loop
      vertex 15.5885 -9 0
      vertex 15.357 -9.46927 1.9
      vertex 15.357 -9.46927 0
    endloop
  endfacet
  facet normal 0.997861 0.0653646 0
    outer loop
      vertex 15.0868 -11.5221 1.9
      vertex 15.0526 -11 0
      vertex 15.0526 -11 1.9
    endloop
  endfacet
  facet normal 0.997861 0.0653646 0
    outer loop
      vertex 15.0526 -11 0
      vertex 15.0868 -11.5221 1.9
      vertex 15.0868 -11.5221 0
    endloop
  endfacet
  facet normal -0.997849 -0.0655549 0
    outer loop
      vertex 23.0526 -11 0
      vertex 23.0183 -10.4779 1.9
      vertex 23.0183 -10.4779 0
    endloop
  endfacet
  facet normal -0.997849 -0.0655549 0
    outer loop
      vertex 23.0183 -10.4779 1.9
      vertex 23.0526 -11 0
      vertex 23.0526 -11 1.9
    endloop
  endfacet
  facet normal -0.831462 -0.555582 0
    outer loop
      vertex 22.5167 -9 0
      vertex 22.226 -8.56495 1.9
      vertex 22.226 -8.56495 0
    endloop
  endfacet
  facet normal -0.831462 -0.555582 0
    outer loop
      vertex 22.226 -8.56495 1.9
      vertex 22.5167 -9 0
      vertex 22.5167 -9 1.9
    endloop
  endfacet
  facet normal -0.751826 -0.659362 0
    outer loop
      vertex 22.226 -8.56495 0
      vertex 21.881 -8.17157 1.9
      vertex 21.881 -8.17157 0
    endloop
  endfacet
  facet normal -0.751826 -0.659362 0
    outer loop
      vertex 21.881 -8.17157 1.9
      vertex 22.226 -8.56495 0
      vertex 22.226 -8.56495 1.9
    endloop
  endfacet
  facet normal -0.997849 0.0655549 0
    outer loop
      vertex 23.0183 -11.5221 0
      vertex 23.0526 -11 1.9
      vertex 23.0526 -11 0
    endloop
  endfacet
  facet normal -0.997849 0.0655549 0
    outer loop
      vertex 23.0526 -11 1.9
      vertex 23.0183 -11.5221 0
      vertex 23.0183 -11.5221 1.9
    endloop
  endfacet
  facet normal -0.896898 0.442238 0
    outer loop
      vertex 22.5167 -13 0
      vertex 22.7481 -12.5307 1.9
      vertex 22.7481 -12.5307 0
    endloop
  endfacet
  facet normal -0.896898 0.442238 0
    outer loop
      vertex 22.7481 -12.5307 1.9
      vertex 22.5167 -13 0
      vertex 22.5167 -13 1.9
    endloop
  endfacet
  facet normal -0.442238 0.896898 0
    outer loop
      vertex 21.0526 -14.4641 0
      vertex 20.5833 -14.6955 1.9
      vertex 21.0526 -14.4641 1.9
    endloop
  endfacet
  facet normal -0.442238 0.896898 0
    outer loop
      vertex 20.5833 -14.6955 1.9
      vertex 21.0526 -14.4641 0
      vertex 20.5833 -14.6955 0
    endloop
  endfacet
  facet normal 0.442314 0.89686 -0
    outer loop
      vertex 17.5218 -14.6955 0
      vertex 17.0526 -14.4641 1.9
      vertex 17.5218 -14.6955 1.9
    endloop
  endfacet
  facet normal 0.442314 0.89686 0
    outer loop
      vertex 17.0526 -14.4641 1.9
      vertex 17.5218 -14.6955 0
      vertex 17.0526 -14.4641 0
    endloop
  endfacet
  facet normal -0.659343 0.751842 0
    outer loop
      vertex 21.881 -13.8284 0
      vertex 21.4876 -14.1734 1.9
      vertex 21.881 -13.8284 1.9
    endloop
  endfacet
  facet normal -0.659343 0.751842 0
    outer loop
      vertex 21.4876 -14.1734 1.9
      vertex 21.881 -13.8284 0
      vertex 21.4876 -14.1734 0
    endloop
  endfacet
  facet normal 0.980779 0.195124 0
    outer loop
      vertex 15.1889 -12.0353 1.9
      vertex 15.0868 -11.5221 0
      vertex 15.0868 -11.5221 1.9
    endloop
  endfacet
  facet normal 0.980779 0.195124 0
    outer loop
      vertex 15.0868 -11.5221 0
      vertex 15.1889 -12.0353 1.9
      vertex 15.1889 -12.0353 0
    endloop
  endfacet
  facet normal 0.751842 0.659343 0
    outer loop
      vertex 16.2241 -13.8284 1.9
      vertex 15.8791 -13.435 0
      vertex 15.8791 -13.435 1.9
    endloop
  endfacet
  facet normal 0.751842 0.659343 0
    outer loop
      vertex 15.8791 -13.435 0
      vertex 16.2241 -13.8284 1.9
      vertex 16.2241 -13.8284 0
    endloop
  endfacet
  facet normal 0.946978 -0.321298 0
    outer loop
      vertex 15.1889 -9.96472 1.9
      vertex 15.357 -9.46927 0
      vertex 15.357 -9.46927 1.9
    endloop
  endfacet
  facet normal 0.946978 -0.321298 0
    outer loop
      vertex 15.357 -9.46927 0
      vertex 15.1889 -9.96472 1.9
      vertex 15.1889 -9.96472 0
    endloop
  endfacet
  facet normal 0.946968 0.321327 0
    outer loop
      vertex 15.357 -12.5307 1.9
      vertex 15.1889 -12.0353 0
      vertex 15.1889 -12.0353 1.9
    endloop
  endfacet
  facet normal 0.946968 0.321327 0
    outer loop
      vertex 15.1889 -12.0353 0
      vertex 15.357 -12.5307 1.9
      vertex 15.357 -12.5307 0
    endloop
  endfacet
  facet normal 0 0 -1
    outer loop
      vertex 23.0183 -11.5221 1.9
      vertex 23.0183 -10.4779 1.9
      vertex 23.0526 -11 1.9
    endloop
  endfacet
  facet normal 0 0 -1
    outer loop
      vertex 22.9163 -12.0353 1.9
      vertex 23.0183 -10.4779 1.9
      vertex 23.0183 -11.5221 1.9
    endloop
  endfacet
  facet normal 0 0 -1
    outer loop
      vertex 22.9163 -12.0353 1.9
      vertex 22.9163 -9.96472 1.9
      vertex 23.0183 -10.4779 1.9
    endloop
  endfacet
  facet normal 0 0 -1
    outer loop
      vertex 22.7481 -12.5307 1.9
      vertex 22.9163 -9.96472 1.9
      vertex 22.9163 -12.0353 1.9
    endloop
  endfacet
  facet normal 0 0 -1
    outer loop
      vertex 22.7481 -12.5307 1.9
      vertex 22.7481 -9.46927 1.9
      vertex 22.9163 -9.96472 1.9
    endloop
  endfacet
  facet normal 0 0 -1
    outer loop
      vertex 22.5167 -13 1.9
      vertex 22.7481 -9.46927 1.9
      vertex 22.7481 -12.5307 1.9
    endloop
  endfacet
  facet normal 0 0 -1
    outer loop
      vertex 22.5167 -13 1.9
      vertex 22.5167 -9 1.9
      vertex 22.7481 -9.46927 1.9
    endloop
  endfacet
  facet normal 0 0 -1
    outer loop
      vertex 22.226 -13.435 1.9
      vertex 22.5167 -9 1.9
      vertex 22.5167 -13 1.9
    endloop
  endfacet
  facet normal 0 0 -1
    outer loop
      vertex 22.226 -13.435 1.9
      vertex 22.226 -8.56495 1.9
      vertex 22.5167 -9 1.9
    endloop
  endfacet
  facet normal 0 0 -1
    outer loop
      vertex 21.881 -13.8284 1.9
      vertex 22.226 -8.56495 1.9
      vertex 22.226 -13.435 1.9
    endloop
  endfacet
  facet normal 0 0 -1
    outer loop
      vertex 21.881 -13.8284 1.9
      vertex 21.881 -8.17157 1.9
      vertex 22.226 -8.56495 1.9
    endloop
  endfacet
  facet normal 0 0 -1
    outer loop
      vertex 21.4876 -14.1734 1.9
      vertex 21.881 -8.17157 1.9
      vertex 21.881 -13.8284 1.9
    endloop
  endfacet
  facet normal 0 0 -1
    outer loop
      vertex 21.4876 -14.1734 1.9
      vertex 21.4876 -7.82659 1.9
      vertex 21.881 -8.17157 1.9
    endloop
  endfacet
  facet normal 0 0 -1
    outer loop
      vertex 21.0526 -14.4641 1.9
      vertex 21.4876 -7.82659 1.9
      vertex 21.4876 -14.1734 1.9
    endloop
  endfacet
  facet normal 0 0 -1
    outer loop
      vertex 21.0526 -14.4641 1.9
      vertex 21.0526 -7.5359 1.9
      vertex 21.4876 -7.82659 1.9
    endloop
  endfacet
  facet normal 0 0 -1
    outer loop
      vertex 20.5833 -14.6955 1.9
      vertex 21.0526 -7.5359 1.9
      vertex 21.0526 -14.4641 1.9
    endloop
  endfacet
  facet normal 0 0 -1
    outer loop
      vertex 20.5833 -14.6955 1.9
      vertex 20.5833 -7.30448 1.9
      vertex 21.0526 -7.5359 1.9
    endloop
  endfacet
  facet normal 0 0 -1
    outer loop
      vertex 20.0878 -14.8637 1.9
      vertex 20.5833 -7.30448 1.9
      vertex 20.5833 -14.6955 1.9
    endloop
  endfacet
  facet normal 0 0 -1
    outer loop
      vertex 20.0878 -14.8637 1.9
      vertex 20.0878 -7.1363 1.9
      vertex 20.5833 -7.30448 1.9
    endloop
  endfacet
  facet normal 0 0 -1
    outer loop
      vertex 19.5747 -14.9658 1.9
      vertex 20.0878 -7.1363 1.9
      vertex 20.0878 -14.8637 1.9
    endloop
  endfacet
  facet normal 0 0 -1
    outer loop
      vertex 19.5747 -14.9658 1.9
      vertex 19.5747 -7.03422 1.9
      vertex 20.0878 -7.1363 1.9
    endloop
  endfacet
  facet normal 0 0 -1
    outer loop
      vertex 19.0526 -15 1.9
      vertex 19.5747 -7.03422 1.9
      vertex 19.5747 -14.9658 1.9
    endloop
  endfacet
  facet normal 0 0 -1
    outer loop
      vertex 19.0526 -15 1.9
      vertex 19.0526 -7 1.9
      vertex 19.5747 -7.03422 1.9
    endloop
  endfacet
  facet normal 0 0 -1
    outer loop
      vertex 18.5305 -14.9658 1.9
      vertex 19.0526 -7 1.9
      vertex 19.0526 -15 1.9
    endloop
  endfacet
  facet normal 0 0 -1
    outer loop
      vertex 18.5305 -14.9658 1.9
      vertex 18.5305 -7.03422 1.9
      vertex 19.0526 -7 1.9
    endloop
  endfacet
  facet normal 0 0 -1
    outer loop
      vertex 18.0173 -14.8637 1.9
      vertex 18.5305 -7.03422 1.9
      vertex 18.5305 -14.9658 1.9
    endloop
  endfacet
  facet normal 0 0 -1
    outer loop
      vertex 18.0173 -14.8637 1.9
      vertex 18.0173 -7.1363 1.9
      vertex 18.5305 -7.03422 1.9
    endloop
  endfacet
  facet normal 0 0 -1
    outer loop
      vertex 17.5218 -14.6955 1.9
      vertex 18.0173 -7.1363 1.9
      vertex 18.0173 -14.8637 1.9
    endloop
  endfacet
  facet normal 0 0 -1
    outer loop
      vertex 17.5218 -14.6955 1.9
      vertex 17.5218 -7.30448 1.9
      vertex 18.0173 -7.1363 1.9
    endloop
  endfacet
  facet normal 0 0 -1
    outer loop
      vertex 17.0526 -14.4641 1.9
      vertex 17.5218 -7.30448 1.9
      vertex 17.5218 -14.6955 1.9
    endloop
  endfacet
  facet normal 0 0 -1
    outer loop
      vertex 17.0526 -14.4641 1.9
      vertex 17.0526 -7.5359 1.9
      vertex 17.5218 -7.30448 1.9
    endloop
  endfacet
  facet normal 0 0 -1
    outer loop
      vertex 16.6175 -14.1734 1.9
      vertex 17.0526 -7.5359 1.9
      vertex 17.0526 -14.4641 1.9
    endloop
  endfacet
  facet normal 0 0 -1
    outer loop
      vertex 16.6175 -14.1734 1.9
      vertex 16.6175 -7.82659 1.9
      vertex 17.0526 -7.5359 1.9
    endloop
  endfacet
  facet normal 0 0 -1
    outer loop
      vertex 16.2241 -13.8284 1.9
      vertex 16.6175 -7.82659 1.9
      vertex 16.6175 -14.1734 1.9
    endloop
  endfacet
  facet normal 0 0 -1
    outer loop
      vertex 16.2241 -13.8284 1.9
      vertex 16.2241 -8.17157 1.9
      vertex 16.6175 -7.82659 1.9
    endloop
  endfacet
  facet normal 0 0 -1
    outer loop
      vertex 15.8791 -13.435 1.9
      vertex 16.2241 -8.17157 1.9
      vertex 16.2241 -13.8284 1.9
    endloop
  endfacet
  facet normal 0 0 -1
    outer loop
      vertex 15.8791 -13.435 1.9
      vertex 15.8791 -8.56495 1.9
      vertex 16.2241 -8.17157 1.9
    endloop
  endfacet
  facet normal 0 0 -1
    outer loop
      vertex 15.5885 -13 1.9
      vertex 15.8791 -8.56495 1.9
      vertex 15.8791 -13.435 1.9
    endloop
  endfacet
  facet normal 0 0 -1
    outer loop
      vertex 15.5885 -13 1.9
      vertex 15.5885 -9 1.9
      vertex 15.8791 -8.56495 1.9
    endloop
  endfacet
  facet normal 0 0 -1
    outer loop
      vertex 15.357 -12.5307 1.9
      vertex 15.5885 -9 1.9
      vertex 15.5885 -13 1.9
    endloop
  endfacet
  facet normal 0 0 -1
    outer loop
      vertex 15.357 -12.5307 1.9
      vertex 15.357 -9.46927 1.9
      vertex 15.5885 -9 1.9
    endloop
  endfacet
  facet normal 0 0 -1
    outer loop
      vertex 15.1889 -12.0353 1.9
      vertex 15.357 -9.46927 1.9
      vertex 15.357 -12.5307 1.9
    endloop
  endfacet
  facet normal 0 0 -1
    outer loop
      vertex 15.1889 -12.0353 1.9
      vertex 15.1889 -9.96472 1.9
      vertex 15.357 -9.46927 1.9
    endloop
  endfacet
  facet normal 0 0 -1
    outer loop
      vertex 15.0868 -11.5221 1.9
      vertex 15.1889 -9.96472 1.9
      vertex 15.1889 -12.0353 1.9
    endloop
  endfacet
  facet normal 0 0 -1
    outer loop
      vertex 15.0868 -11.5221 1.9
      vertex 15.0868 -10.4779 1.9
      vertex 15.1889 -9.96472 1.9
    endloop
  endfacet
  facet normal 0 -0 -1
    outer loop
      vertex 15.0868 -10.4779 1.9
      vertex 15.0868 -11.5221 1.9
      vertex 15.0526 -11 1.9
    endloop
  endfacet
  facet normal 0.195124 0.980779 -0
    outer loop
      vertex 18.5305 -14.9658 0
      vertex 18.0173 -14.8637 1.9
      vertex 18.5305 -14.9658 1.9
    endloop
  endfacet
  facet normal 0.195124 0.980779 0
    outer loop
      vertex 18.0173 -14.8637 1.9
      vertex 18.5305 -14.9658 0
      vertex 18.0173 -14.8637 0
    endloop
  endfacet
  facet normal -0.19516 0.980771 0
    outer loop
      vertex 20.0878 -14.8637 0
      vertex 19.5747 -14.9658 1.9
      vertex 20.0878 -14.8637 1.9
    endloop
  endfacet
  facet normal -0.19516 0.980771 0
    outer loop
      vertex 19.5747 -14.9658 1.9
      vertex 20.0878 -14.8637 0
      vertex 19.5747 -14.9658 0
    endloop
  endfacet
  facet normal -0.0654027 -0.997859 0
    outer loop
      vertex 19.0526 -7 0
      vertex 19.5747 -7.03422 1.9
      vertex 19.0526 -7 1.9
    endloop
  endfacet
  facet normal -0.0654027 -0.997859 -0
    outer loop
      vertex 19.5747 -7.03422 1.9
      vertex 19.0526 -7 0
      vertex 19.5747 -7.03422 0
    endloop
  endfacet
  facet normal -0.659321 -0.751861 0
    outer loop
      vertex 21.4876 -7.82659 0
      vertex 21.881 -8.17157 1.9
      vertex 21.4876 -7.82659 1.9
    endloop
  endfacet
  facet normal -0.659321 -0.751861 -0
    outer loop
      vertex 21.881 -8.17157 1.9
      vertex 21.4876 -7.82659 0
      vertex 21.881 -8.17157 0
    endloop
  endfacet
  facet normal 0.831521 0.555494 0
    outer loop
      vertex 15.8791 -13.435 1.9
      vertex 15.5885 -13 0
      vertex 15.5885 -13 1.9
    endloop
  endfacet
  facet normal 0.831521 0.555494 0
    outer loop
      vertex 15.5885 -13 0
      vertex 15.8791 -13.435 1.9
      vertex 15.8791 -13.435 0
    endloop
  endfacet
  facet normal -0.896887 -0.44226 0
    outer loop
      vertex 22.7481 -9.46927 0
      vertex 22.5167 -9 1.9
      vertex 22.5167 -9 0
    endloop
  endfacet
  facet normal -0.896887 -0.44226 0
    outer loop
      vertex 22.5167 -9 1.9
      vertex 22.7481 -9.46927 0
      vertex 22.7481 -9.46927 1.9
    endloop
  endfacet
  facet normal 0.980777 -0.195131 0
    outer loop
      vertex 15.0868 -10.4779 1.9
      vertex 15.1889 -9.96472 0
      vertex 15.1889 -9.96472 1.9
    endloop
  endfacet
  facet normal 0.980777 -0.195131 0
    outer loop
      vertex 15.1889 -9.96472 0
      vertex 15.0868 -10.4779 1.9
      vertex 15.0868 -10.4779 0
    endloop
  endfacet
  facet normal 0.0654027 -0.997859 0
    outer loop
      vertex 18.5305 -7.03422 0
      vertex 19.0526 -7 1.9
      vertex 18.5305 -7.03422 1.9
    endloop
  endfacet
  facet normal 0.0654027 -0.997859 0
    outer loop
      vertex 19.0526 -7 1.9
      vertex 18.5305 -7.03422 0
      vertex 19.0526 -7 0
    endloop
  endfacet
  facet normal 0.659343 0.751842 -0
    outer loop
      vertex 16.6175 -14.1734 0
      vertex 16.2241 -13.8284 1.9
      vertex 16.6175 -14.1734 1.9
    endloop
  endfacet
  facet normal 0.659343 0.751842 0
    outer loop
      vertex 16.2241 -13.8284 1.9
      vertex 16.6175 -14.1734 0
      vertex 16.2241 -13.8284 0
    endloop
  endfacet
  facet normal -0.195124 -0.980779 0
    outer loop
      vertex 19.5747 -7.03422 0
      vertex 20.0878 -7.1363 1.9
      vertex 19.5747 -7.03422 1.9
    endloop
  endfacet
  facet normal -0.195124 -0.980779 -0
    outer loop
      vertex 20.0878 -7.1363 1.9
      vertex 19.5747 -7.03422 0
      vertex 20.0878 -7.1363 0
    endloop
  endfacet
  facet normal -0.94691 0.321498 0
    outer loop
      vertex 22.7481 -12.5307 0
      vertex 22.9163 -12.0353 1.9
      vertex 22.9163 -12.0353 0
    endloop
  endfacet
  facet normal -0.94691 0.321498 0
    outer loop
      vertex 22.9163 -12.0353 1.9
      vertex 22.7481 -12.5307 0
      vertex 22.7481 -12.5307 1.9
    endloop
  endfacet
  facet normal -0.831432 0.555626 0
    outer loop
      vertex 22.226 -13.435 0
      vertex 22.5167 -13 1.9
      vertex 22.5167 -13 0
    endloop
  endfacet
  facet normal -0.831432 0.555626 0
    outer loop
      vertex 22.5167 -13 1.9
      vertex 22.226 -13.435 0
      vertex 22.226 -13.435 1.9
    endloop
  endfacet
  facet normal 0.32144 0.94693 -0
    outer loop
      vertex 18.0173 -14.8637 0
      vertex 17.5218 -14.6955 1.9
      vertex 18.0173 -14.8637 1.9
    endloop
  endfacet
  facet normal 0.32144 0.94693 0
    outer loop
      vertex 17.5218 -14.6955 1.9
      vertex 18.0173 -14.8637 0
      vertex 17.5218 -14.6955 0
    endloop
  endfacet
  facet normal 0.195087 -0.980786 0
    outer loop
      vertex 18.0173 -7.1363 0
      vertex 18.5305 -7.03422 1.9
      vertex 18.0173 -7.1363 1.9
    endloop
  endfacet
  facet normal 0.195087 -0.980786 0
    outer loop
      vertex 18.5305 -7.03422 1.9
      vertex 18.0173 -7.1363 0
      vertex 18.5305 -7.03422 0
    endloop
  endfacet
  facet normal 0.83155 -0.55545 0
    outer loop
      vertex 15.5885 -9 1.9
      vertex 15.8791 -8.56495 0
      vertex 15.8791 -8.56495 1.9
    endloop
  endfacet
  facet normal 0.83155 -0.55545 0
    outer loop
      vertex 15.8791 -8.56495 0
      vertex 15.5885 -9 1.9
      vertex 15.5885 -9 0
    endloop
  endfacet
  facet normal -0.751842 0.659343 0
    outer loop
      vertex 21.881 -13.8284 0
      vertex 22.226 -13.435 1.9
      vertex 22.226 -13.435 0
    endloop
  endfacet
  facet normal -0.751842 0.659343 0
    outer loop
      vertex 22.226 -13.435 1.9
      vertex 21.881 -13.8284 0
      vertex 21.881 -13.8284 1.9
    endloop
  endfacet
  facet normal -0.555626 0.831432 0
    outer loop
      vertex 21.4876 -14.1734 0
      vertex 21.0526 -14.4641 1.9
      vertex 21.4876 -14.1734 1.9
    endloop
  endfacet
  facet normal -0.555626 0.831432 0
    outer loop
      vertex 21.0526 -14.4641 1.9
      vertex 21.4876 -14.1734 0
      vertex 21.0526 -14.4641 0
    endloop
  endfacet
  facet normal -0.94692 -0.321469 0
    outer loop
      vertex 22.9163 -9.96472 0
      vertex 22.7481 -9.46927 1.9
      vertex 22.7481 -9.46927 0
    endloop
  endfacet
  facet normal -0.94692 -0.321469 0
    outer loop
      vertex 22.7481 -9.46927 1.9
      vertex 22.9163 -9.96472 0
      vertex 22.9163 -9.96472 1.9
    endloop
  endfacet
  facet normal -0.0653646 0.997861 0
    outer loop
      vertex 19.5747 -14.9658 0
      vertex 19.0526 -15 1.9
      vertex 19.5747 -14.9658 1.9
    endloop
  endfacet
  facet normal -0.0653646 0.997861 0
    outer loop
      vertex 19.0526 -15 1.9
      vertex 19.5747 -14.9658 0
      vertex 19.0526 -15 0
    endloop
  endfacet
  facet normal 0.896822 0.442391 0
    outer loop
      vertex 15.5885 -13 1.9
      vertex 15.357 -12.5307 0
      vertex 15.357 -12.5307 1.9
    endloop
  endfacet
  facet normal 0.896822 0.442391 0
    outer loop
      vertex 15.357 -12.5307 0
      vertex 15.5885 -13 1.9
      vertex 15.5885 -13 0
    endloop
  endfacet
  facet normal 0.751826 -0.659362 0
    outer loop
      vertex 15.8791 -8.56495 1.9
      vertex 16.2241 -8.17157 0
      vertex 16.2241 -8.17157 1.9
    endloop
  endfacet
  facet normal 0.751826 -0.659362 0
    outer loop
      vertex 16.2241 -8.17157 0
      vertex 15.8791 -8.56495 1.9
      vertex 15.8791 -8.56495 0
    endloop
  endfacet
  facet normal -0.555613 -0.831441 0
    outer loop
      vertex 21.0526 -7.5359 0
      vertex 21.4876 -7.82659 1.9
      vertex 21.0526 -7.5359 1.9
    endloop
  endfacet
  facet normal -0.555613 -0.831441 -0
    outer loop
      vertex 21.4876 -7.82659 1.9
      vertex 21.0526 -7.5359 0
      vertex 21.4876 -7.82659 0
    endloop
  endfacet
  facet normal 0.659321 -0.751861 0
    outer loop
      vertex 16.2241 -8.17157 0
      vertex 16.6175 -7.82659 1.9
      vertex 16.2241 -8.17157 1.9
    endloop
  endfacet
  facet normal 0.659321 -0.751861 0
    outer loop
      vertex 16.6175 -7.82659 1.9
      vertex 16.2241 -8.17157 0
      vertex 16.6175 -7.82659 0
    endloop
  endfacet
  facet normal 0.997861 -0.0653646 0
    outer loop
      vertex 15.0526 -11 1.9
      vertex 15.0868 -10.4779 0
      vertex 15.0868 -10.4779 1.9
    endloop
  endfacet
  facet normal 0.997861 -0.0653646 0
    outer loop
      vertex 15.0868 -10.4779 0
      vertex 15.0526 -11 1.9
      vertex 15.0526 -11 0
    endloop
  endfacet
  facet normal -0.321406 -0.946942 0
    outer loop
      vertex 20.0878 -7.1363 0
      vertex 20.5833 -7.30448 1.9
      vertex 20.0878 -7.1363 1.9
    endloop
  endfacet
  facet normal -0.321406 -0.946942 -0
    outer loop
      vertex 20.5833 -7.30448 1.9
      vertex 20.0878 -7.1363 0
      vertex 20.5833 -7.30448 0
    endloop
  endfacet
  facet normal -0.32144 0.94693 0
    outer loop
      vertex 20.5833 -14.6955 0
      vertex 20.0878 -14.8637 1.9
      vertex 20.5833 -14.6955 1.9
    endloop
  endfacet
  facet normal -0.32144 0.94693 0
    outer loop
      vertex 20.0878 -14.8637 1.9
      vertex 20.5833 -14.6955 0
      vertex 20.0878 -14.8637 0
    endloop
  endfacet
  facet normal 0.321406 -0.946942 0
    outer loop
      vertex 17.5218 -7.30448 0
      vertex 18.0173 -7.1363 1.9
      vertex 17.5218 -7.30448 1.9
    endloop
  endfacet
  facet normal 0.321406 -0.946942 0
    outer loop
      vertex 18.0173 -7.1363 1.9
      vertex 17.5218 -7.30448 0
      vertex 18.0173 -7.1363 0
    endloop
  endfacet
  facet normal -0.980814 -0.194947 0
    outer loop
      vertex 23.0183 -10.4779 0
      vertex 22.9163 -9.96472 1.9
      vertex 22.9163 -9.96472 0
    endloop
  endfacet
  facet normal -0.980814 -0.194947 0
    outer loop
      vertex 22.9163 -9.96472 1.9
      vertex 23.0183 -10.4779 0
      vertex 23.0183 -10.4779 1.9
    endloop
  endfacet
  facet normal -0.442268 -0.896883 0
    outer loop
      vertex 20.5833 -7.30448 0
      vertex 21.0526 -7.5359 1.9
      vertex 20.5833 -7.30448 1.9
    endloop
  endfacet
  facet normal -0.442268 -0.896883 -0
    outer loop
      vertex 21.0526 -7.5359 1.9
      vertex 20.5833 -7.30448 0
      vertex 21.0526 -7.5359 0
    endloop
  endfacet
  facet normal 0.555525 -0.8315 0
    outer loop
      vertex 16.6175 -7.82659 0
      vertex 17.0526 -7.5359 1.9
      vertex 16.6175 -7.82659 1.9
    endloop
  endfacet
  facet normal 0.555525 -0.8315 0
    outer loop
      vertex 17.0526 -7.5359 1.9
      vertex 16.6175 -7.82659 0
      vertex 17.0526 -7.5359 0
    endloop
  endfacet
  facet normal 0.555538 0.831491 -0
    outer loop
      vertex 17.0526 -14.4641 0
      vertex 16.6175 -14.1734 1.9
      vertex 17.0526 -14.4641 1.9
    endloop
  endfacet
  facet normal 0.555538 0.831491 0
    outer loop
      vertex 16.6175 -14.1734 1.9
      vertex 17.0526 -14.4641 0
      vertex 16.6175 -14.1734 0
    endloop
  endfacet
  facet normal 0.442344 -0.896845 0
    outer loop
      vertex 17.0526 -7.5359 0
      vertex 17.5218 -7.30448 1.9
      vertex 17.0526 -7.5359 1.9
    endloop
  endfacet
  facet normal 0.442344 -0.896845 0
    outer loop
      vertex 17.5218 -7.30448 1.9
      vertex 17.0526 -7.5359 0
      vertex 17.5218 -7.30448 0
    endloop
  endfacet
  facet normal -0.923822 -0.382823 0
    outer loop
      vertex -13.8779 -15.08 4.9
      vertex -14.0478 -14.67 10.9
      vertex -14.0478 -14.67 4.9
    endloop
  endfacet
  facet normal -0.923822 -0.382823 0
    outer loop
      vertex -14.0478 -14.67 10.9
      vertex -13.8779 -15.08 4.9
      vertex -13.8779 -15.08 10.9
    endloop
  endfacet
  facet normal -0.990621 -0.136637 0
    outer loop
      vertex -13.8779 -15.08 4.9
      vertex -13.8775 -15.0829 5
      vertex -13.8779 -15.08 10.9
    endloop
  endfacet
  facet normal -0.991453 -0.130466 0.000182292
    outer loop
      vertex -13.82 -15.52 4.9
      vertex -13.8775 -15.0829 5
      vertex -13.8779 -15.08 4.9
    endloop
  endfacet
  facet normal -0.991458 -0.130425 0
    outer loop
      vertex -13.8775 -15.0829 5
      vertex -13.82 -15.52 4.9
      vertex -13.82 -15.52 5
    endloop
  endfacet
  facet normal -0.990621 -0.136637 0
    outer loop
      vertex -13.8779 -15.08 10.9
      vertex -13.8775 -15.0829 5
      vertex -13.8775 -15.0829 10.9
    endloop
  endfacet
  facet normal 0.608654 -0.793436 0
    outer loop
      vertex -16.7221 -14.3179 4.9
      vertex -16.37 -14.0478 5
      vertex -16.7221 -14.3179 5
    endloop
  endfacet
  facet normal 0.608654 -0.793436 0
    outer loop
      vertex -16.37 -14.0478 5
      vertex -16.7221 -14.3179 4.9
      vertex -16.37 -14.0478 4.9
    endloop
  endfacet
  facet normal 0.382823 -0.923822 0
    outer loop
      vertex -16.37 -14.0478 4.9
      vertex -15.96 -13.8779 5
      vertex -16.37 -14.0478 5
    endloop
  endfacet
  facet normal 0.382823 -0.923822 0
    outer loop
      vertex -15.96 -13.8779 5
      vertex -16.37 -14.0478 4.9
      vertex -15.96 -13.8779 4.9
    endloop
  endfacet
  facet normal -0.608654 0.793436 0
    outer loop
      vertex -14.3179 -16.7221 4.9
      vertex -14.67 -16.9922 5
      vertex -14.3179 -16.7221 5
    endloop
  endfacet
  facet normal -0.608654 0.793436 0
    outer loop
      vertex -14.67 -16.9922 5
      vertex -14.3179 -16.7221 4.9
      vertex -14.67 -16.9922 4.9
    endloop
  endfacet
  facet normal -0.608654 -0.793436 0
    outer loop
      vertex -14.67 -14.0478 4.9
      vertex -14.3179 -14.3179 10.9
      vertex -14.67 -14.0478 10.9
    endloop
  endfacet
  facet normal -0.608654 -0.793436 -0
    outer loop
      vertex -14.3179 -14.3179 10.9
      vertex -14.67 -14.0478 4.9
      vertex -14.3179 -14.3179 4.9
    endloop
  endfacet
  facet normal 0.130466 0.991453 -0
    outer loop
      vertex -15.52 -17.22 4.9
      vertex -15.96 -17.1621 5
      vertex -15.52 -17.22 5
    endloop
  endfacet
  facet normal 0.130466 0.991453 0
    outer loop
      vertex -15.96 -17.1621 5
      vertex -15.52 -17.22 4.9
      vertex -15.96 -17.1621 4.9
    endloop
  endfacet
  facet normal -0.130425 -0.991458 -0
    outer loop
      vertex -15.52 -13.82 5
      vertex -15.52 -13.82 4.9
      vertex -15.0829 -13.8775 5
    endloop
  endfacet
  facet normal -0.136637 -0.990621 0
    outer loop
      vertex -15.0829 -13.8775 5
      vertex -15.08 -13.8779 10.9
      vertex -15.0829 -13.8775 10.9
    endloop
  endfacet
  facet normal -0.136637 -0.990621 0
    outer loop
      vertex -15.0829 -13.8775 5
      vertex -15.08 -13.8779 4.9
      vertex -15.08 -13.8779 10.9
    endloop
  endfacet
  facet normal -0.130466 -0.991453 0.000182292
    outer loop
      vertex -15.08 -13.8779 4.9
      vertex -15.0829 -13.8775 5
      vertex -15.52 -13.82 4.9
    endloop
  endfacet
  facet normal -0.382823 -0.923822 0
    outer loop
      vertex -15.08 -13.8779 4.9
      vertex -14.67 -14.0478 10.9
      vertex -15.08 -13.8779 10.9
    endloop
  endfacet
  facet normal -0.382823 -0.923822 -0
    outer loop
      vertex -14.67 -14.0478 10.9
      vertex -15.08 -13.8779 4.9
      vertex -14.67 -14.0478 4.9
    endloop
  endfacet
  facet normal 0.608654 0.793436 -0
    outer loop
      vertex -16.37 -16.9922 4.9
      vertex -16.7221 -16.7221 5
      vertex -16.37 -16.9922 5
    endloop
  endfacet
  facet normal 0.608654 0.793436 0
    outer loop
      vertex -16.7221 -16.7221 5
      vertex -16.37 -16.9922 4.9
      vertex -16.7221 -16.7221 4.9
    endloop
  endfacet
  facet normal -0.130466 0.991453 0
    outer loop
      vertex -15.08 -17.1621 4.9
      vertex -15.52 -17.22 5
      vertex -15.08 -17.1621 5
    endloop
  endfacet
  facet normal -0.130466 0.991453 0
    outer loop
      vertex -15.52 -17.22 5
      vertex -15.08 -17.1621 4.9
      vertex -15.52 -17.22 4.9
    endloop
  endfacet
  facet normal -0.793436 0.608654 0
    outer loop
      vertex -14.3179 -16.7221 4.9
      vertex -14.0478 -16.37 5
      vertex -14.0478 -16.37 4.9
    endloop
  endfacet
  facet normal -0.793436 0.608654 0
    outer loop
      vertex -14.0478 -16.37 5
      vertex -14.3179 -16.7221 4.9
      vertex -14.3179 -16.7221 5
    endloop
  endfacet
  facet normal -0.382823 0.923822 0
    outer loop
      vertex -14.67 -16.9922 4.9
      vertex -15.08 -17.1621 5
      vertex -14.67 -16.9922 5
    endloop
  endfacet
  facet normal -0.382823 0.923822 0
    outer loop
      vertex -15.08 -17.1621 5
      vertex -14.67 -16.9922 4.9
      vertex -15.08 -17.1621 4.9
    endloop
  endfacet
  facet normal 0.793436 -0.608654 0
    outer loop
      vertex -16.9922 -14.67 5
      vertex -16.7221 -14.3179 4.9
      vertex -16.7221 -14.3179 5
    endloop
  endfacet
  facet normal 0.793436 -0.608654 0
    outer loop
      vertex -16.7221 -14.3179 4.9
      vertex -16.9922 -14.67 5
      vertex -16.9922 -14.67 4.9
    endloop
  endfacet
  facet normal 0.793436 0.608654 0
    outer loop
      vertex -16.7221 -16.7221 5
      vertex -16.9922 -16.37 4.9
      vertex -16.9922 -16.37 5
    endloop
  endfacet
  facet normal 0.793436 0.608654 0
    outer loop
      vertex -16.9922 -16.37 4.9
      vertex -16.7221 -16.7221 5
      vertex -16.7221 -16.7221 4.9
    endloop
  endfacet
  facet normal -0.991453 0.130466 0
    outer loop
      vertex -13.8779 -15.96 4.9
      vertex -13.82 -15.52 5
      vertex -13.82 -15.52 4.9
    endloop
  endfacet
  facet normal -0.991453 0.130466 0
    outer loop
      vertex -13.82 -15.52 5
      vertex -13.8779 -15.96 4.9
      vertex -13.8779 -15.96 5
    endloop
  endfacet
  facet normal 0.130466 -0.991453 0
    outer loop
      vertex -15.96 -13.8779 4.9
      vertex -15.52 -13.82 5
      vertex -15.96 -13.8779 5
    endloop
  endfacet
  facet normal 0.130466 -0.991453 0
    outer loop
      vertex -15.52 -13.82 5
      vertex -15.96 -13.8779 4.9
      vertex -15.52 -13.82 4.9
    endloop
  endfacet
  facet normal 0.923822 0.382823 0
    outer loop
      vertex -16.9922 -16.37 5
      vertex -17.1621 -15.96 4.9
      vertex -17.1621 -15.96 5
    endloop
  endfacet
  facet normal 0.923822 0.382823 0
    outer loop
      vertex -17.1621 -15.96 4.9
      vertex -16.9922 -16.37 5
      vertex -16.9922 -16.37 4.9
    endloop
  endfacet
  facet normal 0.991453 0.130466 0
    outer loop
      vertex -17.1621 -15.96 5
      vertex -17.22 -15.52 4.9
      vertex -17.22 -15.52 5
    endloop
  endfacet
  facet normal 0.991453 0.130466 0
    outer loop
      vertex -17.22 -15.52 4.9
      vertex -17.1621 -15.96 5
      vertex -17.1621 -15.96 4.9
    endloop
  endfacet
  facet normal -0.923822 0.382823 0
    outer loop
      vertex -14.0478 -16.37 4.9
      vertex -13.8779 -15.96 5
      vertex -13.8779 -15.96 4.9
    endloop
  endfacet
  facet normal -0.923822 0.382823 0
    outer loop
      vertex -13.8779 -15.96 5
      vertex -14.0478 -16.37 4.9
      vertex -14.0478 -16.37 5
    endloop
  endfacet
  facet normal 0.382823 0.923822 -0
    outer loop
      vertex -15.96 -17.1621 4.9
      vertex -16.37 -16.9922 5
      vertex -15.96 -17.1621 5
    endloop
  endfacet
  facet normal 0.382823 0.923822 0
    outer loop
      vertex -16.37 -16.9922 5
      vertex -15.96 -17.1621 4.9
      vertex -16.37 -16.9922 4.9
    endloop
  endfacet
  facet normal -0.793436 -0.608654 0
    outer loop
      vertex -14.0478 -14.67 4.9
      vertex -14.3179 -14.3179 10.9
      vertex -14.3179 -14.3179 4.9
    endloop
  endfacet
  facet normal -0.793436 -0.608654 0
    outer loop
      vertex -14.3179 -14.3179 10.9
      vertex -14.0478 -14.67 4.9
      vertex -14.0478 -14.67 10.9
    endloop
  endfacet
  facet normal 0 0 1
    outer loop
      vertex -13.8779 -15.08 4.9
      vertex -13.8779 -15.96 4.9
      vertex -13.82 -15.52 4.9
    endloop
  endfacet
  facet normal 0 0 1
    outer loop
      vertex -14.0478 -14.67 4.9
      vertex -13.8779 -15.96 4.9
      vertex -13.8779 -15.08 4.9
    endloop
  endfacet
  facet normal 0 0 1
    outer loop
      vertex -14.0478 -14.67 4.9
      vertex -14.0478 -16.37 4.9
      vertex -13.8779 -15.96 4.9
    endloop
  endfacet
  facet normal 0 0 1
    outer loop
      vertex -14.3179 -14.3179 4.9
      vertex -14.0478 -16.37 4.9
      vertex -14.0478 -14.67 4.9
    endloop
  endfacet
  facet normal 0 0 1
    outer loop
      vertex -14.3179 -14.3179 4.9
      vertex -14.3179 -16.7221 4.9
      vertex -14.0478 -16.37 4.9
    endloop
  endfacet
  facet normal 0 0 1
    outer loop
      vertex -14.67 -14.0478 4.9
      vertex -14.3179 -16.7221 4.9
      vertex -14.3179 -14.3179 4.9
    endloop
  endfacet
  facet normal 0 0 1
    outer loop
      vertex -14.67 -14.0478 4.9
      vertex -14.67 -16.9922 4.9
      vertex -14.3179 -16.7221 4.9
    endloop
  endfacet
  facet normal 0 0 1
    outer loop
      vertex -15.08 -13.8779 4.9
      vertex -14.67 -16.9922 4.9
      vertex -14.67 -14.0478 4.9
    endloop
  endfacet
  facet normal 0 0 1
    outer loop
      vertex -15.08 -13.8779 4.9
      vertex -15.08 -17.1621 4.9
      vertex -14.67 -16.9922 4.9
    endloop
  endfacet
  facet normal 0 0 1
    outer loop
      vertex -15.52 -13.82 4.9
      vertex -15.08 -17.1621 4.9
      vertex -15.08 -13.8779 4.9
    endloop
  endfacet
  facet normal 0 0 1
    outer loop
      vertex -15.52 -13.82 4.9
      vertex -15.52 -17.22 4.9
      vertex -15.08 -17.1621 4.9
    endloop
  endfacet
  facet normal -0 0 1
    outer loop
      vertex -15.96 -13.8779 4.9
      vertex -15.52 -17.22 4.9
      vertex -15.52 -13.82 4.9
    endloop
  endfacet
  facet normal 0 0 1
    outer loop
      vertex -15.96 -13.8779 4.9
      vertex -15.96 -17.1621 4.9
      vertex -15.52 -17.22 4.9
    endloop
  endfacet
  facet normal -0 0 1
    outer loop
      vertex -16.37 -14.0478 4.9
      vertex -15.96 -17.1621 4.9
      vertex -15.96 -13.8779 4.9
    endloop
  endfacet
  facet normal 0 0 1
    outer loop
      vertex -16.37 -14.0478 4.9
      vertex -16.37 -16.9922 4.9
      vertex -15.96 -17.1621 4.9
    endloop
  endfacet
  facet normal -0 0 1
    outer loop
      vertex -16.7221 -14.3179 4.9
      vertex -16.37 -16.9922 4.9
      vertex -16.37 -14.0478 4.9
    endloop
  endfacet
  facet normal 0 0 1
    outer loop
      vertex -16.7221 -14.3179 4.9
      vertex -16.7221 -16.7221 4.9
      vertex -16.37 -16.9922 4.9
    endloop
  endfacet
  facet normal -0 0 1
    outer loop
      vertex -16.9922 -14.67 4.9
      vertex -16.7221 -16.7221 4.9
      vertex -16.7221 -14.3179 4.9
    endloop
  endfacet
  facet normal 0 0 1
    outer loop
      vertex -16.9922 -14.67 4.9
      vertex -16.9922 -16.37 4.9
      vertex -16.7221 -16.7221 4.9
    endloop
  endfacet
  facet normal -0 0 1
    outer loop
      vertex -17.1621 -15.08 4.9
      vertex -16.9922 -16.37 4.9
      vertex -16.9922 -14.67 4.9
    endloop
  endfacet
  facet normal 0 0 1
    outer loop
      vertex -17.1621 -15.08 4.9
      vertex -17.1621 -15.96 4.9
      vertex -16.9922 -16.37 4.9
    endloop
  endfacet
  facet normal 0 -0 1
    outer loop
      vertex -17.1621 -15.96 4.9
      vertex -17.1621 -15.08 4.9
      vertex -17.22 -15.52 4.9
    endloop
  endfacet
  facet normal 0.923822 -0.382823 0
    outer loop
      vertex -17.1621 -15.08 5
      vertex -16.9922 -14.67 4.9
      vertex -16.9922 -14.67 5
    endloop
  endfacet
  facet normal 0.923822 -0.382823 0
    outer loop
      vertex -16.9922 -14.67 4.9
      vertex -17.1621 -15.08 5
      vertex -17.1621 -15.08 4.9
    endloop
  endfacet
  facet normal 0.991453 -0.130466 0
    outer loop
      vertex -17.22 -15.52 5
      vertex -17.1621 -15.08 4.9
      vertex -17.1621 -15.08 5
    endloop
  endfacet
  facet normal 0.991453 -0.130466 0
    outer loop
      vertex -17.1621 -15.08 4.9
      vertex -17.22 -15.52 5
      vertex -17.22 -15.52 4.9
    endloop
  endfacet
  facet normal -0.923822 -0.382823 0
    outer loop
      vertex -13.8779 15.96 4.9
      vertex -14.0478 16.37 5
      vertex -14.0478 16.37 4.9
    endloop
  endfacet
  facet normal -0.923822 -0.382823 0
    outer loop
      vertex -14.0478 16.37 5
      vertex -13.8779 15.96 4.9
      vertex -13.8779 15.96 5
    endloop
  endfacet
  facet normal -0.991453 -0.130466 0
    outer loop
      vertex -13.82 15.52 4.9
      vertex -13.8779 15.96 5
      vertex -13.8779 15.96 4.9
    endloop
  endfacet
  facet normal -0.991453 -0.130466 0
    outer loop
      vertex -13.8779 15.96 5
      vertex -13.82 15.52 4.9
      vertex -13.82 15.52 5
    endloop
  endfacet
  facet normal 0.608654 -0.793436 0
    outer loop
      vertex -16.7221 16.7221 4.9
      vertex -16.37 16.9922 5
      vertex -16.7221 16.7221 5
    endloop
  endfacet
  facet normal 0.608654 -0.793436 0
    outer loop
      vertex -16.37 16.9922 5
      vertex -16.7221 16.7221 4.9
      vertex -16.37 16.9922 4.9
    endloop
  endfacet
  facet normal 0.382823 -0.923822 0
    outer loop
      vertex -16.37 16.9922 4.9
      vertex -15.96 17.1621 5
      vertex -16.37 16.9922 5
    endloop
  endfacet
  facet normal 0.382823 -0.923822 0
    outer loop
      vertex -15.96 17.1621 5
      vertex -16.37 16.9922 4.9
      vertex -15.96 17.1621 4.9
    endloop
  endfacet
  facet normal -0.608654 0.793436 0
    outer loop
      vertex -14.3179 14.3179 4.9
      vertex -14.67 14.0478 10.9
      vertex -14.3179 14.3179 10.9
    endloop
  endfacet
  facet normal -0.608654 0.793436 0
    outer loop
      vertex -14.67 14.0478 10.9
      vertex -14.3179 14.3179 4.9
      vertex -14.67 14.0478 4.9
    endloop
  endfacet
  facet normal -0.608654 -0.793436 0
    outer loop
      vertex -14.67 16.9922 4.9
      vertex -14.3179 16.7221 5
      vertex -14.67 16.9922 5
    endloop
  endfacet
  facet normal -0.608654 -0.793436 -0
    outer loop
      vertex -14.3179 16.7221 5
      vertex -14.67 16.9922 4.9
      vertex -14.3179 16.7221 4.9
    endloop
  endfacet
  facet normal 0.991453 -0.130466 0
    outer loop
      vertex -17.22 15.52 5
      vertex -17.1621 15.96 4.9
      vertex -17.1621 15.96 5
    endloop
  endfacet
  facet normal 0.991453 -0.130466 0
    outer loop
      vertex -17.1621 15.96 4.9
      vertex -17.22 15.52 5
      vertex -17.22 15.52 4.9
    endloop
  endfacet
  facet normal 0.130466 0.991453 -0
    outer loop
      vertex -15.52 13.82 4.9
      vertex -15.96 13.8779 5
      vertex -15.52 13.82 5
    endloop
  endfacet
  facet normal 0.130466 0.991453 0
    outer loop
      vertex -15.96 13.8779 5
      vertex -15.52 13.82 4.9
      vertex -15.96 13.8779 4.9
    endloop
  endfacet
  facet normal -0.130466 -0.991453 0
    outer loop
      vertex -15.52 17.22 4.9
      vertex -15.08 17.1621 5
      vertex -15.52 17.22 5
    endloop
  endfacet
  facet normal -0.130466 -0.991453 -0
    outer loop
      vertex -15.08 17.1621 5
      vertex -15.52 17.22 4.9
      vertex -15.08 17.1621 4.9
    endloop
  endfacet
  facet normal -0.382823 -0.923822 0
    outer loop
      vertex -15.08 17.1621 4.9
      vertex -14.67 16.9922 5
      vertex -15.08 17.1621 5
    endloop
  endfacet
  facet normal -0.382823 -0.923822 -0
    outer loop
      vertex -14.67 16.9922 5
      vertex -15.08 17.1621 4.9
      vertex -14.67 16.9922 4.9
    endloop
  endfacet
  facet normal 0.608654 0.793436 -0
    outer loop
      vertex -16.37 14.0478 4.9
      vertex -16.7221 14.3179 5
      vertex -16.37 14.0478 5
    endloop
  endfacet
  facet normal 0.608654 0.793436 0
    outer loop
      vertex -16.7221 14.3179 5
      vertex -16.37 14.0478 4.9
      vertex -16.7221 14.3179 4.9
    endloop
  endfacet
  facet normal -0.793436 -0.608654 0
    outer loop
      vertex -14.0478 16.37 4.9
      vertex -14.3179 16.7221 5
      vertex -14.3179 16.7221 4.9
    endloop
  endfacet
  facet normal -0.793436 -0.608654 0
    outer loop
      vertex -14.3179 16.7221 5
      vertex -14.0478 16.37 4.9
      vertex -14.0478 16.37 5
    endloop
  endfacet
  facet normal -0.793436 0.608654 0
    outer loop
      vertex -14.3179 14.3179 4.9
      vertex -14.0478 14.67 10.9
      vertex -14.0478 14.67 4.9
    endloop
  endfacet
  facet normal -0.793436 0.608654 0
    outer loop
      vertex -14.0478 14.67 10.9
      vertex -14.3179 14.3179 4.9
      vertex -14.3179 14.3179 10.9
    endloop
  endfacet
  facet normal -0.382823 0.923822 0
    outer loop
      vertex -14.67 14.0478 4.9
      vertex -15.08 13.8779 10.9
      vertex -14.67 14.0478 10.9
    endloop
  endfacet
  facet normal -0.382823 0.923822 0
    outer loop
      vertex -15.08 13.8779 10.9
      vertex -14.67 14.0478 4.9
      vertex -15.08 13.8779 4.9
    endloop
  endfacet
  facet normal 0.793436 -0.608654 0
    outer loop
      vertex -16.9922 16.37 5
      vertex -16.7221 16.7221 4.9
      vertex -16.7221 16.7221 5
    endloop
  endfacet
  facet normal 0.793436 -0.608654 0
    outer loop
      vertex -16.7221 16.7221 4.9
      vertex -16.9922 16.37 5
      vertex -16.9922 16.37 4.9
    endloop
  endfacet
  facet normal 0.793436 0.608654 0
    outer loop
      vertex -16.7221 14.3179 5
      vertex -16.9922 14.67 4.9
      vertex -16.9922 14.67 5
    endloop
  endfacet
  facet normal 0.793436 0.608654 0
    outer loop
      vertex -16.9922 14.67 4.9
      vertex -16.7221 14.3179 5
      vertex -16.7221 14.3179 4.9
    endloop
  endfacet
  facet normal -0.991458 0.130425 0
    outer loop
      vertex -13.82 15.52 4.9
      vertex -13.8775 15.0829 5
      vertex -13.82 15.52 5
    endloop
  endfacet
  facet normal -0.991453 0.130466 0.000182292
    outer loop
      vertex -13.8779 15.08 4.9
      vertex -13.8775 15.0829 5
      vertex -13.82 15.52 4.9
    endloop
  endfacet
  facet normal -0.990621 0.136637 0
    outer loop
      vertex -13.8779 15.08 10.9
      vertex -13.8775 15.0829 5
      vertex -13.8779 15.08 4.9
    endloop
  endfacet
  facet normal -0.990621 0.136637 0
    outer loop
      vertex -13.8775 15.0829 5
      vertex -13.8779 15.08 10.9
      vertex -13.8775 15.0829 10.9
    endloop
  endfacet
  facet normal 0.130466 -0.991453 0
    outer loop
      vertex -15.96 17.1621 4.9
      vertex -15.52 17.22 5
      vertex -15.96 17.1621 5
    endloop
  endfacet
  facet normal 0.130466 -0.991453 0
    outer loop
      vertex -15.52 17.22 5
      vertex -15.96 17.1621 4.9
      vertex -15.52 17.22 4.9
    endloop
  endfacet
  facet normal 0.923822 0.382823 0
    outer loop
      vertex -16.9922 14.67 5
      vertex -17.1621 15.08 4.9
      vertex -17.1621 15.08 5
    endloop
  endfacet
  facet normal 0.923822 0.382823 0
    outer loop
      vertex -17.1621 15.08 4.9
      vertex -16.9922 14.67 5
      vertex -16.9922 14.67 4.9
    endloop
  endfacet
  facet normal 0.991453 0.130466 0
    outer loop
      vertex -17.1621 15.08 5
      vertex -17.22 15.52 4.9
      vertex -17.22 15.52 5
    endloop
  endfacet
  facet normal 0.991453 0.130466 0
    outer loop
      vertex -17.22 15.52 4.9
      vertex -17.1621 15.08 5
      vertex -17.1621 15.08 4.9
    endloop
  endfacet
  facet normal -0.923822 0.382823 0
    outer loop
      vertex -14.0478 14.67 4.9
      vertex -13.8779 15.08 10.9
      vertex -13.8779 15.08 4.9
    endloop
  endfacet
  facet normal -0.923822 0.382823 0
    outer loop
      vertex -13.8779 15.08 10.9
      vertex -14.0478 14.67 4.9
      vertex -14.0478 14.67 10.9
    endloop
  endfacet
  facet normal 0.382823 0.923822 -0
    outer loop
      vertex -15.96 13.8779 4.9
      vertex -16.37 14.0478 5
      vertex -15.96 13.8779 5
    endloop
  endfacet
  facet normal 0.382823 0.923822 0
    outer loop
      vertex -16.37 14.0478 5
      vertex -15.96 13.8779 4.9
      vertex -16.37 14.0478 4.9
    endloop
  endfacet
  facet normal -0.136637 0.990621 0
    outer loop
      vertex -15.08 13.8779 10.9
      vertex -15.0829 13.8775 5
      vertex -15.0829 13.8775 10.9
    endloop
  endfacet
  facet normal -0.136637 0.990621 0
    outer loop
      vertex -15.08 13.8779 4.9
      vertex -15.0829 13.8775 5
      vertex -15.08 13.8779 10.9
    endloop
  endfacet
  facet normal -0.130466 0.991453 0.000182292
    outer loop
      vertex -15.52 13.82 4.9
      vertex -15.0829 13.8775 5
      vertex -15.08 13.8779 4.9
    endloop
  endfacet
  facet normal -0.130425 0.991458 0
    outer loop
      vertex -15.0829 13.8775 5
      vertex -15.52 13.82 4.9
      vertex -15.52 13.82 5
    endloop
  endfacet
  facet normal 0 0 1
    outer loop
      vertex -13.8779 15.96 4.9
      vertex -13.8779 15.08 4.9
      vertex -13.82 15.52 4.9
    endloop
  endfacet
  facet normal 0 0 1
    outer loop
      vertex -14.0478 16.37 4.9
      vertex -13.8779 15.08 4.9
      vertex -13.8779 15.96 4.9
    endloop
  endfacet
  facet normal 0 0 1
    outer loop
      vertex -14.0478 16.37 4.9
      vertex -14.0478 14.67 4.9
      vertex -13.8779 15.08 4.9
    endloop
  endfacet
  facet normal 0 0 1
    outer loop
      vertex -14.3179 16.7221 4.9
      vertex -14.0478 14.67 4.9
      vertex -14.0478 16.37 4.9
    endloop
  endfacet
  facet normal 0 0 1
    outer loop
      vertex -14.3179 16.7221 4.9
      vertex -14.3179 14.3179 4.9
      vertex -14.0478 14.67 4.9
    endloop
  endfacet
  facet normal 0 0 1
    outer loop
      vertex -14.67 16.9922 4.9
      vertex -14.3179 14.3179 4.9
      vertex -14.3179 16.7221 4.9
    endloop
  endfacet
  facet normal 0 0 1
    outer loop
      vertex -14.67 16.9922 4.9
      vertex -14.67 14.0478 4.9
      vertex -14.3179 14.3179 4.9
    endloop
  endfacet
  facet normal 0 0 1
    outer loop
      vertex -15.08 17.1621 4.9
      vertex -14.67 14.0478 4.9
      vertex -14.67 16.9922 4.9
    endloop
  endfacet
  facet normal 0 0 1
    outer loop
      vertex -15.08 17.1621 4.9
      vertex -15.08 13.8779 4.9
      vertex -14.67 14.0478 4.9
    endloop
  endfacet
  facet normal 0 0 1
    outer loop
      vertex -15.52 17.22 4.9
      vertex -15.08 13.8779 4.9
      vertex -15.08 17.1621 4.9
    endloop
  endfacet
  facet normal 0 0 1
    outer loop
      vertex -15.52 17.22 4.9
      vertex -15.52 13.82 4.9
      vertex -15.08 13.8779 4.9
    endloop
  endfacet
  facet normal -0 0 1
    outer loop
      vertex -15.96 17.1621 4.9
      vertex -15.52 13.82 4.9
      vertex -15.52 17.22 4.9
    endloop
  endfacet
  facet normal 0 0 1
    outer loop
      vertex -15.96 17.1621 4.9
      vertex -15.96 13.8779 4.9
      vertex -15.52 13.82 4.9
    endloop
  endfacet
  facet normal -0 0 1
    outer loop
      vertex -16.37 16.9922 4.9
      vertex -15.96 13.8779 4.9
      vertex -15.96 17.1621 4.9
    endloop
  endfacet
  facet normal 0 0 1
    outer loop
      vertex -16.37 16.9922 4.9
      vertex -16.37 14.0478 4.9
      vertex -15.96 13.8779 4.9
    endloop
  endfacet
  facet normal -0 0 1
    outer loop
      vertex -16.7221 16.7221 4.9
      vertex -16.37 14.0478 4.9
      vertex -16.37 16.9922 4.9
    endloop
  endfacet
  facet normal 0 0 1
    outer loop
      vertex -16.7221 16.7221 4.9
      vertex -16.7221 14.3179 4.9
      vertex -16.37 14.0478 4.9
    endloop
  endfacet
  facet normal -0 0 1
    outer loop
      vertex -16.9922 16.37 4.9
      vertex -16.7221 14.3179 4.9
      vertex -16.7221 16.7221 4.9
    endloop
  endfacet
  facet normal 0 0 1
    outer loop
      vertex -16.9922 16.37 4.9
      vertex -16.9922 14.67 4.9
      vertex -16.7221 14.3179 4.9
    endloop
  endfacet
  facet normal -0 0 1
    outer loop
      vertex -17.1621 15.96 4.9
      vertex -16.9922 14.67 4.9
      vertex -16.9922 16.37 4.9
    endloop
  endfacet
  facet normal 0 0 1
    outer loop
      vertex -17.1621 15.96 4.9
      vertex -17.1621 15.08 4.9
      vertex -16.9922 14.67 4.9
    endloop
  endfacet
  facet normal 0 -0 1
    outer loop
      vertex -17.1621 15.08 4.9
      vertex -17.1621 15.96 4.9
      vertex -17.22 15.52 4.9
    endloop
  endfacet
  facet normal 0.923822 -0.382823 0
    outer loop
      vertex -17.1621 15.96 5
      vertex -16.9922 16.37 4.9
      vertex -16.9922 16.37 5
    endloop
  endfacet
  facet normal 0.923822 -0.382823 0
    outer loop
      vertex -16.9922 16.37 4.9
      vertex -17.1621 15.96 5
      vertex -17.1621 15.96 4.9
    endloop
  endfacet
  facet normal -0.923822 -0.382823 0
    outer loop
      vertex 17.1621 -15.08 4.9
      vertex 16.9922 -14.67 5
      vertex 16.9922 -14.67 4.9
    endloop
  endfacet
  facet normal -0.923822 -0.382823 0
    outer loop
      vertex 16.9922 -14.67 5
      vertex 17.1621 -15.08 4.9
      vertex 17.1621 -15.08 5
    endloop
  endfacet
  facet normal -0.991453 -0.130466 0
    outer loop
      vertex 17.22 -15.52 4.9
      vertex 17.1621 -15.08 5
      vertex 17.1621 -15.08 4.9
    endloop
  endfacet
  facet normal -0.991453 -0.130466 0
    outer loop
      vertex 17.1621 -15.08 5
      vertex 17.22 -15.52 4.9
      vertex 17.22 -15.52 5
    endloop
  endfacet
  facet normal 0.608654 -0.793436 0
    outer loop
      vertex 14.3179 -14.3179 4.9
      vertex 14.67 -14.0478 10.9
      vertex 14.3179 -14.3179 10.9
    endloop
  endfacet
  facet normal 0.608654 -0.793436 0
    outer loop
      vertex 14.67 -14.0478 10.9
      vertex 14.3179 -14.3179 4.9
      vertex 14.67 -14.0478 4.9
    endloop
  endfacet
  facet normal 0.382823 -0.923822 0
    outer loop
      vertex 14.67 -14.0478 4.9
      vertex 15.08 -13.8779 10.9
      vertex 14.67 -14.0478 10.9
    endloop
  endfacet
  facet normal 0.382823 -0.923822 0
    outer loop
      vertex 15.08 -13.8779 10.9
      vertex 14.67 -14.0478 4.9
      vertex 15.08 -13.8779 4.9
    endloop
  endfacet
  facet normal -0.608654 0.793436 0
    outer loop
      vertex 16.7221 -16.7221 4.9
      vertex 16.37 -16.9922 5
      vertex 16.7221 -16.7221 5
    endloop
  endfacet
  facet normal -0.608654 0.793436 0
    outer loop
      vertex 16.37 -16.9922 5
      vertex 16.7221 -16.7221 4.9
      vertex 16.37 -16.9922 4.9
    endloop
  endfacet
  facet normal -0.608654 -0.793436 0
    outer loop
      vertex 16.37 -14.0478 4.9
      vertex 16.7221 -14.3179 5
      vertex 16.37 -14.0478 5
    endloop
  endfacet
  facet normal -0.608654 -0.793436 -0
    outer loop
      vertex 16.7221 -14.3179 5
      vertex 16.37 -14.0478 4.9
      vertex 16.7221 -14.3179 4.9
    endloop
  endfacet
  facet normal 0.990621 -0.136637 0
    outer loop
      vertex 13.8775 -15.0829 5
      vertex 13.8779 -15.08 10.9
      vertex 13.8775 -15.0829 10.9
    endloop
  endfacet
  facet normal 0.990621 -0.136637 0
    outer loop
      vertex 13.8779 -15.08 10.9
      vertex 13.8775 -15.0829 5
      vertex 13.8779 -15.08 4.9
    endloop
  endfacet
  facet normal 0.991458 -0.130425 0
    outer loop
      vertex 13.82 -15.52 4.9
      vertex 13.8775 -15.0829 5
      vertex 13.82 -15.52 5
    endloop
  endfacet
  facet normal 0.991453 -0.130466 0.000182292
    outer loop
      vertex 13.8775 -15.0829 5
      vertex 13.82 -15.52 4.9
      vertex 13.8779 -15.08 4.9
    endloop
  endfacet
  facet normal 0.130466 0.991453 -0
    outer loop
      vertex 15.52 -17.22 4.9
      vertex 15.08 -17.1621 5
      vertex 15.52 -17.22 5
    endloop
  endfacet
  facet normal 0.130466 0.991453 0
    outer loop
      vertex 15.08 -17.1621 5
      vertex 15.52 -17.22 4.9
      vertex 15.08 -17.1621 4.9
    endloop
  endfacet
  facet normal -0.130466 -0.991453 0
    outer loop
      vertex 15.52 -13.82 4.9
      vertex 15.96 -13.8779 5
      vertex 15.52 -13.82 5
    endloop
  endfacet
  facet normal -0.130466 -0.991453 -0
    outer loop
      vertex 15.96 -13.8779 5
      vertex 15.52 -13.82 4.9
      vertex 15.96 -13.8779 4.9
    endloop
  endfacet
  facet normal -0.382823 -0.923822 0
    outer loop
      vertex 15.96 -13.8779 4.9
      vertex 16.37 -14.0478 5
      vertex 15.96 -13.8779 5
    endloop
  endfacet
  facet normal -0.382823 -0.923822 -0
    outer loop
      vertex 16.37 -14.0478 5
      vertex 15.96 -13.8779 4.9
      vertex 16.37 -14.0478 4.9
    endloop
  endfacet
  facet normal 0.608654 0.793436 -0
    outer loop
      vertex 14.67 -16.9922 4.9
      vertex 14.3179 -16.7221 5
      vertex 14.67 -16.9922 5
    endloop
  endfacet
  facet normal 0.608654 0.793436 0
    outer loop
      vertex 14.3179 -16.7221 5
      vertex 14.67 -16.9922 4.9
      vertex 14.3179 -16.7221 4.9
    endloop
  endfacet
  facet normal -0.793436 -0.608654 0
    outer loop
      vertex 16.9922 -14.67 4.9
      vertex 16.7221 -14.3179 5
      vertex 16.7221 -14.3179 4.9
    endloop
  endfacet
  facet normal -0.793436 -0.608654 0
    outer loop
      vertex 16.7221 -14.3179 5
      vertex 16.9922 -14.67 4.9
      vertex 16.9922 -14.67 5
    endloop
  endfacet
  facet normal -0.793436 0.608654 0
    outer loop
      vertex 16.7221 -16.7221 4.9
      vertex 16.9922 -16.37 5
      vertex 16.9922 -16.37 4.9
    endloop
  endfacet
  facet normal -0.793436 0.608654 0
    outer loop
      vertex 16.9922 -16.37 5
      vertex 16.7221 -16.7221 4.9
      vertex 16.7221 -16.7221 5
    endloop
  endfacet
  facet normal -0.382823 0.923822 0
    outer loop
      vertex 16.37 -16.9922 4.9
      vertex 15.96 -17.1621 5
      vertex 16.37 -16.9922 5
    endloop
  endfacet
  facet normal -0.382823 0.923822 0
    outer loop
      vertex 15.96 -17.1621 5
      vertex 16.37 -16.9922 4.9
      vertex 15.96 -17.1621 4.9
    endloop
  endfacet
  facet normal 0.793436 -0.608654 0
    outer loop
      vertex 14.0478 -14.67 10.9
      vertex 14.3179 -14.3179 4.9
      vertex 14.3179 -14.3179 10.9
    endloop
  endfacet
  facet normal 0.793436 -0.608654 0
    outer loop
      vertex 14.3179 -14.3179 4.9
      vertex 14.0478 -14.67 10.9
      vertex 14.0478 -14.67 4.9
    endloop
  endfacet
  facet normal 0.793436 0.608654 0
    outer loop
      vertex 14.3179 -16.7221 5
      vertex 14.0478 -16.37 4.9
      vertex 14.0478 -16.37 5
    endloop
  endfacet
  facet normal 0.793436 0.608654 0
    outer loop
      vertex 14.0478 -16.37 4.9
      vertex 14.3179 -16.7221 5
      vertex 14.3179 -16.7221 4.9
    endloop
  endfacet
  facet normal -0.991453 0.130466 0
    outer loop
      vertex 17.1621 -15.96 4.9
      vertex 17.22 -15.52 5
      vertex 17.22 -15.52 4.9
    endloop
  endfacet
  facet normal -0.991453 0.130466 0
    outer loop
      vertex 17.22 -15.52 5
      vertex 17.1621 -15.96 4.9
      vertex 17.1621 -15.96 5
    endloop
  endfacet
  facet normal 0.136637 -0.990621 0
    outer loop
      vertex 15.08 -13.8779 10.9
      vertex 15.0829 -13.8775 5
      vertex 15.0829 -13.8775 10.9
    endloop
  endfacet
  facet normal 0.136637 -0.990621 0
    outer loop
      vertex 15.08 -13.8779 4.9
      vertex 15.0829 -13.8775 5
      vertex 15.08 -13.8779 10.9
    endloop
  endfacet
  facet normal 0.130466 -0.991453 0.000182292
    outer loop
      vertex 15.52 -13.82 4.9
      vertex 15.0829 -13.8775 5
      vertex 15.08 -13.8779 4.9
    endloop
  endfacet
  facet normal 0.130425 -0.991458 0
    outer loop
      vertex 15.0829 -13.8775 5
      vertex 15.52 -13.82 4.9
      vertex 15.52 -13.82 5
    endloop
  endfacet
  facet normal 0.923822 0.382823 0
    outer loop
      vertex 14.0478 -16.37 5
      vertex 13.8779 -15.96 4.9
      vertex 13.8779 -15.96 5
    endloop
  endfacet
  facet normal 0.923822 0.382823 0
    outer loop
      vertex 13.8779 -15.96 4.9
      vertex 14.0478 -16.37 5
      vertex 14.0478 -16.37 4.9
    endloop
  endfacet
  facet normal 0.991453 0.130466 0
    outer loop
      vertex 13.8779 -15.96 5
      vertex 13.82 -15.52 4.9
      vertex 13.82 -15.52 5
    endloop
  endfacet
  facet normal 0.991453 0.130466 0
    outer loop
      vertex 13.82 -15.52 4.9
      vertex 13.8779 -15.96 5
      vertex 13.8779 -15.96 4.9
    endloop
  endfacet
  facet normal -0.923822 0.382823 0
    outer loop
      vertex 16.9922 -16.37 4.9
      vertex 17.1621 -15.96 5
      vertex 17.1621 -15.96 4.9
    endloop
  endfacet
  facet normal -0.923822 0.382823 0
    outer loop
      vertex 17.1621 -15.96 5
      vertex 16.9922 -16.37 4.9
      vertex 16.9922 -16.37 5
    endloop
  endfacet
  facet normal 0.382823 0.923822 -0
    outer loop
      vertex 15.08 -17.1621 4.9
      vertex 14.67 -16.9922 5
      vertex 15.08 -17.1621 5
    endloop
  endfacet
  facet normal 0.382823 0.923822 0
    outer loop
      vertex 14.67 -16.9922 5
      vertex 15.08 -17.1621 4.9
      vertex 14.67 -16.9922 4.9
    endloop
  endfacet
  facet normal -0.130466 0.991453 0
    outer loop
      vertex 15.96 -17.1621 4.9
      vertex 15.52 -17.22 5
      vertex 15.96 -17.1621 5
    endloop
  endfacet
  facet normal -0.130466 0.991453 0
    outer loop
      vertex 15.52 -17.22 5
      vertex 15.96 -17.1621 4.9
      vertex 15.52 -17.22 4.9
    endloop
  endfacet
  facet normal 0 0 1
    outer loop
      vertex 17.1621 -15.08 4.9
      vertex 17.1621 -15.96 4.9
      vertex 17.22 -15.52 4.9
    endloop
  endfacet
  facet normal 0 0 1
    outer loop
      vertex 16.9922 -14.67 4.9
      vertex 17.1621 -15.96 4.9
      vertex 17.1621 -15.08 4.9
    endloop
  endfacet
  facet normal 0 0 1
    outer loop
      vertex 16.9922 -14.67 4.9
      vertex 16.9922 -16.37 4.9
      vertex 17.1621 -15.96 4.9
    endloop
  endfacet
  facet normal 0 0 1
    outer loop
      vertex 16.7221 -14.3179 4.9
      vertex 16.9922 -16.37 4.9
      vertex 16.9922 -14.67 4.9
    endloop
  endfacet
  facet normal 0 0 1
    outer loop
      vertex 16.7221 -14.3179 4.9
      vertex 16.7221 -16.7221 4.9
      vertex 16.9922 -16.37 4.9
    endloop
  endfacet
  facet normal 0 0 1
    outer loop
      vertex 16.37 -14.0478 4.9
      vertex 16.7221 -16.7221 4.9
      vertex 16.7221 -14.3179 4.9
    endloop
  endfacet
  facet normal 0 0 1
    outer loop
      vertex 16.37 -14.0478 4.9
      vertex 16.37 -16.9922 4.9
      vertex 16.7221 -16.7221 4.9
    endloop
  endfacet
  facet normal 0 0 1
    outer loop
      vertex 15.96 -13.8779 4.9
      vertex 16.37 -16.9922 4.9
      vertex 16.37 -14.0478 4.9
    endloop
  endfacet
  facet normal 0 0 1
    outer loop
      vertex 15.96 -13.8779 4.9
      vertex 15.96 -17.1621 4.9
      vertex 16.37 -16.9922 4.9
    endloop
  endfacet
  facet normal 0 0 1
    outer loop
      vertex 15.52 -13.82 4.9
      vertex 15.96 -17.1621 4.9
      vertex 15.96 -13.8779 4.9
    endloop
  endfacet
  facet normal 0 0 1
    outer loop
      vertex 15.52 -13.82 4.9
      vertex 15.52 -17.22 4.9
      vertex 15.96 -17.1621 4.9
    endloop
  endfacet
  facet normal -0 0 1
    outer loop
      vertex 15.08 -13.8779 4.9
      vertex 15.52 -17.22 4.9
      vertex 15.52 -13.82 4.9
    endloop
  endfacet
  facet normal 0 0 1
    outer loop
      vertex 15.08 -13.8779 4.9
      vertex 15.08 -17.1621 4.9
      vertex 15.52 -17.22 4.9
    endloop
  endfacet
  facet normal -0 0 1
    outer loop
      vertex 14.67 -14.0478 4.9
      vertex 15.08 -17.1621 4.9
      vertex 15.08 -13.8779 4.9
    endloop
  endfacet
  facet normal 0 0 1
    outer loop
      vertex 14.67 -14.0478 4.9
      vertex 14.67 -16.9922 4.9
      vertex 15.08 -17.1621 4.9
    endloop
  endfacet
  facet normal -0 0 1
    outer loop
      vertex 14.3179 -14.3179 4.9
      vertex 14.67 -16.9922 4.9
      vertex 14.67 -14.0478 4.9
    endloop
  endfacet
  facet normal 0 0 1
    outer loop
      vertex 14.3179 -14.3179 4.9
      vertex 14.3179 -16.7221 4.9
      vertex 14.67 -16.9922 4.9
    endloop
  endfacet
  facet normal -0 0 1
    outer loop
      vertex 14.0478 -14.67 4.9
      vertex 14.3179 -16.7221 4.9
      vertex 14.3179 -14.3179 4.9
    endloop
  endfacet
  facet normal 0 0 1
    outer loop
      vertex 14.0478 -14.67 4.9
      vertex 14.0478 -16.37 4.9
      vertex 14.3179 -16.7221 4.9
    endloop
  endfacet
  facet normal -0 0 1
    outer loop
      vertex 13.8779 -15.08 4.9
      vertex 14.0478 -16.37 4.9
      vertex 14.0478 -14.67 4.9
    endloop
  endfacet
  facet normal 0 0 1
    outer loop
      vertex 13.8779 -15.08 4.9
      vertex 13.8779 -15.96 4.9
      vertex 14.0478 -16.37 4.9
    endloop
  endfacet
  facet normal 0 -0 1
    outer loop
      vertex 13.8779 -15.96 4.9
      vertex 13.8779 -15.08 4.9
      vertex 13.82 -15.52 4.9
    endloop
  endfacet
  facet normal 0.923822 -0.382823 0
    outer loop
      vertex 13.8779 -15.08 10.9
      vertex 14.0478 -14.67 4.9
      vertex 14.0478 -14.67 10.9
    endloop
  endfacet
  facet normal 0.923822 -0.382823 0
    outer loop
      vertex 14.0478 -14.67 4.9
      vertex 13.8779 -15.08 10.9
      vertex 13.8779 -15.08 4.9
    endloop
  endfacet
  facet normal -0.923822 -0.382823 0
    outer loop
      vertex 17.1621 15.96 4.9
      vertex 16.9922 16.37 5
      vertex 16.9922 16.37 4.9
    endloop
  endfacet
  facet normal -0.923822 -0.382823 0
    outer loop
      vertex 16.9922 16.37 5
      vertex 17.1621 15.96 4.9
      vertex 17.1621 15.96 5
    endloop
  endfacet
  facet normal -0.991453 -0.130466 0
    outer loop
      vertex 17.22 15.52 4.9
      vertex 17.1621 15.96 5
      vertex 17.1621 15.96 4.9
    endloop
  endfacet
  facet normal -0.991453 -0.130466 0
    outer loop
      vertex 17.1621 15.96 5
      vertex 17.22 15.52 4.9
      vertex 17.22 15.52 5
    endloop
  endfacet
  facet normal 0.608654 -0.793436 0
    outer loop
      vertex 14.3179 16.7221 4.9
      vertex 14.67 16.9922 5
      vertex 14.3179 16.7221 5
    endloop
  endfacet
  facet normal 0.608654 -0.793436 0
    outer loop
      vertex 14.67 16.9922 5
      vertex 14.3179 16.7221 4.9
      vertex 14.67 16.9922 4.9
    endloop
  endfacet
  facet normal 0.382823 -0.923822 0
    outer loop
      vertex 14.67 16.9922 4.9
      vertex 15.08 17.1621 5
      vertex 14.67 16.9922 5
    endloop
  endfacet
  facet normal 0.382823 -0.923822 0
    outer loop
      vertex 15.08 17.1621 5
      vertex 14.67 16.9922 4.9
      vertex 15.08 17.1621 4.9
    endloop
  endfacet
  facet normal -0.608654 0.793436 0
    outer loop
      vertex 16.7221 14.3179 4.9
      vertex 16.37 14.0478 5
      vertex 16.7221 14.3179 5
    endloop
  endfacet
  facet normal -0.608654 0.793436 0
    outer loop
      vertex 16.37 14.0478 5
      vertex 16.7221 14.3179 4.9
      vertex 16.37 14.0478 4.9
    endloop
  endfacet
  facet normal -0.608654 -0.793436 0
    outer loop
      vertex 16.37 16.9922 4.9
      vertex 16.7221 16.7221 5
      vertex 16.37 16.9922 5
    endloop
  endfacet
  facet normal -0.608654 -0.793436 -0
    outer loop
      vertex 16.7221 16.7221 5
      vertex 16.37 16.9922 4.9
      vertex 16.7221 16.7221 4.9
    endloop
  endfacet
  facet normal 0.130425 0.991458 0
    outer loop
      vertex 15.52 13.82 5
      vertex 15.52 13.82 4.9
      vertex 15.0829 13.8775 5
    endloop
  endfacet
  facet normal 0.136637 0.990621 -0
    outer loop
      vertex 15.0829 13.8775 5
      vertex 15.08 13.8779 10.9
      vertex 15.0829 13.8775 10.9
    endloop
  endfacet
  facet normal 0.136637 0.990621 0
    outer loop
      vertex 15.0829 13.8775 5
      vertex 15.08 13.8779 4.9
      vertex 15.08 13.8779 10.9
    endloop
  endfacet
  facet normal 0.130466 0.991453 0.000182292
    outer loop
      vertex 15.08 13.8779 4.9
      vertex 15.0829 13.8775 5
      vertex 15.52 13.82 4.9
    endloop
  endfacet
  facet normal -0.130466 -0.991453 0
    outer loop
      vertex 15.52 17.22 4.9
      vertex 15.96 17.1621 5
      vertex 15.52 17.22 5
    endloop
  endfacet
  facet normal -0.130466 -0.991453 -0
    outer loop
      vertex 15.96 17.1621 5
      vertex 15.52 17.22 4.9
      vertex 15.96 17.1621 4.9
    endloop
  endfacet
  facet normal -0.382823 -0.923822 0
    outer loop
      vertex 15.96 17.1621 4.9
      vertex 16.37 16.9922 5
      vertex 15.96 17.1621 5
    endloop
  endfacet
  facet normal -0.382823 -0.923822 -0
    outer loop
      vertex 16.37 16.9922 5
      vertex 15.96 17.1621 4.9
      vertex 16.37 16.9922 4.9
    endloop
  endfacet
  facet normal 0.608654 0.793436 -0
    outer loop
      vertex 14.67 14.0478 4.9
      vertex 14.3179 14.3179 10.9
      vertex 14.67 14.0478 10.9
    endloop
  endfacet
  facet normal 0.608654 0.793436 0
    outer loop
      vertex 14.3179 14.3179 10.9
      vertex 14.67 14.0478 4.9
      vertex 14.3179 14.3179 4.9
    endloop
  endfacet
  facet normal -0.793436 -0.608654 0
    outer loop
      vertex 16.9922 16.37 4.9
      vertex 16.7221 16.7221 5
      vertex 16.7221 16.7221 4.9
    endloop
  endfacet
  facet normal -0.793436 -0.608654 0
    outer loop
      vertex 16.7221 16.7221 5
      vertex 16.9922 16.37 4.9
      vertex 16.9922 16.37 5
    endloop
  endfacet
  facet normal -0.793436 0.608654 0
    outer loop
      vertex 16.7221 14.3179 4.9
      vertex 16.9922 14.67 5
      vertex 16.9922 14.67 4.9
    endloop
  endfacet
  facet normal -0.793436 0.608654 0
    outer loop
      vertex 16.9922 14.67 5
      vertex 16.7221 14.3179 4.9
      vertex 16.7221 14.3179 5
    endloop
  endfacet
  facet normal -0.382823 0.923822 0
    outer loop
      vertex 16.37 14.0478 4.9
      vertex 15.96 13.8779 5
      vertex 16.37 14.0478 5
    endloop
  endfacet
  facet normal -0.382823 0.923822 0
    outer loop
      vertex 15.96 13.8779 5
      vertex 16.37 14.0478 4.9
      vertex 15.96 13.8779 4.9
    endloop
  endfacet
  facet normal 0.793436 -0.608654 0
    outer loop
      vertex 14.0478 16.37 5
      vertex 14.3179 16.7221 4.9
      vertex 14.3179 16.7221 5
    endloop
  endfacet
  facet normal 0.793436 -0.608654 0
    outer loop
      vertex 14.3179 16.7221 4.9
      vertex 14.0478 16.37 5
      vertex 14.0478 16.37 4.9
    endloop
  endfacet
  facet normal 0.793436 0.608654 0
    outer loop
      vertex 14.3179 14.3179 10.9
      vertex 14.0478 14.67 4.9
      vertex 14.0478 14.67 10.9
    endloop
  endfacet
  facet normal 0.793436 0.608654 0
    outer loop
      vertex 14.0478 14.67 4.9
      vertex 14.3179 14.3179 10.9
      vertex 14.3179 14.3179 4.9
    endloop
  endfacet
  facet normal -0.991453 0.130466 0
    outer loop
      vertex 17.1621 15.08 4.9
      vertex 17.22 15.52 5
      vertex 17.22 15.52 4.9
    endloop
  endfacet
  facet normal -0.991453 0.130466 0
    outer loop
      vertex 17.22 15.52 5
      vertex 17.1621 15.08 4.9
      vertex 17.1621 15.08 5
    endloop
  endfacet
  facet normal 0.130466 -0.991453 0
    outer loop
      vertex 15.08 17.1621 4.9
      vertex 15.52 17.22 5
      vertex 15.08 17.1621 5
    endloop
  endfacet
  facet normal 0.130466 -0.991453 0
    outer loop
      vertex 15.52 17.22 5
      vertex 15.08 17.1621 4.9
      vertex 15.52 17.22 4.9
    endloop
  endfacet
  facet normal 0.923822 0.382823 0
    outer loop
      vertex 14.0478 14.67 10.9
      vertex 13.8779 15.08 4.9
      vertex 13.8779 15.08 10.9
    endloop
  endfacet
  facet normal 0.923822 0.382823 0
    outer loop
      vertex 13.8779 15.08 4.9
      vertex 14.0478 14.67 10.9
      vertex 14.0478 14.67 4.9
    endloop
  endfacet
  facet normal 0.990621 0.136637 0
    outer loop
      vertex 13.8775 15.0829 10.9
      vertex 13.8779 15.08 10.9
      vertex 13.8775 15.0829 5
    endloop
  endfacet
  facet normal 0.991458 0.130425 0
    outer loop
      vertex 13.8775 15.0829 5
      vertex 13.82 15.52 4.9
      vertex 13.82 15.52 5
    endloop
  endfacet
  facet normal 0.991453 0.130466 0.000182292
    outer loop
      vertex 13.8775 15.0829 5
      vertex 13.8779 15.08 4.9
      vertex 13.82 15.52 4.9
    endloop
  endfacet
  facet normal 0.990621 0.136637 -0
    outer loop
      vertex 13.8779 15.08 4.9
      vertex 13.8775 15.0829 5
      vertex 13.8779 15.08 10.9
    endloop
  endfacet
  facet normal -0.923822 0.382823 0
    outer loop
      vertex 16.9922 14.67 4.9
      vertex 17.1621 15.08 5
      vertex 17.1621 15.08 4.9
    endloop
  endfacet
  facet normal -0.923822 0.382823 0
    outer loop
      vertex 17.1621 15.08 5
      vertex 16.9922 14.67 4.9
      vertex 16.9922 14.67 5
    endloop
  endfacet
  facet normal 0.382823 0.923822 -0
    outer loop
      vertex 15.08 13.8779 4.9
      vertex 14.67 14.0478 10.9
      vertex 15.08 13.8779 10.9
    endloop
  endfacet
  facet normal 0.382823 0.923822 0
    outer loop
      vertex 14.67 14.0478 10.9
      vertex 15.08 13.8779 4.9
      vertex 14.67 14.0478 4.9
    endloop
  endfacet
  facet normal -0.130466 0.991453 0
    outer loop
      vertex 15.96 13.8779 4.9
      vertex 15.52 13.82 5
      vertex 15.96 13.8779 5
    endloop
  endfacet
  facet normal -0.130466 0.991453 0
    outer loop
      vertex 15.52 13.82 5
      vertex 15.96 13.8779 4.9
      vertex 15.52 13.82 4.9
    endloop
  endfacet
  facet normal 0 0 1
    outer loop
      vertex 17.1621 15.96 4.9
      vertex 17.1621 15.08 4.9
      vertex 17.22 15.52 4.9
    endloop
  endfacet
  facet normal 0 0 1
    outer loop
      vertex 16.9922 16.37 4.9
      vertex 17.1621 15.08 4.9
      vertex 17.1621 15.96 4.9
    endloop
  endfacet
  facet normal 0 0 1
    outer loop
      vertex 16.9922 16.37 4.9
      vertex 16.9922 14.67 4.9
      vertex 17.1621 15.08 4.9
    endloop
  endfacet
  facet normal 0 0 1
    outer loop
      vertex 16.7221 16.7221 4.9
      vertex 16.9922 14.67 4.9
      vertex 16.9922 16.37 4.9
    endloop
  endfacet
  facet normal 0 0 1
    outer loop
      vertex 16.7221 16.7221 4.9
      vertex 16.7221 14.3179 4.9
      vertex 16.9922 14.67 4.9
    endloop
  endfacet
  facet normal 0 0 1
    outer loop
      vertex 16.37 16.9922 4.9
      vertex 16.7221 14.3179 4.9
      vertex 16.7221 16.7221 4.9
    endloop
  endfacet
  facet normal 0 0 1
    outer loop
      vertex 16.37 16.9922 4.9
      vertex 16.37 14.0478 4.9
      vertex 16.7221 14.3179 4.9
    endloop
  endfacet
  facet normal 0 0 1
    outer loop
      vertex 15.96 17.1621 4.9
      vertex 16.37 14.0478 4.9
      vertex 16.37 16.9922 4.9
    endloop
  endfacet
  facet normal 0 0 1
    outer loop
      vertex 15.96 17.1621 4.9
      vertex 15.96 13.8779 4.9
      vertex 16.37 14.0478 4.9
    endloop
  endfacet
  facet normal 0 0 1
    outer loop
      vertex 15.52 17.22 4.9
      vertex 15.96 13.8779 4.9
      vertex 15.96 17.1621 4.9
    endloop
  endfacet
  facet normal 0 0 1
    outer loop
      vertex 15.52 17.22 4.9
      vertex 15.52 13.82 4.9
      vertex 15.96 13.8779 4.9
    endloop
  endfacet
  facet normal -0 0 1
    outer loop
      vertex 15.08 17.1621 4.9
      vertex 15.52 13.82 4.9
      vertex 15.52 17.22 4.9
    endloop
  endfacet
  facet normal 0 0 1
    outer loop
      vertex 15.08 17.1621 4.9
      vertex 15.08 13.8779 4.9
      vertex 15.52 13.82 4.9
    endloop
  endfacet
  facet normal -0 0 1
    outer loop
      vertex 14.67 16.9922 4.9
      vertex 15.08 13.8779 4.9
      vertex 15.08 17.1621 4.9
    endloop
  endfacet
  facet normal 0 0 1
    outer loop
      vertex 14.67 16.9922 4.9
      vertex 14.67 14.0478 4.9
      vertex 15.08 13.8779 4.9
    endloop
  endfacet
  facet normal -0 0 1
    outer loop
      vertex 14.3179 16.7221 4.9
      vertex 14.67 14.0478 4.9
      vertex 14.67 16.9922 4.9
    endloop
  endfacet
  facet normal 0 0 1
    outer loop
      vertex 14.3179 16.7221 4.9
      vertex 14.3179 14.3179 4.9
      vertex 14.67 14.0478 4.9
    endloop
  endfacet
  facet normal -0 0 1
    outer loop
      vertex 14.0478 16.37 4.9
      vertex 14.3179 14.3179 4.9
      vertex 14.3179 16.7221 4.9
    endloop
  endfacet
  facet normal 0 0 1
    outer loop
      vertex 14.0478 16.37 4.9
      vertex 14.0478 14.67 4.9
      vertex 14.3179 14.3179 4.9
    endloop
  endfacet
  facet normal -0 0 1
    outer loop
      vertex 13.8779 15.96 4.9
      vertex 14.0478 14.67 4.9
      vertex 14.0478 16.37 4.9
    endloop
  endfacet
  facet normal 0 0 1
    outer loop
      vertex 13.8779 15.96 4.9
      vertex 13.8779 15.08 4.9
      vertex 14.0478 14.67 4.9
    endloop
  endfacet
  facet normal 0 -0 1
    outer loop
      vertex 13.8779 15.08 4.9
      vertex 13.8779 15.96 4.9
      vertex 13.82 15.52 4.9
    endloop
  endfacet
  facet normal 0.923822 -0.382823 0
    outer loop
      vertex 13.8779 15.96 5
      vertex 14.0478 16.37 4.9
      vertex 14.0478 16.37 5
    endloop
  endfacet
  facet normal 0.923822 -0.382823 0
    outer loop
      vertex 14.0478 16.37 4.9
      vertex 13.8779 15.96 5
      vertex 13.8779 15.96 4.9
    endloop
  endfacet
  facet normal 0.991453 -0.130466 0
    outer loop
      vertex 13.82 15.52 5
      vertex 13.8779 15.96 4.9
      vertex 13.8779 15.96 5
    endloop
  endfacet
  facet normal 0.991453 -0.130466 0
    outer loop
      vertex 13.8779 15.96 4.9
      vertex 13.82 15.52 5
      vertex 13.82 15.52 4.9
    endloop
  endfacet
  facet normal -0.92388 -0.382682 0
    outer loop
      vertex 3.38074 0.905867 0
      vertex 3.03109 1.75 10.9
      vertex 3.03109 1.75 0
    endloop
  endfacet
  facet normal -0.92388 -0.382682 0
    outer loop
      vertex 3.03109 1.75 10.9
      vertex 3.38074 0.905867 0
      vertex 3.38074 0.905867 10.9
    endloop
  endfacet
  facet normal -0.991445 -0.130527 0
    outer loop
      vertex 3.5 0 0
      vertex 3.38074 0.905867 10.9
      vertex 3.38074 0.905867 0
    endloop
  endfacet
  facet normal -0.991445 -0.130527 0
    outer loop
      vertex 3.38074 0.905867 10.9
      vertex 3.5 0 0
      vertex 3.5 0 10.9
    endloop
  endfacet
  facet normal 0.608767 -0.793349 0
    outer loop
      vertex -2.47487 2.47487 0
      vertex -1.75 3.03109 10.9
      vertex -2.47487 2.47487 10.9
    endloop
  endfacet
  facet normal 0.608767 -0.793349 0
    outer loop
      vertex -1.75 3.03109 10.9
      vertex -2.47487 2.47487 0
      vertex -1.75 3.03109 0
    endloop
  endfacet
  facet normal 0.382682 -0.92388 0
    outer loop
      vertex -1.75 3.03109 0
      vertex -0.905867 3.38074 10.9
      vertex -1.75 3.03109 10.9
    endloop
  endfacet
  facet normal 0.382682 -0.92388 0
    outer loop
      vertex -0.905867 3.38074 10.9
      vertex -1.75 3.03109 0
      vertex -0.905867 3.38074 0
    endloop
  endfacet
  facet normal -0.608767 0.793349 0
    outer loop
      vertex 2.47487 -2.47487 0
      vertex 1.75 -3.03109 10.9
      vertex 2.47487 -2.47487 10.9
    endloop
  endfacet
  facet normal -0.608767 0.793349 0
    outer loop
      vertex 1.75 -3.03109 10.9
      vertex 2.47487 -2.47487 0
      vertex 1.75 -3.03109 0
    endloop
  endfacet
  facet normal -0.608767 -0.793349 0
    outer loop
      vertex 1.75 3.03109 0
      vertex 2.47487 2.47487 10.9
      vertex 1.75 3.03109 10.9
    endloop
  endfacet
  facet normal -0.608767 -0.793349 -0
    outer loop
      vertex 2.47487 2.47487 10.9
      vertex 1.75 3.03109 0
      vertex 2.47487 2.47487 0
    endloop
  endfacet
  facet normal 0.130527 0.991445 -0
    outer loop
      vertex 0 -3.5 0
      vertex -0.905867 -3.38074 10.9
      vertex 0 -3.5 10.9
    endloop
  endfacet
  facet normal 0.130527 0.991445 0
    outer loop
      vertex -0.905867 -3.38074 10.9
      vertex 0 -3.5 0
      vertex -0.905867 -3.38074 0
    endloop
  endfacet
  facet normal -0.130527 -0.991445 0
    outer loop
      vertex 0 3.5 0
      vertex 0.905867 3.38074 10.9
      vertex 0 3.5 10.9
    endloop
  endfacet
  facet normal -0.130527 -0.991445 -0
    outer loop
      vertex 0.905867 3.38074 10.9
      vertex 0 3.5 0
      vertex 0.905867 3.38074 0
    endloop
  endfacet
  facet normal -0.382682 -0.92388 0
    outer loop
      vertex 0.905867 3.38074 0
      vertex 1.75 3.03109 10.9
      vertex 0.905867 3.38074 10.9
    endloop
  endfacet
  facet normal -0.382682 -0.92388 -0
    outer loop
      vertex 1.75 3.03109 10.9
      vertex 0.905867 3.38074 0
      vertex 1.75 3.03109 0
    endloop
  endfacet
  facet normal 0.608767 0.793349 -0
    outer loop
      vertex -1.75 -3.03109 0
      vertex -2.47487 -2.47487 10.9
      vertex -1.75 -3.03109 10.9
    endloop
  endfacet
  facet normal 0.608767 0.793349 0
    outer loop
      vertex -2.47487 -2.47487 10.9
      vertex -1.75 -3.03109 0
      vertex -2.47487 -2.47487 0
    endloop
  endfacet
  facet normal -0.130527 0.991445 0
    outer loop
      vertex 0.905867 -3.38074 0
      vertex 0 -3.5 10.9
      vertex 0.905867 -3.38074 10.9
    endloop
  endfacet
  facet normal -0.130527 0.991445 0
    outer loop
      vertex 0 -3.5 10.9
      vertex 0.905867 -3.38074 0
      vertex 0 -3.5 0
    endloop
  endfacet
  facet normal -0.793349 0.608767 0
    outer loop
      vertex 2.47487 -2.47487 0
      vertex 3.03109 -1.75 10.9
      vertex 3.03109 -1.75 0
    endloop
  endfacet
  facet normal -0.793349 0.608767 0
    outer loop
      vertex 3.03109 -1.75 10.9
      vertex 2.47487 -2.47487 0
      vertex 2.47487 -2.47487 10.9
    endloop
  endfacet
  facet normal -0.382682 0.92388 0
    outer loop
      vertex 1.75 -3.03109 0
      vertex 0.905867 -3.38074 10.9
      vertex 1.75 -3.03109 10.9
    endloop
  endfacet
  facet normal -0.382682 0.92388 0
    outer loop
      vertex 0.905867 -3.38074 10.9
      vertex 1.75 -3.03109 0
      vertex 0.905867 -3.38074 0
    endloop
  endfacet
  facet normal 0.793349 -0.608767 0
    outer loop
      vertex -3.03109 1.75 10.9
      vertex -2.47487 2.47487 0
      vertex -2.47487 2.47487 10.9
    endloop
  endfacet
  facet normal 0.793349 -0.608767 0
    outer loop
      vertex -2.47487 2.47487 0
      vertex -3.03109 1.75 10.9
      vertex -3.03109 1.75 0
    endloop
  endfacet
  facet normal 0.793349 0.608767 0
    outer loop
      vertex -2.47487 -2.47487 10.9
      vertex -3.03109 -1.75 0
      vertex -3.03109 -1.75 10.9
    endloop
  endfacet
  facet normal 0.793349 0.608767 0
    outer loop
      vertex -3.03109 -1.75 0
      vertex -2.47487 -2.47487 10.9
      vertex -2.47487 -2.47487 0
    endloop
  endfacet
  facet normal -0.991445 0.130527 0
    outer loop
      vertex 3.38074 -0.905867 0
      vertex 3.5 0 10.9
      vertex 3.5 0 0
    endloop
  endfacet
  facet normal -0.991445 0.130527 0
    outer loop
      vertex 3.5 0 10.9
      vertex 3.38074 -0.905867 0
      vertex 3.38074 -0.905867 10.9
    endloop
  endfacet
  facet normal 0.130527 -0.991445 0
    outer loop
      vertex -0.905867 3.38074 0
      vertex 0 3.5 10.9
      vertex -0.905867 3.38074 10.9
    endloop
  endfacet
  facet normal 0.130527 -0.991445 0
    outer loop
      vertex 0 3.5 10.9
      vertex -0.905867 3.38074 0
      vertex 0 3.5 0
    endloop
  endfacet
  facet normal 0.92388 0.382682 0
    outer loop
      vertex -3.03109 -1.75 10.9
      vertex -3.38074 -0.905867 0
      vertex -3.38074 -0.905867 10.9
    endloop
  endfacet
  facet normal 0.92388 0.382682 0
    outer loop
      vertex -3.38074 -0.905867 0
      vertex -3.03109 -1.75 10.9
      vertex -3.03109 -1.75 0
    endloop
  endfacet
  facet normal 0.991445 0.130527 0
    outer loop
      vertex -3.38074 -0.905867 10.9
      vertex -3.5 0 0
      vertex -3.5 0 10.9
    endloop
  endfacet
  facet normal 0.991445 0.130527 0
    outer loop
      vertex -3.5 0 0
      vertex -3.38074 -0.905867 10.9
      vertex -3.38074 -0.905867 0
    endloop
  endfacet
  facet normal -0.92388 0.382682 0
    outer loop
      vertex 3.03109 -1.75 0
      vertex 3.38074 -0.905867 10.9
      vertex 3.38074 -0.905867 0
    endloop
  endfacet
  facet normal -0.92388 0.382682 0
    outer loop
      vertex 3.38074 -0.905867 10.9
      vertex 3.03109 -1.75 0
      vertex 3.03109 -1.75 10.9
    endloop
  endfacet
  facet normal 0.382682 0.92388 -0
    outer loop
      vertex -0.905867 -3.38074 0
      vertex -1.75 -3.03109 10.9
      vertex -0.905867 -3.38074 10.9
    endloop
  endfacet
  facet normal 0.382682 0.92388 0
    outer loop
      vertex -1.75 -3.03109 10.9
      vertex -0.905867 -3.38074 0
      vertex -1.75 -3.03109 0
    endloop
  endfacet
  facet normal -0.793349 -0.608767 0
    outer loop
      vertex 3.03109 1.75 0
      vertex 2.47487 2.47487 10.9
      vertex 2.47487 2.47487 0
    endloop
  endfacet
  facet normal -0.793349 -0.608767 0
    outer loop
      vertex 2.47487 2.47487 10.9
      vertex 3.03109 1.75 0
      vertex 3.03109 1.75 10.9
    endloop
  endfacet
  facet normal 0.92388 -0.382682 0
    outer loop
      vertex -3.38074 0.905867 10.9
      vertex -3.03109 1.75 0
      vertex -3.03109 1.75 10.9
    endloop
  endfacet
  facet normal 0.92388 -0.382682 0
    outer loop
      vertex -3.03109 1.75 0
      vertex -3.38074 0.905867 10.9
      vertex -3.38074 0.905867 0
    endloop
  endfacet
  facet normal 0.991445 -0.130527 0
    outer loop
      vertex -3.5 0 10.9
      vertex -3.38074 0.905867 0
      vertex -3.38074 0.905867 10.9
    endloop
  endfacet
  facet normal 0.991445 -0.130527 0
    outer loop
      vertex -3.38074 0.905867 0
      vertex -3.5 0 10.9
      vertex -3.5 0 0
    endloop
  endfacet
  facet normal -0.740908 0.671607 0
    outer loop
      vertex 68.408 17.5376 0
      vertex 68.6716 17.8284 8
      vertex 68.6716 17.8284 0
    endloop
  endfacet
  facet normal -0.740908 0.671607 0
    outer loop
      vertex 68.6716 17.8284 8
      vertex 68.408 17.5376 0
      vertex 68.408 17.5376 8
    endloop
  endfacet
  facet normal -0.904044 -0.42744 0
    outer loop
      vertex 67.9723 13.1144 0
      vertex 67.8045 13.4693 8
      vertex 67.8045 13.4693 0
    endloop
  endfacet
  facet normal -0.904044 -0.42744 0
    outer loop
      vertex 67.8045 13.4693 8
      vertex 67.9723 13.1144 0
      vertex 67.9723 13.1144 8
    endloop
  endfacet
  facet normal -0.989176 -0.146733 0
    outer loop
      vertex 67.5769 14.2196 0
      vertex 67.5193 14.6079 8
      vertex 67.5193 14.6079 0
    endloop
  endfacet
  facet normal -0.989176 -0.146733 0
    outer loop
      vertex 67.5193 14.6079 8
      vertex 67.5769 14.2196 0
      vertex 67.5769 14.2196 8
    endloop
  endfacet
  facet normal -0.85774 0.514084 0
    outer loop
      vertex 67.9723 16.8856 0
      vertex 68.1741 17.2223 8
      vertex 68.1741 17.2223 0
    endloop
  endfacet
  facet normal -0.85774 0.514084 0
    outer loop
      vertex 68.1741 17.2223 8
      vertex 67.9723 16.8856 0
      vertex 67.9723 16.8856 8
    endloop
  endfacet
  facet normal -0.989176 0.146733 0
    outer loop
      vertex 67.5193 15.3921 0
      vertex 67.5769 15.7804 8
      vertex 67.5769 15.7804 0
    endloop
  endfacet
  facet normal -0.989176 0.146733 0
    outer loop
      vertex 67.5769 15.7804 8
      vertex 67.5193 15.3921 0
      vertex 67.5193 15.3921 8
    endloop
  endfacet
  facet normal 0.803137 0.595794 0
    outer loop
      vertex 74.8259 17.2223 8
      vertex 74.592 17.5376 0
      vertex 74.592 17.5376 8
    endloop
  endfacet
  facet normal 0.803137 0.595794 0
    outer loop
      vertex 74.592 17.5376 0
      vertex 74.8259 17.2223 8
      vertex 74.8259 17.2223 0
    endloop
  endfacet
  facet normal -0.9415 0.337014 0
    outer loop
      vertex 67.6722 16.1611 0
      vertex 67.8045 16.5307 8
      vertex 67.8045 16.5307 0
    endloop
  endfacet
  facet normal -0.9415 0.337014 0
    outer loop
      vertex 67.8045 16.5307 8
      vertex 67.6722 16.1611 0
      vertex 67.6722 16.1611 8
    endloop
  endfacet
  facet normal -0.803137 0.595794 0
    outer loop
      vertex 68.1741 17.2223 0
      vertex 68.408 17.5376 8
      vertex 68.408 17.5376 0
    endloop
  endfacet
  facet normal -0.803137 0.595794 0
    outer loop
      vertex 68.408 17.5376 8
      vertex 68.1741 17.2223 0
      vertex 68.1741 17.2223 8
    endloop
  endfacet
  facet normal -0.9415 -0.337014 0
    outer loop
      vertex 67.8045 13.4693 0
      vertex 67.6722 13.8389 8
      vertex 67.6722 13.8389 0
    endloop
  endfacet
  facet normal -0.9415 -0.337014 0
    outer loop
      vertex 67.6722 13.8389 8
      vertex 67.8045 13.4693 0
      vertex 67.8045 13.4693 8
    endloop
  endfacet
  facet normal 0 0 -1
    outer loop
      vertex 84.5 -3 0
      vertex 97 0 0
      vertex 96.9181 -1.66629 0
    endloop
  endfacet
  facet normal 0 0 -1
    outer loop
      vertex 84.5 -3 0
      vertex 96.9181 -1.66629 0
      vertex 96.6733 -3.31653 0
    endloop
  endfacet
  facet normal -0 0 -1
    outer loop
      vertex 97 0 0
      vertex 84.5 -3 0
      vertex 96.9181 1.66629 0
    endloop
  endfacet
  facet normal 0 0 -1
    outer loop
      vertex 84.5 -3 0
      vertex 96.6733 -3.31653 0
      vertex 96.268 -4.93484 0
    endloop
  endfacet
  facet normal -0 0 -1
    outer loop
      vertex 96.9181 1.66629 0
      vertex 84.5 -3 0
      vertex 96.6733 3.31653 0
    endloop
  endfacet
  facet normal 0 0 -1
    outer loop
      vertex 84.5 -3 0
      vertex 96.268 -4.93484 0
      vertex 95.7059 -6.50562 0
    endloop
  endfacet
  facet normal -0 0 -1
    outer loop
      vertex 96.6733 3.31653 0
      vertex 84.5 -3 0
      vertex 96.268 4.93484 0
    endloop
  endfacet
  facet normal 0 0 -1
    outer loop
      vertex 84.5 -3 0
      vertex 95.7059 -6.50562 0
      vertex 94.9927 -8.01374 0
    endloop
  endfacet
  facet normal -0 0 -1
    outer loop
      vertex 96.268 4.93484 0
      vertex 84.5 -3 0
      vertex 95.7059 6.50562 0
    endloop
  endfacet
  facet normal 0 0 -1
    outer loop
      vertex 84.5 -3 0
      vertex 94.9927 -8.01374 0
      vertex 94.135 -9.44469 0
    endloop
  endfacet
  facet normal -0 0 -1
    outer loop
      vertex 95.7059 6.50562 0
      vertex 84.5 -3 0
      vertex 94.9927 8.01374 0
    endloop
  endfacet
  facet normal 0 0 -1
    outer loop
      vertex 84.5 -3 0
      vertex 94.135 -9.44469 0
      vertex 93.1412 -10.7847 0
    endloop
  endfacet
  facet normal -0 0 -1
    outer loop
      vertex 94.9927 8.01374 0
      vertex 84.5 -3 0
      vertex 94.135 9.44469 0
    endloop
  endfacet
  facet normal 0 0 -1
    outer loop
      vertex 84.5 -3 0
      vertex 93.1412 -10.7847 0
      vertex 92.0208 -12.0208 0
    endloop
  endfacet
  facet normal 0 -0 -1
    outer loop
      vertex 88.06 13.3579 0
      vertex 94.135 9.44469 0
      vertex 84.5 -3 0
    endloop
  endfacet
  facet normal 0 0 -1
    outer loop
      vertex 94.135 9.44469 0
      vertex 88.06 13.3579 0
      vertex 93.1412 10.7847 0
    endloop
  endfacet
  facet normal 0 0 -1
    outer loop
      vertex 93.1412 10.7847 0
      vertex 88.5 13.3 0
      vertex 92.0208 12.0208 0
    endloop
  endfacet
  facet normal 0 -0 -1
    outer loop
      vertex 90.2 15 0
      vertex 91.5657 12.4333 0
      vertex 90.1421 14.56 0
    endloop
  endfacet
  facet normal 0 0 -1
    outer loop
      vertex 84.5 -3 0
      vertex 92.0208 -12.0208 0
      vertex 90.7847 -13.1412 0
    endloop
  endfacet
  facet normal 0 0 -1
    outer loop
      vertex 91.5657 12.4333 0
      vertex 90.2 15 0
      vertex 91.3284 17.8284 0
    endloop
  endfacet
  facet normal 0 0 -1
    outer loop
      vertex 89.9722 15.85 0
      vertex 91.3284 17.8284 0
      vertex 90.1421 15.44 0
    endloop
  endfacet
  facet normal 0 0 -1
    outer loop
      vertex 89.7021 16.2021 0
      vertex 91.3284 17.8284 0
      vertex 89.9722 15.85 0
    endloop
  endfacet
  facet normal 0 0 -1
    outer loop
      vertex 90.1421 15.44 0
      vertex 91.3284 17.8284 0
      vertex 90.2 15 0
    endloop
  endfacet
  facet normal 0 0 -1
    outer loop
      vertex 91.5657 12.4333 0
      vertex 89.9722 14.15 0
      vertex 90.1421 14.56 0
    endloop
  endfacet
  facet normal 0 0 -1
    outer loop
      vertex 91.5657 12.4333 0
      vertex 89.7021 13.7979 0
      vertex 89.9722 14.15 0
    endloop
  endfacet
  facet normal 0 0 -1
    outer loop
      vertex 84.5 -3 0
      vertex 90.7847 -13.1412 0
      vertex 89.4447 -14.135 0
    endloop
  endfacet
  facet normal 0 0 -1
    outer loop
      vertex 92.0208 12.0208 0
      vertex 88.5 13.3 0
      vertex 91.5657 12.4333 0
    endloop
  endfacet
  facet normal 0 0 -1
    outer loop
      vertex 91.5657 12.4333 0
      vertex 89.35 13.5278 0
      vertex 89.7021 13.7979 0
    endloop
  endfacet
  facet normal 0 0 -1
    outer loop
      vertex 91.5657 12.4333 0
      vertex 88.94 13.3579 0
      vertex 89.35 13.5278 0
    endloop
  endfacet
  facet normal 0 0 -1
    outer loop
      vertex 91.5657 12.4333 0
      vertex 88.5 13.3 0
      vertex 88.94 13.3579 0
    endloop
  endfacet
  facet normal 0 0 -1
    outer loop
      vertex 84.5 -3 0
      vertex 89.4447 -14.135 0
      vertex 88.0137 -14.9927 0
    endloop
  endfacet
  facet normal 0 0 -1
    outer loop
      vertex 93.1412 10.7847 0
      vertex 88.06 13.3579 0
      vertex 88.5 13.3 0
    endloop
  endfacet
  facet normal -0 0 -1
    outer loop
      vertex 88.06 13.3579 0
      vertex 84.5 -3 0
      vertex 87.65 13.5278 0
    endloop
  endfacet
  facet normal -0 0 -1
    outer loop
      vertex 87.65 13.5278 0
      vertex 84.5 -3 0
      vertex 87.2979 13.7979 0
    endloop
  endfacet
  facet normal 0 0 -1
    outer loop
      vertex 84.5 16.3769 0
      vertex 87.2979 13.7979 0
      vertex 84.5 -3 0
    endloop
  endfacet
  facet normal 0 0 -1
    outer loop
      vertex 87.2979 13.7979 0
      vertex 84.5 16.3769 0
      vertex 87.0278 14.15 0
    endloop
  endfacet
  facet normal -0 -0 -1
    outer loop
      vertex 84.7289 16.3196 0
      vertex 87.0278 14.15 0
      vertex 84.5 16.3769 0
    endloop
  endfacet
  facet normal 0 0 -1
    outer loop
      vertex 84.5 -3 0
      vertex 88.0137 -14.9927 0
      vertex 86.5056 -15.706 0
    endloop
  endfacet
  facet normal 0 0 -1
    outer loop
      vertex 87.0278 14.15 0
      vertex 84.7289 16.3196 0
      vertex 86.8579 14.56 0
    endloop
  endfacet
  facet normal 0 -0 -1
    outer loop
      vertex 84.8045 16.5307 0
      vertex 86.8 15 0
      vertex 84.7289 16.3196 0
    endloop
  endfacet
  facet normal 0 0 -1
    outer loop
      vertex 86.8 15 0
      vertex 86.2777 18.3259 0
      vertex 86.6144 18.5277 0
    endloop
  endfacet
  facet normal 0 0 -1
    outer loop
      vertex 86.8 15 0
      vertex 85.9624 18.092 0
      vertex 86.2777 18.3259 0
    endloop
  endfacet
  facet normal 0 0 -1
    outer loop
      vertex 86.8 15 0
      vertex 85.6716 17.8284 0
      vertex 85.9624 18.092 0
    endloop
  endfacet
  facet normal 0 0 -1
    outer loop
      vertex 86.8 15 0
      vertex 85.408 17.5376 0
      vertex 85.6716 17.8284 0
    endloop
  endfacet
  facet normal 0 0 -1
    outer loop
      vertex 84.5 -3 0
      vertex 86.5056 -15.706 0
      vertex 84.9348 -16.268 0
    endloop
  endfacet
  facet normal 0 0 -1
    outer loop
      vertex 86.8 15 0
      vertex 85.1741 17.2223 0
      vertex 85.408 17.5376 0
    endloop
  endfacet
  facet normal 0 0 -1
    outer loop
      vertex 86.8 15 0
      vertex 84.9723 16.8856 0
      vertex 85.1741 17.2223 0
    endloop
  endfacet
  facet normal 0 0 -1
    outer loop
      vertex 86.8 15 0
      vertex 84.8045 16.5307 0
      vertex 84.9723 16.8856 0
    endloop
  endfacet
  facet normal 0 0 -1
    outer loop
      vertex 83.3165 -16.6733 0
      vertex 84.5 -3 0
      vertex 84.9348 -16.268 0
    endloop
  endfacet
  facet normal 0 0 -1
    outer loop
      vertex 81.6663 -16.9181 0
      vertex 84.5 -3 0
      vertex 83.3165 -16.6733 0
    endloop
  endfacet
  facet normal 0 0 -1
    outer loop
      vertex 80 -17 0
      vertex 84.5 -3 0
      vertex 81.6663 -16.9181 0
    endloop
  endfacet
  facet normal 0 0 -1
    outer loop
      vertex 75.5 -3 0
      vertex 80 -17 0
      vertex 78.3337 -16.9181 0
    endloop
  endfacet
  facet normal 0 0 -1
    outer loop
      vertex 75.5 -3 0
      vertex 78.3337 -16.9181 0
      vertex 76.6835 -16.6733 0
    endloop
  endfacet
  facet normal 0 0 -1
    outer loop
      vertex 80 -17 0
      vertex 75.5 -3 0
      vertex 84.5 -3 0
    endloop
  endfacet
  facet normal 0 0 -1
    outer loop
      vertex 72.7021 13.7979 0
      vertex 75.5 16.3769 0
      vertex 75.5 -3 0
    endloop
  endfacet
  facet normal 0 0 -1
    outer loop
      vertex 75.5 16.3769 0
      vertex 72.9722 14.15 0
      vertex 75.2711 16.3196 0
    endloop
  endfacet
  facet normal 0 0 -1
    outer loop
      vertex 75.0652 -16.268 0
      vertex 75.5 -3 0
      vertex 76.6835 -16.6733 0
    endloop
  endfacet
  facet normal 0 0 -1
    outer loop
      vertex 73.4944 -15.706 0
      vertex 75.5 -3 0
      vertex 75.0652 -16.268 0
    endloop
  endfacet
  facet normal 0 0 -1
    outer loop
      vertex 75.5 16.3769 0
      vertex 72.7021 13.7979 0
      vertex 72.9722 14.15 0
    endloop
  endfacet
  facet normal 0 -0 -1
    outer loop
      vertex 73.2 15 0
      vertex 75.2711 16.3196 0
      vertex 73.1421 14.56 0
    endloop
  endfacet
  facet normal 0 0 -1
    outer loop
      vertex 73.1421 15.44 0
      vertex 75.2711 16.3196 0
      vertex 73.2 15 0
    endloop
  endfacet
  facet normal 0 0 -1
    outer loop
      vertex 72.9722 15.85 0
      vertex 75.1955 16.5307 0
      vertex 73.1421 15.44 0
    endloop
  endfacet
  facet normal -0 0 -1
    outer loop
      vertex 75.1955 16.5307 0
      vertex 72.9722 15.85 0
      vertex 75.0277 16.8856 0
    endloop
  endfacet
  facet normal -0 0 -1
    outer loop
      vertex 75.0277 16.8856 0
      vertex 72.9722 15.85 0
      vertex 74.8259 17.2223 0
    endloop
  endfacet
  facet normal 0 0 -1
    outer loop
      vertex 71.9863 -14.9927 0
      vertex 75.5 -3 0
      vertex 73.4944 -15.706 0
    endloop
  endfacet
  facet normal 0 0 -1
    outer loop
      vertex 72.7021 16.2021 0
      vertex 74.592 17.5376 0
      vertex 72.9722 15.85 0
    endloop
  endfacet
  facet normal -0 0 -1
    outer loop
      vertex 74.592 17.5376 0
      vertex 72.7021 16.2021 0
      vertex 74.3284 17.8284 0
    endloop
  endfacet
  facet normal -0 0 -1
    outer loop
      vertex 74.8259 17.2223 0
      vertex 72.9722 15.85 0
      vertex 74.592 17.5376 0
    endloop
  endfacet
  facet normal -0 0 -1
    outer loop
      vertex 75.2711 16.3196 0
      vertex 73.1421 15.44 0
      vertex 75.1955 16.5307 0
    endloop
  endfacet
  facet normal 0 -0 -1
    outer loop
      vertex 73.1421 14.56 0
      vertex 75.2711 16.3196 0
      vertex 72.9722 14.15 0
    endloop
  endfacet
  facet normal 0 0 -1
    outer loop
      vertex 75.5 -3 0
      vertex 72.35 13.5278 0
      vertex 72.7021 13.7979 0
    endloop
  endfacet
  facet normal 0 0 -1
    outer loop
      vertex 70.5553 -14.135 0
      vertex 75.5 -3 0
      vertex 71.9863 -14.9927 0
    endloop
  endfacet
  facet normal 0 0 -1
    outer loop
      vertex 69.2153 -13.1412 0
      vertex 75.5 -3 0
      vertex 70.5553 -14.135 0
    endloop
  endfacet
  facet normal 0 0 -1
    outer loop
      vertex 67.9792 -12.0208 0
      vertex 75.5 -3 0
      vertex 69.2153 -13.1412 0
    endloop
  endfacet
  facet normal 0 0 -1
    outer loop
      vertex 66.8588 -10.7847 0
      vertex 75.5 -3 0
      vertex 67.9792 -12.0208 0
    endloop
  endfacet
  facet normal 0 0 -1
    outer loop
      vertex 65.865 -9.44469 0
      vertex 75.5 -3 0
      vertex 66.8588 -10.7847 0
    endloop
  endfacet
  facet normal 0 0 -1
    outer loop
      vertex 65.0073 -8.01374 0
      vertex 75.5 -3 0
      vertex 65.865 -9.44469 0
    endloop
  endfacet
  facet normal 0 0 -1
    outer loop
      vertex 64.2941 -6.50562 0
      vertex 75.5 -3 0
      vertex 65.0073 -8.01374 0
    endloop
  endfacet
  facet normal 0 0 -1
    outer loop
      vertex 63.732 -4.93484 0
      vertex 75.5 -3 0
      vertex 64.2941 -6.50562 0
    endloop
  endfacet
  facet normal 0 0 -1
    outer loop
      vertex 68.408 12.4624 0
      vertex 70.2979 13.7979 0
      vertex 68.4343 12.4333 0
    endloop
  endfacet
  facet normal -0 0 -1
    outer loop
      vertex 70.2979 13.7979 0
      vertex 68.408 12.4624 0
      vertex 70.0278 14.15 0
    endloop
  endfacet
  facet normal 0 0 -1
    outer loop
      vertex 68.1741 12.7777 0
      vertex 70.0278 14.15 0
      vertex 68.408 12.4624 0
    endloop
  endfacet
  facet normal 0 0 -1
    outer loop
      vertex 67.9723 13.1144 0
      vertex 70.0278 14.15 0
      vertex 68.1741 12.7777 0
    endloop
  endfacet
  facet normal 0 0 -1
    outer loop
      vertex 63.3267 -3.31653 0
      vertex 75.5 -3 0
      vertex 63.732 -4.93484 0
    endloop
  endfacet
  facet normal 0 0 -1
    outer loop
      vertex 69.8 15 0
      vertex 69.2777 18.3259 0
      vertex 69.6144 18.5277 0
    endloop
  endfacet
  facet normal 0 0 -1
    outer loop
      vertex 69.8 15 0
      vertex 68.9624 18.092 0
      vertex 69.2777 18.3259 0
    endloop
  endfacet
  facet normal 0 0 -1
    outer loop
      vertex 69.8 15 0
      vertex 68.6716 17.8284 0
      vertex 68.9624 18.092 0
    endloop
  endfacet
  facet normal 0 0 -1
    outer loop
      vertex 63.0819 -1.66629 0
      vertex 75.5 -3 0
      vertex 63.3267 -3.31653 0
    endloop
  endfacet
  facet normal 0 0 -1
    outer loop
      vertex 75.5 -3 0
      vertex 71.94 13.3579 0
      vertex 72.35 13.5278 0
    endloop
  endfacet
  facet normal -0 0 -1
    outer loop
      vertex 70.65 13.5278 0
      vertex 68.4343 12.4333 0
      vertex 70.2979 13.7979 0
    endloop
  endfacet
  facet normal -0 0 -1
    outer loop
      vertex 71.06 13.3579 0
      vertex 68.4343 12.4333 0
      vertex 70.65 13.5278 0
    endloop
  endfacet
  facet normal 0 0 -1
    outer loop
      vertex 63 0 0
      vertex 75.5 -3 0
      vertex 63.0819 -1.66629 0
    endloop
  endfacet
  facet normal -0 0 -1
    outer loop
      vertex 71.5 13.3 0
      vertex 68.4343 12.4333 0
      vertex 71.06 13.3579 0
    endloop
  endfacet
  facet normal 0 -0 -1
    outer loop
      vertex 63.0819 1.66629 0
      vertex 75.5 -3 0
      vertex 63 0 0
    endloop
  endfacet
  facet normal 0 -0 -1
    outer loop
      vertex 68.4343 12.4333 0
      vertex 71.5 13.3 0
      vertex 67.9792 12.0208 0
    endloop
  endfacet
  facet normal 0 -0 -1
    outer loop
      vertex 66.8588 10.7847 0
      vertex 71.5 13.3 0
      vertex 65.865 9.44469 0
    endloop
  endfacet
  facet normal 0 -0 -1
    outer loop
      vertex 67.9792 12.0208 0
      vertex 71.5 13.3 0
      vertex 66.8588 10.7847 0
    endloop
  endfacet
  facet normal 0 -0 -1
    outer loop
      vertex 63.3267 3.31653 0
      vertex 75.5 -3 0
      vertex 63.0819 1.66629 0
    endloop
  endfacet
  facet normal 0 0 -1
    outer loop
      vertex 71.94 13.3579 0
      vertex 65.865 9.44469 0
      vertex 71.5 13.3 0
    endloop
  endfacet
  facet normal 0 -0 -1
    outer loop
      vertex 63.732 4.93484 0
      vertex 75.5 -3 0
      vertex 63.3267 3.31653 0
    endloop
  endfacet
  facet normal 0 0 -1
    outer loop
      vertex 75.5 -3 0
      vertex 65.865 9.44469 0
      vertex 71.94 13.3579 0
    endloop
  endfacet
  facet normal 0 -0 -1
    outer loop
      vertex 65.0073 8.01374 0
      vertex 75.5 -3 0
      vertex 64.2941 6.50562 0
    endloop
  endfacet
  facet normal 0 -0 -1
    outer loop
      vertex 65.865 9.44469 0
      vertex 75.5 -3 0
      vertex 65.0073 8.01374 0
    endloop
  endfacet
  facet normal 0 -0 -1
    outer loop
      vertex 64.2941 6.50562 0
      vertex 75.5 -3 0
      vertex 63.732 4.93484 0
    endloop
  endfacet
  facet normal 0 0 -1
    outer loop
      vertex 92.4807 14.6079 0
      vertex 92.4807 15.3921 0
      vertex 92.5 15 0
    endloop
  endfacet
  facet normal 0 0 -1
    outer loop
      vertex 92.4231 14.2196 0
      vertex 92.4807 15.3921 0
      vertex 92.4807 14.6079 0
    endloop
  endfacet
  facet normal 0 0 -1
    outer loop
      vertex 92.4231 14.2196 0
      vertex 92.4231 15.7804 0
      vertex 92.4807 15.3921 0
    endloop
  endfacet
  facet normal 0 0 -1
    outer loop
      vertex 92.3278 13.8389 0
      vertex 92.4231 15.7804 0
      vertex 92.4231 14.2196 0
    endloop
  endfacet
  facet normal 0 0 -1
    outer loop
      vertex 92.3278 13.8389 0
      vertex 92.3278 16.1611 0
      vertex 92.4231 15.7804 0
    endloop
  endfacet
  facet normal 0 0 -1
    outer loop
      vertex 92.1955 13.4693 0
      vertex 92.3278 16.1611 0
      vertex 92.3278 13.8389 0
    endloop
  endfacet
  facet normal 0 0 -1
    outer loop
      vertex 92.1955 13.4693 0
      vertex 92.1955 16.5307 0
      vertex 92.3278 16.1611 0
    endloop
  endfacet
  facet normal 0 0 -1
    outer loop
      vertex 92.0277 13.1144 0
      vertex 92.1955 16.5307 0
      vertex 92.1955 13.4693 0
    endloop
  endfacet
  facet normal 0 0 -1
    outer loop
      vertex 92.0277 13.1144 0
      vertex 92.0277 16.8856 0
      vertex 92.1955 16.5307 0
    endloop
  endfacet
  facet normal 0 0 -1
    outer loop
      vertex 91.8259 12.7777 0
      vertex 92.0277 16.8856 0
      vertex 92.0277 13.1144 0
    endloop
  endfacet
  facet normal 0 0 -1
    outer loop
      vertex 91.8259 12.7777 0
      vertex 91.8259 17.2223 0
      vertex 92.0277 16.8856 0
    endloop
  endfacet
  facet normal 0 0 -1
    outer loop
      vertex 91.5657 12.4333 0
      vertex 91.8259 12.7777 0
      vertex 91.592 12.4624 0
    endloop
  endfacet
  facet normal -0 0 -1
    outer loop
      vertex 91.8259 12.7777 0
      vertex 91.5657 12.4333 0
      vertex 91.8259 17.2223 0
    endloop
  endfacet
  facet normal -0 0 -1
    outer loop
      vertex 91.8259 17.2223 0
      vertex 91.5657 12.4333 0
      vertex 91.592 17.5376 0
    endloop
  endfacet
  facet normal -0 0 -1
    outer loop
      vertex 91.592 17.5376 0
      vertex 91.5657 12.4333 0
      vertex 91.3284 17.8284 0
    endloop
  endfacet
  facet normal -0 0 -1
    outer loop
      vertex 91.3284 17.8284 0
      vertex 89.7021 16.2021 0
      vertex 91.0376 18.092 0
    endloop
  endfacet
  facet normal 0 0 -1
    outer loop
      vertex 89.35 16.4722 0
      vertex 91.0376 18.092 0
      vertex 89.7021 16.2021 0
    endloop
  endfacet
  facet normal -0 0 -1
    outer loop
      vertex 91.0376 18.092 0
      vertex 89.35 16.4722 0
      vertex 90.7223 18.3259 0
    endloop
  endfacet
  facet normal -0 0 -1
    outer loop
      vertex 90.7223 18.3259 0
      vertex 89.35 16.4722 0
      vertex 90.3856 18.5277 0
    endloop
  endfacet
  facet normal -0 0 -1
    outer loop
      vertex 90.3856 18.5277 0
      vertex 89.35 16.4722 0
      vertex 90.0307 18.6955 0
    endloop
  endfacet
  facet normal 0 0 -1
    outer loop
      vertex 88.94 16.6421 0
      vertex 90.0307 18.6955 0
      vertex 89.35 16.4722 0
    endloop
  endfacet
  facet normal -0 0 -1
    outer loop
      vertex 90.0307 18.6955 0
      vertex 88.94 16.6421 0
      vertex 89.6611 18.8278 0
    endloop
  endfacet
  facet normal -0 0 -1
    outer loop
      vertex 89.6611 18.8278 0
      vertex 88.94 16.6421 0
      vertex 89.2804 18.9231 0
    endloop
  endfacet
  facet normal 0 0 -1
    outer loop
      vertex 88.94 16.6421 0
      vertex 88.8921 18.9807 0
      vertex 89.2804 18.9231 0
    endloop
  endfacet
  facet normal 0 0 -1
    outer loop
      vertex 88.5 16.7 0
      vertex 88.8921 18.9807 0
      vertex 88.94 16.6421 0
    endloop
  endfacet
  facet normal 0 0 -1
    outer loop
      vertex 88.5 16.7 0
      vertex 88.5 19 0
      vertex 88.8921 18.9807 0
    endloop
  endfacet
  facet normal 0 0 -1
    outer loop
      vertex 88.5 16.7 0
      vertex 88.1079 18.9807 0
      vertex 88.5 19 0
    endloop
  endfacet
  facet normal 0 0 -1
    outer loop
      vertex 88.06 16.6421 0
      vertex 88.1079 18.9807 0
      vertex 88.5 16.7 0
    endloop
  endfacet
  facet normal 0 0 -1
    outer loop
      vertex 88.06 16.6421 0
      vertex 87.7196 18.9231 0
      vertex 88.1079 18.9807 0
    endloop
  endfacet
  facet normal 0 0 -1
    outer loop
      vertex 86.9693 18.6955 0
      vertex 88.06 16.6421 0
      vertex 87.65 16.4722 0
    endloop
  endfacet
  facet normal 0 0 -1
    outer loop
      vertex 88.06 16.6421 0
      vertex 87.3389 18.8278 0
      vertex 87.7196 18.9231 0
    endloop
  endfacet
  facet normal 0 0 -1
    outer loop
      vertex 86.6144 18.5277 0
      vertex 87.65 16.4722 0
      vertex 87.2979 16.2021 0
    endloop
  endfacet
  facet normal 0 0 -1
    outer loop
      vertex 86.6144 18.5277 0
      vertex 87.2979 16.2021 0
      vertex 87.0278 15.85 0
    endloop
  endfacet
  facet normal 0 0 -1
    outer loop
      vertex 88.06 16.6421 0
      vertex 86.9693 18.6955 0
      vertex 87.3389 18.8278 0
    endloop
  endfacet
  facet normal 0 0 -1
    outer loop
      vertex 86.6144 18.5277 0
      vertex 87.0278 15.85 0
      vertex 86.8579 15.44 0
    endloop
  endfacet
  facet normal 0 0 -1
    outer loop
      vertex 86.6144 18.5277 0
      vertex 86.8579 15.44 0
      vertex 86.8 15 0
    endloop
  endfacet
  facet normal 0 0 -1
    outer loop
      vertex 87.65 16.4722 0
      vertex 86.6144 18.5277 0
      vertex 86.9693 18.6955 0
    endloop
  endfacet
  facet normal 0 0 -1
    outer loop
      vertex 86.8579 14.56 0
      vertex 84.7289 16.3196 0
      vertex 86.8 15 0
    endloop
  endfacet
  facet normal -0 0 -1
    outer loop
      vertex 74.3284 17.8284 0
      vertex 72.7021 16.2021 0
      vertex 74.0376 18.092 0
    endloop
  endfacet
  facet normal 0 0 -1
    outer loop
      vertex 72.35 16.4722 0
      vertex 74.0376 18.092 0
      vertex 72.7021 16.2021 0
    endloop
  endfacet
  facet normal -0 0 -1
    outer loop
      vertex 74.0376 18.092 0
      vertex 72.35 16.4722 0
      vertex 73.7223 18.3259 0
    endloop
  endfacet
  facet normal -0 0 -1
    outer loop
      vertex 73.7223 18.3259 0
      vertex 72.35 16.4722 0
      vertex 73.3856 18.5277 0
    endloop
  endfacet
  facet normal -0 0 -1
    outer loop
      vertex 73.3856 18.5277 0
      vertex 72.35 16.4722 0
      vertex 73.0307 18.6955 0
    endloop
  endfacet
  facet normal 0 0 -1
    outer loop
      vertex 71.94 16.6421 0
      vertex 73.0307 18.6955 0
      vertex 72.35 16.4722 0
    endloop
  endfacet
  facet normal -0 0 -1
    outer loop
      vertex 73.0307 18.6955 0
      vertex 71.94 16.6421 0
      vertex 72.6611 18.8278 0
    endloop
  endfacet
  facet normal -0 0 -1
    outer loop
      vertex 72.6611 18.8278 0
      vertex 71.94 16.6421 0
      vertex 72.2804 18.9231 0
    endloop
  endfacet
  facet normal 0 0 -1
    outer loop
      vertex 71.94 16.6421 0
      vertex 71.8921 18.9807 0
      vertex 72.2804 18.9231 0
    endloop
  endfacet
  facet normal 0 0 -1
    outer loop
      vertex 71.5 16.7 0
      vertex 71.8921 18.9807 0
      vertex 71.94 16.6421 0
    endloop
  endfacet
  facet normal 0 0 -1
    outer loop
      vertex 71.5 16.7 0
      vertex 71.5 19 0
      vertex 71.8921 18.9807 0
    endloop
  endfacet
  facet normal 0 0 -1
    outer loop
      vertex 71.5 16.7 0
      vertex 71.1079 18.9807 0
      vertex 71.5 19 0
    endloop
  endfacet
  facet normal 0 0 -1
    outer loop
      vertex 71.06 16.6421 0
      vertex 71.1079 18.9807 0
      vertex 71.5 16.7 0
    endloop
  endfacet
  facet normal 0 0 -1
    outer loop
      vertex 71.06 16.6421 0
      vertex 70.7196 18.9231 0
      vertex 71.1079 18.9807 0
    endloop
  endfacet
  facet normal 0 0 -1
    outer loop
      vertex 69.9693 18.6955 0
      vertex 71.06 16.6421 0
      vertex 70.65 16.4722 0
    endloop
  endfacet
  facet normal 0 0 -1
    outer loop
      vertex 71.06 16.6421 0
      vertex 70.3389 18.8278 0
      vertex 70.7196 18.9231 0
    endloop
  endfacet
  facet normal 0 0 -1
    outer loop
      vertex 69.6144 18.5277 0
      vertex 70.65 16.4722 0
      vertex 70.2979 16.2021 0
    endloop
  endfacet
  facet normal 0 0 -1
    outer loop
      vertex 69.6144 18.5277 0
      vertex 70.2979 16.2021 0
      vertex 70.0278 15.85 0
    endloop
  endfacet
  facet normal 0 0 -1
    outer loop
      vertex 71.06 16.6421 0
      vertex 69.9693 18.6955 0
      vertex 70.3389 18.8278 0
    endloop
  endfacet
  facet normal 0 0 -1
    outer loop
      vertex 69.6144 18.5277 0
      vertex 70.0278 15.85 0
      vertex 69.8579 15.44 0
    endloop
  endfacet
  facet normal 0 0 -1
    outer loop
      vertex 69.6144 18.5277 0
      vertex 69.8579 15.44 0
      vertex 69.8 15 0
    endloop
  endfacet
  facet normal 0 0 -1
    outer loop
      vertex 70.65 16.4722 0
      vertex 69.6144 18.5277 0
      vertex 69.9693 18.6955 0
    endloop
  endfacet
  facet normal 0 0 -1
    outer loop
      vertex 67.8045 13.4693 0
      vertex 70.0278 14.15 0
      vertex 67.9723 13.1144 0
    endloop
  endfacet
  facet normal 0 0 -1
    outer loop
      vertex 69.8 15 0
      vertex 68.408 17.5376 0
      vertex 68.6716 17.8284 0
    endloop
  endfacet
  facet normal -0 0 -1
    outer loop
      vertex 70.0278 14.15 0
      vertex 67.8045 13.4693 0
      vertex 69.8579 14.56 0
    endloop
  endfacet
  facet normal 0 0 -1
    outer loop
      vertex 69.8 15 0
      vertex 68.1741 17.2223 0
      vertex 68.408 17.5376 0
    endloop
  endfacet
  facet normal 0 0 -1
    outer loop
      vertex 67.6722 13.8389 0
      vertex 69.8579 14.56 0
      vertex 67.8045 13.4693 0
    endloop
  endfacet
  facet normal 0 0 -1
    outer loop
      vertex 69.8 15 0
      vertex 67.9723 16.8856 0
      vertex 68.1741 17.2223 0
    endloop
  endfacet
  facet normal 0 0 -1
    outer loop
      vertex 67.5769 14.2196 0
      vertex 69.8579 14.56 0
      vertex 67.6722 13.8389 0
    endloop
  endfacet
  facet normal 0 0 -1
    outer loop
      vertex 69.8 15 0
      vertex 67.8045 16.5307 0
      vertex 67.9723 16.8856 0
    endloop
  endfacet
  facet normal 0 0 -1
    outer loop
      vertex 67.5193 14.6079 0
      vertex 69.8579 14.56 0
      vertex 67.5769 14.2196 0
    endloop
  endfacet
  facet normal 0 0 -1
    outer loop
      vertex 69.8 15 0
      vertex 67.6722 16.1611 0
      vertex 67.8045 16.5307 0
    endloop
  endfacet
  facet normal 0 0 -1
    outer loop
      vertex 69.8579 14.56 0
      vertex 67.5193 14.6079 0
      vertex 69.8 15 0
    endloop
  endfacet
  facet normal 0 0 -1
    outer loop
      vertex 69.8 15 0
      vertex 67.5769 15.7804 0
      vertex 67.6722 16.1611 0
    endloop
  endfacet
  facet normal 0 0 -1
    outer loop
      vertex 67.5 15 0
      vertex 69.8 15 0
      vertex 67.5193 14.6079 0
    endloop
  endfacet
  facet normal 0 0 -1
    outer loop
      vertex 69.8 15 0
      vertex 67.5193 15.3921 0
      vertex 67.5769 15.7804 0
    endloop
  endfacet
  facet normal 0 0 -1
    outer loop
      vertex 69.8 15 0
      vertex 67.5 15 0
      vertex 67.5193 15.3921 0
    endloop
  endfacet
  facet normal 0.42744 0.904044 -0
    outer loop
      vertex 73.3856 18.5277 0
      vertex 73.0307 18.6955 8
      vertex 73.3856 18.5277 8
    endloop
  endfacet
  facet normal 0.42744 0.904044 0
    outer loop
      vertex 73.0307 18.6955 8
      vertex 73.3856 18.5277 0
      vertex 73.0307 18.6955 0
    endloop
  endfacet
  facet normal 0.514084 0.85774 -0
    outer loop
      vertex 73.7223 18.3259 0
      vertex 73.3856 18.5277 8
      vertex 73.7223 18.3259 8
    endloop
  endfacet
  facet normal 0.514084 0.85774 0
    outer loop
      vertex 73.3856 18.5277 8
      vertex 73.7223 18.3259 0
      vertex 73.3856 18.5277 0
    endloop
  endfacet
  facet normal 0.941449 0.337156 0
    outer loop
      vertex 75.2711 16.3196 8
      vertex 75.1955 16.5307 0
      vertex 75.1955 16.5307 8
    endloop
  endfacet
  facet normal 0.941449 0.337156 0
    outer loop
      vertex 75.1955 16.5307 0
      vertex 75.2711 16.3196 8
      vertex 75.2711 16.3196 0
    endloop
  endfacet
  facet normal -0.242835 0.970068 0
    outer loop
      vertex 70.7196 18.9231 0
      vertex 70.3389 18.8278 8
      vertex 70.7196 18.9231 8
    endloop
  endfacet
  facet normal -0.242835 0.970068 0
    outer loop
      vertex 70.3389 18.8278 8
      vertex 70.7196 18.9231 0
      vertex 70.3389 18.8278 0
    endloop
  endfacet
  facet normal 0.0491626 0.998791 -0
    outer loop
      vertex 71.8921 18.9807 0
      vertex 71.5 19 8
      vertex 71.8921 18.9807 8
    endloop
  endfacet
  facet normal 0.0491626 0.998791 0
    outer loop
      vertex 71.5 19 8
      vertex 71.8921 18.9807 0
      vertex 71.5 19 0
    endloop
  endfacet
  facet normal -0.970068 -0.242835 0
    outer loop
      vertex 67.6722 13.8389 0
      vertex 67.5769 14.2196 8
      vertex 67.5769 14.2196 0
    endloop
  endfacet
  facet normal -0.970068 -0.242835 0
    outer loop
      vertex 67.5769 14.2196 8
      vertex 67.6722 13.8389 0
      vertex 67.6722 13.8389 8
    endloop
  endfacet
  facet normal 0.904044 0.42744 0
    outer loop
      vertex 75.1955 16.5307 8
      vertex 75.0277 16.8856 0
      vertex 75.0277 16.8856 8
    endloop
  endfacet
  facet normal 0.904044 0.42744 0
    outer loop
      vertex 75.0277 16.8856 0
      vertex 75.1955 16.5307 8
      vertex 75.1955 16.5307 0
    endloop
  endfacet
  facet normal -0.42744 0.904044 0
    outer loop
      vertex 69.9693 18.6955 0
      vertex 69.6144 18.5277 8
      vertex 69.9693 18.6955 8
    endloop
  endfacet
  facet normal -0.42744 0.904044 0
    outer loop
      vertex 69.6144 18.5277 8
      vertex 69.9693 18.6955 0
      vertex 69.6144 18.5277 0
    endloop
  endfacet
  facet normal -0.741898 -0.670513 0
    outer loop
      vertex 68.4343 12.4333 0
      vertex 68.408 12.4624 8
      vertex 68.408 12.4624 0
    endloop
  endfacet
  facet normal -0.741898 -0.670513 0
    outer loop
      vertex 68.408 12.4624 8
      vertex 68.4343 12.4333 0
      vertex 68.4343 12.4333 8
    endloop
  endfacet
  facet normal 0.595794 0.803137 -0
    outer loop
      vertex 74.0376 18.092 0
      vertex 73.7223 18.3259 8
      vertex 74.0376 18.092 8
    endloop
  endfacet
  facet normal 0.595794 0.803137 0
    outer loop
      vertex 73.7223 18.3259 8
      vertex 74.0376 18.092 0
      vertex 73.7223 18.3259 0
    endloop
  endfacet
  facet normal -0.998791 0.0491626 0
    outer loop
      vertex 67.5 15 0
      vertex 67.5193 15.3921 8
      vertex 67.5193 15.3921 0
    endloop
  endfacet
  facet normal -0.998791 0.0491626 0
    outer loop
      vertex 67.5193 15.3921 8
      vertex 67.5 15 0
      vertex 67.5 15 8
    endloop
  endfacet
  facet normal 0.242835 0.970068 -0
    outer loop
      vertex 72.6611 18.8278 0
      vertex 72.2804 18.9231 8
      vertex 72.6611 18.8278 8
    endloop
  endfacet
  facet normal 0.242835 0.970068 0
    outer loop
      vertex 72.2804 18.9231 8
      vertex 72.6611 18.8278 0
      vertex 72.2804 18.9231 0
    endloop
  endfacet
  facet normal -0.671607 0.740908 0
    outer loop
      vertex 68.9624 18.092 0
      vertex 68.6716 17.8284 8
      vertex 68.9624 18.092 8
    endloop
  endfacet
  facet normal -0.671607 0.740908 0
    outer loop
      vertex 68.6716 17.8284 8
      vertex 68.9624 18.092 0
      vertex 68.6716 17.8284 0
    endloop
  endfacet
  facet normal 0.85774 0.514084 0
    outer loop
      vertex 75.0277 16.8856 8
      vertex 74.8259 17.2223 0
      vertex 74.8259 17.2223 8
    endloop
  endfacet
  facet normal 0.85774 0.514084 0
    outer loop
      vertex 74.8259 17.2223 0
      vertex 75.0277 16.8856 8
      vertex 75.0277 16.8856 0
    endloop
  endfacet
  facet normal 0.337014 0.9415 -0
    outer loop
      vertex 73.0307 18.6955 0
      vertex 72.6611 18.8278 8
      vertex 73.0307 18.6955 8
    endloop
  endfacet
  facet normal 0.337014 0.9415 0
    outer loop
      vertex 72.6611 18.8278 8
      vertex 73.0307 18.6955 0
      vertex 72.6611 18.8278 0
    endloop
  endfacet
  facet normal -0.595794 0.803137 0
    outer loop
      vertex 69.2777 18.3259 0
      vertex 68.9624 18.092 8
      vertex 69.2777 18.3259 8
    endloop
  endfacet
  facet normal -0.595794 0.803137 0
    outer loop
      vertex 68.9624 18.092 8
      vertex 69.2777 18.3259 0
      vertex 68.9624 18.092 0
    endloop
  endfacet
  facet normal -0.146733 0.989176 0
    outer loop
      vertex 71.1079 18.9807 0
      vertex 70.7196 18.9231 8
      vertex 71.1079 18.9807 8
    endloop
  endfacet
  facet normal -0.146733 0.989176 0
    outer loop
      vertex 70.7196 18.9231 8
      vertex 71.1079 18.9807 0
      vertex 70.7196 18.9231 0
    endloop
  endfacet
  facet normal -0.337014 0.9415 0
    outer loop
      vertex 70.3389 18.8278 0
      vertex 69.9693 18.6955 8
      vertex 70.3389 18.8278 8
    endloop
  endfacet
  facet normal -0.337014 0.9415 0
    outer loop
      vertex 69.9693 18.6955 8
      vertex 70.3389 18.8278 0
      vertex 69.9693 18.6955 0
    endloop
  endfacet
  facet normal -0.803137 -0.595794 0
    outer loop
      vertex 68.408 12.4624 0
      vertex 68.1741 12.7777 8
      vertex 68.1741 12.7777 0
    endloop
  endfacet
  facet normal -0.803137 -0.595794 0
    outer loop
      vertex 68.1741 12.7777 8
      vertex 68.408 12.4624 0
      vertex 68.408 12.4624 8
    endloop
  endfacet
  facet normal -0.0491626 0.998791 0
    outer loop
      vertex 71.5 19 0
      vertex 71.1079 18.9807 8
      vertex 71.5 19 8
    endloop
  endfacet
  facet normal -0.0491626 0.998791 0
    outer loop
      vertex 71.1079 18.9807 8
      vertex 71.5 19 0
      vertex 71.1079 18.9807 0
    endloop
  endfacet
  facet normal 0.740908 0.671607 0
    outer loop
      vertex 74.592 17.5376 8
      vertex 74.3284 17.8284 0
      vertex 74.3284 17.8284 8
    endloop
  endfacet
  facet normal 0.740908 0.671607 0
    outer loop
      vertex 74.3284 17.8284 0
      vertex 74.592 17.5376 8
      vertex 74.592 17.5376 0
    endloop
  endfacet
  facet normal 0.671607 0.740908 -0
    outer loop
      vertex 74.3284 17.8284 0
      vertex 74.0376 18.092 8
      vertex 74.3284 17.8284 8
    endloop
  endfacet
  facet normal 0.671607 0.740908 0
    outer loop
      vertex 74.0376 18.092 8
      vertex 74.3284 17.8284 0
      vertex 74.0376 18.092 0
    endloop
  endfacet
  facet normal -0.970068 0.242835 0
    outer loop
      vertex 67.5769 15.7804 0
      vertex 67.6722 16.1611 8
      vertex 67.6722 16.1611 0
    endloop
  endfacet
  facet normal -0.970068 0.242835 0
    outer loop
      vertex 67.6722 16.1611 8
      vertex 67.5769 15.7804 0
      vertex 67.5769 15.7804 8
    endloop
  endfacet
  facet normal 0.146733 0.989176 -0
    outer loop
      vertex 72.2804 18.9231 0
      vertex 71.8921 18.9807 8
      vertex 72.2804 18.9231 8
    endloop
  endfacet
  facet normal 0.146733 0.989176 0
    outer loop
      vertex 71.8921 18.9807 8
      vertex 72.2804 18.9231 0
      vertex 71.8921 18.9807 0
    endloop
  endfacet
  facet normal 0 0 1
    outer loop
      vertex 90.2 15 8
      vertex 92.5 15 8
      vertex 92.4807 15.3921 8
    endloop
  endfacet
  facet normal -0 0 1
    outer loop
      vertex 90.1421 15.44 8
      vertex 92.4807 15.3921 8
      vertex 92.4231 15.7804 8
    endloop
  endfacet
  facet normal 0 0 1
    outer loop
      vertex 92.5 15 8
      vertex 90.2 15 8
      vertex 92.4807 14.6079 8
    endloop
  endfacet
  facet normal 0 0 1
    outer loop
      vertex 90.1421 15.44 8
      vertex 92.4231 15.7804 8
      vertex 92.3278 16.1611 8
    endloop
  endfacet
  facet normal 0 0 1
    outer loop
      vertex 90.1421 14.56 8
      vertex 92.4807 14.6079 8
      vertex 90.2 15 8
    endloop
  endfacet
  facet normal 0 0 1
    outer loop
      vertex 90.1421 15.44 8
      vertex 92.3278 16.1611 8
      vertex 92.1955 16.5307 8
    endloop
  endfacet
  facet normal 0 0 1
    outer loop
      vertex 92.4807 14.6079 8
      vertex 90.1421 14.56 8
      vertex 92.4231 14.2196 8
    endloop
  endfacet
  facet normal 0 0 1
    outer loop
      vertex 89.9722 15.85 8
      vertex 92.1955 16.5307 8
      vertex 92.0277 16.8856 8
    endloop
  endfacet
  facet normal 0 0 1
    outer loop
      vertex 92.4231 14.2196 8
      vertex 90.1421 14.56 8
      vertex 92.3278 13.8389 8
    endloop
  endfacet
  facet normal 0 0 1
    outer loop
      vertex 89.9722 15.85 8
      vertex 92.0277 16.8856 8
      vertex 91.8259 17.2223 8
    endloop
  endfacet
  facet normal 0 0 1
    outer loop
      vertex 92.3278 13.8389 8
      vertex 90.1421 14.56 8
      vertex 92.1955 13.4693 8
    endloop
  endfacet
  facet normal 0 0 1
    outer loop
      vertex 89.9722 15.85 8
      vertex 91.8259 17.2223 8
      vertex 91.592 17.5376 8
    endloop
  endfacet
  facet normal -0 0 1
    outer loop
      vertex 89.9722 14.15 8
      vertex 92.1955 13.4693 8
      vertex 90.1421 14.56 8
    endloop
  endfacet
  facet normal 0 0 1
    outer loop
      vertex 92.1955 13.4693 8
      vertex 89.9722 14.15 8
      vertex 92.0277 13.1144 8
    endloop
  endfacet
  facet normal 0 0 1
    outer loop
      vertex 89.7021 16.2021 8
      vertex 91.592 17.5376 8
      vertex 91.3284 17.8284 8
    endloop
  endfacet
  facet normal 0 0 1
    outer loop
      vertex 84.5 -3 8
      vertex 97 0 8
      vertex 96.9181 1.66629 8
    endloop
  endfacet
  facet normal 0 0 1
    outer loop
      vertex 84.5 -3 8
      vertex 96.9181 1.66629 8
      vertex 96.6733 3.31653 8
    endloop
  endfacet
  facet normal 0 0 1
    outer loop
      vertex 97 0 8
      vertex 84.5 -3 8
      vertex 96.9181 -1.66629 8
    endloop
  endfacet
  facet normal 0 0 1
    outer loop
      vertex 84.5 -3 8
      vertex 96.6733 3.31653 8
      vertex 96.268 4.93484 8
    endloop
  endfacet
  facet normal 0 0 1
    outer loop
      vertex 96.9181 -1.66629 8
      vertex 84.5 -3 8
      vertex 96.6733 -3.31653 8
    endloop
  endfacet
  facet normal 0 0 1
    outer loop
      vertex 84.5 -3 8
      vertex 96.268 4.93484 8
      vertex 95.7059 6.50562 8
    endloop
  endfacet
  facet normal 0 0 1
    outer loop
      vertex 96.6733 -3.31653 8
      vertex 84.5 -3 8
      vertex 96.268 -4.93484 8
    endloop
  endfacet
  facet normal 0 0 1
    outer loop
      vertex 84.5 -3 8
      vertex 95.7059 6.50562 8
      vertex 94.9927 8.01374 8
    endloop
  endfacet
  facet normal 0 0 1
    outer loop
      vertex 96.268 -4.93484 8
      vertex 84.5 -3 8
      vertex 95.7059 -6.50562 8
    endloop
  endfacet
  facet normal 0 0 1
    outer loop
      vertex 84.5 -3 8
      vertex 94.9927 8.01374 8
      vertex 94.135 9.44469 8
    endloop
  endfacet
  facet normal 0 0 1
    outer loop
      vertex 95.7059 -6.50562 8
      vertex 84.5 -3 8
      vertex 94.9927 -8.01374 8
    endloop
  endfacet
  facet normal 0 0 1
    outer loop
      vertex 88.06 13.3579 8
      vertex 94.135 9.44469 8
      vertex 93.1412 10.7847 8
    endloop
  endfacet
  facet normal 0 0 1
    outer loop
      vertex 94.9927 -8.01374 8
      vertex 84.5 -3 8
      vertex 94.135 -9.44469 8
    endloop
  endfacet
  facet normal 0 0 1
    outer loop
      vertex 88.5 13.3 8
      vertex 93.1412 10.7847 8
      vertex 92.0208 12.0208 8
    endloop
  endfacet
  facet normal 0 0 1
    outer loop
      vertex 94.135 -9.44469 8
      vertex 84.5 -3 8
      vertex 93.1412 -10.7847 8
    endloop
  endfacet
  facet normal 0 0 1
    outer loop
      vertex 88.5 13.3 8
      vertex 92.0208 12.0208 8
      vertex 91.5657 12.4333 8
    endloop
  endfacet
  facet normal 0 0 1
    outer loop
      vertex 92.0277 13.1144 8
      vertex 89.9722 14.15 8
      vertex 91.8259 12.7777 8
    endloop
  endfacet
  facet normal 0 0 1
    outer loop
      vertex 89.7021 16.2021 8
      vertex 91.3284 17.8284 8
      vertex 91.0376 18.092 8
    endloop
  endfacet
  facet normal -0 0 1
    outer loop
      vertex 89.7021 13.7979 8
      vertex 91.592 12.4624 8
      vertex 89.9722 14.15 8
    endloop
  endfacet
  facet normal 0 0 1
    outer loop
      vertex 89.35 16.4722 8
      vertex 91.0376 18.092 8
      vertex 90.7223 18.3259 8
    endloop
  endfacet
  facet normal 0 0 1
    outer loop
      vertex 89.35 16.4722 8
      vertex 90.7223 18.3259 8
      vertex 90.3856 18.5277 8
    endloop
  endfacet
  facet normal 0 0 1
    outer loop
      vertex 91.8259 12.7777 8
      vertex 89.9722 14.15 8
      vertex 91.592 12.4624 8
    endloop
  endfacet
  facet normal 0 0 1
    outer loop
      vertex 91.592 12.4624 8
      vertex 89.7021 13.7979 8
      vertex 91.5657 12.4333 8
    endloop
  endfacet
  facet normal -0 0 1
    outer loop
      vertex 89.35 13.5278 8
      vertex 91.5657 12.4333 8
      vertex 89.7021 13.7979 8
    endloop
  endfacet
  facet normal 0 0 1
    outer loop
      vertex 93.1412 -10.7847 8
      vertex 84.5 -3 8
      vertex 92.0208 -12.0208 8
    endloop
  endfacet
  facet normal 0 0 1
    outer loop
      vertex 92.0208 -12.0208 8
      vertex 84.5 -3 8
      vertex 90.7847 -13.1412 8
    endloop
  endfacet
  facet normal -0 0 1
    outer loop
      vertex 88.94 13.3579 8
      vertex 91.5657 12.4333 8
      vertex 89.35 13.5278 8
    endloop
  endfacet
  facet normal -0 0 1
    outer loop
      vertex 88.5 13.3 8
      vertex 91.5657 12.4333 8
      vertex 88.94 13.3579 8
    endloop
  endfacet
  facet normal 0 0 1
    outer loop
      vertex 88.06 13.3579 8
      vertex 93.1412 10.7847 8
      vertex 88.5 13.3 8
    endloop
  endfacet
  facet normal 0 0 1
    outer loop
      vertex 94.135 9.44469 8
      vertex 88.06 13.3579 8
      vertex 84.5 -3 8
    endloop
  endfacet
  facet normal 0 0 1
    outer loop
      vertex 90.7847 -13.1412 8
      vertex 84.5 -3 8
      vertex 89.4447 -14.135 8
    endloop
  endfacet
  facet normal 0 0 1
    outer loop
      vertex 84.5 -3 8
      vertex 88.06 13.3579 8
      vertex 87.65 13.5278 8
    endloop
  endfacet
  facet normal 0 0 1
    outer loop
      vertex 84.5 -3 8
      vertex 87.65 13.5278 8
      vertex 87.2979 13.7979 8
    endloop
  endfacet
  facet normal 0 0 1
    outer loop
      vertex 84.5 16.3769 8
      vertex 87.2979 13.7979 8
      vertex 87.0278 14.15 8
    endloop
  endfacet
  facet normal 0 0 1
    outer loop
      vertex 84.7289 16.3196 8
      vertex 87.0278 14.15 8
      vertex 86.8579 14.56 8
    endloop
  endfacet
  facet normal 0 0 1
    outer loop
      vertex 84.7289 16.3196 8
      vertex 86.8579 14.56 8
      vertex 86.8 15 8
    endloop
  endfacet
  facet normal -0 0 1
    outer loop
      vertex 85.408 17.5376 8
      vertex 87.2979 16.2021 8
      vertex 85.6716 17.8284 8
    endloop
  endfacet
  facet normal 0 0 1
    outer loop
      vertex 89.4447 -14.135 8
      vertex 84.5 -3 8
      vertex 88.0137 -14.9927 8
    endloop
  endfacet
  facet normal 0 0 1
    outer loop
      vertex 87.2979 16.2021 8
      vertex 85.408 17.5376 8
      vertex 87.0278 15.85 8
    endloop
  endfacet
  facet normal -0 0 1
    outer loop
      vertex 85.1741 17.2223 8
      vertex 87.0278 15.85 8
      vertex 85.408 17.5376 8
    endloop
  endfacet
  facet normal -0 0 1
    outer loop
      vertex 84.9723 16.8856 8
      vertex 87.0278 15.85 8
      vertex 85.1741 17.2223 8
    endloop
  endfacet
  facet normal -0 0 1
    outer loop
      vertex 84.8045 16.5307 8
      vertex 87.0278 15.85 8
      vertex 84.9723 16.8856 8
    endloop
  endfacet
  facet normal 0 0 1
    outer loop
      vertex 87.0278 15.85 8
      vertex 84.8045 16.5307 8
      vertex 86.8579 15.44 8
    endloop
  endfacet
  facet normal -0 0 1
    outer loop
      vertex 84.7289 16.3196 8
      vertex 86.8579 15.44 8
      vertex 84.8045 16.5307 8
    endloop
  endfacet
  facet normal 0 0 1
    outer loop
      vertex 88.0137 -14.9927 8
      vertex 84.5 -3 8
      vertex 86.5056 -15.706 8
    endloop
  endfacet
  facet normal 0 0 1
    outer loop
      vertex 86.8579 15.44 8
      vertex 84.7289 16.3196 8
      vertex 86.8 15 8
    endloop
  endfacet
  facet normal 0 0 1
    outer loop
      vertex 87.0278 14.15 8
      vertex 84.7289 16.3196 8
      vertex 84.5 16.3769 8
    endloop
  endfacet
  facet normal 0 0 1
    outer loop
      vertex 87.2979 13.7979 8
      vertex 84.5 16.3769 8
      vertex 84.5 -3 8
    endloop
  endfacet
  facet normal 0 0 1
    outer loop
      vertex 86.5056 -15.706 8
      vertex 84.5 -3 8
      vertex 84.9348 -16.268 8
    endloop
  endfacet
  facet normal -0 0 1
    outer loop
      vertex 80.6837 -3 8
      vertex 84.9348 -16.268 8
      vertex 84.5 -3 8
    endloop
  endfacet
  facet normal 0 0 1
    outer loop
      vertex 84.9348 -16.268 8
      vertex 80.6837 -3 8
      vertex 83.3165 -16.6733 8
    endloop
  endfacet
  facet normal 0 0 1
    outer loop
      vertex 83.3165 -16.6733 8
      vertex 80.6837 -3 8
      vertex 81.6663 -16.9181 8
    endloop
  endfacet
  facet normal 0 0 1
    outer loop
      vertex 81.6663 -16.9181 8
      vertex 80.6837 -3 8
      vertex 80.6837 -16.9664 8
    endloop
  endfacet
  facet normal 0 0 1
    outer loop
      vertex 92.4807 15.3921 8
      vertex 90.1421 15.44 8
      vertex 90.2 15 8
    endloop
  endfacet
  facet normal 0 0 1
    outer loop
      vertex 89.35 16.4722 8
      vertex 90.3856 18.5277 8
      vertex 90.0307 18.6955 8
    endloop
  endfacet
  facet normal 0 0 1
    outer loop
      vertex 92.1955 16.5307 8
      vertex 89.9722 15.85 8
      vertex 90.1421 15.44 8
    endloop
  endfacet
  facet normal 0 0 1
    outer loop
      vertex 91.592 17.5376 8
      vertex 89.7021 16.2021 8
      vertex 89.9722 15.85 8
    endloop
  endfacet
  facet normal 0 0 1
    outer loop
      vertex 88.94 16.6421 8
      vertex 90.0307 18.6955 8
      vertex 89.6611 18.8278 8
    endloop
  endfacet
  facet normal 0 0 1
    outer loop
      vertex 91.0376 18.092 8
      vertex 89.35 16.4722 8
      vertex 89.7021 16.2021 8
    endloop
  endfacet
  facet normal 0 0 1
    outer loop
      vertex 88.94 16.6421 8
      vertex 89.6611 18.8278 8
      vertex 89.2804 18.9231 8
    endloop
  endfacet
  facet normal 0 0 1
    outer loop
      vertex 90.0307 18.6955 8
      vertex 88.94 16.6421 8
      vertex 89.35 16.4722 8
    endloop
  endfacet
  facet normal 0 0 1
    outer loop
      vertex 88.8921 18.9807 8
      vertex 88.94 16.6421 8
      vertex 89.2804 18.9231 8
    endloop
  endfacet
  facet normal 0 0 1
    outer loop
      vertex 88.5 16.7 8
      vertex 88.8921 18.9807 8
      vertex 88.5 19 8
    endloop
  endfacet
  facet normal 0 0 1
    outer loop
      vertex 88.8921 18.9807 8
      vertex 88.5 16.7 8
      vertex 88.94 16.6421 8
    endloop
  endfacet
  facet normal -0 0 1
    outer loop
      vertex 88.1079 18.9807 8
      vertex 88.5 16.7 8
      vertex 88.5 19 8
    endloop
  endfacet
  facet normal 0 0 1
    outer loop
      vertex 88.1079 18.9807 8
      vertex 88.06 16.6421 8
      vertex 88.5 16.7 8
    endloop
  endfacet
  facet normal -0 0 1
    outer loop
      vertex 87.7196 18.9231 8
      vertex 88.06 16.6421 8
      vertex 88.1079 18.9807 8
    endloop
  endfacet
  facet normal -0 0 1
    outer loop
      vertex 87.3389 18.8278 8
      vertex 88.06 16.6421 8
      vertex 87.7196 18.9231 8
    endloop
  endfacet
  facet normal -0 0 1
    outer loop
      vertex 86.9693 18.6955 8
      vertex 88.06 16.6421 8
      vertex 87.3389 18.8278 8
    endloop
  endfacet
  facet normal 0 0 1
    outer loop
      vertex 88.06 16.6421 8
      vertex 86.9693 18.6955 8
      vertex 87.65 16.4722 8
    endloop
  endfacet
  facet normal -0 0 1
    outer loop
      vertex 86.6144 18.5277 8
      vertex 87.65 16.4722 8
      vertex 86.9693 18.6955 8
    endloop
  endfacet
  facet normal -0 0 1
    outer loop
      vertex 86.2777 18.3259 8
      vertex 87.65 16.4722 8
      vertex 86.6144 18.5277 8
    endloop
  endfacet
  facet normal -0 0 1
    outer loop
      vertex 85.9624 18.092 8
      vertex 87.65 16.4722 8
      vertex 86.2777 18.3259 8
    endloop
  endfacet
  facet normal 0 0 1
    outer loop
      vertex 87.65 16.4722 8
      vertex 85.9624 18.092 8
      vertex 87.2979 16.2021 8
    endloop
  endfacet
  facet normal -0 0 1
    outer loop
      vertex 85.6716 17.8284 8
      vertex 87.2979 16.2021 8
      vertex 85.9624 18.092 8
    endloop
  endfacet
  facet normal 0 0 1
    outer loop
      vertex 72.9722 14.15 8
      vertex 75.5 16.3769 8
      vertex 75.2711 16.3196 8
    endloop
  endfacet
  facet normal 0 0 1
    outer loop
      vertex 79.3163 -3 8
      vertex 78.3337 -16.9181 8
      vertex 79.3163 -16.9664 8
    endloop
  endfacet
  facet normal 0 0 1
    outer loop
      vertex 79.3163 -3 8
      vertex 76.6835 -16.6733 8
      vertex 78.3337 -16.9181 8
    endloop
  endfacet
  facet normal 0 0 1
    outer loop
      vertex 75.0652 -16.268 8
      vertex 79.3163 -3 8
      vertex 75.5 -3 8
    endloop
  endfacet
  facet normal 0 0 1
    outer loop
      vertex 73.1421 15.44 8
      vertex 75.2711 16.3196 8
      vertex 75.1955 16.5307 8
    endloop
  endfacet
  facet normal 0 0 1
    outer loop
      vertex 79.3163 -3 8
      vertex 75.0652 -16.268 8
      vertex 76.6835 -16.6733 8
    endloop
  endfacet
  facet normal 0 0 1
    outer loop
      vertex 72.7021 13.7979 8
      vertex 75.5 16.3769 8
      vertex 72.9722 14.15 8
    endloop
  endfacet
  facet normal 0 0 1
    outer loop
      vertex 72.9722 15.85 8
      vertex 75.1955 16.5307 8
      vertex 75.0277 16.8856 8
    endloop
  endfacet
  facet normal 0 0 1
    outer loop
      vertex 72.9722 15.85 8
      vertex 75.0277 16.8856 8
      vertex 74.8259 17.2223 8
    endloop
  endfacet
  facet normal 0 0 1
    outer loop
      vertex 72.9722 15.85 8
      vertex 74.8259 17.2223 8
      vertex 74.592 17.5376 8
    endloop
  endfacet
  facet normal 0 0 1
    outer loop
      vertex 72.7021 16.2021 8
      vertex 74.592 17.5376 8
      vertex 74.3284 17.8284 8
    endloop
  endfacet
  facet normal 0 0 1
    outer loop
      vertex 72.7021 16.2021 8
      vertex 74.3284 17.8284 8
      vertex 74.0376 18.092 8
    endloop
  endfacet
  facet normal 0 0 1
    outer loop
      vertex 72.35 16.4722 8
      vertex 74.0376 18.092 8
      vertex 73.7223 18.3259 8
    endloop
  endfacet
  facet normal 0 0 1
    outer loop
      vertex 75.2711 16.3196 8
      vertex 73.2 15 8
      vertex 73.1421 14.56 8
    endloop
  endfacet
  facet normal 0 0 1
    outer loop
      vertex 72.35 16.4722 8
      vertex 73.7223 18.3259 8
      vertex 73.3856 18.5277 8
    endloop
  endfacet
  facet normal 0 0 1
    outer loop
      vertex 75.2711 16.3196 8
      vertex 73.1421 14.56 8
      vertex 72.9722 14.15 8
    endloop
  endfacet
  facet normal 0 0 1
    outer loop
      vertex 75.5 16.3769 8
      vertex 72.7021 13.7979 8
      vertex 75.5 -3 8
    endloop
  endfacet
  facet normal -0 0 1
    outer loop
      vertex 72.35 13.5278 8
      vertex 75.5 -3 8
      vertex 72.7021 13.7979 8
    endloop
  endfacet
  facet normal -0 0 1
    outer loop
      vertex 71.94 13.3579 8
      vertex 75.5 -3 8
      vertex 72.35 13.5278 8
    endloop
  endfacet
  facet normal 0 0 1
    outer loop
      vertex 75.5 -3 8
      vertex 73.4944 -15.706 8
      vertex 75.0652 -16.268 8
    endloop
  endfacet
  facet normal 0 0 1
    outer loop
      vertex 75.5 -3 8
      vertex 71.9863 -14.9927 8
      vertex 73.4944 -15.706 8
    endloop
  endfacet
  facet normal -0 0 1
    outer loop
      vertex 65.865 9.44469 8
      vertex 75.5 -3 8
      vertex 71.94 13.3579 8
    endloop
  endfacet
  facet normal 0 0 1
    outer loop
      vertex 65.865 9.44469 8
      vertex 71.94 13.3579 8
      vertex 71.5 13.3 8
    endloop
  endfacet
  facet normal 0 0 1
    outer loop
      vertex 68.4343 12.4333 8
      vertex 71.5 13.3 8
      vertex 71.06 13.3579 8
    endloop
  endfacet
  facet normal 0 0 1
    outer loop
      vertex 68.4343 12.4333 8
      vertex 71.06 13.3579 8
      vertex 70.65 13.5278 8
    endloop
  endfacet
  facet normal 0 0 1
    outer loop
      vertex 75.5 -3 8
      vertex 70.5553 -14.135 8
      vertex 71.9863 -14.9927 8
    endloop
  endfacet
  facet normal 0 0 1
    outer loop
      vertex 68.4343 12.4333 8
      vertex 70.65 13.5278 8
      vertex 70.2979 13.7979 8
    endloop
  endfacet
  facet normal 0 0 1
    outer loop
      vertex 68.408 12.4624 8
      vertex 70.2979 13.7979 8
      vertex 70.0278 14.15 8
    endloop
  endfacet
  facet normal 0 0 1
    outer loop
      vertex 67.8045 13.4693 8
      vertex 70.0278 14.15 8
      vertex 69.8579 14.56 8
    endloop
  endfacet
  facet normal -0 0 1
    outer loop
      vertex 67.5193 14.6079 8
      vertex 69.8579 14.56 8
      vertex 69.8 15 8
    endloop
  endfacet
  facet normal -0 0 1
    outer loop
      vertex 68.408 17.5376 8
      vertex 70.2979 16.2021 8
      vertex 68.6716 17.8284 8
    endloop
  endfacet
  facet normal 0 0 1
    outer loop
      vertex 70.2979 16.2021 8
      vertex 68.408 17.5376 8
      vertex 70.0278 15.85 8
    endloop
  endfacet
  facet normal 0 0 1
    outer loop
      vertex 71.5 13.3 8
      vertex 68.4343 12.4333 8
      vertex 67.9792 12.0208 8
    endloop
  endfacet
  facet normal -0 0 1
    outer loop
      vertex 68.1741 17.2223 8
      vertex 70.0278 15.85 8
      vertex 68.408 17.5376 8
    endloop
  endfacet
  facet normal -0 0 1
    outer loop
      vertex 67.9723 16.8856 8
      vertex 70.0278 15.85 8
      vertex 68.1741 17.2223 8
    endloop
  endfacet
  facet normal 0 0 1
    outer loop
      vertex 75.5 -3 8
      vertex 69.2153 -13.1412 8
      vertex 70.5553 -14.135 8
    endloop
  endfacet
  facet normal 0 0 1
    outer loop
      vertex 71.5 13.3 8
      vertex 67.9792 12.0208 8
      vertex 66.8588 10.7847 8
    endloop
  endfacet
  facet normal 0 0 1
    outer loop
      vertex 75.5 -3 8
      vertex 67.9792 -12.0208 8
      vertex 69.2153 -13.1412 8
    endloop
  endfacet
  facet normal 0 0 1
    outer loop
      vertex 71.5 13.3 8
      vertex 66.8588 10.7847 8
      vertex 65.865 9.44469 8
    endloop
  endfacet
  facet normal 0 0 1
    outer loop
      vertex 75.5 -3 8
      vertex 66.8588 -10.7847 8
      vertex 67.9792 -12.0208 8
    endloop
  endfacet
  facet normal 0 0 1
    outer loop
      vertex 75.5 -3 8
      vertex 65.865 9.44469 8
      vertex 65.0073 8.01374 8
    endloop
  endfacet
  facet normal 0 0 1
    outer loop
      vertex 75.5 -3 8
      vertex 65.865 -9.44469 8
      vertex 66.8588 -10.7847 8
    endloop
  endfacet
  facet normal 0 0 1
    outer loop
      vertex 75.5 -3 8
      vertex 65.0073 8.01374 8
      vertex 64.2941 6.50562 8
    endloop
  endfacet
  facet normal 0 0 1
    outer loop
      vertex 75.5 -3 8
      vertex 65.0073 -8.01374 8
      vertex 65.865 -9.44469 8
    endloop
  endfacet
  facet normal 0 0 1
    outer loop
      vertex 75.5 -3 8
      vertex 64.2941 6.50562 8
      vertex 63.732 4.93484 8
    endloop
  endfacet
  facet normal 0 0 1
    outer loop
      vertex 75.5 -3 8
      vertex 64.2941 -6.50562 8
      vertex 65.0073 -8.01374 8
    endloop
  endfacet
  facet normal 0 0 1
    outer loop
      vertex 75.5 -3 8
      vertex 63.732 4.93484 8
      vertex 63.3267 3.31653 8
    endloop
  endfacet
  facet normal 0 0 1
    outer loop
      vertex 75.5 -3 8
      vertex 63.732 -4.93484 8
      vertex 64.2941 -6.50562 8
    endloop
  endfacet
  facet normal 0 0 1
    outer loop
      vertex 75.5 -3 8
      vertex 63.3267 3.31653 8
      vertex 63.0819 1.66629 8
    endloop
  endfacet
  facet normal 0 0 1
    outer loop
      vertex 75.5 -3 8
      vertex 63.3267 -3.31653 8
      vertex 63.732 -4.93484 8
    endloop
  endfacet
  facet normal 0 0 1
    outer loop
      vertex 75.5 -3 8
      vertex 63.0819 1.66629 8
      vertex 63 0 8
    endloop
  endfacet
  facet normal 0 0 1
    outer loop
      vertex 75.5 -3 8
      vertex 63.0819 -1.66629 8
      vertex 63.3267 -3.31653 8
    endloop
  endfacet
  facet normal 0 0 1
    outer loop
      vertex 75.5 -3 8
      vertex 63 0 8
      vertex 63.0819 -1.66629 8
    endloop
  endfacet
  facet normal -0 0 1
    outer loop
      vertex 67.8045 16.5307 8
      vertex 70.0278 15.85 8
      vertex 67.9723 16.8856 8
    endloop
  endfacet
  facet normal 0 0 1
    outer loop
      vertex 70.0278 15.85 8
      vertex 67.8045 16.5307 8
      vertex 69.8579 15.44 8
    endloop
  endfacet
  facet normal 0 0 1
    outer loop
      vertex 70.0278 14.15 8
      vertex 68.1741 12.7777 8
      vertex 68.408 12.4624 8
    endloop
  endfacet
  facet normal 0 0 1
    outer loop
      vertex 70.2979 13.7979 8
      vertex 68.408 12.4624 8
      vertex 68.4343 12.4333 8
    endloop
  endfacet
  facet normal -0 0 1
    outer loop
      vertex 67.6722 16.1611 8
      vertex 69.8579 15.44 8
      vertex 67.8045 16.5307 8
    endloop
  endfacet
  facet normal 0 0 1
    outer loop
      vertex 70.0278 14.15 8
      vertex 67.9723 13.1144 8
      vertex 68.1741 12.7777 8
    endloop
  endfacet
  facet normal -0 0 1
    outer loop
      vertex 67.5769 15.7804 8
      vertex 69.8579 15.44 8
      vertex 67.6722 16.1611 8
    endloop
  endfacet
  facet normal 0 0 1
    outer loop
      vertex 70.0278 14.15 8
      vertex 67.8045 13.4693 8
      vertex 67.9723 13.1144 8
    endloop
  endfacet
  facet normal 0 0 1
    outer loop
      vertex 67.5193 15.3921 8
      vertex 69.8579 15.44 8
      vertex 67.5769 15.7804 8
    endloop
  endfacet
  facet normal 0 0 1
    outer loop
      vertex 69.8579 14.56 8
      vertex 67.6722 13.8389 8
      vertex 67.8045 13.4693 8
    endloop
  endfacet
  facet normal 0 0 1
    outer loop
      vertex 69.8579 15.44 8
      vertex 67.5193 15.3921 8
      vertex 69.8 15 8
    endloop
  endfacet
  facet normal 0 0 1
    outer loop
      vertex 69.8579 14.56 8
      vertex 67.5769 14.2196 8
      vertex 67.6722 13.8389 8
    endloop
  endfacet
  facet normal 0 0 1
    outer loop
      vertex 67.5 15 8
      vertex 69.8 15 8
      vertex 67.5193 15.3921 8
    endloop
  endfacet
  facet normal 0 0 1
    outer loop
      vertex 69.8579 14.56 8
      vertex 67.5193 14.6079 8
      vertex 67.5769 14.2196 8
    endloop
  endfacet
  facet normal 0 0 1
    outer loop
      vertex 69.8 15 8
      vertex 67.5 15 8
      vertex 67.5193 14.6079 8
    endloop
  endfacet
  facet normal 0 0 1
    outer loop
      vertex 75.2711 16.3196 8
      vertex 73.1421 15.44 8
      vertex 73.2 15 8
    endloop
  endfacet
  facet normal 0 0 1
    outer loop
      vertex 72.35 16.4722 8
      vertex 73.3856 18.5277 8
      vertex 73.0307 18.6955 8
    endloop
  endfacet
  facet normal 0 0 1
    outer loop
      vertex 75.1955 16.5307 8
      vertex 72.9722 15.85 8
      vertex 73.1421 15.44 8
    endloop
  endfacet
  facet normal 0 0 1
    outer loop
      vertex 74.592 17.5376 8
      vertex 72.7021 16.2021 8
      vertex 72.9722 15.85 8
    endloop
  endfacet
  facet normal 0 0 1
    outer loop
      vertex 71.94 16.6421 8
      vertex 73.0307 18.6955 8
      vertex 72.6611 18.8278 8
    endloop
  endfacet
  facet normal 0 0 1
    outer loop
      vertex 74.0376 18.092 8
      vertex 72.35 16.4722 8
      vertex 72.7021 16.2021 8
    endloop
  endfacet
  facet normal 0 0 1
    outer loop
      vertex 71.94 16.6421 8
      vertex 72.6611 18.8278 8
      vertex 72.2804 18.9231 8
    endloop
  endfacet
  facet normal 0 0 1
    outer loop
      vertex 73.0307 18.6955 8
      vertex 71.94 16.6421 8
      vertex 72.35 16.4722 8
    endloop
  endfacet
  facet normal 0 0 1
    outer loop
      vertex 71.8921 18.9807 8
      vertex 71.94 16.6421 8
      vertex 72.2804 18.9231 8
    endloop
  endfacet
  facet normal 0 0 1
    outer loop
      vertex 71.5 16.7 8
      vertex 71.8921 18.9807 8
      vertex 71.5 19 8
    endloop
  endfacet
  facet normal 0 0 1
    outer loop
      vertex 71.8921 18.9807 8
      vertex 71.5 16.7 8
      vertex 71.94 16.6421 8
    endloop
  endfacet
  facet normal -0 0 1
    outer loop
      vertex 71.1079 18.9807 8
      vertex 71.5 16.7 8
      vertex 71.5 19 8
    endloop
  endfacet
  facet normal 0 0 1
    outer loop
      vertex 71.1079 18.9807 8
      vertex 71.06 16.6421 8
      vertex 71.5 16.7 8
    endloop
  endfacet
  facet normal -0 0 1
    outer loop
      vertex 70.7196 18.9231 8
      vertex 71.06 16.6421 8
      vertex 71.1079 18.9807 8
    endloop
  endfacet
  facet normal -0 0 1
    outer loop
      vertex 70.3389 18.8278 8
      vertex 71.06 16.6421 8
      vertex 70.7196 18.9231 8
    endloop
  endfacet
  facet normal -0 0 1
    outer loop
      vertex 69.9693 18.6955 8
      vertex 71.06 16.6421 8
      vertex 70.3389 18.8278 8
    endloop
  endfacet
  facet normal 0 0 1
    outer loop
      vertex 71.06 16.6421 8
      vertex 69.9693 18.6955 8
      vertex 70.65 16.4722 8
    endloop
  endfacet
  facet normal -0 0 1
    outer loop
      vertex 69.6144 18.5277 8
      vertex 70.65 16.4722 8
      vertex 69.9693 18.6955 8
    endloop
  endfacet
  facet normal -0 0 1
    outer loop
      vertex 69.2777 18.3259 8
      vertex 70.65 16.4722 8
      vertex 69.6144 18.5277 8
    endloop
  endfacet
  facet normal -0 0 1
    outer loop
      vertex 68.9624 18.092 8
      vertex 70.65 16.4722 8
      vertex 69.2777 18.3259 8
    endloop
  endfacet
  facet normal 0 0 1
    outer loop
      vertex 70.65 16.4722 8
      vertex 68.9624 18.092 8
      vertex 70.2979 16.2021 8
    endloop
  endfacet
  facet normal -0 0 1
    outer loop
      vertex 68.6716 17.8284 8
      vertex 70.2979 16.2021 8
      vertex 68.9624 18.092 8
    endloop
  endfacet
  facet normal -0.514084 0.85774 0
    outer loop
      vertex 69.6144 18.5277 0
      vertex 69.2777 18.3259 8
      vertex 69.6144 18.5277 8
    endloop
  endfacet
  facet normal -0.514084 0.85774 0
    outer loop
      vertex 69.2777 18.3259 8
      vertex 69.6144 18.5277 0
      vertex 69.2777 18.3259 0
    endloop
  endfacet
  facet normal -0.85774 -0.514084 0
    outer loop
      vertex 68.1741 12.7777 0
      vertex 67.9723 13.1144 8
      vertex 67.9723 13.1144 0
    endloop
  endfacet
  facet normal -0.85774 -0.514084 0
    outer loop
      vertex 67.9723 13.1144 8
      vertex 68.1741 12.7777 0
      vertex 68.1741 12.7777 8
    endloop
  endfacet
  facet normal -0.904044 0.42744 0
    outer loop
      vertex 67.8045 16.5307 0
      vertex 67.9723 16.8856 8
      vertex 67.9723 16.8856 0
    endloop
  endfacet
  facet normal -0.904044 0.42744 0
    outer loop
      vertex 67.9723 16.8856 8
      vertex 67.8045 16.5307 0
      vertex 67.8045 16.5307 8
    endloop
  endfacet
  facet normal -0.998791 -0.0491626 0
    outer loop
      vertex 67.5193 14.6079 0
      vertex 67.5 15 8
      vertex 67.5 15 0
    endloop
  endfacet
  facet normal -0.998791 -0.0491626 0
    outer loop
      vertex 67.5 15 8
      vertex 67.5193 14.6079 0
      vertex 67.5193 14.6079 8
    endloop
  endfacet
  facet normal 0.989176 0.146733 0
    outer loop
      vertex 92.4807 15.3921 8
      vertex 92.4231 15.7804 0
      vertex 92.4231 15.7804 8
    endloop
  endfacet
  facet normal 0.989176 0.146733 0
    outer loop
      vertex 92.4231 15.7804 0
      vertex 92.4807 15.3921 8
      vertex 92.4807 15.3921 0
    endloop
  endfacet
  facet normal 0.998791 0.0491626 0
    outer loop
      vertex 92.5 15 8
      vertex 92.4807 15.3921 0
      vertex 92.4807 15.3921 8
    endloop
  endfacet
  facet normal 0.998791 0.0491626 0
    outer loop
      vertex 92.4807 15.3921 0
      vertex 92.5 15 8
      vertex 92.5 15 0
    endloop
  endfacet
  facet normal 0.970068 0.242835 0
    outer loop
      vertex 92.4231 15.7804 8
      vertex 92.3278 16.1611 0
      vertex 92.3278 16.1611 8
    endloop
  endfacet
  facet normal 0.970068 0.242835 0
    outer loop
      vertex 92.3278 16.1611 0
      vertex 92.4231 15.7804 8
      vertex 92.4231 15.7804 0
    endloop
  endfacet
  facet normal 0.337014 0.9415 -0
    outer loop
      vertex 90.0307 18.6955 0
      vertex 89.6611 18.8278 8
      vertex 90.0307 18.6955 8
    endloop
  endfacet
  facet normal 0.337014 0.9415 0
    outer loop
      vertex 89.6611 18.8278 8
      vertex 90.0307 18.6955 0
      vertex 89.6611 18.8278 0
    endloop
  endfacet
  facet normal -0.514084 0.85774 0
    outer loop
      vertex 86.6144 18.5277 0
      vertex 86.2777 18.3259 8
      vertex 86.6144 18.5277 8
    endloop
  endfacet
  facet normal -0.514084 0.85774 0
    outer loop
      vertex 86.2777 18.3259 8
      vertex 86.6144 18.5277 0
      vertex 86.2777 18.3259 0
    endloop
  endfacet
  facet normal -0.242835 0.970068 0
    outer loop
      vertex 87.7196 18.9231 0
      vertex 87.3389 18.8278 8
      vertex 87.7196 18.9231 8
    endloop
  endfacet
  facet normal -0.242835 0.970068 0
    outer loop
      vertex 87.3389 18.8278 8
      vertex 87.7196 18.9231 0
      vertex 87.3389 18.8278 0
    endloop
  endfacet
  facet normal 0.803137 -0.595794 0
    outer loop
      vertex 91.592 12.4624 8
      vertex 91.8259 12.7777 0
      vertex 91.8259 12.7777 8
    endloop
  endfacet
  facet normal 0.803137 -0.595794 0
    outer loop
      vertex 91.8259 12.7777 0
      vertex 91.592 12.4624 8
      vertex 91.592 12.4624 0
    endloop
  endfacet
  facet normal 0.146733 0.989176 -0
    outer loop
      vertex 89.2804 18.9231 0
      vertex 88.8921 18.9807 8
      vertex 89.2804 18.9231 8
    endloop
  endfacet
  facet normal 0.146733 0.989176 0
    outer loop
      vertex 88.8921 18.9807 8
      vertex 89.2804 18.9231 0
      vertex 88.8921 18.9807 0
    endloop
  endfacet
  facet normal -0.595794 0.803137 0
    outer loop
      vertex 86.2777 18.3259 0
      vertex 85.9624 18.092 8
      vertex 86.2777 18.3259 8
    endloop
  endfacet
  facet normal -0.595794 0.803137 0
    outer loop
      vertex 85.9624 18.092 8
      vertex 86.2777 18.3259 0
      vertex 85.9624 18.092 0
    endloop
  endfacet
  facet normal -0.803137 0.595794 0
    outer loop
      vertex 85.1741 17.2223 0
      vertex 85.408 17.5376 8
      vertex 85.408 17.5376 0
    endloop
  endfacet
  facet normal -0.803137 0.595794 0
    outer loop
      vertex 85.408 17.5376 8
      vertex 85.1741 17.2223 0
      vertex 85.1741 17.2223 8
    endloop
  endfacet
  facet normal 0.989176 -0.146733 0
    outer loop
      vertex 92.4231 14.2196 8
      vertex 92.4807 14.6079 0
      vertex 92.4807 14.6079 8
    endloop
  endfacet
  facet normal 0.989176 -0.146733 0
    outer loop
      vertex 92.4807 14.6079 0
      vertex 92.4231 14.2196 8
      vertex 92.4231 14.2196 0
    endloop
  endfacet
  facet normal -0.941449 0.337156 0
    outer loop
      vertex 84.7289 16.3196 0
      vertex 84.8045 16.5307 8
      vertex 84.8045 16.5307 0
    endloop
  endfacet
  facet normal -0.941449 0.337156 0
    outer loop
      vertex 84.8045 16.5307 8
      vertex 84.7289 16.3196 0
      vertex 84.7289 16.3196 8
    endloop
  endfacet
  facet normal 0.42744 0.904044 -0
    outer loop
      vertex 90.3856 18.5277 0
      vertex 90.0307 18.6955 8
      vertex 90.3856 18.5277 8
    endloop
  endfacet
  facet normal 0.42744 0.904044 0
    outer loop
      vertex 90.0307 18.6955 8
      vertex 90.3856 18.5277 0
      vertex 90.0307 18.6955 0
    endloop
  endfacet
  facet normal 0.970068 -0.242835 0
    outer loop
      vertex 92.3278 13.8389 8
      vertex 92.4231 14.2196 0
      vertex 92.4231 14.2196 8
    endloop
  endfacet
  facet normal 0.970068 -0.242835 0
    outer loop
      vertex 92.4231 14.2196 0
      vertex 92.3278 13.8389 8
      vertex 92.3278 13.8389 0
    endloop
  endfacet
  facet normal -0.0491626 0.998791 0
    outer loop
      vertex 88.5 19 0
      vertex 88.1079 18.9807 8
      vertex 88.5 19 8
    endloop
  endfacet
  facet normal -0.0491626 0.998791 0
    outer loop
      vertex 88.1079 18.9807 8
      vertex 88.5 19 0
      vertex 88.1079 18.9807 0
    endloop
  endfacet
  facet normal -0.42744 0.904044 0
    outer loop
      vertex 86.9693 18.6955 0
      vertex 86.6144 18.5277 8
      vertex 86.9693 18.6955 8
    endloop
  endfacet
  facet normal -0.42744 0.904044 0
    outer loop
      vertex 86.6144 18.5277 8
      vertex 86.9693 18.6955 0
      vertex 86.6144 18.5277 0
    endloop
  endfacet
  facet normal -0.671607 0.740908 0
    outer loop
      vertex 85.9624 18.092 0
      vertex 85.6716 17.8284 8
      vertex 85.9624 18.092 8
    endloop
  endfacet
  facet normal -0.671607 0.740908 0
    outer loop
      vertex 85.6716 17.8284 8
      vertex 85.9624 18.092 0
      vertex 85.6716 17.8284 0
    endloop
  endfacet
  facet normal -0.337014 0.9415 0
    outer loop
      vertex 87.3389 18.8278 0
      vertex 86.9693 18.6955 8
      vertex 87.3389 18.8278 8
    endloop
  endfacet
  facet normal -0.337014 0.9415 0
    outer loop
      vertex 86.9693 18.6955 8
      vertex 87.3389 18.8278 0
      vertex 86.9693 18.6955 0
    endloop
  endfacet
  facet normal 0.803137 0.595794 0
    outer loop
      vertex 91.8259 17.2223 8
      vertex 91.592 17.5376 0
      vertex 91.592 17.5376 8
    endloop
  endfacet
  facet normal 0.803137 0.595794 0
    outer loop
      vertex 91.592 17.5376 0
      vertex 91.8259 17.2223 8
      vertex 91.8259 17.2223 0
    endloop
  endfacet
  facet normal -0.85774 0.514084 0
    outer loop
      vertex 84.9723 16.8856 0
      vertex 85.1741 17.2223 8
      vertex 85.1741 17.2223 0
    endloop
  endfacet
  facet normal -0.85774 0.514084 0
    outer loop
      vertex 85.1741 17.2223 8
      vertex 84.9723 16.8856 0
      vertex 84.9723 16.8856 8
    endloop
  endfacet
  facet normal 0.998791 -0.0491626 0
    outer loop
      vertex 92.4807 14.6079 8
      vertex 92.5 15 0
      vertex 92.5 15 8
    endloop
  endfacet
  facet normal 0.998791 -0.0491626 0
    outer loop
      vertex 92.5 15 0
      vertex 92.4807 14.6079 8
      vertex 92.4807 14.6079 0
    endloop
  endfacet
  facet normal 0.904044 -0.42744 0
    outer loop
      vertex 92.0277 13.1144 8
      vertex 92.1955 13.4693 0
      vertex 92.1955 13.4693 8
    endloop
  endfacet
  facet normal 0.904044 -0.42744 0
    outer loop
      vertex 92.1955 13.4693 0
      vertex 92.0277 13.1144 8
      vertex 92.0277 13.1144 0
    endloop
  endfacet
  facet normal 0.85774 0.514084 0
    outer loop
      vertex 92.0277 16.8856 8
      vertex 91.8259 17.2223 0
      vertex 91.8259 17.2223 8
    endloop
  endfacet
  facet normal 0.85774 0.514084 0
    outer loop
      vertex 91.8259 17.2223 0
      vertex 92.0277 16.8856 8
      vertex 92.0277 16.8856 0
    endloop
  endfacet
  facet normal 0.595794 0.803137 -0
    outer loop
      vertex 91.0376 18.092 0
      vertex 90.7223 18.3259 8
      vertex 91.0376 18.092 8
    endloop
  endfacet
  facet normal 0.595794 0.803137 0
    outer loop
      vertex 90.7223 18.3259 8
      vertex 91.0376 18.092 0
      vertex 90.7223 18.3259 0
    endloop
  endfacet
  facet normal 0.514084 0.85774 -0
    outer loop
      vertex 90.7223 18.3259 0
      vertex 90.3856 18.5277 8
      vertex 90.7223 18.3259 8
    endloop
  endfacet
  facet normal 0.514084 0.85774 0
    outer loop
      vertex 90.3856 18.5277 8
      vertex 90.7223 18.3259 0
      vertex 90.3856 18.5277 0
    endloop
  endfacet
  facet normal 0.9415 0.337014 0
    outer loop
      vertex 92.3278 16.1611 8
      vertex 92.1955 16.5307 0
      vertex 92.1955 16.5307 8
    endloop
  endfacet
  facet normal 0.9415 0.337014 0
    outer loop
      vertex 92.1955 16.5307 0
      vertex 92.3278 16.1611 8
      vertex 92.3278 16.1611 0
    endloop
  endfacet
  facet normal 0.85774 -0.514084 0
    outer loop
      vertex 91.8259 12.7777 8
      vertex 92.0277 13.1144 0
      vertex 92.0277 13.1144 8
    endloop
  endfacet
  facet normal 0.85774 -0.514084 0
    outer loop
      vertex 92.0277 13.1144 0
      vertex 91.8259 12.7777 8
      vertex 91.8259 12.7777 0
    endloop
  endfacet
  facet normal 0.9415 -0.337014 0
    outer loop
      vertex 92.1955 13.4693 8
      vertex 92.3278 13.8389 0
      vertex 92.3278 13.8389 8
    endloop
  endfacet
  facet normal 0.9415 -0.337014 0
    outer loop
      vertex 92.3278 13.8389 0
      vertex 92.1955 13.4693 8
      vertex 92.1955 13.4693 0
    endloop
  endfacet
  facet normal -0.146733 0.989176 0
    outer loop
      vertex 88.1079 18.9807 0
      vertex 87.7196 18.9231 8
      vertex 88.1079 18.9807 8
    endloop
  endfacet
  facet normal -0.146733 0.989176 0
    outer loop
      vertex 87.7196 18.9231 8
      vertex 88.1079 18.9807 0
      vertex 87.7196 18.9231 0
    endloop
  endfacet
  facet normal 0.740908 0.671607 0
    outer loop
      vertex 91.592 17.5376 8
      vertex 91.3284 17.8284 0
      vertex 91.3284 17.8284 8
    endloop
  endfacet
  facet normal 0.740908 0.671607 0
    outer loop
      vertex 91.3284 17.8284 0
      vertex 91.592 17.5376 8
      vertex 91.592 17.5376 0
    endloop
  endfacet
  facet normal 0.0491626 0.998791 -0
    outer loop
      vertex 88.8921 18.9807 0
      vertex 88.5 19 8
      vertex 88.8921 18.9807 8
    endloop
  endfacet
  facet normal 0.0491626 0.998791 0
    outer loop
      vertex 88.5 19 8
      vertex 88.8921 18.9807 0
      vertex 88.5 19 0
    endloop
  endfacet
  facet normal 0.904044 0.42744 0
    outer loop
      vertex 92.1955 16.5307 8
      vertex 92.0277 16.8856 0
      vertex 92.0277 16.8856 8
    endloop
  endfacet
  facet normal 0.904044 0.42744 0
    outer loop
      vertex 92.0277 16.8856 0
      vertex 92.1955 16.5307 8
      vertex 92.1955 16.5307 0
    endloop
  endfacet
  facet normal -0.740908 0.671607 0
    outer loop
      vertex 85.408 17.5376 0
      vertex 85.6716 17.8284 8
      vertex 85.6716 17.8284 0
    endloop
  endfacet
  facet normal -0.740908 0.671607 0
    outer loop
      vertex 85.6716 17.8284 8
      vertex 85.408 17.5376 0
      vertex 85.408 17.5376 8
    endloop
  endfacet
  facet normal 0.671607 0.740908 -0
    outer loop
      vertex 91.3284 17.8284 0
      vertex 91.0376 18.092 8
      vertex 91.3284 17.8284 8
    endloop
  endfacet
  facet normal 0.671607 0.740908 0
    outer loop
      vertex 91.0376 18.092 8
      vertex 91.3284 17.8284 0
      vertex 91.0376 18.092 0
    endloop
  endfacet
  facet normal -0.904044 0.42744 0
    outer loop
      vertex 84.8045 16.5307 0
      vertex 84.9723 16.8856 8
      vertex 84.9723 16.8856 0
    endloop
  endfacet
  facet normal -0.904044 0.42744 0
    outer loop
      vertex 84.9723 16.8856 8
      vertex 84.8045 16.5307 0
      vertex 84.8045 16.5307 8
    endloop
  endfacet
  facet normal 0.242835 0.970068 -0
    outer loop
      vertex 89.6611 18.8278 0
      vertex 89.2804 18.9231 8
      vertex 89.6611 18.8278 8
    endloop
  endfacet
  facet normal 0.242835 0.970068 0
    outer loop
      vertex 89.2804 18.9231 8
      vertex 89.6611 18.8278 0
      vertex 89.2804 18.9231 0
    endloop
  endfacet
  facet normal 0.741898 -0.670513 0
    outer loop
      vertex 91.5657 12.4333 8
      vertex 91.592 12.4624 0
      vertex 91.592 12.4624 8
    endloop
  endfacet
  facet normal 0.741898 -0.670513 0
    outer loop
      vertex 91.592 12.4624 0
      vertex 91.5657 12.4333 8
      vertex 91.5657 12.4333 0
    endloop
  endfacet
  facet normal 0.857723 -0.514112 0
    outer loop
      vertex 94.135 -9.44469 8
      vertex 94.9927 -8.01374 0
      vertex 94.9927 -8.01374 8
    endloop
  endfacet
  facet normal 0.857723 -0.514112 0
    outer loop
      vertex 94.9927 -8.01374 0
      vertex 94.135 -9.44469 8
      vertex 94.135 -9.44469 0
    endloop
  endfacet
  facet normal 0.989176 0.146736 0
    outer loop
      vertex 96.9181 1.66629 8
      vertex 96.6733 3.31653 0
      vertex 96.6733 3.31653 8
    endloop
  endfacet
  facet normal 0.989176 0.146736 0
    outer loop
      vertex 96.6733 3.31653 0
      vertex 96.9181 1.66629 8
      vertex 96.9181 1.66629 0
    endloop
  endfacet
  facet normal 0.998794 0.0490918 0
    outer loop
      vertex 97 0 8
      vertex 96.9181 1.66629 0
      vertex 96.9181 1.66629 8
    endloop
  endfacet
  facet normal 0.998794 0.0490918 0
    outer loop
      vertex 96.9181 1.66629 0
      vertex 97 0 8
      vertex 97 0 0
    endloop
  endfacet
  facet normal 0.970041 0.242943 0
    outer loop
      vertex 96.6733 3.31653 8
      vertex 96.268 4.93484 0
      vertex 96.268 4.93484 8
    endloop
  endfacet
  facet normal 0.970041 0.242943 0
    outer loop
      vertex 96.268 4.93484 0
      vertex 96.6733 3.31653 8
      vertex 96.6733 3.31653 0
    endloop
  endfacet
  facet normal 0.857723 0.514112 0
    outer loop
      vertex 94.9927 8.01374 8
      vertex 94.135 9.44469 0
      vertex 94.135 9.44469 8
    endloop
  endfacet
  facet normal 0.857723 0.514112 0
    outer loop
      vertex 94.135 9.44469 0
      vertex 94.9927 8.01374 8
      vertex 94.9927 8.01374 0
    endloop
  endfacet
  facet normal -0.970041 -0.242943 0
    outer loop
      vertex 63.732 -4.93484 0
      vertex 63.3267 -3.31653 8
      vertex 63.3267 -3.31653 0
    endloop
  endfacet
  facet normal -0.970041 -0.242943 0
    outer loop
      vertex 63.3267 -3.31653 8
      vertex 63.732 -4.93484 0
      vertex 63.732 -4.93484 8
    endloop
  endfacet
  facet normal 0.671578 0.740934 -0
    outer loop
      vertex 92.0208 12.0208 0
      vertex 91.5657 12.4333 8
      vertex 92.0208 12.0208 8
    endloop
  endfacet
  facet normal 0.671578 0.740934 0
    outer loop
      vertex 91.5657 12.4333 8
      vertex 92.0208 12.0208 0
      vertex 91.5657 12.4333 0
    endloop
  endfacet
  facet normal 0.941532 -0.336925 0
    outer loop
      vertex 95.7059 -6.50562 8
      vertex 96.268 -4.93484 0
      vertex 96.268 -4.93484 8
    endloop
  endfacet
  facet normal 0.941532 -0.336925 0
    outer loop
      vertex 96.268 -4.93484 0
      vertex 95.7059 -6.50562 8
      vertex 95.7059 -6.50562 0
    endloop
  endfacet
  facet normal 0.740932 0.67158 0
    outer loop
      vertex 93.1412 10.7847 8
      vertex 92.0208 12.0208 0
      vertex 92.0208 12.0208 8
    endloop
  endfacet
  facet normal 0.740932 0.67158 0
    outer loop
      vertex 92.0208 12.0208 0
      vertex 93.1412 10.7847 8
      vertex 93.1412 10.7847 0
    endloop
  endfacet
  facet normal -0.90401 0.427512 0
    outer loop
      vertex 64.2941 6.50562 0
      vertex 65.0073 8.01374 8
      vertex 65.0073 8.01374 0
    endloop
  endfacet
  facet normal -0.90401 0.427512 0
    outer loop
      vertex 65.0073 8.01374 8
      vertex 64.2941 6.50562 0
      vertex 64.2941 6.50562 8
    endloop
  endfacet
  facet normal -0.671578 0.740934 0
    outer loop
      vertex 68.4343 12.4333 0
      vertex 67.9792 12.0208 8
      vertex 68.4343 12.4333 8
    endloop
  endfacet
  facet normal -0.671578 0.740934 0
    outer loop
      vertex 67.9792 12.0208 8
      vertex 68.4343 12.4333 0
      vertex 67.9792 12.0208 0
    endloop
  endfacet
  facet normal -0.14674 -0.989175 0
    outer loop
      vertex 76.6835 -16.6733 0
      vertex 78.3337 -16.9181 8
      vertex 76.6835 -16.6733 8
    endloop
  endfacet
  facet normal -0.14674 -0.989175 -0
    outer loop
      vertex 78.3337 -16.9181 8
      vertex 76.6835 -16.6733 0
      vertex 78.3337 -16.9181 0
    endloop
  endfacet
  facet normal 0.803213 -0.595692 0
    outer loop
      vertex 93.1412 -10.7847 8
      vertex 94.135 -9.44469 0
      vertex 94.135 -9.44469 8
    endloop
  endfacet
  facet normal 0.803213 -0.595692 0
    outer loop
      vertex 94.135 -9.44469 0
      vertex 93.1412 -10.7847 8
      vertex 93.1412 -10.7847 0
    endloop
  endfacet
  facet normal -0.857723 0.514112 0
    outer loop
      vertex 65.0073 8.01374 0
      vertex 65.865 9.44469 8
      vertex 65.865 9.44469 0
    endloop
  endfacet
  facet normal -0.857723 0.514112 0
    outer loop
      vertex 65.865 9.44469 8
      vertex 65.0073 8.01374 0
      vertex 65.0073 8.01374 8
    endloop
  endfacet
  facet normal -0.989176 0.146736 0
    outer loop
      vertex 63.0819 1.66629 0
      vertex 63.3267 3.31653 8
      vertex 63.3267 3.31653 0
    endloop
  endfacet
  facet normal -0.989176 0.146736 0
    outer loop
      vertex 63.3267 3.31653 8
      vertex 63.0819 1.66629 0
      vertex 63.0819 1.66629 8
    endloop
  endfacet
  facet normal 0.998794 -0.0490918 0
    outer loop
      vertex 96.9181 -1.66629 8
      vertex 97 0 0
      vertex 97 0 8
    endloop
  endfacet
  facet normal 0.998794 -0.0490918 0
    outer loop
      vertex 97 0 0
      vertex 96.9181 -1.66629 8
      vertex 96.9181 -1.66629 0
    endloop
  endfacet
  facet normal -0.90401 -0.427512 0
    outer loop
      vertex 65.0073 -8.01374 0
      vertex 64.2941 -6.50562 8
      vertex 64.2941 -6.50562 0
    endloop
  endfacet
  facet normal -0.90401 -0.427512 0
    outer loop
      vertex 64.2941 -6.50562 8
      vertex 65.0073 -8.01374 0
      vertex 65.0073 -8.01374 8
    endloop
  endfacet
  facet normal -0.998794 -0.0490918 0
    outer loop
      vertex 63.0819 -1.66629 0
      vertex 63 0 8
      vertex 63 0 0
    endloop
  endfacet
  facet normal -0.998794 -0.0490918 0
    outer loop
      vertex 63 0 8
      vertex 63.0819 -1.66629 0
      vertex 63.0819 -1.66629 8
    endloop
  endfacet
  facet normal 0.514099 -0.857731 0
    outer loop
      vertex 88.0137 -14.9927 0
      vertex 89.4447 -14.135 8
      vertex 88.0137 -14.9927 8
    endloop
  endfacet
  facet normal 0.514099 -0.857731 0
    outer loop
      vertex 89.4447 -14.135 8
      vertex 88.0137 -14.9927 0
      vertex 89.4447 -14.135 0
    endloop
  endfacet
  facet normal 0.90401 0.427512 0
    outer loop
      vertex 95.7059 6.50562 8
      vertex 94.9927 8.01374 0
      vertex 94.9927 8.01374 8
    endloop
  endfacet
  facet normal 0.90401 0.427512 0
    outer loop
      vertex 94.9927 8.01374 0
      vertex 95.7059 6.50562 8
      vertex 95.7059 6.50562 0
    endloop
  endfacet
  facet normal -0.242835 0.970068 0
    outer loop
      vertex 75.5 16.3769 0
      vertex 75.2711 16.3196 8
      vertex 75.5 16.3769 8
    endloop
  endfacet
  facet normal -0.242835 0.970068 0
    outer loop
      vertex 75.2711 16.3196 8
      vertex 75.5 16.3769 0
      vertex 75.2711 16.3196 0
    endloop
  endfacet
  facet normal 0.14674 -0.989175 0
    outer loop
      vertex 81.6663 -16.9181 0
      vertex 83.3165 -16.6733 8
      vertex 81.6663 -16.9181 8
    endloop
  endfacet
  facet normal 0.14674 -0.989175 0
    outer loop
      vertex 83.3165 -16.6733 8
      vertex 81.6663 -16.9181 0
      vertex 83.3165 -16.6733 0
    endloop
  endfacet
  facet normal -0.941532 -0.336925 0
    outer loop
      vertex 64.2941 -6.50562 0
      vertex 63.732 -4.93484 8
      vertex 63.732 -4.93484 0
    endloop
  endfacet
  facet normal -0.941532 -0.336925 0
    outer loop
      vertex 63.732 -4.93484 8
      vertex 64.2941 -6.50562 0
      vertex 64.2941 -6.50562 8
    endloop
  endfacet
  facet normal 0.989176 -0.146736 0
    outer loop
      vertex 96.6733 -3.31653 8
      vertex 96.9181 -1.66629 0
      vertex 96.9181 -1.66629 8
    endloop
  endfacet
  facet normal 0.989176 -0.146736 0
    outer loop
      vertex 96.9181 -1.66629 0
      vertex 96.6733 -3.31653 8
      vertex 96.6733 -3.31653 0
    endloop
  endfacet
  facet normal 0.427566 -0.903984 0
    outer loop
      vertex 86.5056 -15.706 0
      vertex 88.0137 -14.9927 8
      vertex 86.5056 -15.706 8
    endloop
  endfacet
  facet normal 0.427566 -0.903984 0
    outer loop
      vertex 88.0137 -14.9927 8
      vertex 86.5056 -15.706 0
      vertex 88.0137 -14.9927 0
    endloop
  endfacet
  facet normal -0.427566 -0.903984 0
    outer loop
      vertex 71.9863 -14.9927 0
      vertex 73.4944 -15.706 8
      vertex 71.9863 -14.9927 8
    endloop
  endfacet
  facet normal -0.427566 -0.903984 -0
    outer loop
      vertex 73.4944 -15.706 8
      vertex 71.9863 -14.9927 0
      vertex 73.4944 -15.706 0
    endloop
  endfacet
  facet normal 0.595695 -0.803211 0
    outer loop
      vertex 89.4447 -14.135 0
      vertex 90.7847 -13.1412 8
      vertex 89.4447 -14.135 8
    endloop
  endfacet
  facet normal 0.595695 -0.803211 0
    outer loop
      vertex 90.7847 -13.1412 8
      vertex 89.4447 -14.135 0
      vertex 90.7847 -13.1412 0
    endloop
  endfacet
  facet normal -0.514099 -0.857731 0
    outer loop
      vertex 70.5553 -14.135 0
      vertex 71.9863 -14.9927 8
      vertex 70.5553 -14.135 8
    endloop
  endfacet
  facet normal -0.514099 -0.857731 -0
    outer loop
      vertex 71.9863 -14.9927 8
      vertex 70.5553 -14.135 0
      vertex 71.9863 -14.9927 0
    endloop
  endfacet
  facet normal -0.049096 -0.998794 -0.000132205
    outer loop
      vertex 78.3337 -16.9181 8
      vertex 79.0808 -16.9548 7.81924
      vertex 79.3163 -16.9664 8
    endloop
  endfacet
  facet normal -0.0490272 -0.998797 0.000152901
    outer loop
      vertex 78.3337 -16.9181 8
      vertex 78.8742 -16.9447 7.55
      vertex 79.0808 -16.9548 7.81924
    endloop
  endfacet
  facet normal -0.0491683 -0.998791 -1.6915e-05
    outer loop
      vertex 78.3337 -16.9181 8
      vertex 78.7443 -16.9383 7.23646
      vertex 78.8742 -16.9447 7.55
    endloop
  endfacet
  facet normal -0.049228 -0.998788 -4.91335e-05
    outer loop
      vertex 78.3337 -16.9181 8
      vertex 78.7 -16.9361 6.9
      vertex 78.7443 -16.9383 7.23646
    endloop
  endfacet
  facet normal -0.0487411 -0.998811 0.000113399
    outer loop
      vertex 78.3337 -16.9181 8
      vertex 78.7443 -16.9383 6.56354
      vertex 78.7 -16.9361 6.9
    endloop
  endfacet
  facet normal -0.0491369 -0.998792 0
    outer loop
      vertex 78.3337 -16.9181 0
      vertex 78.7443 -16.9383 6.56354
      vertex 78.3337 -16.9181 8
    endloop
  endfacet
  facet normal -0.0491995 -0.998789 3.92862e-06
    outer loop
      vertex 78.3337 -16.9181 0
      vertex 78.8742 -16.9447 6.25
      vertex 78.7443 -16.9383 6.56354
    endloop
  endfacet
  facet normal -0.0488614 -0.998806 -2.53807e-05
    outer loop
      vertex 78.3337 -16.9181 0
      vertex 79.0808 -16.9548 5.98076
      vertex 78.8742 -16.9447 6.25
    endloop
  endfacet
  facet normal -0.0493208 -0.998783 3.21481e-05
    outer loop
      vertex 78.3337 -16.9181 0
      vertex 79.35 -16.9681 5.77417
      vertex 79.0808 -16.9548 5.98076
    endloop
  endfacet
  facet normal -0.0490687 -0.998795 -1.2332e-05
    outer loop
      vertex 78.3337 -16.9181 0
      vertex 79.6635 -16.9835 5.6443
      vertex 79.35 -16.9681 5.77417
    endloop
  endfacet
  facet normal -0.0490916 -0.998794 -6.94529e-06
    outer loop
      vertex 80 -17 0
      vertex 79.6635 -16.9835 5.6443
      vertex 78.3337 -16.9181 0
    endloop
  endfacet
  facet normal -0.0489753 -0.9988 0
    outer loop
      vertex 79.6635 -16.9835 5.6443
      vertex 80 -17 0
      vertex 80 -17 5.6
    endloop
  endfacet
  facet normal 0.049096 -0.998794 -0.000132205
    outer loop
      vertex 80.9192 -16.9548 7.81924
      vertex 81.6663 -16.9181 8
      vertex 80.6837 -16.9664 8
    endloop
  endfacet
  facet normal 0.0490272 -0.998797 0.000152901
    outer loop
      vertex 81.1258 -16.9447 7.55
      vertex 81.6663 -16.9181 8
      vertex 80.9192 -16.9548 7.81924
    endloop
  endfacet
  facet normal 0.0491683 -0.998791 -1.6915e-05
    outer loop
      vertex 81.2557 -16.9383 7.23646
      vertex 81.6663 -16.9181 8
      vertex 81.1258 -16.9447 7.55
    endloop
  endfacet
  facet normal 0.049228 -0.998788 -4.91335e-05
    outer loop
      vertex 81.3 -16.9361 6.9
      vertex 81.6663 -16.9181 8
      vertex 81.2557 -16.9383 7.23646
    endloop
  endfacet
  facet normal 0.0487411 -0.998811 0.000113399
    outer loop
      vertex 81.2557 -16.9383 6.56354
      vertex 81.6663 -16.9181 8
      vertex 81.3 -16.9361 6.9
    endloop
  endfacet
  facet normal 0.0489753 -0.9988 0
    outer loop
      vertex 80 -17 0
      vertex 80.3365 -16.9835 5.6443
      vertex 80 -17 5.6
    endloop
  endfacet
  facet normal 0.0490916 -0.998794 -6.94529e-06
    outer loop
      vertex 81.6663 -16.9181 0
      vertex 80.3365 -16.9835 5.6443
      vertex 80 -17 0
    endloop
  endfacet
  facet normal 0.0490687 -0.998795 -1.2332e-05
    outer loop
      vertex 80.3365 -16.9835 5.6443
      vertex 81.6663 -16.9181 0
      vertex 80.65 -16.9681 5.77417
    endloop
  endfacet
  facet normal 0.0493208 -0.998783 3.21481e-05
    outer loop
      vertex 80.65 -16.9681 5.77417
      vertex 81.6663 -16.9181 0
      vertex 80.9192 -16.9548 5.98076
    endloop
  endfacet
  facet normal 0.0488614 -0.998806 -2.53807e-05
    outer loop
      vertex 80.9192 -16.9548 5.98076
      vertex 81.6663 -16.9181 0
      vertex 81.1258 -16.9447 6.25
    endloop
  endfacet
  facet normal 0.0491995 -0.998789 3.92862e-06
    outer loop
      vertex 81.1258 -16.9447 6.25
      vertex 81.6663 -16.9181 0
      vertex 81.2557 -16.9383 6.56354
    endloop
  endfacet
  facet normal 0.0491369 -0.998792 0
    outer loop
      vertex 81.2557 -16.9383 6.56354
      vertex 81.6663 -16.9181 0
      vertex 81.6663 -16.9181 8
    endloop
  endfacet
  facet normal -0.941532 0.336925 0
    outer loop
      vertex 63.732 4.93484 0
      vertex 64.2941 6.50562 8
      vertex 64.2941 6.50562 0
    endloop
  endfacet
  facet normal -0.941532 0.336925 0
    outer loop
      vertex 64.2941 6.50562 8
      vertex 63.732 4.93484 0
      vertex 63.732 4.93484 8
    endloop
  endfacet
  facet normal 0.242835 0.970068 -0
    outer loop
      vertex 84.7289 16.3196 0
      vertex 84.5 16.3769 8
      vertex 84.7289 16.3196 8
    endloop
  endfacet
  facet normal 0.242835 0.970068 0
    outer loop
      vertex 84.5 16.3769 8
      vertex 84.7289 16.3196 0
      vertex 84.5 16.3769 0
    endloop
  endfacet
  facet normal -0.595695 -0.803211 0
    outer loop
      vertex 69.2153 -13.1412 0
      vertex 70.5553 -14.135 8
      vertex 69.2153 -13.1412 8
    endloop
  endfacet
  facet normal -0.595695 -0.803211 -0
    outer loop
      vertex 70.5553 -14.135 8
      vertex 69.2153 -13.1412 0
      vertex 70.5553 -14.135 0
    endloop
  endfacet
  facet normal -0.970041 0.242943 0
    outer loop
      vertex 63.3267 3.31653 0
      vertex 63.732 4.93484 8
      vertex 63.732 4.93484 0
    endloop
  endfacet
  facet normal -0.970041 0.242943 0
    outer loop
      vertex 63.732 4.93484 8
      vertex 63.3267 3.31653 0
      vertex 63.3267 3.31653 8
    endloop
  endfacet
  facet normal -0.803213 0.595692 0
    outer loop
      vertex 65.865 9.44469 0
      vertex 66.8588 10.7847 8
      vertex 66.8588 10.7847 0
    endloop
  endfacet
  facet normal -0.803213 0.595692 0
    outer loop
      vertex 66.8588 10.7847 8
      vertex 65.865 9.44469 0
      vertex 65.865 9.44469 8
    endloop
  endfacet
  facet normal 0.90401 -0.427512 0
    outer loop
      vertex 94.9927 -8.01374 8
      vertex 95.7059 -6.50562 0
      vertex 95.7059 -6.50562 8
    endloop
  endfacet
  facet normal 0.90401 -0.427512 0
    outer loop
      vertex 95.7059 -6.50562 0
      vertex 94.9927 -8.01374 8
      vertex 94.9927 -8.01374 0
    endloop
  endfacet
  facet normal -0.336868 -0.941552 0
    outer loop
      vertex 73.4944 -15.706 0
      vertex 75.0652 -16.268 8
      vertex 73.4944 -15.706 8
    endloop
  endfacet
  facet normal -0.336868 -0.941552 -0
    outer loop
      vertex 75.0652 -16.268 8
      vertex 73.4944 -15.706 0
      vertex 75.0652 -16.268 0
    endloop
  endfacet
  facet normal 0.941532 0.336925 0
    outer loop
      vertex 96.268 4.93484 8
      vertex 95.7059 6.50562 0
      vertex 95.7059 6.50562 8
    endloop
  endfacet
  facet normal 0.941532 0.336925 0
    outer loop
      vertex 95.7059 6.50562 0
      vertex 96.268 4.93484 8
      vertex 96.268 4.93484 0
    endloop
  endfacet
  facet normal -0.803213 -0.595692 0
    outer loop
      vertex 66.8588 -10.7847 0
      vertex 65.865 -9.44469 8
      vertex 65.865 -9.44469 0
    endloop
  endfacet
  facet normal -0.803213 -0.595692 0
    outer loop
      vertex 65.865 -9.44469 8
      vertex 66.8588 -10.7847 0
      vertex 66.8588 -10.7847 8
    endloop
  endfacet
  facet normal 0.740932 -0.67158 0
    outer loop
      vertex 92.0208 -12.0208 8
      vertex 93.1412 -10.7847 0
      vertex 93.1412 -10.7847 8
    endloop
  endfacet
  facet normal 0.740932 -0.67158 0
    outer loop
      vertex 93.1412 -10.7847 0
      vertex 92.0208 -12.0208 8
      vertex 92.0208 -12.0208 0
    endloop
  endfacet
  facet normal -0.998794 0.0490918 0
    outer loop
      vertex 63 0 0
      vertex 63.0819 1.66629 8
      vertex 63.0819 1.66629 0
    endloop
  endfacet
  facet normal -0.998794 0.0490918 0
    outer loop
      vertex 63.0819 1.66629 8
      vertex 63 0 0
      vertex 63 0 8
    endloop
  endfacet
  facet normal -0.989176 -0.146736 0
    outer loop
      vertex 63.3267 -3.31653 0
      vertex 63.0819 -1.66629 8
      vertex 63.0819 -1.66629 0
    endloop
  endfacet
  facet normal -0.989176 -0.146736 0
    outer loop
      vertex 63.0819 -1.66629 8
      vertex 63.3267 -3.31653 0
      vertex 63.3267 -3.31653 8
    endloop
  endfacet
  facet normal 0.336868 -0.941552 0
    outer loop
      vertex 84.9348 -16.268 0
      vertex 86.5056 -15.706 8
      vertex 84.9348 -16.268 8
    endloop
  endfacet
  facet normal 0.336868 -0.941552 0
    outer loop
      vertex 86.5056 -15.706 8
      vertex 84.9348 -16.268 0
      vertex 86.5056 -15.706 0
    endloop
  endfacet
  facet normal 0.242945 -0.97004 0
    outer loop
      vertex 83.3165 -16.6733 0
      vertex 84.9348 -16.268 8
      vertex 83.3165 -16.6733 8
    endloop
  endfacet
  facet normal 0.242945 -0.97004 0
    outer loop
      vertex 84.9348 -16.268 8
      vertex 83.3165 -16.6733 0
      vertex 84.9348 -16.268 0
    endloop
  endfacet
  facet normal 0.803213 0.595692 0
    outer loop
      vertex 94.135 9.44469 8
      vertex 93.1412 10.7847 0
      vertex 93.1412 10.7847 8
    endloop
  endfacet
  facet normal 0.803213 0.595692 0
    outer loop
      vertex 93.1412 10.7847 0
      vertex 94.135 9.44469 8
      vertex 94.135 9.44469 0
    endloop
  endfacet
  facet normal -0.740932 -0.67158 0
    outer loop
      vertex 67.9792 -12.0208 0
      vertex 66.8588 -10.7847 8
      vertex 66.8588 -10.7847 0
    endloop
  endfacet
  facet normal -0.740932 -0.67158 0
    outer loop
      vertex 66.8588 -10.7847 8
      vertex 67.9792 -12.0208 0
      vertex 67.9792 -12.0208 8
    endloop
  endfacet
  facet normal 0.970041 -0.242943 0
    outer loop
      vertex 96.268 -4.93484 8
      vertex 96.6733 -3.31653 0
      vertex 96.6733 -3.31653 8
    endloop
  endfacet
  facet normal 0.970041 -0.242943 0
    outer loop
      vertex 96.6733 -3.31653 0
      vertex 96.268 -4.93484 8
      vertex 96.268 -4.93484 0
    endloop
  endfacet
  facet normal -0.67158 -0.740932 0
    outer loop
      vertex 67.9792 -12.0208 0
      vertex 69.2153 -13.1412 8
      vertex 67.9792 -12.0208 8
    endloop
  endfacet
  facet normal -0.67158 -0.740932 -0
    outer loop
      vertex 69.2153 -13.1412 8
      vertex 67.9792 -12.0208 0
      vertex 69.2153 -13.1412 0
    endloop
  endfacet
  facet normal -0.740932 0.67158 0
    outer loop
      vertex 66.8588 10.7847 0
      vertex 67.9792 12.0208 8
      vertex 67.9792 12.0208 0
    endloop
  endfacet
  facet normal -0.740932 0.67158 0
    outer loop
      vertex 67.9792 12.0208 8
      vertex 66.8588 10.7847 0
      vertex 66.8588 10.7847 8
    endloop
  endfacet
  facet normal -0.242945 -0.97004 0
    outer loop
      vertex 75.0652 -16.268 0
      vertex 76.6835 -16.6733 8
      vertex 75.0652 -16.268 8
    endloop
  endfacet
  facet normal -0.242945 -0.97004 -0
    outer loop
      vertex 76.6835 -16.6733 8
      vertex 75.0652 -16.268 0
      vertex 76.6835 -16.6733 0
    endloop
  endfacet
  facet normal -0.857723 -0.514112 0
    outer loop
      vertex 65.865 -9.44469 0
      vertex 65.0073 -8.01374 8
      vertex 65.0073 -8.01374 0
    endloop
  endfacet
  facet normal -0.857723 -0.514112 0
    outer loop
      vertex 65.0073 -8.01374 8
      vertex 65.865 -9.44469 0
      vertex 65.865 -9.44469 8
    endloop
  endfacet
  facet normal 0.67158 -0.740932 0
    outer loop
      vertex 90.7847 -13.1412 0
      vertex 92.0208 -12.0208 8
      vertex 90.7847 -13.1412 8
    endloop
  endfacet
  facet normal 0.67158 -0.740932 0
    outer loop
      vertex 92.0208 -12.0208 8
      vertex 90.7847 -13.1412 0
      vertex 92.0208 -12.0208 0
    endloop
  endfacet
  facet normal -1 0 0
    outer loop
      vertex 84.5 -3 0
      vertex 84.5 16.3769 8
      vertex 84.5 16.3769 0
    endloop
  endfacet
  facet normal -1 -0 0
    outer loop
      vertex 84.5 16.3769 8
      vertex 84.5 -3 0
      vertex 84.5 -3 8
    endloop
  endfacet
  facet normal 1 -0 0
    outer loop
      vertex 75.5 -3 8
      vertex 75.5 16.3769 0
      vertex 75.5 16.3769 8
    endloop
  endfacet
  facet normal 1 0 0
    outer loop
      vertex 75.5 16.3769 0
      vertex 75.5 -3 8
      vertex 75.5 -3 0
    endloop
  endfacet
  facet normal -0.923851 0 -0.382753
    outer loop
      vertex 81.2557 -16.9383 7.23646
      vertex 81.1258 -3 7.55
      vertex 81.2557 -3 7.23646
    endloop
  endfacet
  facet normal -0.923851 -0 -0.382753
    outer loop
      vertex 81.1258 -3 7.55
      vertex 81.2557 -16.9383 7.23646
      vertex 81.1258 -16.9447 7.55
    endloop
  endfacet
  facet normal -0.991443 0 -0.130538
    outer loop
      vertex 81.3 -16.9361 6.9
      vertex 81.2557 -3 7.23646
      vertex 81.3 -3 6.9
    endloop
  endfacet
  facet normal -0.991443 -0 -0.130538
    outer loop
      vertex 81.2557 -3 7.23646
      vertex 81.3 -16.9361 6.9
      vertex 81.2557 -16.9383 7.23646
    endloop
  endfacet
  facet normal 0.130523 -0 0.991445
    outer loop
      vertex 79.6635 -16.9835 5.6443
      vertex 80 -3 5.6
      vertex 79.6635 -3 5.6443
    endloop
  endfacet
  facet normal 0.130523 0 0.991445
    outer loop
      vertex 80 -3 5.6
      vertex 79.6635 -16.9835 5.6443
      vertex 80 -17 5.6
    endloop
  endfacet
  facet normal 0.382719 -0 0.923865
    outer loop
      vertex 79.35 -16.9681 5.77417
      vertex 79.6635 -3 5.6443
      vertex 79.35 -3 5.77417
    endloop
  endfacet
  facet normal 0.382719 0 0.923865
    outer loop
      vertex 79.6635 -3 5.6443
      vertex 79.35 -16.9681 5.77417
      vertex 79.6635 -16.9835 5.6443
    endloop
  endfacet
  facet normal -0.793346 0 0.60877
    outer loop
      vertex 80.9192 -3 5.98076
      vertex 81.1258 -16.9447 6.25
      vertex 81.1258 -3 6.25
    endloop
  endfacet
  facet normal -0.793346 0 0.60877
    outer loop
      vertex 81.1258 -16.9447 6.25
      vertex 80.9192 -3 5.98076
      vertex 80.9192 -16.9548 5.98076
    endloop
  endfacet
  facet normal -0.130523 0 0.991445
    outer loop
      vertex 80 -3 5.6
      vertex 80.3365 -16.9835 5.6443
      vertex 80.3365 -3 5.6443
    endloop
  endfacet
  facet normal -0.130523 0 0.991445
    outer loop
      vertex 80.3365 -16.9835 5.6443
      vertex 80 -3 5.6
      vertex 80 -17 5.6
    endloop
  endfacet
  facet normal -0.923851 0 0.382753
    outer loop
      vertex 81.1258 -3 6.25
      vertex 81.2557 -16.9383 6.56354
      vertex 81.2557 -3 6.56354
    endloop
  endfacet
  facet normal -0.923851 0 0.382753
    outer loop
      vertex 81.2557 -16.9383 6.56354
      vertex 81.1258 -3 6.25
      vertex 81.1258 -16.9447 6.25
    endloop
  endfacet
  facet normal 0.608877 0 -0.793265
    outer loop
      vertex 79.0808 -16.9548 7.81924
      vertex 79.3163 -3 8
      vertex 79.3163 -16.9664 8
    endloop
  endfacet
  facet normal 0.608877 0 -0.793265
    outer loop
      vertex 79.3163 -3 8
      vertex 79.0808 -16.9548 7.81924
      vertex 79.0808 -3 7.81924
    endloop
  endfacet
  facet normal -0.382719 0 0.923865
    outer loop
      vertex 80.3365 -3 5.6443
      vertex 80.65 -16.9681 5.77417
      vertex 80.65 -3 5.77417
    endloop
  endfacet
  facet normal -0.382719 0 0.923865
    outer loop
      vertex 80.65 -16.9681 5.77417
      vertex 80.3365 -3 5.6443
      vertex 80.3365 -16.9835 5.6443
    endloop
  endfacet
  facet normal 0.923851 -0 0.382753
    outer loop
      vertex 78.7443 -16.9383 6.56354
      vertex 78.8742 -3 6.25
      vertex 78.7443 -3 6.56354
    endloop
  endfacet
  facet normal 0.923851 0 0.382753
    outer loop
      vertex 78.8742 -3 6.25
      vertex 78.7443 -16.9383 6.56354
      vertex 78.8742 -16.9447 6.25
    endloop
  endfacet
  facet normal 0.923851 0 -0.382753
    outer loop
      vertex 78.8742 -3 7.55
      vertex 78.7443 -16.9383 7.23646
      vertex 78.7443 -3 7.23646
    endloop
  endfacet
  facet normal 0.923851 0 -0.382753
    outer loop
      vertex 78.7443 -16.9383 7.23646
      vertex 78.8742 -3 7.55
      vertex 78.8742 -16.9447 7.55
    endloop
  endfacet
  facet normal -0.608809 0 0.793317
    outer loop
      vertex 80.65 -3 5.77417
      vertex 80.9192 -16.9548 5.98076
      vertex 80.9192 -3 5.98076
    endloop
  endfacet
  facet normal -0.608809 0 0.793317
    outer loop
      vertex 80.9192 -16.9548 5.98076
      vertex 80.65 -3 5.77417
      vertex 80.65 -16.9681 5.77417
    endloop
  endfacet
  facet normal -0.991443 0 0.130538
    outer loop
      vertex 81.2557 -3 6.56354
      vertex 81.3 -16.9361 6.9
      vertex 81.3 -3 6.9
    endloop
  endfacet
  facet normal -0.991443 0 0.130538
    outer loop
      vertex 81.3 -16.9361 6.9
      vertex 81.2557 -3 6.56354
      vertex 81.2557 -16.9383 6.56354
    endloop
  endfacet
  facet normal 0.793346 0 -0.60877
    outer loop
      vertex 79.0808 -3 7.81924
      vertex 78.8742 -16.9447 7.55
      vertex 78.8742 -3 7.55
    endloop
  endfacet
  facet normal 0.793346 0 -0.60877
    outer loop
      vertex 78.8742 -16.9447 7.55
      vertex 79.0808 -3 7.81924
      vertex 79.0808 -16.9548 7.81924
    endloop
  endfacet
  facet normal 0.991443 0 -0.130538
    outer loop
      vertex 78.7443 -3 7.23646
      vertex 78.7 -16.9361 6.9
      vertex 78.7 -3 6.9
    endloop
  endfacet
  facet normal 0.991443 0 -0.130538
    outer loop
      vertex 78.7 -16.9361 6.9
      vertex 78.7443 -3 7.23646
      vertex 78.7443 -16.9383 7.23646
    endloop
  endfacet
  facet normal -0.793346 0 -0.60877
    outer loop
      vertex 81.1258 -16.9447 7.55
      vertex 80.9192 -3 7.81924
      vertex 81.1258 -3 7.55
    endloop
  endfacet
  facet normal -0.793346 -0 -0.60877
    outer loop
      vertex 80.9192 -3 7.81924
      vertex 81.1258 -16.9447 7.55
      vertex 80.9192 -16.9548 7.81924
    endloop
  endfacet
  facet normal -0.608877 -0 -0.793265
    outer loop
      vertex 80.6837 -3 8
      vertex 80.9192 -16.9548 7.81924
      vertex 80.6837 -16.9664 8
    endloop
  endfacet
  facet normal -0.608877 0 -0.793265
    outer loop
      vertex 80.9192 -16.9548 7.81924
      vertex 80.6837 -3 8
      vertex 80.9192 -3 7.81924
    endloop
  endfacet
  facet normal 0.793346 -0 0.60877
    outer loop
      vertex 78.8742 -16.9447 6.25
      vertex 79.0808 -3 5.98076
      vertex 78.8742 -3 6.25
    endloop
  endfacet
  facet normal 0.793346 0 0.60877
    outer loop
      vertex 79.0808 -3 5.98076
      vertex 78.8742 -16.9447 6.25
      vertex 79.0808 -16.9548 5.98076
    endloop
  endfacet
  facet normal 0.608809 -0 0.793317
    outer loop
      vertex 79.0808 -16.9548 5.98076
      vertex 79.35 -3 5.77417
      vertex 79.0808 -3 5.98076
    endloop
  endfacet
  facet normal 0.608809 0 0.793317
    outer loop
      vertex 79.35 -3 5.77417
      vertex 79.0808 -16.9548 5.98076
      vertex 79.35 -16.9681 5.77417
    endloop
  endfacet
  facet normal 0.991443 -0 0.130538
    outer loop
      vertex 78.7 -16.9361 6.9
      vertex 78.7443 -3 6.56354
      vertex 78.7 -3 6.9
    endloop
  endfacet
  facet normal 0.991443 0 0.130538
    outer loop
      vertex 78.7443 -3 6.56354
      vertex 78.7 -16.9361 6.9
      vertex 78.7443 -16.9383 6.56354
    endloop
  endfacet
  facet normal 0.991453 -0.130466 0
    outer loop
      vertex 69.8 15 8
      vertex 69.8579 15.44 0
      vertex 69.8579 15.44 8
    endloop
  endfacet
  facet normal 0.991453 -0.130466 0
    outer loop
      vertex 69.8579 15.44 0
      vertex 69.8 15 8
      vertex 69.8 15 0
    endloop
  endfacet
  facet normal -0.923822 -0.382823 0
    outer loop
      vertex 73.1421 15.44 0
      vertex 72.9722 15.85 8
      vertex 72.9722 15.85 0
    endloop
  endfacet
  facet normal -0.923822 -0.382823 0
    outer loop
      vertex 72.9722 15.85 8
      vertex 73.1421 15.44 0
      vertex 73.1421 15.44 8
    endloop
  endfacet
  facet normal -0.991453 -0.130466 0
    outer loop
      vertex 73.2 15 0
      vertex 73.1421 15.44 8
      vertex 73.1421 15.44 0
    endloop
  endfacet
  facet normal -0.991453 -0.130466 0
    outer loop
      vertex 73.1421 15.44 8
      vertex 73.2 15 0
      vertex 73.2 15 8
    endloop
  endfacet
  facet normal -0.793436 -0.608654 0
    outer loop
      vertex 72.9722 15.85 0
      vertex 72.7021 16.2021 8
      vertex 72.7021 16.2021 0
    endloop
  endfacet
  facet normal -0.793436 -0.608654 0
    outer loop
      vertex 72.7021 16.2021 8
      vertex 72.9722 15.85 0
      vertex 72.9722 15.85 8
    endloop
  endfacet
  facet normal -0.991453 0.130466 0
    outer loop
      vertex 73.1421 14.56 0
      vertex 73.2 15 8
      vertex 73.2 15 0
    endloop
  endfacet
  facet normal -0.991453 0.130466 0
    outer loop
      vertex 73.2 15 8
      vertex 73.1421 14.56 0
      vertex 73.1421 14.56 8
    endloop
  endfacet
  facet normal 0.793436 -0.608654 0
    outer loop
      vertex 70.0278 15.85 8
      vertex 70.2979 16.2021 0
      vertex 70.2979 16.2021 8
    endloop
  endfacet
  facet normal 0.793436 -0.608654 0
    outer loop
      vertex 70.2979 16.2021 0
      vertex 70.0278 15.85 8
      vertex 70.0278 15.85 0
    endloop
  endfacet
  facet normal 0.130466 0.991453 -0
    outer loop
      vertex 71.5 13.3 0
      vertex 71.06 13.3579 8
      vertex 71.5 13.3 8
    endloop
  endfacet
  facet normal 0.130466 0.991453 0
    outer loop
      vertex 71.06 13.3579 8
      vertex 71.5 13.3 0
      vertex 71.06 13.3579 0
    endloop
  endfacet
  facet normal 0.382823 0.923822 -0
    outer loop
      vertex 71.06 13.3579 0
      vertex 70.65 13.5278 8
      vertex 71.06 13.3579 8
    endloop
  endfacet
  facet normal 0.382823 0.923822 0
    outer loop
      vertex 70.65 13.5278 8
      vertex 71.06 13.3579 0
      vertex 70.65 13.5278 0
    endloop
  endfacet
  facet normal -0.608654 -0.793436 0
    outer loop
      vertex 72.35 16.4722 0
      vertex 72.7021 16.2021 8
      vertex 72.35 16.4722 8
    endloop
  endfacet
  facet normal -0.608654 -0.793436 -0
    outer loop
      vertex 72.7021 16.2021 8
      vertex 72.35 16.4722 0
      vertex 72.7021 16.2021 0
    endloop
  endfacet
  facet normal 0.923822 0.382823 0
    outer loop
      vertex 70.0278 14.15 8
      vertex 69.8579 14.56 0
      vertex 69.8579 14.56 8
    endloop
  endfacet
  facet normal 0.923822 0.382823 0
    outer loop
      vertex 69.8579 14.56 0
      vertex 70.0278 14.15 8
      vertex 70.0278 14.15 0
    endloop
  endfacet
  facet normal -0.382823 0.923822 0
    outer loop
      vertex 72.35 13.5278 0
      vertex 71.94 13.3579 8
      vertex 72.35 13.5278 8
    endloop
  endfacet
  facet normal -0.382823 0.923822 0
    outer loop
      vertex 71.94 13.3579 8
      vertex 72.35 13.5278 0
      vertex 71.94 13.3579 0
    endloop
  endfacet
  facet normal 0.923822 -0.382823 0
    outer loop
      vertex 69.8579 15.44 8
      vertex 70.0278 15.85 0
      vertex 70.0278 15.85 8
    endloop
  endfacet
  facet normal 0.923822 -0.382823 0
    outer loop
      vertex 70.0278 15.85 0
      vertex 69.8579 15.44 8
      vertex 69.8579 15.44 0
    endloop
  endfacet
  facet normal -0.923822 0.382823 0
    outer loop
      vertex 72.9722 14.15 0
      vertex 73.1421 14.56 8
      vertex 73.1421 14.56 0
    endloop
  endfacet
  facet normal -0.923822 0.382823 0
    outer loop
      vertex 73.1421 14.56 8
      vertex 72.9722 14.15 0
      vertex 72.9722 14.15 8
    endloop
  endfacet
  facet normal 0.608654 -0.793436 0
    outer loop
      vertex 70.2979 16.2021 0
      vertex 70.65 16.4722 8
      vertex 70.2979 16.2021 8
    endloop
  endfacet
  facet normal 0.608654 -0.793436 0
    outer loop
      vertex 70.65 16.4722 8
      vertex 70.2979 16.2021 0
      vertex 70.65 16.4722 0
    endloop
  endfacet
  facet normal -0.608654 0.793436 0
    outer loop
      vertex 72.7021 13.7979 0
      vertex 72.35 13.5278 8
      vertex 72.7021 13.7979 8
    endloop
  endfacet
  facet normal -0.608654 0.793436 0
    outer loop
      vertex 72.35 13.5278 8
      vertex 72.7021 13.7979 0
      vertex 72.35 13.5278 0
    endloop
  endfacet
  facet normal 0.382823 -0.923822 0
    outer loop
      vertex 70.65 16.4722 0
      vertex 71.06 16.6421 8
      vertex 70.65 16.4722 8
    endloop
  endfacet
  facet normal 0.382823 -0.923822 0
    outer loop
      vertex 71.06 16.6421 8
      vertex 70.65 16.4722 0
      vertex 71.06 16.6421 0
    endloop
  endfacet
  facet normal -0.130466 -0.991453 0
    outer loop
      vertex 71.5 16.7 0
      vertex 71.94 16.6421 8
      vertex 71.5 16.7 8
    endloop
  endfacet
  facet normal -0.130466 -0.991453 -0
    outer loop
      vertex 71.94 16.6421 8
      vertex 71.5 16.7 0
      vertex 71.94 16.6421 0
    endloop
  endfacet
  facet normal -0.793436 0.608654 0
    outer loop
      vertex 72.7021 13.7979 0
      vertex 72.9722 14.15 8
      vertex 72.9722 14.15 0
    endloop
  endfacet
  facet normal -0.793436 0.608654 0
    outer loop
      vertex 72.9722 14.15 8
      vertex 72.7021 13.7979 0
      vertex 72.7021 13.7979 8
    endloop
  endfacet
  facet normal -0.382823 -0.923822 0
    outer loop
      vertex 71.94 16.6421 0
      vertex 72.35 16.4722 8
      vertex 71.94 16.6421 8
    endloop
  endfacet
  facet normal -0.382823 -0.923822 -0
    outer loop
      vertex 72.35 16.4722 8
      vertex 71.94 16.6421 0
      vertex 72.35 16.4722 0
    endloop
  endfacet
  facet normal 0.608654 0.793436 -0
    outer loop
      vertex 70.65 13.5278 0
      vertex 70.2979 13.7979 8
      vertex 70.65 13.5278 8
    endloop
  endfacet
  facet normal 0.608654 0.793436 0
    outer loop
      vertex 70.2979 13.7979 8
      vertex 70.65 13.5278 0
      vertex 70.2979 13.7979 0
    endloop
  endfacet
  facet normal 0.991453 0.130466 0
    outer loop
      vertex 69.8579 14.56 8
      vertex 69.8 15 0
      vertex 69.8 15 8
    endloop
  endfacet
  facet normal 0.991453 0.130466 0
    outer loop
      vertex 69.8 15 0
      vertex 69.8579 14.56 8
      vertex 69.8579 14.56 0
    endloop
  endfacet
  facet normal 0.130466 -0.991453 0
    outer loop
      vertex 71.06 16.6421 0
      vertex 71.5 16.7 8
      vertex 71.06 16.6421 8
    endloop
  endfacet
  facet normal 0.130466 -0.991453 0
    outer loop
      vertex 71.5 16.7 8
      vertex 71.06 16.6421 0
      vertex 71.5 16.7 0
    endloop
  endfacet
  facet normal 0.793436 0.608654 0
    outer loop
      vertex 70.2979 13.7979 8
      vertex 70.0278 14.15 0
      vertex 70.0278 14.15 8
    endloop
  endfacet
  facet normal 0.793436 0.608654 0
    outer loop
      vertex 70.0278 14.15 0
      vertex 70.2979 13.7979 8
      vertex 70.2979 13.7979 0
    endloop
  endfacet
  facet normal -0.130466 0.991453 0
    outer loop
      vertex 71.94 13.3579 0
      vertex 71.5 13.3 8
      vertex 71.94 13.3579 8
    endloop
  endfacet
  facet normal -0.130466 0.991453 0
    outer loop
      vertex 71.5 13.3 8
      vertex 71.94 13.3579 0
      vertex 71.5 13.3 0
    endloop
  endfacet
  facet normal -0.382823 0.923822 0
    outer loop
      vertex 89.35 13.5278 0
      vertex 88.94 13.3579 8
      vertex 89.35 13.5278 8
    endloop
  endfacet
  facet normal -0.382823 0.923822 0
    outer loop
      vertex 88.94 13.3579 8
      vertex 89.35 13.5278 0
      vertex 88.94 13.3579 0
    endloop
  endfacet
  facet normal 0.130466 -0.991453 0
    outer loop
      vertex 88.06 16.6421 0
      vertex 88.5 16.7 8
      vertex 88.06 16.6421 8
    endloop
  endfacet
  facet normal 0.130466 -0.991453 0
    outer loop
      vertex 88.5 16.7 8
      vertex 88.06 16.6421 0
      vertex 88.5 16.7 0
    endloop
  endfacet
  facet normal -0.923822 -0.382823 0
    outer loop
      vertex 90.1421 15.44 0
      vertex 89.9722 15.85 8
      vertex 89.9722 15.85 0
    endloop
  endfacet
  facet normal -0.923822 -0.382823 0
    outer loop
      vertex 89.9722 15.85 8
      vertex 90.1421 15.44 0
      vertex 90.1421 15.44 8
    endloop
  endfacet
  facet normal -0.991453 -0.130466 0
    outer loop
      vertex 90.2 15 0
      vertex 90.1421 15.44 8
      vertex 90.1421 15.44 0
    endloop
  endfacet
  facet normal -0.991453 -0.130466 0
    outer loop
      vertex 90.1421 15.44 8
      vertex 90.2 15 0
      vertex 90.2 15 8
    endloop
  endfacet
  facet normal -0.793436 -0.608654 0
    outer loop
      vertex 89.9722 15.85 0
      vertex 89.7021 16.2021 8
      vertex 89.7021 16.2021 0
    endloop
  endfacet
  facet normal -0.793436 -0.608654 0
    outer loop
      vertex 89.7021 16.2021 8
      vertex 89.9722 15.85 0
      vertex 89.9722 15.85 8
    endloop
  endfacet
  facet normal -0.793436 0.608654 0
    outer loop
      vertex 89.7021 13.7979 0
      vertex 89.9722 14.15 8
      vertex 89.9722 14.15 0
    endloop
  endfacet
  facet normal -0.793436 0.608654 0
    outer loop
      vertex 89.9722 14.15 8
      vertex 89.7021 13.7979 0
      vertex 89.7021 13.7979 8
    endloop
  endfacet
  facet normal 0.608654 -0.793436 0
    outer loop
      vertex 87.2979 16.2021 0
      vertex 87.65 16.4722 8
      vertex 87.2979 16.2021 8
    endloop
  endfacet
  facet normal 0.608654 -0.793436 0
    outer loop
      vertex 87.65 16.4722 8
      vertex 87.2979 16.2021 0
      vertex 87.65 16.4722 0
    endloop
  endfacet
  facet normal -0.608654 -0.793436 0
    outer loop
      vertex 89.35 16.4722 0
      vertex 89.7021 16.2021 8
      vertex 89.35 16.4722 8
    endloop
  endfacet
  facet normal -0.608654 -0.793436 -0
    outer loop
      vertex 89.7021 16.2021 8
      vertex 89.35 16.4722 0
      vertex 89.7021 16.2021 0
    endloop
  endfacet
  facet normal 0.793436 -0.608654 0
    outer loop
      vertex 87.0278 15.85 8
      vertex 87.2979 16.2021 0
      vertex 87.2979 16.2021 8
    endloop
  endfacet
  facet normal 0.793436 -0.608654 0
    outer loop
      vertex 87.2979 16.2021 0
      vertex 87.0278 15.85 8
      vertex 87.0278 15.85 0
    endloop
  endfacet
  facet normal 0.382823 0.923822 -0
    outer loop
      vertex 88.06 13.3579 0
      vertex 87.65 13.5278 8
      vertex 88.06 13.3579 8
    endloop
  endfacet
  facet normal 0.382823 0.923822 0
    outer loop
      vertex 87.65 13.5278 8
      vertex 88.06 13.3579 0
      vertex 87.65 13.5278 0
    endloop
  endfacet
  facet normal 0.608654 0.793436 -0
    outer loop
      vertex 87.65 13.5278 0
      vertex 87.2979 13.7979 8
      vertex 87.65 13.5278 8
    endloop
  endfacet
  facet normal 0.608654 0.793436 0
    outer loop
      vertex 87.2979 13.7979 8
      vertex 87.65 13.5278 0
      vertex 87.2979 13.7979 0
    endloop
  endfacet
  facet normal -0.923822 0.382823 0
    outer loop
      vertex 89.9722 14.15 0
      vertex 90.1421 14.56 8
      vertex 90.1421 14.56 0
    endloop
  endfacet
  facet normal -0.923822 0.382823 0
    outer loop
      vertex 90.1421 14.56 8
      vertex 89.9722 14.15 0
      vertex 89.9722 14.15 8
    endloop
  endfacet
  facet normal -0.130466 0.991453 0
    outer loop
      vertex 88.94 13.3579 0
      vertex 88.5 13.3 8
      vertex 88.94 13.3579 8
    endloop
  endfacet
  facet normal -0.130466 0.991453 0
    outer loop
      vertex 88.5 13.3 8
      vertex 88.94 13.3579 0
      vertex 88.5 13.3 0
    endloop
  endfacet
  facet normal -0.608654 0.793436 0
    outer loop
      vertex 89.7021 13.7979 0
      vertex 89.35 13.5278 8
      vertex 89.7021 13.7979 8
    endloop
  endfacet
  facet normal -0.608654 0.793436 0
    outer loop
      vertex 89.35 13.5278 8
      vertex 89.7021 13.7979 0
      vertex 89.35 13.5278 0
    endloop
  endfacet
  facet normal 0.382823 -0.923822 0
    outer loop
      vertex 87.65 16.4722 0
      vertex 88.06 16.6421 8
      vertex 87.65 16.4722 8
    endloop
  endfacet
  facet normal 0.382823 -0.923822 0
    outer loop
      vertex 88.06 16.6421 8
      vertex 87.65 16.4722 0
      vertex 88.06 16.6421 0
    endloop
  endfacet
  facet normal -0.382823 -0.923822 0
    outer loop
      vertex 88.94 16.6421 0
      vertex 89.35 16.4722 8
      vertex 88.94 16.6421 8
    endloop
  endfacet
  facet normal -0.382823 -0.923822 -0
    outer loop
      vertex 89.35 16.4722 8
      vertex 88.94 16.6421 0
      vertex 89.35 16.4722 0
    endloop
  endfacet
  facet normal 0.923822 -0.382823 0
    outer loop
      vertex 86.8579 15.44 8
      vertex 87.0278 15.85 0
      vertex 87.0278 15.85 8
    endloop
  endfacet
  facet normal 0.923822 -0.382823 0
    outer loop
      vertex 87.0278 15.85 0
      vertex 86.8579 15.44 8
      vertex 86.8579 15.44 0
    endloop
  endfacet
  facet normal -0.130466 -0.991453 0
    outer loop
      vertex 88.5 16.7 0
      vertex 88.94 16.6421 8
      vertex 88.5 16.7 8
    endloop
  endfacet
  facet normal -0.130466 -0.991453 -0
    outer loop
      vertex 88.94 16.6421 8
      vertex 88.5 16.7 0
      vertex 88.94 16.6421 0
    endloop
  endfacet
  facet normal -0.991453 0.130466 0
    outer loop
      vertex 90.1421 14.56 0
      vertex 90.2 15 8
      vertex 90.2 15 0
    endloop
  endfacet
  facet normal -0.991453 0.130466 0
    outer loop
      vertex 90.2 15 8
      vertex 90.1421 14.56 0
      vertex 90.1421 14.56 8
    endloop
  endfacet
  facet normal 0.923822 0.382823 0
    outer loop
      vertex 87.0278 14.15 8
      vertex 86.8579 14.56 0
      vertex 86.8579 14.56 8
    endloop
  endfacet
  facet normal 0.923822 0.382823 0
    outer loop
      vertex 86.8579 14.56 0
      vertex 87.0278 14.15 8
      vertex 87.0278 14.15 0
    endloop
  endfacet
  facet normal 0.130466 0.991453 -0
    outer loop
      vertex 88.5 13.3 0
      vertex 88.06 13.3579 8
      vertex 88.5 13.3 8
    endloop
  endfacet
  facet normal 0.130466 0.991453 0
    outer loop
      vertex 88.06 13.3579 8
      vertex 88.5 13.3 0
      vertex 88.06 13.3579 0
    endloop
  endfacet
  facet normal 0.991453 0.130466 0
    outer loop
      vertex 86.8579 14.56 8
      vertex 86.8 15 0
      vertex 86.8 15 8
    endloop
  endfacet
  facet normal 0.991453 0.130466 0
    outer loop
      vertex 86.8 15 0
      vertex 86.8579 14.56 8
      vertex 86.8579 14.56 0
    endloop
  endfacet
  facet normal 0.793436 0.608654 0
    outer loop
      vertex 87.2979 13.7979 8
      vertex 87.0278 14.15 0
      vertex 87.0278 14.15 8
    endloop
  endfacet
  facet normal 0.793436 0.608654 0
    outer loop
      vertex 87.0278 14.15 0
      vertex 87.2979 13.7979 8
      vertex 87.2979 13.7979 0
    endloop
  endfacet
  facet normal 0.991453 -0.130466 0
    outer loop
      vertex 86.8 15 8
      vertex 86.8579 15.44 0
      vertex 86.8579 15.44 8
    endloop
  endfacet
  facet normal 0.991453 -0.130466 0
    outer loop
      vertex 86.8579 15.44 0
      vertex 86.8 15 8
      vertex 86.8 15 0
    endloop
  endfacet
  facet normal 0 1 0
    outer loop
      vertex 84.5 -3 8
      vertex 80.9192 -3 7.81924
      vertex 80.6837 -3 8
    endloop
  endfacet
  facet normal 0 1 0
    outer loop
      vertex 84.5 -3 8
      vertex 81.1258 -3 7.55
      vertex 80.9192 -3 7.81924
    endloop
  endfacet
  facet normal 0 1 0
    outer loop
      vertex 84.5 -3 8
      vertex 81.2557 -3 7.23646
      vertex 81.1258 -3 7.55
    endloop
  endfacet
  facet normal 0 1 0
    outer loop
      vertex 84.5 -3 8
      vertex 81.3 -3 6.9
      vertex 81.2557 -3 7.23646
    endloop
  endfacet
  facet normal 0 1 0
    outer loop
      vertex 84.5 -3 8
      vertex 81.2557 -3 6.56354
      vertex 81.3 -3 6.9
    endloop
  endfacet
  facet normal 0 1 0
    outer loop
      vertex 84.5 -3 8
      vertex 81.1258 -3 6.25
      vertex 81.2557 -3 6.56354
    endloop
  endfacet
  facet normal 0 1 -0
    outer loop
      vertex 84.5 -3 0
      vertex 81.1258 -3 6.25
      vertex 84.5 -3 8
    endloop
  endfacet
  facet normal 0 1 0
    outer loop
      vertex 81.1258 -3 6.25
      vertex 84.5 -3 0
      vertex 80.9192 -3 5.98076
    endloop
  endfacet
  facet normal 0 1 0
    outer loop
      vertex 80.3365 -3 5.6443
      vertex 84.5 -3 0
      vertex 80 -3 5.6
    endloop
  endfacet
  facet normal 0 1 0
    outer loop
      vertex 80.65 -3 5.77417
      vertex 84.5 -3 0
      vertex 80.3365 -3 5.6443
    endloop
  endfacet
  facet normal 0 1 0
    outer loop
      vertex 80.9192 -3 5.98076
      vertex 84.5 -3 0
      vertex 80.65 -3 5.77417
    endloop
  endfacet
  facet normal 0 1 -0
    outer loop
      vertex 79.0808 -3 7.81924
      vertex 75.5 -3 8
      vertex 79.3163 -3 8
    endloop
  endfacet
  facet normal 0 1 -0
    outer loop
      vertex 78.8742 -3 7.55
      vertex 75.5 -3 8
      vertex 79.0808 -3 7.81924
    endloop
  endfacet
  facet normal 0 1 -0
    outer loop
      vertex 78.7443 -3 7.23646
      vertex 75.5 -3 8
      vertex 78.8742 -3 7.55
    endloop
  endfacet
  facet normal 0 1 -0
    outer loop
      vertex 78.7 -3 6.9
      vertex 75.5 -3 8
      vertex 78.7443 -3 7.23646
    endloop
  endfacet
  facet normal 0 1 0
    outer loop
      vertex 78.7443 -3 6.56354
      vertex 75.5 -3 8
      vertex 78.7 -3 6.9
    endloop
  endfacet
  facet normal 0 1 0
    outer loop
      vertex 78.8742 -3 6.25
      vertex 75.5 -3 8
      vertex 78.7443 -3 6.56354
    endloop
  endfacet
  facet normal 0 1 0
    outer loop
      vertex 75.5 -3 0
      vertex 78.8742 -3 6.25
      vertex 79.0808 -3 5.98076
    endloop
  endfacet
  facet normal 0 1 0
    outer loop
      vertex 75.5 -3 0
      vertex 79.0808 -3 5.98076
      vertex 79.35 -3 5.77417
    endloop
  endfacet
  facet normal 0 1 0
    outer loop
      vertex 75.5 -3 0
      vertex 80 -3 5.6
      vertex 84.5 -3 0
    endloop
  endfacet
  facet normal 0 1 0
    outer loop
      vertex 80 -3 5.6
      vertex 75.5 -3 0
      vertex 79.6635 -3 5.6443
    endloop
  endfacet
  facet normal 0 1 0
    outer loop
      vertex 79.6635 -3 5.6443
      vertex 75.5 -3 0
      vertex 79.35 -3 5.77417
    endloop
  endfacet
  facet normal 0 1 0
    outer loop
      vertex 78.8742 -3 6.25
      vertex 75.5 -3 0
      vertex 75.5 -3 8
    endloop
  endfacet
  facet normal -0.923822 -0.382823 0
    outer loop
      vertex 73.1421 40.44 2.5
      vertex 72.9722 40.85 7.5
      vertex 72.9722 40.85 2.5
    endloop
  endfacet
  facet normal -0.923822 -0.382823 0
    outer loop
      vertex 72.9722 40.85 7.5
      vertex 73.1421 40.44 2.5
      vertex 73.1421 40.44 7.5
    endloop
  endfacet
  facet normal -0.991453 -0.130466 0
    outer loop
      vertex 73.2 40 2.5
      vertex 73.1421 40.44 7.5
      vertex 73.1421 40.44 2.5
    endloop
  endfacet
  facet normal -0.991453 -0.130466 0
    outer loop
      vertex 73.1421 40.44 7.5
      vertex 73.2 40 2.5
      vertex 73.2 40 7.5
    endloop
  endfacet
  facet normal -0.793436 -0.608654 0
    outer loop
      vertex 72.9722 40.85 2.5
      vertex 72.7021 41.2021 7.5
      vertex 72.7021 41.2021 2.5
    endloop
  endfacet
  facet normal -0.793436 -0.608654 0
    outer loop
      vertex 72.7021 41.2021 7.5
      vertex 72.9722 40.85 2.5
      vertex 72.9722 40.85 7.5
    endloop
  endfacet
  facet normal -0.793436 0.608654 0
    outer loop
      vertex 72.7021 38.7979 2.5
      vertex 72.9722 39.15 7.5
      vertex 72.9722 39.15 2.5
    endloop
  endfacet
  facet normal -0.793436 0.608654 0
    outer loop
      vertex 72.9722 39.15 7.5
      vertex 72.7021 38.7979 2.5
      vertex 72.7021 38.7979 7.5
    endloop
  endfacet
  facet normal -0.130466 -0.991453 0
    outer loop
      vertex 71.5 41.7 2.5
      vertex 71.94 41.6421 7.5
      vertex 71.5 41.7 7.5
    endloop
  endfacet
  facet normal -0.130466 -0.991453 -0
    outer loop
      vertex 71.94 41.6421 7.5
      vertex 71.5 41.7 2.5
      vertex 71.94 41.6421 2.5
    endloop
  endfacet
  facet normal -0.991453 0.130466 0
    outer loop
      vertex 73.1421 39.56 2.5
      vertex 73.2 40 7.5
      vertex 73.2 40 2.5
    endloop
  endfacet
  facet normal -0.991453 0.130466 0
    outer loop
      vertex 73.2 40 7.5
      vertex 73.1421 39.56 2.5
      vertex 73.1421 39.56 7.5
    endloop
  endfacet
  facet normal 0.991453 -0.130466 0
    outer loop
      vertex 69.8 40 7.5
      vertex 69.8579 40.44 2.5
      vertex 69.8579 40.44 7.5
    endloop
  endfacet
  facet normal 0.991453 -0.130466 0
    outer loop
      vertex 69.8579 40.44 2.5
      vertex 69.8 40 7.5
      vertex 69.8 40 2.5
    endloop
  endfacet
  facet normal 0.130466 0.991453 -0
    outer loop
      vertex 71.5 38.3 2.5
      vertex 71.06 38.3579 7.5
      vertex 71.5 38.3 7.5
    endloop
  endfacet
  facet normal 0.130466 0.991453 0
    outer loop
      vertex 71.06 38.3579 7.5
      vertex 71.5 38.3 2.5
      vertex 71.06 38.3579 2.5
    endloop
  endfacet
  facet normal -0.608654 -0.793436 0
    outer loop
      vertex 72.35 41.4722 2.5
      vertex 72.7021 41.2021 7.5
      vertex 72.35 41.4722 7.5
    endloop
  endfacet
  facet normal -0.608654 -0.793436 -0
    outer loop
      vertex 72.7021 41.2021 7.5
      vertex 72.35 41.4722 2.5
      vertex 72.7021 41.2021 2.5
    endloop
  endfacet
  facet normal 0.130466 -0.991453 0
    outer loop
      vertex 71.06 41.6421 2.5
      vertex 71.5 41.7 7.5
      vertex 71.06 41.6421 7.5
    endloop
  endfacet
  facet normal 0.130466 -0.991453 0
    outer loop
      vertex 71.5 41.7 7.5
      vertex 71.06 41.6421 2.5
      vertex 71.5 41.7 2.5
    endloop
  endfacet
  facet normal 0.382823 0.923822 -0
    outer loop
      vertex 71.06 38.3579 2.5
      vertex 70.65 38.5278 7.5
      vertex 71.06 38.3579 7.5
    endloop
  endfacet
  facet normal 0.382823 0.923822 0
    outer loop
      vertex 70.65 38.5278 7.5
      vertex 71.06 38.3579 2.5
      vertex 70.65 38.5278 2.5
    endloop
  endfacet
  facet normal 0.923822 0.382823 0
    outer loop
      vertex 70.0278 39.15 7.5
      vertex 69.8579 39.56 2.5
      vertex 69.8579 39.56 7.5
    endloop
  endfacet
  facet normal 0.923822 0.382823 0
    outer loop
      vertex 69.8579 39.56 2.5
      vertex 70.0278 39.15 7.5
      vertex 70.0278 39.15 2.5
    endloop
  endfacet
  facet normal 0.608654 0.793436 -0
    outer loop
      vertex 70.65 38.5278 2.5
      vertex 70.2979 38.7979 7.5
      vertex 70.65 38.5278 7.5
    endloop
  endfacet
  facet normal 0.608654 0.793436 0
    outer loop
      vertex 70.2979 38.7979 7.5
      vertex 70.65 38.5278 2.5
      vertex 70.2979 38.7979 2.5
    endloop
  endfacet
  facet normal -0.923822 0.382823 0
    outer loop
      vertex 72.9722 39.15 2.5
      vertex 73.1421 39.56 7.5
      vertex 73.1421 39.56 2.5
    endloop
  endfacet
  facet normal -0.923822 0.382823 0
    outer loop
      vertex 73.1421 39.56 7.5
      vertex 72.9722 39.15 2.5
      vertex 72.9722 39.15 7.5
    endloop
  endfacet
  facet normal -0.130466 0.991453 0
    outer loop
      vertex 71.94 38.3579 2.5
      vertex 71.5 38.3 7.5
      vertex 71.94 38.3579 7.5
    endloop
  endfacet
  facet normal -0.130466 0.991453 0
    outer loop
      vertex 71.5 38.3 7.5
      vertex 71.94 38.3579 2.5
      vertex 71.5 38.3 2.5
    endloop
  endfacet
  facet normal -0.382823 -0.923822 0
    outer loop
      vertex 71.94 41.6421 2.5
      vertex 72.35 41.4722 7.5
      vertex 71.94 41.6421 7.5
    endloop
  endfacet
  facet normal -0.382823 -0.923822 -0
    outer loop
      vertex 72.35 41.4722 7.5
      vertex 71.94 41.6421 2.5
      vertex 72.35 41.4722 2.5
    endloop
  endfacet
  facet normal 0.793436 -0.608654 0
    outer loop
      vertex 70.0278 40.85 7.5
      vertex 70.2979 41.2021 2.5
      vertex 70.2979 41.2021 7.5
    endloop
  endfacet
  facet normal 0.793436 -0.608654 0
    outer loop
      vertex 70.2979 41.2021 2.5
      vertex 70.0278 40.85 7.5
      vertex 70.0278 40.85 2.5
    endloop
  endfacet
  facet normal 0.991453 0.130466 0
    outer loop
      vertex 69.8579 39.56 7.5
      vertex 69.8 40 2.5
      vertex 69.8 40 7.5
    endloop
  endfacet
  facet normal 0.991453 0.130466 0
    outer loop
      vertex 69.8 40 2.5
      vertex 69.8579 39.56 7.5
      vertex 69.8579 39.56 2.5
    endloop
  endfacet
  facet normal -0.608654 0.793436 0
    outer loop
      vertex 72.7021 38.7979 2.5
      vertex 72.35 38.5278 7.5
      vertex 72.7021 38.7979 7.5
    endloop
  endfacet
  facet normal -0.608654 0.793436 0
    outer loop
      vertex 72.35 38.5278 7.5
      vertex 72.7021 38.7979 2.5
      vertex 72.35 38.5278 2.5
    endloop
  endfacet
  facet normal 0.923822 -0.382823 0
    outer loop
      vertex 69.8579 40.44 7.5
      vertex 70.0278 40.85 2.5
      vertex 70.0278 40.85 7.5
    endloop
  endfacet
  facet normal 0.923822 -0.382823 0
    outer loop
      vertex 70.0278 40.85 2.5
      vertex 69.8579 40.44 7.5
      vertex 69.8579 40.44 2.5
    endloop
  endfacet
  facet normal 0.793436 0.608654 0
    outer loop
      vertex 70.2979 38.7979 7.5
      vertex 70.0278 39.15 2.5
      vertex 70.0278 39.15 7.5
    endloop
  endfacet
  facet normal 0.793436 0.608654 0
    outer loop
      vertex 70.0278 39.15 2.5
      vertex 70.2979 38.7979 7.5
      vertex 70.2979 38.7979 2.5
    endloop
  endfacet
  facet normal -0.382823 0.923822 0
    outer loop
      vertex 72.35 38.5278 2.5
      vertex 71.94 38.3579 7.5
      vertex 72.35 38.5278 7.5
    endloop
  endfacet
  facet normal -0.382823 0.923822 0
    outer loop
      vertex 71.94 38.3579 7.5
      vertex 72.35 38.5278 2.5
      vertex 71.94 38.3579 2.5
    endloop
  endfacet
  facet normal 0.608654 -0.793436 0
    outer loop
      vertex 70.2979 41.2021 2.5
      vertex 70.65 41.4722 7.5
      vertex 70.2979 41.2021 7.5
    endloop
  endfacet
  facet normal 0.608654 -0.793436 0
    outer loop
      vertex 70.65 41.4722 7.5
      vertex 70.2979 41.2021 2.5
      vertex 70.65 41.4722 2.5
    endloop
  endfacet
  facet normal 0.382823 -0.923822 0
    outer loop
      vertex 70.65 41.4722 2.5
      vertex 71.06 41.6421 7.5
      vertex 70.65 41.4722 7.5
    endloop
  endfacet
  facet normal 0.382823 -0.923822 0
    outer loop
      vertex 71.06 41.6421 7.5
      vertex 70.65 41.4722 2.5
      vertex 71.06 41.6421 2.5
    endloop
  endfacet
  facet normal 0.923822 0.382823 0
    outer loop
      vertex 87.0278 39.15 7.5
      vertex 86.8579 39.56 2.5
      vertex 86.8579 39.56 7.5
    endloop
  endfacet
  facet normal 0.923822 0.382823 0
    outer loop
      vertex 86.8579 39.56 2.5
      vertex 87.0278 39.15 7.5
      vertex 87.0278 39.15 2.5
    endloop
  endfacet
  facet normal -0.923822 -0.382823 0
    outer loop
      vertex 90.1421 40.44 2.5
      vertex 89.9722 40.85 7.5
      vertex 89.9722 40.85 2.5
    endloop
  endfacet
  facet normal -0.923822 -0.382823 0
    outer loop
      vertex 89.9722 40.85 7.5
      vertex 90.1421 40.44 2.5
      vertex 90.1421 40.44 7.5
    endloop
  endfacet
  facet normal -0.991453 -0.130466 0
    outer loop
      vertex 90.2 40 2.5
      vertex 90.1421 40.44 7.5
      vertex 90.1421 40.44 2.5
    endloop
  endfacet
  facet normal -0.991453 -0.130466 0
    outer loop
      vertex 90.1421 40.44 7.5
      vertex 90.2 40 2.5
      vertex 90.2 40 7.5
    endloop
  endfacet
  facet normal -0.793436 -0.608654 0
    outer loop
      vertex 89.9722 40.85 2.5
      vertex 89.7021 41.2021 7.5
      vertex 89.7021 41.2021 2.5
    endloop
  endfacet
  facet normal -0.793436 -0.608654 0
    outer loop
      vertex 89.7021 41.2021 7.5
      vertex 89.9722 40.85 2.5
      vertex 89.9722 40.85 7.5
    endloop
  endfacet
  facet normal -0.608654 -0.793436 0
    outer loop
      vertex 89.35 41.4722 2.5
      vertex 89.7021 41.2021 7.5
      vertex 89.35 41.4722 7.5
    endloop
  endfacet
  facet normal -0.608654 -0.793436 -0
    outer loop
      vertex 89.7021 41.2021 7.5
      vertex 89.35 41.4722 2.5
      vertex 89.7021 41.2021 2.5
    endloop
  endfacet
  facet normal -0.130466 -0.991453 0
    outer loop
      vertex 88.5 41.7 2.5
      vertex 88.94 41.6421 7.5
      vertex 88.5 41.7 7.5
    endloop
  endfacet
  facet normal -0.130466 -0.991453 -0
    outer loop
      vertex 88.94 41.6421 7.5
      vertex 88.5 41.7 2.5
      vertex 88.94 41.6421 2.5
    endloop
  endfacet
  facet normal 0.991453 -0.130466 0
    outer loop
      vertex 86.8 40 7.5
      vertex 86.8579 40.44 2.5
      vertex 86.8579 40.44 7.5
    endloop
  endfacet
  facet normal 0.991453 -0.130466 0
    outer loop
      vertex 86.8579 40.44 2.5
      vertex 86.8 40 7.5
      vertex 86.8 40 2.5
    endloop
  endfacet
  facet normal 0.382823 0.923822 -0
    outer loop
      vertex 88.06 38.3579 2.5
      vertex 87.65 38.5278 7.5
      vertex 88.06 38.3579 7.5
    endloop
  endfacet
  facet normal 0.382823 0.923822 0
    outer loop
      vertex 87.65 38.5278 7.5
      vertex 88.06 38.3579 2.5
      vertex 87.65 38.5278 2.5
    endloop
  endfacet
  facet normal -0.382823 0.923822 0
    outer loop
      vertex 89.35 38.5278 2.5
      vertex 88.94 38.3579 7.5
      vertex 89.35 38.5278 7.5
    endloop
  endfacet
  facet normal -0.382823 0.923822 0
    outer loop
      vertex 88.94 38.3579 7.5
      vertex 89.35 38.5278 2.5
      vertex 88.94 38.3579 2.5
    endloop
  endfacet
  facet normal 0.793436 -0.608654 0
    outer loop
      vertex 87.0278 40.85 7.5
      vertex 87.2979 41.2021 2.5
      vertex 87.2979 41.2021 7.5
    endloop
  endfacet
  facet normal 0.793436 -0.608654 0
    outer loop
      vertex 87.2979 41.2021 2.5
      vertex 87.0278 40.85 7.5
      vertex 87.0278 40.85 2.5
    endloop
  endfacet
  facet normal 0.608654 -0.793436 0
    outer loop
      vertex 87.2979 41.2021 2.5
      vertex 87.65 41.4722 7.5
      vertex 87.2979 41.2021 7.5
    endloop
  endfacet
  facet normal 0.608654 -0.793436 0
    outer loop
      vertex 87.65 41.4722 7.5
      vertex 87.2979 41.2021 2.5
      vertex 87.65 41.4722 2.5
    endloop
  endfacet
  facet normal -0.382823 -0.923822 0
    outer loop
      vertex 88.94 41.6421 2.5
      vertex 89.35 41.4722 7.5
      vertex 88.94 41.6421 7.5
    endloop
  endfacet
  facet normal -0.382823 -0.923822 -0
    outer loop
      vertex 89.35 41.4722 7.5
      vertex 88.94 41.6421 2.5
      vertex 89.35 41.4722 2.5
    endloop
  endfacet
  facet normal -0.991453 0.130466 0
    outer loop
      vertex 90.1421 39.56 2.5
      vertex 90.2 40 7.5
      vertex 90.2 40 2.5
    endloop
  endfacet
  facet normal -0.991453 0.130466 0
    outer loop
      vertex 90.2 40 7.5
      vertex 90.1421 39.56 2.5
      vertex 90.1421 39.56 7.5
    endloop
  endfacet
  facet normal 0.130466 -0.991453 0
    outer loop
      vertex 88.06 41.6421 2.5
      vertex 88.5 41.7 7.5
      vertex 88.06 41.6421 7.5
    endloop
  endfacet
  facet normal 0.130466 -0.991453 0
    outer loop
      vertex 88.5 41.7 7.5
      vertex 88.06 41.6421 2.5
      vertex 88.5 41.7 2.5
    endloop
  endfacet
  facet normal 0.382823 -0.923822 0
    outer loop
      vertex 87.65 41.4722 2.5
      vertex 88.06 41.6421 7.5
      vertex 87.65 41.4722 7.5
    endloop
  endfacet
  facet normal 0.382823 -0.923822 0
    outer loop
      vertex 88.06 41.6421 7.5
      vertex 87.65 41.4722 2.5
      vertex 88.06 41.6421 2.5
    endloop
  endfacet
  facet normal -0.793436 0.608654 0
    outer loop
      vertex 89.7021 38.7979 2.5
      vertex 89.9722 39.15 7.5
      vertex 89.9722 39.15 2.5
    endloop
  endfacet
  facet normal -0.793436 0.608654 0
    outer loop
      vertex 89.9722 39.15 7.5
      vertex 89.7021 38.7979 2.5
      vertex 89.7021 38.7979 7.5
    endloop
  endfacet
  facet normal 0.923822 -0.382823 0
    outer loop
      vertex 86.8579 40.44 7.5
      vertex 87.0278 40.85 2.5
      vertex 87.0278 40.85 7.5
    endloop
  endfacet
  facet normal 0.923822 -0.382823 0
    outer loop
      vertex 87.0278 40.85 2.5
      vertex 86.8579 40.44 7.5
      vertex 86.8579 40.44 2.5
    endloop
  endfacet
  facet normal -0.130466 0.991453 0
    outer loop
      vertex 88.94 38.3579 2.5
      vertex 88.5 38.3 7.5
      vertex 88.94 38.3579 7.5
    endloop
  endfacet
  facet normal -0.130466 0.991453 0
    outer loop
      vertex 88.5 38.3 7.5
      vertex 88.94 38.3579 2.5
      vertex 88.5 38.3 2.5
    endloop
  endfacet
  facet normal 0.608654 0.793436 -0
    outer loop
      vertex 87.65 38.5278 2.5
      vertex 87.2979 38.7979 7.5
      vertex 87.65 38.5278 7.5
    endloop
  endfacet
  facet normal 0.608654 0.793436 0
    outer loop
      vertex 87.2979 38.7979 7.5
      vertex 87.65 38.5278 2.5
      vertex 87.2979 38.7979 2.5
    endloop
  endfacet
  facet normal 0.991453 0.130466 0
    outer loop
      vertex 86.8579 39.56 7.5
      vertex 86.8 40 2.5
      vertex 86.8 40 7.5
    endloop
  endfacet
  facet normal 0.991453 0.130466 0
    outer loop
      vertex 86.8 40 2.5
      vertex 86.8579 39.56 7.5
      vertex 86.8579 39.56 2.5
    endloop
  endfacet
  facet normal -0.608654 0.793436 0
    outer loop
      vertex 89.7021 38.7979 2.5
      vertex 89.35 38.5278 7.5
      vertex 89.7021 38.7979 7.5
    endloop
  endfacet
  facet normal -0.608654 0.793436 0
    outer loop
      vertex 89.35 38.5278 7.5
      vertex 89.7021 38.7979 2.5
      vertex 89.35 38.5278 2.5
    endloop
  endfacet
  facet normal 0.793436 0.608654 0
    outer loop
      vertex 87.2979 38.7979 7.5
      vertex 87.0278 39.15 2.5
      vertex 87.0278 39.15 7.5
    endloop
  endfacet
  facet normal 0.793436 0.608654 0
    outer loop
      vertex 87.0278 39.15 2.5
      vertex 87.2979 38.7979 7.5
      vertex 87.2979 38.7979 2.5
    endloop
  endfacet
  facet normal -0.923822 0.382823 0
    outer loop
      vertex 89.9722 39.15 2.5
      vertex 90.1421 39.56 7.5
      vertex 90.1421 39.56 2.5
    endloop
  endfacet
  facet normal -0.923822 0.382823 0
    outer loop
      vertex 90.1421 39.56 7.5
      vertex 89.9722 39.15 2.5
      vertex 89.9722 39.15 7.5
    endloop
  endfacet
  facet normal 0.130466 0.991453 -0
    outer loop
      vertex 88.5 38.3 2.5
      vertex 88.06 38.3579 7.5
      vertex 88.5 38.3 7.5
    endloop
  endfacet
  facet normal 0.130466 0.991453 0
    outer loop
      vertex 88.06 38.3579 7.5
      vertex 88.5 38.3 2.5
      vertex 88.06 38.3579 2.5
    endloop
  endfacet
  facet normal 1 -0 0
    outer loop
      vertex 92.5 36 7.5
      vertex 92.5 44 2.5
      vertex 92.5 44 7.5
    endloop
  endfacet
  facet normal 1 0 0
    outer loop
      vertex 92.5 44 2.5
      vertex 92.5 36 7.5
      vertex 92.5 36 2.5
    endloop
  endfacet
  facet normal 0 0 1
    outer loop
      vertex 92.5 44 7.5
      vertex 90.2 40 7.5
      vertex 92.5 36 7.5
    endloop
  endfacet
  facet normal 0 0 1
    outer loop
      vertex 92.5 44 7.5
      vertex 90.1421 40.44 7.5
      vertex 90.2 40 7.5
    endloop
  endfacet
  facet normal 0 0 1
    outer loop
      vertex 92.5 44 7.5
      vertex 89.9722 40.85 7.5
      vertex 90.1421 40.44 7.5
    endloop
  endfacet
  facet normal 0 0 1
    outer loop
      vertex 92.5 44 7.5
      vertex 89.7021 41.2021 7.5
      vertex 89.9722 40.85 7.5
    endloop
  endfacet
  facet normal 0 0 1
    outer loop
      vertex 92.5 44 7.5
      vertex 89.35 41.4722 7.5
      vertex 89.7021 41.2021 7.5
    endloop
  endfacet
  facet normal 0 0 1
    outer loop
      vertex 92.5 44 7.5
      vertex 88.94 41.6421 7.5
      vertex 89.35 41.4722 7.5
    endloop
  endfacet
  facet normal 0 0 1
    outer loop
      vertex 92.5 44 7.5
      vertex 88.5 41.7 7.5
      vertex 88.94 41.6421 7.5
    endloop
  endfacet
  facet normal 0 0 1
    outer loop
      vertex 92.5 44 7.5
      vertex 88.06 41.6421 7.5
      vertex 88.5 41.7 7.5
    endloop
  endfacet
  facet normal 0 0 1
    outer loop
      vertex 71.94 41.6421 7.5
      vertex 88.06 41.6421 7.5
      vertex 92.5 44 7.5
    endloop
  endfacet
  facet normal 0 0 1
    outer loop
      vertex 86.8579 40.44 7.5
      vertex 73.2 40 7.5
      vertex 86.8 40 7.5
    endloop
  endfacet
  facet normal 0 0 1
    outer loop
      vertex 73.1421 40.44 7.5
      vertex 86.8579 40.44 7.5
      vertex 87.0278 40.85 7.5
    endloop
  endfacet
  facet normal 0 0 1
    outer loop
      vertex 72.9722 40.85 7.5
      vertex 87.0278 40.85 7.5
      vertex 87.2979 41.2021 7.5
    endloop
  endfacet
  facet normal 0 0 1
    outer loop
      vertex 72.7021 41.2021 7.5
      vertex 87.2979 41.2021 7.5
      vertex 87.65 41.4722 7.5
    endloop
  endfacet
  facet normal 0 0 1
    outer loop
      vertex 88.06 41.6421 7.5
      vertex 71.94 41.6421 7.5
      vertex 87.65 41.4722 7.5
    endloop
  endfacet
  facet normal 0 0 1
    outer loop
      vertex 86.8579 40.44 7.5
      vertex 73.1421 40.44 7.5
      vertex 73.2 40 7.5
    endloop
  endfacet
  facet normal 0 0 1
    outer loop
      vertex 87.0278 40.85 7.5
      vertex 72.9722 40.85 7.5
      vertex 73.1421 40.44 7.5
    endloop
  endfacet
  facet normal 0 0 1
    outer loop
      vertex 87.2979 41.2021 7.5
      vertex 72.7021 41.2021 7.5
      vertex 72.9722 40.85 7.5
    endloop
  endfacet
  facet normal 0 0 1
    outer loop
      vertex 87.65 41.4722 7.5
      vertex 72.35 41.4722 7.5
      vertex 72.7021 41.2021 7.5
    endloop
  endfacet
  facet normal 0 0 1
    outer loop
      vertex 87.65 41.4722 7.5
      vertex 71.94 41.6421 7.5
      vertex 72.35 41.4722 7.5
    endloop
  endfacet
  facet normal -0 0 1
    outer loop
      vertex 67.5 44 7.5
      vertex 71.94 41.6421 7.5
      vertex 92.5 44 7.5
    endloop
  endfacet
  facet normal 0 0 1
    outer loop
      vertex 69.8579 40.44 7.5
      vertex 67.5 44 7.5
      vertex 69.8 40 7.5
    endloop
  endfacet
  facet normal 0 0 1
    outer loop
      vertex 70.0278 40.85 7.5
      vertex 67.5 44 7.5
      vertex 69.8579 40.44 7.5
    endloop
  endfacet
  facet normal 0 0 1
    outer loop
      vertex 70.2979 41.2021 7.5
      vertex 67.5 44 7.5
      vertex 70.0278 40.85 7.5
    endloop
  endfacet
  facet normal 0 0 1
    outer loop
      vertex 70.65 41.4722 7.5
      vertex 67.5 44 7.5
      vertex 70.2979 41.2021 7.5
    endloop
  endfacet
  facet normal 0 0 1
    outer loop
      vertex 71.06 41.6421 7.5
      vertex 67.5 44 7.5
      vertex 70.65 41.4722 7.5
    endloop
  endfacet
  facet normal 0 0 1
    outer loop
      vertex 71.5 41.7 7.5
      vertex 67.5 44 7.5
      vertex 71.06 41.6421 7.5
    endloop
  endfacet
  facet normal 0 0 1
    outer loop
      vertex 71.94 41.6421 7.5
      vertex 67.5 44 7.5
      vertex 71.5 41.7 7.5
    endloop
  endfacet
  facet normal -0 0 1
    outer loop
      vertex 90.1421 39.56 7.5
      vertex 92.5 36 7.5
      vertex 90.2 40 7.5
    endloop
  endfacet
  facet normal -0 0 1
    outer loop
      vertex 89.9722 39.15 7.5
      vertex 92.5 36 7.5
      vertex 90.1421 39.56 7.5
    endloop
  endfacet
  facet normal -0 0 1
    outer loop
      vertex 89.7021 38.7979 7.5
      vertex 92.5 36 7.5
      vertex 89.9722 39.15 7.5
    endloop
  endfacet
  facet normal -0 0 1
    outer loop
      vertex 89.35 38.5278 7.5
      vertex 92.5 36 7.5
      vertex 89.7021 38.7979 7.5
    endloop
  endfacet
  facet normal -0 0 1
    outer loop
      vertex 88.94 38.3579 7.5
      vertex 92.5 36 7.5
      vertex 89.35 38.5278 7.5
    endloop
  endfacet
  facet normal -0 0 1
    outer loop
      vertex 88.5 38.3 7.5
      vertex 92.5 36 7.5
      vertex 88.94 38.3579 7.5
    endloop
  endfacet
  facet normal 0 0 1
    outer loop
      vertex 88.06 38.3579 7.5
      vertex 92.5 36 7.5
      vertex 88.5 38.3 7.5
    endloop
  endfacet
  facet normal 0 0 1
    outer loop
      vertex 71.94 38.3579 7.5
      vertex 88.06 38.3579 7.5
      vertex 87.65 38.5278 7.5
    endloop
  endfacet
  facet normal -0 0 1
    outer loop
      vertex 73.2 40 7.5
      vertex 86.8579 39.56 7.5
      vertex 86.8 40 7.5
    endloop
  endfacet
  facet normal 0 0 1
    outer loop
      vertex 73.1421 39.56 7.5
      vertex 86.8579 39.56 7.5
      vertex 73.2 40 7.5
    endloop
  endfacet
  facet normal 0 0 1
    outer loop
      vertex 86.8579 39.56 7.5
      vertex 73.1421 39.56 7.5
      vertex 87.0278 39.15 7.5
    endloop
  endfacet
  facet normal 0 0 1
    outer loop
      vertex 72.9722 39.15 7.5
      vertex 87.0278 39.15 7.5
      vertex 73.1421 39.56 7.5
    endloop
  endfacet
  facet normal 0 0 1
    outer loop
      vertex 87.0278 39.15 7.5
      vertex 72.9722 39.15 7.5
      vertex 87.2979 38.7979 7.5
    endloop
  endfacet
  facet normal 0 0 1
    outer loop
      vertex 72.7021 38.7979 7.5
      vertex 87.2979 38.7979 7.5
      vertex 72.9722 39.15 7.5
    endloop
  endfacet
  facet normal 0 0 1
    outer loop
      vertex 87.2979 38.7979 7.5
      vertex 72.7021 38.7979 7.5
      vertex 87.65 38.5278 7.5
    endloop
  endfacet
  facet normal 0 0 1
    outer loop
      vertex 72.35 38.5278 7.5
      vertex 87.65 38.5278 7.5
      vertex 72.7021 38.7979 7.5
    endloop
  endfacet
  facet normal 0 0 1
    outer loop
      vertex 71.94 38.3579 7.5
      vertex 87.65 38.5278 7.5
      vertex 72.35 38.5278 7.5
    endloop
  endfacet
  facet normal 0 0 1
    outer loop
      vertex 88.06 38.3579 7.5
      vertex 71.94 38.3579 7.5
      vertex 92.5 36 7.5
    endloop
  endfacet
  facet normal 0 0 1
    outer loop
      vertex 67.5 36 7.5
      vertex 71.94 38.3579 7.5
      vertex 71.5 38.3 7.5
    endloop
  endfacet
  facet normal 0 0 1
    outer loop
      vertex 67.5 36 7.5
      vertex 69.8 40 7.5
      vertex 67.5 44 7.5
    endloop
  endfacet
  facet normal 0 0 1
    outer loop
      vertex 69.8 40 7.5
      vertex 67.5 36 7.5
      vertex 69.8579 39.56 7.5
    endloop
  endfacet
  facet normal 0 0 1
    outer loop
      vertex 71.94 38.3579 7.5
      vertex 67.5 36 7.5
      vertex 92.5 36 7.5
    endloop
  endfacet
  facet normal 0 0 1
    outer loop
      vertex 71.06 38.3579 7.5
      vertex 67.5 36 7.5
      vertex 71.5 38.3 7.5
    endloop
  endfacet
  facet normal 0 0 1
    outer loop
      vertex 70.65 38.5278 7.5
      vertex 67.5 36 7.5
      vertex 71.06 38.3579 7.5
    endloop
  endfacet
  facet normal 0 0 1
    outer loop
      vertex 70.2979 38.7979 7.5
      vertex 67.5 36 7.5
      vertex 70.65 38.5278 7.5
    endloop
  endfacet
  facet normal 0 0 1
    outer loop
      vertex 70.0278 39.15 7.5
      vertex 67.5 36 7.5
      vertex 70.2979 38.7979 7.5
    endloop
  endfacet
  facet normal 0 0 1
    outer loop
      vertex 69.8579 39.56 7.5
      vertex 67.5 36 7.5
      vertex 70.0278 39.15 7.5
    endloop
  endfacet
  facet normal 0 0 -1
    outer loop
      vertex 92.5 36 2.5
      vertex 90.2 40 2.5
      vertex 92.5 44 2.5
    endloop
  endfacet
  facet normal 0 0 -1
    outer loop
      vertex 92.5 36 2.5
      vertex 90.1421 39.56 2.5
      vertex 90.2 40 2.5
    endloop
  endfacet
  facet normal 0 0 -1
    outer loop
      vertex 92.5 36 2.5
      vertex 89.9722 39.15 2.5
      vertex 90.1421 39.56 2.5
    endloop
  endfacet
  facet normal 0 0 -1
    outer loop
      vertex 92.5 36 2.5
      vertex 89.7021 38.7979 2.5
      vertex 89.9722 39.15 2.5
    endloop
  endfacet
  facet normal 0 0 -1
    outer loop
      vertex 92.5 36 2.5
      vertex 89.35 38.5278 2.5
      vertex 89.7021 38.7979 2.5
    endloop
  endfacet
  facet normal 0 0 -1
    outer loop
      vertex 92.5 36 2.5
      vertex 88.94 38.3579 2.5
      vertex 89.35 38.5278 2.5
    endloop
  endfacet
  facet normal 0 0 -1
    outer loop
      vertex 92.5 36 2.5
      vertex 88.5 38.3 2.5
      vertex 88.94 38.3579 2.5
    endloop
  endfacet
  facet normal 0 0 -1
    outer loop
      vertex 92.5 36 2.5
      vertex 88.06 38.3579 2.5
      vertex 88.5 38.3 2.5
    endloop
  endfacet
  facet normal 0 0 -1
    outer loop
      vertex 71.94 38.3579 2.5
      vertex 88.06 38.3579 2.5
      vertex 92.5 36 2.5
    endloop
  endfacet
  facet normal 0 0 -1
    outer loop
      vertex 86.8579 39.56 2.5
      vertex 73.2 40 2.5
      vertex 86.8 40 2.5
    endloop
  endfacet
  facet normal 0 0 -1
    outer loop
      vertex 73.1421 39.56 2.5
      vertex 86.8579 39.56 2.5
      vertex 87.0278 39.15 2.5
    endloop
  endfacet
  facet normal 0 0 -1
    outer loop
      vertex 72.9722 39.15 2.5
      vertex 87.0278 39.15 2.5
      vertex 87.2979 38.7979 2.5
    endloop
  endfacet
  facet normal 0 0 -1
    outer loop
      vertex 72.7021 38.7979 2.5
      vertex 87.2979 38.7979 2.5
      vertex 87.65 38.5278 2.5
    endloop
  endfacet
  facet normal 0 0 -1
    outer loop
      vertex 88.06 38.3579 2.5
      vertex 71.94 38.3579 2.5
      vertex 87.65 38.5278 2.5
    endloop
  endfacet
  facet normal 0 0 -1
    outer loop
      vertex 86.8579 39.56 2.5
      vertex 73.1421 39.56 2.5
      vertex 73.2 40 2.5
    endloop
  endfacet
  facet normal 0 0 -1
    outer loop
      vertex 87.0278 39.15 2.5
      vertex 72.9722 39.15 2.5
      vertex 73.1421 39.56 2.5
    endloop
  endfacet
  facet normal 0 0 -1
    outer loop
      vertex 87.2979 38.7979 2.5
      vertex 72.7021 38.7979 2.5
      vertex 72.9722 39.15 2.5
    endloop
  endfacet
  facet normal 0 0 -1
    outer loop
      vertex 87.65 38.5278 2.5
      vertex 72.35 38.5278 2.5
      vertex 72.7021 38.7979 2.5
    endloop
  endfacet
  facet normal -0 0 -1
    outer loop
      vertex 87.65 38.5278 2.5
      vertex 71.94 38.3579 2.5
      vertex 72.35 38.5278 2.5
    endloop
  endfacet
  facet normal 0 0 -1
    outer loop
      vertex 67.5 36 2.5
      vertex 71.94 38.3579 2.5
      vertex 92.5 36 2.5
    endloop
  endfacet
  facet normal -0 0 -1
    outer loop
      vertex 69.8579 39.56 2.5
      vertex 67.5 36 2.5
      vertex 69.8 40 2.5
    endloop
  endfacet
  facet normal -0 0 -1
    outer loop
      vertex 70.0278 39.15 2.5
      vertex 67.5 36 2.5
      vertex 69.8579 39.56 2.5
    endloop
  endfacet
  facet normal -0 0 -1
    outer loop
      vertex 70.2979 38.7979 2.5
      vertex 67.5 36 2.5
      vertex 70.0278 39.15 2.5
    endloop
  endfacet
  facet normal -0 0 -1
    outer loop
      vertex 70.65 38.5278 2.5
      vertex 67.5 36 2.5
      vertex 70.2979 38.7979 2.5
    endloop
  endfacet
  facet normal -0 0 -1
    outer loop
      vertex 71.06 38.3579 2.5
      vertex 67.5 36 2.5
      vertex 70.65 38.5278 2.5
    endloop
  endfacet
  facet normal -0 0 -1
    outer loop
      vertex 71.5 38.3 2.5
      vertex 67.5 36 2.5
      vertex 71.06 38.3579 2.5
    endloop
  endfacet
  facet normal 0 0 -1
    outer loop
      vertex 71.94 38.3579 2.5
      vertex 67.5 36 2.5
      vertex 71.5 38.3 2.5
    endloop
  endfacet
  facet normal 0 0 -1
    outer loop
      vertex 90.1421 40.44 2.5
      vertex 92.5 44 2.5
      vertex 90.2 40 2.5
    endloop
  endfacet
  facet normal 0 0 -1
    outer loop
      vertex 89.9722 40.85 2.5
      vertex 92.5 44 2.5
      vertex 90.1421 40.44 2.5
    endloop
  endfacet
  facet normal 0 0 -1
    outer loop
      vertex 89.7021 41.2021 2.5
      vertex 92.5 44 2.5
      vertex 89.9722 40.85 2.5
    endloop
  endfacet
  facet normal 0 0 -1
    outer loop
      vertex 89.35 41.4722 2.5
      vertex 92.5 44 2.5
      vertex 89.7021 41.2021 2.5
    endloop
  endfacet
  facet normal 0 0 -1
    outer loop
      vertex 88.94 41.6421 2.5
      vertex 92.5 44 2.5
      vertex 89.35 41.4722 2.5
    endloop
  endfacet
  facet normal 0 0 -1
    outer loop
      vertex 88.5 41.7 2.5
      vertex 92.5 44 2.5
      vertex 88.94 41.6421 2.5
    endloop
  endfacet
  facet normal 0 0 -1
    outer loop
      vertex 88.06 41.6421 2.5
      vertex 92.5 44 2.5
      vertex 88.5 41.7 2.5
    endloop
  endfacet
  facet normal 0 0 -1
    outer loop
      vertex 71.94 41.6421 2.5
      vertex 88.06 41.6421 2.5
      vertex 87.65 41.4722 2.5
    endloop
  endfacet
  facet normal 0 0 -1
    outer loop
      vertex 73.2 40 2.5
      vertex 86.8579 40.44 2.5
      vertex 86.8 40 2.5
    endloop
  endfacet
  facet normal 0 0 -1
    outer loop
      vertex 73.1421 40.44 2.5
      vertex 86.8579 40.44 2.5
      vertex 73.2 40 2.5
    endloop
  endfacet
  facet normal 0 0 -1
    outer loop
      vertex 86.8579 40.44 2.5
      vertex 73.1421 40.44 2.5
      vertex 87.0278 40.85 2.5
    endloop
  endfacet
  facet normal 0 0 -1
    outer loop
      vertex 72.9722 40.85 2.5
      vertex 87.0278 40.85 2.5
      vertex 73.1421 40.44 2.5
    endloop
  endfacet
  facet normal 0 0 -1
    outer loop
      vertex 87.0278 40.85 2.5
      vertex 72.9722 40.85 2.5
      vertex 87.2979 41.2021 2.5
    endloop
  endfacet
  facet normal 0 0 -1
    outer loop
      vertex 72.7021 41.2021 2.5
      vertex 87.2979 41.2021 2.5
      vertex 72.9722 40.85 2.5
    endloop
  endfacet
  facet normal 0 0 -1
    outer loop
      vertex 87.2979 41.2021 2.5
      vertex 72.7021 41.2021 2.5
      vertex 87.65 41.4722 2.5
    endloop
  endfacet
  facet normal 0 0 -1
    outer loop
      vertex 72.35 41.4722 2.5
      vertex 87.65 41.4722 2.5
      vertex 72.7021 41.2021 2.5
    endloop
  endfacet
  facet normal 0 0 -1
    outer loop
      vertex 71.94 41.6421 2.5
      vertex 87.65 41.4722 2.5
      vertex 72.35 41.4722 2.5
    endloop
  endfacet
  facet normal 0 0 -1
    outer loop
      vertex 88.06 41.6421 2.5
      vertex 71.94 41.6421 2.5
      vertex 92.5 44 2.5
    endloop
  endfacet
  facet normal 0 0 -1
    outer loop
      vertex 67.5 44 2.5
      vertex 71.94 41.6421 2.5
      vertex 71.5 41.7 2.5
    endloop
  endfacet
  facet normal 0 0 -1
    outer loop
      vertex 67.5 44 2.5
      vertex 69.8 40 2.5
      vertex 67.5 36 2.5
    endloop
  endfacet
  facet normal 0 0 -1
    outer loop
      vertex 69.8 40 2.5
      vertex 67.5 44 2.5
      vertex 69.8579 40.44 2.5
    endloop
  endfacet
  facet normal 0 0 -1
    outer loop
      vertex 71.94 41.6421 2.5
      vertex 67.5 44 2.5
      vertex 92.5 44 2.5
    endloop
  endfacet
  facet normal 0 0 -1
    outer loop
      vertex 71.06 41.6421 2.5
      vertex 67.5 44 2.5
      vertex 71.5 41.7 2.5
    endloop
  endfacet
  facet normal 0 0 -1
    outer loop
      vertex 70.65 41.4722 2.5
      vertex 67.5 44 2.5
      vertex 71.06 41.6421 2.5
    endloop
  endfacet
  facet normal 0 0 -1
    outer loop
      vertex 70.2979 41.2021 2.5
      vertex 67.5 44 2.5
      vertex 70.65 41.4722 2.5
    endloop
  endfacet
  facet normal 0 0 -1
    outer loop
      vertex 70.0278 40.85 2.5
      vertex 67.5 44 2.5
      vertex 70.2979 41.2021 2.5
    endloop
  endfacet
  facet normal 0 0 -1
    outer loop
      vertex 69.8579 40.44 2.5
      vertex 67.5 44 2.5
      vertex 70.0278 40.85 2.5
    endloop
  endfacet
  facet normal -1 0 0
    outer loop
      vertex 67.5 36 2.5
      vertex 67.5 44 7.5
      vertex 67.5 44 2.5
    endloop
  endfacet
  facet normal -1 -0 0
    outer loop
      vertex 67.5 44 7.5
      vertex 67.5 36 2.5
      vertex 67.5 36 7.5
    endloop
  endfacet
  facet normal 0 1 -0
    outer loop
      vertex 92.5 44 2.5
      vertex 67.5 44 7.5
      vertex 92.5 44 7.5
    endloop
  endfacet
  facet normal 0 1 0
    outer loop
      vertex 67.5 44 7.5
      vertex 92.5 44 2.5
      vertex 67.5 44 2.5
    endloop
  endfacet
  facet normal 0 -1 0
    outer loop
      vertex 67.5 36 2.5
      vertex 92.5 36 7.5
      vertex 67.5 36 7.5
    endloop
  endfacet
  facet normal 0 -1 -0
    outer loop
      vertex 92.5 36 7.5
      vertex 67.5 36 2.5
      vertex 92.5 36 2.5
    endloop
  endfacet
endsolid OpenSCAD_Model
