solid OpenSCAD_Model
  facet normal 1 -0 0
    outer loop
      vertex 14 -3 19.99
      vertex 14 3 15.99
      vertex 14 3 19.99
    endloop
  endfacet
  facet normal 1 0 0
    outer loop
      vertex 14 3 15.99
      vertex 14 -3 19.99
      vertex 14 -3 15.99
    endloop
  endfacet
  facet normal -0 0 1
    outer loop
      vertex -14 3 19.99
      vertex 14 -3 19.99
      vertex 14 3 19.99
    endloop
  endfacet
  facet normal 0 0 1
    outer loop
      vertex 14 -3 19.99
      vertex -14 3 19.99
      vertex -14 -3 19.99
    endloop
  endfacet
  facet normal -1 0 0
    outer loop
      vertex -14 -3 15.99
      vertex -14 3 19.99
      vertex -14 3 15.99
    endloop
  endfacet
  facet normal -1 -0 0
    outer loop
      vertex -14 3 19.99
      vertex -14 -3 15.99
      vertex -14 -3 19.99
    endloop
  endfacet
  facet normal 0 1 -0
    outer loop
      vertex 14 3 15.99
      vertex -14 3 19.99
      vertex 14 3 19.99
    endloop
  endfacet
  facet normal 0 1 0
    outer loop
      vertex -14 3 19.99
      vertex 14 3 15.99
      vertex -14 3 15.99
    endloop
  endfacet
  facet normal 0 -1 0
    outer loop
      vertex -14 -3 15.99
      vertex 14 -3 19.99
      vertex -14 -3 19.99
    endloop
  endfacet
  facet normal 0 -1 -0
    outer loop
      vertex 14 -3 19.99
      vertex -14 -3 15.99
      vertex 14 -3 15.99
    endloop
  endfacet
  facet normal 0.683594 -0.729863 0
    outer loop
      vertex 11.8682 -13.5331 1.1
      vertex 12.7279 -12.7279 15.99
      vertex 11.8682 -13.5331 15.99
    endloop
  endfacet
  facet normal 0.683594 -0.729863 0
    outer loop
      vertex 12.7279 -12.7279 15.99
      vertex 11.8682 -13.5331 1.1
      vertex 12.7279 -12.7279 1.1
    endloop
  endfacet
  facet normal 0.995181 0.098057 0
    outer loop
      vertex 17.9615 1.17726 15.99
      vertex 17.846 2.34947 1.1
      vertex 17.846 2.34947 15.99
    endloop
  endfacet
  facet normal 0.995181 0.098057 0
    outer loop
      vertex 17.846 2.34947 1.1
      vertex 17.9615 1.17726 15.99
      vertex 17.9615 1.17726 1.1
    endloop
  endfacet
  facet normal 0.999466 0.0326856 0
    outer loop
      vertex 18 0 15.99
      vertex 17.9615 1.17726 1.1
      vertex 17.9615 1.17726 15.99
    endloop
  endfacet
  facet normal 0.999466 0.0326856 0
    outer loop
      vertex 17.9615 1.17726 1.1
      vertex 18 0 15.99
      vertex 18 0 1.1
    endloop
  endfacet
  facet normal 0.849212 0.528052 0
    outer loop
      vertex 15.5885 9 15.99
      vertex 14.9665 10.0003 1.1
      vertex 14.9665 10.0003 15.99
    endloop
  endfacet
  facet normal 0.849212 0.528052 0
    outer loop
      vertex 14.9665 10.0003 1.1
      vertex 15.5885 9 15.99
      vertex 15.5885 9 1.1
    endloop
  endfacet
  facet normal 0.471364 -0.881939 0
    outer loop
      vertex 7.9612 -16.1437 1.1
      vertex 9 -15.5885 15.99
      vertex 7.9612 -16.1437 15.99
    endloop
  endfacet
  facet normal 0.471364 -0.881939 0
    outer loop
      vertex 9 -15.5885 15.99
      vertex 7.9612 -16.1437 1.1
      vertex 9 -15.5885 1.1
    endloop
  endfacet
  facet normal 0.227021 0.97389 -0
    outer loop
      vertex 4.65874 17.3867 1.1
      vertex 3.51163 17.6541 15.99
      vertex 4.65874 17.3867 15.99
    endloop
  endfacet
  facet normal 0.227021 0.97389 0
    outer loop
      vertex 3.51163 17.6541 15.99
      vertex 4.65874 17.3867 1.1
      vertex 3.51163 17.6541 1.1
    endloop
  endfacet
  facet normal -0.63443 0.77298 0
    outer loop
      vertex -10.9577 14.2804 1.1
      vertex -11.8682 13.5331 15.99
      vertex -10.9577 14.2804 15.99
    endloop
  endfacet
  facet normal -0.63443 0.77298 0
    outer loop
      vertex -11.8682 13.5331 15.99
      vertex -10.9577 14.2804 1.1
      vertex -11.8682 13.5331 1.1
    endloop
  endfacet
  facet normal 0.352242 -0.935909 0
    outer loop
      vertex 5.78591 -17.0447 1.1
      vertex 6.8883 -16.6298 15.99
      vertex 5.78591 -17.0447 15.99
    endloop
  endfacet
  facet normal 0.352242 -0.935909 0
    outer loop
      vertex 6.8883 -16.6298 15.99
      vertex 5.78591 -17.0447 1.1
      vertex 6.8883 -16.6298 1.1
    endloop
  endfacet
  facet normal 0.41269 0.910872 -0
    outer loop
      vertex 7.9612 16.1437 1.1
      vertex 6.8883 16.6298 15.99
      vertex 7.9612 16.1437 15.99
    endloop
  endfacet
  facet normal 0.41269 0.910872 0
    outer loop
      vertex 6.8883 16.6298 15.99
      vertex 7.9612 16.1437 1.1
      vertex 6.8883 16.6298 1.1
    endloop
  endfacet
  facet normal 0.0980466 0.995182 0
    outer loop
      vertex 2.34947 17.846 15.99
      vertex 1.24108 17.9552 14.99
      vertex 1.24108 17.9552 15.99
    endloop
  endfacet
  facet normal 0.0980466 0.995182 -0
    outer loop
      vertex 2.34947 17.846 1.1
      vertex 1.24108 17.9552 14.99
      vertex 2.34947 17.846 15.99
    endloop
  endfacet
  facet normal 0.098057 0.995181 8.3816e-07
    outer loop
      vertex 1.17726 17.9615 1.1
      vertex 1.24108 17.9552 14.99
      vertex 2.34947 17.846 1.1
    endloop
  endfacet
  facet normal 0.0982376 0.995163 0
    outer loop
      vertex 1.24108 17.9552 14.99
      vertex 1.17726 17.9615 1.1
      vertex 1.17726 17.9615 14.99
    endloop
  endfacet
  facet normal -0.935909 -0.352242 0
    outer loop
      vertex -16.6298 -6.8883 1.1
      vertex -17.0447 -5.78591 15.99
      vertex -17.0447 -5.78591 1.1
    endloop
  endfacet
  facet normal -0.935909 -0.352242 0
    outer loop
      vertex -17.0447 -5.78591 15.99
      vertex -16.6298 -6.8883 1.1
      vertex -16.6298 -6.8883 15.99
    endloop
  endfacet
  facet normal -0.995181 0.098057 0
    outer loop
      vertex -17.9615 1.17726 1.1
      vertex -17.846 2.34947 15.99
      vertex -17.846 2.34947 1.1
    endloop
  endfacet
  facet normal -0.995181 0.098057 0
    outer loop
      vertex -17.846 2.34947 15.99
      vertex -17.9615 1.17726 1.1
      vertex -17.9615 1.17726 15.99
    endloop
  endfacet
  facet normal -0.683594 0.729863 0
    outer loop
      vertex -11.8682 13.5331 1.1
      vertex -12.7279 12.7279 15.99
      vertex -11.8682 13.5331 15.99
    endloop
  endfacet
  facet normal -0.683594 0.729863 0
    outer loop
      vertex -12.7279 12.7279 15.99
      vertex -11.8682 13.5331 1.1
      vertex -12.7279 12.7279 1.1
    endloop
  endfacet
  facet normal 0.956922 0.290344 0
    outer loop
      vertex 17.3867 4.65874 15.99
      vertex 17.0447 5.78591 1.1
      vertex 17.0447 5.78591 15.99
    endloop
  endfacet
  facet normal 0.956922 0.290344 0
    outer loop
      vertex 17.0447 5.78591 1.1
      vertex 17.3867 4.65874 15.99
      vertex 17.3867 4.65874 1.1
    endloop
  endfacet
  facet normal -0.910872 0.41269 0
    outer loop
      vertex -16.6298 6.8883 1.1
      vertex -16.1437 7.9612 15.99
      vertex -16.1437 7.9612 1.1
    endloop
  endfacet
  facet normal -0.910872 0.41269 0
    outer loop
      vertex -16.1437 7.9612 15.99
      vertex -16.6298 6.8883 1.1
      vertex -16.6298 6.8883 15.99
    endloop
  endfacet
  facet normal 0.77298 -0.63443 0
    outer loop
      vertex 13.5331 -11.8682 15.99
      vertex 14.2804 -10.9577 1.1
      vertex 14.2804 -10.9577 15.99
    endloop
  endfacet
  facet normal 0.77298 -0.63443 0
    outer loop
      vertex 14.2804 -10.9577 1.1
      vertex 13.5331 -11.8682 15.99
      vertex 13.5331 -11.8682 1.1
    endloop
  endfacet
  facet normal -0.935909 0.352242 0
    outer loop
      vertex -17.0447 5.78591 1.1
      vertex -16.6298 6.8883 15.99
      vertex -16.6298 6.8883 1.1
    endloop
  endfacet
  facet normal -0.935909 0.352242 0
    outer loop
      vertex -16.6298 6.8883 15.99
      vertex -17.0447 5.78591 1.1
      vertex -17.0447 5.78591 15.99
    endloop
  endfacet
  facet normal -0.729863 -0.683594 0
    outer loop
      vertex -12.7279 -12.7279 1.1
      vertex -13.5331 -11.8682 15.99
      vertex -13.5331 -11.8682 1.1
    endloop
  endfacet
  facet normal -0.729863 -0.683594 0
    outer loop
      vertex -13.5331 -11.8682 15.99
      vertex -12.7279 -12.7279 1.1
      vertex -12.7279 -12.7279 15.99
    endloop
  endfacet
  facet normal 0.290344 0.956922 -0
    outer loop
      vertex 5.78591 17.0447 1.1
      vertex 4.65874 17.3867 15.99
      vertex 5.78591 17.0447 15.99
    endloop
  endfacet
  facet normal 0.290344 0.956922 0
    outer loop
      vertex 4.65874 17.3867 15.99
      vertex 5.78591 17.0447 1.1
      vertex 4.65874 17.3867 1.1
    endloop
  endfacet
  facet normal -0.812832 0.582498 0
    outer loop
      vertex -14.9665 10.0003 1.1
      vertex -14.2804 10.9577 15.99
      vertex -14.2804 10.9577 1.1
    endloop
  endfacet
  facet normal -0.812832 0.582498 0
    outer loop
      vertex -14.2804 10.9577 15.99
      vertex -14.9665 10.0003 1.1
      vertex -14.9665 10.0003 15.99
    endloop
  endfacet
  facet normal 0.162917 0.98664 -0
    outer loop
      vertex 3.51163 17.6541 1.1
      vertex 2.34947 17.846 15.99
      vertex 3.51163 17.6541 15.99
    endloop
  endfacet
  facet normal 0.162917 0.98664 0
    outer loop
      vertex 2.34947 17.846 15.99
      vertex 3.51163 17.6541 1.1
      vertex 2.34947 17.846 1.1
    endloop
  endfacet
  facet normal 0.812832 0.582498 0
    outer loop
      vertex 14.9665 10.0003 15.99
      vertex 14.2804 10.9577 1.1
      vertex 14.2804 10.9577 15.99
    endloop
  endfacet
  facet normal 0.812832 0.582498 0
    outer loop
      vertex 14.2804 10.9577 1.1
      vertex 14.9665 10.0003 15.99
      vertex 14.9665 10.0003 1.1
    endloop
  endfacet
  facet normal -0.812832 -0.582498 0
    outer loop
      vertex -14.2804 -10.9577 1.1
      vertex -14.9665 -10.0003 15.99
      vertex -14.9665 -10.0003 1.1
    endloop
  endfacet
  facet normal -0.812832 -0.582498 0
    outer loop
      vertex -14.9665 -10.0003 15.99
      vertex -14.2804 -10.9577 1.1
      vertex -14.2804 -10.9577 15.99
    endloop
  endfacet
  facet normal 0.582498 0.812832 -0
    outer loop
      vertex 10.9577 14.2804 1.1
      vertex 10.0003 14.9665 15.99
      vertex 10.9577 14.2804 15.99
    endloop
  endfacet
  facet normal 0.582498 0.812832 0
    outer loop
      vertex 10.0003 14.9665 15.99
      vertex 10.9577 14.2804 1.1
      vertex 10.0003 14.9665 1.1
    endloop
  endfacet
  facet normal -0.582498 0.812832 0
    outer loop
      vertex -10.0003 14.9665 1.1
      vertex -10.9577 14.2804 15.99
      vertex -10.0003 14.9665 15.99
    endloop
  endfacet
  facet normal -0.582498 0.812832 0
    outer loop
      vertex -10.9577 14.2804 15.99
      vertex -10.0003 14.9665 1.1
      vertex -10.9577 14.2804 1.1
    endloop
  endfacet
  facet normal 0.227021 -0.97389 0
    outer loop
      vertex 3.51163 -17.6541 1.1
      vertex 4.65874 -17.3867 15.99
      vertex 3.51163 -17.6541 15.99
    endloop
  endfacet
  facet normal 0.227021 -0.97389 0
    outer loop
      vertex 4.65874 -17.3867 15.99
      vertex 3.51163 -17.6541 1.1
      vertex 4.65874 -17.3867 1.1
    endloop
  endfacet
  facet normal 0.528052 0.849212 -0
    outer loop
      vertex 10.0003 14.9665 1.1
      vertex 9 15.5885 15.99
      vertex 10.0003 14.9665 15.99
    endloop
  endfacet
  facet normal 0.528052 0.849212 0
    outer loop
      vertex 9 15.5885 15.99
      vertex 10.0003 14.9665 1.1
      vertex 9 15.5885 1.1
    endloop
  endfacet
  facet normal 0.97389 0.227021 0
    outer loop
      vertex 17.6541 3.51163 15.99
      vertex 17.3867 4.65874 1.1
      vertex 17.3867 4.65874 15.99
    endloop
  endfacet
  facet normal 0.97389 0.227021 0
    outer loop
      vertex 17.3867 4.65874 1.1
      vertex 17.6541 3.51163 15.99
      vertex 17.6541 3.51163 1.1
    endloop
  endfacet
  facet normal -0.352242 0.935909 0
    outer loop
      vertex -5.78591 17.0447 1.1
      vertex -6.8883 16.6298 15.99
      vertex -5.78591 17.0447 15.99
    endloop
  endfacet
  facet normal -0.352242 0.935909 0
    outer loop
      vertex -6.8883 16.6298 15.99
      vertex -5.78591 17.0447 1.1
      vertex -6.8883 16.6298 1.1
    endloop
  endfacet
  facet normal 0.582498 -0.812832 0
    outer loop
      vertex 10.0003 -14.9665 1.1
      vertex 10.9577 -14.2804 15.99
      vertex 10.0003 -14.9665 15.99
    endloop
  endfacet
  facet normal 0.582498 -0.812832 0
    outer loop
      vertex 10.9577 -14.2804 15.99
      vertex 10.0003 -14.9665 1.1
      vertex 10.9577 -14.2804 1.1
    endloop
  endfacet
  facet normal 0.162917 -0.98664 0
    outer loop
      vertex 2.34947 -17.846 1.1
      vertex 3.51163 -17.6541 15.99
      vertex 2.34947 -17.846 15.99
    endloop
  endfacet
  facet normal 0.162917 -0.98664 0
    outer loop
      vertex 3.51163 -17.6541 15.99
      vertex 2.34947 -17.846 1.1
      vertex 3.51163 -17.6541 1.1
    endloop
  endfacet
  facet normal 0.0982376 -0.995163 0
    outer loop
      vertex 1.17726 -17.9615 14.99
      vertex 1.17726 -17.9615 1.1
      vertex 1.24108 -17.9552 14.99
    endloop
  endfacet
  facet normal 0.0980466 -0.995182 0
    outer loop
      vertex 1.24108 -17.9552 14.99
      vertex 2.34947 -17.846 15.99
      vertex 1.24108 -17.9552 15.99
    endloop
  endfacet
  facet normal 0.098057 -0.995181 8.3816e-07
    outer loop
      vertex 2.34947 -17.846 1.1
      vertex 1.24108 -17.9552 14.99
      vertex 1.17726 -17.9615 1.1
    endloop
  endfacet
  facet normal 0.0980466 -0.995182 0
    outer loop
      vertex 1.24108 -17.9552 14.99
      vertex 2.34947 -17.846 1.1
      vertex 2.34947 -17.846 15.99
    endloop
  endfacet
  facet normal 0.910872 0.41269 0
    outer loop
      vertex 16.6298 6.8883 15.99
      vertex 16.1437 7.9612 1.1
      vertex 16.1437 7.9612 15.99
    endloop
  endfacet
  facet normal 0.910872 0.41269 0
    outer loop
      vertex 16.1437 7.9612 1.1
      vertex 16.6298 6.8883 15.99
      vertex 16.6298 6.8883 1.1
    endloop
  endfacet
  facet normal 0.683594 0.729863 -0
    outer loop
      vertex 12.7279 12.7279 1.1
      vertex 11.8682 13.5331 15.99
      vertex 12.7279 12.7279 15.99
    endloop
  endfacet
  facet normal 0.683594 0.729863 0
    outer loop
      vertex 11.8682 13.5331 15.99
      vertex 12.7279 12.7279 1.1
      vertex 11.8682 13.5331 1.1
    endloop
  endfacet
  facet normal -0.162917 0.98664 0
    outer loop
      vertex -2.34947 17.846 1.1
      vertex -3.51163 17.6541 15.99
      vertex -2.34947 17.846 15.99
    endloop
  endfacet
  facet normal -0.162917 0.98664 0
    outer loop
      vertex -3.51163 17.6541 15.99
      vertex -2.34947 17.846 1.1
      vertex -3.51163 17.6541 1.1
    endloop
  endfacet
  facet normal 0.41269 -0.910872 0
    outer loop
      vertex 6.8883 -16.6298 1.1
      vertex 7.9612 -16.1437 15.99
      vertex 6.8883 -16.6298 15.99
    endloop
  endfacet
  facet normal 0.41269 -0.910872 0
    outer loop
      vertex 7.9612 -16.1437 15.99
      vertex 6.8883 -16.6298 1.1
      vertex 7.9612 -16.1437 1.1
    endloop
  endfacet
  facet normal -0.956922 0.290344 0
    outer loop
      vertex -17.3867 4.65874 1.1
      vertex -17.0447 5.78591 15.99
      vertex -17.0447 5.78591 1.1
    endloop
  endfacet
  facet normal -0.956922 0.290344 0
    outer loop
      vertex -17.0447 5.78591 15.99
      vertex -17.3867 4.65874 1.1
      vertex -17.3867 4.65874 15.99
    endloop
  endfacet
  facet normal -0.0326856 0.999466 0
    outer loop
      vertex 0 18 1.1
      vertex -1.17726 17.9615 14.99
      vertex 0 18 14.99
    endloop
  endfacet
  facet normal -0.0326856 0.999466 0
    outer loop
      vertex -1.17726 17.9615 14.99
      vertex 0 18 1.1
      vertex -1.17726 17.9615 1.1
    endloop
  endfacet
  facet normal -0.162917 -0.98664 0
    outer loop
      vertex -3.51163 -17.6541 1.1
      vertex -2.34947 -17.846 15.99
      vertex -3.51163 -17.6541 15.99
    endloop
  endfacet
  facet normal -0.162917 -0.98664 -0
    outer loop
      vertex -2.34947 -17.846 15.99
      vertex -3.51163 -17.6541 1.1
      vertex -2.34947 -17.846 1.1
    endloop
  endfacet
  facet normal 0.881939 -0.471364 0
    outer loop
      vertex 15.5885 -9 15.99
      vertex 16.1437 -7.9612 1.1
      vertex 16.1437 -7.9612 15.99
    endloop
  endfacet
  facet normal 0.881939 -0.471364 0
    outer loop
      vertex 16.1437 -7.9612 1.1
      vertex 15.5885 -9 15.99
      vertex 15.5885 -9 1.1
    endloop
  endfacet
  facet normal 0.352242 0.935909 -0
    outer loop
      vertex 6.8883 16.6298 1.1
      vertex 5.78591 17.0447 15.99
      vertex 6.8883 16.6298 15.99
    endloop
  endfacet
  facet normal 0.352242 0.935909 0
    outer loop
      vertex 5.78591 17.0447 15.99
      vertex 6.8883 16.6298 1.1
      vertex 5.78591 17.0447 1.1
    endloop
  endfacet
  facet normal 0.935909 -0.352242 0
    outer loop
      vertex 16.6298 -6.8883 15.99
      vertex 17.0447 -5.78591 1.1
      vertex 17.0447 -5.78591 15.99
    endloop
  endfacet
  facet normal 0.935909 -0.352242 0
    outer loop
      vertex 17.0447 -5.78591 1.1
      vertex 16.6298 -6.8883 15.99
      vertex 16.6298 -6.8883 1.1
    endloop
  endfacet
  facet normal -0.849212 0.528052 0
    outer loop
      vertex -15.5885 9 1.1
      vertex -14.9665 10.0003 15.99
      vertex -14.9665 10.0003 1.1
    endloop
  endfacet
  facet normal -0.849212 0.528052 0
    outer loop
      vertex -14.9665 10.0003 15.99
      vertex -15.5885 9 1.1
      vertex -15.5885 9 15.99
    endloop
  endfacet
  facet normal 0.849212 -0.528052 0
    outer loop
      vertex 14.9665 -10.0003 15.99
      vertex 15.5885 -9 1.1
      vertex 15.5885 -9 15.99
    endloop
  endfacet
  facet normal 0.849212 -0.528052 0
    outer loop
      vertex 15.5885 -9 1.1
      vertex 14.9665 -10.0003 15.99
      vertex 14.9665 -10.0003 1.1
    endloop
  endfacet
  facet normal 0.471364 0.881939 -0
    outer loop
      vertex 9 15.5885 1.1
      vertex 7.9612 16.1437 15.99
      vertex 9 15.5885 15.99
    endloop
  endfacet
  facet normal 0.471364 0.881939 0
    outer loop
      vertex 7.9612 16.1437 15.99
      vertex 9 15.5885 1.1
      vertex 7.9612 16.1437 1.1
    endloop
  endfacet
  facet normal -0.881939 -0.471364 0
    outer loop
      vertex -15.5885 -9 1.1
      vertex -16.1437 -7.9612 15.99
      vertex -16.1437 -7.9612 1.1
    endloop
  endfacet
  facet normal -0.881939 -0.471364 0
    outer loop
      vertex -16.1437 -7.9612 15.99
      vertex -15.5885 -9 1.1
      vertex -15.5885 -9 15.99
    endloop
  endfacet
  facet normal 0.98664 -0.162917 0
    outer loop
      vertex 17.6541 -3.51163 15.99
      vertex 17.846 -2.34947 1.1
      vertex 17.846 -2.34947 15.99
    endloop
  endfacet
  facet normal 0.98664 -0.162917 0
    outer loop
      vertex 17.846 -2.34947 1.1
      vertex 17.6541 -3.51163 15.99
      vertex 17.6541 -3.51163 1.1
    endloop
  endfacet
  facet normal -0.227021 -0.97389 0
    outer loop
      vertex -4.65874 -17.3867 1.1
      vertex -3.51163 -17.6541 15.99
      vertex -4.65874 -17.3867 15.99
    endloop
  endfacet
  facet normal -0.227021 -0.97389 -0
    outer loop
      vertex -3.51163 -17.6541 15.99
      vertex -4.65874 -17.3867 1.1
      vertex -3.51163 -17.6541 1.1
    endloop
  endfacet
  facet normal -0.98664 -0.162917 0
    outer loop
      vertex -17.6541 -3.51163 1.1
      vertex -17.846 -2.34947 15.99
      vertex -17.846 -2.34947 1.1
    endloop
  endfacet
  facet normal -0.98664 -0.162917 0
    outer loop
      vertex -17.846 -2.34947 15.99
      vertex -17.6541 -3.51163 1.1
      vertex -17.6541 -3.51163 15.99
    endloop
  endfacet
  facet normal 0.881939 0.471364 0
    outer loop
      vertex 16.1437 7.9612 15.99
      vertex 15.5885 9 1.1
      vertex 15.5885 9 15.99
    endloop
  endfacet
  facet normal 0.881939 0.471364 0
    outer loop
      vertex 15.5885 9 1.1
      vertex 16.1437 7.9612 15.99
      vertex 16.1437 7.9612 1.1
    endloop
  endfacet
  facet normal 0.729863 0.683594 0
    outer loop
      vertex 13.5331 11.8682 15.99
      vertex 12.7279 12.7279 1.1
      vertex 12.7279 12.7279 15.99
    endloop
  endfacet
  facet normal 0.729863 0.683594 0
    outer loop
      vertex 12.7279 12.7279 1.1
      vertex 13.5331 11.8682 15.99
      vertex 13.5331 11.8682 1.1
    endloop
  endfacet
  facet normal 0.0326856 0.999466 -0
    outer loop
      vertex 1.17726 17.9615 1.1
      vertex 0 18 14.99
      vertex 1.17726 17.9615 14.99
    endloop
  endfacet
  facet normal 0.0326856 0.999466 0
    outer loop
      vertex 0 18 14.99
      vertex 1.17726 17.9615 1.1
      vertex 0 18 1.1
    endloop
  endfacet
  facet normal -0.849212 -0.528052 0
    outer loop
      vertex -14.9665 -10.0003 1.1
      vertex -15.5885 -9 15.99
      vertex -15.5885 -9 1.1
    endloop
  endfacet
  facet normal -0.849212 -0.528052 0
    outer loop
      vertex -15.5885 -9 15.99
      vertex -14.9665 -10.0003 1.1
      vertex -14.9665 -10.0003 15.99
    endloop
  endfacet
  facet normal -0.352242 -0.935909 0
    outer loop
      vertex -6.8883 -16.6298 1.1
      vertex -5.78591 -17.0447 15.99
      vertex -6.8883 -16.6298 15.99
    endloop
  endfacet
  facet normal -0.352242 -0.935909 -0
    outer loop
      vertex -5.78591 -17.0447 15.99
      vertex -6.8883 -16.6298 1.1
      vertex -5.78591 -17.0447 1.1
    endloop
  endfacet
  facet normal -0.471364 0.881939 0
    outer loop
      vertex -7.9612 16.1437 1.1
      vertex -9 15.5885 15.99
      vertex -7.9612 16.1437 15.99
    endloop
  endfacet
  facet normal -0.471364 0.881939 0
    outer loop
      vertex -9 15.5885 15.99
      vertex -7.9612 16.1437 1.1
      vertex -9 15.5885 1.1
    endloop
  endfacet
  facet normal -0.0982376 0.995163 0
    outer loop
      vertex -1.17726 17.9615 14.99
      vertex -1.17726 17.9615 1.1
      vertex -1.24108 17.9552 14.99
    endloop
  endfacet
  facet normal -0.0980466 0.995182 0
    outer loop
      vertex -1.24108 17.9552 14.99
      vertex -2.34947 17.846 15.99
      vertex -1.24108 17.9552 15.99
    endloop
  endfacet
  facet normal -0.098057 0.995181 8.3816e-07
    outer loop
      vertex -2.34947 17.846 1.1
      vertex -1.24108 17.9552 14.99
      vertex -1.17726 17.9615 1.1
    endloop
  endfacet
  facet normal -0.0980466 0.995182 0
    outer loop
      vertex -1.24108 17.9552 14.99
      vertex -2.34947 17.846 1.1
      vertex -2.34947 17.846 15.99
    endloop
  endfacet
  facet normal -0.582498 -0.812832 0
    outer loop
      vertex -10.9577 -14.2804 1.1
      vertex -10.0003 -14.9665 15.99
      vertex -10.9577 -14.2804 15.99
    endloop
  endfacet
  facet normal -0.582498 -0.812832 -0
    outer loop
      vertex -10.0003 -14.9665 15.99
      vertex -10.9577 -14.2804 1.1
      vertex -10.0003 -14.9665 1.1
    endloop
  endfacet
  facet normal -0.227021 0.97389 0
    outer loop
      vertex -3.51163 17.6541 1.1
      vertex -4.65874 17.3867 15.99
      vertex -3.51163 17.6541 15.99
    endloop
  endfacet
  facet normal -0.227021 0.97389 0
    outer loop
      vertex -4.65874 17.3867 15.99
      vertex -3.51163 17.6541 1.1
      vertex -4.65874 17.3867 1.1
    endloop
  endfacet
  facet normal 0.0326856 -0.999466 0
    outer loop
      vertex 0 -18 1.1
      vertex 1.17726 -17.9615 14.99
      vertex 0 -18 14.99
    endloop
  endfacet
  facet normal 0.0326856 -0.999466 0
    outer loop
      vertex 1.17726 -17.9615 14.99
      vertex 0 -18 1.1
      vertex 1.17726 -17.9615 1.1
    endloop
  endfacet
  facet normal -0.0326856 -0.999466 0
    outer loop
      vertex -1.17726 -17.9615 1.1
      vertex 0 -18 14.99
      vertex -1.17726 -17.9615 14.99
    endloop
  endfacet
  facet normal -0.0326856 -0.999466 -0
    outer loop
      vertex 0 -18 14.99
      vertex -1.17726 -17.9615 1.1
      vertex 0 -18 1.1
    endloop
  endfacet
  facet normal 0.77298 0.63443 0
    outer loop
      vertex 14.2804 10.9577 15.99
      vertex 13.5331 11.8682 1.1
      vertex 13.5331 11.8682 15.99
    endloop
  endfacet
  facet normal 0.77298 0.63443 0
    outer loop
      vertex 13.5331 11.8682 1.1
      vertex 14.2804 10.9577 15.99
      vertex 14.2804 10.9577 1.1
    endloop
  endfacet
  facet normal 0.812832 -0.582498 0
    outer loop
      vertex 14.2804 -10.9577 15.99
      vertex 14.9665 -10.0003 1.1
      vertex 14.9665 -10.0003 15.99
    endloop
  endfacet
  facet normal 0.812832 -0.582498 0
    outer loop
      vertex 14.9665 -10.0003 1.1
      vertex 14.2804 -10.9577 15.99
      vertex 14.2804 -10.9577 1.1
    endloop
  endfacet
  facet normal -0.97389 -0.227021 0
    outer loop
      vertex -17.3867 -4.65874 1.1
      vertex -17.6541 -3.51163 15.99
      vertex -17.6541 -3.51163 1.1
    endloop
  endfacet
  facet normal -0.97389 -0.227021 0
    outer loop
      vertex -17.6541 -3.51163 15.99
      vertex -17.3867 -4.65874 1.1
      vertex -17.3867 -4.65874 15.99
    endloop
  endfacet
  facet normal -0.97389 0.227021 0
    outer loop
      vertex -17.6541 3.51163 1.1
      vertex -17.3867 4.65874 15.99
      vertex -17.3867 4.65874 1.1
    endloop
  endfacet
  facet normal -0.97389 0.227021 0
    outer loop
      vertex -17.3867 4.65874 15.99
      vertex -17.6541 3.51163 1.1
      vertex -17.6541 3.51163 15.99
    endloop
  endfacet
  facet normal 0.528052 -0.849212 0
    outer loop
      vertex 9 -15.5885 1.1
      vertex 10.0003 -14.9665 15.99
      vertex 9 -15.5885 15.99
    endloop
  endfacet
  facet normal 0.528052 -0.849212 0
    outer loop
      vertex 10.0003 -14.9665 15.99
      vertex 9 -15.5885 1.1
      vertex 10.0003 -14.9665 1.1
    endloop
  endfacet
  facet normal -0.77298 -0.63443 0
    outer loop
      vertex -13.5331 -11.8682 1.1
      vertex -14.2804 -10.9577 15.99
      vertex -14.2804 -10.9577 1.1
    endloop
  endfacet
  facet normal -0.77298 -0.63443 0
    outer loop
      vertex -14.2804 -10.9577 15.99
      vertex -13.5331 -11.8682 1.1
      vertex -13.5331 -11.8682 15.99
    endloop
  endfacet
  facet normal -0.729863 0.683594 0
    outer loop
      vertex -13.5331 11.8682 1.1
      vertex -12.7279 12.7279 15.99
      vertex -12.7279 12.7279 1.1
    endloop
  endfacet
  facet normal -0.729863 0.683594 0
    outer loop
      vertex -12.7279 12.7279 15.99
      vertex -13.5331 11.8682 1.1
      vertex -13.5331 11.8682 15.99
    endloop
  endfacet
  facet normal 0.995181 -0.098057 0
    outer loop
      vertex 17.846 -2.34947 15.99
      vertex 17.9615 -1.17726 1.1
      vertex 17.9615 -1.17726 15.99
    endloop
  endfacet
  facet normal 0.995181 -0.098057 0
    outer loop
      vertex 17.9615 -1.17726 1.1
      vertex 17.846 -2.34947 15.99
      vertex 17.846 -2.34947 1.1
    endloop
  endfacet
  facet normal -0.956922 -0.290344 0
    outer loop
      vertex -17.0447 -5.78591 1.1
      vertex -17.3867 -4.65874 15.99
      vertex -17.3867 -4.65874 1.1
    endloop
  endfacet
  facet normal -0.956922 -0.290344 0
    outer loop
      vertex -17.3867 -4.65874 15.99
      vertex -17.0447 -5.78591 1.1
      vertex -17.0447 -5.78591 15.99
    endloop
  endfacet
  facet normal -0.290344 0.956922 0
    outer loop
      vertex -4.65874 17.3867 1.1
      vertex -5.78591 17.0447 15.99
      vertex -4.65874 17.3867 15.99
    endloop
  endfacet
  facet normal -0.290344 0.956922 0
    outer loop
      vertex -5.78591 17.0447 15.99
      vertex -4.65874 17.3867 1.1
      vertex -5.78591 17.0447 1.1
    endloop
  endfacet
  facet normal -0.528052 0.849212 0
    outer loop
      vertex -9 15.5885 1.1
      vertex -10.0003 14.9665 15.99
      vertex -9 15.5885 15.99
    endloop
  endfacet
  facet normal -0.528052 0.849212 0
    outer loop
      vertex -10.0003 14.9665 15.99
      vertex -9 15.5885 1.1
      vertex -10.0003 14.9665 1.1
    endloop
  endfacet
  facet normal -0.41269 0.910872 0
    outer loop
      vertex -6.8883 16.6298 1.1
      vertex -7.9612 16.1437 15.99
      vertex -6.8883 16.6298 15.99
    endloop
  endfacet
  facet normal -0.41269 0.910872 0
    outer loop
      vertex -7.9612 16.1437 15.99
      vertex -6.8883 16.6298 1.1
      vertex -7.9612 16.1437 1.1
    endloop
  endfacet
  facet normal -0.63443 -0.77298 0
    outer loop
      vertex -11.8682 -13.5331 1.1
      vertex -10.9577 -14.2804 15.99
      vertex -11.8682 -13.5331 15.99
    endloop
  endfacet
  facet normal -0.63443 -0.77298 -0
    outer loop
      vertex -10.9577 -14.2804 15.99
      vertex -11.8682 -13.5331 1.1
      vertex -10.9577 -14.2804 1.1
    endloop
  endfacet
  facet normal 0.729863 -0.683594 0
    outer loop
      vertex 12.7279 -12.7279 15.99
      vertex 13.5331 -11.8682 1.1
      vertex 13.5331 -11.8682 15.99
    endloop
  endfacet
  facet normal 0.729863 -0.683594 0
    outer loop
      vertex 13.5331 -11.8682 1.1
      vertex 12.7279 -12.7279 15.99
      vertex 12.7279 -12.7279 1.1
    endloop
  endfacet
  facet normal 0.97389 -0.227021 0
    outer loop
      vertex 17.3867 -4.65874 15.99
      vertex 17.6541 -3.51163 1.1
      vertex 17.6541 -3.51163 15.99
    endloop
  endfacet
  facet normal 0.97389 -0.227021 0
    outer loop
      vertex 17.6541 -3.51163 1.1
      vertex 17.3867 -4.65874 15.99
      vertex 17.3867 -4.65874 1.1
    endloop
  endfacet
  facet normal -0.0980466 -0.995182 0
    outer loop
      vertex -2.34947 -17.846 15.99
      vertex -1.24108 -17.9552 14.99
      vertex -1.24108 -17.9552 15.99
    endloop
  endfacet
  facet normal -0.0980466 -0.995182 0
    outer loop
      vertex -2.34947 -17.846 1.1
      vertex -1.24108 -17.9552 14.99
      vertex -2.34947 -17.846 15.99
    endloop
  endfacet
  facet normal -0.098057 -0.995181 8.3816e-07
    outer loop
      vertex -1.17726 -17.9615 1.1
      vertex -1.24108 -17.9552 14.99
      vertex -2.34947 -17.846 1.1
    endloop
  endfacet
  facet normal -0.0982376 -0.995163 0
    outer loop
      vertex -1.24108 -17.9552 14.99
      vertex -1.17726 -17.9615 1.1
      vertex -1.17726 -17.9615 14.99
    endloop
  endfacet
  facet normal 0.63443 0.77298 -0
    outer loop
      vertex 11.8682 13.5331 1.1
      vertex 10.9577 14.2804 15.99
      vertex 11.8682 13.5331 15.99
    endloop
  endfacet
  facet normal 0.63443 0.77298 0
    outer loop
      vertex 10.9577 14.2804 15.99
      vertex 11.8682 13.5331 1.1
      vertex 10.9577 14.2804 1.1
    endloop
  endfacet
  facet normal 0.956922 -0.290344 0
    outer loop
      vertex 17.0447 -5.78591 15.99
      vertex 17.3867 -4.65874 1.1
      vertex 17.3867 -4.65874 15.99
    endloop
  endfacet
  facet normal 0.956922 -0.290344 0
    outer loop
      vertex 17.3867 -4.65874 1.1
      vertex 17.0447 -5.78591 15.99
      vertex 17.0447 -5.78591 1.1
    endloop
  endfacet
  facet normal -0.471364 -0.881939 0
    outer loop
      vertex -9 -15.5885 1.1
      vertex -7.9612 -16.1437 15.99
      vertex -9 -15.5885 15.99
    endloop
  endfacet
  facet normal -0.471364 -0.881939 -0
    outer loop
      vertex -7.9612 -16.1437 15.99
      vertex -9 -15.5885 1.1
      vertex -7.9612 -16.1437 1.1
    endloop
  endfacet
  facet normal 0.935909 0.352242 0
    outer loop
      vertex 17.0447 5.78591 15.99
      vertex 16.6298 6.8883 1.1
      vertex 16.6298 6.8883 15.99
    endloop
  endfacet
  facet normal 0.935909 0.352242 0
    outer loop
      vertex 16.6298 6.8883 1.1
      vertex 17.0447 5.78591 15.99
      vertex 17.0447 5.78591 1.1
    endloop
  endfacet
  facet normal -0.683594 -0.729863 0
    outer loop
      vertex -12.7279 -12.7279 1.1
      vertex -11.8682 -13.5331 15.99
      vertex -12.7279 -12.7279 15.99
    endloop
  endfacet
  facet normal -0.683594 -0.729863 -0
    outer loop
      vertex -11.8682 -13.5331 15.99
      vertex -12.7279 -12.7279 1.1
      vertex -11.8682 -13.5331 1.1
    endloop
  endfacet
  facet normal 0.98664 0.162917 0
    outer loop
      vertex 17.846 2.34947 15.99
      vertex 17.6541 3.51163 1.1
      vertex 17.6541 3.51163 15.99
    endloop
  endfacet
  facet normal 0.98664 0.162917 0
    outer loop
      vertex 17.6541 3.51163 1.1
      vertex 17.846 2.34947 15.99
      vertex 17.846 2.34947 1.1
    endloop
  endfacet
  facet normal -0.881939 0.471364 0
    outer loop
      vertex -16.1437 7.9612 1.1
      vertex -15.5885 9 15.99
      vertex -15.5885 9 1.1
    endloop
  endfacet
  facet normal -0.881939 0.471364 0
    outer loop
      vertex -15.5885 9 15.99
      vertex -16.1437 7.9612 1.1
      vertex -16.1437 7.9612 15.99
    endloop
  endfacet
  facet normal -0.995181 -0.098057 0
    outer loop
      vertex -17.846 -2.34947 1.1
      vertex -17.9615 -1.17726 15.99
      vertex -17.9615 -1.17726 1.1
    endloop
  endfacet
  facet normal -0.995181 -0.098057 0
    outer loop
      vertex -17.9615 -1.17726 15.99
      vertex -17.846 -2.34947 1.1
      vertex -17.846 -2.34947 15.99
    endloop
  endfacet
  facet normal 0.290344 -0.956922 0
    outer loop
      vertex 4.65874 -17.3867 1.1
      vertex 5.78591 -17.0447 15.99
      vertex 4.65874 -17.3867 15.99
    endloop
  endfacet
  facet normal 0.290344 -0.956922 0
    outer loop
      vertex 5.78591 -17.0447 15.99
      vertex 4.65874 -17.3867 1.1
      vertex 5.78591 -17.0447 1.1
    endloop
  endfacet
  facet normal -0.98664 0.162917 0
    outer loop
      vertex -17.846 2.34947 1.1
      vertex -17.6541 3.51163 15.99
      vertex -17.6541 3.51163 1.1
    endloop
  endfacet
  facet normal -0.98664 0.162917 0
    outer loop
      vertex -17.6541 3.51163 15.99
      vertex -17.846 2.34947 1.1
      vertex -17.846 2.34947 15.99
    endloop
  endfacet
  facet normal -0.290344 -0.956922 0
    outer loop
      vertex -5.78591 -17.0447 1.1
      vertex -4.65874 -17.3867 15.99
      vertex -5.78591 -17.0447 15.99
    endloop
  endfacet
  facet normal -0.290344 -0.956922 -0
    outer loop
      vertex -4.65874 -17.3867 15.99
      vertex -5.78591 -17.0447 1.1
      vertex -4.65874 -17.3867 1.1
    endloop
  endfacet
  facet normal -0.910872 -0.41269 0
    outer loop
      vertex -16.1437 -7.9612 1.1
      vertex -16.6298 -6.8883 15.99
      vertex -16.6298 -6.8883 1.1
    endloop
  endfacet
  facet normal -0.910872 -0.41269 0
    outer loop
      vertex -16.6298 -6.8883 15.99
      vertex -16.1437 -7.9612 1.1
      vertex -16.1437 -7.9612 15.99
    endloop
  endfacet
  facet normal -0.999466 -0.0326856 0
    outer loop
      vertex -17.9615 -1.17726 1.1
      vertex -18 0 15.99
      vertex -18 0 1.1
    endloop
  endfacet
  facet normal -0.999466 -0.0326856 0
    outer loop
      vertex -18 0 15.99
      vertex -17.9615 -1.17726 1.1
      vertex -17.9615 -1.17726 15.99
    endloop
  endfacet
  facet normal 0.63443 -0.77298 0
    outer loop
      vertex 10.9577 -14.2804 1.1
      vertex 11.8682 -13.5331 15.99
      vertex 10.9577 -14.2804 15.99
    endloop
  endfacet
  facet normal 0.63443 -0.77298 0
    outer loop
      vertex 11.8682 -13.5331 15.99
      vertex 10.9577 -14.2804 1.1
      vertex 11.8682 -13.5331 1.1
    endloop
  endfacet
  facet normal 0.999466 -0.0326856 0
    outer loop
      vertex 17.9615 -1.17726 15.99
      vertex 18 0 1.1
      vertex 18 0 15.99
    endloop
  endfacet
  facet normal 0.999466 -0.0326856 0
    outer loop
      vertex 18 0 1.1
      vertex 17.9615 -1.17726 15.99
      vertex 17.9615 -1.17726 1.1
    endloop
  endfacet
  facet normal -0.528052 -0.849212 0
    outer loop
      vertex -10.0003 -14.9665 1.1
      vertex -9 -15.5885 15.99
      vertex -10.0003 -14.9665 15.99
    endloop
  endfacet
  facet normal -0.528052 -0.849212 -0
    outer loop
      vertex -9 -15.5885 15.99
      vertex -10.0003 -14.9665 1.1
      vertex -9 -15.5885 1.1
    endloop
  endfacet
  facet normal -0.77298 0.63443 0
    outer loop
      vertex -14.2804 10.9577 1.1
      vertex -13.5331 11.8682 15.99
      vertex -13.5331 11.8682 1.1
    endloop
  endfacet
  facet normal -0.77298 0.63443 0
    outer loop
      vertex -13.5331 11.8682 15.99
      vertex -14.2804 10.9577 1.1
      vertex -14.2804 10.9577 15.99
    endloop
  endfacet
  facet normal -0.999466 0.0326856 0
    outer loop
      vertex -18 0 1.1
      vertex -17.9615 1.17726 15.99
      vertex -17.9615 1.17726 1.1
    endloop
  endfacet
  facet normal -0.999466 0.0326856 0
    outer loop
      vertex -17.9615 1.17726 15.99
      vertex -18 0 1.1
      vertex -18 0 15.99
    endloop
  endfacet
  facet normal 0.910872 -0.41269 0
    outer loop
      vertex 16.1437 -7.9612 15.99
      vertex 16.6298 -6.8883 1.1
      vertex 16.6298 -6.8883 15.99
    endloop
  endfacet
  facet normal 0.910872 -0.41269 0
    outer loop
      vertex 16.6298 -6.8883 1.1
      vertex 16.1437 -7.9612 15.99
      vertex 16.1437 -7.9612 1.1
    endloop
  endfacet
  facet normal 0 0 -1
    outer loop
      vertex 16.8897 -0.0905833 0
      vertex 16.8897 0.0905833 0
      vertex 16.8927 0 0
    endloop
  endfacet
  facet normal 0 0 -1
    outer loop
      vertex 16.8476 -1.19503 0
      vertex 16.8897 -0.0905833 0
      vertex 16.8565 -1.10483 0
    endloop
  endfacet
  facet normal -0 0 -1
    outer loop
      vertex 16.8897 -0.0905833 0
      vertex 16.8476 -1.19503 0
      vertex 16.8897 0.0905833 0
    endloop
  endfacet
  facet normal 0 0 -1
    outer loop
      vertex 16.8476 1.19503 0
      vertex 16.8897 0.0905833 0
      vertex 16.8476 -1.19503 0
    endloop
  endfacet
  facet normal 0 0 -1
    outer loop
      vertex 16.8897 0.0905833 0
      vertex 16.8476 1.19503 0
      vertex 16.8565 1.10483 0
    endloop
  endfacet
  facet normal 0 0 -1
    outer loop
      vertex 16.7482 -2.20494 0
      vertex 16.8476 1.19503 0
      vertex 16.8476 -1.19503 0
    endloop
  endfacet
  facet normal 0 0 -1
    outer loop
      vertex 16.7482 -2.20494 0
      vertex 16.7482 2.20494 0
      vertex 16.8476 1.19503 0
    endloop
  endfacet
  facet normal 0 0 -1
    outer loop
      vertex 16.5829 -3.20618 0
      vertex 16.7482 2.20494 0
      vertex 16.7482 -2.20494 0
    endloop
  endfacet
  facet normal 0 0 -1
    outer loop
      vertex 16.5829 -3.20618 0
      vertex 16.5829 3.20618 0
      vertex 16.7482 2.20494 0
    endloop
  endfacet
  facet normal 0 0 -1
    outer loop
      vertex 16.3377 -4.28389 0
      vertex 16.5829 -3.20618 0
      vertex 16.5681 -3.2956 0
    endloop
  endfacet
  facet normal 0 0 -1
    outer loop
      vertex 3 -16 0
      vertex 16.5829 -3.20618 0
      vertex 16.3377 -4.28389 0
    endloop
  endfacet
  facet normal -0 0 -1
    outer loop
      vertex 16.5829 -3.20618 0
      vertex 3 -16 0
      vertex 16.5829 3.20618 0
    endloop
  endfacet
  facet normal 0 0 -1
    outer loop
      vertex 16.5829 3.20618 0
      vertex 16.3377 4.28389 0
      vertex 16.5681 3.2956 0
    endloop
  endfacet
  facet normal 0 0 -1
    outer loop
      vertex 16.2908 -4.45888 0
      vertex 16.3377 -4.28389 0
      vertex 16.3171 -4.37215 0
    endloop
  endfacet
  facet normal 0 0 -1
    outer loop
      vertex 3 -16 0
      vertex 16.3377 -4.28389 0
      vertex 16.2908 -4.45888 0
    endloop
  endfacet
  facet normal 0 0 -1
    outer loop
      vertex 3 16 0
      vertex 16.5829 3.20618 0
      vertex 3 -16 0
    endloop
  endfacet
  facet normal 0 0 -1
    outer loop
      vertex 16.3377 4.28389 0
      vertex 16.2908 4.45888 0
      vertex 16.3171 4.37215 0
    endloop
  endfacet
  facet normal 0 0 -1
    outer loop
      vertex 15.9643 -5.5148 0
      vertex 16.2908 -4.45888 0
      vertex 15.9962 -5.42998 0
    endloop
  endfacet
  facet normal 0 0 -1
    outer loop
      vertex 3 -16 0
      vertex 16.2908 -4.45888 0
      vertex 15.9643 -5.5148 0
    endloop
  endfacet
  facet normal 0 0 -1
    outer loop
      vertex 16.5829 3.20618 0
      vertex 3 16 0
      vertex 16.3377 4.28389 0
    endloop
  endfacet
  facet normal 0 0 -1
    outer loop
      vertex 16.2908 4.45888 0
      vertex 15.9643 5.5148 0
      vertex 15.9962 5.42998 0
    endloop
  endfacet
  facet normal 0 0 -1
    outer loop
      vertex 3 -16 0
      vertex 15.9643 -5.5148 0
      vertex 15.6068 -6.46455 0
    endloop
  endfacet
  facet normal 0 0 -1
    outer loop
      vertex 16.3377 4.28389 0
      vertex 3 16 0
      vertex 16.2908 4.45888 0
    endloop
  endfacet
  facet normal 0 0 -1
    outer loop
      vertex 3 -16 0
      vertex 15.6068 -6.46455 0
      vertex 15.188 -7.38889 0
    endloop
  endfacet
  facet normal 0 0 -1
    outer loop
      vertex 16.2908 4.45888 0
      vertex 3 16 0
      vertex 15.9643 5.5148 0
    endloop
  endfacet
  facet normal 0 0 -1
    outer loop
      vertex 14.6722 -8.36642 0
      vertex 15.188 -7.38889 0
      vertex 15.1506 -7.47145 0
    endloop
  endfacet
  facet normal 0 0 -1
    outer loop
      vertex 15.9643 5.5148 0
      vertex 3 16 0
      vertex 15.6068 6.46455 0
    endloop
  endfacet
  facet normal 0 0 -1
    outer loop
      vertex 15.188 -7.38889 0
      vertex 14.6722 -8.36642 0
      vertex 3 -16 0
    endloop
  endfacet
  facet normal 0 0 -1
    outer loop
      vertex 15.6068 6.46455 0
      vertex 3 16 0
      vertex 15.188 7.38889 0
    endloop
  endfacet
  facet normal 0 0 -1
    outer loop
      vertex 14.5816 -8.52331 0
      vertex 14.6722 -8.36642 0
      vertex 14.6295 -8.44635 0
    endloop
  endfacet
  facet normal 0 0 -1
    outer loop
      vertex 3 -16 0
      vertex 14.6722 -8.36642 0
      vertex 14.5816 -8.52331 0
    endloop
  endfacet
  facet normal -0 -0 -1
    outer loop
      vertex 14.6722 8.36642 0
      vertex 15.188 7.38889 0
      vertex 3 16 0
    endloop
  endfacet
  facet normal 0 0 -1
    outer loop
      vertex 14.6722 8.36642 0
      vertex 14.5816 8.52331 0
      vertex 14.6295 8.44635 0
    endloop
  endfacet
  facet normal 0 0 -1
    outer loop
      vertex 3 -16 0
      vertex 14.5816 -8.52331 0
      vertex 14.0458 -9.38508 0
    endloop
  endfacet
  facet normal 0 0 -1
    outer loop
      vertex 15.188 7.38889 0
      vertex 14.6722 8.36642 0
      vertex 15.1506 7.47145 0
    endloop
  endfacet
  facet normal 0 0 -1
    outer loop
      vertex 3 -16 0
      vertex 14.0458 -9.38508 0
      vertex 13.4547 -10.2099 0
    endloop
  endfacet
  facet normal 0 0 -1
    outer loop
      vertex 14.6722 8.36642 0
      vertex 3 16 0
      vertex 14.5816 8.52331 0
    endloop
  endfacet
  facet normal 0 0 -1
    outer loop
      vertex 13.3444 -10.3537 0
      vertex 13.4547 -10.2099 0
      vertex 13.4019 -10.2836 0
    endloop
  endfacet
  facet normal 0 0 -1
    outer loop
      vertex 3 -16 0
      vertex 13.4547 -10.2099 0
      vertex 13.3444 -10.3537 0
    endloop
  endfacet
  facet normal 0 0 -1
    outer loop
      vertex 14.5816 8.52331 0
      vertex 3 16 0
      vertex 14.0458 9.38508 0
    endloop
  endfacet
  facet normal 0 0 -1
    outer loop
      vertex 13.4547 10.2099 0
      vertex 13.3444 10.3537 0
      vertex 13.4019 10.2836 0
    endloop
  endfacet
  facet normal 0 0 -1
    outer loop
      vertex 3 -16 0
      vertex 13.3444 -10.3537 0
      vertex 12.7006 -11.1381 0
    endloop
  endfacet
  facet normal 0 0 -1
    outer loop
      vertex 14.0458 9.38508 0
      vertex 3 16 0
      vertex 13.4547 10.2099 0
    endloop
  endfacet
  facet normal 0 0 -1
    outer loop
      vertex 3 -16 0
      vertex 12.7006 -11.1381 0
      vertex 12.0069 -11.8788 0
    endloop
  endfacet
  facet normal 0 0 -1
    outer loop
      vertex 13.4547 10.2099 0
      vertex 3 16 0
      vertex 13.3444 10.3537 0
    endloop
  endfacet
  facet normal 0 0 -1
    outer loop
      vertex 11.8788 -12.0069 0
      vertex 12.0069 -11.8788 0
      vertex 11.9449 -11.9449 0
    endloop
  endfacet
  facet normal 0 0 -1
    outer loop
      vertex 13.3444 10.3537 0
      vertex 3 16 0
      vertex 12.7006 11.1381 0
    endloop
  endfacet
  facet normal 0 0 -1
    outer loop
      vertex 12.0069 -11.8788 0
      vertex 11.8788 -12.0069 0
      vertex 3 -16 0
    endloop
  endfacet
  facet normal 0 0 -1
    outer loop
      vertex 12.7006 11.1381 0
      vertex 3 16 0
      vertex 12.0069 11.8788 0
    endloop
  endfacet
  facet normal 0 0 -1
    outer loop
      vertex 3 -16 0
      vertex 11.8788 -12.0069 0
      vertex 11.1381 -12.7006 0
    endloop
  endfacet
  facet normal -0 -0 -1
    outer loop
      vertex 11.8788 12.0069 0
      vertex 12.0069 11.8788 0
      vertex 3 16 0
    endloop
  endfacet
  facet normal 0 0 -1
    outer loop
      vertex 3 -16 0
      vertex 11.1381 -12.7006 0
      vertex 10.3537 -13.3444 0
    endloop
  endfacet
  facet normal 0 0 -1
    outer loop
      vertex 12.0069 11.8788 0
      vertex 11.8788 12.0069 0
      vertex 11.9449 11.9449 0
    endloop
  endfacet
  facet normal 0 0 -1
    outer loop
      vertex 10.2099 -13.4547 0
      vertex 10.3537 -13.3444 0
      vertex 10.2836 -13.4019 0
    endloop
  endfacet
  facet normal 0 0 -1
    outer loop
      vertex 11.8788 12.0069 0
      vertex 3 16 0
      vertex 11.1381 12.7006 0
    endloop
  endfacet
  facet normal 0 0 -1
    outer loop
      vertex 10.3537 -13.3444 0
      vertex 10.2099 -13.4547 0
      vertex 3 -16 0
    endloop
  endfacet
  facet normal 0 0 -1
    outer loop
      vertex 11.1381 12.7006 0
      vertex 3 16 0
      vertex 10.3537 13.3444 0
    endloop
  endfacet
  facet normal 0 0 -1
    outer loop
      vertex 3 -16 0
      vertex 10.2099 -13.4547 0
      vertex 9.38508 -14.0458 0
    endloop
  endfacet
  facet normal -0 -0 -1
    outer loop
      vertex 10.2099 13.4547 0
      vertex 10.3537 13.3444 0
      vertex 3 16 0
    endloop
  endfacet
  facet normal 0 0 -1
    outer loop
      vertex 3 -16 0
      vertex 9.38508 -14.0458 0
      vertex 8.52331 -14.5816 0
    endloop
  endfacet
  facet normal 0 0 -1
    outer loop
      vertex 10.3537 13.3444 0
      vertex 10.2099 13.4547 0
      vertex 10.2836 13.4019 0
    endloop
  endfacet
  facet normal 0 0 -1
    outer loop
      vertex 8.36642 -14.6722 0
      vertex 8.52331 -14.5816 0
      vertex 8.44635 -14.6295 0
    endloop
  endfacet
  facet normal 0 0 -1
    outer loop
      vertex 10.2099 13.4547 0
      vertex 3 16 0
      vertex 9.38508 14.0458 0
    endloop
  endfacet
  facet normal 0 0 -1
    outer loop
      vertex 8.52331 -14.5816 0
      vertex 8.36642 -14.6722 0
      vertex 3 -16 0
    endloop
  endfacet
  facet normal 0 0 -1
    outer loop
      vertex 9.38508 14.0458 0
      vertex 3 16 0
      vertex 8.52331 14.5816 0
    endloop
  endfacet
  facet normal 0 0 -1
    outer loop
      vertex 3 -16 0
      vertex 8.36642 -14.6722 0
      vertex 7.47145 -15.1506 0
    endloop
  endfacet
  facet normal -0 -0 -1
    outer loop
      vertex 8.36642 14.6722 0
      vertex 8.52331 14.5816 0
      vertex 3 16 0
    endloop
  endfacet
  facet normal 0 0 -1
    outer loop
      vertex 3 -16 0
      vertex 7.47145 -15.1506 0
      vertex 7.38889 -15.188 0
    endloop
  endfacet
  facet normal 0 0 -1
    outer loop
      vertex 8.52331 14.5816 0
      vertex 8.36642 14.6722 0
      vertex 8.44635 14.6295 0
    endloop
  endfacet
  facet normal 0 0 -1
    outer loop
      vertex 3 -16 0
      vertex 7.38889 -15.188 0
      vertex 6.46455 -15.6068 0
    endloop
  endfacet
  facet normal 0 0 -1
    outer loop
      vertex 8.36642 14.6722 0
      vertex 3 16 0
      vertex 7.47145 15.1506 0
    endloop
  endfacet
  facet normal 0 0 -1
    outer loop
      vertex 3 -16 0
      vertex 6.46455 -15.6068 0
      vertex 5.5148 -15.9643 0
    endloop
  endfacet
  facet normal 0 0 -1
    outer loop
      vertex 7.47145 15.1506 0
      vertex 3 16 0
      vertex 7.38889 15.188 0
    endloop
  endfacet
  facet normal 0 0 -1
    outer loop
      vertex 3 -16 0
      vertex 5.5148 -15.9643 0
      vertex 5.42998 -15.9962 0
    endloop
  endfacet
  facet normal 0 0 -1
    outer loop
      vertex 7.38889 15.188 0
      vertex 3 16 0
      vertex 6.46455 15.6068 0
    endloop
  endfacet
  facet normal 0 0 -1
    outer loop
      vertex 3 -16 0
      vertex 5.42998 -15.9962 0
      vertex 4.45888 -16.2908 0
    endloop
  endfacet
  facet normal 0 0 -1
    outer loop
      vertex 6.46455 15.6068 0
      vertex 3 16 0
      vertex 5.5148 15.9643 0
    endloop
  endfacet
  facet normal 0 0 -1
    outer loop
      vertex 3 -16 0
      vertex 4.45888 -16.2908 0
      vertex 4.37215 -16.3171 0
    endloop
  endfacet
  facet normal 0 0 -1
    outer loop
      vertex 5.5148 15.9643 0
      vertex 3 16 0
      vertex 5.42998 15.9962 0
    endloop
  endfacet
  facet normal 0 0 -1
    outer loop
      vertex 3 -16 0
      vertex 4.37215 -16.3171 0
      vertex 4.28389 -16.3377 0
    endloop
  endfacet
  facet normal 0 0 -1
    outer loop
      vertex 5.42998 15.9962 0
      vertex 3 16 0
      vertex 4.45888 16.2908 0
    endloop
  endfacet
  facet normal 0 0 -1
    outer loop
      vertex 3 -16 0
      vertex 4.28389 -16.3377 0
      vertex 3.2956 -16.5681 0
    endloop
  endfacet
  facet normal -0 0 -1
    outer loop
      vertex 4.45888 16.2908 0
      vertex 3 16 0
      vertex 4.37215 16.3171 0
    endloop
  endfacet
  facet normal 0 0 -1
    outer loop
      vertex 3 -16 0
      vertex 3.2956 -16.5681 0
      vertex 3.20618 -16.5829 0
    endloop
  endfacet
  facet normal -0 0 -1
    outer loop
      vertex 4.37215 16.3171 0
      vertex 3 16 0
      vertex 4.28389 16.3377 0
    endloop
  endfacet
  facet normal -0 0 -1
    outer loop
      vertex 4.28389 16.3377 0
      vertex 3 16 0
      vertex 3.2956 16.5681 0
    endloop
  endfacet
  facet normal 0 0 -1
    outer loop
      vertex 2.20494 -16.7482 0
      vertex 3 -16 0
      vertex 3.20618 -16.5829 0
    endloop
  endfacet
  facet normal 0 0 -1
    outer loop
      vertex 1.19503 -16.8476 0
      vertex 3 -16 0
      vertex 2.20494 -16.7482 0
    endloop
  endfacet
  facet normal 0 0 -1
    outer loop
      vertex 1.10483 -16.8565 0
      vertex 3 -16 0
      vertex 1.19503 -16.8476 0
    endloop
  endfacet
  facet normal 0 0 -1
    outer loop
      vertex 0.0905833 -16.8897 0
      vertex 3 -16 0
      vertex 1.10483 -16.8565 0
    endloop
  endfacet
  facet normal 0 0 -1
    outer loop
      vertex -0.0905833 -16.8897 0
      vertex 0.0905833 -16.8897 0
      vertex 0 -16.8927 0
    endloop
  endfacet
  facet normal 0 0 -1
    outer loop
      vertex 0.0905833 -16.8897 0
      vertex -0.0905833 -16.8897 0
      vertex 3 -16 0
    endloop
  endfacet
  facet normal 0 0 -1
    outer loop
      vertex -3 -16 0
      vertex -0.0905833 -16.8897 0
      vertex -1.10483 -16.8565 0
    endloop
  endfacet
  facet normal 0 0 -1
    outer loop
      vertex -3 -16 0
      vertex -1.10483 -16.8565 0
      vertex -1.19503 -16.8476 0
    endloop
  endfacet
  facet normal 0 0 -1
    outer loop
      vertex -3 -16 0
      vertex -1.19503 -16.8476 0
      vertex -2.20494 -16.7482 0
    endloop
  endfacet
  facet normal 0 0 -1
    outer loop
      vertex -0.0905833 -16.8897 0
      vertex -3 -16 0
      vertex 3 -16 0
    endloop
  endfacet
  facet normal 0 0 -1
    outer loop
      vertex -3.2956 -16.5681 0
      vertex -3 -16 0
      vertex -3.20618 -16.5829 0
    endloop
  endfacet
  facet normal 0 0 -1
    outer loop
      vertex -3.20618 -16.5829 0
      vertex -3 -16 0
      vertex -2.20494 -16.7482 0
    endloop
  endfacet
  facet normal -0 0 -1
    outer loop
      vertex 3.2956 16.5681 0
      vertex 3 16 0
      vertex 3.20618 16.5829 0
    endloop
  endfacet
  facet normal 0 0 -1
    outer loop
      vertex 3 16 0
      vertex 2.20494 16.7482 0
      vertex 3.20618 16.5829 0
    endloop
  endfacet
  facet normal 0 0 -1
    outer loop
      vertex 3 16 0
      vertex 1.19503 16.8476 0
      vertex 2.20494 16.7482 0
    endloop
  endfacet
  facet normal 0 0 -1
    outer loop
      vertex 3 16 0
      vertex 1.10483 16.8565 0
      vertex 1.19503 16.8476 0
    endloop
  endfacet
  facet normal 0 0 -1
    outer loop
      vertex 3 16 0
      vertex 0.0905833 16.8897 0
      vertex 1.10483 16.8565 0
    endloop
  endfacet
  facet normal 0 0 -1
    outer loop
      vertex -0.0905833 16.8897 0
      vertex 0.0905833 16.8897 0
      vertex 3 16 0
    endloop
  endfacet
  facet normal 0 0 -1
    outer loop
      vertex 0.0905833 16.8897 0
      vertex -0.0905833 16.8897 0
      vertex 0 16.8927 0
    endloop
  endfacet
  facet normal 0 0 -1
    outer loop
      vertex -3 16 0
      vertex -0.0905833 16.8897 0
      vertex 3 16 0
    endloop
  endfacet
  facet normal 0 0 -1
    outer loop
      vertex -0.0905833 16.8897 0
      vertex -3 16 0
      vertex -1.10483 16.8565 0
    endloop
  endfacet
  facet normal 0 0 -1
    outer loop
      vertex -1.10483 16.8565 0
      vertex -3 16 0
      vertex -1.19503 16.8476 0
    endloop
  endfacet
  facet normal 0 0 -1
    outer loop
      vertex -1.19503 16.8476 0
      vertex -3 16 0
      vertex -2.20494 16.7482 0
    endloop
  endfacet
  facet normal 0 0 -1
    outer loop
      vertex -3 16 0
      vertex -3.20618 16.5829 0
      vertex -2.20494 16.7482 0
    endloop
  endfacet
  facet normal 0 0 -1
    outer loop
      vertex -4.45888 -16.2908 0
      vertex -3 -16 0
      vertex -4.28389 -16.3377 0
    endloop
  endfacet
  facet normal 0 0 -1
    outer loop
      vertex -3 -16 0
      vertex -3.2956 -16.5681 0
      vertex -4.28389 -16.3377 0
    endloop
  endfacet
  facet normal 0 0 -1
    outer loop
      vertex -5.42998 -15.9962 0
      vertex -3 -16 0
      vertex -4.45888 -16.2908 0
    endloop
  endfacet
  facet normal 0 -0 -1
    outer loop
      vertex -3.2956 16.5681 0
      vertex -3 16 0
      vertex -4.28389 16.3377 0
    endloop
  endfacet
  facet normal 0 0 -1
    outer loop
      vertex -3 16 0
      vertex -3.2956 16.5681 0
      vertex -3.20618 16.5829 0
    endloop
  endfacet
  facet normal 0 0 -1
    outer loop
      vertex -4.45888 -16.2908 0
      vertex -4.28389 -16.3377 0
      vertex -4.37215 -16.3171 0
    endloop
  endfacet
  facet normal 0 0 -1
    outer loop
      vertex -6.46455 -15.6068 0
      vertex -3 -16 0
      vertex -5.5148 -15.9643 0
    endloop
  endfacet
  facet normal 0 0 -1
    outer loop
      vertex -3 16 0
      vertex -4.45888 16.2908 0
      vertex -4.28389 16.3377 0
    endloop
  endfacet
  facet normal 0 0 -1
    outer loop
      vertex -4.28389 16.3377 0
      vertex -4.45888 16.2908 0
      vertex -4.37215 16.3171 0
    endloop
  endfacet
  facet normal 0 0 -1
    outer loop
      vertex -3 -16 0
      vertex -5.42998 -15.9962 0
      vertex -5.5148 -15.9643 0
    endloop
  endfacet
  facet normal 0 0 -1
    outer loop
      vertex -7.38889 -15.188 0
      vertex -3 -16 0
      vertex -6.46455 -15.6068 0
    endloop
  endfacet
  facet normal 0 -0 -1
    outer loop
      vertex -5.42998 15.9962 0
      vertex -3 16 0
      vertex -5.5148 15.9643 0
    endloop
  endfacet
  facet normal -0 0 -1
    outer loop
      vertex -3 16 0
      vertex -5.42998 15.9962 0
      vertex -4.45888 16.2908 0
    endloop
  endfacet
  facet normal 0 0 -1
    outer loop
      vertex -8.36642 -14.6722 0
      vertex -3 -16 0
      vertex -7.38889 -15.188 0
    endloop
  endfacet
  facet normal 0 0 -1
    outer loop
      vertex -3 16 0
      vertex -6.46455 15.6068 0
      vertex -5.5148 15.9643 0
    endloop
  endfacet
  facet normal 0 0 -1
    outer loop
      vertex -8.52331 -14.5816 0
      vertex -3 -16 0
      vertex -8.36642 -14.6722 0
    endloop
  endfacet
  facet normal 0 0 -1
    outer loop
      vertex -3 16 0
      vertex -7.38889 15.188 0
      vertex -6.46455 15.6068 0
    endloop
  endfacet
  facet normal 0 0 -1
    outer loop
      vertex -8.36642 -14.6722 0
      vertex -7.38889 -15.188 0
      vertex -7.47145 -15.1506 0
    endloop
  endfacet
  facet normal 0 0 -1
    outer loop
      vertex -9.38508 -14.0458 0
      vertex -3 -16 0
      vertex -8.52331 -14.5816 0
    endloop
  endfacet
  facet normal 0 0 -1
    outer loop
      vertex -3 16 0
      vertex -8.36642 14.6722 0
      vertex -7.38889 15.188 0
    endloop
  endfacet
  facet normal 0 0 -1
    outer loop
      vertex -7.38889 15.188 0
      vertex -8.36642 14.6722 0
      vertex -7.47145 15.1506 0
    endloop
  endfacet
  facet normal 0 0 -1
    outer loop
      vertex -8.52331 -14.5816 0
      vertex -8.36642 -14.6722 0
      vertex -8.44635 -14.6295 0
    endloop
  endfacet
  facet normal 0 0 -1
    outer loop
      vertex -10.2099 -13.4547 0
      vertex -3 -16 0
      vertex -9.38508 -14.0458 0
    endloop
  endfacet
  facet normal 0 0 -1
    outer loop
      vertex -3 16 0
      vertex -8.52331 14.5816 0
      vertex -8.36642 14.6722 0
    endloop
  endfacet
  facet normal 0 0 -1
    outer loop
      vertex -8.36642 14.6722 0
      vertex -8.52331 14.5816 0
      vertex -8.44635 14.6295 0
    endloop
  endfacet
  facet normal 0 0 -1
    outer loop
      vertex -10.3537 -13.3444 0
      vertex -3 -16 0
      vertex -10.2099 -13.4547 0
    endloop
  endfacet
  facet normal 0 0 -1
    outer loop
      vertex -3 16 0
      vertex -9.38508 14.0458 0
      vertex -8.52331 14.5816 0
    endloop
  endfacet
  facet normal 0 0 -1
    outer loop
      vertex -11.1381 -12.7006 0
      vertex -3 -16 0
      vertex -10.3537 -13.3444 0
    endloop
  endfacet
  facet normal 0 0 -1
    outer loop
      vertex -3 16 0
      vertex -10.2099 13.4547 0
      vertex -9.38508 14.0458 0
    endloop
  endfacet
  facet normal 0 0 -1
    outer loop
      vertex -10.3537 -13.3444 0
      vertex -10.2099 -13.4547 0
      vertex -10.2836 -13.4019 0
    endloop
  endfacet
  facet normal 0 0 -1
    outer loop
      vertex -11.8788 -12.0069 0
      vertex -3 -16 0
      vertex -11.1381 -12.7006 0
    endloop
  endfacet
  facet normal 0 0 -1
    outer loop
      vertex -3 16 0
      vertex -10.3537 13.3444 0
      vertex -10.2099 13.4547 0
    endloop
  endfacet
  facet normal 0 0 -1
    outer loop
      vertex -10.2099 13.4547 0
      vertex -10.3537 13.3444 0
      vertex -10.2836 13.4019 0
    endloop
  endfacet
  facet normal 0 0 -1
    outer loop
      vertex -12.0069 -11.8788 0
      vertex -3 -16 0
      vertex -11.8788 -12.0069 0
    endloop
  endfacet
  facet normal 0 0 -1
    outer loop
      vertex -3 16 0
      vertex -11.1381 12.7006 0
      vertex -10.3537 13.3444 0
    endloop
  endfacet
  facet normal 0 0 -1
    outer loop
      vertex -12.7006 -11.1381 0
      vertex -3 -16 0
      vertex -12.0069 -11.8788 0
    endloop
  endfacet
  facet normal 0 0 -1
    outer loop
      vertex -3 16 0
      vertex -11.8788 12.0069 0
      vertex -11.1381 12.7006 0
    endloop
  endfacet
  facet normal 0 0 -1
    outer loop
      vertex -12.0069 -11.8788 0
      vertex -11.8788 -12.0069 0
      vertex -11.9449 -11.9449 0
    endloop
  endfacet
  facet normal 0 0 -1
    outer loop
      vertex -13.3444 -10.3537 0
      vertex -3 -16 0
      vertex -12.7006 -11.1381 0
    endloop
  endfacet
  facet normal 0 0 -1
    outer loop
      vertex -3 16 0
      vertex -12.0069 11.8788 0
      vertex -11.8788 12.0069 0
    endloop
  endfacet
  facet normal 0 0 -1
    outer loop
      vertex -11.8788 12.0069 0
      vertex -12.0069 11.8788 0
      vertex -11.9449 11.9449 0
    endloop
  endfacet
  facet normal 0 0 -1
    outer loop
      vertex -13.4547 -10.2099 0
      vertex -3 -16 0
      vertex -13.3444 -10.3537 0
    endloop
  endfacet
  facet normal 0 0 -1
    outer loop
      vertex -3 16 0
      vertex -12.7006 11.1381 0
      vertex -12.0069 11.8788 0
    endloop
  endfacet
  facet normal 0 0 -1
    outer loop
      vertex -14.0458 -9.38508 0
      vertex -3 -16 0
      vertex -13.4547 -10.2099 0
    endloop
  endfacet
  facet normal 0 0 -1
    outer loop
      vertex -3 16 0
      vertex -13.3444 10.3537 0
      vertex -12.7006 11.1381 0
    endloop
  endfacet
  facet normal 0 0 -1
    outer loop
      vertex -13.4547 -10.2099 0
      vertex -13.3444 -10.3537 0
      vertex -13.4019 -10.2836 0
    endloop
  endfacet
  facet normal 0 0 -1
    outer loop
      vertex -14.5816 -8.52331 0
      vertex -3 -16 0
      vertex -14.0458 -9.38508 0
    endloop
  endfacet
  facet normal 0 0 -1
    outer loop
      vertex -3 16 0
      vertex -13.4547 10.2099 0
      vertex -13.3444 10.3537 0
    endloop
  endfacet
  facet normal 0 0 -1
    outer loop
      vertex -13.3444 10.3537 0
      vertex -13.4547 10.2099 0
      vertex -13.4019 10.2836 0
    endloop
  endfacet
  facet normal 0 0 -1
    outer loop
      vertex -14.6722 -8.36642 0
      vertex -3 -16 0
      vertex -14.5816 -8.52331 0
    endloop
  endfacet
  facet normal 0 0 -1
    outer loop
      vertex -3 16 0
      vertex -14.0458 9.38508 0
      vertex -13.4547 10.2099 0
    endloop
  endfacet
  facet normal 0 0 -1
    outer loop
      vertex -15.188 -7.38889 0
      vertex -3 -16 0
      vertex -14.6722 -8.36642 0
    endloop
  endfacet
  facet normal 0 0 -1
    outer loop
      vertex -3 16 0
      vertex -14.5816 8.52331 0
      vertex -14.0458 9.38508 0
    endloop
  endfacet
  facet normal 0 0 -1
    outer loop
      vertex -14.6722 -8.36642 0
      vertex -14.5816 -8.52331 0
      vertex -14.6295 -8.44635 0
    endloop
  endfacet
  facet normal 0 0 -1
    outer loop
      vertex -15.6068 -6.46455 0
      vertex -3 -16 0
      vertex -15.188 -7.38889 0
    endloop
  endfacet
  facet normal 0 0 -1
    outer loop
      vertex -3 16 0
      vertex -14.6722 8.36642 0
      vertex -14.5816 8.52331 0
    endloop
  endfacet
  facet normal 0 0 -1
    outer loop
      vertex -14.5816 8.52331 0
      vertex -14.6722 8.36642 0
      vertex -14.6295 8.44635 0
    endloop
  endfacet
  facet normal 0 0 -1
    outer loop
      vertex -15.188 -7.38889 0
      vertex -14.6722 -8.36642 0
      vertex -15.1506 -7.47145 0
    endloop
  endfacet
  facet normal 0 0 -1
    outer loop
      vertex -15.9643 -5.5148 0
      vertex -3 -16 0
      vertex -15.6068 -6.46455 0
    endloop
  endfacet
  facet normal 0 0 -1
    outer loop
      vertex -3 16 0
      vertex -15.188 7.38889 0
      vertex -14.6722 8.36642 0
    endloop
  endfacet
  facet normal 0 0 -1
    outer loop
      vertex -14.6722 8.36642 0
      vertex -15.188 7.38889 0
      vertex -15.1506 7.47145 0
    endloop
  endfacet
  facet normal 0 0 -1
    outer loop
      vertex -16.2908 -4.45888 0
      vertex -3 -16 0
      vertex -15.9643 -5.5148 0
    endloop
  endfacet
  facet normal 0 0 -1
    outer loop
      vertex -3 16 0
      vertex -15.6068 6.46455 0
      vertex -15.188 7.38889 0
    endloop
  endfacet
  facet normal 0 0 -1
    outer loop
      vertex -16.3377 -4.28389 0
      vertex -3 -16 0
      vertex -16.2908 -4.45888 0
    endloop
  endfacet
  facet normal 0 0 -1
    outer loop
      vertex -3 16 0
      vertex -15.9643 5.5148 0
      vertex -15.6068 6.46455 0
    endloop
  endfacet
  facet normal 0 0 -1
    outer loop
      vertex -16.2908 -4.45888 0
      vertex -15.9643 -5.5148 0
      vertex -15.9962 -5.42998 0
    endloop
  endfacet
  facet normal 0 0 -1
    outer loop
      vertex -16.5829 -3.20618 0
      vertex -3 -16 0
      vertex -16.3377 -4.28389 0
    endloop
  endfacet
  facet normal 0 0 -1
    outer loop
      vertex -3 16 0
      vertex -16.2908 4.45888 0
      vertex -15.9643 5.5148 0
    endloop
  endfacet
  facet normal 0 0 -1
    outer loop
      vertex -15.9643 5.5148 0
      vertex -16.2908 4.45888 0
      vertex -15.9962 5.42998 0
    endloop
  endfacet
  facet normal 0 0 -1
    outer loop
      vertex -16.3377 -4.28389 0
      vertex -16.2908 -4.45888 0
      vertex -16.3171 -4.37215 0
    endloop
  endfacet
  facet normal 0 0 -1
    outer loop
      vertex -3 -16 0
      vertex -16.5829 -3.20618 0
      vertex -3 16 0
    endloop
  endfacet
  facet normal 0 0 -1
    outer loop
      vertex -3 16 0
      vertex -16.3377 4.28389 0
      vertex -16.2908 4.45888 0
    endloop
  endfacet
  facet normal 0 0 -1
    outer loop
      vertex -16.2908 4.45888 0
      vertex -16.3377 4.28389 0
      vertex -16.3171 4.37215 0
    endloop
  endfacet
  facet normal 0 0 -1
    outer loop
      vertex -16.5829 -3.20618 0
      vertex -16.3377 -4.28389 0
      vertex -16.5681 -3.2956 0
    endloop
  endfacet
  facet normal 0 0 -1
    outer loop
      vertex -16.5829 3.20618 0
      vertex -3 16 0
      vertex -16.5829 -3.20618 0
    endloop
  endfacet
  facet normal 0 0 -1
    outer loop
      vertex -3 16 0
      vertex -16.5829 3.20618 0
      vertex -16.3377 4.28389 0
    endloop
  endfacet
  facet normal 0 0 -1
    outer loop
      vertex -16.3377 4.28389 0
      vertex -16.5829 3.20618 0
      vertex -16.5681 3.2956 0
    endloop
  endfacet
  facet normal 0 0 -1
    outer loop
      vertex -16.7482 -2.20494 0
      vertex -16.5829 3.20618 0
      vertex -16.5829 -3.20618 0
    endloop
  endfacet
  facet normal 0 0 -1
    outer loop
      vertex -16.7482 -2.20494 0
      vertex -16.7482 2.20494 0
      vertex -16.5829 3.20618 0
    endloop
  endfacet
  facet normal 0 0 -1
    outer loop
      vertex -16.8476 -1.19503 0
      vertex -16.7482 2.20494 0
      vertex -16.7482 -2.20494 0
    endloop
  endfacet
  facet normal 0 0 -1
    outer loop
      vertex -16.8476 -1.19503 0
      vertex -16.8476 1.19503 0
      vertex -16.7482 2.20494 0
    endloop
  endfacet
  facet normal 0 0 -1
    outer loop
      vertex -16.8897 -0.0905833 0
      vertex -16.8476 -1.19503 0
      vertex -16.8565 -1.10483 0
    endloop
  endfacet
  facet normal 0 0 -1
    outer loop
      vertex -16.8476 -1.19503 0
      vertex -16.8897 -0.0905833 0
      vertex -16.8476 1.19503 0
    endloop
  endfacet
  facet normal 0 0 -1
    outer loop
      vertex -16.8897 0.0905833 0
      vertex -16.8476 1.19503 0
      vertex -16.8897 -0.0905833 0
    endloop
  endfacet
  facet normal 0 0 -1
    outer loop
      vertex -16.8476 1.19503 0
      vertex -16.8897 0.0905833 0
      vertex -16.8565 1.10483 0
    endloop
  endfacet
  facet normal 0 -0 -1
    outer loop
      vertex -16.8897 0.0905833 0
      vertex -16.8897 -0.0905833 0
      vertex -16.8927 0 0
    endloop
  endfacet
  facet normal 0 0 1
    outer loop
      vertex 14 3 15.99
      vertex 18 0 15.99
      vertex 17.9615 1.17726 15.99
    endloop
  endfacet
  facet normal 0 0 1
    outer loop
      vertex 14 3 15.99
      vertex 17.9615 1.17726 15.99
      vertex 17.846 2.34947 15.99
    endloop
  endfacet
  facet normal 0 0 1
    outer loop
      vertex 14 -3 15.99
      vertex 18 0 15.99
      vertex 14 3 15.99
    endloop
  endfacet
  facet normal -0 0 1
    outer loop
      vertex 14 3 15.99
      vertex 17.846 2.34947 15.99
      vertex 17.6541 3.51163 15.99
    endloop
  endfacet
  facet normal 0 0 1
    outer loop
      vertex 18 0 15.99
      vertex 14 -3 15.99
      vertex 17.9615 -1.17726 15.99
    endloop
  endfacet
  facet normal 0 0 1
    outer loop
      vertex 14 3 15.99
      vertex 17.6541 3.51163 15.99
      vertex 17.3867 4.65874 15.99
    endloop
  endfacet
  facet normal 0 0 1
    outer loop
      vertex 17.9615 -1.17726 15.99
      vertex 14 -3 15.99
      vertex 17.846 -2.34947 15.99
    endloop
  endfacet
  facet normal 0 0 1
    outer loop
      vertex 14 3 15.99
      vertex 17.3867 4.65874 15.99
      vertex 17.0447 5.78591 15.99
    endloop
  endfacet
  facet normal 0 0 1
    outer loop
      vertex 17.846 -2.34947 15.99
      vertex 14 -3 15.99
      vertex 17.6541 -3.51163 15.99
    endloop
  endfacet
  facet normal 0 0 1
    outer loop
      vertex 14 3 15.99
      vertex 17.0447 5.78591 15.99
      vertex 16.6298 6.8883 15.99
    endloop
  endfacet
  facet normal 0 0 1
    outer loop
      vertex 17.6541 -3.51163 15.99
      vertex 14 -3 15.99
      vertex 17.3867 -4.65874 15.99
    endloop
  endfacet
  facet normal 0 0 1
    outer loop
      vertex 14 3 15.99
      vertex 16.6298 6.8883 15.99
      vertex 16.1437 7.9612 15.99
    endloop
  endfacet
  facet normal 0 0 1
    outer loop
      vertex 17.3867 -4.65874 15.99
      vertex 14 -3 15.99
      vertex 17.0447 -5.78591 15.99
    endloop
  endfacet
  facet normal 0 0 1
    outer loop
      vertex 14 3 15.99
      vertex 16.1437 7.9612 15.99
      vertex 15.5885 9 15.99
    endloop
  endfacet
  facet normal 0 0 1
    outer loop
      vertex 17.0447 -5.78591 15.99
      vertex 14 -3 15.99
      vertex 16.6298 -6.8883 15.99
    endloop
  endfacet
  facet normal 0 0 1
    outer loop
      vertex 14 3 15.99
      vertex 15.5885 9 15.99
      vertex 14.9665 10.0003 15.99
    endloop
  endfacet
  facet normal 0 0 1
    outer loop
      vertex 16.6298 -6.8883 15.99
      vertex 14 -3 15.99
      vertex 16.1437 -7.9612 15.99
    endloop
  endfacet
  facet normal 0 0 1
    outer loop
      vertex 14 3 15.99
      vertex 14.9665 10.0003 15.99
      vertex 14.2804 10.9577 15.99
    endloop
  endfacet
  facet normal 0 0 1
    outer loop
      vertex 16.1437 -7.9612 15.99
      vertex 14 -3 15.99
      vertex 15.5885 -9 15.99
    endloop
  endfacet
  facet normal 0 0 1
    outer loop
      vertex 15.5885 -9 15.99
      vertex 14 -3 15.99
      vertex 14.9665 -10.0003 15.99
    endloop
  endfacet
  facet normal 0 0 1
    outer loop
      vertex 13.5331 11.8682 15.99
      vertex 14 3 15.99
      vertex 14.2804 10.9577 15.99
    endloop
  endfacet
  facet normal 0 0 1
    outer loop
      vertex 12.7279 12.7279 15.99
      vertex 14 3 15.99
      vertex 13.5331 11.8682 15.99
    endloop
  endfacet
  facet normal 0 0 1
    outer loop
      vertex 11.8682 13.5331 15.99
      vertex 14 3 15.99
      vertex 12.7279 12.7279 15.99
    endloop
  endfacet
  facet normal 0 0 1
    outer loop
      vertex 10.9577 14.2804 15.99
      vertex 14 3 15.99
      vertex 11.8682 13.5331 15.99
    endloop
  endfacet
  facet normal 0 0 1
    outer loop
      vertex 10.0003 14.9665 15.99
      vertex 14 3 15.99
      vertex 10.9577 14.2804 15.99
    endloop
  endfacet
  facet normal 0 0 1
    outer loop
      vertex 9 15.5885 15.99
      vertex 14 3 15.99
      vertex 10.0003 14.9665 15.99
    endloop
  endfacet
  facet normal 0 0 1
    outer loop
      vertex 7.9612 16.1437 15.99
      vertex 14 3 15.99
      vertex 9 15.5885 15.99
    endloop
  endfacet
  facet normal 0 0 1
    outer loop
      vertex 0.478354 16.8451 15.99
      vertex 7.9612 16.1437 15.99
      vertex 6.8883 16.6298 15.99
    endloop
  endfacet
  facet normal -0 0 1
    outer loop
      vertex 0.478354 16.8451 15.99
      vertex 6.8883 16.6298 15.99
      vertex 5.78591 17.0447 15.99
    endloop
  endfacet
  facet normal 0 0 1
    outer loop
      vertex 0.478354 16.8451 15.99
      vertex 5.78591 17.0447 15.99
      vertex 4.65874 17.3867 15.99
    endloop
  endfacet
  facet normal 0 0 1
    outer loop
      vertex 0.478354 16.8451 15.99
      vertex 4.65874 17.3867 15.99
      vertex 3.51163 17.6541 15.99
    endloop
  endfacet
  facet normal 0 0 1
    outer loop
      vertex 0.883883 17.1161 15.99
      vertex 3.51163 17.6541 15.99
      vertex 2.34947 17.846 15.99
    endloop
  endfacet
  facet normal 0 0 1
    outer loop
      vertex 1.15485 17.5216 15.99
      vertex 2.34947 17.846 15.99
      vertex 1.24108 17.9552 15.99
    endloop
  endfacet
  facet normal 0 0 1
    outer loop
      vertex 0.883883 17.1161 15.99
      vertex 2.34947 17.846 15.99
      vertex 1.15485 17.5216 15.99
    endloop
  endfacet
  facet normal 0 0 1
    outer loop
      vertex 3.51163 17.6541 15.99
      vertex 0.883883 17.1161 15.99
      vertex 0.478354 16.8451 15.99
    endloop
  endfacet
  facet normal 0 0 1
    outer loop
      vertex 7.9612 16.1437 15.99
      vertex 0.478354 16.8451 15.99
      vertex 14 3 15.99
    endloop
  endfacet
  facet normal -0 0 1
    outer loop
      vertex 0 16.75 15.99
      vertex 14 3 15.99
      vertex 0.478354 16.8451 15.99
    endloop
  endfacet
  facet normal 0 0 1
    outer loop
      vertex -14 3 15.99
      vertex 0 16.75 15.99
      vertex -0.478354 16.8451 15.99
    endloop
  endfacet
  facet normal 0 0 1
    outer loop
      vertex -3.51163 17.6541 15.99
      vertex -0.478354 16.8451 15.99
      vertex -0.883883 17.1161 15.99
    endloop
  endfacet
  facet normal -0 0 1
    outer loop
      vertex -2.34947 17.846 15.99
      vertex -1.15485 17.5216 15.99
      vertex -1.24108 17.9552 15.99
    endloop
  endfacet
  facet normal 0 0 1
    outer loop
      vertex -2.34947 17.846 15.99
      vertex -0.883883 17.1161 15.99
      vertex -1.15485 17.5216 15.99
    endloop
  endfacet
  facet normal -0 0 1
    outer loop
      vertex -3.51163 17.6541 15.99
      vertex -0.883883 17.1161 15.99
      vertex -2.34947 17.846 15.99
    endloop
  endfacet
  facet normal 0 0 1
    outer loop
      vertex -0.478354 16.8451 15.99
      vertex -3.51163 17.6541 15.99
      vertex -4.65874 17.3867 15.99
    endloop
  endfacet
  facet normal 0 0 1
    outer loop
      vertex -0.478354 16.8451 15.99
      vertex -4.65874 17.3867 15.99
      vertex -5.78591 17.0447 15.99
    endloop
  endfacet
  facet normal 0 0 1
    outer loop
      vertex -0.478354 16.8451 15.99
      vertex -5.78591 17.0447 15.99
      vertex -6.8883 16.6298 15.99
    endloop
  endfacet
  facet normal 0 0 1
    outer loop
      vertex -0.478354 16.8451 15.99
      vertex -6.8883 16.6298 15.99
      vertex -7.9612 16.1437 15.99
    endloop
  endfacet
  facet normal 0 0 1
    outer loop
      vertex -0.478354 16.8451 15.99
      vertex -7.9612 16.1437 15.99
      vertex -14 3 15.99
    endloop
  endfacet
  facet normal 0 0 1
    outer loop
      vertex -14 3 15.99
      vertex -7.9612 16.1437 15.99
      vertex -9 15.5885 15.99
    endloop
  endfacet
  facet normal 0 0 1
    outer loop
      vertex -14 3 15.99
      vertex -9 15.5885 15.99
      vertex -10.0003 14.9665 15.99
    endloop
  endfacet
  facet normal 0 0 1
    outer loop
      vertex -14 3 15.99
      vertex -10.0003 14.9665 15.99
      vertex -10.9577 14.2804 15.99
    endloop
  endfacet
  facet normal 0 0 1
    outer loop
      vertex -14 3 15.99
      vertex -10.9577 14.2804 15.99
      vertex -11.8682 13.5331 15.99
    endloop
  endfacet
  facet normal 0 0 1
    outer loop
      vertex -14 3 15.99
      vertex -11.8682 13.5331 15.99
      vertex -12.7279 12.7279 15.99
    endloop
  endfacet
  facet normal 0 0 1
    outer loop
      vertex -14 3 15.99
      vertex -12.7279 12.7279 15.99
      vertex -13.5331 11.8682 15.99
    endloop
  endfacet
  facet normal 0 0 1
    outer loop
      vertex 0 16.75 15.99
      vertex -14 3 15.99
      vertex 14 3 15.99
    endloop
  endfacet
  facet normal -0 0 1
    outer loop
      vertex -14.9665 10.0003 15.99
      vertex -14 3 15.99
      vertex -14.2804 10.9577 15.99
    endloop
  endfacet
  facet normal -0 0 1
    outer loop
      vertex -14.2804 10.9577 15.99
      vertex -14 3 15.99
      vertex -13.5331 11.8682 15.99
    endloop
  endfacet
  facet normal 0 0 1
    outer loop
      vertex 14.9665 -10.0003 15.99
      vertex 14 -3 15.99
      vertex 14.2804 -10.9577 15.99
    endloop
  endfacet
  facet normal 0 0 1
    outer loop
      vertex 14 -3 15.99
      vertex 13.5331 -11.8682 15.99
      vertex 14.2804 -10.9577 15.99
    endloop
  endfacet
  facet normal 0 0 1
    outer loop
      vertex 14 -3 15.99
      vertex 12.7279 -12.7279 15.99
      vertex 13.5331 -11.8682 15.99
    endloop
  endfacet
  facet normal 0 0 1
    outer loop
      vertex 14 -3 15.99
      vertex 11.8682 -13.5331 15.99
      vertex 12.7279 -12.7279 15.99
    endloop
  endfacet
  facet normal 0 0 1
    outer loop
      vertex 14 -3 15.99
      vertex 10.9577 -14.2804 15.99
      vertex 11.8682 -13.5331 15.99
    endloop
  endfacet
  facet normal 0 0 1
    outer loop
      vertex 14 -3 15.99
      vertex 10.0003 -14.9665 15.99
      vertex 10.9577 -14.2804 15.99
    endloop
  endfacet
  facet normal 0 0 1
    outer loop
      vertex 14 -3 15.99
      vertex 9 -15.5885 15.99
      vertex 10.0003 -14.9665 15.99
    endloop
  endfacet
  facet normal 0 0 1
    outer loop
      vertex 14 -3 15.99
      vertex 7.9612 -16.1437 15.99
      vertex 9 -15.5885 15.99
    endloop
  endfacet
  facet normal 0 0 1
    outer loop
      vertex 0.478354 -16.8451 15.99
      vertex 7.9612 -16.1437 15.99
      vertex 14 -3 15.99
    endloop
  endfacet
  facet normal 0 0 1
    outer loop
      vertex 7.9612 -16.1437 15.99
      vertex 0.478354 -16.8451 15.99
      vertex 6.8883 -16.6298 15.99
    endloop
  endfacet
  facet normal 0 0 1
    outer loop
      vertex 6.8883 -16.6298 15.99
      vertex 0.478354 -16.8451 15.99
      vertex 5.78591 -17.0447 15.99
    endloop
  endfacet
  facet normal 0 0 1
    outer loop
      vertex 5.78591 -17.0447 15.99
      vertex 0.478354 -16.8451 15.99
      vertex 4.65874 -17.3867 15.99
    endloop
  endfacet
  facet normal 0 0 1
    outer loop
      vertex 4.65874 -17.3867 15.99
      vertex 0.478354 -16.8451 15.99
      vertex 3.51163 -17.6541 15.99
    endloop
  endfacet
  facet normal -0 -0 1
    outer loop
      vertex 0.883883 -17.1161 15.99
      vertex 3.51163 -17.6541 15.99
      vertex 0.478354 -16.8451 15.99
    endloop
  endfacet
  facet normal 0 0 1
    outer loop
      vertex 2.34947 -17.846 15.99
      vertex 1.15485 -17.5216 15.99
      vertex 1.24108 -17.9552 15.99
    endloop
  endfacet
  facet normal 0 0 1
    outer loop
      vertex 2.34947 -17.846 15.99
      vertex 0.883883 -17.1161 15.99
      vertex 1.15485 -17.5216 15.99
    endloop
  endfacet
  facet normal 0 0 1
    outer loop
      vertex 3.51163 -17.6541 15.99
      vertex 0.883883 -17.1161 15.99
      vertex 2.34947 -17.846 15.99
    endloop
  endfacet
  facet normal 0 0 1
    outer loop
      vertex 14 -3 15.99
      vertex 0 -16.75 15.99
      vertex 0.478354 -16.8451 15.99
    endloop
  endfacet
  facet normal -0 0 1
    outer loop
      vertex -14 -3 15.99
      vertex 0 -16.75 15.99
      vertex 14 -3 15.99
    endloop
  endfacet
  facet normal 0 0 1
    outer loop
      vertex 0 -16.75 15.99
      vertex -14 -3 15.99
      vertex -0.478354 -16.8451 15.99
    endloop
  endfacet
  facet normal 0 0 1
    outer loop
      vertex -1.15485 -17.5216 15.99
      vertex -2.34947 -17.846 15.99
      vertex -1.24108 -17.9552 15.99
    endloop
  endfacet
  facet normal 0 0 1
    outer loop
      vertex -0.883883 -17.1161 15.99
      vertex -2.34947 -17.846 15.99
      vertex -1.15485 -17.5216 15.99
    endloop
  endfacet
  facet normal -0 -0 1
    outer loop
      vertex -7.9612 -16.1437 15.99
      vertex -0.478354 -16.8451 15.99
      vertex -14 -3 15.99
    endloop
  endfacet
  facet normal -0 -0 1
    outer loop
      vertex -6.8883 -16.6298 15.99
      vertex -0.478354 -16.8451 15.99
      vertex -7.9612 -16.1437 15.99
    endloop
  endfacet
  facet normal 0 0 1
    outer loop
      vertex -0.883883 -17.1161 15.99
      vertex -3.51163 -17.6541 15.99
      vertex -2.34947 -17.846 15.99
    endloop
  endfacet
  facet normal 0 0 1
    outer loop
      vertex -0.478354 -16.8451 15.99
      vertex -3.51163 -17.6541 15.99
      vertex -0.883883 -17.1161 15.99
    endloop
  endfacet
  facet normal 0 -0 1
    outer loop
      vertex -3.51163 -17.6541 15.99
      vertex -0.478354 -16.8451 15.99
      vertex -4.65874 -17.3867 15.99
    endloop
  endfacet
  facet normal 0 -0 1
    outer loop
      vertex -4.65874 -17.3867 15.99
      vertex -0.478354 -16.8451 15.99
      vertex -5.78591 -17.0447 15.99
    endloop
  endfacet
  facet normal 0 -0 1
    outer loop
      vertex -5.78591 -17.0447 15.99
      vertex -0.478354 -16.8451 15.99
      vertex -6.8883 -16.6298 15.99
    endloop
  endfacet
  facet normal 0 0 1
    outer loop
      vertex -7.9612 -16.1437 15.99
      vertex -14 -3 15.99
      vertex -9 -15.5885 15.99
    endloop
  endfacet
  facet normal 0 0 1
    outer loop
      vertex -9 -15.5885 15.99
      vertex -14 -3 15.99
      vertex -10.0003 -14.9665 15.99
    endloop
  endfacet
  facet normal 0 0 1
    outer loop
      vertex -10.0003 -14.9665 15.99
      vertex -14 -3 15.99
      vertex -10.9577 -14.2804 15.99
    endloop
  endfacet
  facet normal 0 0 1
    outer loop
      vertex -10.9577 -14.2804 15.99
      vertex -14 -3 15.99
      vertex -11.8682 -13.5331 15.99
    endloop
  endfacet
  facet normal 0 0 1
    outer loop
      vertex -11.8682 -13.5331 15.99
      vertex -14 -3 15.99
      vertex -12.7279 -12.7279 15.99
    endloop
  endfacet
  facet normal 0 0 1
    outer loop
      vertex -12.7279 -12.7279 15.99
      vertex -14 -3 15.99
      vertex -13.5331 -11.8682 15.99
    endloop
  endfacet
  facet normal 0 0 1
    outer loop
      vertex -14 -3 15.99
      vertex -14.2804 -10.9577 15.99
      vertex -13.5331 -11.8682 15.99
    endloop
  endfacet
  facet normal -0 0 1
    outer loop
      vertex -15.5885 9 15.99
      vertex -14 3 15.99
      vertex -14.9665 10.0003 15.99
    endloop
  endfacet
  facet normal -0 0 1
    outer loop
      vertex -16.1437 7.9612 15.99
      vertex -14 3 15.99
      vertex -15.5885 9 15.99
    endloop
  endfacet
  facet normal 0 0 1
    outer loop
      vertex -14 -3 15.99
      vertex -14.9665 -10.0003 15.99
      vertex -14.2804 -10.9577 15.99
    endloop
  endfacet
  facet normal -0 0 1
    outer loop
      vertex -16.6298 6.8883 15.99
      vertex -14 3 15.99
      vertex -16.1437 7.9612 15.99
    endloop
  endfacet
  facet normal 0 0 1
    outer loop
      vertex -14 -3 15.99
      vertex -15.5885 -9 15.99
      vertex -14.9665 -10.0003 15.99
    endloop
  endfacet
  facet normal -0 0 1
    outer loop
      vertex -17.0447 5.78591 15.99
      vertex -14 3 15.99
      vertex -16.6298 6.8883 15.99
    endloop
  endfacet
  facet normal 0 0 1
    outer loop
      vertex -14 -3 15.99
      vertex -16.1437 -7.9612 15.99
      vertex -15.5885 -9 15.99
    endloop
  endfacet
  facet normal -0 0 1
    outer loop
      vertex -17.3867 4.65874 15.99
      vertex -14 3 15.99
      vertex -17.0447 5.78591 15.99
    endloop
  endfacet
  facet normal 0 0 1
    outer loop
      vertex -14 -3 15.99
      vertex -16.6298 -6.8883 15.99
      vertex -16.1437 -7.9612 15.99
    endloop
  endfacet
  facet normal -0 0 1
    outer loop
      vertex -17.6541 3.51163 15.99
      vertex -14 3 15.99
      vertex -17.3867 4.65874 15.99
    endloop
  endfacet
  facet normal 0 0 1
    outer loop
      vertex -14 -3 15.99
      vertex -17.0447 -5.78591 15.99
      vertex -16.6298 -6.8883 15.99
    endloop
  endfacet
  facet normal 0 0 1
    outer loop
      vertex -17.846 2.34947 15.99
      vertex -14 3 15.99
      vertex -17.6541 3.51163 15.99
    endloop
  endfacet
  facet normal 0 0 1
    outer loop
      vertex -14 -3 15.99
      vertex -17.3867 -4.65874 15.99
      vertex -17.0447 -5.78591 15.99
    endloop
  endfacet
  facet normal 0 0 1
    outer loop
      vertex -17.9615 1.17726 15.99
      vertex -14 3 15.99
      vertex -17.846 2.34947 15.99
    endloop
  endfacet
  facet normal 0 0 1
    outer loop
      vertex -14 -3 15.99
      vertex -17.6541 -3.51163 15.99
      vertex -17.3867 -4.65874 15.99
    endloop
  endfacet
  facet normal 0 0 1
    outer loop
      vertex -18 0 15.99
      vertex -14 3 15.99
      vertex -17.9615 1.17726 15.99
    endloop
  endfacet
  facet normal 0 0 1
    outer loop
      vertex -14 -3 15.99
      vertex -17.846 -2.34947 15.99
      vertex -17.6541 -3.51163 15.99
    endloop
  endfacet
  facet normal 0 0 1
    outer loop
      vertex -14 3 15.99
      vertex -18 0 15.99
      vertex -14 -3 15.99
    endloop
  endfacet
  facet normal 0 0 1
    outer loop
      vertex -14 -3 15.99
      vertex -17.9615 -1.17726 15.99
      vertex -17.846 -2.34947 15.99
    endloop
  endfacet
  facet normal 0 0 1
    outer loop
      vertex -14 -3 15.99
      vertex -18 0 15.99
      vertex -17.9615 -1.17726 15.99
    endloop
  endfacet
  facet normal -0.41269 -0.910872 0
    outer loop
      vertex -7.9612 -16.1437 1.1
      vertex -6.8883 -16.6298 15.99
      vertex -7.9612 -16.1437 15.99
    endloop
  endfacet
  facet normal -0.41269 -0.910872 -0
    outer loop
      vertex -6.8883 -16.6298 15.99
      vertex -7.9612 -16.1437 1.1
      vertex -6.8883 -16.6298 1.1
    endloop
  endfacet
  facet normal 0 0 -1
    outer loop
      vertex 17.8767 -1.087 1.1
      vertex 18 0 1.1
      vertex 17.9615 -1.17726 1.1
    endloop
  endfacet
  facet normal 0 0 -1
    outer loop
      vertex 17.8767 1.087 1.1
      vertex 18 0 1.1
      vertex 17.9123 0 1.1
    endloop
  endfacet
  facet normal -0 0 -1
    outer loop
      vertex 18 0 1.1
      vertex 17.8767 -1.087 1.1
      vertex 17.9123 0 1.1
    endloop
  endfacet
  facet normal 0 0 -1
    outer loop
      vertex 17.9615 -1.17726 1.1
      vertex 17.874 -1.17152 1.1
      vertex 17.8767 -1.087 1.1
    endloop
  endfacet
  facet normal 0 0 -1
    outer loop
      vertex 17.7674 -2.25387 1.1
      vertex 17.9615 -1.17726 1.1
      vertex 17.846 -2.34947 1.1
    endloop
  endfacet
  facet normal -0 0 -1
    outer loop
      vertex 17.9615 -1.17726 1.1
      vertex 17.7674 -2.25387 1.1
      vertex 17.874 -1.17152 1.1
    endloop
  endfacet
  facet normal 0 0 -1
    outer loop
      vertex 17.846 -2.34947 1.1
      vertex 17.7591 -2.33802 1.1
      vertex 17.7674 -2.25387 1.1
    endloop
  endfacet
  facet normal -0 0 -1
    outer loop
      vertex 17.846 -2.34947 1.1
      vertex 17.7453 -2.42146 1.1
      vertex 17.7591 -2.33802 1.1
    endloop
  endfacet
  facet normal 0 0 -1
    outer loop
      vertex 17.6541 -3.51163 1.1
      vertex 17.7453 -2.42146 1.1
      vertex 17.846 -2.34947 1.1
    endloop
  endfacet
  facet normal 0 0 -1
    outer loop
      vertex 17.6541 -3.51163 1.1
      vertex 17.5681 -3.49452 1.1
      vertex 17.7453 -2.42146 1.1
    endloop
  endfacet
  facet normal -0 0 -1
    outer loop
      vertex 17.6541 -3.51163 1.1
      vertex 17.5489 -3.57687 1.1
      vertex 17.5681 -3.49452 1.1
    endloop
  endfacet
  facet normal 0 0 -1
    outer loop
      vertex 17.3867 -4.65874 1.1
      vertex 17.5489 -3.57687 1.1
      vertex 17.6541 -3.51163 1.1
    endloop
  endfacet
  facet normal 0 0 -1
    outer loop
      vertex 17.3867 -4.65874 1.1
      vertex 17.302 -4.63605 1.1
      vertex 17.5489 -3.57687 1.1
    endloop
  endfacet
  facet normal 0 0 -1
    outer loop
      vertex 16.9863 -5.6768 1.1
      vertex 17.3867 -4.65874 1.1
      vertex 17.0447 -5.78591 1.1
    endloop
  endfacet
  facet normal -0 0 -1
    outer loop
      vertex 17.3867 -4.65874 1.1
      vertex 16.9863 -5.6768 1.1
      vertex 17.302 -4.63605 1.1
    endloop
  endfacet
  facet normal 0 0 -1
    outer loop
      vertex 17.0447 -5.78591 1.1
      vertex 16.9617 -5.75772 1.1
      vertex 16.9863 -5.6768 1.1
    endloop
  endfacet
  facet normal 0 0 -1
    outer loop
      vertex 16.5786 -6.7756 1.1
      vertex 17.0447 -5.78591 1.1
      vertex 16.6298 -6.8883 1.1
    endloop
  endfacet
  facet normal -0 0 -1
    outer loop
      vertex 17.0447 -5.78591 1.1
      vertex 16.5786 -6.7756 1.1
      vertex 16.9617 -5.75772 1.1
    endloop
  endfacet
  facet normal 0 0 -1
    outer loop
      vertex 16.6298 -6.8883 1.1
      vertex 16.5488 -6.85474 1.1
      vertex 16.5786 -6.7756 1.1
    endloop
  endfacet
  facet normal -0 0 -1
    outer loop
      vertex 16.6298 -6.8883 1.1
      vertex 16.5139 -6.93177 1.1
      vertex 16.5488 -6.85474 1.1
    endloop
  endfacet
  facet normal 0 0 -1
    outer loop
      vertex 16.1437 -7.9612 1.1
      vertex 16.5139 -6.93177 1.1
      vertex 16.6298 -6.8883 1.1
    endloop
  endfacet
  facet normal 0 0 -1
    outer loop
      vertex 16.1437 -7.9612 1.1
      vertex 16.0651 -7.92241 1.1
      vertex 16.5139 -6.93177 1.1
    endloop
  endfacet
  facet normal -0 0 -1
    outer loop
      vertex 16.1437 -7.9612 1.1
      vertex 16.0252 -7.99699 1.1
      vertex 16.0651 -7.92241 1.1
    endloop
  endfacet
  facet normal 0 0 -1
    outer loop
      vertex 15.5885 -9 1.1
      vertex 16.0252 -7.99699 1.1
      vertex 16.1437 -7.9612 1.1
    endloop
  endfacet
  facet normal 0 0 -1
    outer loop
      vertex 15.5885 -9 1.1
      vertex 15.5125 -8.95615 1.1
      vertex 16.0252 -7.99699 1.1
    endloop
  endfacet
  facet normal 0 0 -1
    outer loop
      vertex 14.9382 -9.87973 1.1
      vertex 15.5885 -9 1.1
      vertex 14.9665 -10.0003 1.1
    endloop
  endfacet
  facet normal -0 0 -1
    outer loop
      vertex 15.5885 -9 1.1
      vertex 14.9382 -9.87973 1.1
      vertex 15.5125 -8.95615 1.1
    endloop
  endfacet
  facet normal 0 0 -1
    outer loop
      vertex 14.9665 -10.0003 1.1
      vertex 14.8935 -9.95154 1.1
      vertex 14.9382 -9.87973 1.1
    endloop
  endfacet
  facet normal -0 0 -1
    outer loop
      vertex 14.9665 -10.0003 1.1
      vertex 14.8443 -10.0203 1.1
      vertex 14.8935 -9.95154 1.1
    endloop
  endfacet
  facet normal 0 0 -1
    outer loop
      vertex 14.2804 -10.9577 1.1
      vertex 14.8443 -10.0203 1.1
      vertex 14.9665 -10.0003 1.1
    endloop
  endfacet
  facet normal 0 0 -1
    outer loop
      vertex 14.2804 -10.9577 1.1
      vertex 14.2108 -10.9043 1.1
      vertex 14.8443 -10.0203 1.1
    endloop
  endfacet
  facet normal 0 0 -1
    outer loop
      vertex 13.5208 -11.745 1.1
      vertex 14.2804 -10.9577 1.1
      vertex 13.5331 -11.8682 1.1
    endloop
  endfacet
  facet normal -0 0 -1
    outer loop
      vertex 14.2804 -10.9577 1.1
      vertex 13.5208 -11.745 1.1
      vertex 14.2108 -10.9043 1.1
    endloop
  endfacet
  facet normal 0 0 -1
    outer loop
      vertex 13.5331 -11.8682 1.1
      vertex 13.4672 -11.8104 1.1
      vertex 13.5208 -11.745 1.1
    endloop
  endfacet
  facet normal -0 0 -1
    outer loop
      vertex 13.5331 -11.8682 1.1
      vertex 13.4094 -11.8721 1.1
      vertex 13.4672 -11.8104 1.1
    endloop
  endfacet
  facet normal 0 0 -1
    outer loop
      vertex 12.7279 -12.7279 1.1
      vertex 13.4094 -11.8721 1.1
      vertex 13.5331 -11.8682 1.1
    endloop
  endfacet
  facet normal 0 0 -1
    outer loop
      vertex 12.7279 -12.7279 1.1
      vertex 12.6659 -12.6659 1.1
      vertex 13.4094 -11.8721 1.1
    endloop
  endfacet
  facet normal -0 0 -1
    outer loop
      vertex 12.7279 -12.7279 1.1
      vertex 11.8721 -13.4094 1.1
      vertex 12.6659 -12.6659 1.1
    endloop
  endfacet
  facet normal 0 0 -1
    outer loop
      vertex 11.8682 -13.5331 1.1
      vertex 11.8721 -13.4094 1.1
      vertex 12.7279 -12.7279 1.1
    endloop
  endfacet
  facet normal 0 0 -1
    outer loop
      vertex 11.8682 -13.5331 1.1
      vertex 11.8104 -13.4672 1.1
      vertex 11.8721 -13.4094 1.1
    endloop
  endfacet
  facet normal 0 0 -1
    outer loop
      vertex 11.8682 -13.5331 1.1
      vertex 11.745 -13.5208 1.1
      vertex 11.8104 -13.4672 1.1
    endloop
  endfacet
  facet normal 0 0 -1
    outer loop
      vertex 10.9577 -14.2804 1.1
      vertex 11.745 -13.5208 1.1
      vertex 11.8682 -13.5331 1.1
    endloop
  endfacet
  facet normal 0 0 -1
    outer loop
      vertex 10.9577 -14.2804 1.1
      vertex 10.9043 -14.2108 1.1
      vertex 11.745 -13.5208 1.1
    endloop
  endfacet
  facet normal -0 0 -1
    outer loop
      vertex 10.9577 -14.2804 1.1
      vertex 10.0203 -14.8443 1.1
      vertex 10.9043 -14.2108 1.1
    endloop
  endfacet
  facet normal 0 0 -1
    outer loop
      vertex 10.0003 -14.9665 1.1
      vertex 10.0203 -14.8443 1.1
      vertex 10.9577 -14.2804 1.1
    endloop
  endfacet
  facet normal 0 0 -1
    outer loop
      vertex 10.0003 -14.9665 1.1
      vertex 9.95154 -14.8935 1.1
      vertex 10.0203 -14.8443 1.1
    endloop
  endfacet
  facet normal 0 0 -1
    outer loop
      vertex 10.0003 -14.9665 1.1
      vertex 9.87973 -14.9382 1.1
      vertex 9.95154 -14.8935 1.1
    endloop
  endfacet
  facet normal 0 0 -1
    outer loop
      vertex 9 -15.5885 1.1
      vertex 9.87973 -14.9382 1.1
      vertex 10.0003 -14.9665 1.1
    endloop
  endfacet
  facet normal 0 0 -1
    outer loop
      vertex 9 -15.5885 1.1
      vertex 8.95615 -15.5125 1.1
      vertex 9.87973 -14.9382 1.1
    endloop
  endfacet
  facet normal -0 0 -1
    outer loop
      vertex 9 -15.5885 1.1
      vertex 7.99699 -16.0252 1.1
      vertex 8.95615 -15.5125 1.1
    endloop
  endfacet
  facet normal 0 0 -1
    outer loop
      vertex 7.9612 -16.1437 1.1
      vertex 7.99699 -16.0252 1.1
      vertex 9 -15.5885 1.1
    endloop
  endfacet
  facet normal 0 0 -1
    outer loop
      vertex 7.9612 -16.1437 1.1
      vertex 7.92241 -16.0651 1.1
      vertex 7.99699 -16.0252 1.1
    endloop
  endfacet
  facet normal -0 0 -1
    outer loop
      vertex 7.9612 -16.1437 1.1
      vertex 6.93177 -16.5139 1.1
      vertex 7.92241 -16.0651 1.1
    endloop
  endfacet
  facet normal 0 0 -1
    outer loop
      vertex 6.8883 -16.6298 1.1
      vertex 6.93177 -16.5139 1.1
      vertex 7.9612 -16.1437 1.1
    endloop
  endfacet
  facet normal 0 0 -1
    outer loop
      vertex 6.8883 -16.6298 1.1
      vertex 6.85474 -16.5488 1.1
      vertex 6.93177 -16.5139 1.1
    endloop
  endfacet
  facet normal 0 0 -1
    outer loop
      vertex 6.8883 -16.6298 1.1
      vertex 6.7756 -16.5786 1.1
      vertex 6.85474 -16.5488 1.1
    endloop
  endfacet
  facet normal 0 0 -1
    outer loop
      vertex 5.78591 -17.0447 1.1
      vertex 6.7756 -16.5786 1.1
      vertex 6.8883 -16.6298 1.1
    endloop
  endfacet
  facet normal 0 0 -1
    outer loop
      vertex 5.78591 -17.0447 1.1
      vertex 5.75772 -16.9617 1.1
      vertex 6.7756 -16.5786 1.1
    endloop
  endfacet
  facet normal 0 0 -1
    outer loop
      vertex 5.78591 -17.0447 1.1
      vertex 5.6768 -16.9863 1.1
      vertex 5.75772 -16.9617 1.1
    endloop
  endfacet
  facet normal 0 0 -1
    outer loop
      vertex 4.65874 -17.3867 1.1
      vertex 5.6768 -16.9863 1.1
      vertex 5.78591 -17.0447 1.1
    endloop
  endfacet
  facet normal 0 0 -1
    outer loop
      vertex 4.65874 -17.3867 1.1
      vertex 4.63605 -17.302 1.1
      vertex 5.6768 -16.9863 1.1
    endloop
  endfacet
  facet normal -0 0 -1
    outer loop
      vertex 4.65874 -17.3867 1.1
      vertex 3.57687 -17.5489 1.1
      vertex 4.63605 -17.302 1.1
    endloop
  endfacet
  facet normal 0 0 -1
    outer loop
      vertex 3.51163 -17.6541 1.1
      vertex 3.57687 -17.5489 1.1
      vertex 4.65874 -17.3867 1.1
    endloop
  endfacet
  facet normal 0 0 -1
    outer loop
      vertex 3.51163 -17.6541 1.1
      vertex 3.49452 -17.5681 1.1
      vertex 3.57687 -17.5489 1.1
    endloop
  endfacet
  facet normal -0 0 -1
    outer loop
      vertex 3.51163 -17.6541 1.1
      vertex 2.42146 -17.7453 1.1
      vertex 3.49452 -17.5681 1.1
    endloop
  endfacet
  facet normal 0 0 -1
    outer loop
      vertex 2.34947 -17.846 1.1
      vertex 2.42146 -17.7453 1.1
      vertex 3.51163 -17.6541 1.1
    endloop
  endfacet
  facet normal 0 0 -1
    outer loop
      vertex 2.34947 -17.846 1.1
      vertex 2.33802 -17.7591 1.1
      vertex 2.42146 -17.7453 1.1
    endloop
  endfacet
  facet normal 0 0 -1
    outer loop
      vertex 2.34947 -17.846 1.1
      vertex 2.25387 -17.7674 1.1
      vertex 2.33802 -17.7591 1.1
    endloop
  endfacet
  facet normal 0 0 -1
    outer loop
      vertex 1.17726 -17.9615 1.1
      vertex 2.25387 -17.7674 1.1
      vertex 2.34947 -17.846 1.1
    endloop
  endfacet
  facet normal 0 0 -1
    outer loop
      vertex 1.17726 -17.9615 1.1
      vertex 1.17152 -17.874 1.1
      vertex 2.25387 -17.7674 1.1
    endloop
  endfacet
  facet normal 0 0 -1
    outer loop
      vertex 1.17726 -17.9615 1.1
      vertex 1.087 -17.8767 1.1
      vertex 1.17152 -17.874 1.1
    endloop
  endfacet
  facet normal 0 0 -1
    outer loop
      vertex 0 -18 1.1
      vertex 1.087 -17.8767 1.1
      vertex 1.17726 -17.9615 1.1
    endloop
  endfacet
  facet normal 0 0 -1
    outer loop
      vertex 0 -18 1.1
      vertex 0 -17.9123 1.1
      vertex 1.087 -17.8767 1.1
    endloop
  endfacet
  facet normal 0 0 -1
    outer loop
      vertex 0 -18 1.1
      vertex -1.087 -17.8767 1.1
      vertex 0 -17.9123 1.1
    endloop
  endfacet
  facet normal 0 0 -1
    outer loop
      vertex -1.17726 -17.9615 1.1
      vertex -1.087 -17.8767 1.1
      vertex 0 -18 1.1
    endloop
  endfacet
  facet normal -0 0 -1
    outer loop
      vertex -1.087 -17.8767 1.1
      vertex -1.17726 -17.9615 1.1
      vertex -1.17152 -17.874 1.1
    endloop
  endfacet
  facet normal 0 0 -1
    outer loop
      vertex -1.17726 -17.9615 1.1
      vertex -2.25387 -17.7674 1.1
      vertex -1.17152 -17.874 1.1
    endloop
  endfacet
  facet normal 0 0 -1
    outer loop
      vertex -2.34947 -17.846 1.1
      vertex -2.25387 -17.7674 1.1
      vertex -1.17726 -17.9615 1.1
    endloop
  endfacet
  facet normal -0 0 -1
    outer loop
      vertex -2.25387 -17.7674 1.1
      vertex -2.34947 -17.846 1.1
      vertex -2.33802 -17.7591 1.1
    endloop
  endfacet
  facet normal 0 0 -1
    outer loop
      vertex -2.34947 -17.846 1.1
      vertex -2.42146 -17.7453 1.1
      vertex -2.33802 -17.7591 1.1
    endloop
  endfacet
  facet normal 0 0 -1
    outer loop
      vertex -3.51163 -17.6541 1.1
      vertex -2.42146 -17.7453 1.1
      vertex -2.34947 -17.846 1.1
    endloop
  endfacet
  facet normal 0 0 -1
    outer loop
      vertex -2.42146 -17.7453 1.1
      vertex -3.51163 -17.6541 1.1
      vertex -3.49452 -17.5681 1.1
    endloop
  endfacet
  facet normal 0 0 -1
    outer loop
      vertex -3.51163 -17.6541 1.1
      vertex -3.57687 -17.5489 1.1
      vertex -3.49452 -17.5681 1.1
    endloop
  endfacet
  facet normal 0 0 -1
    outer loop
      vertex -4.65874 -17.3867 1.1
      vertex -3.57687 -17.5489 1.1
      vertex -3.51163 -17.6541 1.1
    endloop
  endfacet
  facet normal 0 0 -1
    outer loop
      vertex -3.57687 -17.5489 1.1
      vertex -4.65874 -17.3867 1.1
      vertex -4.63605 -17.302 1.1
    endloop
  endfacet
  facet normal 0 0 -1
    outer loop
      vertex -4.65874 -17.3867 1.1
      vertex -5.6768 -16.9863 1.1
      vertex -4.63605 -17.302 1.1
    endloop
  endfacet
  facet normal 0 0 -1
    outer loop
      vertex -5.78591 -17.0447 1.1
      vertex -5.6768 -16.9863 1.1
      vertex -4.65874 -17.3867 1.1
    endloop
  endfacet
  facet normal -0 0 -1
    outer loop
      vertex -5.6768 -16.9863 1.1
      vertex -5.78591 -17.0447 1.1
      vertex -5.75772 -16.9617 1.1
    endloop
  endfacet
  facet normal 0 0 -1
    outer loop
      vertex -5.78591 -17.0447 1.1
      vertex -6.7756 -16.5786 1.1
      vertex -5.75772 -16.9617 1.1
    endloop
  endfacet
  facet normal 0 0 -1
    outer loop
      vertex -6.8883 -16.6298 1.1
      vertex -6.7756 -16.5786 1.1
      vertex -5.78591 -17.0447 1.1
    endloop
  endfacet
  facet normal -0 0 -1
    outer loop
      vertex -6.7756 -16.5786 1.1
      vertex -6.8883 -16.6298 1.1
      vertex -6.85474 -16.5488 1.1
    endloop
  endfacet
  facet normal 0 0 -1
    outer loop
      vertex -6.8883 -16.6298 1.1
      vertex -6.93177 -16.5139 1.1
      vertex -6.85474 -16.5488 1.1
    endloop
  endfacet
  facet normal 0 0 -1
    outer loop
      vertex -7.9612 -16.1437 1.1
      vertex -6.93177 -16.5139 1.1
      vertex -6.8883 -16.6298 1.1
    endloop
  endfacet
  facet normal 0 0 -1
    outer loop
      vertex -6.93177 -16.5139 1.1
      vertex -7.9612 -16.1437 1.1
      vertex -7.92241 -16.0651 1.1
    endloop
  endfacet
  facet normal 0 0 -1
    outer loop
      vertex -7.9612 -16.1437 1.1
      vertex -7.99699 -16.0252 1.1
      vertex -7.92241 -16.0651 1.1
    endloop
  endfacet
  facet normal 0 0 -1
    outer loop
      vertex -9 -15.5885 1.1
      vertex -7.99699 -16.0252 1.1
      vertex -7.9612 -16.1437 1.1
    endloop
  endfacet
  facet normal 0 0 -1
    outer loop
      vertex -7.99699 -16.0252 1.1
      vertex -9 -15.5885 1.1
      vertex -8.95615 -15.5125 1.1
    endloop
  endfacet
  facet normal 0 0 -1
    outer loop
      vertex -9 -15.5885 1.1
      vertex -9.87973 -14.9382 1.1
      vertex -8.95615 -15.5125 1.1
    endloop
  endfacet
  facet normal 0 0 -1
    outer loop
      vertex -10.0003 -14.9665 1.1
      vertex -9.87973 -14.9382 1.1
      vertex -9 -15.5885 1.1
    endloop
  endfacet
  facet normal -0 0 -1
    outer loop
      vertex -9.87973 -14.9382 1.1
      vertex -10.0003 -14.9665 1.1
      vertex -9.95154 -14.8935 1.1
    endloop
  endfacet
  facet normal 0 0 -1
    outer loop
      vertex -10.0003 -14.9665 1.1
      vertex -10.0203 -14.8443 1.1
      vertex -9.95154 -14.8935 1.1
    endloop
  endfacet
  facet normal 0 0 -1
    outer loop
      vertex -10.9577 -14.2804 1.1
      vertex -10.0203 -14.8443 1.1
      vertex -10.0003 -14.9665 1.1
    endloop
  endfacet
  facet normal 0 0 -1
    outer loop
      vertex -10.0203 -14.8443 1.1
      vertex -10.9577 -14.2804 1.1
      vertex -10.9043 -14.2108 1.1
    endloop
  endfacet
  facet normal 0 0 -1
    outer loop
      vertex -10.9577 -14.2804 1.1
      vertex -11.745 -13.5208 1.1
      vertex -10.9043 -14.2108 1.1
    endloop
  endfacet
  facet normal 0 0 -1
    outer loop
      vertex -11.8682 -13.5331 1.1
      vertex -11.745 -13.5208 1.1
      vertex -10.9577 -14.2804 1.1
    endloop
  endfacet
  facet normal -0 0 -1
    outer loop
      vertex -11.745 -13.5208 1.1
      vertex -11.8682 -13.5331 1.1
      vertex -11.8104 -13.4672 1.1
    endloop
  endfacet
  facet normal 0 0 -1
    outer loop
      vertex -11.8682 -13.5331 1.1
      vertex -11.8721 -13.4094 1.1
      vertex -11.8104 -13.4672 1.1
    endloop
  endfacet
  facet normal 0 0 -1
    outer loop
      vertex -12.7279 -12.7279 1.1
      vertex -11.8721 -13.4094 1.1
      vertex -11.8682 -13.5331 1.1
    endloop
  endfacet
  facet normal 0 0 -1
    outer loop
      vertex -11.8721 -13.4094 1.1
      vertex -12.7279 -12.7279 1.1
      vertex -12.6659 -12.6659 1.1
    endloop
  endfacet
  facet normal 0 0 -1
    outer loop
      vertex -12.7279 -12.7279 1.1
      vertex -13.4094 -11.8721 1.1
      vertex -12.6659 -12.6659 1.1
    endloop
  endfacet
  facet normal 0 0 -1
    outer loop
      vertex -13.5331 -11.8682 1.1
      vertex -13.4094 -11.8721 1.1
      vertex -12.7279 -12.7279 1.1
    endloop
  endfacet
  facet normal 0 0 -1
    outer loop
      vertex -13.4094 -11.8721 1.1
      vertex -13.5331 -11.8682 1.1
      vertex -13.4672 -11.8104 1.1
    endloop
  endfacet
  facet normal -0 0 -1
    outer loop
      vertex -13.4672 -11.8104 1.1
      vertex -13.5331 -11.8682 1.1
      vertex -13.5208 -11.745 1.1
    endloop
  endfacet
  facet normal 0 0 -1
    outer loop
      vertex -14.2804 -10.9577 1.1
      vertex -13.5208 -11.745 1.1
      vertex -13.5331 -11.8682 1.1
    endloop
  endfacet
  facet normal 0 0 -1
    outer loop
      vertex -13.5208 -11.745 1.1
      vertex -14.2804 -10.9577 1.1
      vertex -14.2108 -10.9043 1.1
    endloop
  endfacet
  facet normal 0 0 -1
    outer loop
      vertex -14.2804 -10.9577 1.1
      vertex -14.8443 -10.0203 1.1
      vertex -14.2108 -10.9043 1.1
    endloop
  endfacet
  facet normal 0 0 -1
    outer loop
      vertex -14.9665 -10.0003 1.1
      vertex -14.8443 -10.0203 1.1
      vertex -14.2804 -10.9577 1.1
    endloop
  endfacet
  facet normal 0 0 -1
    outer loop
      vertex -14.8443 -10.0203 1.1
      vertex -14.9665 -10.0003 1.1
      vertex -14.8935 -9.95154 1.1
    endloop
  endfacet
  facet normal -0 0 -1
    outer loop
      vertex -14.8935 -9.95154 1.1
      vertex -14.9665 -10.0003 1.1
      vertex -14.9382 -9.87973 1.1
    endloop
  endfacet
  facet normal 0 0 -1
    outer loop
      vertex -15.5885 -9 1.1
      vertex -14.9382 -9.87973 1.1
      vertex -14.9665 -10.0003 1.1
    endloop
  endfacet
  facet normal 0 0 -1
    outer loop
      vertex -14.9382 -9.87973 1.1
      vertex -15.5885 -9 1.1
      vertex -15.5125 -8.95615 1.1
    endloop
  endfacet
  facet normal 0 0 -1
    outer loop
      vertex -15.5885 -9 1.1
      vertex -16.0252 -7.99699 1.1
      vertex -15.5125 -8.95615 1.1
    endloop
  endfacet
  facet normal 0 0 -1
    outer loop
      vertex -16.1437 -7.9612 1.1
      vertex -16.0252 -7.99699 1.1
      vertex -15.5885 -9 1.1
    endloop
  endfacet
  facet normal 0 0 -1
    outer loop
      vertex -16.0252 -7.99699 1.1
      vertex -16.1437 -7.9612 1.1
      vertex -16.0651 -7.92241 1.1
    endloop
  endfacet
  facet normal 0 0 -1
    outer loop
      vertex -16.1437 -7.9612 1.1
      vertex -16.5139 -6.93177 1.1
      vertex -16.0651 -7.92241 1.1
    endloop
  endfacet
  facet normal 0 0 -1
    outer loop
      vertex -16.6298 -6.8883 1.1
      vertex -16.5139 -6.93177 1.1
      vertex -16.1437 -7.9612 1.1
    endloop
  endfacet
  facet normal 0 0 -1
    outer loop
      vertex -16.5139 -6.93177 1.1
      vertex -16.6298 -6.8883 1.1
      vertex -16.5488 -6.85474 1.1
    endloop
  endfacet
  facet normal -0 0 -1
    outer loop
      vertex -16.5488 -6.85474 1.1
      vertex -16.6298 -6.8883 1.1
      vertex -16.5786 -6.7756 1.1
    endloop
  endfacet
  facet normal 0 0 -1
    outer loop
      vertex -17.0447 -5.78591 1.1
      vertex -16.5786 -6.7756 1.1
      vertex -16.6298 -6.8883 1.1
    endloop
  endfacet
  facet normal 0 0 -1
    outer loop
      vertex -16.5786 -6.7756 1.1
      vertex -17.0447 -5.78591 1.1
      vertex -16.9617 -5.75772 1.1
    endloop
  endfacet
  facet normal -0 0 -1
    outer loop
      vertex -16.9617 -5.75772 1.1
      vertex -17.0447 -5.78591 1.1
      vertex -16.9863 -5.6768 1.1
    endloop
  endfacet
  facet normal 0 0 -1
    outer loop
      vertex -17.3867 -4.65874 1.1
      vertex -16.9863 -5.6768 1.1
      vertex -17.0447 -5.78591 1.1
    endloop
  endfacet
  facet normal 0 0 -1
    outer loop
      vertex -16.9863 -5.6768 1.1
      vertex -17.3867 -4.65874 1.1
      vertex -17.302 -4.63605 1.1
    endloop
  endfacet
  facet normal 0 0 -1
    outer loop
      vertex -17.3867 -4.65874 1.1
      vertex -17.5489 -3.57687 1.1
      vertex -17.302 -4.63605 1.1
    endloop
  endfacet
  facet normal 0 0 -1
    outer loop
      vertex -17.6541 -3.51163 1.1
      vertex -17.5489 -3.57687 1.1
      vertex -17.3867 -4.65874 1.1
    endloop
  endfacet
  facet normal 0 0 -1
    outer loop
      vertex -17.5489 -3.57687 1.1
      vertex -17.6541 -3.51163 1.1
      vertex -17.5681 -3.49452 1.1
    endloop
  endfacet
  facet normal 0 0 -1
    outer loop
      vertex -17.6541 -3.51163 1.1
      vertex -17.7453 -2.42146 1.1
      vertex -17.5681 -3.49452 1.1
    endloop
  endfacet
  facet normal 0 0 -1
    outer loop
      vertex -17.846 -2.34947 1.1
      vertex -17.7453 -2.42146 1.1
      vertex -17.6541 -3.51163 1.1
    endloop
  endfacet
  facet normal 0 0 -1
    outer loop
      vertex -17.7453 -2.42146 1.1
      vertex -17.846 -2.34947 1.1
      vertex -17.7591 -2.33802 1.1
    endloop
  endfacet
  facet normal -0 0 -1
    outer loop
      vertex -17.7591 -2.33802 1.1
      vertex -17.846 -2.34947 1.1
      vertex -17.7674 -2.25387 1.1
    endloop
  endfacet
  facet normal 0 0 -1
    outer loop
      vertex -17.9615 -1.17726 1.1
      vertex -17.7674 -2.25387 1.1
      vertex -17.846 -2.34947 1.1
    endloop
  endfacet
  facet normal 0 0 -1
    outer loop
      vertex -17.7674 -2.25387 1.1
      vertex -17.9615 -1.17726 1.1
      vertex -17.874 -1.17152 1.1
    endloop
  endfacet
  facet normal -0 0 -1
    outer loop
      vertex -17.874 -1.17152 1.1
      vertex -17.9615 -1.17726 1.1
      vertex -17.8767 -1.087 1.1
    endloop
  endfacet
  facet normal 0 0 -1
    outer loop
      vertex -18 0 1.1
      vertex -17.8767 -1.087 1.1
      vertex -17.9615 -1.17726 1.1
    endloop
  endfacet
  facet normal 0 0 -1
    outer loop
      vertex 18 0 1.1
      vertex 17.8767 1.087 1.1
      vertex 17.9615 1.17726 1.1
    endloop
  endfacet
  facet normal 0 0 -1
    outer loop
      vertex 17.874 1.17152 1.1
      vertex 17.9615 1.17726 1.1
      vertex 17.8767 1.087 1.1
    endloop
  endfacet
  facet normal 0 0 -1
    outer loop
      vertex 17.7674 2.25387 1.1
      vertex 17.9615 1.17726 1.1
      vertex 17.874 1.17152 1.1
    endloop
  endfacet
  facet normal 0 0 -1
    outer loop
      vertex 17.9615 1.17726 1.1
      vertex 17.7674 2.25387 1.1
      vertex 17.846 2.34947 1.1
    endloop
  endfacet
  facet normal 0 0 -1
    outer loop
      vertex 17.7591 2.33802 1.1
      vertex 17.846 2.34947 1.1
      vertex 17.7674 2.25387 1.1
    endloop
  endfacet
  facet normal 0 0 -1
    outer loop
      vertex 17.7453 2.42146 1.1
      vertex 17.846 2.34947 1.1
      vertex 17.7591 2.33802 1.1
    endloop
  endfacet
  facet normal 0 0 -1
    outer loop
      vertex 17.7453 2.42146 1.1
      vertex 17.6541 3.51163 1.1
      vertex 17.846 2.34947 1.1
    endloop
  endfacet
  facet normal 0 0 -1
    outer loop
      vertex 17.5681 3.49452 1.1
      vertex 17.6541 3.51163 1.1
      vertex 17.7453 2.42146 1.1
    endloop
  endfacet
  facet normal 0 0 -1
    outer loop
      vertex 17.5489 3.57687 1.1
      vertex 17.6541 3.51163 1.1
      vertex 17.5681 3.49452 1.1
    endloop
  endfacet
  facet normal 0 0 -1
    outer loop
      vertex 17.5489 3.57687 1.1
      vertex 17.3867 4.65874 1.1
      vertex 17.6541 3.51163 1.1
    endloop
  endfacet
  facet normal 0 0 -1
    outer loop
      vertex 17.302 4.63605 1.1
      vertex 17.3867 4.65874 1.1
      vertex 17.5489 3.57687 1.1
    endloop
  endfacet
  facet normal 0 0 -1
    outer loop
      vertex 16.9863 5.6768 1.1
      vertex 17.3867 4.65874 1.1
      vertex 17.302 4.63605 1.1
    endloop
  endfacet
  facet normal 0 0 -1
    outer loop
      vertex 17.3867 4.65874 1.1
      vertex 16.9863 5.6768 1.1
      vertex 17.0447 5.78591 1.1
    endloop
  endfacet
  facet normal 0 0 -1
    outer loop
      vertex 16.9617 5.75772 1.1
      vertex 17.0447 5.78591 1.1
      vertex 16.9863 5.6768 1.1
    endloop
  endfacet
  facet normal 0 0 -1
    outer loop
      vertex 16.5786 6.7756 1.1
      vertex 17.0447 5.78591 1.1
      vertex 16.9617 5.75772 1.1
    endloop
  endfacet
  facet normal 0 0 -1
    outer loop
      vertex 17.0447 5.78591 1.1
      vertex 16.5786 6.7756 1.1
      vertex 16.6298 6.8883 1.1
    endloop
  endfacet
  facet normal 0 0 -1
    outer loop
      vertex 16.5488 6.85474 1.1
      vertex 16.6298 6.8883 1.1
      vertex 16.5786 6.7756 1.1
    endloop
  endfacet
  facet normal 0 0 -1
    outer loop
      vertex 16.5139 6.93177 1.1
      vertex 16.6298 6.8883 1.1
      vertex 16.5488 6.85474 1.1
    endloop
  endfacet
  facet normal 0 0 -1
    outer loop
      vertex 16.5139 6.93177 1.1
      vertex 16.1437 7.9612 1.1
      vertex 16.6298 6.8883 1.1
    endloop
  endfacet
  facet normal 0 0 -1
    outer loop
      vertex 16.0651 7.92241 1.1
      vertex 16.1437 7.9612 1.1
      vertex 16.5139 6.93177 1.1
    endloop
  endfacet
  facet normal 0 0 -1
    outer loop
      vertex 16.0252 7.99699 1.1
      vertex 16.1437 7.9612 1.1
      vertex 16.0651 7.92241 1.1
    endloop
  endfacet
  facet normal 0 0 -1
    outer loop
      vertex 16.0252 7.99699 1.1
      vertex 15.5885 9 1.1
      vertex 16.1437 7.9612 1.1
    endloop
  endfacet
  facet normal 0 0 -1
    outer loop
      vertex 15.5125 8.95615 1.1
      vertex 15.5885 9 1.1
      vertex 16.0252 7.99699 1.1
    endloop
  endfacet
  facet normal 0 0 -1
    outer loop
      vertex 14.9382 9.87973 1.1
      vertex 15.5885 9 1.1
      vertex 15.5125 8.95615 1.1
    endloop
  endfacet
  facet normal 0 0 -1
    outer loop
      vertex 15.5885 9 1.1
      vertex 14.9382 9.87973 1.1
      vertex 14.9665 10.0003 1.1
    endloop
  endfacet
  facet normal 0 0 -1
    outer loop
      vertex 14.8935 9.95154 1.1
      vertex 14.9665 10.0003 1.1
      vertex 14.9382 9.87973 1.1
    endloop
  endfacet
  facet normal 0 0 -1
    outer loop
      vertex 14.8443 10.0203 1.1
      vertex 14.9665 10.0003 1.1
      vertex 14.8935 9.95154 1.1
    endloop
  endfacet
  facet normal 0 0 -1
    outer loop
      vertex 14.8443 10.0203 1.1
      vertex 14.2804 10.9577 1.1
      vertex 14.9665 10.0003 1.1
    endloop
  endfacet
  facet normal 0 0 -1
    outer loop
      vertex 14.2108 10.9043 1.1
      vertex 14.2804 10.9577 1.1
      vertex 14.8443 10.0203 1.1
    endloop
  endfacet
  facet normal 0 0 -1
    outer loop
      vertex 13.5208 11.745 1.1
      vertex 14.2804 10.9577 1.1
      vertex 14.2108 10.9043 1.1
    endloop
  endfacet
  facet normal 0 0 -1
    outer loop
      vertex 14.2804 10.9577 1.1
      vertex 13.5208 11.745 1.1
      vertex 13.5331 11.8682 1.1
    endloop
  endfacet
  facet normal 0 0 -1
    outer loop
      vertex 13.4672 11.8104 1.1
      vertex 13.5331 11.8682 1.1
      vertex 13.5208 11.745 1.1
    endloop
  endfacet
  facet normal 0 0 -1
    outer loop
      vertex 13.4094 11.8721 1.1
      vertex 13.5331 11.8682 1.1
      vertex 13.4672 11.8104 1.1
    endloop
  endfacet
  facet normal 0 0 -1
    outer loop
      vertex 13.4094 11.8721 1.1
      vertex 12.7279 12.7279 1.1
      vertex 13.5331 11.8682 1.1
    endloop
  endfacet
  facet normal 0 0 -1
    outer loop
      vertex 12.6659 12.6659 1.1
      vertex 12.7279 12.7279 1.1
      vertex 13.4094 11.8721 1.1
    endloop
  endfacet
  facet normal 0 0 -1
    outer loop
      vertex 11.8721 13.4094 1.1
      vertex 12.7279 12.7279 1.1
      vertex 12.6659 12.6659 1.1
    endloop
  endfacet
  facet normal 0 0 -1
    outer loop
      vertex 11.8721 13.4094 1.1
      vertex 11.8682 13.5331 1.1
      vertex 12.7279 12.7279 1.1
    endloop
  endfacet
  facet normal 0 0 -1
    outer loop
      vertex 11.8104 13.4672 1.1
      vertex 11.8682 13.5331 1.1
      vertex 11.8721 13.4094 1.1
    endloop
  endfacet
  facet normal 0 0 -1
    outer loop
      vertex 11.745 13.5208 1.1
      vertex 11.8682 13.5331 1.1
      vertex 11.8104 13.4672 1.1
    endloop
  endfacet
  facet normal 0 0 -1
    outer loop
      vertex 11.745 13.5208 1.1
      vertex 10.9577 14.2804 1.1
      vertex 11.8682 13.5331 1.1
    endloop
  endfacet
  facet normal 0 0 -1
    outer loop
      vertex 10.9043 14.2108 1.1
      vertex 10.9577 14.2804 1.1
      vertex 11.745 13.5208 1.1
    endloop
  endfacet
  facet normal 0 0 -1
    outer loop
      vertex 10.0203 14.8443 1.1
      vertex 10.9577 14.2804 1.1
      vertex 10.9043 14.2108 1.1
    endloop
  endfacet
  facet normal 0 0 -1
    outer loop
      vertex 10.0203 14.8443 1.1
      vertex 10.0003 14.9665 1.1
      vertex 10.9577 14.2804 1.1
    endloop
  endfacet
  facet normal 0 0 -1
    outer loop
      vertex 9.95154 14.8935 1.1
      vertex 10.0003 14.9665 1.1
      vertex 10.0203 14.8443 1.1
    endloop
  endfacet
  facet normal 0 0 -1
    outer loop
      vertex 9.87973 14.9382 1.1
      vertex 10.0003 14.9665 1.1
      vertex 9.95154 14.8935 1.1
    endloop
  endfacet
  facet normal 0 0 -1
    outer loop
      vertex 9.87973 14.9382 1.1
      vertex 9 15.5885 1.1
      vertex 10.0003 14.9665 1.1
    endloop
  endfacet
  facet normal 0 0 -1
    outer loop
      vertex 8.95615 15.5125 1.1
      vertex 9 15.5885 1.1
      vertex 9.87973 14.9382 1.1
    endloop
  endfacet
  facet normal 0 0 -1
    outer loop
      vertex 7.99699 16.0252 1.1
      vertex 9 15.5885 1.1
      vertex 8.95615 15.5125 1.1
    endloop
  endfacet
  facet normal 0 0 -1
    outer loop
      vertex 7.99699 16.0252 1.1
      vertex 7.9612 16.1437 1.1
      vertex 9 15.5885 1.1
    endloop
  endfacet
  facet normal 0 0 -1
    outer loop
      vertex 7.92241 16.0651 1.1
      vertex 7.9612 16.1437 1.1
      vertex 7.99699 16.0252 1.1
    endloop
  endfacet
  facet normal 0 0 -1
    outer loop
      vertex 6.93177 16.5139 1.1
      vertex 7.9612 16.1437 1.1
      vertex 7.92241 16.0651 1.1
    endloop
  endfacet
  facet normal 0 0 -1
    outer loop
      vertex 6.93177 16.5139 1.1
      vertex 6.8883 16.6298 1.1
      vertex 7.9612 16.1437 1.1
    endloop
  endfacet
  facet normal 0 0 -1
    outer loop
      vertex 6.85474 16.5488 1.1
      vertex 6.8883 16.6298 1.1
      vertex 6.93177 16.5139 1.1
    endloop
  endfacet
  facet normal 0 0 -1
    outer loop
      vertex 6.7756 16.5786 1.1
      vertex 6.8883 16.6298 1.1
      vertex 6.85474 16.5488 1.1
    endloop
  endfacet
  facet normal 0 0 -1
    outer loop
      vertex 6.7756 16.5786 1.1
      vertex 5.78591 17.0447 1.1
      vertex 6.8883 16.6298 1.1
    endloop
  endfacet
  facet normal 0 0 -1
    outer loop
      vertex 5.75772 16.9617 1.1
      vertex 5.78591 17.0447 1.1
      vertex 6.7756 16.5786 1.1
    endloop
  endfacet
  facet normal 0 0 -1
    outer loop
      vertex 5.6768 16.9863 1.1
      vertex 5.78591 17.0447 1.1
      vertex 5.75772 16.9617 1.1
    endloop
  endfacet
  facet normal 0 0 -1
    outer loop
      vertex 5.6768 16.9863 1.1
      vertex 4.65874 17.3867 1.1
      vertex 5.78591 17.0447 1.1
    endloop
  endfacet
  facet normal 0 0 -1
    outer loop
      vertex 4.63605 17.302 1.1
      vertex 4.65874 17.3867 1.1
      vertex 5.6768 16.9863 1.1
    endloop
  endfacet
  facet normal 0 0 -1
    outer loop
      vertex 3.57687 17.5489 1.1
      vertex 4.65874 17.3867 1.1
      vertex 4.63605 17.302 1.1
    endloop
  endfacet
  facet normal 0 0 -1
    outer loop
      vertex 3.57687 17.5489 1.1
      vertex 3.51163 17.6541 1.1
      vertex 4.65874 17.3867 1.1
    endloop
  endfacet
  facet normal 0 0 -1
    outer loop
      vertex 3.49452 17.5681 1.1
      vertex 3.51163 17.6541 1.1
      vertex 3.57687 17.5489 1.1
    endloop
  endfacet
  facet normal 0 0 -1
    outer loop
      vertex 2.42146 17.7453 1.1
      vertex 3.51163 17.6541 1.1
      vertex 3.49452 17.5681 1.1
    endloop
  endfacet
  facet normal 0 0 -1
    outer loop
      vertex 2.42146 17.7453 1.1
      vertex 2.34947 17.846 1.1
      vertex 3.51163 17.6541 1.1
    endloop
  endfacet
  facet normal 0 0 -1
    outer loop
      vertex 2.33802 17.7591 1.1
      vertex 2.34947 17.846 1.1
      vertex 2.42146 17.7453 1.1
    endloop
  endfacet
  facet normal 0 0 -1
    outer loop
      vertex 2.25387 17.7674 1.1
      vertex 2.34947 17.846 1.1
      vertex 2.33802 17.7591 1.1
    endloop
  endfacet
  facet normal 0 0 -1
    outer loop
      vertex 2.25387 17.7674 1.1
      vertex 1.17726 17.9615 1.1
      vertex 2.34947 17.846 1.1
    endloop
  endfacet
  facet normal 0 0 -1
    outer loop
      vertex 1.17152 17.874 1.1
      vertex 1.17726 17.9615 1.1
      vertex 2.25387 17.7674 1.1
    endloop
  endfacet
  facet normal 0 0 -1
    outer loop
      vertex 1.087 17.8767 1.1
      vertex 1.17726 17.9615 1.1
      vertex 1.17152 17.874 1.1
    endloop
  endfacet
  facet normal 0 0 -1
    outer loop
      vertex 0 18 1.1
      vertex 1.087 17.8767 1.1
      vertex 0 17.9123 1.1
    endloop
  endfacet
  facet normal 0 0 -1
    outer loop
      vertex 1.087 17.8767 1.1
      vertex 0 18 1.1
      vertex 1.17726 17.9615 1.1
    endloop
  endfacet
  facet normal 0 0 -1
    outer loop
      vertex -1.087 17.8767 1.1
      vertex 0 18 1.1
      vertex 0 17.9123 1.1
    endloop
  endfacet
  facet normal 0 0 -1
    outer loop
      vertex -1.17726 17.9615 1.1
      vertex -1.087 17.8767 1.1
      vertex -1.17152 17.874 1.1
    endloop
  endfacet
  facet normal 0 0 -1
    outer loop
      vertex -1.087 17.8767 1.1
      vertex -1.17726 17.9615 1.1
      vertex 0 18 1.1
    endloop
  endfacet
  facet normal 0 0 -1
    outer loop
      vertex -2.25387 17.7674 1.1
      vertex -1.17726 17.9615 1.1
      vertex -1.17152 17.874 1.1
    endloop
  endfacet
  facet normal 0 0 -1
    outer loop
      vertex -2.34947 17.846 1.1
      vertex -2.25387 17.7674 1.1
      vertex -2.33802 17.7591 1.1
    endloop
  endfacet
  facet normal 0 0 -1
    outer loop
      vertex -2.25387 17.7674 1.1
      vertex -2.34947 17.846 1.1
      vertex -1.17726 17.9615 1.1
    endloop
  endfacet
  facet normal 0 0 -1
    outer loop
      vertex -2.42146 17.7453 1.1
      vertex -2.34947 17.846 1.1
      vertex -2.33802 17.7591 1.1
    endloop
  endfacet
  facet normal 0 0 -1
    outer loop
      vertex -3.51163 17.6541 1.1
      vertex -2.42146 17.7453 1.1
      vertex -3.49452 17.5681 1.1
    endloop
  endfacet
  facet normal -0 0 -1
    outer loop
      vertex -2.42146 17.7453 1.1
      vertex -3.51163 17.6541 1.1
      vertex -2.34947 17.846 1.1
    endloop
  endfacet
  facet normal 0 0 -1
    outer loop
      vertex -3.57687 17.5489 1.1
      vertex -3.51163 17.6541 1.1
      vertex -3.49452 17.5681 1.1
    endloop
  endfacet
  facet normal 0 0 -1
    outer loop
      vertex -4.65874 17.3867 1.1
      vertex -3.57687 17.5489 1.1
      vertex -4.63605 17.302 1.1
    endloop
  endfacet
  facet normal -0 0 -1
    outer loop
      vertex -3.57687 17.5489 1.1
      vertex -4.65874 17.3867 1.1
      vertex -3.51163 17.6541 1.1
    endloop
  endfacet
  facet normal 0 0 -1
    outer loop
      vertex -5.6768 16.9863 1.1
      vertex -4.65874 17.3867 1.1
      vertex -4.63605 17.302 1.1
    endloop
  endfacet
  facet normal 0 0 -1
    outer loop
      vertex -5.78591 17.0447 1.1
      vertex -5.6768 16.9863 1.1
      vertex -5.75772 16.9617 1.1
    endloop
  endfacet
  facet normal 0 0 -1
    outer loop
      vertex -5.6768 16.9863 1.1
      vertex -5.78591 17.0447 1.1
      vertex -4.65874 17.3867 1.1
    endloop
  endfacet
  facet normal 0 0 -1
    outer loop
      vertex -6.7756 16.5786 1.1
      vertex -5.78591 17.0447 1.1
      vertex -5.75772 16.9617 1.1
    endloop
  endfacet
  facet normal 0 0 -1
    outer loop
      vertex -6.8883 16.6298 1.1
      vertex -6.7756 16.5786 1.1
      vertex -6.85474 16.5488 1.1
    endloop
  endfacet
  facet normal 0 0 -1
    outer loop
      vertex -6.7756 16.5786 1.1
      vertex -6.8883 16.6298 1.1
      vertex -5.78591 17.0447 1.1
    endloop
  endfacet
  facet normal 0 0 -1
    outer loop
      vertex -6.93177 16.5139 1.1
      vertex -6.8883 16.6298 1.1
      vertex -6.85474 16.5488 1.1
    endloop
  endfacet
  facet normal 0 0 -1
    outer loop
      vertex -7.9612 16.1437 1.1
      vertex -6.93177 16.5139 1.1
      vertex -7.92241 16.0651 1.1
    endloop
  endfacet
  facet normal -0 0 -1
    outer loop
      vertex -6.93177 16.5139 1.1
      vertex -7.9612 16.1437 1.1
      vertex -6.8883 16.6298 1.1
    endloop
  endfacet
  facet normal 0 0 -1
    outer loop
      vertex -7.99699 16.0252 1.1
      vertex -7.9612 16.1437 1.1
      vertex -7.92241 16.0651 1.1
    endloop
  endfacet
  facet normal 0 0 -1
    outer loop
      vertex -9 15.5885 1.1
      vertex -7.99699 16.0252 1.1
      vertex -8.95615 15.5125 1.1
    endloop
  endfacet
  facet normal -0 0 -1
    outer loop
      vertex -7.99699 16.0252 1.1
      vertex -9 15.5885 1.1
      vertex -7.9612 16.1437 1.1
    endloop
  endfacet
  facet normal 0 0 -1
    outer loop
      vertex -9.87973 14.9382 1.1
      vertex -9 15.5885 1.1
      vertex -8.95615 15.5125 1.1
    endloop
  endfacet
  facet normal 0 0 -1
    outer loop
      vertex -10.0003 14.9665 1.1
      vertex -9.87973 14.9382 1.1
      vertex -9.95154 14.8935 1.1
    endloop
  endfacet
  facet normal 0 0 -1
    outer loop
      vertex -9.87973 14.9382 1.1
      vertex -10.0003 14.9665 1.1
      vertex -9 15.5885 1.1
    endloop
  endfacet
  facet normal 0 0 -1
    outer loop
      vertex -10.0203 14.8443 1.1
      vertex -10.0003 14.9665 1.1
      vertex -9.95154 14.8935 1.1
    endloop
  endfacet
  facet normal 0 0 -1
    outer loop
      vertex -10.9577 14.2804 1.1
      vertex -10.0203 14.8443 1.1
      vertex -10.9043 14.2108 1.1
    endloop
  endfacet
  facet normal -0 0 -1
    outer loop
      vertex -10.0203 14.8443 1.1
      vertex -10.9577 14.2804 1.1
      vertex -10.0003 14.9665 1.1
    endloop
  endfacet
  facet normal 0 0 -1
    outer loop
      vertex -11.745 13.5208 1.1
      vertex -10.9577 14.2804 1.1
      vertex -10.9043 14.2108 1.1
    endloop
  endfacet
  facet normal 0 0 -1
    outer loop
      vertex -11.8682 13.5331 1.1
      vertex -11.745 13.5208 1.1
      vertex -11.8104 13.4672 1.1
    endloop
  endfacet
  facet normal 0 0 -1
    outer loop
      vertex -11.745 13.5208 1.1
      vertex -11.8682 13.5331 1.1
      vertex -10.9577 14.2804 1.1
    endloop
  endfacet
  facet normal 0 0 -1
    outer loop
      vertex -11.8721 13.4094 1.1
      vertex -11.8682 13.5331 1.1
      vertex -11.8104 13.4672 1.1
    endloop
  endfacet
  facet normal 0 0 -1
    outer loop
      vertex -12.7279 12.7279 1.1
      vertex -11.8721 13.4094 1.1
      vertex -12.6659 12.6659 1.1
    endloop
  endfacet
  facet normal -0 0 -1
    outer loop
      vertex -11.8721 13.4094 1.1
      vertex -12.7279 12.7279 1.1
      vertex -11.8682 13.5331 1.1
    endloop
  endfacet
  facet normal 0 0 -1
    outer loop
      vertex -13.4094 11.8721 1.1
      vertex -12.7279 12.7279 1.1
      vertex -12.6659 12.6659 1.1
    endloop
  endfacet
  facet normal 0 0 -1
    outer loop
      vertex -13.5331 11.8682 1.1
      vertex -13.4094 11.8721 1.1
      vertex -13.4672 11.8104 1.1
    endloop
  endfacet
  facet normal 0 0 -1
    outer loop
      vertex -13.5331 11.8682 1.1
      vertex -13.4672 11.8104 1.1
      vertex -13.5208 11.745 1.1
    endloop
  endfacet
  facet normal -0 0 -1
    outer loop
      vertex -13.4094 11.8721 1.1
      vertex -13.5331 11.8682 1.1
      vertex -12.7279 12.7279 1.1
    endloop
  endfacet
  facet normal 0 0 -1
    outer loop
      vertex -14.2804 10.9577 1.1
      vertex -13.5208 11.745 1.1
      vertex -14.2108 10.9043 1.1
    endloop
  endfacet
  facet normal -0 0 -1
    outer loop
      vertex -13.5208 11.745 1.1
      vertex -14.2804 10.9577 1.1
      vertex -13.5331 11.8682 1.1
    endloop
  endfacet
  facet normal 0 0 -1
    outer loop
      vertex -14.8443 10.0203 1.1
      vertex -14.2804 10.9577 1.1
      vertex -14.2108 10.9043 1.1
    endloop
  endfacet
  facet normal 0 0 -1
    outer loop
      vertex -14.9665 10.0003 1.1
      vertex -14.8443 10.0203 1.1
      vertex -14.8935 9.95154 1.1
    endloop
  endfacet
  facet normal 0 0 -1
    outer loop
      vertex -14.9665 10.0003 1.1
      vertex -14.8935 9.95154 1.1
      vertex -14.9382 9.87973 1.1
    endloop
  endfacet
  facet normal -0 0 -1
    outer loop
      vertex -14.8443 10.0203 1.1
      vertex -14.9665 10.0003 1.1
      vertex -14.2804 10.9577 1.1
    endloop
  endfacet
  facet normal 0 0 -1
    outer loop
      vertex -15.5885 9 1.1
      vertex -14.9382 9.87973 1.1
      vertex -15.5125 8.95615 1.1
    endloop
  endfacet
  facet normal -0 0 -1
    outer loop
      vertex -14.9382 9.87973 1.1
      vertex -15.5885 9 1.1
      vertex -14.9665 10.0003 1.1
    endloop
  endfacet
  facet normal 0 0 -1
    outer loop
      vertex -16.0252 7.99699 1.1
      vertex -15.5885 9 1.1
      vertex -15.5125 8.95615 1.1
    endloop
  endfacet
  facet normal 0 0 -1
    outer loop
      vertex -16.1437 7.9612 1.1
      vertex -16.0252 7.99699 1.1
      vertex -16.0651 7.92241 1.1
    endloop
  endfacet
  facet normal -0 0 -1
    outer loop
      vertex -16.0252 7.99699 1.1
      vertex -16.1437 7.9612 1.1
      vertex -15.5885 9 1.1
    endloop
  endfacet
  facet normal 0 0 -1
    outer loop
      vertex -16.5139 6.93177 1.1
      vertex -16.1437 7.9612 1.1
      vertex -16.0651 7.92241 1.1
    endloop
  endfacet
  facet normal 0 0 -1
    outer loop
      vertex -16.6298 6.8883 1.1
      vertex -16.5139 6.93177 1.1
      vertex -16.5488 6.85474 1.1
    endloop
  endfacet
  facet normal 0 0 -1
    outer loop
      vertex -16.6298 6.8883 1.1
      vertex -16.5488 6.85474 1.1
      vertex -16.5786 6.7756 1.1
    endloop
  endfacet
  facet normal -0 0 -1
    outer loop
      vertex -16.5139 6.93177 1.1
      vertex -16.6298 6.8883 1.1
      vertex -16.1437 7.9612 1.1
    endloop
  endfacet
  facet normal 0 0 -1
    outer loop
      vertex -17.0447 5.78591 1.1
      vertex -16.5786 6.7756 1.1
      vertex -16.9617 5.75772 1.1
    endloop
  endfacet
  facet normal 0 0 -1
    outer loop
      vertex -17.0447 5.78591 1.1
      vertex -16.9617 5.75772 1.1
      vertex -16.9863 5.6768 1.1
    endloop
  endfacet
  facet normal -0 0 -1
    outer loop
      vertex -16.5786 6.7756 1.1
      vertex -17.0447 5.78591 1.1
      vertex -16.6298 6.8883 1.1
    endloop
  endfacet
  facet normal 0 0 -1
    outer loop
      vertex -17.3867 4.65874 1.1
      vertex -16.9863 5.6768 1.1
      vertex -17.302 4.63605 1.1
    endloop
  endfacet
  facet normal -0 0 -1
    outer loop
      vertex -16.9863 5.6768 1.1
      vertex -17.3867 4.65874 1.1
      vertex -17.0447 5.78591 1.1
    endloop
  endfacet
  facet normal 0 0 -1
    outer loop
      vertex -17.5489 3.57687 1.1
      vertex -17.3867 4.65874 1.1
      vertex -17.302 4.63605 1.1
    endloop
  endfacet
  facet normal 0 0 -1
    outer loop
      vertex -17.6541 3.51163 1.1
      vertex -17.5489 3.57687 1.1
      vertex -17.5681 3.49452 1.1
    endloop
  endfacet
  facet normal -0 0 -1
    outer loop
      vertex -17.5489 3.57687 1.1
      vertex -17.6541 3.51163 1.1
      vertex -17.3867 4.65874 1.1
    endloop
  endfacet
  facet normal 0 0 -1
    outer loop
      vertex -17.7453 2.42146 1.1
      vertex -17.6541 3.51163 1.1
      vertex -17.5681 3.49452 1.1
    endloop
  endfacet
  facet normal 0 0 -1
    outer loop
      vertex -17.846 2.34947 1.1
      vertex -17.7453 2.42146 1.1
      vertex -17.7591 2.33802 1.1
    endloop
  endfacet
  facet normal 0 0 -1
    outer loop
      vertex -17.846 2.34947 1.1
      vertex -17.7591 2.33802 1.1
      vertex -17.7674 2.25387 1.1
    endloop
  endfacet
  facet normal -0 0 -1
    outer loop
      vertex -17.7453 2.42146 1.1
      vertex -17.846 2.34947 1.1
      vertex -17.6541 3.51163 1.1
    endloop
  endfacet
  facet normal 0 0 -1
    outer loop
      vertex -17.9615 1.17726 1.1
      vertex -17.7674 2.25387 1.1
      vertex -17.874 1.17152 1.1
    endloop
  endfacet
  facet normal 0 0 -1
    outer loop
      vertex -17.9615 1.17726 1.1
      vertex -17.874 1.17152 1.1
      vertex -17.8767 1.087 1.1
    endloop
  endfacet
  facet normal 0 0 -1
    outer loop
      vertex -18 0 1.1
      vertex -17.8767 1.087 1.1
      vertex -17.9123 0 1.1
    endloop
  endfacet
  facet normal 0 0 -1
    outer loop
      vertex -17.8767 -1.087 1.1
      vertex -18 0 1.1
      vertex -17.9123 0 1.1
    endloop
  endfacet
  facet normal -0 0 -1
    outer loop
      vertex -17.7674 2.25387 1.1
      vertex -17.9615 1.17726 1.1
      vertex -17.846 2.34947 1.1
    endloop
  endfacet
  facet normal -0 0 -1
    outer loop
      vertex -17.8767 1.087 1.1
      vertex -18 0 1.1
      vertex -17.9615 1.17726 1.1
    endloop
  endfacet
  facet normal 0.567371 -0.465001 -0.679606
    outer loop
      vertex 12.7006 -11.1381 0
      vertex 13.5208 -11.745 1.1
      vertex 13.4672 -11.8104 1.1
    endloop
  endfacet
  facet normal 0.567051 -0.46541 -0.679593
    outer loop
      vertex 13.5208 -11.745 1.1
      vertex 12.7006 -11.1381 0
      vertex 13.3444 -10.3537 0
    endloop
  endfacet
  facet normal -0.723735 -0.119786 -0.679602
    outer loop
      vertex -17.5681 -3.49452 1.1
      vertex -16.5829 -3.20618 0
      vertex -16.5681 -3.2956 0
    endloop
  endfacet
  facet normal -0.723793 -0.119524 -0.679586
    outer loop
      vertex -16.5829 -3.20618 0
      vertex -17.5681 -3.49452 1.1
      vertex -17.7453 -2.42146 1.1
    endloop
  endfacet
  facet normal -0.0720054 -0.730031 -0.67961
    outer loop
      vertex -2.20494 -16.7482 0
      vertex -2.25387 -17.7674 1.1
      vertex -2.33802 -17.7591 1.1
    endloop
  endfacet
  facet normal -0.0718542 -0.730043 -0.679614
    outer loop
      vertex -2.25387 -17.7674 1.1
      vertex -2.20494 -16.7482 0
      vertex -1.19503 -16.8476 0
    endloop
  endfacet
  facet normal 0.733179 0.0240121 -0.679612
    outer loop
      vertex 17.9123 0 1.1
      vertex 16.8897 0.0905833 0
      vertex 17.8767 1.087 1.1
    endloop
  endfacet
  facet normal 0.733185 0.0242821 -0.679596
    outer loop
      vertex 16.8897 0.0905833 0
      vertex 17.9123 0 1.1
      vertex 16.8927 0 0
    endloop
  endfacet
  facet normal 0.73319 0.0234218 -0.679621
    outer loop
      vertex 17.8767 1.087 1.1
      vertex 16.8565 1.10483 0
      vertex 17.874 1.17152 1.1
    endloop
  endfacet
  facet normal 0.733184 0.0239998 -0.679606
    outer loop
      vertex 16.8565 1.10483 0
      vertex 17.8767 1.087 1.1
      vertex 16.8897 0.0905833 0
    endloop
  endfacet
  facet normal 0.686623 -0.258232 -0.679607
    outer loop
      vertex 16.9617 -5.75772 1.1
      vertex 15.9643 -5.5148 0
      vertex 15.9962 -5.42998 0
    endloop
  endfacet
  facet normal 0.686569 -0.258404 -0.679596
    outer loop
      vertex 15.9643 -5.5148 0
      vertex 16.9617 -5.75772 1.1
      vertex 16.5786 -6.7756 1.1
    endloop
  endfacet
  facet normal 0.596275 -0.427308 -0.679606
    outer loop
      vertex 14.2108 -10.9043 1.1
      vertex 13.4547 -10.2099 0
      vertex 14.8443 -10.0203 1.1
    endloop
  endfacet
  facet normal 0.596339 -0.427228 -0.679599
    outer loop
      vertex 13.4547 -10.2099 0
      vertex 14.2108 -10.9043 1.1
      vertex 13.4019 -10.2836 0
    endloop
  endfacet
  facet normal -0.346047 -0.646822 -0.679612
    outer loop
      vertex -7.99699 -16.0252 1.1
      vertex -7.47145 -15.1506 0
      vertex -7.92241 -16.0651 1.1
    endloop
  endfacet
  facet normal -0.345822 -0.64695 -0.679605
    outer loop
      vertex -7.47145 -15.1506 0
      vertex -7.99699 -16.0252 1.1
      vertex -8.36642 -14.6722 0
    endloop
  endfacet
  facet normal -0.46541 0.567051 -0.679593
    outer loop
      vertex -11.1381 12.7006 0
      vertex -11.745 13.5208 1.1
      vertex -10.3537 13.3444 0
    endloop
  endfacet
  facet normal -0.465001 0.567371 -0.679606
    outer loop
      vertex -11.745 13.5208 1.1
      vertex -11.1381 12.7006 0
      vertex -11.8104 13.4672 1.1
    endloop
  endfacet
  facet normal -0.686569 0.258404 -0.679596
    outer loop
      vertex -15.9643 5.5148 0
      vertex -16.9617 5.75772 1.1
      vertex -16.5786 6.7756 1.1
    endloop
  endfacet
  facet normal -0.686623 0.258232 -0.679607
    outer loop
      vertex -16.9617 5.75772 1.1
      vertex -15.9643 5.5148 0
      vertex -15.9962 5.42998 0
    endloop
  endfacet
  facet normal -0.73319 0.0234218 -0.679621
    outer loop
      vertex -16.8565 1.10483 0
      vertex -17.8767 1.087 1.1
      vertex -17.874 1.17152 1.1
    endloop
  endfacet
  facet normal -0.733184 0.0239998 -0.679606
    outer loop
      vertex -17.8767 1.087 1.1
      vertex -16.8565 1.10483 0
      vertex -16.8897 0.0905833 0
    endloop
  endfacet
  facet normal 0.258232 -0.686623 -0.679607
    outer loop
      vertex 5.5148 -15.9643 0
      vertex 5.75772 -16.9617 1.1
      vertex 5.42998 -15.9962 0
    endloop
  endfacet
  facet normal 0.258404 -0.686569 -0.679596
    outer loop
      vertex 5.75772 -16.9617 1.1
      vertex 5.5148 -15.9643 0
      vertex 6.7756 -16.5786 1.1
    endloop
  endfacet
  facet normal -0.686519 0.258507 -0.679607
    outer loop
      vertex -15.6068 6.46455 0
      vertex -16.5786 6.7756 1.1
      vertex -16.5488 6.85474 1.1
    endloop
  endfacet
  facet normal -0.686547 0.258427 -0.679609
    outer loop
      vertex -16.5786 6.7756 1.1
      vertex -15.6068 6.46455 0
      vertex -15.9643 5.5148 0
    endloop
  endfacet
  facet normal 0.622955 -0.387365 -0.679614
    outer loop
      vertex 14.5816 -8.52331 0
      vertex 15.5125 -8.95615 1.1
      vertex 14.9382 -9.87973 1.1
    endloop
  endfacet
  facet normal 0.622807 -0.387636 -0.679596
    outer loop
      vertex 15.5125 -8.95615 1.1
      vertex 14.5816 -8.52331 0
      vertex 14.6295 -8.44635 0
    endloop
  endfacet
  facet normal 0.0718542 -0.730043 -0.679614
    outer loop
      vertex 2.20494 -16.7482 0
      vertex 2.25387 -17.7674 1.1
      vertex 1.19503 -16.8476 0
    endloop
  endfacet
  facet normal 0.0720054 -0.730031 -0.67961
    outer loop
      vertex 2.25387 -17.7674 1.1
      vertex 2.20494 -16.7482 0
      vertex 2.33802 -17.7591 1.1
    endloop
  endfacet
  facet normal 0.212955 -0.701972 -0.679622
    outer loop
      vertex 5.42998 -15.9962 0
      vertex 5.6768 -16.9863 1.1
      vertex 4.45888 -16.2908 0
    endloop
  endfacet
  facet normal 0.213367 -0.701857 -0.679611
    outer loop
      vertex 5.6768 -16.9863 1.1
      vertex 5.42998 -15.9962 0
      vertex 5.75772 -16.9617 1.1
    endloop
  endfacet
  facet normal -0.166536 0.714424 -0.679606
    outer loop
      vertex -4.28389 16.3377 0
      vertex -4.63605 17.302 1.1
      vertex -3.57687 17.5489 1.1
    endloop
  endfacet
  facet normal -0.166734 0.714366 -0.679618
    outer loop
      vertex -4.63605 17.302 1.1
      vertex -4.28389 16.3377 0
      vertex -4.37215 16.3171 0
    endloop
  endfacet
  facet normal -0.622955 -0.387365 -0.679614
    outer loop
      vertex -15.5125 -8.95615 1.1
      vertex -14.5816 -8.52331 0
      vertex -14.9382 -9.87973 1.1
    endloop
  endfacet
  facet normal -0.622807 -0.387636 -0.679596
    outer loop
      vertex -14.5816 -8.52331 0
      vertex -15.5125 -8.95615 1.1
      vertex -14.6295 -8.44635 0
    endloop
  endfacet
  facet normal 0.714424 -0.166536 -0.679606
    outer loop
      vertex 17.302 -4.63605 1.1
      vertex 16.3377 -4.28389 0
      vertex 17.5489 -3.57687 1.1
    endloop
  endfacet
  facet normal 0.714366 -0.166734 -0.679618
    outer loop
      vertex 16.3377 -4.28389 0
      vertex 17.302 -4.63605 1.1
      vertex 16.3171 -4.37215 0
    endloop
  endfacet
  facet normal 0.535357 0.501517 -0.679613
    outer loop
      vertex 12.7006 11.1381 0
      vertex 13.4094 11.8721 1.1
      vertex 13.4672 11.8104 1.1
    endloop
  endfacet
  facet normal 0.535423 0.501449 -0.679611
    outer loop
      vertex 13.4094 11.8721 1.1
      vertex 12.7006 11.1381 0
      vertex 12.0069 11.8788 0
    endloop
  endfacet
  facet normal -0.567371 -0.465001 -0.679606
    outer loop
      vertex -13.5208 -11.745 1.1
      vertex -12.7006 -11.1381 0
      vertex -13.4672 -11.8104 1.1
    endloop
  endfacet
  facet normal -0.567051 -0.46541 -0.679593
    outer loop
      vertex -12.7006 -11.1381 0
      vertex -13.5208 -11.745 1.1
      vertex -13.3444 -10.3537 0
    endloop
  endfacet
  facet normal -0.302739 0.668195 -0.679605
    outer loop
      vertex -6.46455 15.6068 0
      vertex -6.93177 16.5139 1.1
      vertex -6.85474 16.5488 1.1
    endloop
  endfacet
  facet normal -0.302745 0.668193 -0.679606
    outer loop
      vertex -6.93177 16.5139 1.1
      vertex -6.46455 15.6068 0
      vertex -7.38889 15.188 0
    endloop
  endfacet
  facet normal -0.701972 -0.212955 -0.679622
    outer loop
      vertex -15.9962 -5.42998 0
      vertex -16.9863 -5.6768 1.1
      vertex -16.2908 -4.45888 0
    endloop
  endfacet
  facet normal -0.701857 -0.213367 -0.679611
    outer loop
      vertex -16.9863 -5.6768 1.1
      vertex -15.9962 -5.42998 0
      vertex -16.9617 -5.75772 1.1
    endloop
  endfacet
  facet normal 0.567055 -0.465408 -0.679591
    outer loop
      vertex 13.3444 -10.3537 0
      vertex 14.2108 -10.9043 1.1
      vertex 13.5208 -11.745 1.1
    endloop
  endfacet
  facet normal 0.567182 -0.465235 -0.679604
    outer loop
      vertex 14.2108 -10.9043 1.1
      vertex 13.3444 -10.3537 0
      vertex 13.4019 -10.2836 0
    endloop
  endfacet
  facet normal 0.119699 -0.723747 -0.679605
    outer loop
      vertex 2.20494 -16.7482 0
      vertex 2.42146 -17.7453 1.1
      vertex 2.33802 -17.7591 1.1
    endloop
  endfacet
  facet normal 0.119494 -0.723786 -0.6796
    outer loop
      vertex 2.42146 -17.7453 1.1
      vertex 2.20494 -16.7482 0
      vertex 3.20618 -16.5829 0
    endloop
  endfacet
  facet normal -0.119699 0.723747 -0.679605
    outer loop
      vertex -2.20494 16.7482 0
      vertex -2.42146 17.7453 1.1
      vertex -2.33802 17.7591 1.1
    endloop
  endfacet
  facet normal -0.119494 0.723786 -0.6796
    outer loop
      vertex -2.42146 17.7453 1.1
      vertex -2.20494 16.7482 0
      vertex -3.20618 16.5829 0
    endloop
  endfacet
  facet normal 0.387674 -0.622794 -0.679586
    outer loop
      vertex 9.87973 -14.9382 1.1
      vertex 9.38508 -14.0458 0
      vertex 9.95154 -14.8935 1.1
    endloop
  endfacet
  facet normal 0.387341 -0.622991 -0.679595
    outer loop
      vertex 9.38508 -14.0458 0
      vertex 9.87973 -14.9382 1.1
      vertex 8.52331 -14.5816 0
    endloop
  endfacet
  facet normal -0.258507 -0.686519 -0.679607
    outer loop
      vertex -6.46455 -15.6068 0
      vertex -6.7756 -16.5786 1.1
      vertex -6.85474 -16.5488 1.1
    endloop
  endfacet
  facet normal -0.258427 -0.686547 -0.679609
    outer loop
      vertex -6.7756 -16.5786 1.1
      vertex -6.46455 -15.6068 0
      vertex -5.5148 -15.9643 0
    endloop
  endfacet
  facet normal 0.733184 -0.0239998 -0.679606
    outer loop
      vertex 17.8767 -1.087 1.1
      vertex 16.8565 -1.10483 0
      vertex 16.8897 -0.0905833 0
    endloop
  endfacet
  facet normal 0.73319 -0.0234218 -0.679621
    outer loop
      vertex 16.8565 -1.10483 0
      vertex 17.8767 -1.087 1.1
      vertex 17.874 -1.17152 1.1
    endloop
  endfacet
  facet normal -0.668204 -0.302699 -0.679616
    outer loop
      vertex -16.0651 -7.92241 1.1
      vertex -15.188 -7.38889 0
      vertex -15.1506 -7.47145 0
    endloop
  endfacet
  facet normal -0.668193 -0.302719 -0.679617
    outer loop
      vertex -15.188 -7.38889 0
      vertex -16.0651 -7.92241 1.1
      vertex -16.5139 -6.93177 1.1
    endloop
  endfacet
  facet normal 0.646822 0.346047 -0.679612
    outer loop
      vertex 15.1506 7.47145 0
      vertex 16.0252 7.99699 1.1
      vertex 16.0651 7.92241 1.1
    endloop
  endfacet
  facet normal 0.64695 0.345822 -0.679605
    outer loop
      vertex 16.0252 7.99699 1.1
      vertex 15.1506 7.47145 0
      vertex 14.6722 8.36642 0
    endloop
  endfacet
  facet normal 0.302699 -0.668204 -0.679616
    outer loop
      vertex 7.92241 -16.0651 1.1
      vertex 7.38889 -15.188 0
      vertex 7.47145 -15.1506 0
    endloop
  endfacet
  facet normal 0.302719 -0.668193 -0.679617
    outer loop
      vertex 7.38889 -15.188 0
      vertex 7.92241 -16.0651 1.1
      vertex 6.93177 -16.5139 1.1
    endloop
  endfacet
  facet normal -0.714366 -0.166734 -0.679618
    outer loop
      vertex -17.302 -4.63605 1.1
      vertex -16.3377 -4.28389 0
      vertex -16.3171 -4.37215 0
    endloop
  endfacet
  facet normal -0.714424 -0.166536 -0.679606
    outer loop
      vertex -16.3377 -4.28389 0
      vertex -17.302 -4.63605 1.1
      vertex -17.5489 -3.57687 1.1
    endloop
  endfacet
  facet normal 0.346047 -0.646822 -0.679612
    outer loop
      vertex 7.47145 -15.1506 0
      vertex 7.99699 -16.0252 1.1
      vertex 7.92241 -16.0651 1.1
    endloop
  endfacet
  facet normal 0.345822 -0.64695 -0.679605
    outer loop
      vertex 7.99699 -16.0252 1.1
      vertex 7.47145 -15.1506 0
      vertex 8.36642 -14.6722 0
    endloop
  endfacet
  facet normal 0.733185 -0.0242821 -0.679596
    outer loop
      vertex 17.9123 0 1.1
      vertex 16.8897 -0.0905833 0
      vertex 16.8927 0 0
    endloop
  endfacet
  facet normal 0.733179 -0.0240121 -0.679612
    outer loop
      vertex 16.8897 -0.0905833 0
      vertex 17.9123 0 1.1
      vertex 17.8767 -1.087 1.1
    endloop
  endfacet
  facet normal 0.258404 0.686569 -0.679596
    outer loop
      vertex 5.5148 15.9643 0
      vertex 5.75772 16.9617 1.1
      vertex 6.7756 16.5786 1.1
    endloop
  endfacet
  facet normal 0.258232 0.686623 -0.679607
    outer loop
      vertex 5.75772 16.9617 1.1
      vertex 5.5148 15.9643 0
      vertex 5.42998 15.9962 0
    endloop
  endfacet
  facet normal -0.567055 -0.465408 -0.679591
    outer loop
      vertex -14.2108 -10.9043 1.1
      vertex -13.3444 -10.3537 0
      vertex -13.5208 -11.745 1.1
    endloop
  endfacet
  facet normal -0.567182 -0.465235 -0.679604
    outer loop
      vertex -13.3444 -10.3537 0
      vertex -14.2108 -10.9043 1.1
      vertex -13.4019 -10.2836 0
    endloop
  endfacet
  facet normal 0.501846 -0.535032 -0.679626
    outer loop
      vertex 12.6659 -12.6659 1.1
      vertex 11.8788 -12.0069 0
      vertex 11.9449 -11.9449 0
    endloop
  endfacet
  facet normal 0.501484 -0.535411 -0.679595
    outer loop
      vertex 11.8788 -12.0069 0
      vertex 12.6659 -12.6659 1.1
      vertex 11.8721 -13.4094 1.1
    endloop
  endfacet
  facet normal -0.730017 0.071899 -0.679636
    outer loop
      vertex -16.8476 1.19503 0
      vertex -17.874 1.17152 1.1
      vertex -17.7674 2.25387 1.1
    endloop
  endfacet
  facet normal -0.730012 0.07203 -0.679628
    outer loop
      vertex -17.874 1.17152 1.1
      vertex -16.8476 1.19503 0
      vertex -16.8565 1.10483 0
    endloop
  endfacet
  facet normal -0.535423 -0.501449 -0.679611
    outer loop
      vertex -13.4094 -11.8721 1.1
      vertex -12.7006 -11.1381 0
      vertex -12.0069 -11.8788 0
    endloop
  endfacet
  facet normal -0.535357 -0.501517 -0.679613
    outer loop
      vertex -12.7006 -11.1381 0
      vertex -13.4094 -11.8721 1.1
      vertex -13.4672 -11.8104 1.1
    endloop
  endfacet
  facet normal -0.07203 0.730012 -0.679628
    outer loop
      vertex -1.19503 16.8476 0
      vertex -1.17152 17.874 1.1
      vertex -1.10483 16.8565 0
    endloop
  endfacet
  facet normal -0.071899 0.730017 -0.679636
    outer loop
      vertex -1.17152 17.874 1.1
      vertex -1.19503 16.8476 0
      vertex -2.25387 17.7674 1.1
    endloop
  endfacet
  facet normal -0.501846 0.535032 -0.679626
    outer loop
      vertex -12.6659 12.6659 1.1
      vertex -11.8788 12.0069 0
      vertex -11.9449 11.9449 0
    endloop
  endfacet
  facet normal -0.501484 0.535411 -0.679595
    outer loop
      vertex -11.8788 12.0069 0
      vertex -12.6659 12.6659 1.1
      vertex -11.8721 13.4094 1.1
    endloop
  endfacet
  facet normal -0.733185 0.0242821 -0.679596
    outer loop
      vertex -17.9123 0 1.1
      vertex -16.8897 0.0905833 0
      vertex -16.8927 0 0
    endloop
  endfacet
  facet normal -0.733179 0.0240121 -0.679612
    outer loop
      vertex -16.8897 0.0905833 0
      vertex -17.9123 0 1.1
      vertex -17.8767 1.087 1.1
    endloop
  endfacet
  facet normal 0.723793 -0.119524 -0.679586
    outer loop
      vertex 17.5681 -3.49452 1.1
      vertex 16.5829 -3.20618 0
      vertex 17.7453 -2.42146 1.1
    endloop
  endfacet
  facet normal 0.723735 -0.119786 -0.679602
    outer loop
      vertex 16.5829 -3.20618 0
      vertex 17.5681 -3.49452 1.1
      vertex 16.5681 -3.2956 0
    endloop
  endfacet
  facet normal 0.0720054 0.730031 -0.67961
    outer loop
      vertex 2.20494 16.7482 0
      vertex 2.25387 17.7674 1.1
      vertex 2.33802 17.7591 1.1
    endloop
  endfacet
  facet normal 0.0718542 0.730043 -0.679614
    outer loop
      vertex 2.25387 17.7674 1.1
      vertex 2.20494 16.7482 0
      vertex 1.19503 16.8476 0
    endloop
  endfacet
  facet normal -0.714424 -0.166569 -0.679598
    outer loop
      vertex -16.5681 -3.2956 0
      vertex -17.5489 -3.57687 1.1
      vertex -17.5681 -3.49452 1.1
    endloop
  endfacet
  facet normal -0.714428 -0.166554 -0.679598
    outer loop
      vertex -17.5489 -3.57687 1.1
      vertex -16.5681 -3.2956 0
      vertex -16.3377 -4.28389 0
    endloop
  endfacet
  facet normal -0.427228 0.596339 -0.679599
    outer loop
      vertex -10.9043 14.2108 1.1
      vertex -10.2099 13.4547 0
      vertex -10.2836 13.4019 0
    endloop
  endfacet
  facet normal -0.427308 0.596275 -0.679606
    outer loop
      vertex -10.2099 13.4547 0
      vertex -10.9043 14.2108 1.1
      vertex -10.0203 14.8443 1.1
    endloop
  endfacet
  facet normal 0.686547 -0.258427 -0.679609
    outer loop
      vertex 16.5786 -6.7756 1.1
      vertex 15.6068 -6.46455 0
      vertex 15.9643 -5.5148 0
    endloop
  endfacet
  facet normal 0.686519 -0.258507 -0.679607
    outer loop
      vertex 15.6068 -6.46455 0
      vertex 16.5786 -6.7756 1.1
      vertex 16.5488 -6.85474 1.1
    endloop
  endfacet
  facet normal 0.535357 -0.501517 -0.679613
    outer loop
      vertex 13.4094 -11.8721 1.1
      vertex 12.7006 -11.1381 0
      vertex 13.4672 -11.8104 1.1
    endloop
  endfacet
  facet normal 0.535423 -0.501449 -0.679611
    outer loop
      vertex 12.7006 -11.1381 0
      vertex 13.4094 -11.8721 1.1
      vertex 12.0069 -11.8788 0
    endloop
  endfacet
  facet normal 0.64695 0.345814 -0.679609
    outer loop
      vertex 14.6722 8.36642 0
      vertex 15.5125 8.95615 1.1
      vertex 16.0252 7.99699 1.1
    endloop
  endfacet
  facet normal 0.647043 0.345662 -0.679598
    outer loop
      vertex 15.5125 8.95615 1.1
      vertex 14.6722 8.36642 0
      vertex 14.6295 8.44635 0
    endloop
  endfacet
  facet normal -0.119786 -0.723735 -0.679602
    outer loop
      vertex -3.20618 -16.5829 0
      vertex -3.49452 -17.5681 1.1
      vertex -3.2956 -16.5681 0
    endloop
  endfacet
  facet normal -0.119524 -0.723793 -0.679586
    outer loop
      vertex -3.49452 -17.5681 1.1
      vertex -3.20618 -16.5829 0
      vertex -2.42146 -17.7453 1.1
    endloop
  endfacet
  facet normal 0.714424 -0.166569 -0.679598
    outer loop
      vertex 17.5489 -3.57687 1.1
      vertex 16.5681 -3.2956 0
      vertex 17.5681 -3.49452 1.1
    endloop
  endfacet
  facet normal 0.714428 -0.166554 -0.679598
    outer loop
      vertex 16.5681 -3.2956 0
      vertex 17.5489 -3.57687 1.1
      vertex 16.3377 -4.28389 0
    endloop
  endfacet
  facet normal 0.723747 -0.119699 -0.679605
    outer loop
      vertex 17.7453 -2.42146 1.1
      vertex 16.7482 -2.20494 0
      vertex 17.7591 -2.33802 1.1
    endloop
  endfacet
  facet normal 0.723786 -0.119494 -0.6796
    outer loop
      vertex 16.7482 -2.20494 0
      vertex 17.7453 -2.42146 1.1
      vertex 16.5829 -3.20618 0
    endloop
  endfacet
  facet normal 0.596275 0.427308 -0.679606
    outer loop
      vertex 13.4547 10.2099 0
      vertex 14.2108 10.9043 1.1
      vertex 14.8443 10.0203 1.1
    endloop
  endfacet
  facet normal 0.596339 0.427228 -0.679599
    outer loop
      vertex 14.2108 10.9043 1.1
      vertex 13.4547 10.2099 0
      vertex 13.4019 10.2836 0
    endloop
  endfacet
  facet normal 0.668193 0.302719 -0.679617
    outer loop
      vertex 15.188 7.38889 0
      vertex 16.0651 7.92241 1.1
      vertex 16.5139 6.93177 1.1
    endloop
  endfacet
  facet normal 0.668204 0.302699 -0.679616
    outer loop
      vertex 16.0651 7.92241 1.1
      vertex 15.188 7.38889 0
      vertex 15.1506 7.47145 0
    endloop
  endfacet
  facet normal 0.501846 0.535032 -0.679626
    outer loop
      vertex 11.8788 12.0069 0
      vertex 12.6659 12.6659 1.1
      vertex 11.9449 11.9449 0
    endloop
  endfacet
  facet normal 0.501484 0.535411 -0.679595
    outer loop
      vertex 12.6659 12.6659 1.1
      vertex 11.8788 12.0069 0
      vertex 11.8721 13.4094 1.1
    endloop
  endfacet
  facet normal -0.730031 0.0720054 -0.67961
    outer loop
      vertex -16.7482 2.20494 0
      vertex -17.7674 2.25387 1.1
      vertex -17.7591 2.33802 1.1
    endloop
  endfacet
  facet normal -0.730043 0.0718542 -0.679614
    outer loop
      vertex -17.7674 2.25387 1.1
      vertex -16.7482 2.20494 0
      vertex -16.8476 1.19503 0
    endloop
  endfacet
  facet normal -0.119494 -0.723786 -0.6796
    outer loop
      vertex -2.20494 -16.7482 0
      vertex -2.42146 -17.7453 1.1
      vertex -3.20618 -16.5829 0
    endloop
  endfacet
  facet normal -0.119699 -0.723747 -0.679605
    outer loop
      vertex -2.42146 -17.7453 1.1
      vertex -2.20494 -16.7482 0
      vertex -2.33802 -17.7591 1.1
    endloop
  endfacet
  facet normal 0.302739 -0.668195 -0.679605
    outer loop
      vertex 6.46455 -15.6068 0
      vertex 6.93177 -16.5139 1.1
      vertex 6.85474 -16.5488 1.1
    endloop
  endfacet
  facet normal 0.302745 -0.668193 -0.679606
    outer loop
      vertex 6.93177 -16.5139 1.1
      vertex 6.46455 -15.6068 0
      vertex 7.38889 -15.188 0
    endloop
  endfacet
  facet normal -0.686623 -0.258232 -0.679607
    outer loop
      vertex -15.9643 -5.5148 0
      vertex -16.9617 -5.75772 1.1
      vertex -15.9962 -5.42998 0
    endloop
  endfacet
  facet normal -0.686569 -0.258404 -0.679596
    outer loop
      vertex -16.9617 -5.75772 1.1
      vertex -15.9643 -5.5148 0
      vertex -16.5786 -6.7756 1.1
    endloop
  endfacet
  facet normal -0.465235 -0.567182 -0.679604
    outer loop
      vertex -10.9043 -14.2108 1.1
      vertex -10.3537 -13.3444 0
      vertex -10.2836 -13.4019 0
    endloop
  endfacet
  facet normal -0.465408 -0.567055 -0.679591
    outer loop
      vertex -10.3537 -13.3444 0
      vertex -10.9043 -14.2108 1.1
      vertex -11.745 -13.5208 1.1
    endloop
  endfacet
  facet normal -0.166554 -0.714428 -0.679598
    outer loop
      vertex -3.2956 -16.5681 0
      vertex -3.57687 -17.5489 1.1
      vertex -4.28389 -16.3377 0
    endloop
  endfacet
  facet normal -0.166569 -0.714424 -0.679598
    outer loop
      vertex -3.57687 -17.5489 1.1
      vertex -3.2956 -16.5681 0
      vertex -3.49452 -17.5681 1.1
    endloop
  endfacet
  facet normal 0.535411 -0.501484 -0.679595
    outer loop
      vertex 12.6659 -12.6659 1.1
      vertex 12.0069 -11.8788 0
      vertex 13.4094 -11.8721 1.1
    endloop
  endfacet
  facet normal 0.535032 -0.501846 -0.679626
    outer loop
      vertex 12.0069 -11.8788 0
      vertex 12.6659 -12.6659 1.1
      vertex 11.9449 -11.9449 0
    endloop
  endfacet
  facet normal -0.387636 -0.622807 -0.679596
    outer loop
      vertex -8.95615 -15.5125 1.1
      vertex -8.52331 -14.5816 0
      vertex -8.44635 -14.6295 0
    endloop
  endfacet
  facet normal -0.387365 -0.622955 -0.679614
    outer loop
      vertex -8.52331 -14.5816 0
      vertex -8.95615 -15.5125 1.1
      vertex -9.87973 -14.9382 1.1
    endloop
  endfacet
  facet normal 0.0239998 -0.733184 -0.679606
    outer loop
      vertex 1.10483 -16.8565 0
      vertex 1.087 -17.8767 1.1
      vertex 0.0905833 -16.8897 0
    endloop
  endfacet
  facet normal 0.0234218 -0.73319 -0.679621
    outer loop
      vertex 1.087 -17.8767 1.1
      vertex 1.10483 -16.8565 0
      vertex 1.17152 -17.874 1.1
    endloop
  endfacet
  facet normal -0.501517 -0.535357 -0.679613
    outer loop
      vertex -11.8721 -13.4094 1.1
      vertex -11.1381 -12.7006 0
      vertex -11.8104 -13.4672 1.1
    endloop
  endfacet
  facet normal -0.501449 -0.535423 -0.679611
    outer loop
      vertex -11.1381 -12.7006 0
      vertex -11.8721 -13.4094 1.1
      vertex -11.8788 -12.0069 0
    endloop
  endfacet
  facet normal 0.723735 0.119786 -0.679602
    outer loop
      vertex 17.5681 3.49452 1.1
      vertex 16.5829 3.20618 0
      vertex 16.5681 3.2956 0
    endloop
  endfacet
  facet normal 0.723793 0.119524 -0.679586
    outer loop
      vertex 16.5829 3.20618 0
      vertex 17.5681 3.49452 1.1
      vertex 17.7453 2.42146 1.1
    endloop
  endfacet
  facet normal -0.647043 -0.345662 -0.679598
    outer loop
      vertex -15.5125 -8.95615 1.1
      vertex -14.6722 -8.36642 0
      vertex -14.6295 -8.44635 0
    endloop
  endfacet
  facet normal -0.64695 -0.345814 -0.679609
    outer loop
      vertex -14.6722 -8.36642 0
      vertex -15.5125 -8.95615 1.1
      vertex -16.0252 -7.99699 1.1
    endloop
  endfacet
  facet normal 0.166536 -0.714424 -0.679606
    outer loop
      vertex 4.28389 -16.3377 0
      vertex 4.63605 -17.302 1.1
      vertex 3.57687 -17.5489 1.1
    endloop
  endfacet
  facet normal 0.166734 -0.714366 -0.679618
    outer loop
      vertex 4.63605 -17.302 1.1
      vertex 4.28389 -16.3377 0
      vertex 4.37215 -16.3171 0
    endloop
  endfacet
  facet normal -0.119524 0.723793 -0.679586
    outer loop
      vertex -3.20618 16.5829 0
      vertex -3.49452 17.5681 1.1
      vertex -2.42146 17.7453 1.1
    endloop
  endfacet
  facet normal -0.119786 0.723735 -0.679602
    outer loop
      vertex -3.49452 17.5681 1.1
      vertex -3.20618 16.5829 0
      vertex -3.2956 16.5681 0
    endloop
  endfacet
  facet normal 0.596597 -0.426884 -0.679589
    outer loop
      vertex 14.8443 -10.0203 1.1
      vertex 14.0458 -9.38508 0
      vertex 14.8935 -9.95154 1.1
    endloop
  endfacet
  facet normal 0.596274 -0.427314 -0.679603
    outer loop
      vertex 14.0458 -9.38508 0
      vertex 14.8443 -10.0203 1.1
      vertex 13.4547 -10.2099 0
    endloop
  endfacet
  facet normal -0.622807 0.387636 -0.679596
    outer loop
      vertex -15.5125 8.95615 1.1
      vertex -14.5816 8.52331 0
      vertex -14.6295 8.44635 0
    endloop
  endfacet
  facet normal -0.622955 0.387365 -0.679614
    outer loop
      vertex -14.5816 8.52331 0
      vertex -15.5125 8.95615 1.1
      vertex -14.9382 9.87973 1.1
    endloop
  endfacet
  facet normal -0.733184 -0.0239998 -0.679606
    outer loop
      vertex -16.8565 -1.10483 0
      vertex -17.8767 -1.087 1.1
      vertex -16.8897 -0.0905833 0
    endloop
  endfacet
  facet normal -0.73319 -0.0234218 -0.679621
    outer loop
      vertex -17.8767 -1.087 1.1
      vertex -16.8565 -1.10483 0
      vertex -17.874 -1.17152 1.1
    endloop
  endfacet
  facet normal -0.166734 -0.714366 -0.679618
    outer loop
      vertex -4.28389 -16.3377 0
      vertex -4.63605 -17.302 1.1
      vertex -4.37215 -16.3171 0
    endloop
  endfacet
  facet normal -0.166536 -0.714424 -0.679606
    outer loop
      vertex -4.63605 -17.302 1.1
      vertex -4.28389 -16.3377 0
      vertex -3.57687 -17.5489 1.1
    endloop
  endfacet
  facet normal -0.302739 -0.668195 -0.679605
    outer loop
      vertex -6.93177 -16.5139 1.1
      vertex -6.46455 -15.6068 0
      vertex -6.85474 -16.5488 1.1
    endloop
  endfacet
  facet normal -0.302745 -0.668193 -0.679606
    outer loop
      vertex -6.46455 -15.6068 0
      vertex -6.93177 -16.5139 1.1
      vertex -7.38889 -15.188 0
    endloop
  endfacet
  facet normal 0.465408 0.567055 -0.679591
    outer loop
      vertex 10.3537 13.3444 0
      vertex 10.9043 14.2108 1.1
      vertex 11.745 13.5208 1.1
    endloop
  endfacet
  facet normal 0.465235 0.567182 -0.679604
    outer loop
      vertex 10.9043 14.2108 1.1
      vertex 10.3537 13.3444 0
      vertex 10.2836 13.4019 0
    endloop
  endfacet
  facet normal 0.64695 -0.345814 -0.679609
    outer loop
      vertex 15.5125 -8.95615 1.1
      vertex 14.6722 -8.36642 0
      vertex 16.0252 -7.99699 1.1
    endloop
  endfacet
  facet normal 0.647043 -0.345662 -0.679598
    outer loop
      vertex 14.6722 -8.36642 0
      vertex 15.5125 -8.95615 1.1
      vertex 14.6295 -8.44635 0
    endloop
  endfacet
  facet normal 0.345662 -0.647043 -0.679598
    outer loop
      vertex 8.95615 -15.5125 1.1
      vertex 8.36642 -14.6722 0
      vertex 8.44635 -14.6295 0
    endloop
  endfacet
  facet normal 0.345814 -0.64695 -0.679609
    outer loop
      vertex 8.36642 -14.6722 0
      vertex 8.95615 -15.5125 1.1
      vertex 7.99699 -16.0252 1.1
    endloop
  endfacet
  facet normal -0.213367 -0.701857 -0.679611
    outer loop
      vertex -5.42998 -15.9962 0
      vertex -5.6768 -16.9863 1.1
      vertex -5.75772 -16.9617 1.1
    endloop
  endfacet
  facet normal -0.212955 -0.701972 -0.679622
    outer loop
      vertex -5.6768 -16.9863 1.1
      vertex -5.42998 -15.9962 0
      vertex -4.45888 -16.2908 0
    endloop
  endfacet
  facet normal 0.730012 -0.07203 -0.679628
    outer loop
      vertex 17.874 -1.17152 1.1
      vertex 16.8476 -1.19503 0
      vertex 16.8565 -1.10483 0
    endloop
  endfacet
  facet normal 0.730017 -0.071899 -0.679636
    outer loop
      vertex 16.8476 -1.19503 0
      vertex 17.874 -1.17152 1.1
      vertex 17.7674 -2.25387 1.1
    endloop
  endfacet
  facet normal 0.465408 -0.567055 -0.679591
    outer loop
      vertex 10.9043 -14.2108 1.1
      vertex 10.3537 -13.3444 0
      vertex 11.745 -13.5208 1.1
    endloop
  endfacet
  facet normal 0.465235 -0.567182 -0.679604
    outer loop
      vertex 10.3537 -13.3444 0
      vertex 10.9043 -14.2108 1.1
      vertex 10.2836 -13.4019 0
    endloop
  endfacet
  facet normal 0.0240121 0.733179 -0.679612
    outer loop
      vertex 0.0905833 16.8897 0
      vertex 0 17.9123 1.1
      vertex 1.087 17.8767 1.1
    endloop
  endfacet
  facet normal 0.0242821 0.733185 -0.679596
    outer loop
      vertex 0 17.9123 1.1
      vertex 0.0905833 16.8897 0
      vertex 0 16.8927 0
    endloop
  endfacet
  facet normal -0.567051 0.46541 -0.679593
    outer loop
      vertex -13.5208 11.745 1.1
      vertex -12.7006 11.1381 0
      vertex -13.3444 10.3537 0
    endloop
  endfacet
  facet normal -0.567371 0.465001 -0.679606
    outer loop
      vertex -12.7006 11.1381 0
      vertex -13.5208 11.745 1.1
      vertex -13.4672 11.8104 1.1
    endloop
  endfacet
  facet normal -0.567182 0.465235 -0.679604
    outer loop
      vertex -14.2108 10.9043 1.1
      vertex -13.3444 10.3537 0
      vertex -13.4019 10.2836 0
    endloop
  endfacet
  facet normal -0.567055 0.465408 -0.679591
    outer loop
      vertex -13.3444 10.3537 0
      vertex -14.2108 10.9043 1.1
      vertex -13.5208 11.745 1.1
    endloop
  endfacet
  facet normal -0.258404 -0.686569 -0.679596
    outer loop
      vertex -5.5148 -15.9643 0
      vertex -5.75772 -16.9617 1.1
      vertex -6.7756 -16.5786 1.1
    endloop
  endfacet
  facet normal -0.258232 -0.686623 -0.679607
    outer loop
      vertex -5.75772 -16.9617 1.1
      vertex -5.5148 -15.9643 0
      vertex -5.42998 -15.9962 0
    endloop
  endfacet
  facet normal -0.0240121 -0.733179 -0.679612
    outer loop
      vertex -0.0905833 -16.8897 0
      vertex 0 -17.9123 1.1
      vertex -1.087 -17.8767 1.1
    endloop
  endfacet
  facet normal -0.0242821 -0.733185 -0.679596
    outer loop
      vertex 0 -17.9123 1.1
      vertex -0.0905833 -16.8897 0
      vertex 0 -16.8927 0
    endloop
  endfacet
  facet normal -0.426884 0.596597 -0.679589
    outer loop
      vertex -9.38508 14.0458 0
      vertex -10.0203 14.8443 1.1
      vertex -9.95154 14.8935 1.1
    endloop
  endfacet
  facet normal -0.427314 0.596274 -0.679603
    outer loop
      vertex -10.0203 14.8443 1.1
      vertex -9.38508 14.0458 0
      vertex -10.2099 13.4547 0
    endloop
  endfacet
  facet normal -0.345662 0.647043 -0.679598
    outer loop
      vertex -8.95615 15.5125 1.1
      vertex -8.36642 14.6722 0
      vertex -8.44635 14.6295 0
    endloop
  endfacet
  facet normal -0.345814 0.64695 -0.679609
    outer loop
      vertex -8.36642 14.6722 0
      vertex -8.95615 15.5125 1.1
      vertex -7.99699 16.0252 1.1
    endloop
  endfacet
  facet normal -0.212875 0.702001 -0.679617
    outer loop
      vertex -4.45888 16.2908 0
      vertex -4.63605 17.302 1.1
      vertex -4.37215 16.3171 0
    endloop
  endfacet
  facet normal -0.212939 0.701985 -0.679613
    outer loop
      vertex -4.63605 17.302 1.1
      vertex -4.45888 16.2908 0
      vertex -5.6768 16.9863 1.1
    endloop
  endfacet
  facet normal 0.0242821 -0.733185 -0.679596
    outer loop
      vertex 0.0905833 -16.8897 0
      vertex 0 -17.9123 1.1
      vertex 0 -16.8927 0
    endloop
  endfacet
  facet normal 0.0240121 -0.733179 -0.679612
    outer loop
      vertex 0 -17.9123 1.1
      vertex 0.0905833 -16.8897 0
      vertex 1.087 -17.8767 1.1
    endloop
  endfacet
  facet normal 0.387365 0.622955 -0.679614
    outer loop
      vertex 8.52331 14.5816 0
      vertex 8.95615 15.5125 1.1
      vertex 9.87973 14.9382 1.1
    endloop
  endfacet
  facet normal 0.387636 0.622807 -0.679596
    outer loop
      vertex 8.95615 15.5125 1.1
      vertex 8.52331 14.5816 0
      vertex 8.44635 14.6295 0
    endloop
  endfacet
  facet normal -0.345814 -0.64695 -0.679609
    outer loop
      vertex -8.95615 -15.5125 1.1
      vertex -8.36642 -14.6722 0
      vertex -7.99699 -16.0252 1.1
    endloop
  endfacet
  facet normal -0.345662 -0.647043 -0.679598
    outer loop
      vertex -8.36642 -14.6722 0
      vertex -8.95615 -15.5125 1.1
      vertex -8.44635 -14.6295 0
    endloop
  endfacet
  facet normal -0.723735 0.119786 -0.679602
    outer loop
      vertex -16.5829 3.20618 0
      vertex -17.5681 3.49452 1.1
      vertex -16.5681 3.2956 0
    endloop
  endfacet
  facet normal -0.723793 0.119524 -0.679586
    outer loop
      vertex -17.5681 3.49452 1.1
      vertex -16.5829 3.20618 0
      vertex -17.7453 2.42146 1.1
    endloop
  endfacet
  facet normal -0.596339 -0.427228 -0.679599
    outer loop
      vertex -14.2108 -10.9043 1.1
      vertex -13.4547 -10.2099 0
      vertex -13.4019 -10.2836 0
    endloop
  endfacet
  facet normal -0.596275 -0.427308 -0.679606
    outer loop
      vertex -13.4547 -10.2099 0
      vertex -14.2108 -10.9043 1.1
      vertex -14.8443 -10.0203 1.1
    endloop
  endfacet
  facet normal 0.213367 0.701857 -0.679611
    outer loop
      vertex 5.42998 15.9962 0
      vertex 5.6768 16.9863 1.1
      vertex 5.75772 16.9617 1.1
    endloop
  endfacet
  facet normal 0.212955 0.701972 -0.679622
    outer loop
      vertex 5.6768 16.9863 1.1
      vertex 5.42998 15.9962 0
      vertex 4.45888 16.2908 0
    endloop
  endfacet
  facet normal 0.501449 0.535423 -0.679611
    outer loop
      vertex 11.1381 12.7006 0
      vertex 11.8721 13.4094 1.1
      vertex 11.8788 12.0069 0
    endloop
  endfacet
  facet normal 0.501517 0.535357 -0.679613
    outer loop
      vertex 11.8721 13.4094 1.1
      vertex 11.1381 12.7006 0
      vertex 11.8104 13.4672 1.1
    endloop
  endfacet
  facet normal 0.07203 -0.730012 -0.679628
    outer loop
      vertex 1.19503 -16.8476 0
      vertex 1.17152 -17.874 1.1
      vertex 1.10483 -16.8565 0
    endloop
  endfacet
  facet normal 0.071899 -0.730017 -0.679636
    outer loop
      vertex 1.17152 -17.874 1.1
      vertex 1.19503 -16.8476 0
      vertex 2.25387 -17.7674 1.1
    endloop
  endfacet
  facet normal 0.302745 0.668193 -0.679606
    outer loop
      vertex 6.46455 15.6068 0
      vertex 6.93177 16.5139 1.1
      vertex 7.38889 15.188 0
    endloop
  endfacet
  facet normal 0.302739 0.668195 -0.679605
    outer loop
      vertex 6.93177 16.5139 1.1
      vertex 6.46455 15.6068 0
      vertex 6.85474 16.5488 1.1
    endloop
  endfacet
  facet normal 0.427228 -0.596339 -0.679599
    outer loop
      vertex 10.9043 -14.2108 1.1
      vertex 10.2099 -13.4547 0
      vertex 10.2836 -13.4019 0
    endloop
  endfacet
  facet normal 0.427308 -0.596275 -0.679606
    outer loop
      vertex 10.2099 -13.4547 0
      vertex 10.9043 -14.2108 1.1
      vertex 10.0203 -14.8443 1.1
    endloop
  endfacet
  facet normal -0.346047 0.646822 -0.679612
    outer loop
      vertex -7.47145 15.1506 0
      vertex -7.99699 16.0252 1.1
      vertex -7.92241 16.0651 1.1
    endloop
  endfacet
  facet normal -0.345822 0.64695 -0.679605
    outer loop
      vertex -7.99699 16.0252 1.1
      vertex -7.47145 15.1506 0
      vertex -8.36642 14.6722 0
    endloop
  endfacet
  facet normal 0.166734 0.714366 -0.679618
    outer loop
      vertex 4.28389 16.3377 0
      vertex 4.63605 17.302 1.1
      vertex 4.37215 16.3171 0
    endloop
  endfacet
  facet normal 0.166536 0.714424 -0.679606
    outer loop
      vertex 4.63605 17.302 1.1
      vertex 4.28389 16.3377 0
      vertex 3.57687 17.5489 1.1
    endloop
  endfacet
  facet normal 0.465001 0.567371 -0.679606
    outer loop
      vertex 11.1381 12.7006 0
      vertex 11.745 13.5208 1.1
      vertex 11.8104 13.4672 1.1
    endloop
  endfacet
  facet normal 0.46541 0.567051 -0.679593
    outer loop
      vertex 11.745 13.5208 1.1
      vertex 11.1381 12.7006 0
      vertex 10.3537 13.3444 0
    endloop
  endfacet
  facet normal -0.701857 0.213367 -0.679611
    outer loop
      vertex -15.9962 5.42998 0
      vertex -16.9863 5.6768 1.1
      vertex -16.9617 5.75772 1.1
    endloop
  endfacet
  facet normal -0.701972 0.212955 -0.679622
    outer loop
      vertex -16.9863 5.6768 1.1
      vertex -15.9962 5.42998 0
      vertex -16.2908 4.45888 0
    endloop
  endfacet
  facet normal -0.714428 0.166554 -0.679598
    outer loop
      vertex -16.5681 3.2956 0
      vertex -17.5489 3.57687 1.1
      vertex -16.3377 4.28389 0
    endloop
  endfacet
  facet normal -0.714424 0.166569 -0.679598
    outer loop
      vertex -17.5489 3.57687 1.1
      vertex -16.5681 3.2956 0
      vertex -17.5681 3.49452 1.1
    endloop
  endfacet
  facet normal -0.733185 -0.0242821 -0.679596
    outer loop
      vertex -16.8897 -0.0905833 0
      vertex -17.9123 0 1.1
      vertex -16.8927 0 0
    endloop
  endfacet
  facet normal -0.733179 -0.0240121 -0.679612
    outer loop
      vertex -17.9123 0 1.1
      vertex -16.8897 -0.0905833 0
      vertex -17.8767 -1.087 1.1
    endloop
  endfacet
  facet normal -0.426884 -0.596597 -0.679589
    outer loop
      vertex -10.0203 -14.8443 1.1
      vertex -9.38508 -14.0458 0
      vertex -9.95154 -14.8935 1.1
    endloop
  endfacet
  facet normal -0.427314 -0.596274 -0.679603
    outer loop
      vertex -9.38508 -14.0458 0
      vertex -10.0203 -14.8443 1.1
      vertex -10.2099 -13.4547 0
    endloop
  endfacet
  facet normal 0.501517 -0.535357 -0.679613
    outer loop
      vertex 11.1381 -12.7006 0
      vertex 11.8721 -13.4094 1.1
      vertex 11.8104 -13.4672 1.1
    endloop
  endfacet
  facet normal 0.501449 -0.535423 -0.679611
    outer loop
      vertex 11.8721 -13.4094 1.1
      vertex 11.1381 -12.7006 0
      vertex 11.8788 -12.0069 0
    endloop
  endfacet
  facet normal 0.465001 -0.567371 -0.679606
    outer loop
      vertex 11.745 -13.5208 1.1
      vertex 11.1381 -12.7006 0
      vertex 11.8104 -13.4672 1.1
    endloop
  endfacet
  facet normal 0.46541 -0.567051 -0.679593
    outer loop
      vertex 11.1381 -12.7006 0
      vertex 11.745 -13.5208 1.1
      vertex 10.3537 -13.3444 0
    endloop
  endfacet
  facet normal -0.723747 -0.119699 -0.679605
    outer loop
      vertex -16.7482 -2.20494 0
      vertex -17.7453 -2.42146 1.1
      vertex -17.7591 -2.33802 1.1
    endloop
  endfacet
  facet normal -0.723786 -0.119494 -0.6796
    outer loop
      vertex -17.7453 -2.42146 1.1
      vertex -16.7482 -2.20494 0
      vertex -16.5829 -3.20618 0
    endloop
  endfacet
  facet normal 0.119786 0.723735 -0.679602
    outer loop
      vertex 3.20618 16.5829 0
      vertex 3.49452 17.5681 1.1
      vertex 3.2956 16.5681 0
    endloop
  endfacet
  facet normal 0.119524 0.723793 -0.679586
    outer loop
      vertex 3.49452 17.5681 1.1
      vertex 3.20618 16.5829 0
      vertex 2.42146 17.7453 1.1
    endloop
  endfacet
  facet normal -0.596274 0.427314 -0.679603
    outer loop
      vertex -14.0458 9.38508 0
      vertex -14.8443 10.0203 1.1
      vertex -13.4547 10.2099 0
    endloop
  endfacet
  facet normal -0.596597 0.426884 -0.679589
    outer loop
      vertex -14.8443 10.0203 1.1
      vertex -14.0458 9.38508 0
      vertex -14.8935 9.95154 1.1
    endloop
  endfacet
  facet normal -0.258232 0.686623 -0.679607
    outer loop
      vertex -5.5148 15.9643 0
      vertex -5.75772 16.9617 1.1
      vertex -5.42998 15.9962 0
    endloop
  endfacet
  facet normal -0.258404 0.686569 -0.679596
    outer loop
      vertex -5.75772 16.9617 1.1
      vertex -5.5148 15.9643 0
      vertex -6.7756 16.5786 1.1
    endloop
  endfacet
  facet normal 0.622794 -0.387674 -0.679586
    outer loop
      vertex 14.0458 -9.38508 0
      vertex 14.9382 -9.87973 1.1
      vertex 14.8935 -9.95154 1.1
    endloop
  endfacet
  facet normal 0.622991 -0.387341 -0.679595
    outer loop
      vertex 14.9382 -9.87973 1.1
      vertex 14.0458 -9.38508 0
      vertex 14.5816 -8.52331 0
    endloop
  endfacet
  facet normal -0.647043 0.345662 -0.679598
    outer loop
      vertex -14.6722 8.36642 0
      vertex -15.5125 8.95615 1.1
      vertex -14.6295 8.44635 0
    endloop
  endfacet
  facet normal -0.64695 0.345814 -0.679609
    outer loop
      vertex -15.5125 8.95615 1.1
      vertex -14.6722 8.36642 0
      vertex -16.0252 7.99699 1.1
    endloop
  endfacet
  facet normal 0.567182 0.465235 -0.679604
    outer loop
      vertex 13.3444 10.3537 0
      vertex 14.2108 10.9043 1.1
      vertex 13.4019 10.2836 0
    endloop
  endfacet
  facet normal 0.567055 0.465408 -0.679591
    outer loop
      vertex 14.2108 10.9043 1.1
      vertex 13.3444 10.3537 0
      vertex 13.5208 11.745 1.1
    endloop
  endfacet
  facet normal -0.668204 0.302699 -0.679616
    outer loop
      vertex -15.188 7.38889 0
      vertex -16.0651 7.92241 1.1
      vertex -15.1506 7.47145 0
    endloop
  endfacet
  facet normal -0.668193 0.302719 -0.679617
    outer loop
      vertex -16.0651 7.92241 1.1
      vertex -15.188 7.38889 0
      vertex -16.5139 6.93177 1.1
    endloop
  endfacet
  facet normal -0.166569 0.714424 -0.679598
    outer loop
      vertex -3.2956 16.5681 0
      vertex -3.57687 17.5489 1.1
      vertex -3.49452 17.5681 1.1
    endloop
  endfacet
  facet normal -0.166554 0.714428 -0.679598
    outer loop
      vertex -3.57687 17.5489 1.1
      vertex -3.2956 16.5681 0
      vertex -4.28389 16.3377 0
    endloop
  endfacet
  facet normal 0.668195 -0.302739 -0.679605
    outer loop
      vertex 16.5139 -6.93177 1.1
      vertex 15.6068 -6.46455 0
      vertex 16.5488 -6.85474 1.1
    endloop
  endfacet
  facet normal 0.668193 -0.302745 -0.679606
    outer loop
      vertex 15.6068 -6.46455 0
      vertex 16.5139 -6.93177 1.1
      vertex 15.188 -7.38889 0
    endloop
  endfacet
  facet normal -0.212939 -0.701985 -0.679613
    outer loop
      vertex -4.45888 -16.2908 0
      vertex -4.63605 -17.302 1.1
      vertex -5.6768 -16.9863 1.1
    endloop
  endfacet
  facet normal -0.212875 -0.702001 -0.679617
    outer loop
      vertex -4.63605 -17.302 1.1
      vertex -4.45888 -16.2908 0
      vertex -4.37215 -16.3171 0
    endloop
  endfacet
  facet normal 0.668193 -0.302719 -0.679617
    outer loop
      vertex 16.0651 -7.92241 1.1
      vertex 15.188 -7.38889 0
      vertex 16.5139 -6.93177 1.1
    endloop
  endfacet
  facet normal 0.668204 -0.302699 -0.679616
    outer loop
      vertex 15.188 -7.38889 0
      vertex 16.0651 -7.92241 1.1
      vertex 15.1506 -7.47145 0
    endloop
  endfacet
  facet normal 0.646822 -0.346047 -0.679612
    outer loop
      vertex 16.0252 -7.99699 1.1
      vertex 15.1506 -7.47145 0
      vertex 16.0651 -7.92241 1.1
    endloop
  endfacet
  facet normal 0.64695 -0.345822 -0.679605
    outer loop
      vertex 15.1506 -7.47145 0
      vertex 16.0252 -7.99699 1.1
      vertex 14.6722 -8.36642 0
    endloop
  endfacet
  facet normal 0.702001 -0.212875 -0.679617
    outer loop
      vertex 17.302 -4.63605 1.1
      vertex 16.2908 -4.45888 0
      vertex 16.3171 -4.37215 0
    endloop
  endfacet
  facet normal 0.701985 -0.212939 -0.679613
    outer loop
      vertex 16.2908 -4.45888 0
      vertex 17.302 -4.63605 1.1
      vertex 16.9863 -5.6768 1.1
    endloop
  endfacet
  facet normal 0.701972 -0.212955 -0.679622
    outer loop
      vertex 16.9863 -5.6768 1.1
      vertex 15.9962 -5.42998 0
      vertex 16.2908 -4.45888 0
    endloop
  endfacet
  facet normal 0.701857 -0.213367 -0.679611
    outer loop
      vertex 15.9962 -5.42998 0
      vertex 16.9863 -5.6768 1.1
      vertex 16.9617 -5.75772 1.1
    endloop
  endfacet
  facet normal 0.071899 0.730017 -0.679636
    outer loop
      vertex 1.19503 16.8476 0
      vertex 1.17152 17.874 1.1
      vertex 2.25387 17.7674 1.1
    endloop
  endfacet
  facet normal 0.07203 0.730012 -0.679628
    outer loop
      vertex 1.17152 17.874 1.1
      vertex 1.19503 16.8476 0
      vertex 1.10483 16.8565 0
    endloop
  endfacet
  facet normal -0.465235 0.567182 -0.679604
    outer loop
      vertex -10.3537 13.3444 0
      vertex -10.9043 14.2108 1.1
      vertex -10.2836 13.4019 0
    endloop
  endfacet
  facet normal -0.465408 0.567055 -0.679591
    outer loop
      vertex -10.9043 14.2108 1.1
      vertex -10.3537 13.3444 0
      vertex -11.745 13.5208 1.1
    endloop
  endfacet
  facet normal 0.730043 -0.0718542 -0.679614
    outer loop
      vertex 17.7674 -2.25387 1.1
      vertex 16.7482 -2.20494 0
      vertex 16.8476 -1.19503 0
    endloop
  endfacet
  facet normal 0.730031 -0.0720054 -0.67961
    outer loop
      vertex 16.7482 -2.20494 0
      vertex 17.7674 -2.25387 1.1
      vertex 17.7591 -2.33802 1.1
    endloop
  endfacet
  facet normal -0.723786 0.119494 -0.6796
    outer loop
      vertex -16.7482 2.20494 0
      vertex -17.7453 2.42146 1.1
      vertex -16.5829 3.20618 0
    endloop
  endfacet
  facet normal -0.723747 0.119699 -0.679605
    outer loop
      vertex -17.7453 2.42146 1.1
      vertex -16.7482 2.20494 0
      vertex -17.7591 2.33802 1.1
    endloop
  endfacet
  facet normal -0.0234218 -0.73319 -0.679621
    outer loop
      vertex -1.10483 -16.8565 0
      vertex -1.087 -17.8767 1.1
      vertex -1.17152 -17.874 1.1
    endloop
  endfacet
  facet normal -0.0239998 -0.733184 -0.679606
    outer loop
      vertex -1.087 -17.8767 1.1
      vertex -1.10483 -16.8565 0
      vertex -0.0905833 -16.8897 0
    endloop
  endfacet
  facet normal -0.071899 -0.730017 -0.679636
    outer loop
      vertex -1.19503 -16.8476 0
      vertex -1.17152 -17.874 1.1
      vertex -2.25387 -17.7674 1.1
    endloop
  endfacet
  facet normal -0.07203 -0.730012 -0.679628
    outer loop
      vertex -1.17152 -17.874 1.1
      vertex -1.19503 -16.8476 0
      vertex -1.10483 -16.8565 0
    endloop
  endfacet
  facet normal -0.668193 0.302745 -0.679606
    outer loop
      vertex -15.6068 6.46455 0
      vertex -16.5139 6.93177 1.1
      vertex -15.188 7.38889 0
    endloop
  endfacet
  facet normal -0.668195 0.302739 -0.679605
    outer loop
      vertex -16.5139 6.93177 1.1
      vertex -15.6068 6.46455 0
      vertex -16.5488 6.85474 1.1
    endloop
  endfacet
  facet normal -0.668193 -0.302745 -0.679606
    outer loop
      vertex -16.5139 -6.93177 1.1
      vertex -15.6068 -6.46455 0
      vertex -15.188 -7.38889 0
    endloop
  endfacet
  facet normal -0.668195 -0.302739 -0.679605
    outer loop
      vertex -15.6068 -6.46455 0
      vertex -16.5139 -6.93177 1.1
      vertex -16.5488 -6.85474 1.1
    endloop
  endfacet
  facet normal -0.701985 0.212939 -0.679613
    outer loop
      vertex -16.2908 4.45888 0
      vertex -17.302 4.63605 1.1
      vertex -16.9863 5.6768 1.1
    endloop
  endfacet
  facet normal -0.702001 0.212875 -0.679617
    outer loop
      vertex -17.302 4.63605 1.1
      vertex -16.2908 4.45888 0
      vertex -16.3171 4.37215 0
    endloop
  endfacet
  facet normal -0.714366 0.166734 -0.679618
    outer loop
      vertex -16.3377 4.28389 0
      vertex -17.302 4.63605 1.1
      vertex -16.3171 4.37215 0
    endloop
  endfacet
  facet normal -0.714424 0.166536 -0.679606
    outer loop
      vertex -17.302 4.63605 1.1
      vertex -16.3377 4.28389 0
      vertex -17.5489 3.57687 1.1
    endloop
  endfacet
  facet normal 0.258507 0.686519 -0.679607
    outer loop
      vertex 6.46455 15.6068 0
      vertex 6.7756 16.5786 1.1
      vertex 6.85474 16.5488 1.1
    endloop
  endfacet
  facet normal 0.258427 0.686547 -0.679609
    outer loop
      vertex 6.7756 16.5786 1.1
      vertex 6.46455 15.6068 0
      vertex 5.5148 15.9643 0
    endloop
  endfacet
  facet normal 0.166569 -0.714424 -0.679598
    outer loop
      vertex 3.2956 -16.5681 0
      vertex 3.57687 -17.5489 1.1
      vertex 3.49452 -17.5681 1.1
    endloop
  endfacet
  facet normal 0.166554 -0.714428 -0.679598
    outer loop
      vertex 3.57687 -17.5489 1.1
      vertex 3.2956 -16.5681 0
      vertex 4.28389 -16.3377 0
    endloop
  endfacet
  facet normal 0.119524 -0.723793 -0.679586
    outer loop
      vertex 3.20618 -16.5829 0
      vertex 3.49452 -17.5681 1.1
      vertex 2.42146 -17.7453 1.1
    endloop
  endfacet
  facet normal 0.119786 -0.723735 -0.679602
    outer loop
      vertex 3.49452 -17.5681 1.1
      vertex 3.20618 -16.5829 0
      vertex 3.2956 -16.5681 0
    endloop
  endfacet
  facet normal -0.0718542 0.730043 -0.679614
    outer loop
      vertex -2.20494 16.7482 0
      vertex -2.25387 17.7674 1.1
      vertex -1.19503 16.8476 0
    endloop
  endfacet
  facet normal -0.0720054 0.730031 -0.67961
    outer loop
      vertex -2.25387 17.7674 1.1
      vertex -2.20494 16.7482 0
      vertex -2.33802 17.7591 1.1
    endloop
  endfacet
  facet normal 0.387365 -0.622955 -0.679614
    outer loop
      vertex 8.95615 -15.5125 1.1
      vertex 8.52331 -14.5816 0
      vertex 9.87973 -14.9382 1.1
    endloop
  endfacet
  facet normal 0.387636 -0.622807 -0.679596
    outer loop
      vertex 8.52331 -14.5816 0
      vertex 8.95615 -15.5125 1.1
      vertex 8.44635 -14.6295 0
    endloop
  endfacet
  facet normal 0.0234218 0.73319 -0.679621
    outer loop
      vertex 1.10483 16.8565 0
      vertex 1.087 17.8767 1.1
      vertex 1.17152 17.874 1.1
    endloop
  endfacet
  facet normal 0.0239998 0.733184 -0.679606
    outer loop
      vertex 1.087 17.8767 1.1
      vertex 1.10483 16.8565 0
      vertex 0.0905833 16.8897 0
    endloop
  endfacet
  facet normal -0.387341 -0.622991 -0.679595
    outer loop
      vertex -9.87973 -14.9382 1.1
      vertex -9.38508 -14.0458 0
      vertex -8.52331 -14.5816 0
    endloop
  endfacet
  facet normal -0.387674 -0.622794 -0.679586
    outer loop
      vertex -9.38508 -14.0458 0
      vertex -9.87973 -14.9382 1.1
      vertex -9.95154 -14.8935 1.1
    endloop
  endfacet
  facet normal 0.686569 0.258404 -0.679596
    outer loop
      vertex 16.9617 5.75772 1.1
      vertex 15.9643 5.5148 0
      vertex 16.5786 6.7756 1.1
    endloop
  endfacet
  facet normal 0.686623 0.258232 -0.679607
    outer loop
      vertex 15.9643 5.5148 0
      vertex 16.9617 5.75772 1.1
      vertex 15.9962 5.42998 0
    endloop
  endfacet
  facet normal -0.302699 0.668204 -0.679616
    outer loop
      vertex -7.92241 16.0651 1.1
      vertex -7.38889 15.188 0
      vertex -7.47145 15.1506 0
    endloop
  endfacet
  facet normal -0.302719 0.668193 -0.679617
    outer loop
      vertex -7.38889 15.188 0
      vertex -7.92241 16.0651 1.1
      vertex -6.93177 16.5139 1.1
    endloop
  endfacet
  facet normal 0.427228 0.596339 -0.679599
    outer loop
      vertex 10.2099 13.4547 0
      vertex 10.9043 14.2108 1.1
      vertex 10.2836 13.4019 0
    endloop
  endfacet
  facet normal 0.427308 0.596275 -0.679606
    outer loop
      vertex 10.9043 14.2108 1.1
      vertex 10.2099 13.4547 0
      vertex 10.0203 14.8443 1.1
    endloop
  endfacet
  facet normal -0.730012 -0.07203 -0.679628
    outer loop
      vertex -16.8476 -1.19503 0
      vertex -17.874 -1.17152 1.1
      vertex -16.8565 -1.10483 0
    endloop
  endfacet
  facet normal -0.730017 -0.071899 -0.679636
    outer loop
      vertex -17.874 -1.17152 1.1
      vertex -16.8476 -1.19503 0
      vertex -17.7674 -2.25387 1.1
    endloop
  endfacet
  facet normal -0.427308 -0.596275 -0.679606
    outer loop
      vertex -10.9043 -14.2108 1.1
      vertex -10.2099 -13.4547 0
      vertex -10.0203 -14.8443 1.1
    endloop
  endfacet
  facet normal -0.427228 -0.596339 -0.679599
    outer loop
      vertex -10.2099 -13.4547 0
      vertex -10.9043 -14.2108 1.1
      vertex -10.2836 -13.4019 0
    endloop
  endfacet
  facet normal 0.345822 0.64695 -0.679605
    outer loop
      vertex 7.47145 15.1506 0
      vertex 7.99699 16.0252 1.1
      vertex 8.36642 14.6722 0
    endloop
  endfacet
  facet normal 0.346047 0.646822 -0.679612
    outer loop
      vertex 7.99699 16.0252 1.1
      vertex 7.47145 15.1506 0
      vertex 7.92241 16.0651 1.1
    endloop
  endfacet
  facet normal 0.345662 0.647043 -0.679598
    outer loop
      vertex 8.36642 14.6722 0
      vertex 8.95615 15.5125 1.1
      vertex 8.44635 14.6295 0
    endloop
  endfacet
  facet normal 0.345814 0.64695 -0.679609
    outer loop
      vertex 8.95615 15.5125 1.1
      vertex 8.36642 14.6722 0
      vertex 7.99699 16.0252 1.1
    endloop
  endfacet
  facet normal -0.64695 -0.345822 -0.679605
    outer loop
      vertex -16.0252 -7.99699 1.1
      vertex -15.1506 -7.47145 0
      vertex -14.6722 -8.36642 0
    endloop
  endfacet
  facet normal -0.646822 -0.346047 -0.679612
    outer loop
      vertex -15.1506 -7.47145 0
      vertex -16.0252 -7.99699 1.1
      vertex -16.0651 -7.92241 1.1
    endloop
  endfacet
  facet normal 0.596597 0.426884 -0.679589
    outer loop
      vertex 14.0458 9.38508 0
      vertex 14.8443 10.0203 1.1
      vertex 14.8935 9.95154 1.1
    endloop
  endfacet
  facet normal 0.596274 0.427314 -0.679603
    outer loop
      vertex 14.8443 10.0203 1.1
      vertex 14.0458 9.38508 0
      vertex 13.4547 10.2099 0
    endloop
  endfacet
  facet normal -0.730043 -0.0718542 -0.679614
    outer loop
      vertex -16.7482 -2.20494 0
      vertex -17.7674 -2.25387 1.1
      vertex -16.8476 -1.19503 0
    endloop
  endfacet
  facet normal -0.730031 -0.0720054 -0.67961
    outer loop
      vertex -17.7674 -2.25387 1.1
      vertex -16.7482 -2.20494 0
      vertex -17.7591 -2.33802 1.1
    endloop
  endfacet
  facet normal -0.686547 -0.258427 -0.679609
    outer loop
      vertex -15.6068 -6.46455 0
      vertex -16.5786 -6.7756 1.1
      vertex -15.9643 -5.5148 0
    endloop
  endfacet
  facet normal -0.686519 -0.258507 -0.679607
    outer loop
      vertex -16.5786 -6.7756 1.1
      vertex -15.6068 -6.46455 0
      vertex -16.5488 -6.85474 1.1
    endloop
  endfacet
  facet normal 0.426884 -0.596597 -0.679589
    outer loop
      vertex 9.38508 -14.0458 0
      vertex 10.0203 -14.8443 1.1
      vertex 9.95154 -14.8935 1.1
    endloop
  endfacet
  facet normal 0.427314 -0.596274 -0.679603
    outer loop
      vertex 10.0203 -14.8443 1.1
      vertex 9.38508 -14.0458 0
      vertex 10.2099 -13.4547 0
    endloop
  endfacet
  facet normal 0.212939 0.701985 -0.679613
    outer loop
      vertex 4.45888 16.2908 0
      vertex 4.63605 17.302 1.1
      vertex 5.6768 16.9863 1.1
    endloop
  endfacet
  facet normal 0.212875 0.702001 -0.679617
    outer loop
      vertex 4.63605 17.302 1.1
      vertex 4.45888 16.2908 0
      vertex 4.37215 16.3171 0
    endloop
  endfacet
  facet normal -0.212955 0.701972 -0.679622
    outer loop
      vertex -5.42998 15.9962 0
      vertex -5.6768 16.9863 1.1
      vertex -4.45888 16.2908 0
    endloop
  endfacet
  facet normal -0.213367 0.701857 -0.679611
    outer loop
      vertex -5.6768 16.9863 1.1
      vertex -5.42998 15.9962 0
      vertex -5.75772 16.9617 1.1
    endloop
  endfacet
  facet normal -0.702001 -0.212875 -0.679617
    outer loop
      vertex -16.2908 -4.45888 0
      vertex -17.302 -4.63605 1.1
      vertex -16.3171 -4.37215 0
    endloop
  endfacet
  facet normal -0.701985 -0.212939 -0.679613
    outer loop
      vertex -17.302 -4.63605 1.1
      vertex -16.2908 -4.45888 0
      vertex -16.9863 -5.6768 1.1
    endloop
  endfacet
  facet normal 0.258427 -0.686547 -0.679609
    outer loop
      vertex 6.46455 -15.6068 0
      vertex 6.7756 -16.5786 1.1
      vertex 5.5148 -15.9643 0
    endloop
  endfacet
  facet normal 0.258507 -0.686519 -0.679607
    outer loop
      vertex 6.7756 -16.5786 1.1
      vertex 6.46455 -15.6068 0
      vertex 6.85474 -16.5488 1.1
    endloop
  endfacet
  facet normal -0.387636 0.622807 -0.679596
    outer loop
      vertex -8.52331 14.5816 0
      vertex -8.95615 15.5125 1.1
      vertex -8.44635 14.6295 0
    endloop
  endfacet
  facet normal -0.387365 0.622955 -0.679614
    outer loop
      vertex -8.95615 15.5125 1.1
      vertex -8.52331 14.5816 0
      vertex -9.87973 14.9382 1.1
    endloop
  endfacet
  facet normal -0.302719 -0.668193 -0.679617
    outer loop
      vertex -7.92241 -16.0651 1.1
      vertex -7.38889 -15.188 0
      vertex -6.93177 -16.5139 1.1
    endloop
  endfacet
  facet normal -0.302699 -0.668204 -0.679616
    outer loop
      vertex -7.38889 -15.188 0
      vertex -7.92241 -16.0651 1.1
      vertex -7.47145 -15.1506 0
    endloop
  endfacet
  facet normal -0.46541 -0.567051 -0.679593
    outer loop
      vertex -11.745 -13.5208 1.1
      vertex -11.1381 -12.7006 0
      vertex -10.3537 -13.3444 0
    endloop
  endfacet
  facet normal -0.465001 -0.567371 -0.679606
    outer loop
      vertex -11.1381 -12.7006 0
      vertex -11.745 -13.5208 1.1
      vertex -11.8104 -13.4672 1.1
    endloop
  endfacet
  facet normal 0.212875 -0.702001 -0.679617
    outer loop
      vertex 4.45888 -16.2908 0
      vertex 4.63605 -17.302 1.1
      vertex 4.37215 -16.3171 0
    endloop
  endfacet
  facet normal 0.212939 -0.701985 -0.679613
    outer loop
      vertex 4.63605 -17.302 1.1
      vertex 4.45888 -16.2908 0
      vertex 5.6768 -16.9863 1.1
    endloop
  endfacet
  facet normal 0.387674 0.622794 -0.679586
    outer loop
      vertex 9.38508 14.0458 0
      vertex 9.87973 14.9382 1.1
      vertex 9.95154 14.8935 1.1
    endloop
  endfacet
  facet normal 0.387341 0.622991 -0.679595
    outer loop
      vertex 9.87973 14.9382 1.1
      vertex 9.38508 14.0458 0
      vertex 8.52331 14.5816 0
    endloop
  endfacet
  facet normal 0.427314 0.596274 -0.679603
    outer loop
      vertex 9.38508 14.0458 0
      vertex 10.0203 14.8443 1.1
      vertex 10.2099 13.4547 0
    endloop
  endfacet
  facet normal 0.426884 0.596597 -0.679589
    outer loop
      vertex 10.0203 14.8443 1.1
      vertex 9.38508 14.0458 0
      vertex 9.95154 14.8935 1.1
    endloop
  endfacet
  facet normal -0.64695 0.345822 -0.679605
    outer loop
      vertex -15.1506 7.47145 0
      vertex -16.0252 7.99699 1.1
      vertex -14.6722 8.36642 0
    endloop
  endfacet
  facet normal -0.646822 0.346047 -0.679612
    outer loop
      vertex -16.0252 7.99699 1.1
      vertex -15.1506 7.47145 0
      vertex -16.0651 7.92241 1.1
    endloop
  endfacet
  facet normal 0.302699 0.668204 -0.679616
    outer loop
      vertex 7.38889 15.188 0
      vertex 7.92241 16.0651 1.1
      vertex 7.47145 15.1506 0
    endloop
  endfacet
  facet normal 0.302719 0.668193 -0.679617
    outer loop
      vertex 7.92241 16.0651 1.1
      vertex 7.38889 15.188 0
      vertex 6.93177 16.5139 1.1
    endloop
  endfacet
  facet normal 0.714366 0.166734 -0.679618
    outer loop
      vertex 17.302 4.63605 1.1
      vertex 16.3377 4.28389 0
      vertex 16.3171 4.37215 0
    endloop
  endfacet
  facet normal 0.714424 0.166536 -0.679606
    outer loop
      vertex 16.3377 4.28389 0
      vertex 17.302 4.63605 1.1
      vertex 17.5489 3.57687 1.1
    endloop
  endfacet
  facet normal 0.166554 0.714428 -0.679598
    outer loop
      vertex 3.2956 16.5681 0
      vertex 3.57687 17.5489 1.1
      vertex 4.28389 16.3377 0
    endloop
  endfacet
  facet normal 0.166569 0.714424 -0.679598
    outer loop
      vertex 3.57687 17.5489 1.1
      vertex 3.2956 16.5681 0
      vertex 3.49452 17.5681 1.1
    endloop
  endfacet
  facet normal -0.387341 0.622991 -0.679595
    outer loop
      vertex -9.38508 14.0458 0
      vertex -9.87973 14.9382 1.1
      vertex -8.52331 14.5816 0
    endloop
  endfacet
  facet normal -0.387674 0.622794 -0.679586
    outer loop
      vertex -9.87973 14.9382 1.1
      vertex -9.38508 14.0458 0
      vertex -9.95154 14.8935 1.1
    endloop
  endfacet
  facet normal 0.686519 0.258507 -0.679607
    outer loop
      vertex 16.5786 6.7756 1.1
      vertex 15.6068 6.46455 0
      vertex 16.5488 6.85474 1.1
    endloop
  endfacet
  facet normal 0.686547 0.258427 -0.679609
    outer loop
      vertex 15.6068 6.46455 0
      vertex 16.5786 6.7756 1.1
      vertex 15.9643 5.5148 0
    endloop
  endfacet
  facet normal -0.501517 0.535357 -0.679613
    outer loop
      vertex -11.1381 12.7006 0
      vertex -11.8721 13.4094 1.1
      vertex -11.8104 13.4672 1.1
    endloop
  endfacet
  facet normal -0.501449 0.535423 -0.679611
    outer loop
      vertex -11.8721 13.4094 1.1
      vertex -11.1381 12.7006 0
      vertex -11.8788 12.0069 0
    endloop
  endfacet
  facet normal 0.535411 0.501484 -0.679595
    outer loop
      vertex 12.0069 11.8788 0
      vertex 12.6659 12.6659 1.1
      vertex 13.4094 11.8721 1.1
    endloop
  endfacet
  facet normal 0.535032 0.501846 -0.679626
    outer loop
      vertex 12.6659 12.6659 1.1
      vertex 12.0069 11.8788 0
      vertex 11.9449 11.9449 0
    endloop
  endfacet
  facet normal 0.622807 0.387636 -0.679596
    outer loop
      vertex 14.5816 8.52331 0
      vertex 15.5125 8.95615 1.1
      vertex 14.6295 8.44635 0
    endloop
  endfacet
  facet normal 0.622955 0.387365 -0.679614
    outer loop
      vertex 15.5125 8.95615 1.1
      vertex 14.5816 8.52331 0
      vertex 14.9382 9.87973 1.1
    endloop
  endfacet
  facet normal -0.501484 -0.535411 -0.679595
    outer loop
      vertex -12.6659 -12.6659 1.1
      vertex -11.8788 -12.0069 0
      vertex -11.8721 -13.4094 1.1
    endloop
  endfacet
  facet normal -0.501846 -0.535032 -0.679626
    outer loop
      vertex -11.8788 -12.0069 0
      vertex -12.6659 -12.6659 1.1
      vertex -11.9449 -11.9449 0
    endloop
  endfacet
  facet normal -0.535032 -0.501846 -0.679626
    outer loop
      vertex -12.6659 -12.6659 1.1
      vertex -12.0069 -11.8788 0
      vertex -11.9449 -11.9449 0
    endloop
  endfacet
  facet normal -0.535411 -0.501484 -0.679595
    outer loop
      vertex -12.0069 -11.8788 0
      vertex -12.6659 -12.6659 1.1
      vertex -13.4094 -11.8721 1.1
    endloop
  endfacet
  facet normal 0.701985 0.212939 -0.679613
    outer loop
      vertex 17.302 4.63605 1.1
      vertex 16.2908 4.45888 0
      vertex 16.9863 5.6768 1.1
    endloop
  endfacet
  facet normal 0.702001 0.212875 -0.679617
    outer loop
      vertex 16.2908 4.45888 0
      vertex 17.302 4.63605 1.1
      vertex 16.3171 4.37215 0
    endloop
  endfacet
  facet normal -0.596339 0.427228 -0.679599
    outer loop
      vertex -13.4547 10.2099 0
      vertex -14.2108 10.9043 1.1
      vertex -13.4019 10.2836 0
    endloop
  endfacet
  facet normal -0.596275 0.427308 -0.679606
    outer loop
      vertex -14.2108 10.9043 1.1
      vertex -13.4547 10.2099 0
      vertex -14.8443 10.0203 1.1
    endloop
  endfacet
  facet normal 0.730017 0.071899 -0.679636
    outer loop
      vertex 17.874 1.17152 1.1
      vertex 16.8476 1.19503 0
      vertex 17.7674 2.25387 1.1
    endloop
  endfacet
  facet normal 0.730012 0.07203 -0.679628
    outer loop
      vertex 16.8476 1.19503 0
      vertex 17.874 1.17152 1.1
      vertex 16.8565 1.10483 0
    endloop
  endfacet
  facet normal -0.535032 0.501846 -0.679626
    outer loop
      vertex -12.0069 11.8788 0
      vertex -12.6659 12.6659 1.1
      vertex -11.9449 11.9449 0
    endloop
  endfacet
  facet normal -0.535411 0.501484 -0.679595
    outer loop
      vertex -12.6659 12.6659 1.1
      vertex -12.0069 11.8788 0
      vertex -13.4094 11.8721 1.1
    endloop
  endfacet
  facet normal -0.535423 0.501449 -0.679611
    outer loop
      vertex -12.7006 11.1381 0
      vertex -13.4094 11.8721 1.1
      vertex -12.0069 11.8788 0
    endloop
  endfacet
  facet normal -0.535357 0.501517 -0.679613
    outer loop
      vertex -13.4094 11.8721 1.1
      vertex -12.7006 11.1381 0
      vertex -13.4672 11.8104 1.1
    endloop
  endfacet
  facet normal 0.119494 0.723786 -0.6796
    outer loop
      vertex 2.20494 16.7482 0
      vertex 2.42146 17.7453 1.1
      vertex 3.20618 16.5829 0
    endloop
  endfacet
  facet normal 0.119699 0.723747 -0.679605
    outer loop
      vertex 2.42146 17.7453 1.1
      vertex 2.20494 16.7482 0
      vertex 2.33802 17.7591 1.1
    endloop
  endfacet
  facet normal -0.0242821 0.733185 -0.679596
    outer loop
      vertex -0.0905833 16.8897 0
      vertex 0 17.9123 1.1
      vertex 0 16.8927 0
    endloop
  endfacet
  facet normal -0.0240121 0.733179 -0.679612
    outer loop
      vertex 0 17.9123 1.1
      vertex -0.0905833 16.8897 0
      vertex -1.087 17.8767 1.1
    endloop
  endfacet
  facet normal -0.0239998 0.733184 -0.679606
    outer loop
      vertex -1.10483 16.8565 0
      vertex -1.087 17.8767 1.1
      vertex -0.0905833 16.8897 0
    endloop
  endfacet
  facet normal -0.0234218 0.73319 -0.679621
    outer loop
      vertex -1.087 17.8767 1.1
      vertex -1.10483 16.8565 0
      vertex -1.17152 17.874 1.1
    endloop
  endfacet
  facet normal 0.714424 0.166569 -0.679598
    outer loop
      vertex 16.5681 3.2956 0
      vertex 17.5489 3.57687 1.1
      vertex 17.5681 3.49452 1.1
    endloop
  endfacet
  facet normal 0.714428 0.166554 -0.679598
    outer loop
      vertex 17.5489 3.57687 1.1
      vertex 16.5681 3.2956 0
      vertex 16.3377 4.28389 0
    endloop
  endfacet
  facet normal -0.258427 0.686547 -0.679609
    outer loop
      vertex -6.46455 15.6068 0
      vertex -6.7756 16.5786 1.1
      vertex -5.5148 15.9643 0
    endloop
  endfacet
  facet normal -0.258507 0.686519 -0.679607
    outer loop
      vertex -6.7756 16.5786 1.1
      vertex -6.46455 15.6068 0
      vertex -6.85474 16.5488 1.1
    endloop
  endfacet
  facet normal -0.622794 -0.387674 -0.679586
    outer loop
      vertex -14.9382 -9.87973 1.1
      vertex -14.0458 -9.38508 0
      vertex -14.8935 -9.95154 1.1
    endloop
  endfacet
  facet normal -0.622991 -0.387341 -0.679595
    outer loop
      vertex -14.0458 -9.38508 0
      vertex -14.9382 -9.87973 1.1
      vertex -14.5816 -8.52331 0
    endloop
  endfacet
  facet normal 0.668195 0.302739 -0.679605
    outer loop
      vertex 15.6068 6.46455 0
      vertex 16.5139 6.93177 1.1
      vertex 16.5488 6.85474 1.1
    endloop
  endfacet
  facet normal 0.668193 0.302745 -0.679606
    outer loop
      vertex 16.5139 6.93177 1.1
      vertex 15.6068 6.46455 0
      vertex 15.188 7.38889 0
    endloop
  endfacet
  facet normal 0.622991 0.387341 -0.679595
    outer loop
      vertex 14.0458 9.38508 0
      vertex 14.9382 9.87973 1.1
      vertex 14.5816 8.52331 0
    endloop
  endfacet
  facet normal 0.622794 0.387674 -0.679586
    outer loop
      vertex 14.9382 9.87973 1.1
      vertex 14.0458 9.38508 0
      vertex 14.8935 9.95154 1.1
    endloop
  endfacet
  facet normal 0.567051 0.46541 -0.679593
    outer loop
      vertex 12.7006 11.1381 0
      vertex 13.5208 11.745 1.1
      vertex 13.3444 10.3537 0
    endloop
  endfacet
  facet normal 0.567371 0.465001 -0.679606
    outer loop
      vertex 13.5208 11.745 1.1
      vertex 12.7006 11.1381 0
      vertex 13.4672 11.8104 1.1
    endloop
  endfacet
  facet normal -0.622991 0.387341 -0.679595
    outer loop
      vertex -14.9382 9.87973 1.1
      vertex -14.0458 9.38508 0
      vertex -14.5816 8.52331 0
    endloop
  endfacet
  facet normal -0.622794 0.387674 -0.679586
    outer loop
      vertex -14.0458 9.38508 0
      vertex -14.9382 9.87973 1.1
      vertex -14.8935 9.95154 1.1
    endloop
  endfacet
  facet normal 0.701857 0.213367 -0.679611
    outer loop
      vertex 16.9863 5.6768 1.1
      vertex 15.9962 5.42998 0
      vertex 16.9617 5.75772 1.1
    endloop
  endfacet
  facet normal 0.701972 0.212955 -0.679622
    outer loop
      vertex 15.9962 5.42998 0
      vertex 16.9863 5.6768 1.1
      vertex 16.2908 4.45888 0
    endloop
  endfacet
  facet normal -0.596274 -0.427314 -0.679603
    outer loop
      vertex -14.8443 -10.0203 1.1
      vertex -14.0458 -9.38508 0
      vertex -13.4547 -10.2099 0
    endloop
  endfacet
  facet normal -0.596597 -0.426884 -0.679589
    outer loop
      vertex -14.0458 -9.38508 0
      vertex -14.8443 -10.0203 1.1
      vertex -14.8935 -9.95154 1.1
    endloop
  endfacet
  facet normal 0.723747 0.119699 -0.679605
    outer loop
      vertex 16.7482 2.20494 0
      vertex 17.7453 2.42146 1.1
      vertex 17.7591 2.33802 1.1
    endloop
  endfacet
  facet normal 0.723786 0.119494 -0.6796
    outer loop
      vertex 17.7453 2.42146 1.1
      vertex 16.7482 2.20494 0
      vertex 16.5829 3.20618 0
    endloop
  endfacet
  facet normal 0.730031 0.0720054 -0.67961
    outer loop
      vertex 17.7674 2.25387 1.1
      vertex 16.7482 2.20494 0
      vertex 17.7591 2.33802 1.1
    endloop
  endfacet
  facet normal 0.730043 0.0718542 -0.679614
    outer loop
      vertex 16.7482 2.20494 0
      vertex 17.7674 2.25387 1.1
      vertex 16.8476 1.19503 0
    endloop
  endfacet
  facet normal 0.83145 -0.555599 0
    outer loop
      vertex -1.15485 -17.5216 15.99
      vertex -0.883883 -17.1161 14.99
      vertex -0.883883 -17.1161 15.99
    endloop
  endfacet
  facet normal 0.83145 -0.555599 0
    outer loop
      vertex -0.883883 -17.1161 14.99
      vertex -1.15485 -17.5216 15.99
      vertex -1.15485 -17.5216 14.99
    endloop
  endfacet
  facet normal -0.83145 -0.555599 0
    outer loop
      vertex 1.15485 -17.5216 14.99
      vertex 0.883883 -17.1161 15.99
      vertex 0.883883 -17.1161 14.99
    endloop
  endfacet
  facet normal -0.83145 -0.555599 0
    outer loop
      vertex 0.883883 -17.1161 15.99
      vertex 1.15485 -17.5216 14.99
      vertex 1.15485 -17.5216 15.99
    endloop
  endfacet
  facet normal -0.980793 -0.19505 0
    outer loop
      vertex 1.24108 -17.9552 14.99
      vertex 1.15485 -17.5216 15.99
      vertex 1.15485 -17.5216 14.99
    endloop
  endfacet
  facet normal -0.980793 -0.19505 0
    outer loop
      vertex 1.15485 -17.5216 15.99
      vertex 1.24108 -17.9552 14.99
      vertex 1.24108 -17.9552 15.99
    endloop
  endfacet
  facet normal -0.555619 -0.831437 0
    outer loop
      vertex 0.478354 -16.8451 14.99
      vertex 0.883883 -17.1161 15.99
      vertex 0.478354 -16.8451 15.99
    endloop
  endfacet
  facet normal -0.555619 -0.831437 -0
    outer loop
      vertex 0.883883 -17.1161 15.99
      vertex 0.478354 -16.8451 14.99
      vertex 0.883883 -17.1161 14.99
    endloop
  endfacet
  facet normal -0.194991 -0.980805 0
    outer loop
      vertex 0 -16.75 14.99
      vertex 0.478354 -16.8451 15.99
      vertex 0 -16.75 15.99
    endloop
  endfacet
  facet normal -0.194991 -0.980805 -0
    outer loop
      vertex 0.478354 -16.8451 15.99
      vertex 0 -16.75 14.99
      vertex 0.478354 -16.8451 14.99
    endloop
  endfacet
  facet normal 0.555619 -0.831437 0
    outer loop
      vertex -0.883883 -17.1161 14.99
      vertex -0.478354 -16.8451 15.99
      vertex -0.883883 -17.1161 15.99
    endloop
  endfacet
  facet normal 0.555619 -0.831437 0
    outer loop
      vertex -0.478354 -16.8451 15.99
      vertex -0.883883 -17.1161 14.99
      vertex -0.478354 -16.8451 14.99
    endloop
  endfacet
  facet normal 0.980793 -0.19505 0
    outer loop
      vertex -1.24108 -17.9552 15.99
      vertex -1.15485 -17.5216 14.99
      vertex -1.15485 -17.5216 15.99
    endloop
  endfacet
  facet normal 0.980793 -0.19505 0
    outer loop
      vertex -1.15485 -17.5216 14.99
      vertex -1.24108 -17.9552 15.99
      vertex -1.24108 -17.9552 14.99
    endloop
  endfacet
  facet normal 0 0 1
    outer loop
      vertex 1.15485 -17.5216 14.99
      vertex 1.17726 -17.9615 14.99
      vertex 1.24108 -17.9552 14.99
    endloop
  endfacet
  facet normal 0 0 1
    outer loop
      vertex 0 -18 14.99
      vertex 1.15485 -17.5216 14.99
      vertex 0.883883 -17.1161 14.99
    endloop
  endfacet
  facet normal 0 0 1
    outer loop
      vertex 0 -18 14.99
      vertex 0.883883 -17.1161 14.99
      vertex 0.478354 -16.8451 14.99
    endloop
  endfacet
  facet normal 0 0 1
    outer loop
      vertex 0 -18 14.99
      vertex 0.478354 -16.8451 14.99
      vertex 0 -16.75 14.99
    endloop
  endfacet
  facet normal 0 0 1
    outer loop
      vertex 1.15485 -17.5216 14.99
      vertex 0 -18 14.99
      vertex 1.17726 -17.9615 14.99
    endloop
  endfacet
  facet normal -0 0 1
    outer loop
      vertex -0.478354 -16.8451 14.99
      vertex 0 -18 14.99
      vertex 0 -16.75 14.99
    endloop
  endfacet
  facet normal -0 0 1
    outer loop
      vertex -0.883883 -17.1161 14.99
      vertex 0 -18 14.99
      vertex -0.478354 -16.8451 14.99
    endloop
  endfacet
  facet normal -0 0 1
    outer loop
      vertex -1.15485 -17.5216 14.99
      vertex 0 -18 14.99
      vertex -0.883883 -17.1161 14.99
    endloop
  endfacet
  facet normal 0 0 1
    outer loop
      vertex -1.15485 -17.5216 14.99
      vertex -1.17726 -17.9615 14.99
      vertex 0 -18 14.99
    endloop
  endfacet
  facet normal 0 -0 1
    outer loop
      vertex -1.17726 -17.9615 14.99
      vertex -1.15485 -17.5216 14.99
      vertex -1.24108 -17.9552 14.99
    endloop
  endfacet
  facet normal 0.194991 -0.980805 0
    outer loop
      vertex -0.478354 -16.8451 14.99
      vertex 0 -16.75 15.99
      vertex -0.478354 -16.8451 15.99
    endloop
  endfacet
  facet normal 0.194991 -0.980805 0
    outer loop
      vertex 0 -16.75 15.99
      vertex -0.478354 -16.8451 14.99
      vertex 0 -16.75 14.99
    endloop
  endfacet
  facet normal -0.83145 0.555599 0
    outer loop
      vertex 0.883883 17.1161 14.99
      vertex 1.15485 17.5216 15.99
      vertex 1.15485 17.5216 14.99
    endloop
  endfacet
  facet normal -0.83145 0.555599 0
    outer loop
      vertex 1.15485 17.5216 15.99
      vertex 0.883883 17.1161 14.99
      vertex 0.883883 17.1161 15.99
    endloop
  endfacet
  facet normal -0.194991 0.980805 0
    outer loop
      vertex 0.478354 16.8451 14.99
      vertex 0 16.75 15.99
      vertex 0.478354 16.8451 15.99
    endloop
  endfacet
  facet normal -0.194991 0.980805 0
    outer loop
      vertex 0 16.75 15.99
      vertex 0.478354 16.8451 14.99
      vertex 0 16.75 14.99
    endloop
  endfacet
  facet normal 0.194991 0.980805 -0
    outer loop
      vertex 0 16.75 14.99
      vertex -0.478354 16.8451 15.99
      vertex 0 16.75 15.99
    endloop
  endfacet
  facet normal 0.194991 0.980805 0
    outer loop
      vertex -0.478354 16.8451 15.99
      vertex 0 16.75 14.99
      vertex -0.478354 16.8451 14.99
    endloop
  endfacet
  facet normal 0.980793 0.19505 0
    outer loop
      vertex -1.15485 17.5216 15.99
      vertex -1.24108 17.9552 14.99
      vertex -1.24108 17.9552 15.99
    endloop
  endfacet
  facet normal 0.980793 0.19505 0
    outer loop
      vertex -1.24108 17.9552 14.99
      vertex -1.15485 17.5216 15.99
      vertex -1.15485 17.5216 14.99
    endloop
  endfacet
  facet normal -0.980793 0.19505 0
    outer loop
      vertex 1.15485 17.5216 14.99
      vertex 1.24108 17.9552 15.99
      vertex 1.24108 17.9552 14.99
    endloop
  endfacet
  facet normal -0.980793 0.19505 0
    outer loop
      vertex 1.24108 17.9552 15.99
      vertex 1.15485 17.5216 14.99
      vertex 1.15485 17.5216 15.99
    endloop
  endfacet
  facet normal -0.555619 0.831437 0
    outer loop
      vertex 0.883883 17.1161 14.99
      vertex 0.478354 16.8451 15.99
      vertex 0.883883 17.1161 15.99
    endloop
  endfacet
  facet normal -0.555619 0.831437 0
    outer loop
      vertex 0.478354 16.8451 15.99
      vertex 0.883883 17.1161 14.99
      vertex 0.478354 16.8451 14.99
    endloop
  endfacet
  facet normal 0.83145 0.555599 0
    outer loop
      vertex -0.883883 17.1161 15.99
      vertex -1.15485 17.5216 14.99
      vertex -1.15485 17.5216 15.99
    endloop
  endfacet
  facet normal 0.83145 0.555599 0
    outer loop
      vertex -1.15485 17.5216 14.99
      vertex -0.883883 17.1161 15.99
      vertex -0.883883 17.1161 14.99
    endloop
  endfacet
  facet normal 0.555619 0.831437 -0
    outer loop
      vertex -0.478354 16.8451 14.99
      vertex -0.883883 17.1161 15.99
      vertex -0.478354 16.8451 15.99
    endloop
  endfacet
  facet normal 0.555619 0.831437 0
    outer loop
      vertex -0.883883 17.1161 15.99
      vertex -0.478354 16.8451 14.99
      vertex -0.883883 17.1161 14.99
    endloop
  endfacet
  facet normal 0 0 1
    outer loop
      vertex 1.17726 17.9615 14.99
      vertex 1.15485 17.5216 14.99
      vertex 1.24108 17.9552 14.99
    endloop
  endfacet
  facet normal 0 0 1
    outer loop
      vertex 0 18 14.99
      vertex 1.15485 17.5216 14.99
      vertex 1.17726 17.9615 14.99
    endloop
  endfacet
  facet normal 0 0 1
    outer loop
      vertex 1.15485 17.5216 14.99
      vertex 0 18 14.99
      vertex 0.883883 17.1161 14.99
    endloop
  endfacet
  facet normal 0 0 1
    outer loop
      vertex 0.883883 17.1161 14.99
      vertex 0 18 14.99
      vertex 0.478354 16.8451 14.99
    endloop
  endfacet
  facet normal 0 0 1
    outer loop
      vertex 0 18 14.99
      vertex 0 16.75 14.99
      vertex 0.478354 16.8451 14.99
    endloop
  endfacet
  facet normal 0 0 1
    outer loop
      vertex 0 18 14.99
      vertex -0.478354 16.8451 14.99
      vertex 0 16.75 14.99
    endloop
  endfacet
  facet normal 0 0 1
    outer loop
      vertex 0 18 14.99
      vertex -0.883883 17.1161 14.99
      vertex -0.478354 16.8451 14.99
    endloop
  endfacet
  facet normal 0 0 1
    outer loop
      vertex 0 18 14.99
      vertex -1.15485 17.5216 14.99
      vertex -0.883883 17.1161 14.99
    endloop
  endfacet
  facet normal -0 0 1
    outer loop
      vertex -1.17726 17.9615 14.99
      vertex -1.15485 17.5216 14.99
      vertex 0 18 14.99
    endloop
  endfacet
  facet normal 0 0 1
    outer loop
      vertex -1.15485 17.5216 14.99
      vertex -1.17726 17.9615 14.99
      vertex -1.24108 17.9552 14.99
    endloop
  endfacet
  facet normal -1 0 0
    outer loop
      vertex 1.65 -15 1.6
      vertex 1.65 15 13.99
      vertex 1.65 15 1.6
    endloop
  endfacet
  facet normal -1 -0 0
    outer loop
      vertex 1.65 15 13.99
      vertex 1.65 -15 1.6
      vertex 1.65 -15 13.99
    endloop
  endfacet
  facet normal 0 0 -1
    outer loop
      vertex -1.65 -15 13.99
      vertex 1.65 15 13.99
      vertex 1.65 -15 13.99
    endloop
  endfacet
  facet normal -0 0 -1
    outer loop
      vertex 1.65 15 13.99
      vertex -1.65 -15 13.99
      vertex -1.65 15 13.99
    endloop
  endfacet
  facet normal 1 -0 0
    outer loop
      vertex -1.65 -15 13.99
      vertex -1.65 15 1.6
      vertex -1.65 15 13.99
    endloop
  endfacet
  facet normal 1 0 0
    outer loop
      vertex -1.65 15 1.6
      vertex -1.65 -15 13.99
      vertex -1.65 -15 1.6
    endloop
  endfacet
  facet normal 0 -1 0
    outer loop
      vertex -1.65 15 1.6
      vertex 1.65 15 13.99
      vertex -1.65 15 13.99
    endloop
  endfacet
  facet normal 0 -1 -0
    outer loop
      vertex 1.65 15 13.99
      vertex -1.65 15 1.6
      vertex 1.65 15 1.6
    endloop
  endfacet
  facet normal 0 1 -0
    outer loop
      vertex 1.65 -15 1.6
      vertex -1.65 -15 13.99
      vertex 1.65 -15 13.99
    endloop
  endfacet
  facet normal 0 1 0
    outer loop
      vertex -1.65 -15 13.99
      vertex 1.65 -15 1.6
      vertex -1.65 -15 1.6
    endloop
  endfacet
  facet normal 0.764291 0 -0.644871
    outer loop
      vertex -1.65 -15 1.6
      vertex -3 16 0
      vertex -1.65 15 1.6
    endloop
  endfacet
  facet normal 0.764291 0 -0.644871
    outer loop
      vertex -3 16 0
      vertex -1.65 -15 1.6
      vertex -3 -16 0
    endloop
  endfacet
  facet normal 0 0.847998 -0.529999
    outer loop
      vertex 3 -16 0
      vertex -1.65 -15 1.6
      vertex 1.65 -15 1.6
    endloop
  endfacet
  facet normal 0 0.847998 -0.529999
    outer loop
      vertex -1.65 -15 1.6
      vertex 3 -16 0
      vertex -3 -16 0
    endloop
  endfacet
  facet normal 0 -0.847998 -0.529999
    outer loop
      vertex -3 16 0
      vertex 1.65 15 1.6
      vertex -1.65 15 1.6
    endloop
  endfacet
  facet normal 0 -0.847998 -0.529999
    outer loop
      vertex 1.65 15 1.6
      vertex -3 16 0
      vertex 3 16 0
    endloop
  endfacet
  facet normal -0.764291 0 -0.644871
    outer loop
      vertex 3 16 0
      vertex 1.65 -15 1.6
      vertex 1.65 15 1.6
    endloop
  endfacet
  facet normal -0.764291 0 -0.644871
    outer loop
      vertex 1.65 -15 1.6
      vertex 3 16 0
      vertex 3 -16 0
    endloop
  endfacet
endsolid OpenSCAD_Model
