solid OpenSCAD_Model
  facet normal 0.995184 0.0980289 0
    outer loop
      vertex 13.4711 0.882942 3
      vertex 13.3845 1.7621 0
      vertex 13.3845 1.7621 3
    endloop
  endfacet
  facet normal 0.995184 0.0980289 0
    outer loop
      vertex 13.3845 1.7621 0
      vertex 13.4711 0.882942 3
      vertex 13.4711 0.882942 0
    endloop
  endfacet
  facet normal 0.999465 0.032714 0
    outer loop
      vertex 13.5 0 3
      vertex 13.4711 0.882942 0
      vertex 13.4711 0.882942 3
    endloop
  endfacet
  facet normal 0.999465 0.032714 0
    outer loop
      vertex 13.4711 0.882942 0
      vertex 13.5 0 3
      vertex 13.5 0 0
    endloop
  endfacet
  facet normal 0.352264 -0.935901 0
    outer loop
      vertex 4.33943 -12.7836 0
      vertex 5.16623 -12.4724 3
      vertex 4.33943 -12.7836 3
    endloop
  endfacet
  facet normal 0.352264 -0.935901 0
    outer loop
      vertex 5.16623 -12.4724 3
      vertex 4.33943 -12.7836 0
      vertex 5.16623 -12.4724 0
    endloop
  endfacet
  facet normal 0.0980289 0.995184 -0
    outer loop
      vertex 1.7621 13.3845 0
      vertex 0.882942 13.4711 3
      vertex 1.7621 13.3845 3
    endloop
  endfacet
  facet normal 0.0980289 0.995184 0
    outer loop
      vertex 0.882942 13.4711 3
      vertex 1.7621 13.3845 0
      vertex 0.882942 13.4711 0
    endloop
  endfacet
  facet normal -0.935901 -0.352264 0
    outer loop
      vertex -12.4724 -5.16623 0
      vertex -12.7836 -4.33943 3
      vertex -12.7836 -4.33943 0
    endloop
  endfacet
  facet normal -0.935901 -0.352264 0
    outer loop
      vertex -12.7836 -4.33943 3
      vertex -12.4724 -5.16623 0
      vertex -12.4724 -5.16623 3
    endloop
  endfacet
  facet normal -0.16289 -0.986644 0
    outer loop
      vertex -2.63372 -13.2406 0
      vertex -1.7621 -13.3845 3
      vertex -2.63372 -13.2406 3
    endloop
  endfacet
  facet normal -0.16289 -0.986644 -0
    outer loop
      vertex -1.7621 -13.3845 3
      vertex -2.63372 -13.2406 0
      vertex -1.7621 -13.3845 0
    endloop
  endfacet
  facet normal 0.528064 -0.849204 0
    outer loop
      vertex 6.75 -11.6913 0
      vertex 7.5002 -11.2248 3
      vertex 6.75 -11.6913 3
    endloop
  endfacet
  facet normal 0.528064 -0.849204 0
    outer loop
      vertex 7.5002 -11.2248 3
      vertex 6.75 -11.6913 0
      vertex 7.5002 -11.2248 0
    endloop
  endfacet
  facet normal 0.227073 -0.973878 0
    outer loop
      vertex 2.63372 -13.2406 0
      vertex 3.49406 -13.04 3
      vertex 2.63372 -13.2406 3
    endloop
  endfacet
  facet normal 0.227073 -0.973878 0
    outer loop
      vertex 3.49406 -13.04 3
      vertex 2.63372 -13.2406 0
      vertex 3.49406 -13.04 0
    endloop
  endfacet
  facet normal -0.849204 -0.528064 0
    outer loop
      vertex -11.2248 -7.5002 0
      vertex -11.6913 -6.75 3
      vertex -11.6913 -6.75 0
    endloop
  endfacet
  facet normal -0.849204 -0.528064 0
    outer loop
      vertex -11.6913 -6.75 3
      vertex -11.2248 -7.5002 0
      vertex -11.2248 -7.5002 3
    endloop
  endfacet
  facet normal -0.729883 0.683572 0
    outer loop
      vertex -10.1498 8.90117 0
      vertex -9.54594 9.54594 3
      vertex -9.54594 9.54594 0
    endloop
  endfacet
  facet normal -0.729883 0.683572 0
    outer loop
      vertex -9.54594 9.54594 3
      vertex -10.1498 8.90117 0
      vertex -10.1498 8.90117 3
    endloop
  endfacet
  facet normal 0.16289 -0.986644 0
    outer loop
      vertex 1.7621 -13.3845 0
      vertex 2.63372 -13.2406 3
      vertex 1.7621 -13.3845 3
    endloop
  endfacet
  facet normal 0.16289 -0.986644 0
    outer loop
      vertex 2.63372 -13.2406 3
      vertex 1.7621 -13.3845 0
      vertex 2.63372 -13.2406 0
    endloop
  endfacet
  facet normal -0.881892 0.471452 0
    outer loop
      vertex -12.1078 5.9709 0
      vertex -11.6913 6.75 3
      vertex -11.6913 6.75 0
    endloop
  endfacet
  facet normal -0.881892 0.471452 0
    outer loop
      vertex -11.6913 6.75 3
      vertex -12.1078 5.9709 0
      vertex -12.1078 5.9709 3
    endloop
  endfacet
  facet normal 0.973878 0.227073 0
    outer loop
      vertex 13.2406 2.63372 3
      vertex 13.04 3.49406 0
      vertex 13.04 3.49406 3
    endloop
  endfacet
  facet normal 0.973878 0.227073 0
    outer loop
      vertex 13.04 3.49406 0
      vertex 13.2406 2.63372 3
      vertex 13.2406 2.63372 0
    endloop
  endfacet
  facet normal 0.16289 0.986644 -0
    outer loop
      vertex 2.63372 13.2406 0
      vertex 1.7621 13.3845 3
      vertex 2.63372 13.2406 3
    endloop
  endfacet
  facet normal 0.16289 0.986644 0
    outer loop
      vertex 1.7621 13.3845 3
      vertex 2.63372 13.2406 0
      vertex 1.7621 13.3845 0
    endloop
  endfacet
  facet normal 0.986644 -0.16289 0
    outer loop
      vertex 13.2406 -2.63372 3
      vertex 13.3845 -1.7621 0
      vertex 13.3845 -1.7621 3
    endloop
  endfacet
  facet normal 0.986644 -0.16289 0
    outer loop
      vertex 13.3845 -1.7621 0
      vertex 13.2406 -2.63372 3
      vertex 13.2406 -2.63372 0
    endloop
  endfacet
  facet normal 0.582426 0.812884 -0
    outer loop
      vertex 8.21828 10.7103 0
      vertex 7.5002 11.2248 3
      vertex 8.21828 10.7103 3
    endloop
  endfacet
  facet normal 0.582426 0.812884 0
    outer loop
      vertex 7.5002 11.2248 3
      vertex 8.21828 10.7103 0
      vertex 7.5002 11.2248 0
    endloop
  endfacet
  facet normal -0.973878 0.227073 0
    outer loop
      vertex -13.2406 2.63372 0
      vertex -13.04 3.49406 3
      vertex -13.04 3.49406 0
    endloop
  endfacet
  facet normal -0.973878 0.227073 0
    outer loop
      vertex -13.04 3.49406 3
      vertex -13.2406 2.63372 0
      vertex -13.2406 2.63372 3
    endloop
  endfacet
  facet normal 0.471452 -0.881892 0
    outer loop
      vertex 5.9709 -12.1078 0
      vertex 6.75 -11.6913 3
      vertex 5.9709 -12.1078 3
    endloop
  endfacet
  facet normal 0.471452 -0.881892 0
    outer loop
      vertex 6.75 -11.6913 3
      vertex 5.9709 -12.1078 0
      vertex 6.75 -11.6913 0
    endloop
  endfacet
  facet normal -0.412715 0.91086 0
    outer loop
      vertex -5.16623 12.4724 0
      vertex -5.9709 12.1078 3
      vertex -5.16623 12.4724 3
    endloop
  endfacet
  facet normal -0.412715 0.91086 0
    outer loop
      vertex -5.9709 12.1078 3
      vertex -5.16623 12.4724 0
      vertex -5.9709 12.1078 0
    endloop
  endfacet
  facet normal -0.0980289 0.995184 0
    outer loop
      vertex -0.882942 13.4711 0
      vertex -1.7621 13.3845 3
      vertex -0.882942 13.4711 3
    endloop
  endfacet
  facet normal -0.0980289 0.995184 0
    outer loop
      vertex -1.7621 13.3845 3
      vertex -0.882942 13.4711 0
      vertex -1.7621 13.3845 0
    endloop
  endfacet
  facet normal -0.471452 -0.881892 0
    outer loop
      vertex -6.75 -11.6913 0
      vertex -5.9709 -12.1078 3
      vertex -6.75 -11.6913 3
    endloop
  endfacet
  facet normal -0.471452 -0.881892 -0
    outer loop
      vertex -5.9709 -12.1078 3
      vertex -6.75 -11.6913 0
      vertex -5.9709 -12.1078 0
    endloop
  endfacet
  facet normal 0.412715 0.91086 -0
    outer loop
      vertex 5.9709 12.1078 0
      vertex 5.16623 12.4724 3
      vertex 5.9709 12.1078 3
    endloop
  endfacet
  facet normal 0.412715 0.91086 0
    outer loop
      vertex 5.16623 12.4724 3
      vertex 5.9709 12.1078 0
      vertex 5.16623 12.4724 0
    endloop
  endfacet
  facet normal 0.528064 0.849204 -0
    outer loop
      vertex 7.5002 11.2248 0
      vertex 6.75 11.6913 3
      vertex 7.5002 11.2248 3
    endloop
  endfacet
  facet normal 0.528064 0.849204 0
    outer loop
      vertex 6.75 11.6913 3
      vertex 7.5002 11.2248 0
      vertex 6.75 11.6913 0
    endloop
  endfacet
  facet normal 0.032714 -0.999465 0
    outer loop
      vertex 0 -13.5 0
      vertex 0.882942 -13.4711 3
      vertex 0 -13.5 3
    endloop
  endfacet
  facet normal 0.032714 -0.999465 0
    outer loop
      vertex 0.882942 -13.4711 3
      vertex 0 -13.5 0
      vertex 0.882942 -13.4711 0
    endloop
  endfacet
  facet normal 0.956953 -0.290243 0
    outer loop
      vertex 12.7836 -4.33943 3
      vertex 13.04 -3.49406 0
      vertex 13.04 -3.49406 3
    endloop
  endfacet
  facet normal 0.956953 -0.290243 0
    outer loop
      vertex 13.04 -3.49406 0
      vertex 12.7836 -4.33943 3
      vertex 12.7836 -4.33943 0
    endloop
  endfacet
  facet normal 0.471452 0.881892 -0
    outer loop
      vertex 6.75 11.6913 0
      vertex 5.9709 12.1078 3
      vertex 6.75 11.6913 3
    endloop
  endfacet
  facet normal 0.471452 0.881892 0
    outer loop
      vertex 5.9709 12.1078 3
      vertex 6.75 11.6913 0
      vertex 5.9709 12.1078 0
    endloop
  endfacet
  facet normal -0.956953 -0.290243 0
    outer loop
      vertex -12.7836 -4.33943 0
      vertex -13.04 -3.49406 3
      vertex -13.04 -3.49406 0
    endloop
  endfacet
  facet normal -0.956953 -0.290243 0
    outer loop
      vertex -13.04 -3.49406 3
      vertex -12.7836 -4.33943 0
      vertex -12.7836 -4.33943 3
    endloop
  endfacet
  facet normal 0.0980289 -0.995184 0
    outer loop
      vertex 0.882942 -13.4711 0
      vertex 1.7621 -13.3845 3
      vertex 0.882942 -13.4711 3
    endloop
  endfacet
  facet normal 0.0980289 -0.995184 0
    outer loop
      vertex 1.7621 -13.3845 3
      vertex 0.882942 -13.4711 0
      vertex 1.7621 -13.3845 0
    endloop
  endfacet
  facet normal 0.935901 0.352264 0
    outer loop
      vertex 12.7836 4.33943 3
      vertex 12.4724 5.16623 0
      vertex 12.4724 5.16623 3
    endloop
  endfacet
  facet normal 0.935901 0.352264 0
    outer loop
      vertex 12.4724 5.16623 0
      vertex 12.7836 4.33943 3
      vertex 12.7836 4.33943 0
    endloop
  endfacet
  facet normal -0.683572 0.729883 0
    outer loop
      vertex -8.90117 10.1498 0
      vertex -9.54594 9.54594 3
      vertex -8.90117 10.1498 3
    endloop
  endfacet
  facet normal -0.683572 0.729883 0
    outer loop
      vertex -9.54594 9.54594 3
      vertex -8.90117 10.1498 0
      vertex -9.54594 9.54594 0
    endloop
  endfacet
  facet normal -0.290243 0.956953 0
    outer loop
      vertex -3.49406 13.04 0
      vertex -4.33943 12.7836 3
      vertex -3.49406 13.04 3
    endloop
  endfacet
  facet normal -0.290243 0.956953 0
    outer loop
      vertex -4.33943 12.7836 3
      vertex -3.49406 13.04 0
      vertex -4.33943 12.7836 0
    endloop
  endfacet
  facet normal -0.227073 -0.973878 0
    outer loop
      vertex -3.49406 -13.04 0
      vertex -2.63372 -13.2406 3
      vertex -3.49406 -13.04 3
    endloop
  endfacet
  facet normal -0.227073 -0.973878 -0
    outer loop
      vertex -2.63372 -13.2406 3
      vertex -3.49406 -13.04 0
      vertex -2.63372 -13.2406 0
    endloop
  endfacet
  facet normal -0.16289 0.986644 0
    outer loop
      vertex -1.7621 13.3845 0
      vertex -2.63372 13.2406 3
      vertex -1.7621 13.3845 3
    endloop
  endfacet
  facet normal -0.16289 0.986644 0
    outer loop
      vertex -2.63372 13.2406 3
      vertex -1.7621 13.3845 0
      vertex -2.63372 13.2406 0
    endloop
  endfacet
  facet normal 0.772973 0.634438 0
    outer loop
      vertex 10.7103 8.21828 3
      vertex 10.1498 8.90117 0
      vertex 10.1498 8.90117 3
    endloop
  endfacet
  facet normal 0.772973 0.634438 0
    outer loop
      vertex 10.1498 8.90117 0
      vertex 10.7103 8.21828 3
      vertex 10.7103 8.21828 0
    endloop
  endfacet
  facet normal -0.986644 0.16289 0
    outer loop
      vertex -13.3845 1.7621 0
      vertex -13.2406 2.63372 3
      vertex -13.2406 2.63372 0
    endloop
  endfacet
  facet normal -0.986644 0.16289 0
    outer loop
      vertex -13.2406 2.63372 3
      vertex -13.3845 1.7621 0
      vertex -13.3845 1.7621 3
    endloop
  endfacet
  facet normal 0.729883 -0.683572 0
    outer loop
      vertex 9.54594 -9.54594 3
      vertex 10.1498 -8.90117 0
      vertex 10.1498 -8.90117 3
    endloop
  endfacet
  facet normal 0.729883 -0.683572 0
    outer loop
      vertex 10.1498 -8.90117 0
      vertex 9.54594 -9.54594 3
      vertex 9.54594 -9.54594 0
    endloop
  endfacet
  facet normal 0.227073 0.973878 -0
    outer loop
      vertex 3.49406 13.04 0
      vertex 2.63372 13.2406 3
      vertex 3.49406 13.04 3
    endloop
  endfacet
  facet normal 0.227073 0.973878 0
    outer loop
      vertex 2.63372 13.2406 3
      vertex 3.49406 13.04 0
      vertex 2.63372 13.2406 0
    endloop
  endfacet
  facet normal -0.032714 -0.999465 0
    outer loop
      vertex -0.882942 -13.4711 0
      vertex 0 -13.5 3
      vertex -0.882942 -13.4711 3
    endloop
  endfacet
  facet normal -0.032714 -0.999465 -0
    outer loop
      vertex 0 -13.5 3
      vertex -0.882942 -13.4711 0
      vertex 0 -13.5 0
    endloop
  endfacet
  facet normal 0.881892 -0.471452 0
    outer loop
      vertex 11.6913 -6.75 3
      vertex 12.1078 -5.9709 0
      vertex 12.1078 -5.9709 3
    endloop
  endfacet
  facet normal 0.881892 -0.471452 0
    outer loop
      vertex 12.1078 -5.9709 0
      vertex 11.6913 -6.75 3
      vertex 11.6913 -6.75 0
    endloop
  endfacet
  facet normal 0.956953 0.290243 0
    outer loop
      vertex 13.04 3.49406 3
      vertex 12.7836 4.33943 0
      vertex 12.7836 4.33943 3
    endloop
  endfacet
  facet normal 0.956953 0.290243 0
    outer loop
      vertex 12.7836 4.33943 0
      vertex 13.04 3.49406 3
      vertex 13.04 3.49406 0
    endloop
  endfacet
  facet normal 0.729883 0.683572 0
    outer loop
      vertex 10.1498 8.90117 3
      vertex 9.54594 9.54594 0
      vertex 9.54594 9.54594 3
    endloop
  endfacet
  facet normal 0.729883 0.683572 0
    outer loop
      vertex 9.54594 9.54594 0
      vertex 10.1498 8.90117 3
      vertex 10.1498 8.90117 0
    endloop
  endfacet
  facet normal 0.683572 0.729883 -0
    outer loop
      vertex 9.54594 9.54594 0
      vertex 8.90117 10.1498 3
      vertex 9.54594 9.54594 3
    endloop
  endfacet
  facet normal 0.683572 0.729883 0
    outer loop
      vertex 8.90117 10.1498 3
      vertex 9.54594 9.54594 0
      vertex 8.90117 10.1498 0
    endloop
  endfacet
  facet normal -0.582426 0.812884 0
    outer loop
      vertex -7.5002 11.2248 0
      vertex -8.21828 10.7103 3
      vertex -7.5002 11.2248 3
    endloop
  endfacet
  facet normal -0.582426 0.812884 0
    outer loop
      vertex -8.21828 10.7103 3
      vertex -7.5002 11.2248 0
      vertex -8.21828 10.7103 0
    endloop
  endfacet
  facet normal -0.528064 0.849204 0
    outer loop
      vertex -6.75 11.6913 0
      vertex -7.5002 11.2248 3
      vertex -6.75 11.6913 3
    endloop
  endfacet
  facet normal -0.528064 0.849204 0
    outer loop
      vertex -7.5002 11.2248 3
      vertex -6.75 11.6913 0
      vertex -7.5002 11.2248 0
    endloop
  endfacet
  facet normal -0.91086 0.412715 0
    outer loop
      vertex -12.4724 5.16623 0
      vertex -12.1078 5.9709 3
      vertex -12.1078 5.9709 0
    endloop
  endfacet
  facet normal -0.91086 0.412715 0
    outer loop
      vertex -12.1078 5.9709 3
      vertex -12.4724 5.16623 0
      vertex -12.4724 5.16623 3
    endloop
  endfacet
  facet normal 0.290243 -0.956953 0
    outer loop
      vertex 3.49406 -13.04 0
      vertex 4.33943 -12.7836 3
      vertex 3.49406 -13.04 3
    endloop
  endfacet
  facet normal 0.290243 -0.956953 0
    outer loop
      vertex 4.33943 -12.7836 3
      vertex 3.49406 -13.04 0
      vertex 4.33943 -12.7836 0
    endloop
  endfacet
  facet normal 0.849204 0.528064 0
    outer loop
      vertex 11.6913 6.75 3
      vertex 11.2248 7.5002 0
      vertex 11.2248 7.5002 3
    endloop
  endfacet
  facet normal 0.849204 0.528064 0
    outer loop
      vertex 11.2248 7.5002 0
      vertex 11.6913 6.75 3
      vertex 11.6913 6.75 0
    endloop
  endfacet
  facet normal 0.634438 -0.772973 0
    outer loop
      vertex 8.21828 -10.7103 0
      vertex 8.90117 -10.1498 3
      vertex 8.21828 -10.7103 3
    endloop
  endfacet
  facet normal 0.634438 -0.772973 0
    outer loop
      vertex 8.90117 -10.1498 3
      vertex 8.21828 -10.7103 0
      vertex 8.90117 -10.1498 0
    endloop
  endfacet
  facet normal 0.91086 -0.412715 0
    outer loop
      vertex 12.1078 -5.9709 3
      vertex 12.4724 -5.16623 0
      vertex 12.4724 -5.16623 3
    endloop
  endfacet
  facet normal 0.91086 -0.412715 0
    outer loop
      vertex 12.4724 -5.16623 0
      vertex 12.1078 -5.9709 3
      vertex 12.1078 -5.9709 0
    endloop
  endfacet
  facet normal -0.986644 -0.16289 0
    outer loop
      vertex -13.2406 -2.63372 0
      vertex -13.3845 -1.7621 3
      vertex -13.3845 -1.7621 0
    endloop
  endfacet
  facet normal -0.986644 -0.16289 0
    outer loop
      vertex -13.3845 -1.7621 3
      vertex -13.2406 -2.63372 0
      vertex -13.2406 -2.63372 3
    endloop
  endfacet
  facet normal 0.881892 0.471452 0
    outer loop
      vertex 12.1078 5.9709 3
      vertex 11.6913 6.75 0
      vertex 11.6913 6.75 3
    endloop
  endfacet
  facet normal 0.881892 0.471452 0
    outer loop
      vertex 11.6913 6.75 0
      vertex 12.1078 5.9709 3
      vertex 12.1078 5.9709 0
    endloop
  endfacet
  facet normal 0.935901 -0.352264 0
    outer loop
      vertex 12.4724 -5.16623 3
      vertex 12.7836 -4.33943 0
      vertex 12.7836 -4.33943 3
    endloop
  endfacet
  facet normal 0.935901 -0.352264 0
    outer loop
      vertex 12.7836 -4.33943 0
      vertex 12.4724 -5.16623 3
      vertex 12.4724 -5.16623 0
    endloop
  endfacet
  facet normal -0.999465 -0.032714 0
    outer loop
      vertex -13.4711 -0.882942 0
      vertex -13.5 0 3
      vertex -13.5 0 0
    endloop
  endfacet
  facet normal -0.999465 -0.032714 0
    outer loop
      vertex -13.5 0 3
      vertex -13.4711 -0.882942 0
      vertex -13.4711 -0.882942 3
    endloop
  endfacet
  facet normal 0.412715 -0.91086 0
    outer loop
      vertex 5.16623 -12.4724 0
      vertex 5.9709 -12.1078 3
      vertex 5.16623 -12.4724 3
    endloop
  endfacet
  facet normal 0.412715 -0.91086 0
    outer loop
      vertex 5.9709 -12.1078 3
      vertex 5.16623 -12.4724 0
      vertex 5.9709 -12.1078 0
    endloop
  endfacet
  facet normal 0.812884 -0.582426 0
    outer loop
      vertex 10.7103 -8.21828 3
      vertex 11.2248 -7.5002 0
      vertex 11.2248 -7.5002 3
    endloop
  endfacet
  facet normal 0.812884 -0.582426 0
    outer loop
      vertex 11.2248 -7.5002 0
      vertex 10.7103 -8.21828 3
      vertex 10.7103 -8.21828 0
    endloop
  endfacet
  facet normal -0.0980289 -0.995184 0
    outer loop
      vertex -1.7621 -13.3845 0
      vertex -0.882942 -13.4711 3
      vertex -1.7621 -13.3845 3
    endloop
  endfacet
  facet normal -0.0980289 -0.995184 -0
    outer loop
      vertex -0.882942 -13.4711 3
      vertex -1.7621 -13.3845 0
      vertex -0.882942 -13.4711 0
    endloop
  endfacet
  facet normal 0.772973 -0.634438 0
    outer loop
      vertex 10.1498 -8.90117 3
      vertex 10.7103 -8.21828 0
      vertex 10.7103 -8.21828 3
    endloop
  endfacet
  facet normal 0.772973 -0.634438 0
    outer loop
      vertex 10.7103 -8.21828 0
      vertex 10.1498 -8.90117 3
      vertex 10.1498 -8.90117 0
    endloop
  endfacet
  facet normal -0.352264 0.935901 0
    outer loop
      vertex -4.33943 12.7836 0
      vertex -5.16623 12.4724 3
      vertex -4.33943 12.7836 3
    endloop
  endfacet
  facet normal -0.352264 0.935901 0
    outer loop
      vertex -5.16623 12.4724 3
      vertex -4.33943 12.7836 0
      vertex -5.16623 12.4724 0
    endloop
  endfacet
  facet normal -0.227073 0.973878 0
    outer loop
      vertex -2.63372 13.2406 0
      vertex -3.49406 13.04 3
      vertex -2.63372 13.2406 3
    endloop
  endfacet
  facet normal -0.227073 0.973878 0
    outer loop
      vertex -3.49406 13.04 3
      vertex -2.63372 13.2406 0
      vertex -3.49406 13.04 0
    endloop
  endfacet
  facet normal 0.582426 -0.812884 0
    outer loop
      vertex 7.5002 -11.2248 0
      vertex 8.21828 -10.7103 3
      vertex 7.5002 -11.2248 3
    endloop
  endfacet
  facet normal 0.582426 -0.812884 0
    outer loop
      vertex 8.21828 -10.7103 3
      vertex 7.5002 -11.2248 0
      vertex 8.21828 -10.7103 0
    endloop
  endfacet
  facet normal -0.973878 -0.227073 0
    outer loop
      vertex -13.04 -3.49406 0
      vertex -13.2406 -2.63372 3
      vertex -13.2406 -2.63372 0
    endloop
  endfacet
  facet normal -0.973878 -0.227073 0
    outer loop
      vertex -13.2406 -2.63372 3
      vertex -13.04 -3.49406 0
      vertex -13.04 -3.49406 3
    endloop
  endfacet
  facet normal -0.812884 -0.582426 0
    outer loop
      vertex -10.7103 -8.21828 0
      vertex -11.2248 -7.5002 3
      vertex -11.2248 -7.5002 0
    endloop
  endfacet
  facet normal -0.812884 -0.582426 0
    outer loop
      vertex -11.2248 -7.5002 3
      vertex -10.7103 -8.21828 0
      vertex -10.7103 -8.21828 3
    endloop
  endfacet
  facet normal -0.634438 -0.772973 0
    outer loop
      vertex -8.90117 -10.1498 0
      vertex -8.21828 -10.7103 3
      vertex -8.90117 -10.1498 3
    endloop
  endfacet
  facet normal -0.634438 -0.772973 -0
    outer loop
      vertex -8.21828 -10.7103 3
      vertex -8.90117 -10.1498 0
      vertex -8.21828 -10.7103 0
    endloop
  endfacet
  facet normal -0.032714 0.999465 0
    outer loop
      vertex 0 13.5 0
      vertex -0.882942 13.4711 3
      vertex 0 13.5 3
    endloop
  endfacet
  facet normal -0.032714 0.999465 0
    outer loop
      vertex -0.882942 13.4711 3
      vertex 0 13.5 0
      vertex -0.882942 13.4711 0
    endloop
  endfacet
  facet normal 0.290243 0.956953 -0
    outer loop
      vertex 4.33943 12.7836 0
      vertex 3.49406 13.04 3
      vertex 4.33943 12.7836 3
    endloop
  endfacet
  facet normal 0.290243 0.956953 0
    outer loop
      vertex 3.49406 13.04 3
      vertex 4.33943 12.7836 0
      vertex 3.49406 13.04 0
    endloop
  endfacet
  facet normal 0.995184 -0.0980289 0
    outer loop
      vertex 13.3845 -1.7621 3
      vertex 13.4711 -0.882942 0
      vertex 13.4711 -0.882942 3
    endloop
  endfacet
  facet normal 0.995184 -0.0980289 0
    outer loop
      vertex 13.4711 -0.882942 0
      vertex 13.3845 -1.7621 3
      vertex 13.3845 -1.7621 0
    endloop
  endfacet
  facet normal 0.999465 -0.032714 0
    outer loop
      vertex 13.4711 -0.882942 3
      vertex 13.5 0 0
      vertex 13.5 0 3
    endloop
  endfacet
  facet normal 0.999465 -0.032714 0
    outer loop
      vertex 13.5 0 0
      vertex 13.4711 -0.882942 3
      vertex 13.4711 -0.882942 0
    endloop
  endfacet
  facet normal -0.956953 0.290243 0
    outer loop
      vertex -13.04 3.49406 0
      vertex -12.7836 4.33943 3
      vertex -12.7836 4.33943 0
    endloop
  endfacet
  facet normal -0.956953 0.290243 0
    outer loop
      vertex -12.7836 4.33943 3
      vertex -13.04 3.49406 0
      vertex -13.04 3.49406 3
    endloop
  endfacet
  facet normal -0.772973 0.634438 0
    outer loop
      vertex -10.7103 8.21828 0
      vertex -10.1498 8.90117 3
      vertex -10.1498 8.90117 0
    endloop
  endfacet
  facet normal -0.772973 0.634438 0
    outer loop
      vertex -10.1498 8.90117 3
      vertex -10.7103 8.21828 0
      vertex -10.7103 8.21828 3
    endloop
  endfacet
  facet normal 0.973878 -0.227073 0
    outer loop
      vertex 13.04 -3.49406 3
      vertex 13.2406 -2.63372 0
      vertex 13.2406 -2.63372 3
    endloop
  endfacet
  facet normal 0.973878 -0.227073 0
    outer loop
      vertex 13.2406 -2.63372 0
      vertex 13.04 -3.49406 3
      vertex 13.04 -3.49406 0
    endloop
  endfacet
  facet normal -0.91086 -0.412715 0
    outer loop
      vertex -12.1078 -5.9709 0
      vertex -12.4724 -5.16623 3
      vertex -12.4724 -5.16623 0
    endloop
  endfacet
  facet normal -0.91086 -0.412715 0
    outer loop
      vertex -12.4724 -5.16623 3
      vertex -12.1078 -5.9709 0
      vertex -12.1078 -5.9709 3
    endloop
  endfacet
  facet normal -0.634438 0.772973 0
    outer loop
      vertex -8.21828 10.7103 0
      vertex -8.90117 10.1498 3
      vertex -8.21828 10.7103 3
    endloop
  endfacet
  facet normal -0.634438 0.772973 0
    outer loop
      vertex -8.90117 10.1498 3
      vertex -8.21828 10.7103 0
      vertex -8.90117 10.1498 0
    endloop
  endfacet
  facet normal 0.683572 -0.729883 0
    outer loop
      vertex 8.90117 -10.1498 0
      vertex 9.54594 -9.54594 3
      vertex 8.90117 -10.1498 3
    endloop
  endfacet
  facet normal 0.683572 -0.729883 0
    outer loop
      vertex 9.54594 -9.54594 3
      vertex 8.90117 -10.1498 0
      vertex 9.54594 -9.54594 0
    endloop
  endfacet
  facet normal 0.352264 0.935901 -0
    outer loop
      vertex 5.16623 12.4724 0
      vertex 4.33943 12.7836 3
      vertex 5.16623 12.4724 3
    endloop
  endfacet
  facet normal 0.352264 0.935901 0
    outer loop
      vertex 4.33943 12.7836 3
      vertex 5.16623 12.4724 0
      vertex 4.33943 12.7836 0
    endloop
  endfacet
  facet normal 0.634438 0.772973 -0
    outer loop
      vertex 8.90117 10.1498 0
      vertex 8.21828 10.7103 3
      vertex 8.90117 10.1498 3
    endloop
  endfacet
  facet normal 0.634438 0.772973 0
    outer loop
      vertex 8.21828 10.7103 3
      vertex 8.90117 10.1498 0
      vertex 8.21828 10.7103 0
    endloop
  endfacet
  facet normal 0.812884 0.582426 0
    outer loop
      vertex 11.2248 7.5002 3
      vertex 10.7103 8.21828 0
      vertex 10.7103 8.21828 3
    endloop
  endfacet
  facet normal 0.812884 0.582426 0
    outer loop
      vertex 10.7103 8.21828 0
      vertex 11.2248 7.5002 3
      vertex 11.2248 7.5002 0
    endloop
  endfacet
  facet normal 0.986644 0.16289 0
    outer loop
      vertex 13.3845 1.7621 3
      vertex 13.2406 2.63372 0
      vertex 13.2406 2.63372 3
    endloop
  endfacet
  facet normal 0.986644 0.16289 0
    outer loop
      vertex 13.2406 2.63372 0
      vertex 13.3845 1.7621 3
      vertex 13.3845 1.7621 0
    endloop
  endfacet
  facet normal -0.729883 -0.683572 0
    outer loop
      vertex -9.54594 -9.54594 0
      vertex -10.1498 -8.90117 3
      vertex -10.1498 -8.90117 0
    endloop
  endfacet
  facet normal -0.729883 -0.683572 0
    outer loop
      vertex -10.1498 -8.90117 3
      vertex -9.54594 -9.54594 0
      vertex -9.54594 -9.54594 3
    endloop
  endfacet
  facet normal 0.032714 0.999465 -0
    outer loop
      vertex 0.882942 13.4711 0
      vertex 0 13.5 3
      vertex 0.882942 13.4711 3
    endloop
  endfacet
  facet normal 0.032714 0.999465 0
    outer loop
      vertex 0 13.5 3
      vertex 0.882942 13.4711 0
      vertex 0 13.5 0
    endloop
  endfacet
  facet normal -0.582426 -0.812884 0
    outer loop
      vertex -8.21828 -10.7103 0
      vertex -7.5002 -11.2248 3
      vertex -8.21828 -10.7103 3
    endloop
  endfacet
  facet normal -0.582426 -0.812884 -0
    outer loop
      vertex -7.5002 -11.2248 3
      vertex -8.21828 -10.7103 0
      vertex -7.5002 -11.2248 0
    endloop
  endfacet
  facet normal -0.995184 -0.0980289 0
    outer loop
      vertex -13.3845 -1.7621 0
      vertex -13.4711 -0.882942 3
      vertex -13.4711 -0.882942 0
    endloop
  endfacet
  facet normal -0.995184 -0.0980289 0
    outer loop
      vertex -13.4711 -0.882942 3
      vertex -13.3845 -1.7621 0
      vertex -13.3845 -1.7621 3
    endloop
  endfacet
  facet normal -0.352264 -0.935901 0
    outer loop
      vertex -5.16623 -12.4724 0
      vertex -4.33943 -12.7836 3
      vertex -5.16623 -12.4724 3
    endloop
  endfacet
  facet normal -0.352264 -0.935901 -0
    outer loop
      vertex -4.33943 -12.7836 3
      vertex -5.16623 -12.4724 0
      vertex -4.33943 -12.7836 0
    endloop
  endfacet
  facet normal -0.772973 -0.634438 0
    outer loop
      vertex -10.1498 -8.90117 0
      vertex -10.7103 -8.21828 3
      vertex -10.7103 -8.21828 0
    endloop
  endfacet
  facet normal -0.772973 -0.634438 0
    outer loop
      vertex -10.7103 -8.21828 3
      vertex -10.1498 -8.90117 0
      vertex -10.1498 -8.90117 3
    endloop
  endfacet
  facet normal -0.471452 0.881892 0
    outer loop
      vertex -5.9709 12.1078 0
      vertex -6.75 11.6913 3
      vertex -5.9709 12.1078 3
    endloop
  endfacet
  facet normal -0.471452 0.881892 0
    outer loop
      vertex -6.75 11.6913 3
      vertex -5.9709 12.1078 0
      vertex -6.75 11.6913 0
    endloop
  endfacet
  facet normal 0.849204 -0.528064 0
    outer loop
      vertex 11.2248 -7.5002 3
      vertex 11.6913 -6.75 0
      vertex 11.6913 -6.75 3
    endloop
  endfacet
  facet normal 0.849204 -0.528064 0
    outer loop
      vertex 11.6913 -6.75 0
      vertex 11.2248 -7.5002 3
      vertex 11.2248 -7.5002 0
    endloop
  endfacet
  facet normal -0.812884 0.582426 0
    outer loop
      vertex -11.2248 7.5002 0
      vertex -10.7103 8.21828 3
      vertex -10.7103 8.21828 0
    endloop
  endfacet
  facet normal -0.812884 0.582426 0
    outer loop
      vertex -10.7103 8.21828 3
      vertex -11.2248 7.5002 0
      vertex -11.2248 7.5002 3
    endloop
  endfacet
  facet normal -0.935901 0.352264 0
    outer loop
      vertex -12.7836 4.33943 0
      vertex -12.4724 5.16623 3
      vertex -12.4724 5.16623 0
    endloop
  endfacet
  facet normal -0.935901 0.352264 0
    outer loop
      vertex -12.4724 5.16623 3
      vertex -12.7836 4.33943 0
      vertex -12.7836 4.33943 3
    endloop
  endfacet
  facet normal 0.91086 0.412715 0
    outer loop
      vertex 12.4724 5.16623 3
      vertex 12.1078 5.9709 0
      vertex 12.1078 5.9709 3
    endloop
  endfacet
  facet normal 0.91086 0.412715 0
    outer loop
      vertex 12.1078 5.9709 0
      vertex 12.4724 5.16623 3
      vertex 12.4724 5.16623 0
    endloop
  endfacet
  facet normal -0.290243 -0.956953 0
    outer loop
      vertex -4.33943 -12.7836 0
      vertex -3.49406 -13.04 3
      vertex -4.33943 -12.7836 3
    endloop
  endfacet
  facet normal -0.290243 -0.956953 -0
    outer loop
      vertex -3.49406 -13.04 3
      vertex -4.33943 -12.7836 0
      vertex -3.49406 -13.04 0
    endloop
  endfacet
  facet normal -0.683572 -0.729883 0
    outer loop
      vertex -9.54594 -9.54594 0
      vertex -8.90117 -10.1498 3
      vertex -9.54594 -9.54594 3
    endloop
  endfacet
  facet normal -0.683572 -0.729883 -0
    outer loop
      vertex -8.90117 -10.1498 3
      vertex -9.54594 -9.54594 0
      vertex -8.90117 -10.1498 0
    endloop
  endfacet
  facet normal 0 0 1
    outer loop
      vertex 2.25 0 3
      vertex 13.5 0 3
      vertex 13.4711 0.882942 3
    endloop
  endfacet
  facet normal 0 0 1
    outer loop
      vertex 2.25 0 3
      vertex 13.4711 0.882942 3
      vertex 13.3845 1.7621 3
    endloop
  endfacet
  facet normal 0 0 1
    outer loop
      vertex 13.5 0 3
      vertex 2.25 0 3
      vertex 13.4711 -0.882942 3
    endloop
  endfacet
  facet normal 0 0 1
    outer loop
      vertex 2.20677 0.438952 3
      vertex 13.3845 1.7621 3
      vertex 13.2406 2.63372 3
    endloop
  endfacet
  facet normal 0 0 1
    outer loop
      vertex 13.4711 -0.882942 3
      vertex 2.25 0 3
      vertex 13.3845 -1.7621 3
    endloop
  endfacet
  facet normal 0 0 1
    outer loop
      vertex 2.20677 0.438952 3
      vertex 13.2406 2.63372 3
      vertex 13.04 3.49406 3
    endloop
  endfacet
  facet normal -0 0 1
    outer loop
      vertex 2.20677 -0.438952 3
      vertex 13.3845 -1.7621 3
      vertex 2.25 0 3
    endloop
  endfacet
  facet normal 0 0 1
    outer loop
      vertex 2.20677 0.438952 3
      vertex 13.04 3.49406 3
      vertex 12.7836 4.33943 3
    endloop
  endfacet
  facet normal 0 0 1
    outer loop
      vertex 13.3845 -1.7621 3
      vertex 2.20677 -0.438952 3
      vertex 13.2406 -2.63372 3
    endloop
  endfacet
  facet normal 0 0 1
    outer loop
      vertex 2.07873 0.861037 3
      vertex 12.7836 4.33943 3
      vertex 12.4724 5.16623 3
    endloop
  endfacet
  facet normal 0 0 1
    outer loop
      vertex 13.2406 -2.63372 3
      vertex 2.20677 -0.438952 3
      vertex 13.04 -3.49406 3
    endloop
  endfacet
  facet normal 0 0 1
    outer loop
      vertex 2.07873 0.861037 3
      vertex 12.4724 5.16623 3
      vertex 12.1078 5.9709 3
    endloop
  endfacet
  facet normal 0 0 1
    outer loop
      vertex 13.04 -3.49406 3
      vertex 2.20677 -0.438952 3
      vertex 12.7836 -4.33943 3
    endloop
  endfacet
  facet normal 0 0 1
    outer loop
      vertex 2.07873 0.861037 3
      vertex 12.1078 5.9709 3
      vertex 11.6913 6.75 3
    endloop
  endfacet
  facet normal -0 0 1
    outer loop
      vertex 2.07873 -0.861037 3
      vertex 12.7836 -4.33943 3
      vertex 2.20677 -0.438952 3
    endloop
  endfacet
  facet normal 0 0 1
    outer loop
      vertex 1.87081 1.25003 3
      vertex 11.6913 6.75 3
      vertex 11.2248 7.5002 3
    endloop
  endfacet
  facet normal 0 0 1
    outer loop
      vertex 12.7836 -4.33943 3
      vertex 2.07873 -0.861037 3
      vertex 12.4724 -5.16623 3
    endloop
  endfacet
  facet normal 0 0 1
    outer loop
      vertex 1.87081 1.25003 3
      vertex 11.2248 7.5002 3
      vertex 10.7103 8.21828 3
    endloop
  endfacet
  facet normal 0 0 1
    outer loop
      vertex 12.4724 -5.16623 3
      vertex 2.07873 -0.861037 3
      vertex 12.1078 -5.9709 3
    endloop
  endfacet
  facet normal 0 0 1
    outer loop
      vertex 1.87081 1.25003 3
      vertex 10.7103 8.21828 3
      vertex 10.1498 8.90117 3
    endloop
  endfacet
  facet normal 0 0 1
    outer loop
      vertex 12.1078 -5.9709 3
      vertex 2.07873 -0.861037 3
      vertex 11.6913 -6.75 3
    endloop
  endfacet
  facet normal 0 0 1
    outer loop
      vertex 1.59099 1.59099 3
      vertex 10.1498 8.90117 3
      vertex 9.54594 9.54594 3
    endloop
  endfacet
  facet normal -0 0 1
    outer loop
      vertex 1.87081 -1.25003 3
      vertex 11.6913 -6.75 3
      vertex 2.07873 -0.861037 3
    endloop
  endfacet
  facet normal 0 0 1
    outer loop
      vertex 1.59099 1.59099 3
      vertex 9.54594 9.54594 3
      vertex 8.90117 10.1498 3
    endloop
  endfacet
  facet normal 0 0 1
    outer loop
      vertex 11.6913 -6.75 3
      vertex 1.87081 -1.25003 3
      vertex 11.2248 -7.5002 3
    endloop
  endfacet
  facet normal 0 0 1
    outer loop
      vertex 1.59099 1.59099 3
      vertex 8.90117 10.1498 3
      vertex 8.21828 10.7103 3
    endloop
  endfacet
  facet normal 0 0 1
    outer loop
      vertex 11.2248 -7.5002 3
      vertex 1.87081 -1.25003 3
      vertex 10.7103 -8.21828 3
    endloop
  endfacet
  facet normal 0 0 1
    outer loop
      vertex 1.25003 1.87081 3
      vertex 8.21828 10.7103 3
      vertex 7.5002 11.2248 3
    endloop
  endfacet
  facet normal 0 0 1
    outer loop
      vertex 10.7103 -8.21828 3
      vertex 1.87081 -1.25003 3
      vertex 10.1498 -8.90117 3
    endloop
  endfacet
  facet normal 0 0 1
    outer loop
      vertex 1.25003 1.87081 3
      vertex 7.5002 11.2248 3
      vertex 6.75 11.6913 3
    endloop
  endfacet
  facet normal -0 0 1
    outer loop
      vertex 1.59099 -1.59099 3
      vertex 10.1498 -8.90117 3
      vertex 1.87081 -1.25003 3
    endloop
  endfacet
  facet normal 0 0 1
    outer loop
      vertex 1.25003 1.87081 3
      vertex 6.75 11.6913 3
      vertex 5.9709 12.1078 3
    endloop
  endfacet
  facet normal 0 0 1
    outer loop
      vertex 10.1498 -8.90117 3
      vertex 1.59099 -1.59099 3
      vertex 9.54594 -9.54594 3
    endloop
  endfacet
  facet normal 0 0 1
    outer loop
      vertex 0.861037 2.07873 3
      vertex 5.9709 12.1078 3
      vertex 5.16623 12.4724 3
    endloop
  endfacet
  facet normal 0 0 1
    outer loop
      vertex 9.54594 -9.54594 3
      vertex 1.59099 -1.59099 3
      vertex 8.90117 -10.1498 3
    endloop
  endfacet
  facet normal 0 0 1
    outer loop
      vertex 0.861037 2.07873 3
      vertex 5.16623 12.4724 3
      vertex 4.33943 12.7836 3
    endloop
  endfacet
  facet normal 0 0 1
    outer loop
      vertex 8.90117 -10.1498 3
      vertex 1.59099 -1.59099 3
      vertex 8.21828 -10.7103 3
    endloop
  endfacet
  facet normal 0 0 1
    outer loop
      vertex 0.861037 2.07873 3
      vertex 4.33943 12.7836 3
      vertex 3.49406 13.04 3
    endloop
  endfacet
  facet normal -0 0 1
    outer loop
      vertex 1.25003 -1.87081 3
      vertex 8.21828 -10.7103 3
      vertex 1.59099 -1.59099 3
    endloop
  endfacet
  facet normal 0 0 1
    outer loop
      vertex 0.438952 2.20677 3
      vertex 3.49406 13.04 3
      vertex 2.63372 13.2406 3
    endloop
  endfacet
  facet normal 0 0 1
    outer loop
      vertex 8.21828 -10.7103 3
      vertex 1.25003 -1.87081 3
      vertex 7.5002 -11.2248 3
    endloop
  endfacet
  facet normal 0 0 1
    outer loop
      vertex 7.5002 -11.2248 3
      vertex 1.25003 -1.87081 3
      vertex 6.75 -11.6913 3
    endloop
  endfacet
  facet normal 0 0 1
    outer loop
      vertex 13.3845 1.7621 3
      vertex 2.20677 0.438952 3
      vertex 2.25 0 3
    endloop
  endfacet
  facet normal 0 0 1
    outer loop
      vertex 12.7836 4.33943 3
      vertex 2.07873 0.861037 3
      vertex 2.20677 0.438952 3
    endloop
  endfacet
  facet normal 0 0 1
    outer loop
      vertex 11.6913 6.75 3
      vertex 1.87081 1.25003 3
      vertex 2.07873 0.861037 3
    endloop
  endfacet
  facet normal 0 0 1
    outer loop
      vertex 0.438952 2.20677 3
      vertex 2.63372 13.2406 3
      vertex 1.7621 13.3845 3
    endloop
  endfacet
  facet normal 0 0 1
    outer loop
      vertex 10.1498 8.90117 3
      vertex 1.59099 1.59099 3
      vertex 1.87081 1.25003 3
    endloop
  endfacet
  facet normal 0 0 1
    outer loop
      vertex 8.21828 10.7103 3
      vertex 1.25003 1.87081 3
      vertex 1.59099 1.59099 3
    endloop
  endfacet
  facet normal 0 0 1
    outer loop
      vertex 0.438952 2.20677 3
      vertex 1.7621 13.3845 3
      vertex 0.882942 13.4711 3
    endloop
  endfacet
  facet normal 0 0 1
    outer loop
      vertex 5.9709 12.1078 3
      vertex 0.861037 2.07873 3
      vertex 1.25003 1.87081 3
    endloop
  endfacet
  facet normal 0 0 1
    outer loop
      vertex 3.49406 13.04 3
      vertex 0.438952 2.20677 3
      vertex 0.861037 2.07873 3
    endloop
  endfacet
  facet normal 0 0 1
    outer loop
      vertex 0 2.25 3
      vertex 0.882942 13.4711 3
      vertex 0 13.5 3
    endloop
  endfacet
  facet normal 0 0 1
    outer loop
      vertex 0.882942 13.4711 3
      vertex 0 2.25 3
      vertex 0.438952 2.20677 3
    endloop
  endfacet
  facet normal -0 0 1
    outer loop
      vertex -0.882942 13.4711 3
      vertex 0 2.25 3
      vertex 0 13.5 3
    endloop
  endfacet
  facet normal 0 0 1
    outer loop
      vertex 0 2.25 3
      vertex -0.882942 13.4711 3
      vertex -0.438952 2.20677 3
    endloop
  endfacet
  facet normal -0 0 1
    outer loop
      vertex -1.7621 13.3845 3
      vertex -0.438952 2.20677 3
      vertex -0.882942 13.4711 3
    endloop
  endfacet
  facet normal -0 0 1
    outer loop
      vertex -2.63372 13.2406 3
      vertex -0.438952 2.20677 3
      vertex -1.7621 13.3845 3
    endloop
  endfacet
  facet normal -0 0 1
    outer loop
      vertex -3.49406 13.04 3
      vertex -0.438952 2.20677 3
      vertex -2.63372 13.2406 3
    endloop
  endfacet
  facet normal 0 0 1
    outer loop
      vertex -0.438952 2.20677 3
      vertex -3.49406 13.04 3
      vertex -0.861037 2.07873 3
    endloop
  endfacet
  facet normal -0 0 1
    outer loop
      vertex -4.33943 12.7836 3
      vertex -0.861037 2.07873 3
      vertex -3.49406 13.04 3
    endloop
  endfacet
  facet normal -0 0 1
    outer loop
      vertex -5.16623 12.4724 3
      vertex -0.861037 2.07873 3
      vertex -4.33943 12.7836 3
    endloop
  endfacet
  facet normal -0 0 1
    outer loop
      vertex -5.9709 12.1078 3
      vertex -0.861037 2.07873 3
      vertex -5.16623 12.4724 3
    endloop
  endfacet
  facet normal 0 0 1
    outer loop
      vertex -0.861037 2.07873 3
      vertex -5.9709 12.1078 3
      vertex -1.25003 1.87081 3
    endloop
  endfacet
  facet normal -0 0 1
    outer loop
      vertex -6.75 11.6913 3
      vertex -1.25003 1.87081 3
      vertex -5.9709 12.1078 3
    endloop
  endfacet
  facet normal 0 0 1
    outer loop
      vertex 6.75 -11.6913 3
      vertex 1.25003 -1.87081 3
      vertex 5.9709 -12.1078 3
    endloop
  endfacet
  facet normal -0 0 1
    outer loop
      vertex 0.861037 -2.07873 3
      vertex 5.9709 -12.1078 3
      vertex 1.25003 -1.87081 3
    endloop
  endfacet
  facet normal 0 0 1
    outer loop
      vertex 5.9709 -12.1078 3
      vertex 0.861037 -2.07873 3
      vertex 5.16623 -12.4724 3
    endloop
  endfacet
  facet normal 0 0 1
    outer loop
      vertex 5.16623 -12.4724 3
      vertex 0.861037 -2.07873 3
      vertex 4.33943 -12.7836 3
    endloop
  endfacet
  facet normal 0 0 1
    outer loop
      vertex 4.33943 -12.7836 3
      vertex 0.861037 -2.07873 3
      vertex 3.49406 -13.04 3
    endloop
  endfacet
  facet normal -0 0 1
    outer loop
      vertex 0.438952 -2.20677 3
      vertex 3.49406 -13.04 3
      vertex 0.861037 -2.07873 3
    endloop
  endfacet
  facet normal 0 0 1
    outer loop
      vertex 3.49406 -13.04 3
      vertex 0.438952 -2.20677 3
      vertex 2.63372 -13.2406 3
    endloop
  endfacet
  facet normal 0 0 1
    outer loop
      vertex 2.63372 -13.2406 3
      vertex 0.438952 -2.20677 3
      vertex 1.7621 -13.3845 3
    endloop
  endfacet
  facet normal 0 0 1
    outer loop
      vertex 1.7621 -13.3845 3
      vertex 0.438952 -2.20677 3
      vertex 0.882942 -13.4711 3
    endloop
  endfacet
  facet normal -0 0 1
    outer loop
      vertex 0 -2.25 3
      vertex 0.882942 -13.4711 3
      vertex 0.438952 -2.20677 3
    endloop
  endfacet
  facet normal 0 0 1
    outer loop
      vertex 0 -2.25 3
      vertex 0 -13.5 3
      vertex 0.882942 -13.4711 3
    endloop
  endfacet
  facet normal 0 0 1
    outer loop
      vertex -0.882942 -13.4711 3
      vertex 0 -2.25 3
      vertex -0.438952 -2.20677 3
    endloop
  endfacet
  facet normal 0 0 1
    outer loop
      vertex -3.49406 -13.04 3
      vertex -0.438952 -2.20677 3
      vertex -0.861037 -2.07873 3
    endloop
  endfacet
  facet normal 0 0 1
    outer loop
      vertex 0 -2.25 3
      vertex -0.882942 -13.4711 3
      vertex 0 -13.5 3
    endloop
  endfacet
  facet normal 0 0 1
    outer loop
      vertex -5.9709 -12.1078 3
      vertex -0.861037 -2.07873 3
      vertex -1.25003 -1.87081 3
    endloop
  endfacet
  facet normal 0 0 1
    outer loop
      vertex -8.21828 -10.7103 3
      vertex -1.25003 -1.87081 3
      vertex -1.59099 -1.59099 3
    endloop
  endfacet
  facet normal 0 0 1
    outer loop
      vertex -0.438952 -2.20677 3
      vertex -1.7621 -13.3845 3
      vertex -0.882942 -13.4711 3
    endloop
  endfacet
  facet normal 0 0 1
    outer loop
      vertex -10.1498 -8.90117 3
      vertex -1.59099 -1.59099 3
      vertex -1.87081 -1.25003 3
    endloop
  endfacet
  facet normal 0 0 1
    outer loop
      vertex -11.6913 -6.75 3
      vertex -1.87081 -1.25003 3
      vertex -2.07873 -0.861037 3
    endloop
  endfacet
  facet normal 0 0 1
    outer loop
      vertex -12.7836 -4.33943 3
      vertex -2.07873 -0.861037 3
      vertex -2.20677 -0.438952 3
    endloop
  endfacet
  facet normal 0 0 1
    outer loop
      vertex -13.3845 -1.7621 3
      vertex -2.20677 -0.438952 3
      vertex -2.25 0 3
    endloop
  endfacet
  facet normal 0 0 1
    outer loop
      vertex -0.438952 -2.20677 3
      vertex -2.63372 -13.2406 3
      vertex -1.7621 -13.3845 3
    endloop
  endfacet
  facet normal -0 0 1
    outer loop
      vertex -7.5002 11.2248 3
      vertex -1.25003 1.87081 3
      vertex -6.75 11.6913 3
    endloop
  endfacet
  facet normal -0 0 1
    outer loop
      vertex -8.21828 10.7103 3
      vertex -1.25003 1.87081 3
      vertex -7.5002 11.2248 3
    endloop
  endfacet
  facet normal 0 0 1
    outer loop
      vertex -0.438952 -2.20677 3
      vertex -3.49406 -13.04 3
      vertex -2.63372 -13.2406 3
    endloop
  endfacet
  facet normal 0 0 1
    outer loop
      vertex -1.25003 1.87081 3
      vertex -8.21828 10.7103 3
      vertex -1.59099 1.59099 3
    endloop
  endfacet
  facet normal 0 0 1
    outer loop
      vertex -0.861037 -2.07873 3
      vertex -4.33943 -12.7836 3
      vertex -3.49406 -13.04 3
    endloop
  endfacet
  facet normal -0 0 1
    outer loop
      vertex -8.90117 10.1498 3
      vertex -1.59099 1.59099 3
      vertex -8.21828 10.7103 3
    endloop
  endfacet
  facet normal 0 0 1
    outer loop
      vertex -0.861037 -2.07873 3
      vertex -5.16623 -12.4724 3
      vertex -4.33943 -12.7836 3
    endloop
  endfacet
  facet normal -0 0 1
    outer loop
      vertex -9.54594 9.54594 3
      vertex -1.59099 1.59099 3
      vertex -8.90117 10.1498 3
    endloop
  endfacet
  facet normal 0 0 1
    outer loop
      vertex -0.861037 -2.07873 3
      vertex -5.9709 -12.1078 3
      vertex -5.16623 -12.4724 3
    endloop
  endfacet
  facet normal -0 0 1
    outer loop
      vertex -10.1498 8.90117 3
      vertex -1.59099 1.59099 3
      vertex -9.54594 9.54594 3
    endloop
  endfacet
  facet normal 0 0 1
    outer loop
      vertex -1.25003 -1.87081 3
      vertex -6.75 -11.6913 3
      vertex -5.9709 -12.1078 3
    endloop
  endfacet
  facet normal 0 0 1
    outer loop
      vertex -1.59099 1.59099 3
      vertex -10.1498 8.90117 3
      vertex -1.87081 1.25003 3
    endloop
  endfacet
  facet normal 0 0 1
    outer loop
      vertex -1.25003 -1.87081 3
      vertex -7.5002 -11.2248 3
      vertex -6.75 -11.6913 3
    endloop
  endfacet
  facet normal -0 0 1
    outer loop
      vertex -10.7103 8.21828 3
      vertex -1.87081 1.25003 3
      vertex -10.1498 8.90117 3
    endloop
  endfacet
  facet normal 0 0 1
    outer loop
      vertex -1.25003 -1.87081 3
      vertex -8.21828 -10.7103 3
      vertex -7.5002 -11.2248 3
    endloop
  endfacet
  facet normal -0 0 1
    outer loop
      vertex -11.2248 7.5002 3
      vertex -1.87081 1.25003 3
      vertex -10.7103 8.21828 3
    endloop
  endfacet
  facet normal 0 0 1
    outer loop
      vertex -1.59099 -1.59099 3
      vertex -8.90117 -10.1498 3
      vertex -8.21828 -10.7103 3
    endloop
  endfacet
  facet normal -0 0 1
    outer loop
      vertex -11.6913 6.75 3
      vertex -1.87081 1.25003 3
      vertex -11.2248 7.5002 3
    endloop
  endfacet
  facet normal 0 0 1
    outer loop
      vertex -1.59099 -1.59099 3
      vertex -9.54594 -9.54594 3
      vertex -8.90117 -10.1498 3
    endloop
  endfacet
  facet normal 0 0 1
    outer loop
      vertex -1.87081 1.25003 3
      vertex -11.6913 6.75 3
      vertex -2.07873 0.861037 3
    endloop
  endfacet
  facet normal 0 0 1
    outer loop
      vertex -1.59099 -1.59099 3
      vertex -10.1498 -8.90117 3
      vertex -9.54594 -9.54594 3
    endloop
  endfacet
  facet normal -0 0 1
    outer loop
      vertex -12.1078 5.9709 3
      vertex -2.07873 0.861037 3
      vertex -11.6913 6.75 3
    endloop
  endfacet
  facet normal 0 0 1
    outer loop
      vertex -1.87081 -1.25003 3
      vertex -10.7103 -8.21828 3
      vertex -10.1498 -8.90117 3
    endloop
  endfacet
  facet normal -0 0 1
    outer loop
      vertex -12.4724 5.16623 3
      vertex -2.07873 0.861037 3
      vertex -12.1078 5.9709 3
    endloop
  endfacet
  facet normal 0 0 1
    outer loop
      vertex -1.87081 -1.25003 3
      vertex -11.2248 -7.5002 3
      vertex -10.7103 -8.21828 3
    endloop
  endfacet
  facet normal -0 0 1
    outer loop
      vertex -12.7836 4.33943 3
      vertex -2.07873 0.861037 3
      vertex -12.4724 5.16623 3
    endloop
  endfacet
  facet normal 0 0 1
    outer loop
      vertex -1.87081 -1.25003 3
      vertex -11.6913 -6.75 3
      vertex -11.2248 -7.5002 3
    endloop
  endfacet
  facet normal 0 0 1
    outer loop
      vertex -2.07873 0.861037 3
      vertex -12.7836 4.33943 3
      vertex -2.20677 0.438952 3
    endloop
  endfacet
  facet normal 0 0 1
    outer loop
      vertex -2.07873 -0.861037 3
      vertex -12.1078 -5.9709 3
      vertex -11.6913 -6.75 3
    endloop
  endfacet
  facet normal -0 0 1
    outer loop
      vertex -13.04 3.49406 3
      vertex -2.20677 0.438952 3
      vertex -12.7836 4.33943 3
    endloop
  endfacet
  facet normal 0 0 1
    outer loop
      vertex -2.07873 -0.861037 3
      vertex -12.4724 -5.16623 3
      vertex -12.1078 -5.9709 3
    endloop
  endfacet
  facet normal -0 0 1
    outer loop
      vertex -13.2406 2.63372 3
      vertex -2.20677 0.438952 3
      vertex -13.04 3.49406 3
    endloop
  endfacet
  facet normal 0 0 1
    outer loop
      vertex -2.07873 -0.861037 3
      vertex -12.7836 -4.33943 3
      vertex -12.4724 -5.16623 3
    endloop
  endfacet
  facet normal -0 0 1
    outer loop
      vertex -13.3845 1.7621 3
      vertex -2.20677 0.438952 3
      vertex -13.2406 2.63372 3
    endloop
  endfacet
  facet normal 0 0 1
    outer loop
      vertex -2.20677 -0.438952 3
      vertex -13.04 -3.49406 3
      vertex -12.7836 -4.33943 3
    endloop
  endfacet
  facet normal 0 0 1
    outer loop
      vertex -2.20677 0.438952 3
      vertex -13.3845 1.7621 3
      vertex -2.25 0 3
    endloop
  endfacet
  facet normal 0 0 1
    outer loop
      vertex -2.20677 -0.438952 3
      vertex -13.2406 -2.63372 3
      vertex -13.04 -3.49406 3
    endloop
  endfacet
  facet normal -0 0 1
    outer loop
      vertex -13.4711 0.882942 3
      vertex -2.25 0 3
      vertex -13.3845 1.7621 3
    endloop
  endfacet
  facet normal 0 0 1
    outer loop
      vertex -2.20677 -0.438952 3
      vertex -13.3845 -1.7621 3
      vertex -13.2406 -2.63372 3
    endloop
  endfacet
  facet normal 0 0 1
    outer loop
      vertex -13.5 0 3
      vertex -2.25 0 3
      vertex -13.4711 0.882942 3
    endloop
  endfacet
  facet normal 0 0 1
    outer loop
      vertex -2.25 0 3
      vertex -13.4711 -0.882942 3
      vertex -13.3845 -1.7621 3
    endloop
  endfacet
  facet normal 0 0 1
    outer loop
      vertex -2.25 0 3
      vertex -13.5 0 3
      vertex -13.4711 -0.882942 3
    endloop
  endfacet
  facet normal 0 0 -1
    outer loop
      vertex 2.25 0 0
      vertex 13.5 0 0
      vertex 13.4711 -0.882942 0
    endloop
  endfacet
  facet normal 0 0 -1
    outer loop
      vertex 2.25 0 0
      vertex 13.4711 -0.882942 0
      vertex 13.3845 -1.7621 0
    endloop
  endfacet
  facet normal 0 0 -1
    outer loop
      vertex 13.5 0 0
      vertex 2.25 0 0
      vertex 13.4711 0.882942 0
    endloop
  endfacet
  facet normal 0 0 -1
    outer loop
      vertex 2.20677 -0.438952 0
      vertex 13.3845 -1.7621 0
      vertex 13.2406 -2.63372 0
    endloop
  endfacet
  facet normal -0 0 -1
    outer loop
      vertex 13.4711 0.882942 0
      vertex 2.25 0 0
      vertex 13.3845 1.7621 0
    endloop
  endfacet
  facet normal 0 0 -1
    outer loop
      vertex 2.20677 -0.438952 0
      vertex 13.2406 -2.63372 0
      vertex 13.04 -3.49406 0
    endloop
  endfacet
  facet normal 0 0 -1
    outer loop
      vertex 2.20677 0.438952 0
      vertex 13.3845 1.7621 0
      vertex 2.25 0 0
    endloop
  endfacet
  facet normal 0 0 -1
    outer loop
      vertex 2.20677 -0.438952 0
      vertex 13.04 -3.49406 0
      vertex 12.7836 -4.33943 0
    endloop
  endfacet
  facet normal -0 0 -1
    outer loop
      vertex 13.3845 1.7621 0
      vertex 2.20677 0.438952 0
      vertex 13.2406 2.63372 0
    endloop
  endfacet
  facet normal 0 0 -1
    outer loop
      vertex 2.07873 -0.861037 0
      vertex 12.7836 -4.33943 0
      vertex 12.4724 -5.16623 0
    endloop
  endfacet
  facet normal -0 0 -1
    outer loop
      vertex 13.2406 2.63372 0
      vertex 2.20677 0.438952 0
      vertex 13.04 3.49406 0
    endloop
  endfacet
  facet normal 0 0 -1
    outer loop
      vertex 2.07873 -0.861037 0
      vertex 12.4724 -5.16623 0
      vertex 12.1078 -5.9709 0
    endloop
  endfacet
  facet normal -0 0 -1
    outer loop
      vertex 13.04 3.49406 0
      vertex 2.20677 0.438952 0
      vertex 12.7836 4.33943 0
    endloop
  endfacet
  facet normal 0 0 -1
    outer loop
      vertex 2.07873 -0.861037 0
      vertex 12.1078 -5.9709 0
      vertex 11.6913 -6.75 0
    endloop
  endfacet
  facet normal 0 0 -1
    outer loop
      vertex 2.07873 0.861037 0
      vertex 12.7836 4.33943 0
      vertex 2.20677 0.438952 0
    endloop
  endfacet
  facet normal 0 0 -1
    outer loop
      vertex 1.87081 -1.25003 0
      vertex 11.6913 -6.75 0
      vertex 11.2248 -7.5002 0
    endloop
  endfacet
  facet normal -0 0 -1
    outer loop
      vertex 12.7836 4.33943 0
      vertex 2.07873 0.861037 0
      vertex 12.4724 5.16623 0
    endloop
  endfacet
  facet normal 0 0 -1
    outer loop
      vertex 1.87081 -1.25003 0
      vertex 11.2248 -7.5002 0
      vertex 10.7103 -8.21828 0
    endloop
  endfacet
  facet normal -0 0 -1
    outer loop
      vertex 12.4724 5.16623 0
      vertex 2.07873 0.861037 0
      vertex 12.1078 5.9709 0
    endloop
  endfacet
  facet normal 0 0 -1
    outer loop
      vertex 1.87081 -1.25003 0
      vertex 10.7103 -8.21828 0
      vertex 10.1498 -8.90117 0
    endloop
  endfacet
  facet normal -0 0 -1
    outer loop
      vertex 12.1078 5.9709 0
      vertex 2.07873 0.861037 0
      vertex 11.6913 6.75 0
    endloop
  endfacet
  facet normal 0 0 -1
    outer loop
      vertex 1.59099 -1.59099 0
      vertex 10.1498 -8.90117 0
      vertex 9.54594 -9.54594 0
    endloop
  endfacet
  facet normal 0 0 -1
    outer loop
      vertex 1.87081 1.25003 0
      vertex 11.6913 6.75 0
      vertex 2.07873 0.861037 0
    endloop
  endfacet
  facet normal 0 0 -1
    outer loop
      vertex 1.59099 -1.59099 0
      vertex 9.54594 -9.54594 0
      vertex 8.90117 -10.1498 0
    endloop
  endfacet
  facet normal -0 0 -1
    outer loop
      vertex 11.6913 6.75 0
      vertex 1.87081 1.25003 0
      vertex 11.2248 7.5002 0
    endloop
  endfacet
  facet normal 0 0 -1
    outer loop
      vertex 1.59099 -1.59099 0
      vertex 8.90117 -10.1498 0
      vertex 8.21828 -10.7103 0
    endloop
  endfacet
  facet normal -0 0 -1
    outer loop
      vertex 11.2248 7.5002 0
      vertex 1.87081 1.25003 0
      vertex 10.7103 8.21828 0
    endloop
  endfacet
  facet normal 0 0 -1
    outer loop
      vertex 1.25003 -1.87081 0
      vertex 8.21828 -10.7103 0
      vertex 7.5002 -11.2248 0
    endloop
  endfacet
  facet normal -0 0 -1
    outer loop
      vertex 10.7103 8.21828 0
      vertex 1.87081 1.25003 0
      vertex 10.1498 8.90117 0
    endloop
  endfacet
  facet normal 0 0 -1
    outer loop
      vertex 1.25003 -1.87081 0
      vertex 7.5002 -11.2248 0
      vertex 6.75 -11.6913 0
    endloop
  endfacet
  facet normal 0 0 -1
    outer loop
      vertex 1.59099 1.59099 0
      vertex 10.1498 8.90117 0
      vertex 1.87081 1.25003 0
    endloop
  endfacet
  facet normal 0 0 -1
    outer loop
      vertex 1.25003 -1.87081 0
      vertex 6.75 -11.6913 0
      vertex 5.9709 -12.1078 0
    endloop
  endfacet
  facet normal -0 0 -1
    outer loop
      vertex 10.1498 8.90117 0
      vertex 1.59099 1.59099 0
      vertex 9.54594 9.54594 0
    endloop
  endfacet
  facet normal 0 0 -1
    outer loop
      vertex 0.861037 -2.07873 0
      vertex 5.9709 -12.1078 0
      vertex 5.16623 -12.4724 0
    endloop
  endfacet
  facet normal -0 0 -1
    outer loop
      vertex 9.54594 9.54594 0
      vertex 1.59099 1.59099 0
      vertex 8.90117 10.1498 0
    endloop
  endfacet
  facet normal 0 0 -1
    outer loop
      vertex 0.861037 -2.07873 0
      vertex 5.16623 -12.4724 0
      vertex 4.33943 -12.7836 0
    endloop
  endfacet
  facet normal -0 0 -1
    outer loop
      vertex 8.90117 10.1498 0
      vertex 1.59099 1.59099 0
      vertex 8.21828 10.7103 0
    endloop
  endfacet
  facet normal 0 0 -1
    outer loop
      vertex 0.861037 -2.07873 0
      vertex 4.33943 -12.7836 0
      vertex 3.49406 -13.04 0
    endloop
  endfacet
  facet normal 0 0 -1
    outer loop
      vertex 1.25003 1.87081 0
      vertex 8.21828 10.7103 0
      vertex 1.59099 1.59099 0
    endloop
  endfacet
  facet normal 0 0 -1
    outer loop
      vertex 0.438952 -2.20677 0
      vertex 3.49406 -13.04 0
      vertex 2.63372 -13.2406 0
    endloop
  endfacet
  facet normal -0 0 -1
    outer loop
      vertex 8.21828 10.7103 0
      vertex 1.25003 1.87081 0
      vertex 7.5002 11.2248 0
    endloop
  endfacet
  facet normal -0 0 -1
    outer loop
      vertex 7.5002 11.2248 0
      vertex 1.25003 1.87081 0
      vertex 6.75 11.6913 0
    endloop
  endfacet
  facet normal 0 0 -1
    outer loop
      vertex 13.3845 -1.7621 0
      vertex 2.20677 -0.438952 0
      vertex 2.25 0 0
    endloop
  endfacet
  facet normal 0 0 -1
    outer loop
      vertex 12.7836 -4.33943 0
      vertex 2.07873 -0.861037 0
      vertex 2.20677 -0.438952 0
    endloop
  endfacet
  facet normal 0 0 -1
    outer loop
      vertex 11.6913 -6.75 0
      vertex 1.87081 -1.25003 0
      vertex 2.07873 -0.861037 0
    endloop
  endfacet
  facet normal 0 0 -1
    outer loop
      vertex 0.438952 -2.20677 0
      vertex 2.63372 -13.2406 0
      vertex 1.7621 -13.3845 0
    endloop
  endfacet
  facet normal 0 0 -1
    outer loop
      vertex 10.1498 -8.90117 0
      vertex 1.59099 -1.59099 0
      vertex 1.87081 -1.25003 0
    endloop
  endfacet
  facet normal 0 0 -1
    outer loop
      vertex 8.21828 -10.7103 0
      vertex 1.25003 -1.87081 0
      vertex 1.59099 -1.59099 0
    endloop
  endfacet
  facet normal 0 0 -1
    outer loop
      vertex 0.438952 -2.20677 0
      vertex 1.7621 -13.3845 0
      vertex 0.882942 -13.4711 0
    endloop
  endfacet
  facet normal 0 0 -1
    outer loop
      vertex 5.9709 -12.1078 0
      vertex 0.861037 -2.07873 0
      vertex 1.25003 -1.87081 0
    endloop
  endfacet
  facet normal 0 0 -1
    outer loop
      vertex 3.49406 -13.04 0
      vertex 0.438952 -2.20677 0
      vertex 0.861037 -2.07873 0
    endloop
  endfacet
  facet normal 0 0 -1
    outer loop
      vertex 0 -2.25 0
      vertex 0.882942 -13.4711 0
      vertex 0 -13.5 0
    endloop
  endfacet
  facet normal 0 0 -1
    outer loop
      vertex 0.882942 -13.4711 0
      vertex 0 -2.25 0
      vertex 0.438952 -2.20677 0
    endloop
  endfacet
  facet normal 0 0 -1
    outer loop
      vertex -0.882942 -13.4711 0
      vertex 0 -2.25 0
      vertex 0 -13.5 0
    endloop
  endfacet
  facet normal -0 0 -1
    outer loop
      vertex 0 -2.25 0
      vertex -0.882942 -13.4711 0
      vertex -0.438952 -2.20677 0
    endloop
  endfacet
  facet normal 0 0 -1
    outer loop
      vertex -1.7621 -13.3845 0
      vertex -0.438952 -2.20677 0
      vertex -0.882942 -13.4711 0
    endloop
  endfacet
  facet normal 0 0 -1
    outer loop
      vertex -2.63372 -13.2406 0
      vertex -0.438952 -2.20677 0
      vertex -1.7621 -13.3845 0
    endloop
  endfacet
  facet normal 0 0 -1
    outer loop
      vertex -3.49406 -13.04 0
      vertex -0.438952 -2.20677 0
      vertex -2.63372 -13.2406 0
    endloop
  endfacet
  facet normal -0 0 -1
    outer loop
      vertex -0.438952 -2.20677 0
      vertex -3.49406 -13.04 0
      vertex -0.861037 -2.07873 0
    endloop
  endfacet
  facet normal 0 0 -1
    outer loop
      vertex -4.33943 -12.7836 0
      vertex -0.861037 -2.07873 0
      vertex -3.49406 -13.04 0
    endloop
  endfacet
  facet normal 0 0 -1
    outer loop
      vertex -5.16623 -12.4724 0
      vertex -0.861037 -2.07873 0
      vertex -4.33943 -12.7836 0
    endloop
  endfacet
  facet normal 0 0 -1
    outer loop
      vertex -5.9709 -12.1078 0
      vertex -0.861037 -2.07873 0
      vertex -5.16623 -12.4724 0
    endloop
  endfacet
  facet normal -0 0 -1
    outer loop
      vertex -0.861037 -2.07873 0
      vertex -5.9709 -12.1078 0
      vertex -1.25003 -1.87081 0
    endloop
  endfacet
  facet normal 0 0 -1
    outer loop
      vertex -6.75 -11.6913 0
      vertex -1.25003 -1.87081 0
      vertex -5.9709 -12.1078 0
    endloop
  endfacet
  facet normal -0 0 -1
    outer loop
      vertex 6.75 11.6913 0
      vertex 1.25003 1.87081 0
      vertex 5.9709 12.1078 0
    endloop
  endfacet
  facet normal 0 0 -1
    outer loop
      vertex 0.861037 2.07873 0
      vertex 5.9709 12.1078 0
      vertex 1.25003 1.87081 0
    endloop
  endfacet
  facet normal -0 0 -1
    outer loop
      vertex 5.9709 12.1078 0
      vertex 0.861037 2.07873 0
      vertex 5.16623 12.4724 0
    endloop
  endfacet
  facet normal -0 0 -1
    outer loop
      vertex 5.16623 12.4724 0
      vertex 0.861037 2.07873 0
      vertex 4.33943 12.7836 0
    endloop
  endfacet
  facet normal -0 0 -1
    outer loop
      vertex 4.33943 12.7836 0
      vertex 0.861037 2.07873 0
      vertex 3.49406 13.04 0
    endloop
  endfacet
  facet normal 0 0 -1
    outer loop
      vertex 0.438952 2.20677 0
      vertex 3.49406 13.04 0
      vertex 0.861037 2.07873 0
    endloop
  endfacet
  facet normal -0 0 -1
    outer loop
      vertex 3.49406 13.04 0
      vertex 0.438952 2.20677 0
      vertex 2.63372 13.2406 0
    endloop
  endfacet
  facet normal -0 0 -1
    outer loop
      vertex 2.63372 13.2406 0
      vertex 0.438952 2.20677 0
      vertex 1.7621 13.3845 0
    endloop
  endfacet
  facet normal -0 0 -1
    outer loop
      vertex 1.7621 13.3845 0
      vertex 0.438952 2.20677 0
      vertex 0.882942 13.4711 0
    endloop
  endfacet
  facet normal 0 0 -1
    outer loop
      vertex 0 2.25 0
      vertex 0.882942 13.4711 0
      vertex 0.438952 2.20677 0
    endloop
  endfacet
  facet normal 0 0 -1
    outer loop
      vertex 0 2.25 0
      vertex 0 13.5 0
      vertex 0.882942 13.4711 0
    endloop
  endfacet
  facet normal 0 0 -1
    outer loop
      vertex -0.882942 13.4711 0
      vertex 0 2.25 0
      vertex -0.438952 2.20677 0
    endloop
  endfacet
  facet normal 0 0 -1
    outer loop
      vertex -3.49406 13.04 0
      vertex -0.438952 2.20677 0
      vertex -0.861037 2.07873 0
    endloop
  endfacet
  facet normal 0 0 -1
    outer loop
      vertex 0 2.25 0
      vertex -0.882942 13.4711 0
      vertex 0 13.5 0
    endloop
  endfacet
  facet normal 0 0 -1
    outer loop
      vertex -5.9709 12.1078 0
      vertex -0.861037 2.07873 0
      vertex -1.25003 1.87081 0
    endloop
  endfacet
  facet normal 0 0 -1
    outer loop
      vertex -8.21828 10.7103 0
      vertex -1.25003 1.87081 0
      vertex -1.59099 1.59099 0
    endloop
  endfacet
  facet normal 0 0 -1
    outer loop
      vertex -0.438952 2.20677 0
      vertex -1.7621 13.3845 0
      vertex -0.882942 13.4711 0
    endloop
  endfacet
  facet normal 0 0 -1
    outer loop
      vertex -10.1498 8.90117 0
      vertex -1.59099 1.59099 0
      vertex -1.87081 1.25003 0
    endloop
  endfacet
  facet normal 0 0 -1
    outer loop
      vertex -11.6913 6.75 0
      vertex -1.87081 1.25003 0
      vertex -2.07873 0.861037 0
    endloop
  endfacet
  facet normal 0 0 -1
    outer loop
      vertex -12.7836 4.33943 0
      vertex -2.07873 0.861037 0
      vertex -2.20677 0.438952 0
    endloop
  endfacet
  facet normal 0 0 -1
    outer loop
      vertex -13.3845 1.7621 0
      vertex -2.20677 0.438952 0
      vertex -2.25 0 0
    endloop
  endfacet
  facet normal 0 0 -1
    outer loop
      vertex -0.438952 2.20677 0
      vertex -2.63372 13.2406 0
      vertex -1.7621 13.3845 0
    endloop
  endfacet
  facet normal 0 0 -1
    outer loop
      vertex -7.5002 -11.2248 0
      vertex -1.25003 -1.87081 0
      vertex -6.75 -11.6913 0
    endloop
  endfacet
  facet normal 0 0 -1
    outer loop
      vertex -8.21828 -10.7103 0
      vertex -1.25003 -1.87081 0
      vertex -7.5002 -11.2248 0
    endloop
  endfacet
  facet normal 0 0 -1
    outer loop
      vertex -0.438952 2.20677 0
      vertex -3.49406 13.04 0
      vertex -2.63372 13.2406 0
    endloop
  endfacet
  facet normal -0 0 -1
    outer loop
      vertex -1.25003 -1.87081 0
      vertex -8.21828 -10.7103 0
      vertex -1.59099 -1.59099 0
    endloop
  endfacet
  facet normal 0 0 -1
    outer loop
      vertex -0.861037 2.07873 0
      vertex -4.33943 12.7836 0
      vertex -3.49406 13.04 0
    endloop
  endfacet
  facet normal 0 0 -1
    outer loop
      vertex -8.90117 -10.1498 0
      vertex -1.59099 -1.59099 0
      vertex -8.21828 -10.7103 0
    endloop
  endfacet
  facet normal 0 0 -1
    outer loop
      vertex -0.861037 2.07873 0
      vertex -5.16623 12.4724 0
      vertex -4.33943 12.7836 0
    endloop
  endfacet
  facet normal 0 0 -1
    outer loop
      vertex -9.54594 -9.54594 0
      vertex -1.59099 -1.59099 0
      vertex -8.90117 -10.1498 0
    endloop
  endfacet
  facet normal 0 0 -1
    outer loop
      vertex -0.861037 2.07873 0
      vertex -5.9709 12.1078 0
      vertex -5.16623 12.4724 0
    endloop
  endfacet
  facet normal 0 0 -1
    outer loop
      vertex -10.1498 -8.90117 0
      vertex -1.59099 -1.59099 0
      vertex -9.54594 -9.54594 0
    endloop
  endfacet
  facet normal 0 0 -1
    outer loop
      vertex -1.25003 1.87081 0
      vertex -6.75 11.6913 0
      vertex -5.9709 12.1078 0
    endloop
  endfacet
  facet normal -0 0 -1
    outer loop
      vertex -1.59099 -1.59099 0
      vertex -10.1498 -8.90117 0
      vertex -1.87081 -1.25003 0
    endloop
  endfacet
  facet normal 0 0 -1
    outer loop
      vertex -1.25003 1.87081 0
      vertex -7.5002 11.2248 0
      vertex -6.75 11.6913 0
    endloop
  endfacet
  facet normal 0 0 -1
    outer loop
      vertex -10.7103 -8.21828 0
      vertex -1.87081 -1.25003 0
      vertex -10.1498 -8.90117 0
    endloop
  endfacet
  facet normal 0 0 -1
    outer loop
      vertex -1.25003 1.87081 0
      vertex -8.21828 10.7103 0
      vertex -7.5002 11.2248 0
    endloop
  endfacet
  facet normal 0 0 -1
    outer loop
      vertex -11.2248 -7.5002 0
      vertex -1.87081 -1.25003 0
      vertex -10.7103 -8.21828 0
    endloop
  endfacet
  facet normal 0 0 -1
    outer loop
      vertex -1.59099 1.59099 0
      vertex -8.90117 10.1498 0
      vertex -8.21828 10.7103 0
    endloop
  endfacet
  facet normal 0 0 -1
    outer loop
      vertex -11.6913 -6.75 0
      vertex -1.87081 -1.25003 0
      vertex -11.2248 -7.5002 0
    endloop
  endfacet
  facet normal 0 0 -1
    outer loop
      vertex -1.59099 1.59099 0
      vertex -9.54594 9.54594 0
      vertex -8.90117 10.1498 0
    endloop
  endfacet
  facet normal -0 0 -1
    outer loop
      vertex -1.87081 -1.25003 0
      vertex -11.6913 -6.75 0
      vertex -2.07873 -0.861037 0
    endloop
  endfacet
  facet normal 0 0 -1
    outer loop
      vertex -1.59099 1.59099 0
      vertex -10.1498 8.90117 0
      vertex -9.54594 9.54594 0
    endloop
  endfacet
  facet normal 0 0 -1
    outer loop
      vertex -12.1078 -5.9709 0
      vertex -2.07873 -0.861037 0
      vertex -11.6913 -6.75 0
    endloop
  endfacet
  facet normal 0 0 -1
    outer loop
      vertex -1.87081 1.25003 0
      vertex -10.7103 8.21828 0
      vertex -10.1498 8.90117 0
    endloop
  endfacet
  facet normal 0 0 -1
    outer loop
      vertex -12.4724 -5.16623 0
      vertex -2.07873 -0.861037 0
      vertex -12.1078 -5.9709 0
    endloop
  endfacet
  facet normal 0 0 -1
    outer loop
      vertex -1.87081 1.25003 0
      vertex -11.2248 7.5002 0
      vertex -10.7103 8.21828 0
    endloop
  endfacet
  facet normal 0 0 -1
    outer loop
      vertex -12.7836 -4.33943 0
      vertex -2.07873 -0.861037 0
      vertex -12.4724 -5.16623 0
    endloop
  endfacet
  facet normal 0 0 -1
    outer loop
      vertex -1.87081 1.25003 0
      vertex -11.6913 6.75 0
      vertex -11.2248 7.5002 0
    endloop
  endfacet
  facet normal -0 0 -1
    outer loop
      vertex -2.07873 -0.861037 0
      vertex -12.7836 -4.33943 0
      vertex -2.20677 -0.438952 0
    endloop
  endfacet
  facet normal 0 0 -1
    outer loop
      vertex -2.07873 0.861037 0
      vertex -12.1078 5.9709 0
      vertex -11.6913 6.75 0
    endloop
  endfacet
  facet normal 0 0 -1
    outer loop
      vertex -13.04 -3.49406 0
      vertex -2.20677 -0.438952 0
      vertex -12.7836 -4.33943 0
    endloop
  endfacet
  facet normal 0 0 -1
    outer loop
      vertex -2.07873 0.861037 0
      vertex -12.4724 5.16623 0
      vertex -12.1078 5.9709 0
    endloop
  endfacet
  facet normal 0 0 -1
    outer loop
      vertex -13.2406 -2.63372 0
      vertex -2.20677 -0.438952 0
      vertex -13.04 -3.49406 0
    endloop
  endfacet
  facet normal 0 0 -1
    outer loop
      vertex -2.07873 0.861037 0
      vertex -12.7836 4.33943 0
      vertex -12.4724 5.16623 0
    endloop
  endfacet
  facet normal 0 0 -1
    outer loop
      vertex -13.3845 -1.7621 0
      vertex -2.20677 -0.438952 0
      vertex -13.2406 -2.63372 0
    endloop
  endfacet
  facet normal 0 0 -1
    outer loop
      vertex -2.20677 0.438952 0
      vertex -13.04 3.49406 0
      vertex -12.7836 4.33943 0
    endloop
  endfacet
  facet normal -0 0 -1
    outer loop
      vertex -2.20677 -0.438952 0
      vertex -13.3845 -1.7621 0
      vertex -2.25 0 0
    endloop
  endfacet
  facet normal 0 0 -1
    outer loop
      vertex -2.20677 0.438952 0
      vertex -13.2406 2.63372 0
      vertex -13.04 3.49406 0
    endloop
  endfacet
  facet normal 0 0 -1
    outer loop
      vertex -13.4711 -0.882942 0
      vertex -2.25 0 0
      vertex -13.3845 -1.7621 0
    endloop
  endfacet
  facet normal 0 0 -1
    outer loop
      vertex -2.20677 0.438952 0
      vertex -13.3845 1.7621 0
      vertex -13.2406 2.63372 0
    endloop
  endfacet
  facet normal 0 0 -1
    outer loop
      vertex -13.5 0 0
      vertex -2.25 0 0
      vertex -13.4711 -0.882942 0
    endloop
  endfacet
  facet normal 0 0 -1
    outer loop
      vertex -2.25 0 0
      vertex -13.4711 0.882942 0
      vertex -13.3845 1.7621 0
    endloop
  endfacet
  facet normal 0 0 -1
    outer loop
      vertex -2.25 0 0
      vertex -13.5 0 0
      vertex -13.4711 0.882942 0
    endloop
  endfacet
  facet normal -0.995184 0.0980289 0
    outer loop
      vertex -13.4711 0.882942 0
      vertex -13.3845 1.7621 3
      vertex -13.3845 1.7621 0
    endloop
  endfacet
  facet normal -0.995184 0.0980289 0
    outer loop
      vertex -13.3845 1.7621 3
      vertex -13.4711 0.882942 0
      vertex -13.4711 0.882942 3
    endloop
  endfacet
  facet normal -0.881892 -0.471452 0
    outer loop
      vertex -11.6913 -6.75 0
      vertex -12.1078 -5.9709 3
      vertex -12.1078 -5.9709 0
    endloop
  endfacet
  facet normal -0.881892 -0.471452 0
    outer loop
      vertex -12.1078 -5.9709 3
      vertex -11.6913 -6.75 0
      vertex -11.6913 -6.75 3
    endloop
  endfacet
  facet normal -0.999465 0.032714 0
    outer loop
      vertex -13.5 0 0
      vertex -13.4711 0.882942 3
      vertex -13.4711 0.882942 0
    endloop
  endfacet
  facet normal -0.999465 0.032714 0
    outer loop
      vertex -13.4711 0.882942 3
      vertex -13.5 0 0
      vertex -13.5 0 3
    endloop
  endfacet
  facet normal -0.528064 -0.849204 0
    outer loop
      vertex -7.5002 -11.2248 0
      vertex -6.75 -11.6913 3
      vertex -7.5002 -11.2248 3
    endloop
  endfacet
  facet normal -0.528064 -0.849204 -0
    outer loop
      vertex -6.75 -11.6913 3
      vertex -7.5002 -11.2248 0
      vertex -6.75 -11.6913 0
    endloop
  endfacet
  facet normal -0.849204 0.528064 0
    outer loop
      vertex -11.6913 6.75 0
      vertex -11.2248 7.5002 3
      vertex -11.2248 7.5002 0
    endloop
  endfacet
  facet normal -0.849204 0.528064 0
    outer loop
      vertex -11.2248 7.5002 3
      vertex -11.6913 6.75 0
      vertex -11.6913 6.75 3
    endloop
  endfacet
  facet normal -0.412715 -0.91086 0
    outer loop
      vertex -5.9709 -12.1078 0
      vertex -5.16623 -12.4724 3
      vertex -5.9709 -12.1078 3
    endloop
  endfacet
  facet normal -0.412715 -0.91086 -0
    outer loop
      vertex -5.16623 -12.4724 3
      vertex -5.9709 -12.1078 0
      vertex -5.16623 -12.4724 0
    endloop
  endfacet
  facet normal -0.881922 -0.471395 0
    outer loop
      vertex 2.07873 0.861037 0
      vertex 1.87081 1.25003 3
      vertex 1.87081 1.25003 0
    endloop
  endfacet
  facet normal -0.881922 -0.471395 0
    outer loop
      vertex 1.87081 1.25003 3
      vertex 2.07873 0.861037 0
      vertex 2.07873 0.861037 3
    endloop
  endfacet
  facet normal -0.471395 -0.881922 0
    outer loop
      vertex 0.861037 2.07873 0
      vertex 1.25003 1.87081 3
      vertex 0.861037 2.07873 3
    endloop
  endfacet
  facet normal -0.471395 -0.881922 -0
    outer loop
      vertex 1.25003 1.87081 3
      vertex 0.861037 2.07873 0
      vertex 1.25003 1.87081 0
    endloop
  endfacet
  facet normal -0.290289 0.956939 0
    outer loop
      vertex 0.861037 -2.07873 0
      vertex 0.438952 -2.20677 3
      vertex 0.861037 -2.07873 3
    endloop
  endfacet
  facet normal -0.290289 0.956939 0
    outer loop
      vertex 0.438952 -2.20677 3
      vertex 0.861037 -2.07873 0
      vertex 0.438952 -2.20677 0
    endloop
  endfacet
  facet normal -0.995185 -0.0980104 0
    outer loop
      vertex 2.25 0 0
      vertex 2.20677 0.438952 3
      vertex 2.20677 0.438952 0
    endloop
  endfacet
  facet normal -0.995185 -0.0980104 0
    outer loop
      vertex 2.20677 0.438952 3
      vertex 2.25 0 0
      vertex 2.25 0 3
    endloop
  endfacet
  facet normal 0.290289 -0.956939 0
    outer loop
      vertex -0.861037 2.07873 0
      vertex -0.438952 2.20677 3
      vertex -0.861037 2.07873 3
    endloop
  endfacet
  facet normal 0.290289 -0.956939 0
    outer loop
      vertex -0.438952 2.20677 3
      vertex -0.861037 2.07873 0
      vertex -0.438952 2.20677 0
    endloop
  endfacet
  facet normal -0.0980104 0.995185 0
    outer loop
      vertex 0.438952 -2.20677 0
      vertex 0 -2.25 3
      vertex 0.438952 -2.20677 3
    endloop
  endfacet
  facet normal -0.0980104 0.995185 0
    outer loop
      vertex 0 -2.25 3
      vertex 0.438952 -2.20677 0
      vertex 0 -2.25 0
    endloop
  endfacet
  facet normal 0.995185 -0.0980104 0
    outer loop
      vertex -2.25 0 3
      vertex -2.20677 0.438952 0
      vertex -2.20677 0.438952 3
    endloop
  endfacet
  facet normal 0.995185 -0.0980104 0
    outer loop
      vertex -2.20677 0.438952 0
      vertex -2.25 0 3
      vertex -2.25 0 0
    endloop
  endfacet
  facet normal 0.995185 0.0980104 0
    outer loop
      vertex -2.20677 -0.438952 3
      vertex -2.25 0 0
      vertex -2.25 0 3
    endloop
  endfacet
  facet normal 0.995185 0.0980104 0
    outer loop
      vertex -2.25 0 0
      vertex -2.20677 -0.438952 3
      vertex -2.20677 -0.438952 0
    endloop
  endfacet
  facet normal -0.956939 -0.290289 0
    outer loop
      vertex 2.20677 0.438952 0
      vertex 2.07873 0.861037 3
      vertex 2.07873 0.861037 0
    endloop
  endfacet
  facet normal -0.956939 -0.290289 0
    outer loop
      vertex 2.07873 0.861037 3
      vertex 2.20677 0.438952 0
      vertex 2.20677 0.438952 3
    endloop
  endfacet
  facet normal 0.634395 0.773009 -0
    outer loop
      vertex -1.25003 -1.87081 0
      vertex -1.59099 -1.59099 3
      vertex -1.25003 -1.87081 3
    endloop
  endfacet
  facet normal 0.634395 0.773009 0
    outer loop
      vertex -1.59099 -1.59099 3
      vertex -1.25003 -1.87081 0
      vertex -1.59099 -1.59099 0
    endloop
  endfacet
  facet normal 0.0980104 0.995185 -0
    outer loop
      vertex 0 -2.25 0
      vertex -0.438952 -2.20677 3
      vertex 0 -2.25 3
    endloop
  endfacet
  facet normal 0.0980104 0.995185 0
    outer loop
      vertex -0.438952 -2.20677 3
      vertex 0 -2.25 0
      vertex -0.438952 -2.20677 0
    endloop
  endfacet
  facet normal -0.0980104 -0.995185 0
    outer loop
      vertex 0 2.25 0
      vertex 0.438952 2.20677 3
      vertex 0 2.25 3
    endloop
  endfacet
  facet normal -0.0980104 -0.995185 -0
    outer loop
      vertex 0.438952 2.20677 3
      vertex 0 2.25 0
      vertex 0.438952 2.20677 0
    endloop
  endfacet
  facet normal 0.881922 0.471395 0
    outer loop
      vertex -1.87081 -1.25003 3
      vertex -2.07873 -0.861037 0
      vertex -2.07873 -0.861037 3
    endloop
  endfacet
  facet normal 0.881922 0.471395 0
    outer loop
      vertex -2.07873 -0.861037 0
      vertex -1.87081 -1.25003 3
      vertex -1.87081 -1.25003 0
    endloop
  endfacet
  facet normal 0.634395 -0.773009 0
    outer loop
      vertex -1.59099 1.59099 0
      vertex -1.25003 1.87081 3
      vertex -1.59099 1.59099 3
    endloop
  endfacet
  facet normal 0.634395 -0.773009 0
    outer loop
      vertex -1.25003 1.87081 3
      vertex -1.59099 1.59099 0
      vertex -1.25003 1.87081 0
    endloop
  endfacet
  facet normal 0.471395 -0.881922 0
    outer loop
      vertex -1.25003 1.87081 0
      vertex -0.861037 2.07873 3
      vertex -1.25003 1.87081 3
    endloop
  endfacet
  facet normal 0.471395 -0.881922 0
    outer loop
      vertex -0.861037 2.07873 3
      vertex -1.25003 1.87081 0
      vertex -0.861037 2.07873 0
    endloop
  endfacet
  facet normal 0.471395 0.881922 -0
    outer loop
      vertex -0.861037 -2.07873 0
      vertex -1.25003 -1.87081 3
      vertex -0.861037 -2.07873 3
    endloop
  endfacet
  facet normal 0.471395 0.881922 0
    outer loop
      vertex -1.25003 -1.87081 3
      vertex -0.861037 -2.07873 0
      vertex -1.25003 -1.87081 0
    endloop
  endfacet
  facet normal 0.290289 0.956939 -0
    outer loop
      vertex -0.438952 -2.20677 0
      vertex -0.861037 -2.07873 3
      vertex -0.438952 -2.20677 3
    endloop
  endfacet
  facet normal 0.290289 0.956939 0
    outer loop
      vertex -0.861037 -2.07873 3
      vertex -0.438952 -2.20677 0
      vertex -0.861037 -2.07873 0
    endloop
  endfacet
  facet normal -0.773009 -0.634395 0
    outer loop
      vertex 1.87081 1.25003 0
      vertex 1.59099 1.59099 3
      vertex 1.59099 1.59099 0
    endloop
  endfacet
  facet normal -0.773009 -0.634395 0
    outer loop
      vertex 1.59099 1.59099 3
      vertex 1.87081 1.25003 0
      vertex 1.87081 1.25003 3
    endloop
  endfacet
  facet normal -0.881922 0.471395 0
    outer loop
      vertex 1.87081 -1.25003 0
      vertex 2.07873 -0.861037 3
      vertex 2.07873 -0.861037 0
    endloop
  endfacet
  facet normal -0.881922 0.471395 0
    outer loop
      vertex 2.07873 -0.861037 3
      vertex 1.87081 -1.25003 0
      vertex 1.87081 -1.25003 3
    endloop
  endfacet
  facet normal 0.773009 0.634395 0
    outer loop
      vertex -1.59099 -1.59099 3
      vertex -1.87081 -1.25003 0
      vertex -1.87081 -1.25003 3
    endloop
  endfacet
  facet normal 0.773009 0.634395 0
    outer loop
      vertex -1.87081 -1.25003 0
      vertex -1.59099 -1.59099 3
      vertex -1.59099 -1.59099 0
    endloop
  endfacet
  facet normal -0.471395 0.881922 0
    outer loop
      vertex 1.25003 -1.87081 0
      vertex 0.861037 -2.07873 3
      vertex 1.25003 -1.87081 3
    endloop
  endfacet
  facet normal -0.471395 0.881922 0
    outer loop
      vertex 0.861037 -2.07873 3
      vertex 1.25003 -1.87081 0
      vertex 0.861037 -2.07873 0
    endloop
  endfacet
  facet normal -0.634395 -0.773009 0
    outer loop
      vertex 1.25003 1.87081 0
      vertex 1.59099 1.59099 3
      vertex 1.25003 1.87081 3
    endloop
  endfacet
  facet normal -0.634395 -0.773009 -0
    outer loop
      vertex 1.59099 1.59099 3
      vertex 1.25003 1.87081 0
      vertex 1.59099 1.59099 0
    endloop
  endfacet
  facet normal -0.773009 0.634395 0
    outer loop
      vertex 1.59099 -1.59099 0
      vertex 1.87081 -1.25003 3
      vertex 1.87081 -1.25003 0
    endloop
  endfacet
  facet normal -0.773009 0.634395 0
    outer loop
      vertex 1.87081 -1.25003 3
      vertex 1.59099 -1.59099 0
      vertex 1.59099 -1.59099 3
    endloop
  endfacet
  facet normal -0.995185 0.0980104 0
    outer loop
      vertex 2.20677 -0.438952 0
      vertex 2.25 0 3
      vertex 2.25 0 0
    endloop
  endfacet
  facet normal -0.995185 0.0980104 0
    outer loop
      vertex 2.25 0 3
      vertex 2.20677 -0.438952 0
      vertex 2.20677 -0.438952 3
    endloop
  endfacet
  facet normal 0.956939 0.290289 0
    outer loop
      vertex -2.07873 -0.861037 3
      vertex -2.20677 -0.438952 0
      vertex -2.20677 -0.438952 3
    endloop
  endfacet
  facet normal 0.956939 0.290289 0
    outer loop
      vertex -2.20677 -0.438952 0
      vertex -2.07873 -0.861037 3
      vertex -2.07873 -0.861037 0
    endloop
  endfacet
  facet normal 0.0980104 -0.995185 0
    outer loop
      vertex -0.438952 2.20677 0
      vertex 0 2.25 3
      vertex -0.438952 2.20677 3
    endloop
  endfacet
  facet normal 0.0980104 -0.995185 0
    outer loop
      vertex 0 2.25 3
      vertex -0.438952 2.20677 0
      vertex 0 2.25 0
    endloop
  endfacet
  facet normal 0.773009 -0.634395 0
    outer loop
      vertex -1.87081 1.25003 3
      vertex -1.59099 1.59099 0
      vertex -1.59099 1.59099 3
    endloop
  endfacet
  facet normal 0.773009 -0.634395 0
    outer loop
      vertex -1.59099 1.59099 0
      vertex -1.87081 1.25003 3
      vertex -1.87081 1.25003 0
    endloop
  endfacet
  facet normal 0.881922 -0.471395 0
    outer loop
      vertex -2.07873 0.861037 3
      vertex -1.87081 1.25003 0
      vertex -1.87081 1.25003 3
    endloop
  endfacet
  facet normal 0.881922 -0.471395 0
    outer loop
      vertex -1.87081 1.25003 0
      vertex -2.07873 0.861037 3
      vertex -2.07873 0.861037 0
    endloop
  endfacet
  facet normal -0.956939 0.290289 0
    outer loop
      vertex 2.07873 -0.861037 0
      vertex 2.20677 -0.438952 3
      vertex 2.20677 -0.438952 0
    endloop
  endfacet
  facet normal -0.956939 0.290289 0
    outer loop
      vertex 2.20677 -0.438952 3
      vertex 2.07873 -0.861037 0
      vertex 2.07873 -0.861037 3
    endloop
  endfacet
  facet normal -0.634395 0.773009 0
    outer loop
      vertex 1.59099 -1.59099 0
      vertex 1.25003 -1.87081 3
      vertex 1.59099 -1.59099 3
    endloop
  endfacet
  facet normal -0.634395 0.773009 0
    outer loop
      vertex 1.25003 -1.87081 3
      vertex 1.59099 -1.59099 0
      vertex 1.25003 -1.87081 0
    endloop
  endfacet
  facet normal -0.290289 -0.956939 0
    outer loop
      vertex 0.438952 2.20677 0
      vertex 0.861037 2.07873 3
      vertex 0.438952 2.20677 3
    endloop
  endfacet
  facet normal -0.290289 -0.956939 -0
    outer loop
      vertex 0.861037 2.07873 3
      vertex 0.438952 2.20677 0
      vertex 0.861037 2.07873 0
    endloop
  endfacet
  facet normal 0.956939 -0.290289 0
    outer loop
      vertex -2.20677 0.438952 3
      vertex -2.07873 0.861037 0
      vertex -2.07873 0.861037 3
    endloop
  endfacet
  facet normal 0.956939 -0.290289 0
    outer loop
      vertex -2.07873 0.861037 0
      vertex -2.20677 0.438952 3
      vertex -2.20677 0.438952 0
    endloop
  endfacet
  facet normal 0.995184 0.0980289 0
    outer loop
      vertex 44.4711 0.882942 3
      vertex 44.3845 1.7621 0
      vertex 44.3845 1.7621 3
    endloop
  endfacet
  facet normal 0.995184 0.0980289 0
    outer loop
      vertex 44.3845 1.7621 0
      vertex 44.4711 0.882942 3
      vertex 44.4711 0.882942 0
    endloop
  endfacet
  facet normal 0.999465 0.032714 0
    outer loop
      vertex 44.5 0 3
      vertex 44.4711 0.882942 0
      vertex 44.4711 0.882942 3
    endloop
  endfacet
  facet normal 0.999465 0.032714 0
    outer loop
      vertex 44.4711 0.882942 0
      vertex 44.5 0 3
      vertex 44.5 0 0
    endloop
  endfacet
  facet normal 0.352264 -0.935901 0
    outer loop
      vertex 35.3394 -12.7836 0
      vertex 36.1662 -12.4724 3
      vertex 35.3394 -12.7836 3
    endloop
  endfacet
  facet normal 0.352264 -0.935901 0
    outer loop
      vertex 36.1662 -12.4724 3
      vertex 35.3394 -12.7836 0
      vertex 36.1662 -12.4724 0
    endloop
  endfacet
  facet normal 0.0980243 0.995184 -0
    outer loop
      vertex 32.7621 13.3845 0
      vertex 31.8829 13.4711 3
      vertex 32.7621 13.3845 3
    endloop
  endfacet
  facet normal 0.0980243 0.995184 0
    outer loop
      vertex 31.8829 13.4711 3
      vertex 32.7621 13.3845 0
      vertex 31.8829 13.4711 0
    endloop
  endfacet
  facet normal -0.935901 -0.352264 0
    outer loop
      vertex 18.5276 -5.16623 0
      vertex 18.2164 -4.33943 3
      vertex 18.2164 -4.33943 0
    endloop
  endfacet
  facet normal -0.935901 -0.352264 0
    outer loop
      vertex 18.2164 -4.33943 3
      vertex 18.5276 -5.16623 0
      vertex 18.5276 -5.16623 3
    endloop
  endfacet
  facet normal -0.162894 -0.986644 0
    outer loop
      vertex 28.3663 -13.2406 0
      vertex 29.2379 -13.3845 3
      vertex 28.3663 -13.2406 3
    endloop
  endfacet
  facet normal -0.162894 -0.986644 -0
    outer loop
      vertex 29.2379 -13.3845 3
      vertex 28.3663 -13.2406 0
      vertex 29.2379 -13.3845 0
    endloop
  endfacet
  facet normal 0.528064 -0.849204 0
    outer loop
      vertex 37.75 -11.6913 0
      vertex 38.5002 -11.2248 3
      vertex 37.75 -11.6913 3
    endloop
  endfacet
  facet normal 0.528064 -0.849204 0
    outer loop
      vertex 38.5002 -11.2248 3
      vertex 37.75 -11.6913 0
      vertex 38.5002 -11.2248 0
    endloop
  endfacet
  facet normal 0.227058 -0.973881 0
    outer loop
      vertex 33.6337 -13.2406 0
      vertex 34.4941 -13.04 3
      vertex 33.6337 -13.2406 3
    endloop
  endfacet
  facet normal 0.227058 -0.973881 0
    outer loop
      vertex 34.4941 -13.04 3
      vertex 33.6337 -13.2406 0
      vertex 34.4941 -13.04 0
    endloop
  endfacet
  facet normal -0.849204 -0.528064 0
    outer loop
      vertex 19.7752 -7.5002 0
      vertex 19.3087 -6.75 3
      vertex 19.3087 -6.75 0
    endloop
  endfacet
  facet normal -0.849204 -0.528064 0
    outer loop
      vertex 19.3087 -6.75 3
      vertex 19.7752 -7.5002 0
      vertex 19.7752 -7.5002 3
    endloop
  endfacet
  facet normal -0.72986 0.683597 0
    outer loop
      vertex 20.8502 8.90117 0
      vertex 21.4541 9.54594 3
      vertex 21.4541 9.54594 0
    endloop
  endfacet
  facet normal -0.72986 0.683597 0
    outer loop
      vertex 21.4541 9.54594 3
      vertex 20.8502 8.90117 0
      vertex 20.8502 8.90117 3
    endloop
  endfacet
  facet normal 0.162894 -0.986644 0
    outer loop
      vertex 32.7621 -13.3845 0
      vertex 33.6337 -13.2406 3
      vertex 32.7621 -13.3845 3
    endloop
  endfacet
  facet normal 0.162894 -0.986644 0
    outer loop
      vertex 33.6337 -13.2406 3
      vertex 32.7621 -13.3845 0
      vertex 33.6337 -13.2406 0
    endloop
  endfacet
  facet normal -0.881892 0.471452 0
    outer loop
      vertex 18.8922 5.9709 0
      vertex 19.3087 6.75 3
      vertex 19.3087 6.75 0
    endloop
  endfacet
  facet normal -0.881892 0.471452 0
    outer loop
      vertex 19.3087 6.75 3
      vertex 18.8922 5.9709 0
      vertex 18.8922 5.9709 3
    endloop
  endfacet
  facet normal 0.973878 0.227073 0
    outer loop
      vertex 44.2406 2.63372 3
      vertex 44.04 3.49406 0
      vertex 44.04 3.49406 3
    endloop
  endfacet
  facet normal 0.973878 0.227073 0
    outer loop
      vertex 44.04 3.49406 0
      vertex 44.2406 2.63372 3
      vertex 44.2406 2.63372 0
    endloop
  endfacet
  facet normal 0.162894 0.986644 -0
    outer loop
      vertex 33.6337 13.2406 0
      vertex 32.7621 13.3845 3
      vertex 33.6337 13.2406 3
    endloop
  endfacet
  facet normal 0.162894 0.986644 0
    outer loop
      vertex 32.7621 13.3845 3
      vertex 33.6337 13.2406 0
      vertex 32.7621 13.3845 0
    endloop
  endfacet
  facet normal 0.986644 -0.16289 0
    outer loop
      vertex 44.2406 -2.63372 3
      vertex 44.3845 -1.7621 0
      vertex 44.3845 -1.7621 3
    endloop
  endfacet
  facet normal 0.986644 -0.16289 0
    outer loop
      vertex 44.3845 -1.7621 0
      vertex 44.2406 -2.63372 3
      vertex 44.2406 -2.63372 0
    endloop
  endfacet
  facet normal 0.582415 0.812891 -0
    outer loop
      vertex 39.2183 10.7103 0
      vertex 38.5002 11.2248 3
      vertex 39.2183 10.7103 3
    endloop
  endfacet
  facet normal 0.582415 0.812891 0
    outer loop
      vertex 38.5002 11.2248 3
      vertex 39.2183 10.7103 0
      vertex 38.5002 11.2248 0
    endloop
  endfacet
  facet normal -0.973878 0.227073 0
    outer loop
      vertex 17.7594 2.63372 0
      vertex 17.96 3.49406 3
      vertex 17.96 3.49406 0
    endloop
  endfacet
  facet normal -0.973878 0.227073 0
    outer loop
      vertex 17.96 3.49406 3
      vertex 17.7594 2.63372 0
      vertex 17.7594 2.63372 3
    endloop
  endfacet
  facet normal 0.471452 -0.881892 0
    outer loop
      vertex 36.9709 -12.1078 0
      vertex 37.75 -11.6913 3
      vertex 36.9709 -12.1078 3
    endloop
  endfacet
  facet normal 0.471452 -0.881892 0
    outer loop
      vertex 37.75 -11.6913 3
      vertex 36.9709 -12.1078 0
      vertex 37.75 -11.6913 0
    endloop
  endfacet
  facet normal -0.412702 0.910866 0
    outer loop
      vertex 25.8338 12.4724 0
      vertex 25.0291 12.1078 3
      vertex 25.8338 12.4724 3
    endloop
  endfacet
  facet normal -0.412702 0.910866 0
    outer loop
      vertex 25.0291 12.1078 3
      vertex 25.8338 12.4724 0
      vertex 25.0291 12.1078 0
    endloop
  endfacet
  facet normal -0.0980243 0.995184 0
    outer loop
      vertex 30.1171 13.4711 0
      vertex 29.2379 13.3845 3
      vertex 30.1171 13.4711 3
    endloop
  endfacet
  facet normal -0.0980243 0.995184 0
    outer loop
      vertex 29.2379 13.3845 3
      vertex 30.1171 13.4711 0
      vertex 29.2379 13.3845 0
    endloop
  endfacet
  facet normal -0.471452 -0.881892 0
    outer loop
      vertex 24.25 -11.6913 0
      vertex 25.0291 -12.1078 3
      vertex 24.25 -11.6913 3
    endloop
  endfacet
  facet normal -0.471452 -0.881892 -0
    outer loop
      vertex 25.0291 -12.1078 3
      vertex 24.25 -11.6913 0
      vertex 25.0291 -12.1078 0
    endloop
  endfacet
  facet normal 0.412702 0.910866 -0
    outer loop
      vertex 36.9709 12.1078 0
      vertex 36.1662 12.4724 3
      vertex 36.9709 12.1078 3
    endloop
  endfacet
  facet normal 0.412702 0.910866 0
    outer loop
      vertex 36.1662 12.4724 3
      vertex 36.9709 12.1078 0
      vertex 36.1662 12.4724 0
    endloop
  endfacet
  facet normal 0.528064 0.849204 -0
    outer loop
      vertex 38.5002 11.2248 0
      vertex 37.75 11.6913 3
      vertex 38.5002 11.2248 3
    endloop
  endfacet
  facet normal 0.528064 0.849204 0
    outer loop
      vertex 37.75 11.6913 3
      vertex 38.5002 11.2248 0
      vertex 37.75 11.6913 0
    endloop
  endfacet
  facet normal 0.0327155 -0.999465 0
    outer loop
      vertex 31 -13.5 0
      vertex 31.8829 -13.4711 3
      vertex 31 -13.5 3
    endloop
  endfacet
  facet normal 0.0327155 -0.999465 0
    outer loop
      vertex 31.8829 -13.4711 3
      vertex 31 -13.5 0
      vertex 31.8829 -13.4711 0
    endloop
  endfacet
  facet normal 0.956953 -0.290243 0
    outer loop
      vertex 43.7836 -4.33943 3
      vertex 44.04 -3.49406 0
      vertex 44.04 -3.49406 3
    endloop
  endfacet
  facet normal 0.956953 -0.290243 0
    outer loop
      vertex 44.04 -3.49406 0
      vertex 43.7836 -4.33943 3
      vertex 43.7836 -4.33943 0
    endloop
  endfacet
  facet normal 0.471452 0.881892 -0
    outer loop
      vertex 37.75 11.6913 0
      vertex 36.9709 12.1078 3
      vertex 37.75 11.6913 3
    endloop
  endfacet
  facet normal 0.471452 0.881892 0
    outer loop
      vertex 36.9709 12.1078 3
      vertex 37.75 11.6913 0
      vertex 36.9709 12.1078 0
    endloop
  endfacet
  facet normal -0.956953 -0.290243 0
    outer loop
      vertex 18.2164 -4.33943 0
      vertex 17.96 -3.49406 3
      vertex 17.96 -3.49406 0
    endloop
  endfacet
  facet normal -0.956953 -0.290243 0
    outer loop
      vertex 17.96 -3.49406 3
      vertex 18.2164 -4.33943 0
      vertex 18.2164 -4.33943 3
    endloop
  endfacet
  facet normal 0.0980243 -0.995184 0
    outer loop
      vertex 31.8829 -13.4711 0
      vertex 32.7621 -13.3845 3
      vertex 31.8829 -13.4711 3
    endloop
  endfacet
  facet normal 0.0980243 -0.995184 0
    outer loop
      vertex 32.7621 -13.3845 3
      vertex 31.8829 -13.4711 0
      vertex 32.7621 -13.3845 0
    endloop
  endfacet
  facet normal 0.935901 0.352264 0
    outer loop
      vertex 43.7836 4.33943 3
      vertex 43.4724 5.16623 0
      vertex 43.4724 5.16623 3
    endloop
  endfacet
  facet normal 0.935901 0.352264 0
    outer loop
      vertex 43.4724 5.16623 0
      vertex 43.7836 4.33943 3
      vertex 43.7836 4.33943 0
    endloop
  endfacet
  facet normal -0.683612 0.729846 0
    outer loop
      vertex 22.0988 10.1498 0
      vertex 21.4541 9.54594 3
      vertex 22.0988 10.1498 3
    endloop
  endfacet
  facet normal -0.683612 0.729846 0
    outer loop
      vertex 21.4541 9.54594 3
      vertex 22.0988 10.1498 0
      vertex 21.4541 9.54594 0
    endloop
  endfacet
  facet normal -0.290265 0.956946 0
    outer loop
      vertex 27.5059 13.04 0
      vertex 26.6606 12.7836 3
      vertex 27.5059 13.04 3
    endloop
  endfacet
  facet normal -0.290265 0.956946 0
    outer loop
      vertex 26.6606 12.7836 3
      vertex 27.5059 13.04 0
      vertex 26.6606 12.7836 0
    endloop
  endfacet
  facet normal -0.227058 -0.973881 0
    outer loop
      vertex 27.5059 -13.04 0
      vertex 28.3663 -13.2406 3
      vertex 27.5059 -13.04 3
    endloop
  endfacet
  facet normal -0.227058 -0.973881 -0
    outer loop
      vertex 28.3663 -13.2406 3
      vertex 27.5059 -13.04 0
      vertex 28.3663 -13.2406 0
    endloop
  endfacet
  facet normal -0.162894 0.986644 0
    outer loop
      vertex 29.2379 13.3845 0
      vertex 28.3663 13.2406 3
      vertex 29.2379 13.3845 3
    endloop
  endfacet
  facet normal -0.162894 0.986644 0
    outer loop
      vertex 28.3663 13.2406 3
      vertex 29.2379 13.3845 0
      vertex 28.3663 13.2406 0
    endloop
  endfacet
  facet normal 0.772973 0.634438 0
    outer loop
      vertex 41.7103 8.21828 3
      vertex 41.1498 8.90117 0
      vertex 41.1498 8.90117 3
    endloop
  endfacet
  facet normal 0.772973 0.634438 0
    outer loop
      vertex 41.1498 8.90117 0
      vertex 41.7103 8.21828 3
      vertex 41.7103 8.21828 0
    endloop
  endfacet
  facet normal -0.986644 0.16289 0
    outer loop
      vertex 17.6155 1.7621 0
      vertex 17.7594 2.63372 3
      vertex 17.7594 2.63372 0
    endloop
  endfacet
  facet normal -0.986644 0.16289 0
    outer loop
      vertex 17.7594 2.63372 3
      vertex 17.6155 1.7621 0
      vertex 17.6155 1.7621 3
    endloop
  endfacet
  facet normal 0.72986 -0.683597 0
    outer loop
      vertex 40.5459 -9.54594 3
      vertex 41.1498 -8.90117 0
      vertex 41.1498 -8.90117 3
    endloop
  endfacet
  facet normal 0.72986 -0.683597 0
    outer loop
      vertex 41.1498 -8.90117 0
      vertex 40.5459 -9.54594 3
      vertex 40.5459 -9.54594 0
    endloop
  endfacet
  facet normal 0.227058 0.973881 -0
    outer loop
      vertex 34.4941 13.04 0
      vertex 33.6337 13.2406 3
      vertex 34.4941 13.04 3
    endloop
  endfacet
  facet normal 0.227058 0.973881 0
    outer loop
      vertex 33.6337 13.2406 3
      vertex 34.4941 13.04 0
      vertex 33.6337 13.2406 0
    endloop
  endfacet
  facet normal -0.0327155 -0.999465 0
    outer loop
      vertex 30.1171 -13.4711 0
      vertex 31 -13.5 3
      vertex 30.1171 -13.4711 3
    endloop
  endfacet
  facet normal -0.0327155 -0.999465 -0
    outer loop
      vertex 31 -13.5 3
      vertex 30.1171 -13.4711 0
      vertex 31 -13.5 0
    endloop
  endfacet
  facet normal 0.881892 -0.471452 0
    outer loop
      vertex 42.6913 -6.75 3
      vertex 43.1078 -5.9709 0
      vertex 43.1078 -5.9709 3
    endloop
  endfacet
  facet normal 0.881892 -0.471452 0
    outer loop
      vertex 43.1078 -5.9709 0
      vertex 42.6913 -6.75 3
      vertex 42.6913 -6.75 0
    endloop
  endfacet
  facet normal 0.956953 0.290243 0
    outer loop
      vertex 44.04 3.49406 3
      vertex 43.7836 4.33943 0
      vertex 43.7836 4.33943 3
    endloop
  endfacet
  facet normal 0.956953 0.290243 0
    outer loop
      vertex 43.7836 4.33943 0
      vertex 44.04 3.49406 3
      vertex 44.04 3.49406 0
    endloop
  endfacet
  facet normal 0.72986 0.683597 0
    outer loop
      vertex 41.1498 8.90117 3
      vertex 40.5459 9.54594 0
      vertex 40.5459 9.54594 3
    endloop
  endfacet
  facet normal 0.72986 0.683597 0
    outer loop
      vertex 40.5459 9.54594 0
      vertex 41.1498 8.90117 3
      vertex 41.1498 8.90117 0
    endloop
  endfacet
  facet normal 0.683612 0.729846 -0
    outer loop
      vertex 40.5459 9.54594 0
      vertex 39.9012 10.1498 3
      vertex 40.5459 9.54594 3
    endloop
  endfacet
  facet normal 0.683612 0.729846 0
    outer loop
      vertex 39.9012 10.1498 3
      vertex 40.5459 9.54594 0
      vertex 39.9012 10.1498 0
    endloop
  endfacet
  facet normal -0.582415 0.812891 0
    outer loop
      vertex 23.4998 11.2248 0
      vertex 22.7817 10.7103 3
      vertex 23.4998 11.2248 3
    endloop
  endfacet
  facet normal -0.582415 0.812891 0
    outer loop
      vertex 22.7817 10.7103 3
      vertex 23.4998 11.2248 0
      vertex 22.7817 10.7103 0
    endloop
  endfacet
  facet normal -0.528064 0.849204 0
    outer loop
      vertex 24.25 11.6913 0
      vertex 23.4998 11.2248 3
      vertex 24.25 11.6913 3
    endloop
  endfacet
  facet normal -0.528064 0.849204 0
    outer loop
      vertex 23.4998 11.2248 3
      vertex 24.25 11.6913 0
      vertex 23.4998 11.2248 0
    endloop
  endfacet
  facet normal -0.91086 0.412715 0
    outer loop
      vertex 18.5276 5.16623 0
      vertex 18.8922 5.9709 3
      vertex 18.8922 5.9709 0
    endloop
  endfacet
  facet normal -0.91086 0.412715 0
    outer loop
      vertex 18.8922 5.9709 3
      vertex 18.5276 5.16623 0
      vertex 18.5276 5.16623 3
    endloop
  endfacet
  facet normal 0.290265 -0.956946 0
    outer loop
      vertex 34.4941 -13.04 0
      vertex 35.3394 -12.7836 3
      vertex 34.4941 -13.04 3
    endloop
  endfacet
  facet normal 0.290265 -0.956946 0
    outer loop
      vertex 35.3394 -12.7836 3
      vertex 34.4941 -13.04 0
      vertex 35.3394 -12.7836 0
    endloop
  endfacet
  facet normal 0.849204 0.528064 0
    outer loop
      vertex 42.6913 6.75 3
      vertex 42.2248 7.5002 0
      vertex 42.2248 7.5002 3
    endloop
  endfacet
  facet normal 0.849204 0.528064 0
    outer loop
      vertex 42.2248 7.5002 0
      vertex 42.6913 6.75 3
      vertex 42.6913 6.75 0
    endloop
  endfacet
  facet normal 0.634433 -0.772978 0
    outer loop
      vertex 39.2183 -10.7103 0
      vertex 39.9012 -10.1498 3
      vertex 39.2183 -10.7103 3
    endloop
  endfacet
  facet normal 0.634433 -0.772978 0
    outer loop
      vertex 39.9012 -10.1498 3
      vertex 39.2183 -10.7103 0
      vertex 39.9012 -10.1498 0
    endloop
  endfacet
  facet normal 0.91086 -0.412715 0
    outer loop
      vertex 43.1078 -5.9709 3
      vertex 43.4724 -5.16623 0
      vertex 43.4724 -5.16623 3
    endloop
  endfacet
  facet normal 0.91086 -0.412715 0
    outer loop
      vertex 43.4724 -5.16623 0
      vertex 43.1078 -5.9709 3
      vertex 43.1078 -5.9709 0
    endloop
  endfacet
  facet normal -0.986644 -0.16289 0
    outer loop
      vertex 17.7594 -2.63372 0
      vertex 17.6155 -1.7621 3
      vertex 17.6155 -1.7621 0
    endloop
  endfacet
  facet normal -0.986644 -0.16289 0
    outer loop
      vertex 17.6155 -1.7621 3
      vertex 17.7594 -2.63372 0
      vertex 17.7594 -2.63372 3
    endloop
  endfacet
  facet normal 0.881892 0.471452 0
    outer loop
      vertex 43.1078 5.9709 3
      vertex 42.6913 6.75 0
      vertex 42.6913 6.75 3
    endloop
  endfacet
  facet normal 0.881892 0.471452 0
    outer loop
      vertex 42.6913 6.75 0
      vertex 43.1078 5.9709 3
      vertex 43.1078 5.9709 0
    endloop
  endfacet
  facet normal 0.935901 -0.352264 0
    outer loop
      vertex 43.4724 -5.16623 3
      vertex 43.7836 -4.33943 0
      vertex 43.7836 -4.33943 3
    endloop
  endfacet
  facet normal 0.935901 -0.352264 0
    outer loop
      vertex 43.7836 -4.33943 0
      vertex 43.4724 -5.16623 3
      vertex 43.4724 -5.16623 0
    endloop
  endfacet
  facet normal -0.999465 -0.032714 0
    outer loop
      vertex 17.5289 -0.882942 0
      vertex 17.5 0 3
      vertex 17.5 0 0
    endloop
  endfacet
  facet normal -0.999465 -0.032714 0
    outer loop
      vertex 17.5 0 3
      vertex 17.5289 -0.882942 0
      vertex 17.5289 -0.882942 3
    endloop
  endfacet
  facet normal 0.412702 -0.910866 0
    outer loop
      vertex 36.1662 -12.4724 0
      vertex 36.9709 -12.1078 3
      vertex 36.1662 -12.4724 3
    endloop
  endfacet
  facet normal 0.412702 -0.910866 0
    outer loop
      vertex 36.9709 -12.1078 3
      vertex 36.1662 -12.4724 0
      vertex 36.9709 -12.1078 0
    endloop
  endfacet
  facet normal 0.812884 -0.582426 0
    outer loop
      vertex 41.7103 -8.21828 3
      vertex 42.2248 -7.5002 0
      vertex 42.2248 -7.5002 3
    endloop
  endfacet
  facet normal 0.812884 -0.582426 0
    outer loop
      vertex 42.2248 -7.5002 0
      vertex 41.7103 -8.21828 3
      vertex 41.7103 -8.21828 0
    endloop
  endfacet
  facet normal -0.0980243 -0.995184 0
    outer loop
      vertex 29.2379 -13.3845 0
      vertex 30.1171 -13.4711 3
      vertex 29.2379 -13.3845 3
    endloop
  endfacet
  facet normal -0.0980243 -0.995184 -0
    outer loop
      vertex 30.1171 -13.4711 3
      vertex 29.2379 -13.3845 0
      vertex 30.1171 -13.4711 0
    endloop
  endfacet
  facet normal 0.772973 -0.634438 0
    outer loop
      vertex 41.1498 -8.90117 3
      vertex 41.7103 -8.21828 0
      vertex 41.7103 -8.21828 3
    endloop
  endfacet
  facet normal 0.772973 -0.634438 0
    outer loop
      vertex 41.7103 -8.21828 0
      vertex 41.1498 -8.90117 3
      vertex 41.1498 -8.90117 0
    endloop
  endfacet
  facet normal -0.352264 0.935901 0
    outer loop
      vertex 26.6606 12.7836 0
      vertex 25.8338 12.4724 3
      vertex 26.6606 12.7836 3
    endloop
  endfacet
  facet normal -0.352264 0.935901 0
    outer loop
      vertex 25.8338 12.4724 3
      vertex 26.6606 12.7836 0
      vertex 25.8338 12.4724 0
    endloop
  endfacet
  facet normal -0.227058 0.973881 0
    outer loop
      vertex 28.3663 13.2406 0
      vertex 27.5059 13.04 3
      vertex 28.3663 13.2406 3
    endloop
  endfacet
  facet normal -0.227058 0.973881 0
    outer loop
      vertex 27.5059 13.04 3
      vertex 28.3663 13.2406 0
      vertex 27.5059 13.04 0
    endloop
  endfacet
  facet normal 0.582415 -0.812891 0
    outer loop
      vertex 38.5002 -11.2248 0
      vertex 39.2183 -10.7103 3
      vertex 38.5002 -11.2248 3
    endloop
  endfacet
  facet normal 0.582415 -0.812891 0
    outer loop
      vertex 39.2183 -10.7103 3
      vertex 38.5002 -11.2248 0
      vertex 39.2183 -10.7103 0
    endloop
  endfacet
  facet normal -0.973878 -0.227073 0
    outer loop
      vertex 17.96 -3.49406 0
      vertex 17.7594 -2.63372 3
      vertex 17.7594 -2.63372 0
    endloop
  endfacet
  facet normal -0.973878 -0.227073 0
    outer loop
      vertex 17.7594 -2.63372 3
      vertex 17.96 -3.49406 0
      vertex 17.96 -3.49406 3
    endloop
  endfacet
  facet normal -0.812884 -0.582426 0
    outer loop
      vertex 20.2897 -8.21828 0
      vertex 19.7752 -7.5002 3
      vertex 19.7752 -7.5002 0
    endloop
  endfacet
  facet normal -0.812884 -0.582426 0
    outer loop
      vertex 19.7752 -7.5002 3
      vertex 20.2897 -8.21828 0
      vertex 20.2897 -8.21828 3
    endloop
  endfacet
  facet normal -0.634433 -0.772978 0
    outer loop
      vertex 22.0988 -10.1498 0
      vertex 22.7817 -10.7103 3
      vertex 22.0988 -10.1498 3
    endloop
  endfacet
  facet normal -0.634433 -0.772978 -0
    outer loop
      vertex 22.7817 -10.7103 3
      vertex 22.0988 -10.1498 0
      vertex 22.7817 -10.7103 0
    endloop
  endfacet
  facet normal -0.0327155 0.999465 0
    outer loop
      vertex 31 13.5 0
      vertex 30.1171 13.4711 3
      vertex 31 13.5 3
    endloop
  endfacet
  facet normal -0.0327155 0.999465 0
    outer loop
      vertex 30.1171 13.4711 3
      vertex 31 13.5 0
      vertex 30.1171 13.4711 0
    endloop
  endfacet
  facet normal 0.290265 0.956946 -0
    outer loop
      vertex 35.3394 12.7836 0
      vertex 34.4941 13.04 3
      vertex 35.3394 12.7836 3
    endloop
  endfacet
  facet normal 0.290265 0.956946 0
    outer loop
      vertex 34.4941 13.04 3
      vertex 35.3394 12.7836 0
      vertex 34.4941 13.04 0
    endloop
  endfacet
  facet normal 0.995184 -0.0980289 0
    outer loop
      vertex 44.3845 -1.7621 3
      vertex 44.4711 -0.882942 0
      vertex 44.4711 -0.882942 3
    endloop
  endfacet
  facet normal 0.995184 -0.0980289 0
    outer loop
      vertex 44.4711 -0.882942 0
      vertex 44.3845 -1.7621 3
      vertex 44.3845 -1.7621 0
    endloop
  endfacet
  facet normal 0.999465 -0.032714 0
    outer loop
      vertex 44.4711 -0.882942 3
      vertex 44.5 0 0
      vertex 44.5 0 3
    endloop
  endfacet
  facet normal 0.999465 -0.032714 0
    outer loop
      vertex 44.5 0 0
      vertex 44.4711 -0.882942 3
      vertex 44.4711 -0.882942 0
    endloop
  endfacet
  facet normal -0.956953 0.290243 0
    outer loop
      vertex 17.96 3.49406 0
      vertex 18.2164 4.33943 3
      vertex 18.2164 4.33943 0
    endloop
  endfacet
  facet normal -0.956953 0.290243 0
    outer loop
      vertex 18.2164 4.33943 3
      vertex 17.96 3.49406 0
      vertex 17.96 3.49406 3
    endloop
  endfacet
  facet normal -0.772973 0.634438 0
    outer loop
      vertex 20.2897 8.21828 0
      vertex 20.8502 8.90117 3
      vertex 20.8502 8.90117 0
    endloop
  endfacet
  facet normal -0.772973 0.634438 0
    outer loop
      vertex 20.8502 8.90117 3
      vertex 20.2897 8.21828 0
      vertex 20.2897 8.21828 3
    endloop
  endfacet
  facet normal 0.973878 -0.227073 0
    outer loop
      vertex 44.04 -3.49406 3
      vertex 44.2406 -2.63372 0
      vertex 44.2406 -2.63372 3
    endloop
  endfacet
  facet normal 0.973878 -0.227073 0
    outer loop
      vertex 44.2406 -2.63372 0
      vertex 44.04 -3.49406 3
      vertex 44.04 -3.49406 0
    endloop
  endfacet
  facet normal -0.91086 -0.412715 0
    outer loop
      vertex 18.8922 -5.9709 0
      vertex 18.5276 -5.16623 3
      vertex 18.5276 -5.16623 0
    endloop
  endfacet
  facet normal -0.91086 -0.412715 0
    outer loop
      vertex 18.5276 -5.16623 3
      vertex 18.8922 -5.9709 0
      vertex 18.8922 -5.9709 3
    endloop
  endfacet
  facet normal -0.634433 0.772978 0
    outer loop
      vertex 22.7817 10.7103 0
      vertex 22.0988 10.1498 3
      vertex 22.7817 10.7103 3
    endloop
  endfacet
  facet normal -0.634433 0.772978 0
    outer loop
      vertex 22.0988 10.1498 3
      vertex 22.7817 10.7103 0
      vertex 22.0988 10.1498 0
    endloop
  endfacet
  facet normal 0.683612 -0.729846 0
    outer loop
      vertex 39.9012 -10.1498 0
      vertex 40.5459 -9.54594 3
      vertex 39.9012 -10.1498 3
    endloop
  endfacet
  facet normal 0.683612 -0.729846 0
    outer loop
      vertex 40.5459 -9.54594 3
      vertex 39.9012 -10.1498 0
      vertex 40.5459 -9.54594 0
    endloop
  endfacet
  facet normal 0.352264 0.935901 -0
    outer loop
      vertex 36.1662 12.4724 0
      vertex 35.3394 12.7836 3
      vertex 36.1662 12.4724 3
    endloop
  endfacet
  facet normal 0.352264 0.935901 0
    outer loop
      vertex 35.3394 12.7836 3
      vertex 36.1662 12.4724 0
      vertex 35.3394 12.7836 0
    endloop
  endfacet
  facet normal 0.634433 0.772978 -0
    outer loop
      vertex 39.9012 10.1498 0
      vertex 39.2183 10.7103 3
      vertex 39.9012 10.1498 3
    endloop
  endfacet
  facet normal 0.634433 0.772978 0
    outer loop
      vertex 39.2183 10.7103 3
      vertex 39.9012 10.1498 0
      vertex 39.2183 10.7103 0
    endloop
  endfacet
  facet normal 0.812884 0.582426 0
    outer loop
      vertex 42.2248 7.5002 3
      vertex 41.7103 8.21828 0
      vertex 41.7103 8.21828 3
    endloop
  endfacet
  facet normal 0.812884 0.582426 0
    outer loop
      vertex 41.7103 8.21828 0
      vertex 42.2248 7.5002 3
      vertex 42.2248 7.5002 0
    endloop
  endfacet
  facet normal 0.986644 0.16289 0
    outer loop
      vertex 44.3845 1.7621 3
      vertex 44.2406 2.63372 0
      vertex 44.2406 2.63372 3
    endloop
  endfacet
  facet normal 0.986644 0.16289 0
    outer loop
      vertex 44.2406 2.63372 0
      vertex 44.3845 1.7621 3
      vertex 44.3845 1.7621 0
    endloop
  endfacet
  facet normal -0.72986 -0.683597 0
    outer loop
      vertex 21.4541 -9.54594 0
      vertex 20.8502 -8.90117 3
      vertex 20.8502 -8.90117 0
    endloop
  endfacet
  facet normal -0.72986 -0.683597 0
    outer loop
      vertex 20.8502 -8.90117 3
      vertex 21.4541 -9.54594 0
      vertex 21.4541 -9.54594 3
    endloop
  endfacet
  facet normal 0.0327155 0.999465 -0
    outer loop
      vertex 31.8829 13.4711 0
      vertex 31 13.5 3
      vertex 31.8829 13.4711 3
    endloop
  endfacet
  facet normal 0.0327155 0.999465 0
    outer loop
      vertex 31 13.5 3
      vertex 31.8829 13.4711 0
      vertex 31 13.5 0
    endloop
  endfacet
  facet normal -0.582415 -0.812891 0
    outer loop
      vertex 22.7817 -10.7103 0
      vertex 23.4998 -11.2248 3
      vertex 22.7817 -10.7103 3
    endloop
  endfacet
  facet normal -0.582415 -0.812891 -0
    outer loop
      vertex 23.4998 -11.2248 3
      vertex 22.7817 -10.7103 0
      vertex 23.4998 -11.2248 0
    endloop
  endfacet
  facet normal -0.995184 -0.0980289 0
    outer loop
      vertex 17.6155 -1.7621 0
      vertex 17.5289 -0.882942 3
      vertex 17.5289 -0.882942 0
    endloop
  endfacet
  facet normal -0.995184 -0.0980289 0
    outer loop
      vertex 17.5289 -0.882942 3
      vertex 17.6155 -1.7621 0
      vertex 17.6155 -1.7621 3
    endloop
  endfacet
  facet normal -0.352264 -0.935901 0
    outer loop
      vertex 25.8338 -12.4724 0
      vertex 26.6606 -12.7836 3
      vertex 25.8338 -12.4724 3
    endloop
  endfacet
  facet normal -0.352264 -0.935901 -0
    outer loop
      vertex 26.6606 -12.7836 3
      vertex 25.8338 -12.4724 0
      vertex 26.6606 -12.7836 0
    endloop
  endfacet
  facet normal -0.772973 -0.634438 0
    outer loop
      vertex 20.8502 -8.90117 0
      vertex 20.2897 -8.21828 3
      vertex 20.2897 -8.21828 0
    endloop
  endfacet
  facet normal -0.772973 -0.634438 0
    outer loop
      vertex 20.2897 -8.21828 3
      vertex 20.8502 -8.90117 0
      vertex 20.8502 -8.90117 3
    endloop
  endfacet
  facet normal -0.471452 0.881892 0
    outer loop
      vertex 25.0291 12.1078 0
      vertex 24.25 11.6913 3
      vertex 25.0291 12.1078 3
    endloop
  endfacet
  facet normal -0.471452 0.881892 0
    outer loop
      vertex 24.25 11.6913 3
      vertex 25.0291 12.1078 0
      vertex 24.25 11.6913 0
    endloop
  endfacet
  facet normal 0.849204 -0.528064 0
    outer loop
      vertex 42.2248 -7.5002 3
      vertex 42.6913 -6.75 0
      vertex 42.6913 -6.75 3
    endloop
  endfacet
  facet normal 0.849204 -0.528064 0
    outer loop
      vertex 42.6913 -6.75 0
      vertex 42.2248 -7.5002 3
      vertex 42.2248 -7.5002 0
    endloop
  endfacet
  facet normal -0.812884 0.582426 0
    outer loop
      vertex 19.7752 7.5002 0
      vertex 20.2897 8.21828 3
      vertex 20.2897 8.21828 0
    endloop
  endfacet
  facet normal -0.812884 0.582426 0
    outer loop
      vertex 20.2897 8.21828 3
      vertex 19.7752 7.5002 0
      vertex 19.7752 7.5002 3
    endloop
  endfacet
  facet normal -0.935901 0.352264 0
    outer loop
      vertex 18.2164 4.33943 0
      vertex 18.5276 5.16623 3
      vertex 18.5276 5.16623 0
    endloop
  endfacet
  facet normal -0.935901 0.352264 0
    outer loop
      vertex 18.5276 5.16623 3
      vertex 18.2164 4.33943 0
      vertex 18.2164 4.33943 3
    endloop
  endfacet
  facet normal 0.91086 0.412715 0
    outer loop
      vertex 43.4724 5.16623 3
      vertex 43.1078 5.9709 0
      vertex 43.1078 5.9709 3
    endloop
  endfacet
  facet normal 0.91086 0.412715 0
    outer loop
      vertex 43.1078 5.9709 0
      vertex 43.4724 5.16623 3
      vertex 43.4724 5.16623 0
    endloop
  endfacet
  facet normal -0.290265 -0.956946 0
    outer loop
      vertex 26.6606 -12.7836 0
      vertex 27.5059 -13.04 3
      vertex 26.6606 -12.7836 3
    endloop
  endfacet
  facet normal -0.290265 -0.956946 -0
    outer loop
      vertex 27.5059 -13.04 3
      vertex 26.6606 -12.7836 0
      vertex 27.5059 -13.04 0
    endloop
  endfacet
  facet normal -0.683612 -0.729846 0
    outer loop
      vertex 21.4541 -9.54594 0
      vertex 22.0988 -10.1498 3
      vertex 21.4541 -9.54594 3
    endloop
  endfacet
  facet normal -0.683612 -0.729846 -0
    outer loop
      vertex 22.0988 -10.1498 3
      vertex 21.4541 -9.54594 0
      vertex 22.0988 -10.1498 0
    endloop
  endfacet
  facet normal 0 0 1
    outer loop
      vertex 33.25 0 3
      vertex 44.5 0 3
      vertex 44.4711 0.882942 3
    endloop
  endfacet
  facet normal 0 0 1
    outer loop
      vertex 33.25 0 3
      vertex 44.4711 0.882942 3
      vertex 44.3845 1.7621 3
    endloop
  endfacet
  facet normal 0 0 1
    outer loop
      vertex 44.5 0 3
      vertex 33.25 0 3
      vertex 44.4711 -0.882942 3
    endloop
  endfacet
  facet normal 0 0 1
    outer loop
      vertex 33.2068 0.438952 3
      vertex 44.3845 1.7621 3
      vertex 44.2406 2.63372 3
    endloop
  endfacet
  facet normal 0 0 1
    outer loop
      vertex 44.4711 -0.882942 3
      vertex 33.25 0 3
      vertex 44.3845 -1.7621 3
    endloop
  endfacet
  facet normal 0 0 1
    outer loop
      vertex 33.2068 0.438952 3
      vertex 44.2406 2.63372 3
      vertex 44.04 3.49406 3
    endloop
  endfacet
  facet normal -0 0 1
    outer loop
      vertex 33.2068 -0.438952 3
      vertex 44.3845 -1.7621 3
      vertex 33.25 0 3
    endloop
  endfacet
  facet normal 0 0 1
    outer loop
      vertex 33.2068 0.438952 3
      vertex 44.04 3.49406 3
      vertex 43.7836 4.33943 3
    endloop
  endfacet
  facet normal 0 0 1
    outer loop
      vertex 44.3845 -1.7621 3
      vertex 33.2068 -0.438952 3
      vertex 44.2406 -2.63372 3
    endloop
  endfacet
  facet normal 0 0 1
    outer loop
      vertex 33.0787 0.861037 3
      vertex 43.7836 4.33943 3
      vertex 43.4724 5.16623 3
    endloop
  endfacet
  facet normal 0 0 1
    outer loop
      vertex 44.2406 -2.63372 3
      vertex 33.2068 -0.438952 3
      vertex 44.04 -3.49406 3
    endloop
  endfacet
  facet normal 0 0 1
    outer loop
      vertex 33.0787 0.861037 3
      vertex 43.4724 5.16623 3
      vertex 43.1078 5.9709 3
    endloop
  endfacet
  facet normal 0 0 1
    outer loop
      vertex 44.04 -3.49406 3
      vertex 33.2068 -0.438952 3
      vertex 43.7836 -4.33943 3
    endloop
  endfacet
  facet normal 0 0 1
    outer loop
      vertex 33.0787 0.861037 3
      vertex 43.1078 5.9709 3
      vertex 42.6913 6.75 3
    endloop
  endfacet
  facet normal -0 0 1
    outer loop
      vertex 33.0787 -0.861037 3
      vertex 43.7836 -4.33943 3
      vertex 33.2068 -0.438952 3
    endloop
  endfacet
  facet normal 0 0 1
    outer loop
      vertex 32.8708 1.25003 3
      vertex 42.6913 6.75 3
      vertex 42.2248 7.5002 3
    endloop
  endfacet
  facet normal 0 0 1
    outer loop
      vertex 43.7836 -4.33943 3
      vertex 33.0787 -0.861037 3
      vertex 43.4724 -5.16623 3
    endloop
  endfacet
  facet normal 0 0 1
    outer loop
      vertex 32.8708 1.25003 3
      vertex 42.2248 7.5002 3
      vertex 41.7103 8.21828 3
    endloop
  endfacet
  facet normal 0 0 1
    outer loop
      vertex 43.4724 -5.16623 3
      vertex 33.0787 -0.861037 3
      vertex 43.1078 -5.9709 3
    endloop
  endfacet
  facet normal 0 0 1
    outer loop
      vertex 32.8708 1.25003 3
      vertex 41.7103 8.21828 3
      vertex 41.1498 8.90117 3
    endloop
  endfacet
  facet normal 0 0 1
    outer loop
      vertex 43.1078 -5.9709 3
      vertex 33.0787 -0.861037 3
      vertex 42.6913 -6.75 3
    endloop
  endfacet
  facet normal 0 0 1
    outer loop
      vertex 32.591 1.59099 3
      vertex 41.1498 8.90117 3
      vertex 40.5459 9.54594 3
    endloop
  endfacet
  facet normal -0 0 1
    outer loop
      vertex 32.8708 -1.25003 3
      vertex 42.6913 -6.75 3
      vertex 33.0787 -0.861037 3
    endloop
  endfacet
  facet normal 0 0 1
    outer loop
      vertex 32.591 1.59099 3
      vertex 40.5459 9.54594 3
      vertex 39.9012 10.1498 3
    endloop
  endfacet
  facet normal 0 0 1
    outer loop
      vertex 42.6913 -6.75 3
      vertex 32.8708 -1.25003 3
      vertex 42.2248 -7.5002 3
    endloop
  endfacet
  facet normal 0 0 1
    outer loop
      vertex 32.591 1.59099 3
      vertex 39.9012 10.1498 3
      vertex 39.2183 10.7103 3
    endloop
  endfacet
  facet normal 0 0 1
    outer loop
      vertex 42.2248 -7.5002 3
      vertex 32.8708 -1.25003 3
      vertex 41.7103 -8.21828 3
    endloop
  endfacet
  facet normal 0 0 1
    outer loop
      vertex 32.25 1.87081 3
      vertex 39.2183 10.7103 3
      vertex 38.5002 11.2248 3
    endloop
  endfacet
  facet normal 0 0 1
    outer loop
      vertex 41.7103 -8.21828 3
      vertex 32.8708 -1.25003 3
      vertex 41.1498 -8.90117 3
    endloop
  endfacet
  facet normal 0 0 1
    outer loop
      vertex 32.25 1.87081 3
      vertex 38.5002 11.2248 3
      vertex 37.75 11.6913 3
    endloop
  endfacet
  facet normal -0 0 1
    outer loop
      vertex 32.591 -1.59099 3
      vertex 41.1498 -8.90117 3
      vertex 32.8708 -1.25003 3
    endloop
  endfacet
  facet normal 0 0 1
    outer loop
      vertex 32.25 1.87081 3
      vertex 37.75 11.6913 3
      vertex 36.9709 12.1078 3
    endloop
  endfacet
  facet normal 0 0 1
    outer loop
      vertex 41.1498 -8.90117 3
      vertex 32.591 -1.59099 3
      vertex 40.5459 -9.54594 3
    endloop
  endfacet
  facet normal 0 0 1
    outer loop
      vertex 31.861 2.07873 3
      vertex 36.9709 12.1078 3
      vertex 36.1662 12.4724 3
    endloop
  endfacet
  facet normal 0 0 1
    outer loop
      vertex 40.5459 -9.54594 3
      vertex 32.591 -1.59099 3
      vertex 39.9012 -10.1498 3
    endloop
  endfacet
  facet normal 0 0 1
    outer loop
      vertex 31.861 2.07873 3
      vertex 36.1662 12.4724 3
      vertex 35.3394 12.7836 3
    endloop
  endfacet
  facet normal 0 0 1
    outer loop
      vertex 39.9012 -10.1498 3
      vertex 32.591 -1.59099 3
      vertex 39.2183 -10.7103 3
    endloop
  endfacet
  facet normal 0 0 1
    outer loop
      vertex 31.861 2.07873 3
      vertex 35.3394 12.7836 3
      vertex 34.4941 13.04 3
    endloop
  endfacet
  facet normal -0 0 1
    outer loop
      vertex 32.25 -1.87081 3
      vertex 39.2183 -10.7103 3
      vertex 32.591 -1.59099 3
    endloop
  endfacet
  facet normal 0 0 1
    outer loop
      vertex 31.439 2.20677 3
      vertex 34.4941 13.04 3
      vertex 33.6337 13.2406 3
    endloop
  endfacet
  facet normal 0 0 1
    outer loop
      vertex 39.2183 -10.7103 3
      vertex 32.25 -1.87081 3
      vertex 38.5002 -11.2248 3
    endloop
  endfacet
  facet normal 0 0 1
    outer loop
      vertex 38.5002 -11.2248 3
      vertex 32.25 -1.87081 3
      vertex 37.75 -11.6913 3
    endloop
  endfacet
  facet normal 0 0 1
    outer loop
      vertex 44.3845 1.7621 3
      vertex 33.2068 0.438952 3
      vertex 33.25 0 3
    endloop
  endfacet
  facet normal 0 0 1
    outer loop
      vertex 43.7836 4.33943 3
      vertex 33.0787 0.861037 3
      vertex 33.2068 0.438952 3
    endloop
  endfacet
  facet normal 0 0 1
    outer loop
      vertex 42.6913 6.75 3
      vertex 32.8708 1.25003 3
      vertex 33.0787 0.861037 3
    endloop
  endfacet
  facet normal 0 0 1
    outer loop
      vertex 31.439 2.20677 3
      vertex 33.6337 13.2406 3
      vertex 32.7621 13.3845 3
    endloop
  endfacet
  facet normal 0 0 1
    outer loop
      vertex 41.1498 8.90117 3
      vertex 32.591 1.59099 3
      vertex 32.8708 1.25003 3
    endloop
  endfacet
  facet normal 0 0 1
    outer loop
      vertex 39.2183 10.7103 3
      vertex 32.25 1.87081 3
      vertex 32.591 1.59099 3
    endloop
  endfacet
  facet normal 0 0 1
    outer loop
      vertex 31.439 2.20677 3
      vertex 32.7621 13.3845 3
      vertex 31.8829 13.4711 3
    endloop
  endfacet
  facet normal 0 0 1
    outer loop
      vertex 36.9709 12.1078 3
      vertex 31.861 2.07873 3
      vertex 32.25 1.87081 3
    endloop
  endfacet
  facet normal 0 0 1
    outer loop
      vertex 34.4941 13.04 3
      vertex 31.439 2.20677 3
      vertex 31.861 2.07873 3
    endloop
  endfacet
  facet normal 0 0 1
    outer loop
      vertex 31 2.25 3
      vertex 31.8829 13.4711 3
      vertex 31 13.5 3
    endloop
  endfacet
  facet normal 0 0 1
    outer loop
      vertex 31.8829 13.4711 3
      vertex 31 2.25 3
      vertex 31.439 2.20677 3
    endloop
  endfacet
  facet normal -0 0 1
    outer loop
      vertex 30.1171 13.4711 3
      vertex 31 2.25 3
      vertex 31 13.5 3
    endloop
  endfacet
  facet normal 0 0 1
    outer loop
      vertex 31 2.25 3
      vertex 30.1171 13.4711 3
      vertex 30.561 2.20677 3
    endloop
  endfacet
  facet normal -0 0 1
    outer loop
      vertex 29.2379 13.3845 3
      vertex 30.561 2.20677 3
      vertex 30.1171 13.4711 3
    endloop
  endfacet
  facet normal -0 0 1
    outer loop
      vertex 28.3663 13.2406 3
      vertex 30.561 2.20677 3
      vertex 29.2379 13.3845 3
    endloop
  endfacet
  facet normal -0 0 1
    outer loop
      vertex 27.5059 13.04 3
      vertex 30.561 2.20677 3
      vertex 28.3663 13.2406 3
    endloop
  endfacet
  facet normal 0 0 1
    outer loop
      vertex 30.561 2.20677 3
      vertex 27.5059 13.04 3
      vertex 30.139 2.07873 3
    endloop
  endfacet
  facet normal -0 0 1
    outer loop
      vertex 26.6606 12.7836 3
      vertex 30.139 2.07873 3
      vertex 27.5059 13.04 3
    endloop
  endfacet
  facet normal -0 0 1
    outer loop
      vertex 25.8338 12.4724 3
      vertex 30.139 2.07873 3
      vertex 26.6606 12.7836 3
    endloop
  endfacet
  facet normal -0 0 1
    outer loop
      vertex 25.0291 12.1078 3
      vertex 30.139 2.07873 3
      vertex 25.8338 12.4724 3
    endloop
  endfacet
  facet normal 0 0 1
    outer loop
      vertex 30.139 2.07873 3
      vertex 25.0291 12.1078 3
      vertex 29.75 1.87081 3
    endloop
  endfacet
  facet normal -0 0 1
    outer loop
      vertex 24.25 11.6913 3
      vertex 29.75 1.87081 3
      vertex 25.0291 12.1078 3
    endloop
  endfacet
  facet normal 0 0 1
    outer loop
      vertex 37.75 -11.6913 3
      vertex 32.25 -1.87081 3
      vertex 36.9709 -12.1078 3
    endloop
  endfacet
  facet normal -0 0 1
    outer loop
      vertex 31.861 -2.07873 3
      vertex 36.9709 -12.1078 3
      vertex 32.25 -1.87081 3
    endloop
  endfacet
  facet normal 0 0 1
    outer loop
      vertex 36.9709 -12.1078 3
      vertex 31.861 -2.07873 3
      vertex 36.1662 -12.4724 3
    endloop
  endfacet
  facet normal 0 0 1
    outer loop
      vertex 36.1662 -12.4724 3
      vertex 31.861 -2.07873 3
      vertex 35.3394 -12.7836 3
    endloop
  endfacet
  facet normal 0 0 1
    outer loop
      vertex 35.3394 -12.7836 3
      vertex 31.861 -2.07873 3
      vertex 34.4941 -13.04 3
    endloop
  endfacet
  facet normal -0 0 1
    outer loop
      vertex 31.439 -2.20677 3
      vertex 34.4941 -13.04 3
      vertex 31.861 -2.07873 3
    endloop
  endfacet
  facet normal 0 0 1
    outer loop
      vertex 34.4941 -13.04 3
      vertex 31.439 -2.20677 3
      vertex 33.6337 -13.2406 3
    endloop
  endfacet
  facet normal 0 0 1
    outer loop
      vertex 33.6337 -13.2406 3
      vertex 31.439 -2.20677 3
      vertex 32.7621 -13.3845 3
    endloop
  endfacet
  facet normal 0 0 1
    outer loop
      vertex 32.7621 -13.3845 3
      vertex 31.439 -2.20677 3
      vertex 31.8829 -13.4711 3
    endloop
  endfacet
  facet normal -0 0 1
    outer loop
      vertex 31 -2.25 3
      vertex 31.8829 -13.4711 3
      vertex 31.439 -2.20677 3
    endloop
  endfacet
  facet normal 0 0 1
    outer loop
      vertex 31 -2.25 3
      vertex 31 -13.5 3
      vertex 31.8829 -13.4711 3
    endloop
  endfacet
  facet normal 0 0 1
    outer loop
      vertex 30.1171 -13.4711 3
      vertex 31 -2.25 3
      vertex 30.561 -2.20677 3
    endloop
  endfacet
  facet normal 0 0 1
    outer loop
      vertex 27.5059 -13.04 3
      vertex 30.561 -2.20677 3
      vertex 30.139 -2.07873 3
    endloop
  endfacet
  facet normal 0 0 1
    outer loop
      vertex 31 -2.25 3
      vertex 30.1171 -13.4711 3
      vertex 31 -13.5 3
    endloop
  endfacet
  facet normal 0 0 1
    outer loop
      vertex 25.0291 -12.1078 3
      vertex 30.139 -2.07873 3
      vertex 29.75 -1.87081 3
    endloop
  endfacet
  facet normal 0 0 1
    outer loop
      vertex 22.7817 -10.7103 3
      vertex 29.75 -1.87081 3
      vertex 29.409 -1.59099 3
    endloop
  endfacet
  facet normal 0 0 1
    outer loop
      vertex 30.561 -2.20677 3
      vertex 29.2379 -13.3845 3
      vertex 30.1171 -13.4711 3
    endloop
  endfacet
  facet normal 0 0 1
    outer loop
      vertex 20.8502 -8.90117 3
      vertex 29.409 -1.59099 3
      vertex 29.1292 -1.25003 3
    endloop
  endfacet
  facet normal 0 0 1
    outer loop
      vertex 19.3087 -6.75 3
      vertex 29.1292 -1.25003 3
      vertex 28.9213 -0.861037 3
    endloop
  endfacet
  facet normal 0 0 1
    outer loop
      vertex 18.2164 -4.33943 3
      vertex 28.9213 -0.861037 3
      vertex 28.7932 -0.438952 3
    endloop
  endfacet
  facet normal 0 0 1
    outer loop
      vertex 17.6155 -1.7621 3
      vertex 28.7932 -0.438952 3
      vertex 28.75 0 3
    endloop
  endfacet
  facet normal 0 0 1
    outer loop
      vertex 30.561 -2.20677 3
      vertex 28.3663 -13.2406 3
      vertex 29.2379 -13.3845 3
    endloop
  endfacet
  facet normal -0 0 1
    outer loop
      vertex 23.4998 11.2248 3
      vertex 29.75 1.87081 3
      vertex 24.25 11.6913 3
    endloop
  endfacet
  facet normal -0 0 1
    outer loop
      vertex 22.7817 10.7103 3
      vertex 29.75 1.87081 3
      vertex 23.4998 11.2248 3
    endloop
  endfacet
  facet normal 0 0 1
    outer loop
      vertex 30.561 -2.20677 3
      vertex 27.5059 -13.04 3
      vertex 28.3663 -13.2406 3
    endloop
  endfacet
  facet normal 0 0 1
    outer loop
      vertex 29.75 1.87081 3
      vertex 22.7817 10.7103 3
      vertex 29.409 1.59099 3
    endloop
  endfacet
  facet normal 0 0 1
    outer loop
      vertex 30.139 -2.07873 3
      vertex 26.6606 -12.7836 3
      vertex 27.5059 -13.04 3
    endloop
  endfacet
  facet normal -0 0 1
    outer loop
      vertex 22.0988 10.1498 3
      vertex 29.409 1.59099 3
      vertex 22.7817 10.7103 3
    endloop
  endfacet
  facet normal 0 0 1
    outer loop
      vertex 30.139 -2.07873 3
      vertex 25.8338 -12.4724 3
      vertex 26.6606 -12.7836 3
    endloop
  endfacet
  facet normal -0 0 1
    outer loop
      vertex 21.4541 9.54594 3
      vertex 29.409 1.59099 3
      vertex 22.0988 10.1498 3
    endloop
  endfacet
  facet normal 0 0 1
    outer loop
      vertex 30.139 -2.07873 3
      vertex 25.0291 -12.1078 3
      vertex 25.8338 -12.4724 3
    endloop
  endfacet
  facet normal -0 0 1
    outer loop
      vertex 20.8502 8.90117 3
      vertex 29.409 1.59099 3
      vertex 21.4541 9.54594 3
    endloop
  endfacet
  facet normal 0 0 1
    outer loop
      vertex 29.75 -1.87081 3
      vertex 24.25 -11.6913 3
      vertex 25.0291 -12.1078 3
    endloop
  endfacet
  facet normal 0 0 1
    outer loop
      vertex 29.409 1.59099 3
      vertex 20.8502 8.90117 3
      vertex 29.1292 1.25003 3
    endloop
  endfacet
  facet normal 0 0 1
    outer loop
      vertex 29.75 -1.87081 3
      vertex 23.4998 -11.2248 3
      vertex 24.25 -11.6913 3
    endloop
  endfacet
  facet normal -0 0 1
    outer loop
      vertex 20.2897 8.21828 3
      vertex 29.1292 1.25003 3
      vertex 20.8502 8.90117 3
    endloop
  endfacet
  facet normal 0 0 1
    outer loop
      vertex 29.75 -1.87081 3
      vertex 22.7817 -10.7103 3
      vertex 23.4998 -11.2248 3
    endloop
  endfacet
  facet normal -0 0 1
    outer loop
      vertex 19.7752 7.5002 3
      vertex 29.1292 1.25003 3
      vertex 20.2897 8.21828 3
    endloop
  endfacet
  facet normal 0 0 1
    outer loop
      vertex 29.409 -1.59099 3
      vertex 22.0988 -10.1498 3
      vertex 22.7817 -10.7103 3
    endloop
  endfacet
  facet normal -0 0 1
    outer loop
      vertex 19.3087 6.75 3
      vertex 29.1292 1.25003 3
      vertex 19.7752 7.5002 3
    endloop
  endfacet
  facet normal 0 0 1
    outer loop
      vertex 29.409 -1.59099 3
      vertex 21.4541 -9.54594 3
      vertex 22.0988 -10.1498 3
    endloop
  endfacet
  facet normal 0 0 1
    outer loop
      vertex 29.1292 1.25003 3
      vertex 19.3087 6.75 3
      vertex 28.9213 0.861037 3
    endloop
  endfacet
  facet normal 0 0 1
    outer loop
      vertex 29.409 -1.59099 3
      vertex 20.8502 -8.90117 3
      vertex 21.4541 -9.54594 3
    endloop
  endfacet
  facet normal -0 0 1
    outer loop
      vertex 18.8922 5.9709 3
      vertex 28.9213 0.861037 3
      vertex 19.3087 6.75 3
    endloop
  endfacet
  facet normal 0 0 1
    outer loop
      vertex 29.1292 -1.25003 3
      vertex 20.2897 -8.21828 3
      vertex 20.8502 -8.90117 3
    endloop
  endfacet
  facet normal -0 0 1
    outer loop
      vertex 18.5276 5.16623 3
      vertex 28.9213 0.861037 3
      vertex 18.8922 5.9709 3
    endloop
  endfacet
  facet normal 0 0 1
    outer loop
      vertex 29.1292 -1.25003 3
      vertex 19.7752 -7.5002 3
      vertex 20.2897 -8.21828 3
    endloop
  endfacet
  facet normal -0 0 1
    outer loop
      vertex 18.2164 4.33943 3
      vertex 28.9213 0.861037 3
      vertex 18.5276 5.16623 3
    endloop
  endfacet
  facet normal 0 0 1
    outer loop
      vertex 29.1292 -1.25003 3
      vertex 19.3087 -6.75 3
      vertex 19.7752 -7.5002 3
    endloop
  endfacet
  facet normal 0 0 1
    outer loop
      vertex 28.9213 0.861037 3
      vertex 18.2164 4.33943 3
      vertex 28.7932 0.438952 3
    endloop
  endfacet
  facet normal 0 0 1
    outer loop
      vertex 28.9213 -0.861037 3
      vertex 18.8922 -5.9709 3
      vertex 19.3087 -6.75 3
    endloop
  endfacet
  facet normal -0 0 1
    outer loop
      vertex 17.96 3.49406 3
      vertex 28.7932 0.438952 3
      vertex 18.2164 4.33943 3
    endloop
  endfacet
  facet normal 0 0 1
    outer loop
      vertex 28.9213 -0.861037 3
      vertex 18.5276 -5.16623 3
      vertex 18.8922 -5.9709 3
    endloop
  endfacet
  facet normal -0 0 1
    outer loop
      vertex 17.7594 2.63372 3
      vertex 28.7932 0.438952 3
      vertex 17.96 3.49406 3
    endloop
  endfacet
  facet normal 0 0 1
    outer loop
      vertex 28.9213 -0.861037 3
      vertex 18.2164 -4.33943 3
      vertex 18.5276 -5.16623 3
    endloop
  endfacet
  facet normal -0 0 1
    outer loop
      vertex 17.6155 1.7621 3
      vertex 28.7932 0.438952 3
      vertex 17.7594 2.63372 3
    endloop
  endfacet
  facet normal 0 0 1
    outer loop
      vertex 28.7932 -0.438952 3
      vertex 17.96 -3.49406 3
      vertex 18.2164 -4.33943 3
    endloop
  endfacet
  facet normal 0 0 1
    outer loop
      vertex 28.7932 0.438952 3
      vertex 17.6155 1.7621 3
      vertex 28.75 0 3
    endloop
  endfacet
  facet normal 0 0 1
    outer loop
      vertex 28.7932 -0.438952 3
      vertex 17.7594 -2.63372 3
      vertex 17.96 -3.49406 3
    endloop
  endfacet
  facet normal -0 0 1
    outer loop
      vertex 17.5289 0.882942 3
      vertex 28.75 0 3
      vertex 17.6155 1.7621 3
    endloop
  endfacet
  facet normal 0 0 1
    outer loop
      vertex 28.7932 -0.438952 3
      vertex 17.6155 -1.7621 3
      vertex 17.7594 -2.63372 3
    endloop
  endfacet
  facet normal 0 0 1
    outer loop
      vertex 17.5 0 3
      vertex 28.75 0 3
      vertex 17.5289 0.882942 3
    endloop
  endfacet
  facet normal 0 0 1
    outer loop
      vertex 28.75 0 3
      vertex 17.5289 -0.882942 3
      vertex 17.6155 -1.7621 3
    endloop
  endfacet
  facet normal 0 0 1
    outer loop
      vertex 28.75 0 3
      vertex 17.5 0 3
      vertex 17.5289 -0.882942 3
    endloop
  endfacet
  facet normal 0 0 -1
    outer loop
      vertex 33.25 0 0
      vertex 44.5 0 0
      vertex 44.4711 -0.882942 0
    endloop
  endfacet
  facet normal 0 0 -1
    outer loop
      vertex 33.25 0 0
      vertex 44.4711 -0.882942 0
      vertex 44.3845 -1.7621 0
    endloop
  endfacet
  facet normal 0 0 -1
    outer loop
      vertex 44.5 0 0
      vertex 33.25 0 0
      vertex 44.4711 0.882942 0
    endloop
  endfacet
  facet normal 0 0 -1
    outer loop
      vertex 33.2068 -0.438952 0
      vertex 44.3845 -1.7621 0
      vertex 44.2406 -2.63372 0
    endloop
  endfacet
  facet normal -0 0 -1
    outer loop
      vertex 44.4711 0.882942 0
      vertex 33.25 0 0
      vertex 44.3845 1.7621 0
    endloop
  endfacet
  facet normal 0 0 -1
    outer loop
      vertex 33.2068 -0.438952 0
      vertex 44.2406 -2.63372 0
      vertex 44.04 -3.49406 0
    endloop
  endfacet
  facet normal 0 0 -1
    outer loop
      vertex 33.2068 0.438952 0
      vertex 44.3845 1.7621 0
      vertex 33.25 0 0
    endloop
  endfacet
  facet normal 0 0 -1
    outer loop
      vertex 33.2068 -0.438952 0
      vertex 44.04 -3.49406 0
      vertex 43.7836 -4.33943 0
    endloop
  endfacet
  facet normal -0 0 -1
    outer loop
      vertex 44.3845 1.7621 0
      vertex 33.2068 0.438952 0
      vertex 44.2406 2.63372 0
    endloop
  endfacet
  facet normal 0 0 -1
    outer loop
      vertex 33.0787 -0.861037 0
      vertex 43.7836 -4.33943 0
      vertex 43.4724 -5.16623 0
    endloop
  endfacet
  facet normal -0 0 -1
    outer loop
      vertex 44.2406 2.63372 0
      vertex 33.2068 0.438952 0
      vertex 44.04 3.49406 0
    endloop
  endfacet
  facet normal 0 0 -1
    outer loop
      vertex 33.0787 -0.861037 0
      vertex 43.4724 -5.16623 0
      vertex 43.1078 -5.9709 0
    endloop
  endfacet
  facet normal -0 0 -1
    outer loop
      vertex 44.04 3.49406 0
      vertex 33.2068 0.438952 0
      vertex 43.7836 4.33943 0
    endloop
  endfacet
  facet normal 0 0 -1
    outer loop
      vertex 33.0787 -0.861037 0
      vertex 43.1078 -5.9709 0
      vertex 42.6913 -6.75 0
    endloop
  endfacet
  facet normal 0 0 -1
    outer loop
      vertex 33.0787 0.861037 0
      vertex 43.7836 4.33943 0
      vertex 33.2068 0.438952 0
    endloop
  endfacet
  facet normal 0 0 -1
    outer loop
      vertex 32.8708 -1.25003 0
      vertex 42.6913 -6.75 0
      vertex 42.2248 -7.5002 0
    endloop
  endfacet
  facet normal -0 0 -1
    outer loop
      vertex 43.7836 4.33943 0
      vertex 33.0787 0.861037 0
      vertex 43.4724 5.16623 0
    endloop
  endfacet
  facet normal 0 0 -1
    outer loop
      vertex 32.8708 -1.25003 0
      vertex 42.2248 -7.5002 0
      vertex 41.7103 -8.21828 0
    endloop
  endfacet
  facet normal -0 0 -1
    outer loop
      vertex 43.4724 5.16623 0
      vertex 33.0787 0.861037 0
      vertex 43.1078 5.9709 0
    endloop
  endfacet
  facet normal 0 0 -1
    outer loop
      vertex 32.8708 -1.25003 0
      vertex 41.7103 -8.21828 0
      vertex 41.1498 -8.90117 0
    endloop
  endfacet
  facet normal -0 0 -1
    outer loop
      vertex 43.1078 5.9709 0
      vertex 33.0787 0.861037 0
      vertex 42.6913 6.75 0
    endloop
  endfacet
  facet normal 0 0 -1
    outer loop
      vertex 32.591 -1.59099 0
      vertex 41.1498 -8.90117 0
      vertex 40.5459 -9.54594 0
    endloop
  endfacet
  facet normal 0 0 -1
    outer loop
      vertex 32.8708 1.25003 0
      vertex 42.6913 6.75 0
      vertex 33.0787 0.861037 0
    endloop
  endfacet
  facet normal 0 0 -1
    outer loop
      vertex 32.591 -1.59099 0
      vertex 40.5459 -9.54594 0
      vertex 39.9012 -10.1498 0
    endloop
  endfacet
  facet normal -0 0 -1
    outer loop
      vertex 42.6913 6.75 0
      vertex 32.8708 1.25003 0
      vertex 42.2248 7.5002 0
    endloop
  endfacet
  facet normal 0 0 -1
    outer loop
      vertex 32.591 -1.59099 0
      vertex 39.9012 -10.1498 0
      vertex 39.2183 -10.7103 0
    endloop
  endfacet
  facet normal -0 0 -1
    outer loop
      vertex 42.2248 7.5002 0
      vertex 32.8708 1.25003 0
      vertex 41.7103 8.21828 0
    endloop
  endfacet
  facet normal 0 0 -1
    outer loop
      vertex 32.25 -1.87081 0
      vertex 39.2183 -10.7103 0
      vertex 38.5002 -11.2248 0
    endloop
  endfacet
  facet normal -0 0 -1
    outer loop
      vertex 41.7103 8.21828 0
      vertex 32.8708 1.25003 0
      vertex 41.1498 8.90117 0
    endloop
  endfacet
  facet normal 0 0 -1
    outer loop
      vertex 32.25 -1.87081 0
      vertex 38.5002 -11.2248 0
      vertex 37.75 -11.6913 0
    endloop
  endfacet
  facet normal 0 0 -1
    outer loop
      vertex 32.591 1.59099 0
      vertex 41.1498 8.90117 0
      vertex 32.8708 1.25003 0
    endloop
  endfacet
  facet normal 0 0 -1
    outer loop
      vertex 32.25 -1.87081 0
      vertex 37.75 -11.6913 0
      vertex 36.9709 -12.1078 0
    endloop
  endfacet
  facet normal -0 0 -1
    outer loop
      vertex 41.1498 8.90117 0
      vertex 32.591 1.59099 0
      vertex 40.5459 9.54594 0
    endloop
  endfacet
  facet normal 0 0 -1
    outer loop
      vertex 31.861 -2.07873 0
      vertex 36.9709 -12.1078 0
      vertex 36.1662 -12.4724 0
    endloop
  endfacet
  facet normal -0 0 -1
    outer loop
      vertex 40.5459 9.54594 0
      vertex 32.591 1.59099 0
      vertex 39.9012 10.1498 0
    endloop
  endfacet
  facet normal 0 0 -1
    outer loop
      vertex 31.861 -2.07873 0
      vertex 36.1662 -12.4724 0
      vertex 35.3394 -12.7836 0
    endloop
  endfacet
  facet normal -0 0 -1
    outer loop
      vertex 39.9012 10.1498 0
      vertex 32.591 1.59099 0
      vertex 39.2183 10.7103 0
    endloop
  endfacet
  facet normal 0 0 -1
    outer loop
      vertex 31.861 -2.07873 0
      vertex 35.3394 -12.7836 0
      vertex 34.4941 -13.04 0
    endloop
  endfacet
  facet normal 0 0 -1
    outer loop
      vertex 32.25 1.87081 0
      vertex 39.2183 10.7103 0
      vertex 32.591 1.59099 0
    endloop
  endfacet
  facet normal 0 0 -1
    outer loop
      vertex 31.439 -2.20677 0
      vertex 34.4941 -13.04 0
      vertex 33.6337 -13.2406 0
    endloop
  endfacet
  facet normal -0 0 -1
    outer loop
      vertex 39.2183 10.7103 0
      vertex 32.25 1.87081 0
      vertex 38.5002 11.2248 0
    endloop
  endfacet
  facet normal -0 0 -1
    outer loop
      vertex 38.5002 11.2248 0
      vertex 32.25 1.87081 0
      vertex 37.75 11.6913 0
    endloop
  endfacet
  facet normal 0 0 -1
    outer loop
      vertex 44.3845 -1.7621 0
      vertex 33.2068 -0.438952 0
      vertex 33.25 0 0
    endloop
  endfacet
  facet normal 0 0 -1
    outer loop
      vertex 43.7836 -4.33943 0
      vertex 33.0787 -0.861037 0
      vertex 33.2068 -0.438952 0
    endloop
  endfacet
  facet normal 0 0 -1
    outer loop
      vertex 42.6913 -6.75 0
      vertex 32.8708 -1.25003 0
      vertex 33.0787 -0.861037 0
    endloop
  endfacet
  facet normal 0 0 -1
    outer loop
      vertex 31.439 -2.20677 0
      vertex 33.6337 -13.2406 0
      vertex 32.7621 -13.3845 0
    endloop
  endfacet
  facet normal 0 0 -1
    outer loop
      vertex 41.1498 -8.90117 0
      vertex 32.591 -1.59099 0
      vertex 32.8708 -1.25003 0
    endloop
  endfacet
  facet normal 0 0 -1
    outer loop
      vertex 39.2183 -10.7103 0
      vertex 32.25 -1.87081 0
      vertex 32.591 -1.59099 0
    endloop
  endfacet
  facet normal 0 0 -1
    outer loop
      vertex 31.439 -2.20677 0
      vertex 32.7621 -13.3845 0
      vertex 31.8829 -13.4711 0
    endloop
  endfacet
  facet normal 0 0 -1
    outer loop
      vertex 36.9709 -12.1078 0
      vertex 31.861 -2.07873 0
      vertex 32.25 -1.87081 0
    endloop
  endfacet
  facet normal 0 0 -1
    outer loop
      vertex 34.4941 -13.04 0
      vertex 31.439 -2.20677 0
      vertex 31.861 -2.07873 0
    endloop
  endfacet
  facet normal 0 0 -1
    outer loop
      vertex 31 -2.25 0
      vertex 31.8829 -13.4711 0
      vertex 31 -13.5 0
    endloop
  endfacet
  facet normal 0 0 -1
    outer loop
      vertex 31.8829 -13.4711 0
      vertex 31 -2.25 0
      vertex 31.439 -2.20677 0
    endloop
  endfacet
  facet normal 0 0 -1
    outer loop
      vertex 30.1171 -13.4711 0
      vertex 31 -2.25 0
      vertex 31 -13.5 0
    endloop
  endfacet
  facet normal -0 0 -1
    outer loop
      vertex 31 -2.25 0
      vertex 30.1171 -13.4711 0
      vertex 30.561 -2.20677 0
    endloop
  endfacet
  facet normal 0 0 -1
    outer loop
      vertex 29.2379 -13.3845 0
      vertex 30.561 -2.20677 0
      vertex 30.1171 -13.4711 0
    endloop
  endfacet
  facet normal 0 0 -1
    outer loop
      vertex 28.3663 -13.2406 0
      vertex 30.561 -2.20677 0
      vertex 29.2379 -13.3845 0
    endloop
  endfacet
  facet normal 0 0 -1
    outer loop
      vertex 27.5059 -13.04 0
      vertex 30.561 -2.20677 0
      vertex 28.3663 -13.2406 0
    endloop
  endfacet
  facet normal -0 0 -1
    outer loop
      vertex 30.561 -2.20677 0
      vertex 27.5059 -13.04 0
      vertex 30.139 -2.07873 0
    endloop
  endfacet
  facet normal 0 0 -1
    outer loop
      vertex 26.6606 -12.7836 0
      vertex 30.139 -2.07873 0
      vertex 27.5059 -13.04 0
    endloop
  endfacet
  facet normal 0 0 -1
    outer loop
      vertex 25.8338 -12.4724 0
      vertex 30.139 -2.07873 0
      vertex 26.6606 -12.7836 0
    endloop
  endfacet
  facet normal 0 0 -1
    outer loop
      vertex 25.0291 -12.1078 0
      vertex 30.139 -2.07873 0
      vertex 25.8338 -12.4724 0
    endloop
  endfacet
  facet normal -0 0 -1
    outer loop
      vertex 30.139 -2.07873 0
      vertex 25.0291 -12.1078 0
      vertex 29.75 -1.87081 0
    endloop
  endfacet
  facet normal 0 0 -1
    outer loop
      vertex 24.25 -11.6913 0
      vertex 29.75 -1.87081 0
      vertex 25.0291 -12.1078 0
    endloop
  endfacet
  facet normal -0 0 -1
    outer loop
      vertex 37.75 11.6913 0
      vertex 32.25 1.87081 0
      vertex 36.9709 12.1078 0
    endloop
  endfacet
  facet normal 0 0 -1
    outer loop
      vertex 31.861 2.07873 0
      vertex 36.9709 12.1078 0
      vertex 32.25 1.87081 0
    endloop
  endfacet
  facet normal -0 0 -1
    outer loop
      vertex 36.9709 12.1078 0
      vertex 31.861 2.07873 0
      vertex 36.1662 12.4724 0
    endloop
  endfacet
  facet normal -0 0 -1
    outer loop
      vertex 36.1662 12.4724 0
      vertex 31.861 2.07873 0
      vertex 35.3394 12.7836 0
    endloop
  endfacet
  facet normal -0 0 -1
    outer loop
      vertex 35.3394 12.7836 0
      vertex 31.861 2.07873 0
      vertex 34.4941 13.04 0
    endloop
  endfacet
  facet normal 0 0 -1
    outer loop
      vertex 31.439 2.20677 0
      vertex 34.4941 13.04 0
      vertex 31.861 2.07873 0
    endloop
  endfacet
  facet normal -0 0 -1
    outer loop
      vertex 34.4941 13.04 0
      vertex 31.439 2.20677 0
      vertex 33.6337 13.2406 0
    endloop
  endfacet
  facet normal -0 0 -1
    outer loop
      vertex 33.6337 13.2406 0
      vertex 31.439 2.20677 0
      vertex 32.7621 13.3845 0
    endloop
  endfacet
  facet normal -0 0 -1
    outer loop
      vertex 32.7621 13.3845 0
      vertex 31.439 2.20677 0
      vertex 31.8829 13.4711 0
    endloop
  endfacet
  facet normal 0 0 -1
    outer loop
      vertex 31 2.25 0
      vertex 31.8829 13.4711 0
      vertex 31.439 2.20677 0
    endloop
  endfacet
  facet normal 0 0 -1
    outer loop
      vertex 31 2.25 0
      vertex 31 13.5 0
      vertex 31.8829 13.4711 0
    endloop
  endfacet
  facet normal 0 0 -1
    outer loop
      vertex 30.1171 13.4711 0
      vertex 31 2.25 0
      vertex 30.561 2.20677 0
    endloop
  endfacet
  facet normal 0 0 -1
    outer loop
      vertex 27.5059 13.04 0
      vertex 30.561 2.20677 0
      vertex 30.139 2.07873 0
    endloop
  endfacet
  facet normal 0 0 -1
    outer loop
      vertex 31 2.25 0
      vertex 30.1171 13.4711 0
      vertex 31 13.5 0
    endloop
  endfacet
  facet normal 0 0 -1
    outer loop
      vertex 25.0291 12.1078 0
      vertex 30.139 2.07873 0
      vertex 29.75 1.87081 0
    endloop
  endfacet
  facet normal 0 0 -1
    outer loop
      vertex 22.7817 10.7103 0
      vertex 29.75 1.87081 0
      vertex 29.409 1.59099 0
    endloop
  endfacet
  facet normal 0 0 -1
    outer loop
      vertex 30.561 2.20677 0
      vertex 29.2379 13.3845 0
      vertex 30.1171 13.4711 0
    endloop
  endfacet
  facet normal 0 0 -1
    outer loop
      vertex 20.8502 8.90117 0
      vertex 29.409 1.59099 0
      vertex 29.1292 1.25003 0
    endloop
  endfacet
  facet normal 0 0 -1
    outer loop
      vertex 19.3087 6.75 0
      vertex 29.1292 1.25003 0
      vertex 28.9213 0.861037 0
    endloop
  endfacet
  facet normal 0 0 -1
    outer loop
      vertex 18.2164 4.33943 0
      vertex 28.9213 0.861037 0
      vertex 28.7932 0.438952 0
    endloop
  endfacet
  facet normal 0 0 -1
    outer loop
      vertex 17.6155 1.7621 0
      vertex 28.7932 0.438952 0
      vertex 28.75 0 0
    endloop
  endfacet
  facet normal 0 0 -1
    outer loop
      vertex 30.561 2.20677 0
      vertex 28.3663 13.2406 0
      vertex 29.2379 13.3845 0
    endloop
  endfacet
  facet normal 0 0 -1
    outer loop
      vertex 23.4998 -11.2248 0
      vertex 29.75 -1.87081 0
      vertex 24.25 -11.6913 0
    endloop
  endfacet
  facet normal 0 0 -1
    outer loop
      vertex 22.7817 -10.7103 0
      vertex 29.75 -1.87081 0
      vertex 23.4998 -11.2248 0
    endloop
  endfacet
  facet normal 0 0 -1
    outer loop
      vertex 30.561 2.20677 0
      vertex 27.5059 13.04 0
      vertex 28.3663 13.2406 0
    endloop
  endfacet
  facet normal -0 0 -1
    outer loop
      vertex 29.75 -1.87081 0
      vertex 22.7817 -10.7103 0
      vertex 29.409 -1.59099 0
    endloop
  endfacet
  facet normal 0 0 -1
    outer loop
      vertex 30.139 2.07873 0
      vertex 26.6606 12.7836 0
      vertex 27.5059 13.04 0
    endloop
  endfacet
  facet normal 0 0 -1
    outer loop
      vertex 22.0988 -10.1498 0
      vertex 29.409 -1.59099 0
      vertex 22.7817 -10.7103 0
    endloop
  endfacet
  facet normal 0 0 -1
    outer loop
      vertex 30.139 2.07873 0
      vertex 25.8338 12.4724 0
      vertex 26.6606 12.7836 0
    endloop
  endfacet
  facet normal 0 0 -1
    outer loop
      vertex 21.4541 -9.54594 0
      vertex 29.409 -1.59099 0
      vertex 22.0988 -10.1498 0
    endloop
  endfacet
  facet normal 0 0 -1
    outer loop
      vertex 30.139 2.07873 0
      vertex 25.0291 12.1078 0
      vertex 25.8338 12.4724 0
    endloop
  endfacet
  facet normal 0 0 -1
    outer loop
      vertex 20.8502 -8.90117 0
      vertex 29.409 -1.59099 0
      vertex 21.4541 -9.54594 0
    endloop
  endfacet
  facet normal 0 0 -1
    outer loop
      vertex 29.75 1.87081 0
      vertex 24.25 11.6913 0
      vertex 25.0291 12.1078 0
    endloop
  endfacet
  facet normal -0 0 -1
    outer loop
      vertex 29.409 -1.59099 0
      vertex 20.8502 -8.90117 0
      vertex 29.1292 -1.25003 0
    endloop
  endfacet
  facet normal 0 0 -1
    outer loop
      vertex 29.75 1.87081 0
      vertex 23.4998 11.2248 0
      vertex 24.25 11.6913 0
    endloop
  endfacet
  facet normal 0 0 -1
    outer loop
      vertex 20.2897 -8.21828 0
      vertex 29.1292 -1.25003 0
      vertex 20.8502 -8.90117 0
    endloop
  endfacet
  facet normal 0 0 -1
    outer loop
      vertex 29.75 1.87081 0
      vertex 22.7817 10.7103 0
      vertex 23.4998 11.2248 0
    endloop
  endfacet
  facet normal 0 0 -1
    outer loop
      vertex 19.7752 -7.5002 0
      vertex 29.1292 -1.25003 0
      vertex 20.2897 -8.21828 0
    endloop
  endfacet
  facet normal 0 0 -1
    outer loop
      vertex 29.409 1.59099 0
      vertex 22.0988 10.1498 0
      vertex 22.7817 10.7103 0
    endloop
  endfacet
  facet normal 0 0 -1
    outer loop
      vertex 19.3087 -6.75 0
      vertex 29.1292 -1.25003 0
      vertex 19.7752 -7.5002 0
    endloop
  endfacet
  facet normal 0 0 -1
    outer loop
      vertex 29.409 1.59099 0
      vertex 21.4541 9.54594 0
      vertex 22.0988 10.1498 0
    endloop
  endfacet
  facet normal -0 0 -1
    outer loop
      vertex 29.1292 -1.25003 0
      vertex 19.3087 -6.75 0
      vertex 28.9213 -0.861037 0
    endloop
  endfacet
  facet normal 0 0 -1
    outer loop
      vertex 29.409 1.59099 0
      vertex 20.8502 8.90117 0
      vertex 21.4541 9.54594 0
    endloop
  endfacet
  facet normal 0 0 -1
    outer loop
      vertex 18.8922 -5.9709 0
      vertex 28.9213 -0.861037 0
      vertex 19.3087 -6.75 0
    endloop
  endfacet
  facet normal 0 0 -1
    outer loop
      vertex 29.1292 1.25003 0
      vertex 20.2897 8.21828 0
      vertex 20.8502 8.90117 0
    endloop
  endfacet
  facet normal 0 0 -1
    outer loop
      vertex 18.5276 -5.16623 0
      vertex 28.9213 -0.861037 0
      vertex 18.8922 -5.9709 0
    endloop
  endfacet
  facet normal 0 0 -1
    outer loop
      vertex 29.1292 1.25003 0
      vertex 19.7752 7.5002 0
      vertex 20.2897 8.21828 0
    endloop
  endfacet
  facet normal 0 0 -1
    outer loop
      vertex 18.2164 -4.33943 0
      vertex 28.9213 -0.861037 0
      vertex 18.5276 -5.16623 0
    endloop
  endfacet
  facet normal 0 0 -1
    outer loop
      vertex 29.1292 1.25003 0
      vertex 19.3087 6.75 0
      vertex 19.7752 7.5002 0
    endloop
  endfacet
  facet normal -0 0 -1
    outer loop
      vertex 28.9213 -0.861037 0
      vertex 18.2164 -4.33943 0
      vertex 28.7932 -0.438952 0
    endloop
  endfacet
  facet normal 0 0 -1
    outer loop
      vertex 28.9213 0.861037 0
      vertex 18.8922 5.9709 0
      vertex 19.3087 6.75 0
    endloop
  endfacet
  facet normal 0 0 -1
    outer loop
      vertex 17.96 -3.49406 0
      vertex 28.7932 -0.438952 0
      vertex 18.2164 -4.33943 0
    endloop
  endfacet
  facet normal 0 0 -1
    outer loop
      vertex 28.9213 0.861037 0
      vertex 18.5276 5.16623 0
      vertex 18.8922 5.9709 0
    endloop
  endfacet
  facet normal 0 0 -1
    outer loop
      vertex 17.7594 -2.63372 0
      vertex 28.7932 -0.438952 0
      vertex 17.96 -3.49406 0
    endloop
  endfacet
  facet normal 0 0 -1
    outer loop
      vertex 28.9213 0.861037 0
      vertex 18.2164 4.33943 0
      vertex 18.5276 5.16623 0
    endloop
  endfacet
  facet normal 0 0 -1
    outer loop
      vertex 17.6155 -1.7621 0
      vertex 28.7932 -0.438952 0
      vertex 17.7594 -2.63372 0
    endloop
  endfacet
  facet normal 0 0 -1
    outer loop
      vertex 28.7932 0.438952 0
      vertex 17.96 3.49406 0
      vertex 18.2164 4.33943 0
    endloop
  endfacet
  facet normal -0 0 -1
    outer loop
      vertex 28.7932 -0.438952 0
      vertex 17.6155 -1.7621 0
      vertex 28.75 0 0
    endloop
  endfacet
  facet normal 0 0 -1
    outer loop
      vertex 28.7932 0.438952 0
      vertex 17.7594 2.63372 0
      vertex 17.96 3.49406 0
    endloop
  endfacet
  facet normal 0 0 -1
    outer loop
      vertex 17.5289 -0.882942 0
      vertex 28.75 0 0
      vertex 17.6155 -1.7621 0
    endloop
  endfacet
  facet normal 0 0 -1
    outer loop
      vertex 28.7932 0.438952 0
      vertex 17.6155 1.7621 0
      vertex 17.7594 2.63372 0
    endloop
  endfacet
  facet normal 0 0 -1
    outer loop
      vertex 17.5 0 0
      vertex 28.75 0 0
      vertex 17.5289 -0.882942 0
    endloop
  endfacet
  facet normal 0 0 -1
    outer loop
      vertex 28.75 0 0
      vertex 17.5289 0.882942 0
      vertex 17.6155 1.7621 0
    endloop
  endfacet
  facet normal 0 0 -1
    outer loop
      vertex 28.75 0 0
      vertex 17.5 0 0
      vertex 17.5289 0.882942 0
    endloop
  endfacet
  facet normal -0.995184 0.0980289 0
    outer loop
      vertex 17.5289 0.882942 0
      vertex 17.6155 1.7621 3
      vertex 17.6155 1.7621 0
    endloop
  endfacet
  facet normal -0.995184 0.0980289 0
    outer loop
      vertex 17.6155 1.7621 3
      vertex 17.5289 0.882942 0
      vertex 17.5289 0.882942 3
    endloop
  endfacet
  facet normal -0.881892 -0.471452 0
    outer loop
      vertex 19.3087 -6.75 0
      vertex 18.8922 -5.9709 3
      vertex 18.8922 -5.9709 0
    endloop
  endfacet
  facet normal -0.881892 -0.471452 0
    outer loop
      vertex 18.8922 -5.9709 3
      vertex 19.3087 -6.75 0
      vertex 19.3087 -6.75 3
    endloop
  endfacet
  facet normal -0.999465 0.032714 0
    outer loop
      vertex 17.5 0 0
      vertex 17.5289 0.882942 3
      vertex 17.5289 0.882942 0
    endloop
  endfacet
  facet normal -0.999465 0.032714 0
    outer loop
      vertex 17.5289 0.882942 3
      vertex 17.5 0 0
      vertex 17.5 0 3
    endloop
  endfacet
  facet normal -0.528064 -0.849204 0
    outer loop
      vertex 23.4998 -11.2248 0
      vertex 24.25 -11.6913 3
      vertex 23.4998 -11.2248 3
    endloop
  endfacet
  facet normal -0.528064 -0.849204 -0
    outer loop
      vertex 24.25 -11.6913 3
      vertex 23.4998 -11.2248 0
      vertex 24.25 -11.6913 0
    endloop
  endfacet
  facet normal -0.849204 0.528064 0
    outer loop
      vertex 19.3087 6.75 0
      vertex 19.7752 7.5002 3
      vertex 19.7752 7.5002 0
    endloop
  endfacet
  facet normal -0.849204 0.528064 0
    outer loop
      vertex 19.7752 7.5002 3
      vertex 19.3087 6.75 0
      vertex 19.3087 6.75 3
    endloop
  endfacet
  facet normal -0.412702 -0.910866 0
    outer loop
      vertex 25.0291 -12.1078 0
      vertex 25.8338 -12.4724 3
      vertex 25.0291 -12.1078 3
    endloop
  endfacet
  facet normal -0.412702 -0.910866 -0
    outer loop
      vertex 25.8338 -12.4724 3
      vertex 25.0291 -12.1078 0
      vertex 25.8338 -12.4724 0
    endloop
  endfacet
  facet normal -0.881941 -0.47136 0
    outer loop
      vertex 33.0787 0.861037 0
      vertex 32.8708 1.25003 3
      vertex 32.8708 1.25003 0
    endloop
  endfacet
  facet normal -0.881941 -0.47136 0
    outer loop
      vertex 32.8708 1.25003 3
      vertex 33.0787 0.861037 0
      vertex 33.0787 0.861037 3
    endloop
  endfacet
  facet normal -0.471388 -0.881926 0
    outer loop
      vertex 31.861 2.07873 0
      vertex 32.25 1.87081 3
      vertex 31.861 2.07873 3
    endloop
  endfacet
  facet normal -0.471388 -0.881926 -0
    outer loop
      vertex 32.25 1.87081 3
      vertex 31.861 2.07873 0
      vertex 32.25 1.87081 0
    endloop
  endfacet
  facet normal -0.290342 0.956923 0
    outer loop
      vertex 31.861 -2.07873 0
      vertex 31.439 -2.20677 3
      vertex 31.861 -2.07873 3
    endloop
  endfacet
  facet normal -0.290342 0.956923 0
    outer loop
      vertex 31.439 -2.20677 3
      vertex 31.861 -2.07873 0
      vertex 31.439 -2.20677 0
    endloop
  endfacet
  facet normal -0.995192 -0.097943 0
    outer loop
      vertex 33.25 0 0
      vertex 33.2068 0.438952 3
      vertex 33.2068 0.438952 0
    endloop
  endfacet
  facet normal -0.995192 -0.097943 0
    outer loop
      vertex 33.2068 0.438952 3
      vertex 33.25 0 0
      vertex 33.25 0 3
    endloop
  endfacet
  facet normal 0.290342 -0.956923 0
    outer loop
      vertex 30.139 2.07873 0
      vertex 30.561 2.20677 3
      vertex 30.139 2.07873 3
    endloop
  endfacet
  facet normal 0.290342 -0.956923 0
    outer loop
      vertex 30.561 2.20677 3
      vertex 30.139 2.07873 0
      vertex 30.561 2.20677 0
    endloop
  endfacet
  facet normal -0.0979998 0.995186 0
    outer loop
      vertex 31.439 -2.20677 0
      vertex 31 -2.25 3
      vertex 31.439 -2.20677 3
    endloop
  endfacet
  facet normal -0.0979998 0.995186 0
    outer loop
      vertex 31 -2.25 3
      vertex 31.439 -2.20677 0
      vertex 31 -2.25 0
    endloop
  endfacet
  facet normal 0.995192 -0.097943 0
    outer loop
      vertex 28.75 0 3
      vertex 28.7932 0.438952 0
      vertex 28.7932 0.438952 3
    endloop
  endfacet
  facet normal 0.995192 -0.097943 0
    outer loop
      vertex 28.7932 0.438952 0
      vertex 28.75 0 3
      vertex 28.75 0 0
    endloop
  endfacet
  facet normal 0.995192 0.097943 0
    outer loop
      vertex 28.7932 -0.438952 3
      vertex 28.75 0 0
      vertex 28.75 0 3
    endloop
  endfacet
  facet normal 0.995192 0.097943 0
    outer loop
      vertex 28.75 0 0
      vertex 28.7932 -0.438952 3
      vertex 28.7932 -0.438952 0
    endloop
  endfacet
  facet normal -0.956901 -0.290413 0
    outer loop
      vertex 33.2068 0.438952 0
      vertex 33.0787 0.861037 3
      vertex 33.0787 0.861037 0
    endloop
  endfacet
  facet normal -0.956901 -0.290413 0
    outer loop
      vertex 33.0787 0.861037 3
      vertex 33.2068 0.438952 0
      vertex 33.2068 0.438952 3
    endloop
  endfacet
  facet normal 0.634351 0.773045 -0
    outer loop
      vertex 29.75 -1.87081 0
      vertex 29.409 -1.59099 3
      vertex 29.75 -1.87081 3
    endloop
  endfacet
  facet normal 0.634351 0.773045 0
    outer loop
      vertex 29.409 -1.59099 3
      vertex 29.75 -1.87081 0
      vertex 29.409 -1.59099 0
    endloop
  endfacet
  facet normal 0.0979998 0.995186 -0
    outer loop
      vertex 31 -2.25 0
      vertex 30.561 -2.20677 3
      vertex 31 -2.25 3
    endloop
  endfacet
  facet normal 0.0979998 0.995186 0
    outer loop
      vertex 30.561 -2.20677 3
      vertex 31 -2.25 0
      vertex 30.561 -2.20677 0
    endloop
  endfacet
  facet normal -0.0979998 -0.995186 0
    outer loop
      vertex 31 2.25 0
      vertex 31.439 2.20677 3
      vertex 31 2.25 3
    endloop
  endfacet
  facet normal -0.0979998 -0.995186 -0
    outer loop
      vertex 31.439 2.20677 3
      vertex 31 2.25 0
      vertex 31.439 2.20677 0
    endloop
  endfacet
  facet normal 0.881941 0.47136 0
    outer loop
      vertex 29.1292 -1.25003 3
      vertex 28.9213 -0.861037 0
      vertex 28.9213 -0.861037 3
    endloop
  endfacet
  facet normal 0.881941 0.47136 0
    outer loop
      vertex 28.9213 -0.861037 0
      vertex 29.1292 -1.25003 3
      vertex 29.1292 -1.25003 0
    endloop
  endfacet
  facet normal 0.634351 -0.773045 0
    outer loop
      vertex 29.409 1.59099 0
      vertex 29.75 1.87081 3
      vertex 29.409 1.59099 3
    endloop
  endfacet
  facet normal 0.634351 -0.773045 0
    outer loop
      vertex 29.75 1.87081 3
      vertex 29.409 1.59099 0
      vertex 29.75 1.87081 0
    endloop
  endfacet
  facet normal 0.471388 -0.881926 0
    outer loop
      vertex 29.75 1.87081 0
      vertex 30.139 2.07873 3
      vertex 29.75 1.87081 3
    endloop
  endfacet
  facet normal 0.471388 -0.881926 0
    outer loop
      vertex 30.139 2.07873 3
      vertex 29.75 1.87081 0
      vertex 30.139 2.07873 0
    endloop
  endfacet
  facet normal 0.471388 0.881926 -0
    outer loop
      vertex 30.139 -2.07873 0
      vertex 29.75 -1.87081 3
      vertex 30.139 -2.07873 3
    endloop
  endfacet
  facet normal 0.471388 0.881926 0
    outer loop
      vertex 29.75 -1.87081 3
      vertex 30.139 -2.07873 0
      vertex 29.75 -1.87081 0
    endloop
  endfacet
  facet normal 0.290342 0.956923 -0
    outer loop
      vertex 30.561 -2.20677 0
      vertex 30.139 -2.07873 3
      vertex 30.561 -2.20677 3
    endloop
  endfacet
  facet normal 0.290342 0.956923 0
    outer loop
      vertex 30.139 -2.07873 3
      vertex 30.561 -2.20677 0
      vertex 30.139 -2.07873 0
    endloop
  endfacet
  facet normal -0.773031 -0.634368 0
    outer loop
      vertex 32.8708 1.25003 0
      vertex 32.591 1.59099 3
      vertex 32.591 1.59099 0
    endloop
  endfacet
  facet normal -0.773031 -0.634368 0
    outer loop
      vertex 32.591 1.59099 3
      vertex 32.8708 1.25003 0
      vertex 32.8708 1.25003 3
    endloop
  endfacet
  facet normal -0.881941 0.47136 0
    outer loop
      vertex 32.8708 -1.25003 0
      vertex 33.0787 -0.861037 3
      vertex 33.0787 -0.861037 0
    endloop
  endfacet
  facet normal -0.881941 0.47136 0
    outer loop
      vertex 33.0787 -0.861037 3
      vertex 32.8708 -1.25003 0
      vertex 32.8708 -1.25003 3
    endloop
  endfacet
  facet normal 0.773031 0.634368 0
    outer loop
      vertex 29.409 -1.59099 3
      vertex 29.1292 -1.25003 0
      vertex 29.1292 -1.25003 3
    endloop
  endfacet
  facet normal 0.773031 0.634368 0
    outer loop
      vertex 29.1292 -1.25003 0
      vertex 29.409 -1.59099 3
      vertex 29.409 -1.59099 0
    endloop
  endfacet
  facet normal -0.471388 0.881926 0
    outer loop
      vertex 32.25 -1.87081 0
      vertex 31.861 -2.07873 3
      vertex 32.25 -1.87081 3
    endloop
  endfacet
  facet normal -0.471388 0.881926 0
    outer loop
      vertex 31.861 -2.07873 3
      vertex 32.25 -1.87081 0
      vertex 31.861 -2.07873 0
    endloop
  endfacet
  facet normal -0.634351 -0.773045 0
    outer loop
      vertex 32.25 1.87081 0
      vertex 32.591 1.59099 3
      vertex 32.25 1.87081 3
    endloop
  endfacet
  facet normal -0.634351 -0.773045 -0
    outer loop
      vertex 32.591 1.59099 3
      vertex 32.25 1.87081 0
      vertex 32.591 1.59099 0
    endloop
  endfacet
  facet normal -0.773031 0.634368 0
    outer loop
      vertex 32.591 -1.59099 0
      vertex 32.8708 -1.25003 3
      vertex 32.8708 -1.25003 0
    endloop
  endfacet
  facet normal -0.773031 0.634368 0
    outer loop
      vertex 32.8708 -1.25003 3
      vertex 32.591 -1.59099 0
      vertex 32.591 -1.59099 3
    endloop
  endfacet
  facet normal -0.995192 0.097943 0
    outer loop
      vertex 33.2068 -0.438952 0
      vertex 33.25 0 3
      vertex 33.25 0 0
    endloop
  endfacet
  facet normal -0.995192 0.097943 0
    outer loop
      vertex 33.25 0 3
      vertex 33.2068 -0.438952 0
      vertex 33.2068 -0.438952 3
    endloop
  endfacet
  facet normal 0.956901 0.290413 0
    outer loop
      vertex 28.9213 -0.861037 3
      vertex 28.7932 -0.438952 0
      vertex 28.7932 -0.438952 3
    endloop
  endfacet
  facet normal 0.956901 0.290413 0
    outer loop
      vertex 28.7932 -0.438952 0
      vertex 28.9213 -0.861037 3
      vertex 28.9213 -0.861037 0
    endloop
  endfacet
  facet normal 0.0979998 -0.995186 0
    outer loop
      vertex 30.561 2.20677 0
      vertex 31 2.25 3
      vertex 30.561 2.20677 3
    endloop
  endfacet
  facet normal 0.0979998 -0.995186 0
    outer loop
      vertex 31 2.25 3
      vertex 30.561 2.20677 0
      vertex 31 2.25 0
    endloop
  endfacet
  facet normal 0.773031 -0.634368 0
    outer loop
      vertex 29.1292 1.25003 3
      vertex 29.409 1.59099 0
      vertex 29.409 1.59099 3
    endloop
  endfacet
  facet normal 0.773031 -0.634368 0
    outer loop
      vertex 29.409 1.59099 0
      vertex 29.1292 1.25003 3
      vertex 29.1292 1.25003 0
    endloop
  endfacet
  facet normal 0.881941 -0.47136 0
    outer loop
      vertex 28.9213 0.861037 3
      vertex 29.1292 1.25003 0
      vertex 29.1292 1.25003 3
    endloop
  endfacet
  facet normal 0.881941 -0.47136 0
    outer loop
      vertex 29.1292 1.25003 0
      vertex 28.9213 0.861037 3
      vertex 28.9213 0.861037 0
    endloop
  endfacet
  facet normal -0.956901 0.290413 0
    outer loop
      vertex 33.0787 -0.861037 0
      vertex 33.2068 -0.438952 3
      vertex 33.2068 -0.438952 0
    endloop
  endfacet
  facet normal -0.956901 0.290413 0
    outer loop
      vertex 33.2068 -0.438952 3
      vertex 33.0787 -0.861037 0
      vertex 33.0787 -0.861037 3
    endloop
  endfacet
  facet normal -0.634351 0.773045 0
    outer loop
      vertex 32.591 -1.59099 0
      vertex 32.25 -1.87081 3
      vertex 32.591 -1.59099 3
    endloop
  endfacet
  facet normal -0.634351 0.773045 0
    outer loop
      vertex 32.25 -1.87081 3
      vertex 32.591 -1.59099 0
      vertex 32.25 -1.87081 0
    endloop
  endfacet
  facet normal -0.290342 -0.956923 0
    outer loop
      vertex 31.439 2.20677 0
      vertex 31.861 2.07873 3
      vertex 31.439 2.20677 3
    endloop
  endfacet
  facet normal -0.290342 -0.956923 -0
    outer loop
      vertex 31.861 2.07873 3
      vertex 31.439 2.20677 0
      vertex 31.861 2.07873 0
    endloop
  endfacet
  facet normal 0.956901 -0.290413 0
    outer loop
      vertex 28.7932 0.438952 3
      vertex 28.9213 0.861037 0
      vertex 28.9213 0.861037 3
    endloop
  endfacet
  facet normal 0.956901 -0.290413 0
    outer loop
      vertex 28.9213 0.861037 0
      vertex 28.7932 0.438952 3
      vertex 28.7932 0.438952 0
    endloop
  endfacet
  facet normal 0.995184 0.0980289 0
    outer loop
      vertex 75.4711 0.882942 3
      vertex 75.3845 1.7621 0
      vertex 75.3845 1.7621 3
    endloop
  endfacet
  facet normal 0.995184 0.0980289 0
    outer loop
      vertex 75.3845 1.7621 0
      vertex 75.4711 0.882942 3
      vertex 75.4711 0.882942 0
    endloop
  endfacet
  facet normal 0.999465 0.032714 0
    outer loop
      vertex 75.5 0 3
      vertex 75.4711 0.882942 0
      vertex 75.4711 0.882942 3
    endloop
  endfacet
  facet normal 0.999465 0.032714 0
    outer loop
      vertex 75.4711 0.882942 0
      vertex 75.5 0 3
      vertex 75.5 0 0
    endloop
  endfacet
  facet normal 0.352264 -0.935901 0
    outer loop
      vertex 66.3394 -12.7836 0
      vertex 67.1662 -12.4724 3
      vertex 66.3394 -12.7836 3
    endloop
  endfacet
  facet normal 0.352264 -0.935901 0
    outer loop
      vertex 67.1662 -12.4724 3
      vertex 66.3394 -12.7836 0
      vertex 67.1662 -12.4724 0
    endloop
  endfacet
  facet normal 0.0980243 0.995184 -0
    outer loop
      vertex 63.7621 13.3845 0
      vertex 62.8829 13.4711 3
      vertex 63.7621 13.3845 3
    endloop
  endfacet
  facet normal 0.0980243 0.995184 0
    outer loop
      vertex 62.8829 13.4711 3
      vertex 63.7621 13.3845 0
      vertex 62.8829 13.4711 0
    endloop
  endfacet
  facet normal -0.935901 -0.352264 0
    outer loop
      vertex 49.5276 -5.16623 0
      vertex 49.2164 -4.33943 3
      vertex 49.2164 -4.33943 0
    endloop
  endfacet
  facet normal -0.935901 -0.352264 0
    outer loop
      vertex 49.2164 -4.33943 3
      vertex 49.5276 -5.16623 0
      vertex 49.5276 -5.16623 3
    endloop
  endfacet
  facet normal -0.162894 -0.986644 0
    outer loop
      vertex 59.3663 -13.2406 0
      vertex 60.2379 -13.3845 3
      vertex 59.3663 -13.2406 3
    endloop
  endfacet
  facet normal -0.162894 -0.986644 -0
    outer loop
      vertex 60.2379 -13.3845 3
      vertex 59.3663 -13.2406 0
      vertex 60.2379 -13.3845 0
    endloop
  endfacet
  facet normal 0.528064 -0.849204 0
    outer loop
      vertex 68.75 -11.6913 0
      vertex 69.5002 -11.2248 3
      vertex 68.75 -11.6913 3
    endloop
  endfacet
  facet normal 0.528064 -0.849204 0
    outer loop
      vertex 69.5002 -11.2248 3
      vertex 68.75 -11.6913 0
      vertex 69.5002 -11.2248 0
    endloop
  endfacet
  facet normal 0.227058 -0.973881 0
    outer loop
      vertex 64.6337 -13.2406 0
      vertex 65.4941 -13.04 3
      vertex 64.6337 -13.2406 3
    endloop
  endfacet
  facet normal 0.227058 -0.973881 0
    outer loop
      vertex 65.4941 -13.04 3
      vertex 64.6337 -13.2406 0
      vertex 65.4941 -13.04 0
    endloop
  endfacet
  facet normal -0.849204 -0.528064 0
    outer loop
      vertex 50.7752 -7.5002 0
      vertex 50.3087 -6.75 3
      vertex 50.3087 -6.75 0
    endloop
  endfacet
  facet normal -0.849204 -0.528064 0
    outer loop
      vertex 50.3087 -6.75 3
      vertex 50.7752 -7.5002 0
      vertex 50.7752 -7.5002 3
    endloop
  endfacet
  facet normal -0.72986 0.683597 0
    outer loop
      vertex 51.8502 8.90117 0
      vertex 52.4541 9.54594 3
      vertex 52.4541 9.54594 0
    endloop
  endfacet
  facet normal -0.72986 0.683597 0
    outer loop
      vertex 52.4541 9.54594 3
      vertex 51.8502 8.90117 0
      vertex 51.8502 8.90117 3
    endloop
  endfacet
  facet normal 0.162894 -0.986644 0
    outer loop
      vertex 63.7621 -13.3845 0
      vertex 64.6337 -13.2406 3
      vertex 63.7621 -13.3845 3
    endloop
  endfacet
  facet normal 0.162894 -0.986644 0
    outer loop
      vertex 64.6337 -13.2406 3
      vertex 63.7621 -13.3845 0
      vertex 64.6337 -13.2406 0
    endloop
  endfacet
  facet normal -0.881892 0.471452 0
    outer loop
      vertex 49.8922 5.9709 0
      vertex 50.3087 6.75 3
      vertex 50.3087 6.75 0
    endloop
  endfacet
  facet normal -0.881892 0.471452 0
    outer loop
      vertex 50.3087 6.75 3
      vertex 49.8922 5.9709 0
      vertex 49.8922 5.9709 3
    endloop
  endfacet
  facet normal 0.973878 0.227073 0
    outer loop
      vertex 75.2406 2.63372 3
      vertex 75.04 3.49406 0
      vertex 75.04 3.49406 3
    endloop
  endfacet
  facet normal 0.973878 0.227073 0
    outer loop
      vertex 75.04 3.49406 0
      vertex 75.2406 2.63372 3
      vertex 75.2406 2.63372 0
    endloop
  endfacet
  facet normal 0.162894 0.986644 -0
    outer loop
      vertex 64.6337 13.2406 0
      vertex 63.7621 13.3845 3
      vertex 64.6337 13.2406 3
    endloop
  endfacet
  facet normal 0.162894 0.986644 0
    outer loop
      vertex 63.7621 13.3845 3
      vertex 64.6337 13.2406 0
      vertex 63.7621 13.3845 0
    endloop
  endfacet
  facet normal 0.986644 -0.16289 0
    outer loop
      vertex 75.2406 -2.63372 3
      vertex 75.3845 -1.7621 0
      vertex 75.3845 -1.7621 3
    endloop
  endfacet
  facet normal 0.986644 -0.16289 0
    outer loop
      vertex 75.3845 -1.7621 0
      vertex 75.2406 -2.63372 3
      vertex 75.2406 -2.63372 0
    endloop
  endfacet
  facet normal 0.582415 0.812891 -0
    outer loop
      vertex 70.2183 10.7103 0
      vertex 69.5002 11.2248 3
      vertex 70.2183 10.7103 3
    endloop
  endfacet
  facet normal 0.582415 0.812891 0
    outer loop
      vertex 69.5002 11.2248 3
      vertex 70.2183 10.7103 0
      vertex 69.5002 11.2248 0
    endloop
  endfacet
  facet normal -0.973878 0.227073 0
    outer loop
      vertex 48.7594 2.63372 0
      vertex 48.96 3.49406 3
      vertex 48.96 3.49406 0
    endloop
  endfacet
  facet normal -0.973878 0.227073 0
    outer loop
      vertex 48.96 3.49406 3
      vertex 48.7594 2.63372 0
      vertex 48.7594 2.63372 3
    endloop
  endfacet
  facet normal 0.471452 -0.881892 0
    outer loop
      vertex 67.9709 -12.1078 0
      vertex 68.75 -11.6913 3
      vertex 67.9709 -12.1078 3
    endloop
  endfacet
  facet normal 0.471452 -0.881892 0
    outer loop
      vertex 68.75 -11.6913 3
      vertex 67.9709 -12.1078 0
      vertex 68.75 -11.6913 0
    endloop
  endfacet
  facet normal -0.412702 0.910866 0
    outer loop
      vertex 56.8338 12.4724 0
      vertex 56.0291 12.1078 3
      vertex 56.8338 12.4724 3
    endloop
  endfacet
  facet normal -0.412702 0.910866 0
    outer loop
      vertex 56.0291 12.1078 3
      vertex 56.8338 12.4724 0
      vertex 56.0291 12.1078 0
    endloop
  endfacet
  facet normal -0.0980243 0.995184 0
    outer loop
      vertex 61.1171 13.4711 0
      vertex 60.2379 13.3845 3
      vertex 61.1171 13.4711 3
    endloop
  endfacet
  facet normal -0.0980243 0.995184 0
    outer loop
      vertex 60.2379 13.3845 3
      vertex 61.1171 13.4711 0
      vertex 60.2379 13.3845 0
    endloop
  endfacet
  facet normal -0.471452 -0.881892 0
    outer loop
      vertex 55.25 -11.6913 0
      vertex 56.0291 -12.1078 3
      vertex 55.25 -11.6913 3
    endloop
  endfacet
  facet normal -0.471452 -0.881892 -0
    outer loop
      vertex 56.0291 -12.1078 3
      vertex 55.25 -11.6913 0
      vertex 56.0291 -12.1078 0
    endloop
  endfacet
  facet normal 0.412702 0.910866 -0
    outer loop
      vertex 67.9709 12.1078 0
      vertex 67.1662 12.4724 3
      vertex 67.9709 12.1078 3
    endloop
  endfacet
  facet normal 0.412702 0.910866 0
    outer loop
      vertex 67.1662 12.4724 3
      vertex 67.9709 12.1078 0
      vertex 67.1662 12.4724 0
    endloop
  endfacet
  facet normal 0.528064 0.849204 -0
    outer loop
      vertex 69.5002 11.2248 0
      vertex 68.75 11.6913 3
      vertex 69.5002 11.2248 3
    endloop
  endfacet
  facet normal 0.528064 0.849204 0
    outer loop
      vertex 68.75 11.6913 3
      vertex 69.5002 11.2248 0
      vertex 68.75 11.6913 0
    endloop
  endfacet
  facet normal 0.0327155 -0.999465 0
    outer loop
      vertex 62 -13.5 0
      vertex 62.8829 -13.4711 3
      vertex 62 -13.5 3
    endloop
  endfacet
  facet normal 0.0327155 -0.999465 0
    outer loop
      vertex 62.8829 -13.4711 3
      vertex 62 -13.5 0
      vertex 62.8829 -13.4711 0
    endloop
  endfacet
  facet normal 0.956953 -0.290243 0
    outer loop
      vertex 74.7836 -4.33943 3
      vertex 75.04 -3.49406 0
      vertex 75.04 -3.49406 3
    endloop
  endfacet
  facet normal 0.956953 -0.290243 0
    outer loop
      vertex 75.04 -3.49406 0
      vertex 74.7836 -4.33943 3
      vertex 74.7836 -4.33943 0
    endloop
  endfacet
  facet normal 0.471452 0.881892 -0
    outer loop
      vertex 68.75 11.6913 0
      vertex 67.9709 12.1078 3
      vertex 68.75 11.6913 3
    endloop
  endfacet
  facet normal 0.471452 0.881892 0
    outer loop
      vertex 67.9709 12.1078 3
      vertex 68.75 11.6913 0
      vertex 67.9709 12.1078 0
    endloop
  endfacet
  facet normal -0.956953 -0.290243 0
    outer loop
      vertex 49.2164 -4.33943 0
      vertex 48.96 -3.49406 3
      vertex 48.96 -3.49406 0
    endloop
  endfacet
  facet normal -0.956953 -0.290243 0
    outer loop
      vertex 48.96 -3.49406 3
      vertex 49.2164 -4.33943 0
      vertex 49.2164 -4.33943 3
    endloop
  endfacet
  facet normal 0.0980243 -0.995184 0
    outer loop
      vertex 62.8829 -13.4711 0
      vertex 63.7621 -13.3845 3
      vertex 62.8829 -13.4711 3
    endloop
  endfacet
  facet normal 0.0980243 -0.995184 0
    outer loop
      vertex 63.7621 -13.3845 3
      vertex 62.8829 -13.4711 0
      vertex 63.7621 -13.3845 0
    endloop
  endfacet
  facet normal 0.935901 0.352264 0
    outer loop
      vertex 74.7836 4.33943 3
      vertex 74.4724 5.16623 0
      vertex 74.4724 5.16623 3
    endloop
  endfacet
  facet normal 0.935901 0.352264 0
    outer loop
      vertex 74.4724 5.16623 0
      vertex 74.7836 4.33943 3
      vertex 74.7836 4.33943 0
    endloop
  endfacet
  facet normal -0.683612 0.729846 0
    outer loop
      vertex 53.0988 10.1498 0
      vertex 52.4541 9.54594 3
      vertex 53.0988 10.1498 3
    endloop
  endfacet
  facet normal -0.683612 0.729846 0
    outer loop
      vertex 52.4541 9.54594 3
      vertex 53.0988 10.1498 0
      vertex 52.4541 9.54594 0
    endloop
  endfacet
  facet normal -0.290265 0.956946 0
    outer loop
      vertex 58.5059 13.04 0
      vertex 57.6606 12.7836 3
      vertex 58.5059 13.04 3
    endloop
  endfacet
  facet normal -0.290265 0.956946 0
    outer loop
      vertex 57.6606 12.7836 3
      vertex 58.5059 13.04 0
      vertex 57.6606 12.7836 0
    endloop
  endfacet
  facet normal -0.227058 -0.973881 0
    outer loop
      vertex 58.5059 -13.04 0
      vertex 59.3663 -13.2406 3
      vertex 58.5059 -13.04 3
    endloop
  endfacet
  facet normal -0.227058 -0.973881 -0
    outer loop
      vertex 59.3663 -13.2406 3
      vertex 58.5059 -13.04 0
      vertex 59.3663 -13.2406 0
    endloop
  endfacet
  facet normal -0.162894 0.986644 0
    outer loop
      vertex 60.2379 13.3845 0
      vertex 59.3663 13.2406 3
      vertex 60.2379 13.3845 3
    endloop
  endfacet
  facet normal -0.162894 0.986644 0
    outer loop
      vertex 59.3663 13.2406 3
      vertex 60.2379 13.3845 0
      vertex 59.3663 13.2406 0
    endloop
  endfacet
  facet normal 0.772973 0.634438 0
    outer loop
      vertex 72.7103 8.21828 3
      vertex 72.1498 8.90117 0
      vertex 72.1498 8.90117 3
    endloop
  endfacet
  facet normal 0.772973 0.634438 0
    outer loop
      vertex 72.1498 8.90117 0
      vertex 72.7103 8.21828 3
      vertex 72.7103 8.21828 0
    endloop
  endfacet
  facet normal -0.986644 0.16289 0
    outer loop
      vertex 48.6155 1.7621 0
      vertex 48.7594 2.63372 3
      vertex 48.7594 2.63372 0
    endloop
  endfacet
  facet normal -0.986644 0.16289 0
    outer loop
      vertex 48.7594 2.63372 3
      vertex 48.6155 1.7621 0
      vertex 48.6155 1.7621 3
    endloop
  endfacet
  facet normal 0.72986 -0.683597 0
    outer loop
      vertex 71.5459 -9.54594 3
      vertex 72.1498 -8.90117 0
      vertex 72.1498 -8.90117 3
    endloop
  endfacet
  facet normal 0.72986 -0.683597 0
    outer loop
      vertex 72.1498 -8.90117 0
      vertex 71.5459 -9.54594 3
      vertex 71.5459 -9.54594 0
    endloop
  endfacet
  facet normal 0.227058 0.973881 -0
    outer loop
      vertex 65.4941 13.04 0
      vertex 64.6337 13.2406 3
      vertex 65.4941 13.04 3
    endloop
  endfacet
  facet normal 0.227058 0.973881 0
    outer loop
      vertex 64.6337 13.2406 3
      vertex 65.4941 13.04 0
      vertex 64.6337 13.2406 0
    endloop
  endfacet
  facet normal -0.0327155 -0.999465 0
    outer loop
      vertex 61.1171 -13.4711 0
      vertex 62 -13.5 3
      vertex 61.1171 -13.4711 3
    endloop
  endfacet
  facet normal -0.0327155 -0.999465 -0
    outer loop
      vertex 62 -13.5 3
      vertex 61.1171 -13.4711 0
      vertex 62 -13.5 0
    endloop
  endfacet
  facet normal 0.881892 -0.471452 0
    outer loop
      vertex 73.6913 -6.75 3
      vertex 74.1078 -5.9709 0
      vertex 74.1078 -5.9709 3
    endloop
  endfacet
  facet normal 0.881892 -0.471452 0
    outer loop
      vertex 74.1078 -5.9709 0
      vertex 73.6913 -6.75 3
      vertex 73.6913 -6.75 0
    endloop
  endfacet
  facet normal 0.956953 0.290243 0
    outer loop
      vertex 75.04 3.49406 3
      vertex 74.7836 4.33943 0
      vertex 74.7836 4.33943 3
    endloop
  endfacet
  facet normal 0.956953 0.290243 0
    outer loop
      vertex 74.7836 4.33943 0
      vertex 75.04 3.49406 3
      vertex 75.04 3.49406 0
    endloop
  endfacet
  facet normal 0.72986 0.683597 0
    outer loop
      vertex 72.1498 8.90117 3
      vertex 71.5459 9.54594 0
      vertex 71.5459 9.54594 3
    endloop
  endfacet
  facet normal 0.72986 0.683597 0
    outer loop
      vertex 71.5459 9.54594 0
      vertex 72.1498 8.90117 3
      vertex 72.1498 8.90117 0
    endloop
  endfacet
  facet normal 0.683612 0.729846 -0
    outer loop
      vertex 71.5459 9.54594 0
      vertex 70.9012 10.1498 3
      vertex 71.5459 9.54594 3
    endloop
  endfacet
  facet normal 0.683612 0.729846 0
    outer loop
      vertex 70.9012 10.1498 3
      vertex 71.5459 9.54594 0
      vertex 70.9012 10.1498 0
    endloop
  endfacet
  facet normal -0.582415 0.812891 0
    outer loop
      vertex 54.4998 11.2248 0
      vertex 53.7817 10.7103 3
      vertex 54.4998 11.2248 3
    endloop
  endfacet
  facet normal -0.582415 0.812891 0
    outer loop
      vertex 53.7817 10.7103 3
      vertex 54.4998 11.2248 0
      vertex 53.7817 10.7103 0
    endloop
  endfacet
  facet normal -0.528064 0.849204 0
    outer loop
      vertex 55.25 11.6913 0
      vertex 54.4998 11.2248 3
      vertex 55.25 11.6913 3
    endloop
  endfacet
  facet normal -0.528064 0.849204 0
    outer loop
      vertex 54.4998 11.2248 3
      vertex 55.25 11.6913 0
      vertex 54.4998 11.2248 0
    endloop
  endfacet
  facet normal -0.91086 0.412715 0
    outer loop
      vertex 49.5276 5.16623 0
      vertex 49.8922 5.9709 3
      vertex 49.8922 5.9709 0
    endloop
  endfacet
  facet normal -0.91086 0.412715 0
    outer loop
      vertex 49.8922 5.9709 3
      vertex 49.5276 5.16623 0
      vertex 49.5276 5.16623 3
    endloop
  endfacet
  facet normal 0.290265 -0.956946 0
    outer loop
      vertex 65.4941 -13.04 0
      vertex 66.3394 -12.7836 3
      vertex 65.4941 -13.04 3
    endloop
  endfacet
  facet normal 0.290265 -0.956946 0
    outer loop
      vertex 66.3394 -12.7836 3
      vertex 65.4941 -13.04 0
      vertex 66.3394 -12.7836 0
    endloop
  endfacet
  facet normal 0.849204 0.528064 0
    outer loop
      vertex 73.6913 6.75 3
      vertex 73.2248 7.5002 0
      vertex 73.2248 7.5002 3
    endloop
  endfacet
  facet normal 0.849204 0.528064 0
    outer loop
      vertex 73.2248 7.5002 0
      vertex 73.6913 6.75 3
      vertex 73.6913 6.75 0
    endloop
  endfacet
  facet normal 0.634433 -0.772978 0
    outer loop
      vertex 70.2183 -10.7103 0
      vertex 70.9012 -10.1498 3
      vertex 70.2183 -10.7103 3
    endloop
  endfacet
  facet normal 0.634433 -0.772978 0
    outer loop
      vertex 70.9012 -10.1498 3
      vertex 70.2183 -10.7103 0
      vertex 70.9012 -10.1498 0
    endloop
  endfacet
  facet normal 0.91086 -0.412715 0
    outer loop
      vertex 74.1078 -5.9709 3
      vertex 74.4724 -5.16623 0
      vertex 74.4724 -5.16623 3
    endloop
  endfacet
  facet normal 0.91086 -0.412715 0
    outer loop
      vertex 74.4724 -5.16623 0
      vertex 74.1078 -5.9709 3
      vertex 74.1078 -5.9709 0
    endloop
  endfacet
  facet normal -0.986644 -0.16289 0
    outer loop
      vertex 48.7594 -2.63372 0
      vertex 48.6155 -1.7621 3
      vertex 48.6155 -1.7621 0
    endloop
  endfacet
  facet normal -0.986644 -0.16289 0
    outer loop
      vertex 48.6155 -1.7621 3
      vertex 48.7594 -2.63372 0
      vertex 48.7594 -2.63372 3
    endloop
  endfacet
  facet normal 0.881892 0.471452 0
    outer loop
      vertex 74.1078 5.9709 3
      vertex 73.6913 6.75 0
      vertex 73.6913 6.75 3
    endloop
  endfacet
  facet normal 0.881892 0.471452 0
    outer loop
      vertex 73.6913 6.75 0
      vertex 74.1078 5.9709 3
      vertex 74.1078 5.9709 0
    endloop
  endfacet
  facet normal 0.935901 -0.352264 0
    outer loop
      vertex 74.4724 -5.16623 3
      vertex 74.7836 -4.33943 0
      vertex 74.7836 -4.33943 3
    endloop
  endfacet
  facet normal 0.935901 -0.352264 0
    outer loop
      vertex 74.7836 -4.33943 0
      vertex 74.4724 -5.16623 3
      vertex 74.4724 -5.16623 0
    endloop
  endfacet
  facet normal -0.999465 -0.032714 0
    outer loop
      vertex 48.5289 -0.882942 0
      vertex 48.5 0 3
      vertex 48.5 0 0
    endloop
  endfacet
  facet normal -0.999465 -0.032714 0
    outer loop
      vertex 48.5 0 3
      vertex 48.5289 -0.882942 0
      vertex 48.5289 -0.882942 3
    endloop
  endfacet
  facet normal 0.412702 -0.910866 0
    outer loop
      vertex 67.1662 -12.4724 0
      vertex 67.9709 -12.1078 3
      vertex 67.1662 -12.4724 3
    endloop
  endfacet
  facet normal 0.412702 -0.910866 0
    outer loop
      vertex 67.9709 -12.1078 3
      vertex 67.1662 -12.4724 0
      vertex 67.9709 -12.1078 0
    endloop
  endfacet
  facet normal 0.812884 -0.582426 0
    outer loop
      vertex 72.7103 -8.21828 3
      vertex 73.2248 -7.5002 0
      vertex 73.2248 -7.5002 3
    endloop
  endfacet
  facet normal 0.812884 -0.582426 0
    outer loop
      vertex 73.2248 -7.5002 0
      vertex 72.7103 -8.21828 3
      vertex 72.7103 -8.21828 0
    endloop
  endfacet
  facet normal -0.0980243 -0.995184 0
    outer loop
      vertex 60.2379 -13.3845 0
      vertex 61.1171 -13.4711 3
      vertex 60.2379 -13.3845 3
    endloop
  endfacet
  facet normal -0.0980243 -0.995184 -0
    outer loop
      vertex 61.1171 -13.4711 3
      vertex 60.2379 -13.3845 0
      vertex 61.1171 -13.4711 0
    endloop
  endfacet
  facet normal 0.772973 -0.634438 0
    outer loop
      vertex 72.1498 -8.90117 3
      vertex 72.7103 -8.21828 0
      vertex 72.7103 -8.21828 3
    endloop
  endfacet
  facet normal 0.772973 -0.634438 0
    outer loop
      vertex 72.7103 -8.21828 0
      vertex 72.1498 -8.90117 3
      vertex 72.1498 -8.90117 0
    endloop
  endfacet
  facet normal -0.352264 0.935901 0
    outer loop
      vertex 57.6606 12.7836 0
      vertex 56.8338 12.4724 3
      vertex 57.6606 12.7836 3
    endloop
  endfacet
  facet normal -0.352264 0.935901 0
    outer loop
      vertex 56.8338 12.4724 3
      vertex 57.6606 12.7836 0
      vertex 56.8338 12.4724 0
    endloop
  endfacet
  facet normal -0.227058 0.973881 0
    outer loop
      vertex 59.3663 13.2406 0
      vertex 58.5059 13.04 3
      vertex 59.3663 13.2406 3
    endloop
  endfacet
  facet normal -0.227058 0.973881 0
    outer loop
      vertex 58.5059 13.04 3
      vertex 59.3663 13.2406 0
      vertex 58.5059 13.04 0
    endloop
  endfacet
  facet normal 0.582415 -0.812891 0
    outer loop
      vertex 69.5002 -11.2248 0
      vertex 70.2183 -10.7103 3
      vertex 69.5002 -11.2248 3
    endloop
  endfacet
  facet normal 0.582415 -0.812891 0
    outer loop
      vertex 70.2183 -10.7103 3
      vertex 69.5002 -11.2248 0
      vertex 70.2183 -10.7103 0
    endloop
  endfacet
  facet normal -0.973878 -0.227073 0
    outer loop
      vertex 48.96 -3.49406 0
      vertex 48.7594 -2.63372 3
      vertex 48.7594 -2.63372 0
    endloop
  endfacet
  facet normal -0.973878 -0.227073 0
    outer loop
      vertex 48.7594 -2.63372 3
      vertex 48.96 -3.49406 0
      vertex 48.96 -3.49406 3
    endloop
  endfacet
  facet normal -0.812884 -0.582426 0
    outer loop
      vertex 51.2897 -8.21828 0
      vertex 50.7752 -7.5002 3
      vertex 50.7752 -7.5002 0
    endloop
  endfacet
  facet normal -0.812884 -0.582426 0
    outer loop
      vertex 50.7752 -7.5002 3
      vertex 51.2897 -8.21828 0
      vertex 51.2897 -8.21828 3
    endloop
  endfacet
  facet normal -0.634433 -0.772978 0
    outer loop
      vertex 53.0988 -10.1498 0
      vertex 53.7817 -10.7103 3
      vertex 53.0988 -10.1498 3
    endloop
  endfacet
  facet normal -0.634433 -0.772978 -0
    outer loop
      vertex 53.7817 -10.7103 3
      vertex 53.0988 -10.1498 0
      vertex 53.7817 -10.7103 0
    endloop
  endfacet
  facet normal -0.0327155 0.999465 0
    outer loop
      vertex 62 13.5 0
      vertex 61.1171 13.4711 3
      vertex 62 13.5 3
    endloop
  endfacet
  facet normal -0.0327155 0.999465 0
    outer loop
      vertex 61.1171 13.4711 3
      vertex 62 13.5 0
      vertex 61.1171 13.4711 0
    endloop
  endfacet
  facet normal 0.290265 0.956946 -0
    outer loop
      vertex 66.3394 12.7836 0
      vertex 65.4941 13.04 3
      vertex 66.3394 12.7836 3
    endloop
  endfacet
  facet normal 0.290265 0.956946 0
    outer loop
      vertex 65.4941 13.04 3
      vertex 66.3394 12.7836 0
      vertex 65.4941 13.04 0
    endloop
  endfacet
  facet normal 0.995184 -0.0980289 0
    outer loop
      vertex 75.3845 -1.7621 3
      vertex 75.4711 -0.882942 0
      vertex 75.4711 -0.882942 3
    endloop
  endfacet
  facet normal 0.995184 -0.0980289 0
    outer loop
      vertex 75.4711 -0.882942 0
      vertex 75.3845 -1.7621 3
      vertex 75.3845 -1.7621 0
    endloop
  endfacet
  facet normal 0.999465 -0.032714 0
    outer loop
      vertex 75.4711 -0.882942 3
      vertex 75.5 0 0
      vertex 75.5 0 3
    endloop
  endfacet
  facet normal 0.999465 -0.032714 0
    outer loop
      vertex 75.5 0 0
      vertex 75.4711 -0.882942 3
      vertex 75.4711 -0.882942 0
    endloop
  endfacet
  facet normal -0.956953 0.290243 0
    outer loop
      vertex 48.96 3.49406 0
      vertex 49.2164 4.33943 3
      vertex 49.2164 4.33943 0
    endloop
  endfacet
  facet normal -0.956953 0.290243 0
    outer loop
      vertex 49.2164 4.33943 3
      vertex 48.96 3.49406 0
      vertex 48.96 3.49406 3
    endloop
  endfacet
  facet normal -0.772973 0.634438 0
    outer loop
      vertex 51.2897 8.21828 0
      vertex 51.8502 8.90117 3
      vertex 51.8502 8.90117 0
    endloop
  endfacet
  facet normal -0.772973 0.634438 0
    outer loop
      vertex 51.8502 8.90117 3
      vertex 51.2897 8.21828 0
      vertex 51.2897 8.21828 3
    endloop
  endfacet
  facet normal 0.973878 -0.227073 0
    outer loop
      vertex 75.04 -3.49406 3
      vertex 75.2406 -2.63372 0
      vertex 75.2406 -2.63372 3
    endloop
  endfacet
  facet normal 0.973878 -0.227073 0
    outer loop
      vertex 75.2406 -2.63372 0
      vertex 75.04 -3.49406 3
      vertex 75.04 -3.49406 0
    endloop
  endfacet
  facet normal -0.91086 -0.412715 0
    outer loop
      vertex 49.8922 -5.9709 0
      vertex 49.5276 -5.16623 3
      vertex 49.5276 -5.16623 0
    endloop
  endfacet
  facet normal -0.91086 -0.412715 0
    outer loop
      vertex 49.5276 -5.16623 3
      vertex 49.8922 -5.9709 0
      vertex 49.8922 -5.9709 3
    endloop
  endfacet
  facet normal -0.634433 0.772978 0
    outer loop
      vertex 53.7817 10.7103 0
      vertex 53.0988 10.1498 3
      vertex 53.7817 10.7103 3
    endloop
  endfacet
  facet normal -0.634433 0.772978 0
    outer loop
      vertex 53.0988 10.1498 3
      vertex 53.7817 10.7103 0
      vertex 53.0988 10.1498 0
    endloop
  endfacet
  facet normal 0.683612 -0.729846 0
    outer loop
      vertex 70.9012 -10.1498 0
      vertex 71.5459 -9.54594 3
      vertex 70.9012 -10.1498 3
    endloop
  endfacet
  facet normal 0.683612 -0.729846 0
    outer loop
      vertex 71.5459 -9.54594 3
      vertex 70.9012 -10.1498 0
      vertex 71.5459 -9.54594 0
    endloop
  endfacet
  facet normal 0.352264 0.935901 -0
    outer loop
      vertex 67.1662 12.4724 0
      vertex 66.3394 12.7836 3
      vertex 67.1662 12.4724 3
    endloop
  endfacet
  facet normal 0.352264 0.935901 0
    outer loop
      vertex 66.3394 12.7836 3
      vertex 67.1662 12.4724 0
      vertex 66.3394 12.7836 0
    endloop
  endfacet
  facet normal 0.634433 0.772978 -0
    outer loop
      vertex 70.9012 10.1498 0
      vertex 70.2183 10.7103 3
      vertex 70.9012 10.1498 3
    endloop
  endfacet
  facet normal 0.634433 0.772978 0
    outer loop
      vertex 70.2183 10.7103 3
      vertex 70.9012 10.1498 0
      vertex 70.2183 10.7103 0
    endloop
  endfacet
  facet normal 0.812884 0.582426 0
    outer loop
      vertex 73.2248 7.5002 3
      vertex 72.7103 8.21828 0
      vertex 72.7103 8.21828 3
    endloop
  endfacet
  facet normal 0.812884 0.582426 0
    outer loop
      vertex 72.7103 8.21828 0
      vertex 73.2248 7.5002 3
      vertex 73.2248 7.5002 0
    endloop
  endfacet
  facet normal 0.986644 0.16289 0
    outer loop
      vertex 75.3845 1.7621 3
      vertex 75.2406 2.63372 0
      vertex 75.2406 2.63372 3
    endloop
  endfacet
  facet normal 0.986644 0.16289 0
    outer loop
      vertex 75.2406 2.63372 0
      vertex 75.3845 1.7621 3
      vertex 75.3845 1.7621 0
    endloop
  endfacet
  facet normal -0.72986 -0.683597 0
    outer loop
      vertex 52.4541 -9.54594 0
      vertex 51.8502 -8.90117 3
      vertex 51.8502 -8.90117 0
    endloop
  endfacet
  facet normal -0.72986 -0.683597 0
    outer loop
      vertex 51.8502 -8.90117 3
      vertex 52.4541 -9.54594 0
      vertex 52.4541 -9.54594 3
    endloop
  endfacet
  facet normal 0.0327155 0.999465 -0
    outer loop
      vertex 62.8829 13.4711 0
      vertex 62 13.5 3
      vertex 62.8829 13.4711 3
    endloop
  endfacet
  facet normal 0.0327155 0.999465 0
    outer loop
      vertex 62 13.5 3
      vertex 62.8829 13.4711 0
      vertex 62 13.5 0
    endloop
  endfacet
  facet normal -0.582415 -0.812891 0
    outer loop
      vertex 53.7817 -10.7103 0
      vertex 54.4998 -11.2248 3
      vertex 53.7817 -10.7103 3
    endloop
  endfacet
  facet normal -0.582415 -0.812891 -0
    outer loop
      vertex 54.4998 -11.2248 3
      vertex 53.7817 -10.7103 0
      vertex 54.4998 -11.2248 0
    endloop
  endfacet
  facet normal -0.995184 -0.0980289 0
    outer loop
      vertex 48.6155 -1.7621 0
      vertex 48.5289 -0.882942 3
      vertex 48.5289 -0.882942 0
    endloop
  endfacet
  facet normal -0.995184 -0.0980289 0
    outer loop
      vertex 48.5289 -0.882942 3
      vertex 48.6155 -1.7621 0
      vertex 48.6155 -1.7621 3
    endloop
  endfacet
  facet normal -0.352264 -0.935901 0
    outer loop
      vertex 56.8338 -12.4724 0
      vertex 57.6606 -12.7836 3
      vertex 56.8338 -12.4724 3
    endloop
  endfacet
  facet normal -0.352264 -0.935901 -0
    outer loop
      vertex 57.6606 -12.7836 3
      vertex 56.8338 -12.4724 0
      vertex 57.6606 -12.7836 0
    endloop
  endfacet
  facet normal -0.772973 -0.634438 0
    outer loop
      vertex 51.8502 -8.90117 0
      vertex 51.2897 -8.21828 3
      vertex 51.2897 -8.21828 0
    endloop
  endfacet
  facet normal -0.772973 -0.634438 0
    outer loop
      vertex 51.2897 -8.21828 3
      vertex 51.8502 -8.90117 0
      vertex 51.8502 -8.90117 3
    endloop
  endfacet
  facet normal -0.471452 0.881892 0
    outer loop
      vertex 56.0291 12.1078 0
      vertex 55.25 11.6913 3
      vertex 56.0291 12.1078 3
    endloop
  endfacet
  facet normal -0.471452 0.881892 0
    outer loop
      vertex 55.25 11.6913 3
      vertex 56.0291 12.1078 0
      vertex 55.25 11.6913 0
    endloop
  endfacet
  facet normal 0.849204 -0.528064 0
    outer loop
      vertex 73.2248 -7.5002 3
      vertex 73.6913 -6.75 0
      vertex 73.6913 -6.75 3
    endloop
  endfacet
  facet normal 0.849204 -0.528064 0
    outer loop
      vertex 73.6913 -6.75 0
      vertex 73.2248 -7.5002 3
      vertex 73.2248 -7.5002 0
    endloop
  endfacet
  facet normal -0.812884 0.582426 0
    outer loop
      vertex 50.7752 7.5002 0
      vertex 51.2897 8.21828 3
      vertex 51.2897 8.21828 0
    endloop
  endfacet
  facet normal -0.812884 0.582426 0
    outer loop
      vertex 51.2897 8.21828 3
      vertex 50.7752 7.5002 0
      vertex 50.7752 7.5002 3
    endloop
  endfacet
  facet normal -0.935901 0.352264 0
    outer loop
      vertex 49.2164 4.33943 0
      vertex 49.5276 5.16623 3
      vertex 49.5276 5.16623 0
    endloop
  endfacet
  facet normal -0.935901 0.352264 0
    outer loop
      vertex 49.5276 5.16623 3
      vertex 49.2164 4.33943 0
      vertex 49.2164 4.33943 3
    endloop
  endfacet
  facet normal 0.91086 0.412715 0
    outer loop
      vertex 74.4724 5.16623 3
      vertex 74.1078 5.9709 0
      vertex 74.1078 5.9709 3
    endloop
  endfacet
  facet normal 0.91086 0.412715 0
    outer loop
      vertex 74.1078 5.9709 0
      vertex 74.4724 5.16623 3
      vertex 74.4724 5.16623 0
    endloop
  endfacet
  facet normal -0.290265 -0.956946 0
    outer loop
      vertex 57.6606 -12.7836 0
      vertex 58.5059 -13.04 3
      vertex 57.6606 -12.7836 3
    endloop
  endfacet
  facet normal -0.290265 -0.956946 -0
    outer loop
      vertex 58.5059 -13.04 3
      vertex 57.6606 -12.7836 0
      vertex 58.5059 -13.04 0
    endloop
  endfacet
  facet normal -0.683612 -0.729846 0
    outer loop
      vertex 52.4541 -9.54594 0
      vertex 53.0988 -10.1498 3
      vertex 52.4541 -9.54594 3
    endloop
  endfacet
  facet normal -0.683612 -0.729846 -0
    outer loop
      vertex 53.0988 -10.1498 3
      vertex 52.4541 -9.54594 0
      vertex 53.0988 -10.1498 0
    endloop
  endfacet
  facet normal 0 0 1
    outer loop
      vertex 64.25 0 3
      vertex 75.5 0 3
      vertex 75.4711 0.882942 3
    endloop
  endfacet
  facet normal 0 0 1
    outer loop
      vertex 64.25 0 3
      vertex 75.4711 0.882942 3
      vertex 75.3845 1.7621 3
    endloop
  endfacet
  facet normal 0 0 1
    outer loop
      vertex 75.5 0 3
      vertex 64.25 0 3
      vertex 75.4711 -0.882942 3
    endloop
  endfacet
  facet normal 0 0 1
    outer loop
      vertex 64.2068 0.438952 3
      vertex 75.3845 1.7621 3
      vertex 75.2406 2.63372 3
    endloop
  endfacet
  facet normal 0 0 1
    outer loop
      vertex 75.4711 -0.882942 3
      vertex 64.25 0 3
      vertex 75.3845 -1.7621 3
    endloop
  endfacet
  facet normal 0 0 1
    outer loop
      vertex 64.2068 0.438952 3
      vertex 75.2406 2.63372 3
      vertex 75.04 3.49406 3
    endloop
  endfacet
  facet normal -0 0 1
    outer loop
      vertex 64.2068 -0.438952 3
      vertex 75.3845 -1.7621 3
      vertex 64.25 0 3
    endloop
  endfacet
  facet normal 0 0 1
    outer loop
      vertex 64.2068 0.438952 3
      vertex 75.04 3.49406 3
      vertex 74.7836 4.33943 3
    endloop
  endfacet
  facet normal 0 0 1
    outer loop
      vertex 75.3845 -1.7621 3
      vertex 64.2068 -0.438952 3
      vertex 75.2406 -2.63372 3
    endloop
  endfacet
  facet normal 0 0 1
    outer loop
      vertex 64.0787 0.861037 3
      vertex 74.7836 4.33943 3
      vertex 74.4724 5.16623 3
    endloop
  endfacet
  facet normal 0 0 1
    outer loop
      vertex 75.2406 -2.63372 3
      vertex 64.2068 -0.438952 3
      vertex 75.04 -3.49406 3
    endloop
  endfacet
  facet normal 0 0 1
    outer loop
      vertex 64.0787 0.861037 3
      vertex 74.4724 5.16623 3
      vertex 74.1078 5.9709 3
    endloop
  endfacet
  facet normal 0 0 1
    outer loop
      vertex 75.04 -3.49406 3
      vertex 64.2068 -0.438952 3
      vertex 74.7836 -4.33943 3
    endloop
  endfacet
  facet normal 0 0 1
    outer loop
      vertex 64.0787 0.861037 3
      vertex 74.1078 5.9709 3
      vertex 73.6913 6.75 3
    endloop
  endfacet
  facet normal -0 0 1
    outer loop
      vertex 64.0787 -0.861037 3
      vertex 74.7836 -4.33943 3
      vertex 64.2068 -0.438952 3
    endloop
  endfacet
  facet normal 0 0 1
    outer loop
      vertex 63.8708 1.25003 3
      vertex 73.6913 6.75 3
      vertex 73.2248 7.5002 3
    endloop
  endfacet
  facet normal 0 0 1
    outer loop
      vertex 74.7836 -4.33943 3
      vertex 64.0787 -0.861037 3
      vertex 74.4724 -5.16623 3
    endloop
  endfacet
  facet normal 0 0 1
    outer loop
      vertex 63.8708 1.25003 3
      vertex 73.2248 7.5002 3
      vertex 72.7103 8.21828 3
    endloop
  endfacet
  facet normal 0 0 1
    outer loop
      vertex 74.4724 -5.16623 3
      vertex 64.0787 -0.861037 3
      vertex 74.1078 -5.9709 3
    endloop
  endfacet
  facet normal 0 0 1
    outer loop
      vertex 63.8708 1.25003 3
      vertex 72.7103 8.21828 3
      vertex 72.1498 8.90117 3
    endloop
  endfacet
  facet normal 0 0 1
    outer loop
      vertex 74.1078 -5.9709 3
      vertex 64.0787 -0.861037 3
      vertex 73.6913 -6.75 3
    endloop
  endfacet
  facet normal 0 0 1
    outer loop
      vertex 63.591 1.59099 3
      vertex 72.1498 8.90117 3
      vertex 71.5459 9.54594 3
    endloop
  endfacet
  facet normal -0 0 1
    outer loop
      vertex 63.8708 -1.25003 3
      vertex 73.6913 -6.75 3
      vertex 64.0787 -0.861037 3
    endloop
  endfacet
  facet normal 0 0 1
    outer loop
      vertex 63.591 1.59099 3
      vertex 71.5459 9.54594 3
      vertex 70.9012 10.1498 3
    endloop
  endfacet
  facet normal 0 0 1
    outer loop
      vertex 73.6913 -6.75 3
      vertex 63.8708 -1.25003 3
      vertex 73.2248 -7.5002 3
    endloop
  endfacet
  facet normal 0 0 1
    outer loop
      vertex 63.591 1.59099 3
      vertex 70.9012 10.1498 3
      vertex 70.2183 10.7103 3
    endloop
  endfacet
  facet normal 0 0 1
    outer loop
      vertex 73.2248 -7.5002 3
      vertex 63.8708 -1.25003 3
      vertex 72.7103 -8.21828 3
    endloop
  endfacet
  facet normal 0 0 1
    outer loop
      vertex 63.25 1.87081 3
      vertex 70.2183 10.7103 3
      vertex 69.5002 11.2248 3
    endloop
  endfacet
  facet normal 0 0 1
    outer loop
      vertex 72.7103 -8.21828 3
      vertex 63.8708 -1.25003 3
      vertex 72.1498 -8.90117 3
    endloop
  endfacet
  facet normal 0 0 1
    outer loop
      vertex 63.25 1.87081 3
      vertex 69.5002 11.2248 3
      vertex 68.75 11.6913 3
    endloop
  endfacet
  facet normal -0 0 1
    outer loop
      vertex 63.591 -1.59099 3
      vertex 72.1498 -8.90117 3
      vertex 63.8708 -1.25003 3
    endloop
  endfacet
  facet normal 0 0 1
    outer loop
      vertex 63.25 1.87081 3
      vertex 68.75 11.6913 3
      vertex 67.9709 12.1078 3
    endloop
  endfacet
  facet normal 0 0 1
    outer loop
      vertex 72.1498 -8.90117 3
      vertex 63.591 -1.59099 3
      vertex 71.5459 -9.54594 3
    endloop
  endfacet
  facet normal 0 0 1
    outer loop
      vertex 62.861 2.07873 3
      vertex 67.9709 12.1078 3
      vertex 67.1662 12.4724 3
    endloop
  endfacet
  facet normal 0 0 1
    outer loop
      vertex 71.5459 -9.54594 3
      vertex 63.591 -1.59099 3
      vertex 70.9012 -10.1498 3
    endloop
  endfacet
  facet normal 0 0 1
    outer loop
      vertex 62.861 2.07873 3
      vertex 67.1662 12.4724 3
      vertex 66.3394 12.7836 3
    endloop
  endfacet
  facet normal 0 0 1
    outer loop
      vertex 70.9012 -10.1498 3
      vertex 63.591 -1.59099 3
      vertex 70.2183 -10.7103 3
    endloop
  endfacet
  facet normal 0 0 1
    outer loop
      vertex 62.861 2.07873 3
      vertex 66.3394 12.7836 3
      vertex 65.4941 13.04 3
    endloop
  endfacet
  facet normal -0 0 1
    outer loop
      vertex 63.25 -1.87081 3
      vertex 70.2183 -10.7103 3
      vertex 63.591 -1.59099 3
    endloop
  endfacet
  facet normal 0 0 1
    outer loop
      vertex 62.439 2.20677 3
      vertex 65.4941 13.04 3
      vertex 64.6337 13.2406 3
    endloop
  endfacet
  facet normal 0 0 1
    outer loop
      vertex 70.2183 -10.7103 3
      vertex 63.25 -1.87081 3
      vertex 69.5002 -11.2248 3
    endloop
  endfacet
  facet normal 0 0 1
    outer loop
      vertex 69.5002 -11.2248 3
      vertex 63.25 -1.87081 3
      vertex 68.75 -11.6913 3
    endloop
  endfacet
  facet normal 0 0 1
    outer loop
      vertex 75.3845 1.7621 3
      vertex 64.2068 0.438952 3
      vertex 64.25 0 3
    endloop
  endfacet
  facet normal 0 0 1
    outer loop
      vertex 74.7836 4.33943 3
      vertex 64.0787 0.861037 3
      vertex 64.2068 0.438952 3
    endloop
  endfacet
  facet normal 0 0 1
    outer loop
      vertex 73.6913 6.75 3
      vertex 63.8708 1.25003 3
      vertex 64.0787 0.861037 3
    endloop
  endfacet
  facet normal 0 0 1
    outer loop
      vertex 62.439 2.20677 3
      vertex 64.6337 13.2406 3
      vertex 63.7621 13.3845 3
    endloop
  endfacet
  facet normal 0 0 1
    outer loop
      vertex 72.1498 8.90117 3
      vertex 63.591 1.59099 3
      vertex 63.8708 1.25003 3
    endloop
  endfacet
  facet normal 0 0 1
    outer loop
      vertex 70.2183 10.7103 3
      vertex 63.25 1.87081 3
      vertex 63.591 1.59099 3
    endloop
  endfacet
  facet normal 0 0 1
    outer loop
      vertex 62.439 2.20677 3
      vertex 63.7621 13.3845 3
      vertex 62.8829 13.4711 3
    endloop
  endfacet
  facet normal 0 0 1
    outer loop
      vertex 67.9709 12.1078 3
      vertex 62.861 2.07873 3
      vertex 63.25 1.87081 3
    endloop
  endfacet
  facet normal 0 0 1
    outer loop
      vertex 65.4941 13.04 3
      vertex 62.439 2.20677 3
      vertex 62.861 2.07873 3
    endloop
  endfacet
  facet normal 0 0 1
    outer loop
      vertex 62 2.25 3
      vertex 62.8829 13.4711 3
      vertex 62 13.5 3
    endloop
  endfacet
  facet normal 0 0 1
    outer loop
      vertex 62.8829 13.4711 3
      vertex 62 2.25 3
      vertex 62.439 2.20677 3
    endloop
  endfacet
  facet normal -0 0 1
    outer loop
      vertex 61.1171 13.4711 3
      vertex 62 2.25 3
      vertex 62 13.5 3
    endloop
  endfacet
  facet normal 0 0 1
    outer loop
      vertex 62 2.25 3
      vertex 61.1171 13.4711 3
      vertex 61.561 2.20677 3
    endloop
  endfacet
  facet normal -0 0 1
    outer loop
      vertex 60.2379 13.3845 3
      vertex 61.561 2.20677 3
      vertex 61.1171 13.4711 3
    endloop
  endfacet
  facet normal -0 0 1
    outer loop
      vertex 59.3663 13.2406 3
      vertex 61.561 2.20677 3
      vertex 60.2379 13.3845 3
    endloop
  endfacet
  facet normal -0 0 1
    outer loop
      vertex 58.5059 13.04 3
      vertex 61.561 2.20677 3
      vertex 59.3663 13.2406 3
    endloop
  endfacet
  facet normal 0 0 1
    outer loop
      vertex 61.561 2.20677 3
      vertex 58.5059 13.04 3
      vertex 61.139 2.07873 3
    endloop
  endfacet
  facet normal -0 0 1
    outer loop
      vertex 57.6606 12.7836 3
      vertex 61.139 2.07873 3
      vertex 58.5059 13.04 3
    endloop
  endfacet
  facet normal -0 0 1
    outer loop
      vertex 56.8338 12.4724 3
      vertex 61.139 2.07873 3
      vertex 57.6606 12.7836 3
    endloop
  endfacet
  facet normal -0 0 1
    outer loop
      vertex 56.0291 12.1078 3
      vertex 61.139 2.07873 3
      vertex 56.8338 12.4724 3
    endloop
  endfacet
  facet normal 0 0 1
    outer loop
      vertex 61.139 2.07873 3
      vertex 56.0291 12.1078 3
      vertex 60.75 1.87081 3
    endloop
  endfacet
  facet normal -0 0 1
    outer loop
      vertex 55.25 11.6913 3
      vertex 60.75 1.87081 3
      vertex 56.0291 12.1078 3
    endloop
  endfacet
  facet normal 0 0 1
    outer loop
      vertex 68.75 -11.6913 3
      vertex 63.25 -1.87081 3
      vertex 67.9709 -12.1078 3
    endloop
  endfacet
  facet normal -0 0 1
    outer loop
      vertex 62.861 -2.07873 3
      vertex 67.9709 -12.1078 3
      vertex 63.25 -1.87081 3
    endloop
  endfacet
  facet normal 0 0 1
    outer loop
      vertex 67.9709 -12.1078 3
      vertex 62.861 -2.07873 3
      vertex 67.1662 -12.4724 3
    endloop
  endfacet
  facet normal 0 0 1
    outer loop
      vertex 67.1662 -12.4724 3
      vertex 62.861 -2.07873 3
      vertex 66.3394 -12.7836 3
    endloop
  endfacet
  facet normal 0 0 1
    outer loop
      vertex 66.3394 -12.7836 3
      vertex 62.861 -2.07873 3
      vertex 65.4941 -13.04 3
    endloop
  endfacet
  facet normal -0 0 1
    outer loop
      vertex 62.439 -2.20677 3
      vertex 65.4941 -13.04 3
      vertex 62.861 -2.07873 3
    endloop
  endfacet
  facet normal 0 0 1
    outer loop
      vertex 65.4941 -13.04 3
      vertex 62.439 -2.20677 3
      vertex 64.6337 -13.2406 3
    endloop
  endfacet
  facet normal 0 0 1
    outer loop
      vertex 64.6337 -13.2406 3
      vertex 62.439 -2.20677 3
      vertex 63.7621 -13.3845 3
    endloop
  endfacet
  facet normal 0 0 1
    outer loop
      vertex 63.7621 -13.3845 3
      vertex 62.439 -2.20677 3
      vertex 62.8829 -13.4711 3
    endloop
  endfacet
  facet normal -0 0 1
    outer loop
      vertex 62 -2.25 3
      vertex 62.8829 -13.4711 3
      vertex 62.439 -2.20677 3
    endloop
  endfacet
  facet normal 0 0 1
    outer loop
      vertex 62 -2.25 3
      vertex 62 -13.5 3
      vertex 62.8829 -13.4711 3
    endloop
  endfacet
  facet normal 0 0 1
    outer loop
      vertex 61.1171 -13.4711 3
      vertex 62 -2.25 3
      vertex 61.561 -2.20677 3
    endloop
  endfacet
  facet normal 0 0 1
    outer loop
      vertex 58.5059 -13.04 3
      vertex 61.561 -2.20677 3
      vertex 61.139 -2.07873 3
    endloop
  endfacet
  facet normal 0 0 1
    outer loop
      vertex 62 -2.25 3
      vertex 61.1171 -13.4711 3
      vertex 62 -13.5 3
    endloop
  endfacet
  facet normal 0 0 1
    outer loop
      vertex 56.0291 -12.1078 3
      vertex 61.139 -2.07873 3
      vertex 60.75 -1.87081 3
    endloop
  endfacet
  facet normal 0 0 1
    outer loop
      vertex 53.7817 -10.7103 3
      vertex 60.75 -1.87081 3
      vertex 60.409 -1.59099 3
    endloop
  endfacet
  facet normal 0 0 1
    outer loop
      vertex 61.561 -2.20677 3
      vertex 60.2379 -13.3845 3
      vertex 61.1171 -13.4711 3
    endloop
  endfacet
  facet normal 0 0 1
    outer loop
      vertex 51.8502 -8.90117 3
      vertex 60.409 -1.59099 3
      vertex 60.1292 -1.25003 3
    endloop
  endfacet
  facet normal 0 0 1
    outer loop
      vertex 50.3087 -6.75 3
      vertex 60.1292 -1.25003 3
      vertex 59.9213 -0.861037 3
    endloop
  endfacet
  facet normal 0 0 1
    outer loop
      vertex 49.2164 -4.33943 3
      vertex 59.9213 -0.861037 3
      vertex 59.7932 -0.438952 3
    endloop
  endfacet
  facet normal 0 0 1
    outer loop
      vertex 48.6155 -1.7621 3
      vertex 59.7932 -0.438952 3
      vertex 59.75 0 3
    endloop
  endfacet
  facet normal 0 0 1
    outer loop
      vertex 61.561 -2.20677 3
      vertex 59.3663 -13.2406 3
      vertex 60.2379 -13.3845 3
    endloop
  endfacet
  facet normal -0 0 1
    outer loop
      vertex 54.4998 11.2248 3
      vertex 60.75 1.87081 3
      vertex 55.25 11.6913 3
    endloop
  endfacet
  facet normal -0 0 1
    outer loop
      vertex 53.7817 10.7103 3
      vertex 60.75 1.87081 3
      vertex 54.4998 11.2248 3
    endloop
  endfacet
  facet normal 0 0 1
    outer loop
      vertex 61.561 -2.20677 3
      vertex 58.5059 -13.04 3
      vertex 59.3663 -13.2406 3
    endloop
  endfacet
  facet normal 0 0 1
    outer loop
      vertex 60.75 1.87081 3
      vertex 53.7817 10.7103 3
      vertex 60.409 1.59099 3
    endloop
  endfacet
  facet normal 0 0 1
    outer loop
      vertex 61.139 -2.07873 3
      vertex 57.6606 -12.7836 3
      vertex 58.5059 -13.04 3
    endloop
  endfacet
  facet normal -0 0 1
    outer loop
      vertex 53.0988 10.1498 3
      vertex 60.409 1.59099 3
      vertex 53.7817 10.7103 3
    endloop
  endfacet
  facet normal 0 0 1
    outer loop
      vertex 61.139 -2.07873 3
      vertex 56.8338 -12.4724 3
      vertex 57.6606 -12.7836 3
    endloop
  endfacet
  facet normal -0 0 1
    outer loop
      vertex 52.4541 9.54594 3
      vertex 60.409 1.59099 3
      vertex 53.0988 10.1498 3
    endloop
  endfacet
  facet normal 0 0 1
    outer loop
      vertex 61.139 -2.07873 3
      vertex 56.0291 -12.1078 3
      vertex 56.8338 -12.4724 3
    endloop
  endfacet
  facet normal -0 0 1
    outer loop
      vertex 51.8502 8.90117 3
      vertex 60.409 1.59099 3
      vertex 52.4541 9.54594 3
    endloop
  endfacet
  facet normal 0 0 1
    outer loop
      vertex 60.75 -1.87081 3
      vertex 55.25 -11.6913 3
      vertex 56.0291 -12.1078 3
    endloop
  endfacet
  facet normal 0 0 1
    outer loop
      vertex 60.409 1.59099 3
      vertex 51.8502 8.90117 3
      vertex 60.1292 1.25003 3
    endloop
  endfacet
  facet normal 0 0 1
    outer loop
      vertex 60.75 -1.87081 3
      vertex 54.4998 -11.2248 3
      vertex 55.25 -11.6913 3
    endloop
  endfacet
  facet normal -0 0 1
    outer loop
      vertex 51.2897 8.21828 3
      vertex 60.1292 1.25003 3
      vertex 51.8502 8.90117 3
    endloop
  endfacet
  facet normal 0 0 1
    outer loop
      vertex 60.75 -1.87081 3
      vertex 53.7817 -10.7103 3
      vertex 54.4998 -11.2248 3
    endloop
  endfacet
  facet normal -0 0 1
    outer loop
      vertex 50.7752 7.5002 3
      vertex 60.1292 1.25003 3
      vertex 51.2897 8.21828 3
    endloop
  endfacet
  facet normal 0 0 1
    outer loop
      vertex 60.409 -1.59099 3
      vertex 53.0988 -10.1498 3
      vertex 53.7817 -10.7103 3
    endloop
  endfacet
  facet normal -0 0 1
    outer loop
      vertex 50.3087 6.75 3
      vertex 60.1292 1.25003 3
      vertex 50.7752 7.5002 3
    endloop
  endfacet
  facet normal 0 0 1
    outer loop
      vertex 60.409 -1.59099 3
      vertex 52.4541 -9.54594 3
      vertex 53.0988 -10.1498 3
    endloop
  endfacet
  facet normal 0 0 1
    outer loop
      vertex 60.1292 1.25003 3
      vertex 50.3087 6.75 3
      vertex 59.9213 0.861037 3
    endloop
  endfacet
  facet normal 0 0 1
    outer loop
      vertex 60.409 -1.59099 3
      vertex 51.8502 -8.90117 3
      vertex 52.4541 -9.54594 3
    endloop
  endfacet
  facet normal -0 0 1
    outer loop
      vertex 49.8922 5.9709 3
      vertex 59.9213 0.861037 3
      vertex 50.3087 6.75 3
    endloop
  endfacet
  facet normal 0 0 1
    outer loop
      vertex 60.1292 -1.25003 3
      vertex 51.2897 -8.21828 3
      vertex 51.8502 -8.90117 3
    endloop
  endfacet
  facet normal -0 0 1
    outer loop
      vertex 49.5276 5.16623 3
      vertex 59.9213 0.861037 3
      vertex 49.8922 5.9709 3
    endloop
  endfacet
  facet normal 0 0 1
    outer loop
      vertex 60.1292 -1.25003 3
      vertex 50.7752 -7.5002 3
      vertex 51.2897 -8.21828 3
    endloop
  endfacet
  facet normal -0 0 1
    outer loop
      vertex 49.2164 4.33943 3
      vertex 59.9213 0.861037 3
      vertex 49.5276 5.16623 3
    endloop
  endfacet
  facet normal 0 0 1
    outer loop
      vertex 60.1292 -1.25003 3
      vertex 50.3087 -6.75 3
      vertex 50.7752 -7.5002 3
    endloop
  endfacet
  facet normal 0 0 1
    outer loop
      vertex 59.9213 0.861037 3
      vertex 49.2164 4.33943 3
      vertex 59.7932 0.438952 3
    endloop
  endfacet
  facet normal 0 0 1
    outer loop
      vertex 59.9213 -0.861037 3
      vertex 49.8922 -5.9709 3
      vertex 50.3087 -6.75 3
    endloop
  endfacet
  facet normal -0 0 1
    outer loop
      vertex 48.96 3.49406 3
      vertex 59.7932 0.438952 3
      vertex 49.2164 4.33943 3
    endloop
  endfacet
  facet normal 0 0 1
    outer loop
      vertex 59.9213 -0.861037 3
      vertex 49.5276 -5.16623 3
      vertex 49.8922 -5.9709 3
    endloop
  endfacet
  facet normal -0 0 1
    outer loop
      vertex 48.7594 2.63372 3
      vertex 59.7932 0.438952 3
      vertex 48.96 3.49406 3
    endloop
  endfacet
  facet normal 0 0 1
    outer loop
      vertex 59.9213 -0.861037 3
      vertex 49.2164 -4.33943 3
      vertex 49.5276 -5.16623 3
    endloop
  endfacet
  facet normal -0 0 1
    outer loop
      vertex 48.6155 1.7621 3
      vertex 59.7932 0.438952 3
      vertex 48.7594 2.63372 3
    endloop
  endfacet
  facet normal 0 0 1
    outer loop
      vertex 59.7932 -0.438952 3
      vertex 48.96 -3.49406 3
      vertex 49.2164 -4.33943 3
    endloop
  endfacet
  facet normal 0 0 1
    outer loop
      vertex 59.7932 0.438952 3
      vertex 48.6155 1.7621 3
      vertex 59.75 0 3
    endloop
  endfacet
  facet normal 0 0 1
    outer loop
      vertex 59.7932 -0.438952 3
      vertex 48.7594 -2.63372 3
      vertex 48.96 -3.49406 3
    endloop
  endfacet
  facet normal -0 0 1
    outer loop
      vertex 48.5289 0.882942 3
      vertex 59.75 0 3
      vertex 48.6155 1.7621 3
    endloop
  endfacet
  facet normal 0 0 1
    outer loop
      vertex 59.7932 -0.438952 3
      vertex 48.6155 -1.7621 3
      vertex 48.7594 -2.63372 3
    endloop
  endfacet
  facet normal 0 0 1
    outer loop
      vertex 48.5 0 3
      vertex 59.75 0 3
      vertex 48.5289 0.882942 3
    endloop
  endfacet
  facet normal 0 0 1
    outer loop
      vertex 59.75 0 3
      vertex 48.5289 -0.882942 3
      vertex 48.6155 -1.7621 3
    endloop
  endfacet
  facet normal 0 0 1
    outer loop
      vertex 59.75 0 3
      vertex 48.5 0 3
      vertex 48.5289 -0.882942 3
    endloop
  endfacet
  facet normal 0 0 -1
    outer loop
      vertex 64.25 0 0
      vertex 75.5 0 0
      vertex 75.4711 -0.882942 0
    endloop
  endfacet
  facet normal 0 0 -1
    outer loop
      vertex 64.25 0 0
      vertex 75.4711 -0.882942 0
      vertex 75.3845 -1.7621 0
    endloop
  endfacet
  facet normal 0 0 -1
    outer loop
      vertex 75.5 0 0
      vertex 64.25 0 0
      vertex 75.4711 0.882942 0
    endloop
  endfacet
  facet normal 0 0 -1
    outer loop
      vertex 64.2068 -0.438952 0
      vertex 75.3845 -1.7621 0
      vertex 75.2406 -2.63372 0
    endloop
  endfacet
  facet normal -0 0 -1
    outer loop
      vertex 75.4711 0.882942 0
      vertex 64.25 0 0
      vertex 75.3845 1.7621 0
    endloop
  endfacet
  facet normal 0 0 -1
    outer loop
      vertex 64.2068 -0.438952 0
      vertex 75.2406 -2.63372 0
      vertex 75.04 -3.49406 0
    endloop
  endfacet
  facet normal 0 0 -1
    outer loop
      vertex 64.2068 0.438952 0
      vertex 75.3845 1.7621 0
      vertex 64.25 0 0
    endloop
  endfacet
  facet normal 0 0 -1
    outer loop
      vertex 64.2068 -0.438952 0
      vertex 75.04 -3.49406 0
      vertex 74.7836 -4.33943 0
    endloop
  endfacet
  facet normal -0 0 -1
    outer loop
      vertex 75.3845 1.7621 0
      vertex 64.2068 0.438952 0
      vertex 75.2406 2.63372 0
    endloop
  endfacet
  facet normal 0 0 -1
    outer loop
      vertex 64.0787 -0.861037 0
      vertex 74.7836 -4.33943 0
      vertex 74.4724 -5.16623 0
    endloop
  endfacet
  facet normal -0 0 -1
    outer loop
      vertex 75.2406 2.63372 0
      vertex 64.2068 0.438952 0
      vertex 75.04 3.49406 0
    endloop
  endfacet
  facet normal 0 0 -1
    outer loop
      vertex 64.0787 -0.861037 0
      vertex 74.4724 -5.16623 0
      vertex 74.1078 -5.9709 0
    endloop
  endfacet
  facet normal -0 0 -1
    outer loop
      vertex 75.04 3.49406 0
      vertex 64.2068 0.438952 0
      vertex 74.7836 4.33943 0
    endloop
  endfacet
  facet normal 0 0 -1
    outer loop
      vertex 64.0787 -0.861037 0
      vertex 74.1078 -5.9709 0
      vertex 73.6913 -6.75 0
    endloop
  endfacet
  facet normal 0 0 -1
    outer loop
      vertex 64.0787 0.861037 0
      vertex 74.7836 4.33943 0
      vertex 64.2068 0.438952 0
    endloop
  endfacet
  facet normal 0 0 -1
    outer loop
      vertex 63.8708 -1.25003 0
      vertex 73.6913 -6.75 0
      vertex 73.2248 -7.5002 0
    endloop
  endfacet
  facet normal -0 0 -1
    outer loop
      vertex 74.7836 4.33943 0
      vertex 64.0787 0.861037 0
      vertex 74.4724 5.16623 0
    endloop
  endfacet
  facet normal 0 0 -1
    outer loop
      vertex 63.8708 -1.25003 0
      vertex 73.2248 -7.5002 0
      vertex 72.7103 -8.21828 0
    endloop
  endfacet
  facet normal -0 0 -1
    outer loop
      vertex 74.4724 5.16623 0
      vertex 64.0787 0.861037 0
      vertex 74.1078 5.9709 0
    endloop
  endfacet
  facet normal 0 0 -1
    outer loop
      vertex 63.8708 -1.25003 0
      vertex 72.7103 -8.21828 0
      vertex 72.1498 -8.90117 0
    endloop
  endfacet
  facet normal -0 0 -1
    outer loop
      vertex 74.1078 5.9709 0
      vertex 64.0787 0.861037 0
      vertex 73.6913 6.75 0
    endloop
  endfacet
  facet normal 0 0 -1
    outer loop
      vertex 63.591 -1.59099 0
      vertex 72.1498 -8.90117 0
      vertex 71.5459 -9.54594 0
    endloop
  endfacet
  facet normal 0 0 -1
    outer loop
      vertex 63.8708 1.25003 0
      vertex 73.6913 6.75 0
      vertex 64.0787 0.861037 0
    endloop
  endfacet
  facet normal 0 0 -1
    outer loop
      vertex 63.591 -1.59099 0
      vertex 71.5459 -9.54594 0
      vertex 70.9012 -10.1498 0
    endloop
  endfacet
  facet normal -0 0 -1
    outer loop
      vertex 73.6913 6.75 0
      vertex 63.8708 1.25003 0
      vertex 73.2248 7.5002 0
    endloop
  endfacet
  facet normal 0 0 -1
    outer loop
      vertex 63.591 -1.59099 0
      vertex 70.9012 -10.1498 0
      vertex 70.2183 -10.7103 0
    endloop
  endfacet
  facet normal -0 0 -1
    outer loop
      vertex 73.2248 7.5002 0
      vertex 63.8708 1.25003 0
      vertex 72.7103 8.21828 0
    endloop
  endfacet
  facet normal 0 0 -1
    outer loop
      vertex 63.25 -1.87081 0
      vertex 70.2183 -10.7103 0
      vertex 69.5002 -11.2248 0
    endloop
  endfacet
  facet normal -0 0 -1
    outer loop
      vertex 72.7103 8.21828 0
      vertex 63.8708 1.25003 0
      vertex 72.1498 8.90117 0
    endloop
  endfacet
  facet normal 0 0 -1
    outer loop
      vertex 63.25 -1.87081 0
      vertex 69.5002 -11.2248 0
      vertex 68.75 -11.6913 0
    endloop
  endfacet
  facet normal 0 0 -1
    outer loop
      vertex 63.591 1.59099 0
      vertex 72.1498 8.90117 0
      vertex 63.8708 1.25003 0
    endloop
  endfacet
  facet normal 0 0 -1
    outer loop
      vertex 63.25 -1.87081 0
      vertex 68.75 -11.6913 0
      vertex 67.9709 -12.1078 0
    endloop
  endfacet
  facet normal -0 0 -1
    outer loop
      vertex 72.1498 8.90117 0
      vertex 63.591 1.59099 0
      vertex 71.5459 9.54594 0
    endloop
  endfacet
  facet normal 0 0 -1
    outer loop
      vertex 62.861 -2.07873 0
      vertex 67.9709 -12.1078 0
      vertex 67.1662 -12.4724 0
    endloop
  endfacet
  facet normal -0 0 -1
    outer loop
      vertex 71.5459 9.54594 0
      vertex 63.591 1.59099 0
      vertex 70.9012 10.1498 0
    endloop
  endfacet
  facet normal 0 0 -1
    outer loop
      vertex 62.861 -2.07873 0
      vertex 67.1662 -12.4724 0
      vertex 66.3394 -12.7836 0
    endloop
  endfacet
  facet normal -0 0 -1
    outer loop
      vertex 70.9012 10.1498 0
      vertex 63.591 1.59099 0
      vertex 70.2183 10.7103 0
    endloop
  endfacet
  facet normal 0 0 -1
    outer loop
      vertex 62.861 -2.07873 0
      vertex 66.3394 -12.7836 0
      vertex 65.4941 -13.04 0
    endloop
  endfacet
  facet normal 0 0 -1
    outer loop
      vertex 63.25 1.87081 0
      vertex 70.2183 10.7103 0
      vertex 63.591 1.59099 0
    endloop
  endfacet
  facet normal 0 0 -1
    outer loop
      vertex 62.439 -2.20677 0
      vertex 65.4941 -13.04 0
      vertex 64.6337 -13.2406 0
    endloop
  endfacet
  facet normal -0 0 -1
    outer loop
      vertex 70.2183 10.7103 0
      vertex 63.25 1.87081 0
      vertex 69.5002 11.2248 0
    endloop
  endfacet
  facet normal -0 0 -1
    outer loop
      vertex 69.5002 11.2248 0
      vertex 63.25 1.87081 0
      vertex 68.75 11.6913 0
    endloop
  endfacet
  facet normal 0 0 -1
    outer loop
      vertex 75.3845 -1.7621 0
      vertex 64.2068 -0.438952 0
      vertex 64.25 0 0
    endloop
  endfacet
  facet normal 0 0 -1
    outer loop
      vertex 74.7836 -4.33943 0
      vertex 64.0787 -0.861037 0
      vertex 64.2068 -0.438952 0
    endloop
  endfacet
  facet normal 0 0 -1
    outer loop
      vertex 73.6913 -6.75 0
      vertex 63.8708 -1.25003 0
      vertex 64.0787 -0.861037 0
    endloop
  endfacet
  facet normal 0 0 -1
    outer loop
      vertex 62.439 -2.20677 0
      vertex 64.6337 -13.2406 0
      vertex 63.7621 -13.3845 0
    endloop
  endfacet
  facet normal 0 0 -1
    outer loop
      vertex 72.1498 -8.90117 0
      vertex 63.591 -1.59099 0
      vertex 63.8708 -1.25003 0
    endloop
  endfacet
  facet normal 0 0 -1
    outer loop
      vertex 70.2183 -10.7103 0
      vertex 63.25 -1.87081 0
      vertex 63.591 -1.59099 0
    endloop
  endfacet
  facet normal 0 0 -1
    outer loop
      vertex 62.439 -2.20677 0
      vertex 63.7621 -13.3845 0
      vertex 62.8829 -13.4711 0
    endloop
  endfacet
  facet normal 0 0 -1
    outer loop
      vertex 67.9709 -12.1078 0
      vertex 62.861 -2.07873 0
      vertex 63.25 -1.87081 0
    endloop
  endfacet
  facet normal 0 0 -1
    outer loop
      vertex 65.4941 -13.04 0
      vertex 62.439 -2.20677 0
      vertex 62.861 -2.07873 0
    endloop
  endfacet
  facet normal 0 0 -1
    outer loop
      vertex 62 -2.25 0
      vertex 62.8829 -13.4711 0
      vertex 62 -13.5 0
    endloop
  endfacet
  facet normal 0 0 -1
    outer loop
      vertex 62.8829 -13.4711 0
      vertex 62 -2.25 0
      vertex 62.439 -2.20677 0
    endloop
  endfacet
  facet normal 0 0 -1
    outer loop
      vertex 61.1171 -13.4711 0
      vertex 62 -2.25 0
      vertex 62 -13.5 0
    endloop
  endfacet
  facet normal -0 0 -1
    outer loop
      vertex 62 -2.25 0
      vertex 61.1171 -13.4711 0
      vertex 61.561 -2.20677 0
    endloop
  endfacet
  facet normal 0 0 -1
    outer loop
      vertex 60.2379 -13.3845 0
      vertex 61.561 -2.20677 0
      vertex 61.1171 -13.4711 0
    endloop
  endfacet
  facet normal 0 0 -1
    outer loop
      vertex 59.3663 -13.2406 0
      vertex 61.561 -2.20677 0
      vertex 60.2379 -13.3845 0
    endloop
  endfacet
  facet normal 0 0 -1
    outer loop
      vertex 58.5059 -13.04 0
      vertex 61.561 -2.20677 0
      vertex 59.3663 -13.2406 0
    endloop
  endfacet
  facet normal -0 0 -1
    outer loop
      vertex 61.561 -2.20677 0
      vertex 58.5059 -13.04 0
      vertex 61.139 -2.07873 0
    endloop
  endfacet
  facet normal 0 0 -1
    outer loop
      vertex 57.6606 -12.7836 0
      vertex 61.139 -2.07873 0
      vertex 58.5059 -13.04 0
    endloop
  endfacet
  facet normal 0 0 -1
    outer loop
      vertex 56.8338 -12.4724 0
      vertex 61.139 -2.07873 0
      vertex 57.6606 -12.7836 0
    endloop
  endfacet
  facet normal 0 0 -1
    outer loop
      vertex 56.0291 -12.1078 0
      vertex 61.139 -2.07873 0
      vertex 56.8338 -12.4724 0
    endloop
  endfacet
  facet normal -0 0 -1
    outer loop
      vertex 61.139 -2.07873 0
      vertex 56.0291 -12.1078 0
      vertex 60.75 -1.87081 0
    endloop
  endfacet
  facet normal 0 0 -1
    outer loop
      vertex 55.25 -11.6913 0
      vertex 60.75 -1.87081 0
      vertex 56.0291 -12.1078 0
    endloop
  endfacet
  facet normal -0 0 -1
    outer loop
      vertex 68.75 11.6913 0
      vertex 63.25 1.87081 0
      vertex 67.9709 12.1078 0
    endloop
  endfacet
  facet normal 0 0 -1
    outer loop
      vertex 62.861 2.07873 0
      vertex 67.9709 12.1078 0
      vertex 63.25 1.87081 0
    endloop
  endfacet
  facet normal -0 0 -1
    outer loop
      vertex 67.9709 12.1078 0
      vertex 62.861 2.07873 0
      vertex 67.1662 12.4724 0
    endloop
  endfacet
  facet normal -0 0 -1
    outer loop
      vertex 67.1662 12.4724 0
      vertex 62.861 2.07873 0
      vertex 66.3394 12.7836 0
    endloop
  endfacet
  facet normal -0 0 -1
    outer loop
      vertex 66.3394 12.7836 0
      vertex 62.861 2.07873 0
      vertex 65.4941 13.04 0
    endloop
  endfacet
  facet normal 0 0 -1
    outer loop
      vertex 62.439 2.20677 0
      vertex 65.4941 13.04 0
      vertex 62.861 2.07873 0
    endloop
  endfacet
  facet normal -0 0 -1
    outer loop
      vertex 65.4941 13.04 0
      vertex 62.439 2.20677 0
      vertex 64.6337 13.2406 0
    endloop
  endfacet
  facet normal -0 0 -1
    outer loop
      vertex 64.6337 13.2406 0
      vertex 62.439 2.20677 0
      vertex 63.7621 13.3845 0
    endloop
  endfacet
  facet normal -0 0 -1
    outer loop
      vertex 63.7621 13.3845 0
      vertex 62.439 2.20677 0
      vertex 62.8829 13.4711 0
    endloop
  endfacet
  facet normal 0 0 -1
    outer loop
      vertex 62 2.25 0
      vertex 62.8829 13.4711 0
      vertex 62.439 2.20677 0
    endloop
  endfacet
  facet normal 0 0 -1
    outer loop
      vertex 62 2.25 0
      vertex 62 13.5 0
      vertex 62.8829 13.4711 0
    endloop
  endfacet
  facet normal 0 0 -1
    outer loop
      vertex 61.1171 13.4711 0
      vertex 62 2.25 0
      vertex 61.561 2.20677 0
    endloop
  endfacet
  facet normal 0 0 -1
    outer loop
      vertex 58.5059 13.04 0
      vertex 61.561 2.20677 0
      vertex 61.139 2.07873 0
    endloop
  endfacet
  facet normal 0 0 -1
    outer loop
      vertex 62 2.25 0
      vertex 61.1171 13.4711 0
      vertex 62 13.5 0
    endloop
  endfacet
  facet normal 0 0 -1
    outer loop
      vertex 56.0291 12.1078 0
      vertex 61.139 2.07873 0
      vertex 60.75 1.87081 0
    endloop
  endfacet
  facet normal 0 0 -1
    outer loop
      vertex 53.7817 10.7103 0
      vertex 60.75 1.87081 0
      vertex 60.409 1.59099 0
    endloop
  endfacet
  facet normal 0 0 -1
    outer loop
      vertex 61.561 2.20677 0
      vertex 60.2379 13.3845 0
      vertex 61.1171 13.4711 0
    endloop
  endfacet
  facet normal 0 0 -1
    outer loop
      vertex 51.8502 8.90117 0
      vertex 60.409 1.59099 0
      vertex 60.1292 1.25003 0
    endloop
  endfacet
  facet normal 0 0 -1
    outer loop
      vertex 50.3087 6.75 0
      vertex 60.1292 1.25003 0
      vertex 59.9213 0.861037 0
    endloop
  endfacet
  facet normal 0 0 -1
    outer loop
      vertex 49.2164 4.33943 0
      vertex 59.9213 0.861037 0
      vertex 59.7932 0.438952 0
    endloop
  endfacet
  facet normal 0 0 -1
    outer loop
      vertex 48.6155 1.7621 0
      vertex 59.7932 0.438952 0
      vertex 59.75 0 0
    endloop
  endfacet
  facet normal 0 0 -1
    outer loop
      vertex 61.561 2.20677 0
      vertex 59.3663 13.2406 0
      vertex 60.2379 13.3845 0
    endloop
  endfacet
  facet normal 0 0 -1
    outer loop
      vertex 54.4998 -11.2248 0
      vertex 60.75 -1.87081 0
      vertex 55.25 -11.6913 0
    endloop
  endfacet
  facet normal 0 0 -1
    outer loop
      vertex 53.7817 -10.7103 0
      vertex 60.75 -1.87081 0
      vertex 54.4998 -11.2248 0
    endloop
  endfacet
  facet normal 0 0 -1
    outer loop
      vertex 61.561 2.20677 0
      vertex 58.5059 13.04 0
      vertex 59.3663 13.2406 0
    endloop
  endfacet
  facet normal -0 0 -1
    outer loop
      vertex 60.75 -1.87081 0
      vertex 53.7817 -10.7103 0
      vertex 60.409 -1.59099 0
    endloop
  endfacet
  facet normal 0 0 -1
    outer loop
      vertex 61.139 2.07873 0
      vertex 57.6606 12.7836 0
      vertex 58.5059 13.04 0
    endloop
  endfacet
  facet normal 0 0 -1
    outer loop
      vertex 53.0988 -10.1498 0
      vertex 60.409 -1.59099 0
      vertex 53.7817 -10.7103 0
    endloop
  endfacet
  facet normal 0 0 -1
    outer loop
      vertex 61.139 2.07873 0
      vertex 56.8338 12.4724 0
      vertex 57.6606 12.7836 0
    endloop
  endfacet
  facet normal 0 0 -1
    outer loop
      vertex 52.4541 -9.54594 0
      vertex 60.409 -1.59099 0
      vertex 53.0988 -10.1498 0
    endloop
  endfacet
  facet normal 0 0 -1
    outer loop
      vertex 61.139 2.07873 0
      vertex 56.0291 12.1078 0
      vertex 56.8338 12.4724 0
    endloop
  endfacet
  facet normal 0 0 -1
    outer loop
      vertex 51.8502 -8.90117 0
      vertex 60.409 -1.59099 0
      vertex 52.4541 -9.54594 0
    endloop
  endfacet
  facet normal 0 0 -1
    outer loop
      vertex 60.75 1.87081 0
      vertex 55.25 11.6913 0
      vertex 56.0291 12.1078 0
    endloop
  endfacet
  facet normal -0 0 -1
    outer loop
      vertex 60.409 -1.59099 0
      vertex 51.8502 -8.90117 0
      vertex 60.1292 -1.25003 0
    endloop
  endfacet
  facet normal 0 0 -1
    outer loop
      vertex 60.75 1.87081 0
      vertex 54.4998 11.2248 0
      vertex 55.25 11.6913 0
    endloop
  endfacet
  facet normal 0 0 -1
    outer loop
      vertex 51.2897 -8.21828 0
      vertex 60.1292 -1.25003 0
      vertex 51.8502 -8.90117 0
    endloop
  endfacet
  facet normal 0 0 -1
    outer loop
      vertex 60.75 1.87081 0
      vertex 53.7817 10.7103 0
      vertex 54.4998 11.2248 0
    endloop
  endfacet
  facet normal 0 0 -1
    outer loop
      vertex 50.7752 -7.5002 0
      vertex 60.1292 -1.25003 0
      vertex 51.2897 -8.21828 0
    endloop
  endfacet
  facet normal 0 0 -1
    outer loop
      vertex 60.409 1.59099 0
      vertex 53.0988 10.1498 0
      vertex 53.7817 10.7103 0
    endloop
  endfacet
  facet normal 0 0 -1
    outer loop
      vertex 50.3087 -6.75 0
      vertex 60.1292 -1.25003 0
      vertex 50.7752 -7.5002 0
    endloop
  endfacet
  facet normal 0 0 -1
    outer loop
      vertex 60.409 1.59099 0
      vertex 52.4541 9.54594 0
      vertex 53.0988 10.1498 0
    endloop
  endfacet
  facet normal -0 0 -1
    outer loop
      vertex 60.1292 -1.25003 0
      vertex 50.3087 -6.75 0
      vertex 59.9213 -0.861037 0
    endloop
  endfacet
  facet normal 0 0 -1
    outer loop
      vertex 60.409 1.59099 0
      vertex 51.8502 8.90117 0
      vertex 52.4541 9.54594 0
    endloop
  endfacet
  facet normal 0 0 -1
    outer loop
      vertex 49.8922 -5.9709 0
      vertex 59.9213 -0.861037 0
      vertex 50.3087 -6.75 0
    endloop
  endfacet
  facet normal 0 0 -1
    outer loop
      vertex 60.1292 1.25003 0
      vertex 51.2897 8.21828 0
      vertex 51.8502 8.90117 0
    endloop
  endfacet
  facet normal 0 0 -1
    outer loop
      vertex 49.5276 -5.16623 0
      vertex 59.9213 -0.861037 0
      vertex 49.8922 -5.9709 0
    endloop
  endfacet
  facet normal 0 0 -1
    outer loop
      vertex 60.1292 1.25003 0
      vertex 50.7752 7.5002 0
      vertex 51.2897 8.21828 0
    endloop
  endfacet
  facet normal 0 0 -1
    outer loop
      vertex 49.2164 -4.33943 0
      vertex 59.9213 -0.861037 0
      vertex 49.5276 -5.16623 0
    endloop
  endfacet
  facet normal 0 0 -1
    outer loop
      vertex 60.1292 1.25003 0
      vertex 50.3087 6.75 0
      vertex 50.7752 7.5002 0
    endloop
  endfacet
  facet normal -0 0 -1
    outer loop
      vertex 59.9213 -0.861037 0
      vertex 49.2164 -4.33943 0
      vertex 59.7932 -0.438952 0
    endloop
  endfacet
  facet normal 0 0 -1
    outer loop
      vertex 59.9213 0.861037 0
      vertex 49.8922 5.9709 0
      vertex 50.3087 6.75 0
    endloop
  endfacet
  facet normal 0 0 -1
    outer loop
      vertex 48.96 -3.49406 0
      vertex 59.7932 -0.438952 0
      vertex 49.2164 -4.33943 0
    endloop
  endfacet
  facet normal 0 0 -1
    outer loop
      vertex 59.9213 0.861037 0
      vertex 49.5276 5.16623 0
      vertex 49.8922 5.9709 0
    endloop
  endfacet
  facet normal 0 0 -1
    outer loop
      vertex 48.7594 -2.63372 0
      vertex 59.7932 -0.438952 0
      vertex 48.96 -3.49406 0
    endloop
  endfacet
  facet normal 0 0 -1
    outer loop
      vertex 59.9213 0.861037 0
      vertex 49.2164 4.33943 0
      vertex 49.5276 5.16623 0
    endloop
  endfacet
  facet normal 0 0 -1
    outer loop
      vertex 48.6155 -1.7621 0
      vertex 59.7932 -0.438952 0
      vertex 48.7594 -2.63372 0
    endloop
  endfacet
  facet normal 0 0 -1
    outer loop
      vertex 59.7932 0.438952 0
      vertex 48.96 3.49406 0
      vertex 49.2164 4.33943 0
    endloop
  endfacet
  facet normal -0 0 -1
    outer loop
      vertex 59.7932 -0.438952 0
      vertex 48.6155 -1.7621 0
      vertex 59.75 0 0
    endloop
  endfacet
  facet normal 0 0 -1
    outer loop
      vertex 59.7932 0.438952 0
      vertex 48.7594 2.63372 0
      vertex 48.96 3.49406 0
    endloop
  endfacet
  facet normal 0 0 -1
    outer loop
      vertex 48.5289 -0.882942 0
      vertex 59.75 0 0
      vertex 48.6155 -1.7621 0
    endloop
  endfacet
  facet normal 0 0 -1
    outer loop
      vertex 59.7932 0.438952 0
      vertex 48.6155 1.7621 0
      vertex 48.7594 2.63372 0
    endloop
  endfacet
  facet normal 0 0 -1
    outer loop
      vertex 48.5 0 0
      vertex 59.75 0 0
      vertex 48.5289 -0.882942 0
    endloop
  endfacet
  facet normal 0 0 -1
    outer loop
      vertex 59.75 0 0
      vertex 48.5289 0.882942 0
      vertex 48.6155 1.7621 0
    endloop
  endfacet
  facet normal 0 0 -1
    outer loop
      vertex 59.75 0 0
      vertex 48.5 0 0
      vertex 48.5289 0.882942 0
    endloop
  endfacet
  facet normal -0.995184 0.0980289 0
    outer loop
      vertex 48.5289 0.882942 0
      vertex 48.6155 1.7621 3
      vertex 48.6155 1.7621 0
    endloop
  endfacet
  facet normal -0.995184 0.0980289 0
    outer loop
      vertex 48.6155 1.7621 3
      vertex 48.5289 0.882942 0
      vertex 48.5289 0.882942 3
    endloop
  endfacet
  facet normal -0.881892 -0.471452 0
    outer loop
      vertex 50.3087 -6.75 0
      vertex 49.8922 -5.9709 3
      vertex 49.8922 -5.9709 0
    endloop
  endfacet
  facet normal -0.881892 -0.471452 0
    outer loop
      vertex 49.8922 -5.9709 3
      vertex 50.3087 -6.75 0
      vertex 50.3087 -6.75 3
    endloop
  endfacet
  facet normal -0.999465 0.032714 0
    outer loop
      vertex 48.5 0 0
      vertex 48.5289 0.882942 3
      vertex 48.5289 0.882942 0
    endloop
  endfacet
  facet normal -0.999465 0.032714 0
    outer loop
      vertex 48.5289 0.882942 3
      vertex 48.5 0 0
      vertex 48.5 0 3
    endloop
  endfacet
  facet normal -0.528064 -0.849204 0
    outer loop
      vertex 54.4998 -11.2248 0
      vertex 55.25 -11.6913 3
      vertex 54.4998 -11.2248 3
    endloop
  endfacet
  facet normal -0.528064 -0.849204 -0
    outer loop
      vertex 55.25 -11.6913 3
      vertex 54.4998 -11.2248 0
      vertex 55.25 -11.6913 0
    endloop
  endfacet
  facet normal -0.849204 0.528064 0
    outer loop
      vertex 50.3087 6.75 0
      vertex 50.7752 7.5002 3
      vertex 50.7752 7.5002 0
    endloop
  endfacet
  facet normal -0.849204 0.528064 0
    outer loop
      vertex 50.7752 7.5002 3
      vertex 50.3087 6.75 0
      vertex 50.3087 6.75 3
    endloop
  endfacet
  facet normal -0.412702 -0.910866 0
    outer loop
      vertex 56.0291 -12.1078 0
      vertex 56.8338 -12.4724 3
      vertex 56.0291 -12.1078 3
    endloop
  endfacet
  facet normal -0.412702 -0.910866 -0
    outer loop
      vertex 56.8338 -12.4724 3
      vertex 56.0291 -12.1078 0
      vertex 56.8338 -12.4724 0
    endloop
  endfacet
  facet normal -0.881941 -0.47136 0
    outer loop
      vertex 64.0787 0.861037 0
      vertex 63.8708 1.25003 3
      vertex 63.8708 1.25003 0
    endloop
  endfacet
  facet normal -0.881941 -0.47136 0
    outer loop
      vertex 63.8708 1.25003 3
      vertex 64.0787 0.861037 0
      vertex 64.0787 0.861037 3
    endloop
  endfacet
  facet normal -0.471388 -0.881926 0
    outer loop
      vertex 62.861 2.07873 0
      vertex 63.25 1.87081 3
      vertex 62.861 2.07873 3
    endloop
  endfacet
  facet normal -0.471388 -0.881926 -0
    outer loop
      vertex 63.25 1.87081 3
      vertex 62.861 2.07873 0
      vertex 63.25 1.87081 0
    endloop
  endfacet
  facet normal -0.290342 0.956923 0
    outer loop
      vertex 62.861 -2.07873 0
      vertex 62.439 -2.20677 3
      vertex 62.861 -2.07873 3
    endloop
  endfacet
  facet normal -0.290342 0.956923 0
    outer loop
      vertex 62.439 -2.20677 3
      vertex 62.861 -2.07873 0
      vertex 62.439 -2.20677 0
    endloop
  endfacet
  facet normal -0.995192 -0.097943 0
    outer loop
      vertex 64.25 0 0
      vertex 64.2068 0.438952 3
      vertex 64.2068 0.438952 0
    endloop
  endfacet
  facet normal -0.995192 -0.097943 0
    outer loop
      vertex 64.2068 0.438952 3
      vertex 64.25 0 0
      vertex 64.25 0 3
    endloop
  endfacet
  facet normal 0.290342 -0.956923 0
    outer loop
      vertex 61.139 2.07873 0
      vertex 61.561 2.20677 3
      vertex 61.139 2.07873 3
    endloop
  endfacet
  facet normal 0.290342 -0.956923 0
    outer loop
      vertex 61.561 2.20677 3
      vertex 61.139 2.07873 0
      vertex 61.561 2.20677 0
    endloop
  endfacet
  facet normal -0.0979998 0.995186 0
    outer loop
      vertex 62.439 -2.20677 0
      vertex 62 -2.25 3
      vertex 62.439 -2.20677 3
    endloop
  endfacet
  facet normal -0.0979998 0.995186 0
    outer loop
      vertex 62 -2.25 3
      vertex 62.439 -2.20677 0
      vertex 62 -2.25 0
    endloop
  endfacet
  facet normal 0.995192 -0.097943 0
    outer loop
      vertex 59.75 0 3
      vertex 59.7932 0.438952 0
      vertex 59.7932 0.438952 3
    endloop
  endfacet
  facet normal 0.995192 -0.097943 0
    outer loop
      vertex 59.7932 0.438952 0
      vertex 59.75 0 3
      vertex 59.75 0 0
    endloop
  endfacet
  facet normal 0.995192 0.097943 0
    outer loop
      vertex 59.7932 -0.438952 3
      vertex 59.75 0 0
      vertex 59.75 0 3
    endloop
  endfacet
  facet normal 0.995192 0.097943 0
    outer loop
      vertex 59.75 0 0
      vertex 59.7932 -0.438952 3
      vertex 59.7932 -0.438952 0
    endloop
  endfacet
  facet normal -0.956901 -0.290413 0
    outer loop
      vertex 64.2068 0.438952 0
      vertex 64.0787 0.861037 3
      vertex 64.0787 0.861037 0
    endloop
  endfacet
  facet normal -0.956901 -0.290413 0
    outer loop
      vertex 64.0787 0.861037 3
      vertex 64.2068 0.438952 0
      vertex 64.2068 0.438952 3
    endloop
  endfacet
  facet normal 0.634351 0.773045 -0
    outer loop
      vertex 60.75 -1.87081 0
      vertex 60.409 -1.59099 3
      vertex 60.75 -1.87081 3
    endloop
  endfacet
  facet normal 0.634351 0.773045 0
    outer loop
      vertex 60.409 -1.59099 3
      vertex 60.75 -1.87081 0
      vertex 60.409 -1.59099 0
    endloop
  endfacet
  facet normal 0.0979998 0.995186 -0
    outer loop
      vertex 62 -2.25 0
      vertex 61.561 -2.20677 3
      vertex 62 -2.25 3
    endloop
  endfacet
  facet normal 0.0979998 0.995186 0
    outer loop
      vertex 61.561 -2.20677 3
      vertex 62 -2.25 0
      vertex 61.561 -2.20677 0
    endloop
  endfacet
  facet normal -0.0979998 -0.995186 0
    outer loop
      vertex 62 2.25 0
      vertex 62.439 2.20677 3
      vertex 62 2.25 3
    endloop
  endfacet
  facet normal -0.0979998 -0.995186 -0
    outer loop
      vertex 62.439 2.20677 3
      vertex 62 2.25 0
      vertex 62.439 2.20677 0
    endloop
  endfacet
  facet normal 0.881941 0.47136 0
    outer loop
      vertex 60.1292 -1.25003 3
      vertex 59.9213 -0.861037 0
      vertex 59.9213 -0.861037 3
    endloop
  endfacet
  facet normal 0.881941 0.47136 0
    outer loop
      vertex 59.9213 -0.861037 0
      vertex 60.1292 -1.25003 3
      vertex 60.1292 -1.25003 0
    endloop
  endfacet
  facet normal 0.634351 -0.773045 0
    outer loop
      vertex 60.409 1.59099 0
      vertex 60.75 1.87081 3
      vertex 60.409 1.59099 3
    endloop
  endfacet
  facet normal 0.634351 -0.773045 0
    outer loop
      vertex 60.75 1.87081 3
      vertex 60.409 1.59099 0
      vertex 60.75 1.87081 0
    endloop
  endfacet
  facet normal 0.471388 -0.881926 0
    outer loop
      vertex 60.75 1.87081 0
      vertex 61.139 2.07873 3
      vertex 60.75 1.87081 3
    endloop
  endfacet
  facet normal 0.471388 -0.881926 0
    outer loop
      vertex 61.139 2.07873 3
      vertex 60.75 1.87081 0
      vertex 61.139 2.07873 0
    endloop
  endfacet
  facet normal 0.471388 0.881926 -0
    outer loop
      vertex 61.139 -2.07873 0
      vertex 60.75 -1.87081 3
      vertex 61.139 -2.07873 3
    endloop
  endfacet
  facet normal 0.471388 0.881926 0
    outer loop
      vertex 60.75 -1.87081 3
      vertex 61.139 -2.07873 0
      vertex 60.75 -1.87081 0
    endloop
  endfacet
  facet normal 0.290342 0.956923 -0
    outer loop
      vertex 61.561 -2.20677 0
      vertex 61.139 -2.07873 3
      vertex 61.561 -2.20677 3
    endloop
  endfacet
  facet normal 0.290342 0.956923 0
    outer loop
      vertex 61.139 -2.07873 3
      vertex 61.561 -2.20677 0
      vertex 61.139 -2.07873 0
    endloop
  endfacet
  facet normal -0.773031 -0.634368 0
    outer loop
      vertex 63.8708 1.25003 0
      vertex 63.591 1.59099 3
      vertex 63.591 1.59099 0
    endloop
  endfacet
  facet normal -0.773031 -0.634368 0
    outer loop
      vertex 63.591 1.59099 3
      vertex 63.8708 1.25003 0
      vertex 63.8708 1.25003 3
    endloop
  endfacet
  facet normal -0.881941 0.47136 0
    outer loop
      vertex 63.8708 -1.25003 0
      vertex 64.0787 -0.861037 3
      vertex 64.0787 -0.861037 0
    endloop
  endfacet
  facet normal -0.881941 0.47136 0
    outer loop
      vertex 64.0787 -0.861037 3
      vertex 63.8708 -1.25003 0
      vertex 63.8708 -1.25003 3
    endloop
  endfacet
  facet normal 0.773031 0.634368 0
    outer loop
      vertex 60.409 -1.59099 3
      vertex 60.1292 -1.25003 0
      vertex 60.1292 -1.25003 3
    endloop
  endfacet
  facet normal 0.773031 0.634368 0
    outer loop
      vertex 60.1292 -1.25003 0
      vertex 60.409 -1.59099 3
      vertex 60.409 -1.59099 0
    endloop
  endfacet
  facet normal -0.471388 0.881926 0
    outer loop
      vertex 63.25 -1.87081 0
      vertex 62.861 -2.07873 3
      vertex 63.25 -1.87081 3
    endloop
  endfacet
  facet normal -0.471388 0.881926 0
    outer loop
      vertex 62.861 -2.07873 3
      vertex 63.25 -1.87081 0
      vertex 62.861 -2.07873 0
    endloop
  endfacet
  facet normal -0.634351 -0.773045 0
    outer loop
      vertex 63.25 1.87081 0
      vertex 63.591 1.59099 3
      vertex 63.25 1.87081 3
    endloop
  endfacet
  facet normal -0.634351 -0.773045 -0
    outer loop
      vertex 63.591 1.59099 3
      vertex 63.25 1.87081 0
      vertex 63.591 1.59099 0
    endloop
  endfacet
  facet normal -0.773031 0.634368 0
    outer loop
      vertex 63.591 -1.59099 0
      vertex 63.8708 -1.25003 3
      vertex 63.8708 -1.25003 0
    endloop
  endfacet
  facet normal -0.773031 0.634368 0
    outer loop
      vertex 63.8708 -1.25003 3
      vertex 63.591 -1.59099 0
      vertex 63.591 -1.59099 3
    endloop
  endfacet
  facet normal -0.995192 0.097943 0
    outer loop
      vertex 64.2068 -0.438952 0
      vertex 64.25 0 3
      vertex 64.25 0 0
    endloop
  endfacet
  facet normal -0.995192 0.097943 0
    outer loop
      vertex 64.25 0 3
      vertex 64.2068 -0.438952 0
      vertex 64.2068 -0.438952 3
    endloop
  endfacet
  facet normal 0.956901 0.290413 0
    outer loop
      vertex 59.9213 -0.861037 3
      vertex 59.7932 -0.438952 0
      vertex 59.7932 -0.438952 3
    endloop
  endfacet
  facet normal 0.956901 0.290413 0
    outer loop
      vertex 59.7932 -0.438952 0
      vertex 59.9213 -0.861037 3
      vertex 59.9213 -0.861037 0
    endloop
  endfacet
  facet normal 0.0979998 -0.995186 0
    outer loop
      vertex 61.561 2.20677 0
      vertex 62 2.25 3
      vertex 61.561 2.20677 3
    endloop
  endfacet
  facet normal 0.0979998 -0.995186 0
    outer loop
      vertex 62 2.25 3
      vertex 61.561 2.20677 0
      vertex 62 2.25 0
    endloop
  endfacet
  facet normal 0.773031 -0.634368 0
    outer loop
      vertex 60.1292 1.25003 3
      vertex 60.409 1.59099 0
      vertex 60.409 1.59099 3
    endloop
  endfacet
  facet normal 0.773031 -0.634368 0
    outer loop
      vertex 60.409 1.59099 0
      vertex 60.1292 1.25003 3
      vertex 60.1292 1.25003 0
    endloop
  endfacet
  facet normal 0.881941 -0.47136 0
    outer loop
      vertex 59.9213 0.861037 3
      vertex 60.1292 1.25003 0
      vertex 60.1292 1.25003 3
    endloop
  endfacet
  facet normal 0.881941 -0.47136 0
    outer loop
      vertex 60.1292 1.25003 0
      vertex 59.9213 0.861037 3
      vertex 59.9213 0.861037 0
    endloop
  endfacet
  facet normal -0.956901 0.290413 0
    outer loop
      vertex 64.0787 -0.861037 0
      vertex 64.2068 -0.438952 3
      vertex 64.2068 -0.438952 0
    endloop
  endfacet
  facet normal -0.956901 0.290413 0
    outer loop
      vertex 64.2068 -0.438952 3
      vertex 64.0787 -0.861037 0
      vertex 64.0787 -0.861037 3
    endloop
  endfacet
  facet normal -0.634351 0.773045 0
    outer loop
      vertex 63.591 -1.59099 0
      vertex 63.25 -1.87081 3
      vertex 63.591 -1.59099 3
    endloop
  endfacet
  facet normal -0.634351 0.773045 0
    outer loop
      vertex 63.25 -1.87081 3
      vertex 63.591 -1.59099 0
      vertex 63.25 -1.87081 0
    endloop
  endfacet
  facet normal -0.290342 -0.956923 0
    outer loop
      vertex 62.439 2.20677 0
      vertex 62.861 2.07873 3
      vertex 62.439 2.20677 3
    endloop
  endfacet
  facet normal -0.290342 -0.956923 -0
    outer loop
      vertex 62.861 2.07873 3
      vertex 62.439 2.20677 0
      vertex 62.861 2.07873 0
    endloop
  endfacet
  facet normal 0.956901 -0.290413 0
    outer loop
      vertex 59.7932 0.438952 3
      vertex 59.9213 0.861037 0
      vertex 59.9213 0.861037 3
    endloop
  endfacet
  facet normal 0.956901 -0.290413 0
    outer loop
      vertex 59.9213 0.861037 0
      vertex 59.7932 0.438952 3
      vertex 59.7932 0.438952 0
    endloop
  endfacet
  facet normal 0.99525 0.0973562 0
    outer loop
      vertex 106.471 0.882942 3
      vertex 106.385 1.7621 0
      vertex 106.385 1.7621 3
    endloop
  endfacet
  facet normal 0.99525 0.0973562 0
    outer loop
      vertex 106.385 1.7621 0
      vertex 106.471 0.882942 3
      vertex 106.471 0.882942 0
    endloop
  endfacet
  facet normal 0.999461 0.032827 0
    outer loop
      vertex 106.5 0 3
      vertex 106.471 0.882942 0
      vertex 106.471 0.882942 3
    endloop
  endfacet
  facet normal 0.999461 0.032827 0
    outer loop
      vertex 106.471 0.882942 0
      vertex 106.5 0 3
      vertex 106.5 0 0
    endloop
  endfacet
  facet normal 0.352264 -0.935901 0
    outer loop
      vertex 97.3394 -12.7836 0
      vertex 98.1662 -12.4724 3
      vertex 97.3394 -12.7836 3
    endloop
  endfacet
  facet normal 0.352264 -0.935901 0
    outer loop
      vertex 98.1662 -12.4724 3
      vertex 97.3394 -12.7836 0
      vertex 98.1662 -12.4724 0
    endloop
  endfacet
  facet normal 0.0980243 0.995184 -0
    outer loop
      vertex 94.7621 13.3845 0
      vertex 93.8829 13.4711 3
      vertex 94.7621 13.3845 3
    endloop
  endfacet
  facet normal 0.0980243 0.995184 0
    outer loop
      vertex 93.8829 13.4711 3
      vertex 94.7621 13.3845 0
      vertex 93.8829 13.4711 0
    endloop
  endfacet
  facet normal -0.935901 -0.352264 0
    outer loop
      vertex 80.5276 -5.16623 0
      vertex 80.2164 -4.33943 3
      vertex 80.2164 -4.33943 0
    endloop
  endfacet
  facet normal -0.935901 -0.352264 0
    outer loop
      vertex 80.2164 -4.33943 3
      vertex 80.5276 -5.16623 0
      vertex 80.5276 -5.16623 3
    endloop
  endfacet
  facet normal -0.162894 -0.986644 0
    outer loop
      vertex 90.3663 -13.2406 0
      vertex 91.2379 -13.3845 3
      vertex 90.3663 -13.2406 3
    endloop
  endfacet
  facet normal -0.162894 -0.986644 -0
    outer loop
      vertex 91.2379 -13.3845 3
      vertex 90.3663 -13.2406 0
      vertex 91.2379 -13.3845 0
    endloop
  endfacet
  facet normal 0.528166 -0.849141 0
    outer loop
      vertex 99.75 -11.6913 0
      vertex 100.5 -11.2248 3
      vertex 99.75 -11.6913 3
    endloop
  endfacet
  facet normal 0.528166 -0.849141 0
    outer loop
      vertex 100.5 -11.2248 3
      vertex 99.75 -11.6913 0
      vertex 100.5 -11.2248 0
    endloop
  endfacet
  facet normal 0.227058 -0.973881 0
    outer loop
      vertex 95.6337 -13.2406 0
      vertex 96.4941 -13.04 3
      vertex 95.6337 -13.2406 3
    endloop
  endfacet
  facet normal 0.227058 -0.973881 0
    outer loop
      vertex 96.4941 -13.04 3
      vertex 95.6337 -13.2406 0
      vertex 96.4941 -13.04 0
    endloop
  endfacet
  facet normal -0.849204 -0.528064 0
    outer loop
      vertex 81.7752 -7.5002 0
      vertex 81.3087 -6.75 3
      vertex 81.3087 -6.75 0
    endloop
  endfacet
  facet normal -0.849204 -0.528064 0
    outer loop
      vertex 81.3087 -6.75 3
      vertex 81.7752 -7.5002 0
      vertex 81.7752 -7.5002 3
    endloop
  endfacet
  facet normal -0.72986 0.683597 0
    outer loop
      vertex 82.8502 8.90117 0
      vertex 83.4541 9.54594 3
      vertex 83.4541 9.54594 0
    endloop
  endfacet
  facet normal -0.72986 0.683597 0
    outer loop
      vertex 83.4541 9.54594 3
      vertex 82.8502 8.90117 0
      vertex 82.8502 8.90117 3
    endloop
  endfacet
  facet normal 0.162894 -0.986644 0
    outer loop
      vertex 94.7621 -13.3845 0
      vertex 95.6337 -13.2406 3
      vertex 94.7621 -13.3845 3
    endloop
  endfacet
  facet normal 0.162894 -0.986644 0
    outer loop
      vertex 95.6337 -13.2406 3
      vertex 94.7621 -13.3845 0
      vertex 95.6337 -13.2406 0
    endloop
  endfacet
  facet normal -0.881892 0.471452 0
    outer loop
      vertex 80.8922 5.9709 0
      vertex 81.3087 6.75 3
      vertex 81.3087 6.75 0
    endloop
  endfacet
  facet normal -0.881892 0.471452 0
    outer loop
      vertex 81.3087 6.75 3
      vertex 80.8922 5.9709 0
      vertex 80.8922 5.9709 3
    endloop
  endfacet
  facet normal 0.973778 0.227502 0
    outer loop
      vertex 106.241 2.63372 3
      vertex 106.04 3.49406 0
      vertex 106.04 3.49406 3
    endloop
  endfacet
  facet normal 0.973778 0.227502 0
    outer loop
      vertex 106.04 3.49406 0
      vertex 106.241 2.63372 3
      vertex 106.241 2.63372 0
    endloop
  endfacet
  facet normal 0.162894 0.986644 -0
    outer loop
      vertex 95.6337 13.2406 0
      vertex 94.7621 13.3845 3
      vertex 95.6337 13.2406 3
    endloop
  endfacet
  facet normal 0.162894 0.986644 0
    outer loop
      vertex 94.7621 13.3845 3
      vertex 95.6337 13.2406 0
      vertex 94.7621 13.3845 0
    endloop
  endfacet
  facet normal 0.986626 -0.163 0
    outer loop
      vertex 106.241 -2.63372 3
      vertex 106.385 -1.7621 0
      vertex 106.385 -1.7621 3
    endloop
  endfacet
  facet normal 0.986626 -0.163 0
    outer loop
      vertex 106.385 -1.7621 0
      vertex 106.241 -2.63372 3
      vertex 106.241 -2.63372 0
    endloop
  endfacet
  facet normal 0.582469 0.812853 -0
    outer loop
      vertex 101.218 10.7103 0
      vertex 100.5 11.2248 3
      vertex 101.218 10.7103 3
    endloop
  endfacet
  facet normal 0.582469 0.812853 0
    outer loop
      vertex 100.5 11.2248 3
      vertex 101.218 10.7103 0
      vertex 100.5 11.2248 0
    endloop
  endfacet
  facet normal -0.973878 0.227073 0
    outer loop
      vertex 79.7594 2.63372 0
      vertex 79.96 3.49406 3
      vertex 79.96 3.49406 0
    endloop
  endfacet
  facet normal -0.973878 0.227073 0
    outer loop
      vertex 79.96 3.49406 3
      vertex 79.7594 2.63372 0
      vertex 79.7594 2.63372 3
    endloop
  endfacet
  facet normal 0.471452 -0.881892 0
    outer loop
      vertex 98.9709 -12.1078 0
      vertex 99.75 -11.6913 3
      vertex 98.9709 -12.1078 3
    endloop
  endfacet
  facet normal 0.471452 -0.881892 0
    outer loop
      vertex 99.75 -11.6913 3
      vertex 98.9709 -12.1078 0
      vertex 99.75 -11.6913 0
    endloop
  endfacet
  facet normal -0.412702 0.910866 0
    outer loop
      vertex 87.8338 12.4724 0
      vertex 87.0291 12.1078 3
      vertex 87.8338 12.4724 3
    endloop
  endfacet
  facet normal -0.412702 0.910866 0
    outer loop
      vertex 87.0291 12.1078 3
      vertex 87.8338 12.4724 0
      vertex 87.0291 12.1078 0
    endloop
  endfacet
  facet normal -0.0980243 0.995184 0
    outer loop
      vertex 92.1171 13.4711 0
      vertex 91.2379 13.3845 3
      vertex 92.1171 13.4711 3
    endloop
  endfacet
  facet normal -0.0980243 0.995184 0
    outer loop
      vertex 91.2379 13.3845 3
      vertex 92.1171 13.4711 0
      vertex 91.2379 13.3845 0
    endloop
  endfacet
  facet normal -0.471452 -0.881892 0
    outer loop
      vertex 86.25 -11.6913 0
      vertex 87.0291 -12.1078 3
      vertex 86.25 -11.6913 3
    endloop
  endfacet
  facet normal -0.471452 -0.881892 -0
    outer loop
      vertex 87.0291 -12.1078 3
      vertex 86.25 -11.6913 0
      vertex 87.0291 -12.1078 0
    endloop
  endfacet
  facet normal 0.412702 0.910866 -0
    outer loop
      vertex 98.9709 12.1078 0
      vertex 98.1662 12.4724 3
      vertex 98.9709 12.1078 3
    endloop
  endfacet
  facet normal 0.412702 0.910866 0
    outer loop
      vertex 98.1662 12.4724 3
      vertex 98.9709 12.1078 0
      vertex 98.1662 12.4724 0
    endloop
  endfacet
  facet normal 0.528166 0.849141 -0
    outer loop
      vertex 100.5 11.2248 0
      vertex 99.75 11.6913 3
      vertex 100.5 11.2248 3
    endloop
  endfacet
  facet normal 0.528166 0.849141 0
    outer loop
      vertex 99.75 11.6913 3
      vertex 100.5 11.2248 0
      vertex 99.75 11.6913 0
    endloop
  endfacet
  facet normal 0.0327155 -0.999465 0
    outer loop
      vertex 93 -13.5 0
      vertex 93.8829 -13.4711 3
      vertex 93 -13.5 3
    endloop
  endfacet
  facet normal 0.0327155 -0.999465 0
    outer loop
      vertex 93.8829 -13.4711 3
      vertex 93 -13.5 0
      vertex 93.8829 -13.4711 0
    endloop
  endfacet
  facet normal 0.957079 -0.289828 0
    outer loop
      vertex 105.784 -4.33943 3
      vertex 106.04 -3.49406 0
      vertex 106.04 -3.49406 3
    endloop
  endfacet
  facet normal 0.957079 -0.289828 0
    outer loop
      vertex 106.04 -3.49406 0
      vertex 105.784 -4.33943 3
      vertex 105.784 -4.33943 0
    endloop
  endfacet
  facet normal 0.471452 0.881892 -0
    outer loop
      vertex 99.75 11.6913 0
      vertex 98.9709 12.1078 3
      vertex 99.75 11.6913 3
    endloop
  endfacet
  facet normal 0.471452 0.881892 0
    outer loop
      vertex 98.9709 12.1078 3
      vertex 99.75 11.6913 0
      vertex 98.9709 12.1078 0
    endloop
  endfacet
  facet normal -0.956953 -0.290243 0
    outer loop
      vertex 80.2164 -4.33943 0
      vertex 79.96 -3.49406 3
      vertex 79.96 -3.49406 0
    endloop
  endfacet
  facet normal -0.956953 -0.290243 0
    outer loop
      vertex 79.96 -3.49406 3
      vertex 80.2164 -4.33943 0
      vertex 80.2164 -4.33943 3
    endloop
  endfacet
  facet normal 0.0980243 -0.995184 0
    outer loop
      vertex 93.8829 -13.4711 0
      vertex 94.7621 -13.3845 3
      vertex 93.8829 -13.4711 3
    endloop
  endfacet
  facet normal 0.0980243 -0.995184 0
    outer loop
      vertex 94.7621 -13.3845 3
      vertex 93.8829 -13.4711 0
      vertex 94.7621 -13.3845 0
    endloop
  endfacet
  facet normal 0.935602 0.353057 0
    outer loop
      vertex 105.784 4.33943 3
      vertex 105.472 5.16623 0
      vertex 105.472 5.16623 3
    endloop
  endfacet
  facet normal 0.935602 0.353057 0
    outer loop
      vertex 105.472 5.16623 0
      vertex 105.784 4.33943 3
      vertex 105.784 4.33943 0
    endloop
  endfacet
  facet normal -0.683612 0.729846 0
    outer loop
      vertex 84.0988 10.1498 0
      vertex 83.4541 9.54594 3
      vertex 84.0988 10.1498 3
    endloop
  endfacet
  facet normal -0.683612 0.729846 0
    outer loop
      vertex 83.4541 9.54594 3
      vertex 84.0988 10.1498 0
      vertex 83.4541 9.54594 0
    endloop
  endfacet
  facet normal -0.290265 0.956946 0
    outer loop
      vertex 89.5059 13.04 0
      vertex 88.6606 12.7836 3
      vertex 89.5059 13.04 3
    endloop
  endfacet
  facet normal -0.290265 0.956946 0
    outer loop
      vertex 88.6606 12.7836 3
      vertex 89.5059 13.04 0
      vertex 88.6606 12.7836 0
    endloop
  endfacet
  facet normal -0.227058 -0.973881 0
    outer loop
      vertex 89.5059 -13.04 0
      vertex 90.3663 -13.2406 3
      vertex 89.5059 -13.04 3
    endloop
  endfacet
  facet normal -0.227058 -0.973881 -0
    outer loop
      vertex 90.3663 -13.2406 3
      vertex 89.5059 -13.04 0
      vertex 90.3663 -13.2406 0
    endloop
  endfacet
  facet normal -0.162894 0.986644 0
    outer loop
      vertex 91.2379 13.3845 0
      vertex 90.3663 13.2406 3
      vertex 91.2379 13.3845 3
    endloop
  endfacet
  facet normal -0.162894 0.986644 0
    outer loop
      vertex 90.3663 13.2406 3
      vertex 91.2379 13.3845 0
      vertex 90.3663 13.2406 0
    endloop
  endfacet
  facet normal 0.773251 0.6341 0
    outer loop
      vertex 103.71 8.21828 3
      vertex 103.15 8.90117 0
      vertex 103.15 8.90117 3
    endloop
  endfacet
  facet normal 0.773251 0.6341 0
    outer loop
      vertex 103.15 8.90117 0
      vertex 103.71 8.21828 3
      vertex 103.71 8.21828 0
    endloop
  endfacet
  facet normal -0.986644 0.16289 0
    outer loop
      vertex 79.6155 1.7621 0
      vertex 79.7594 2.63372 3
      vertex 79.7594 2.63372 0
    endloop
  endfacet
  facet normal -0.986644 0.16289 0
    outer loop
      vertex 79.7594 2.63372 3
      vertex 79.6155 1.7621 0
      vertex 79.6155 1.7621 3
    endloop
  endfacet
  facet normal 0.729804 -0.683657 0
    outer loop
      vertex 102.546 -9.54594 3
      vertex 103.15 -8.90117 0
      vertex 103.15 -8.90117 3
    endloop
  endfacet
  facet normal 0.729804 -0.683657 0
    outer loop
      vertex 103.15 -8.90117 0
      vertex 102.546 -9.54594 3
      vertex 102.546 -9.54594 0
    endloop
  endfacet
  facet normal 0.227058 0.973881 -0
    outer loop
      vertex 96.4941 13.04 0
      vertex 95.6337 13.2406 3
      vertex 96.4941 13.04 3
    endloop
  endfacet
  facet normal 0.227058 0.973881 0
    outer loop
      vertex 95.6337 13.2406 3
      vertex 96.4941 13.04 0
      vertex 95.6337 13.2406 0
    endloop
  endfacet
  facet normal -0.0327155 -0.999465 0
    outer loop
      vertex 92.1171 -13.4711 0
      vertex 93 -13.5 3
      vertex 92.1171 -13.4711 3
    endloop
  endfacet
  facet normal -0.0327155 -0.999465 -0
    outer loop
      vertex 93 -13.5 3
      vertex 92.1171 -13.4711 0
      vertex 93 -13.5 0
    endloop
  endfacet
  facet normal 0.881657 -0.471892 0
    outer loop
      vertex 104.691 -6.75 3
      vertex 105.108 -5.9709 0
      vertex 105.108 -5.9709 3
    endloop
  endfacet
  facet normal 0.881657 -0.471892 0
    outer loop
      vertex 105.108 -5.9709 0
      vertex 104.691 -6.75 3
      vertex 104.691 -6.75 0
    endloop
  endfacet
  facet normal 0.957079 0.289828 0
    outer loop
      vertex 106.04 3.49406 3
      vertex 105.784 4.33943 0
      vertex 105.784 4.33943 3
    endloop
  endfacet
  facet normal 0.957079 0.289828 0
    outer loop
      vertex 105.784 4.33943 0
      vertex 106.04 3.49406 3
      vertex 106.04 3.49406 0
    endloop
  endfacet
  facet normal 0.729804 0.683657 0
    outer loop
      vertex 103.15 8.90117 3
      vertex 102.546 9.54594 0
      vertex 102.546 9.54594 3
    endloop
  endfacet
  facet normal 0.729804 0.683657 0
    outer loop
      vertex 102.546 9.54594 0
      vertex 103.15 8.90117 3
      vertex 103.15 8.90117 0
    endloop
  endfacet
  facet normal 0.683443 0.730004 -0
    outer loop
      vertex 102.546 9.54594 0
      vertex 101.901 10.1498 3
      vertex 102.546 9.54594 3
    endloop
  endfacet
  facet normal 0.683443 0.730004 0
    outer loop
      vertex 101.901 10.1498 3
      vertex 102.546 9.54594 0
      vertex 101.901 10.1498 0
    endloop
  endfacet
  facet normal -0.582415 0.812891 0
    outer loop
      vertex 85.4998 11.2248 0
      vertex 84.7817 10.7103 3
      vertex 85.4998 11.2248 3
    endloop
  endfacet
  facet normal -0.582415 0.812891 0
    outer loop
      vertex 84.7817 10.7103 3
      vertex 85.4998 11.2248 0
      vertex 84.7817 10.7103 0
    endloop
  endfacet
  facet normal -0.528064 0.849204 0
    outer loop
      vertex 86.25 11.6913 0
      vertex 85.4998 11.2248 3
      vertex 86.25 11.6913 3
    endloop
  endfacet
  facet normal -0.528064 0.849204 0
    outer loop
      vertex 85.4998 11.2248 3
      vertex 86.25 11.6913 0
      vertex 85.4998 11.2248 0
    endloop
  endfacet
  facet normal -0.91086 0.412715 0
    outer loop
      vertex 80.5276 5.16623 0
      vertex 80.8922 5.9709 3
      vertex 80.8922 5.9709 0
    endloop
  endfacet
  facet normal -0.91086 0.412715 0
    outer loop
      vertex 80.8922 5.9709 3
      vertex 80.5276 5.16623 0
      vertex 80.5276 5.16623 3
    endloop
  endfacet
  facet normal 0.290265 -0.956946 0
    outer loop
      vertex 96.4941 -13.04 0
      vertex 97.3394 -12.7836 3
      vertex 96.4941 -13.04 3
    endloop
  endfacet
  facet normal 0.290265 -0.956946 0
    outer loop
      vertex 97.3394 -12.7836 3
      vertex 96.4941 -13.04 0
      vertex 97.3394 -12.7836 0
    endloop
  endfacet
  facet normal 0.849458 0.527656 0
    outer loop
      vertex 104.691 6.75 3
      vertex 104.225 7.5002 0
      vertex 104.225 7.5002 3
    endloop
  endfacet
  facet normal 0.849458 0.527656 0
    outer loop
      vertex 104.225 7.5002 0
      vertex 104.691 6.75 3
      vertex 104.691 6.75 0
    endloop
  endfacet
  facet normal 0.634377 -0.773024 0
    outer loop
      vertex 101.218 -10.7103 0
      vertex 101.901 -10.1498 3
      vertex 101.218 -10.7103 3
    endloop
  endfacet
  facet normal 0.634377 -0.773024 0
    outer loop
      vertex 101.901 -10.1498 3
      vertex 101.218 -10.7103 0
      vertex 101.901 -10.1498 0
    endloop
  endfacet
  facet normal 0.911115 -0.412152 0
    outer loop
      vertex 105.108 -5.9709 3
      vertex 105.472 -5.16623 0
      vertex 105.472 -5.16623 3
    endloop
  endfacet
  facet normal 0.911115 -0.412152 0
    outer loop
      vertex 105.472 -5.16623 0
      vertex 105.108 -5.9709 3
      vertex 105.108 -5.9709 0
    endloop
  endfacet
  facet normal -0.986644 -0.16289 0
    outer loop
      vertex 79.7594 -2.63372 0
      vertex 79.6155 -1.7621 3
      vertex 79.6155 -1.7621 0
    endloop
  endfacet
  facet normal -0.986644 -0.16289 0
    outer loop
      vertex 79.6155 -1.7621 3
      vertex 79.7594 -2.63372 0
      vertex 79.7594 -2.63372 3
    endloop
  endfacet
  facet normal 0.881657 0.471892 0
    outer loop
      vertex 105.108 5.9709 3
      vertex 104.691 6.75 0
      vertex 104.691 6.75 3
    endloop
  endfacet
  facet normal 0.881657 0.471892 0
    outer loop
      vertex 104.691 6.75 0
      vertex 105.108 5.9709 3
      vertex 105.108 5.9709 0
    endloop
  endfacet
  facet normal 0.935602 -0.353057 0
    outer loop
      vertex 105.472 -5.16623 3
      vertex 105.784 -4.33943 0
      vertex 105.784 -4.33943 3
    endloop
  endfacet
  facet normal 0.935602 -0.353057 0
    outer loop
      vertex 105.784 -4.33943 0
      vertex 105.472 -5.16623 3
      vertex 105.472 -5.16623 0
    endloop
  endfacet
  facet normal -0.999465 -0.032714 0
    outer loop
      vertex 79.5289 -0.882942 0
      vertex 79.5 0 3
      vertex 79.5 0 0
    endloop
  endfacet
  facet normal -0.999465 -0.032714 0
    outer loop
      vertex 79.5 0 3
      vertex 79.5289 -0.882942 0
      vertex 79.5289 -0.882942 3
    endloop
  endfacet
  facet normal 0.412702 -0.910866 0
    outer loop
      vertex 98.1662 -12.4724 0
      vertex 98.9709 -12.1078 3
      vertex 98.1662 -12.4724 3
    endloop
  endfacet
  facet normal 0.412702 -0.910866 0
    outer loop
      vertex 98.9709 -12.1078 3
      vertex 98.1662 -12.4724 0
      vertex 98.9709 -12.1078 0
    endloop
  endfacet
  facet normal 0.812616 -0.5828 0
    outer loop
      vertex 103.71 -8.21828 3
      vertex 104.225 -7.5002 0
      vertex 104.225 -7.5002 3
    endloop
  endfacet
  facet normal 0.812616 -0.5828 0
    outer loop
      vertex 104.225 -7.5002 0
      vertex 103.71 -8.21828 3
      vertex 103.71 -8.21828 0
    endloop
  endfacet
  facet normal -0.0980243 -0.995184 0
    outer loop
      vertex 91.2379 -13.3845 0
      vertex 92.1171 -13.4711 3
      vertex 91.2379 -13.3845 3
    endloop
  endfacet
  facet normal -0.0980243 -0.995184 -0
    outer loop
      vertex 92.1171 -13.4711 3
      vertex 91.2379 -13.3845 0
      vertex 92.1171 -13.4711 0
    endloop
  endfacet
  facet normal 0.773251 -0.6341 0
    outer loop
      vertex 103.15 -8.90117 3
      vertex 103.71 -8.21828 0
      vertex 103.71 -8.21828 3
    endloop
  endfacet
  facet normal 0.773251 -0.6341 0
    outer loop
      vertex 103.71 -8.21828 0
      vertex 103.15 -8.90117 3
      vertex 103.15 -8.90117 0
    endloop
  endfacet
  facet normal -0.352264 0.935901 0
    outer loop
      vertex 88.6606 12.7836 0
      vertex 87.8338 12.4724 3
      vertex 88.6606 12.7836 3
    endloop
  endfacet
  facet normal -0.352264 0.935901 0
    outer loop
      vertex 87.8338 12.4724 3
      vertex 88.6606 12.7836 0
      vertex 87.8338 12.4724 0
    endloop
  endfacet
  facet normal -0.227058 0.973881 0
    outer loop
      vertex 90.3663 13.2406 0
      vertex 89.5059 13.04 3
      vertex 90.3663 13.2406 3
    endloop
  endfacet
  facet normal -0.227058 0.973881 0
    outer loop
      vertex 89.5059 13.04 3
      vertex 90.3663 13.2406 0
      vertex 89.5059 13.04 0
    endloop
  endfacet
  facet normal 0.582469 -0.812853 0
    outer loop
      vertex 100.5 -11.2248 0
      vertex 101.218 -10.7103 3
      vertex 100.5 -11.2248 3
    endloop
  endfacet
  facet normal 0.582469 -0.812853 0
    outer loop
      vertex 101.218 -10.7103 3
      vertex 100.5 -11.2248 0
      vertex 101.218 -10.7103 0
    endloop
  endfacet
  facet normal -0.973878 -0.227073 0
    outer loop
      vertex 79.96 -3.49406 0
      vertex 79.7594 -2.63372 3
      vertex 79.7594 -2.63372 0
    endloop
  endfacet
  facet normal -0.973878 -0.227073 0
    outer loop
      vertex 79.7594 -2.63372 3
      vertex 79.96 -3.49406 0
      vertex 79.96 -3.49406 3
    endloop
  endfacet
  facet normal -0.812884 -0.582426 0
    outer loop
      vertex 82.2897 -8.21828 0
      vertex 81.7752 -7.5002 3
      vertex 81.7752 -7.5002 0
    endloop
  endfacet
  facet normal -0.812884 -0.582426 0
    outer loop
      vertex 81.7752 -7.5002 3
      vertex 82.2897 -8.21828 0
      vertex 82.2897 -8.21828 3
    endloop
  endfacet
  facet normal -0.634433 -0.772978 0
    outer loop
      vertex 84.0988 -10.1498 0
      vertex 84.7817 -10.7103 3
      vertex 84.0988 -10.1498 3
    endloop
  endfacet
  facet normal -0.634433 -0.772978 -0
    outer loop
      vertex 84.7817 -10.7103 3
      vertex 84.0988 -10.1498 0
      vertex 84.7817 -10.7103 0
    endloop
  endfacet
  facet normal -0.0327155 0.999465 0
    outer loop
      vertex 93 13.5 0
      vertex 92.1171 13.4711 3
      vertex 93 13.5 3
    endloop
  endfacet
  facet normal -0.0327155 0.999465 0
    outer loop
      vertex 92.1171 13.4711 3
      vertex 93 13.5 0
      vertex 92.1171 13.4711 0
    endloop
  endfacet
  facet normal 0.290265 0.956946 -0
    outer loop
      vertex 97.3394 12.7836 0
      vertex 96.4941 13.04 3
      vertex 97.3394 12.7836 3
    endloop
  endfacet
  facet normal 0.290265 0.956946 0
    outer loop
      vertex 96.4941 13.04 3
      vertex 97.3394 12.7836 0
      vertex 96.4941 13.04 0
    endloop
  endfacet
  facet normal 0.99525 -0.0973562 0
    outer loop
      vertex 106.385 -1.7621 3
      vertex 106.471 -0.882942 0
      vertex 106.471 -0.882942 3
    endloop
  endfacet
  facet normal 0.99525 -0.0973562 0
    outer loop
      vertex 106.471 -0.882942 0
      vertex 106.385 -1.7621 3
      vertex 106.385 -1.7621 0
    endloop
  endfacet
  facet normal 0.999461 -0.032827 0
    outer loop
      vertex 106.471 -0.882942 3
      vertex 106.5 0 0
      vertex 106.5 0 3
    endloop
  endfacet
  facet normal 0.999461 -0.032827 0
    outer loop
      vertex 106.5 0 0
      vertex 106.471 -0.882942 3
      vertex 106.471 -0.882942 0
    endloop
  endfacet
  facet normal -0.956953 0.290243 0
    outer loop
      vertex 79.96 3.49406 0
      vertex 80.2164 4.33943 3
      vertex 80.2164 4.33943 0
    endloop
  endfacet
  facet normal -0.956953 0.290243 0
    outer loop
      vertex 80.2164 4.33943 3
      vertex 79.96 3.49406 0
      vertex 79.96 3.49406 3
    endloop
  endfacet
  facet normal -0.772973 0.634438 0
    outer loop
      vertex 82.2897 8.21828 0
      vertex 82.8502 8.90117 3
      vertex 82.8502 8.90117 0
    endloop
  endfacet
  facet normal -0.772973 0.634438 0
    outer loop
      vertex 82.8502 8.90117 3
      vertex 82.2897 8.21828 0
      vertex 82.2897 8.21828 3
    endloop
  endfacet
  facet normal 0.973778 -0.227502 0
    outer loop
      vertex 106.04 -3.49406 3
      vertex 106.241 -2.63372 0
      vertex 106.241 -2.63372 3
    endloop
  endfacet
  facet normal 0.973778 -0.227502 0
    outer loop
      vertex 106.241 -2.63372 0
      vertex 106.04 -3.49406 3
      vertex 106.04 -3.49406 0
    endloop
  endfacet
  facet normal -0.91086 -0.412715 0
    outer loop
      vertex 80.8922 -5.9709 0
      vertex 80.5276 -5.16623 3
      vertex 80.5276 -5.16623 0
    endloop
  endfacet
  facet normal -0.91086 -0.412715 0
    outer loop
      vertex 80.5276 -5.16623 3
      vertex 80.8922 -5.9709 0
      vertex 80.8922 -5.9709 3
    endloop
  endfacet
  facet normal -0.634433 0.772978 0
    outer loop
      vertex 84.7817 10.7103 0
      vertex 84.0988 10.1498 3
      vertex 84.7817 10.7103 3
    endloop
  endfacet
  facet normal -0.634433 0.772978 0
    outer loop
      vertex 84.0988 10.1498 3
      vertex 84.7817 10.7103 0
      vertex 84.0988 10.1498 0
    endloop
  endfacet
  facet normal 0.683443 -0.730004 0
    outer loop
      vertex 101.901 -10.1498 0
      vertex 102.546 -9.54594 3
      vertex 101.901 -10.1498 3
    endloop
  endfacet
  facet normal 0.683443 -0.730004 0
    outer loop
      vertex 102.546 -9.54594 3
      vertex 101.901 -10.1498 0
      vertex 102.546 -9.54594 0
    endloop
  endfacet
  facet normal 0.352264 0.935901 -0
    outer loop
      vertex 98.1662 12.4724 0
      vertex 97.3394 12.7836 3
      vertex 98.1662 12.4724 3
    endloop
  endfacet
  facet normal 0.352264 0.935901 0
    outer loop
      vertex 97.3394 12.7836 3
      vertex 98.1662 12.4724 0
      vertex 97.3394 12.7836 0
    endloop
  endfacet
  facet normal 0.634377 0.773024 -0
    outer loop
      vertex 101.901 10.1498 0
      vertex 101.218 10.7103 3
      vertex 101.901 10.1498 3
    endloop
  endfacet
  facet normal 0.634377 0.773024 0
    outer loop
      vertex 101.218 10.7103 3
      vertex 101.901 10.1498 0
      vertex 101.218 10.7103 0
    endloop
  endfacet
  facet normal 0.812616 0.5828 0
    outer loop
      vertex 104.225 7.5002 3
      vertex 103.71 8.21828 0
      vertex 103.71 8.21828 3
    endloop
  endfacet
  facet normal 0.812616 0.5828 0
    outer loop
      vertex 103.71 8.21828 0
      vertex 104.225 7.5002 3
      vertex 104.225 7.5002 0
    endloop
  endfacet
  facet normal 0.986626 0.163 0
    outer loop
      vertex 106.385 1.7621 3
      vertex 106.241 2.63372 0
      vertex 106.241 2.63372 3
    endloop
  endfacet
  facet normal 0.986626 0.163 0
    outer loop
      vertex 106.241 2.63372 0
      vertex 106.385 1.7621 3
      vertex 106.385 1.7621 0
    endloop
  endfacet
  facet normal -0.72986 -0.683597 0
    outer loop
      vertex 83.4541 -9.54594 0
      vertex 82.8502 -8.90117 3
      vertex 82.8502 -8.90117 0
    endloop
  endfacet
  facet normal -0.72986 -0.683597 0
    outer loop
      vertex 82.8502 -8.90117 3
      vertex 83.4541 -9.54594 0
      vertex 83.4541 -9.54594 3
    endloop
  endfacet
  facet normal 0.0327155 0.999465 -0
    outer loop
      vertex 93.8829 13.4711 0
      vertex 93 13.5 3
      vertex 93.8829 13.4711 3
    endloop
  endfacet
  facet normal 0.0327155 0.999465 0
    outer loop
      vertex 93 13.5 3
      vertex 93.8829 13.4711 0
      vertex 93 13.5 0
    endloop
  endfacet
  facet normal -0.582415 -0.812891 0
    outer loop
      vertex 84.7817 -10.7103 0
      vertex 85.4998 -11.2248 3
      vertex 84.7817 -10.7103 3
    endloop
  endfacet
  facet normal -0.582415 -0.812891 -0
    outer loop
      vertex 85.4998 -11.2248 3
      vertex 84.7817 -10.7103 0
      vertex 85.4998 -11.2248 0
    endloop
  endfacet
  facet normal -0.995184 -0.0980289 0
    outer loop
      vertex 79.6155 -1.7621 0
      vertex 79.5289 -0.882942 3
      vertex 79.5289 -0.882942 0
    endloop
  endfacet
  facet normal -0.995184 -0.0980289 0
    outer loop
      vertex 79.5289 -0.882942 3
      vertex 79.6155 -1.7621 0
      vertex 79.6155 -1.7621 3
    endloop
  endfacet
  facet normal -0.352264 -0.935901 0
    outer loop
      vertex 87.8338 -12.4724 0
      vertex 88.6606 -12.7836 3
      vertex 87.8338 -12.4724 3
    endloop
  endfacet
  facet normal -0.352264 -0.935901 -0
    outer loop
      vertex 88.6606 -12.7836 3
      vertex 87.8338 -12.4724 0
      vertex 88.6606 -12.7836 0
    endloop
  endfacet
  facet normal -0.772973 -0.634438 0
    outer loop
      vertex 82.8502 -8.90117 0
      vertex 82.2897 -8.21828 3
      vertex 82.2897 -8.21828 0
    endloop
  endfacet
  facet normal -0.772973 -0.634438 0
    outer loop
      vertex 82.2897 -8.21828 3
      vertex 82.8502 -8.90117 0
      vertex 82.8502 -8.90117 3
    endloop
  endfacet
  facet normal -0.471452 0.881892 0
    outer loop
      vertex 87.0291 12.1078 0
      vertex 86.25 11.6913 3
      vertex 87.0291 12.1078 3
    endloop
  endfacet
  facet normal -0.471452 0.881892 0
    outer loop
      vertex 86.25 11.6913 3
      vertex 87.0291 12.1078 0
      vertex 86.25 11.6913 0
    endloop
  endfacet
  facet normal 0.849458 -0.527656 0
    outer loop
      vertex 104.225 -7.5002 3
      vertex 104.691 -6.75 0
      vertex 104.691 -6.75 3
    endloop
  endfacet
  facet normal 0.849458 -0.527656 0
    outer loop
      vertex 104.691 -6.75 0
      vertex 104.225 -7.5002 3
      vertex 104.225 -7.5002 0
    endloop
  endfacet
  facet normal -0.812884 0.582426 0
    outer loop
      vertex 81.7752 7.5002 0
      vertex 82.2897 8.21828 3
      vertex 82.2897 8.21828 0
    endloop
  endfacet
  facet normal -0.812884 0.582426 0
    outer loop
      vertex 82.2897 8.21828 3
      vertex 81.7752 7.5002 0
      vertex 81.7752 7.5002 3
    endloop
  endfacet
  facet normal -0.935901 0.352264 0
    outer loop
      vertex 80.2164 4.33943 0
      vertex 80.5276 5.16623 3
      vertex 80.5276 5.16623 0
    endloop
  endfacet
  facet normal -0.935901 0.352264 0
    outer loop
      vertex 80.5276 5.16623 3
      vertex 80.2164 4.33943 0
      vertex 80.2164 4.33943 3
    endloop
  endfacet
  facet normal 0.911115 0.412152 0
    outer loop
      vertex 105.472 5.16623 3
      vertex 105.108 5.9709 0
      vertex 105.108 5.9709 3
    endloop
  endfacet
  facet normal 0.911115 0.412152 0
    outer loop
      vertex 105.108 5.9709 0
      vertex 105.472 5.16623 3
      vertex 105.472 5.16623 0
    endloop
  endfacet
  facet normal -0.290265 -0.956946 0
    outer loop
      vertex 88.6606 -12.7836 0
      vertex 89.5059 -13.04 3
      vertex 88.6606 -12.7836 3
    endloop
  endfacet
  facet normal -0.290265 -0.956946 -0
    outer loop
      vertex 89.5059 -13.04 3
      vertex 88.6606 -12.7836 0
      vertex 89.5059 -13.04 0
    endloop
  endfacet
  facet normal -0.683612 -0.729846 0
    outer loop
      vertex 83.4541 -9.54594 0
      vertex 84.0988 -10.1498 3
      vertex 83.4541 -9.54594 3
    endloop
  endfacet
  facet normal -0.683612 -0.729846 -0
    outer loop
      vertex 84.0988 -10.1498 3
      vertex 83.4541 -9.54594 0
      vertex 84.0988 -10.1498 0
    endloop
  endfacet
  facet normal 0 0 1
    outer loop
      vertex 95.25 0 3
      vertex 106.5 0 3
      vertex 106.471 0.882942 3
    endloop
  endfacet
  facet normal 0 0 1
    outer loop
      vertex 95.25 0 3
      vertex 106.471 0.882942 3
      vertex 106.385 1.7621 3
    endloop
  endfacet
  facet normal 0 0 1
    outer loop
      vertex 106.5 0 3
      vertex 95.25 0 3
      vertex 106.471 -0.882942 3
    endloop
  endfacet
  facet normal 0 0 1
    outer loop
      vertex 95.2068 0.438952 3
      vertex 106.385 1.7621 3
      vertex 106.241 2.63372 3
    endloop
  endfacet
  facet normal 0 0 1
    outer loop
      vertex 106.471 -0.882942 3
      vertex 95.25 0 3
      vertex 106.385 -1.7621 3
    endloop
  endfacet
  facet normal 0 0 1
    outer loop
      vertex 95.2068 0.438952 3
      vertex 106.241 2.63372 3
      vertex 106.04 3.49406 3
    endloop
  endfacet
  facet normal -0 0 1
    outer loop
      vertex 95.2068 -0.438952 3
      vertex 106.385 -1.7621 3
      vertex 95.25 0 3
    endloop
  endfacet
  facet normal 0 0 1
    outer loop
      vertex 95.2068 0.438952 3
      vertex 106.04 3.49406 3
      vertex 105.784 4.33943 3
    endloop
  endfacet
  facet normal 0 0 1
    outer loop
      vertex 106.385 -1.7621 3
      vertex 95.2068 -0.438952 3
      vertex 106.241 -2.63372 3
    endloop
  endfacet
  facet normal 0 0 1
    outer loop
      vertex 95.0787 0.861037 3
      vertex 105.784 4.33943 3
      vertex 105.472 5.16623 3
    endloop
  endfacet
  facet normal 0 0 1
    outer loop
      vertex 106.241 -2.63372 3
      vertex 95.2068 -0.438952 3
      vertex 106.04 -3.49406 3
    endloop
  endfacet
  facet normal 0 0 1
    outer loop
      vertex 95.0787 0.861037 3
      vertex 105.472 5.16623 3
      vertex 105.108 5.9709 3
    endloop
  endfacet
  facet normal 0 0 1
    outer loop
      vertex 106.04 -3.49406 3
      vertex 95.2068 -0.438952 3
      vertex 105.784 -4.33943 3
    endloop
  endfacet
  facet normal 0 0 1
    outer loop
      vertex 95.0787 0.861037 3
      vertex 105.108 5.9709 3
      vertex 104.691 6.75 3
    endloop
  endfacet
  facet normal -0 0 1
    outer loop
      vertex 95.0787 -0.861037 3
      vertex 105.784 -4.33943 3
      vertex 95.2068 -0.438952 3
    endloop
  endfacet
  facet normal 0 0 1
    outer loop
      vertex 94.8708 1.25003 3
      vertex 104.691 6.75 3
      vertex 104.225 7.5002 3
    endloop
  endfacet
  facet normal 0 0 1
    outer loop
      vertex 105.784 -4.33943 3
      vertex 95.0787 -0.861037 3
      vertex 105.472 -5.16623 3
    endloop
  endfacet
  facet normal 0 0 1
    outer loop
      vertex 94.8708 1.25003 3
      vertex 104.225 7.5002 3
      vertex 103.71 8.21828 3
    endloop
  endfacet
  facet normal 0 0 1
    outer loop
      vertex 105.472 -5.16623 3
      vertex 95.0787 -0.861037 3
      vertex 105.108 -5.9709 3
    endloop
  endfacet
  facet normal 0 0 1
    outer loop
      vertex 94.8708 1.25003 3
      vertex 103.71 8.21828 3
      vertex 103.15 8.90117 3
    endloop
  endfacet
  facet normal 0 0 1
    outer loop
      vertex 105.108 -5.9709 3
      vertex 95.0787 -0.861037 3
      vertex 104.691 -6.75 3
    endloop
  endfacet
  facet normal 0 0 1
    outer loop
      vertex 94.591 1.59099 3
      vertex 103.15 8.90117 3
      vertex 102.546 9.54594 3
    endloop
  endfacet
  facet normal -0 0 1
    outer loop
      vertex 94.8708 -1.25003 3
      vertex 104.691 -6.75 3
      vertex 95.0787 -0.861037 3
    endloop
  endfacet
  facet normal 0 0 1
    outer loop
      vertex 94.591 1.59099 3
      vertex 102.546 9.54594 3
      vertex 101.901 10.1498 3
    endloop
  endfacet
  facet normal 0 0 1
    outer loop
      vertex 104.691 -6.75 3
      vertex 94.8708 -1.25003 3
      vertex 104.225 -7.5002 3
    endloop
  endfacet
  facet normal 0 0 1
    outer loop
      vertex 94.591 1.59099 3
      vertex 101.901 10.1498 3
      vertex 101.218 10.7103 3
    endloop
  endfacet
  facet normal 0 0 1
    outer loop
      vertex 104.225 -7.5002 3
      vertex 94.8708 -1.25003 3
      vertex 103.71 -8.21828 3
    endloop
  endfacet
  facet normal 0 0 1
    outer loop
      vertex 94.25 1.87081 3
      vertex 101.218 10.7103 3
      vertex 100.5 11.2248 3
    endloop
  endfacet
  facet normal 0 0 1
    outer loop
      vertex 103.71 -8.21828 3
      vertex 94.8708 -1.25003 3
      vertex 103.15 -8.90117 3
    endloop
  endfacet
  facet normal 0 0 1
    outer loop
      vertex 94.25 1.87081 3
      vertex 100.5 11.2248 3
      vertex 99.75 11.6913 3
    endloop
  endfacet
  facet normal -0 0 1
    outer loop
      vertex 94.591 -1.59099 3
      vertex 103.15 -8.90117 3
      vertex 94.8708 -1.25003 3
    endloop
  endfacet
  facet normal 0 0 1
    outer loop
      vertex 94.25 1.87081 3
      vertex 99.75 11.6913 3
      vertex 98.9709 12.1078 3
    endloop
  endfacet
  facet normal 0 0 1
    outer loop
      vertex 103.15 -8.90117 3
      vertex 94.591 -1.59099 3
      vertex 102.546 -9.54594 3
    endloop
  endfacet
  facet normal 0 0 1
    outer loop
      vertex 93.861 2.07873 3
      vertex 98.9709 12.1078 3
      vertex 98.1662 12.4724 3
    endloop
  endfacet
  facet normal 0 0 1
    outer loop
      vertex 102.546 -9.54594 3
      vertex 94.591 -1.59099 3
      vertex 101.901 -10.1498 3
    endloop
  endfacet
  facet normal 0 0 1
    outer loop
      vertex 93.861 2.07873 3
      vertex 98.1662 12.4724 3
      vertex 97.3394 12.7836 3
    endloop
  endfacet
  facet normal 0 0 1
    outer loop
      vertex 101.901 -10.1498 3
      vertex 94.591 -1.59099 3
      vertex 101.218 -10.7103 3
    endloop
  endfacet
  facet normal 0 0 1
    outer loop
      vertex 93.861 2.07873 3
      vertex 97.3394 12.7836 3
      vertex 96.4941 13.04 3
    endloop
  endfacet
  facet normal -0 0 1
    outer loop
      vertex 94.25 -1.87081 3
      vertex 101.218 -10.7103 3
      vertex 94.591 -1.59099 3
    endloop
  endfacet
  facet normal 0 0 1
    outer loop
      vertex 93.4389 2.20677 3
      vertex 96.4941 13.04 3
      vertex 95.6337 13.2406 3
    endloop
  endfacet
  facet normal 0 0 1
    outer loop
      vertex 101.218 -10.7103 3
      vertex 94.25 -1.87081 3
      vertex 100.5 -11.2248 3
    endloop
  endfacet
  facet normal 0 0 1
    outer loop
      vertex 100.5 -11.2248 3
      vertex 94.25 -1.87081 3
      vertex 99.75 -11.6913 3
    endloop
  endfacet
  facet normal 0 0 1
    outer loop
      vertex 106.385 1.7621 3
      vertex 95.2068 0.438952 3
      vertex 95.25 0 3
    endloop
  endfacet
  facet normal 0 0 1
    outer loop
      vertex 105.784 4.33943 3
      vertex 95.0787 0.861037 3
      vertex 95.2068 0.438952 3
    endloop
  endfacet
  facet normal 0 0 1
    outer loop
      vertex 104.691 6.75 3
      vertex 94.8708 1.25003 3
      vertex 95.0787 0.861037 3
    endloop
  endfacet
  facet normal 0 0 1
    outer loop
      vertex 93.4389 2.20677 3
      vertex 95.6337 13.2406 3
      vertex 94.7621 13.3845 3
    endloop
  endfacet
  facet normal 0 0 1
    outer loop
      vertex 103.15 8.90117 3
      vertex 94.591 1.59099 3
      vertex 94.8708 1.25003 3
    endloop
  endfacet
  facet normal 0 0 1
    outer loop
      vertex 101.218 10.7103 3
      vertex 94.25 1.87081 3
      vertex 94.591 1.59099 3
    endloop
  endfacet
  facet normal 0 0 1
    outer loop
      vertex 93.4389 2.20677 3
      vertex 94.7621 13.3845 3
      vertex 93.8829 13.4711 3
    endloop
  endfacet
  facet normal 0 0 1
    outer loop
      vertex 98.9709 12.1078 3
      vertex 93.861 2.07873 3
      vertex 94.25 1.87081 3
    endloop
  endfacet
  facet normal 0 0 1
    outer loop
      vertex 96.4941 13.04 3
      vertex 93.4389 2.20677 3
      vertex 93.861 2.07873 3
    endloop
  endfacet
  facet normal 0 0 1
    outer loop
      vertex 93 2.25 3
      vertex 93.8829 13.4711 3
      vertex 93 13.5 3
    endloop
  endfacet
  facet normal 0 0 1
    outer loop
      vertex 93.8829 13.4711 3
      vertex 93 2.25 3
      vertex 93.4389 2.20677 3
    endloop
  endfacet
  facet normal -0 0 1
    outer loop
      vertex 92.1171 13.4711 3
      vertex 93 2.25 3
      vertex 93 13.5 3
    endloop
  endfacet
  facet normal 0 0 1
    outer loop
      vertex 93 2.25 3
      vertex 92.1171 13.4711 3
      vertex 92.5611 2.20677 3
    endloop
  endfacet
  facet normal -0 0 1
    outer loop
      vertex 91.2379 13.3845 3
      vertex 92.5611 2.20677 3
      vertex 92.1171 13.4711 3
    endloop
  endfacet
  facet normal -0 0 1
    outer loop
      vertex 90.3663 13.2406 3
      vertex 92.5611 2.20677 3
      vertex 91.2379 13.3845 3
    endloop
  endfacet
  facet normal -0 0 1
    outer loop
      vertex 89.5059 13.04 3
      vertex 92.5611 2.20677 3
      vertex 90.3663 13.2406 3
    endloop
  endfacet
  facet normal 0 0 1
    outer loop
      vertex 92.5611 2.20677 3
      vertex 89.5059 13.04 3
      vertex 92.139 2.07873 3
    endloop
  endfacet
  facet normal -0 0 1
    outer loop
      vertex 88.6606 12.7836 3
      vertex 92.139 2.07873 3
      vertex 89.5059 13.04 3
    endloop
  endfacet
  facet normal -0 0 1
    outer loop
      vertex 87.8338 12.4724 3
      vertex 92.139 2.07873 3
      vertex 88.6606 12.7836 3
    endloop
  endfacet
  facet normal -0 0 1
    outer loop
      vertex 87.0291 12.1078 3
      vertex 92.139 2.07873 3
      vertex 87.8338 12.4724 3
    endloop
  endfacet
  facet normal 0 0 1
    outer loop
      vertex 92.139 2.07873 3
      vertex 87.0291 12.1078 3
      vertex 91.75 1.87081 3
    endloop
  endfacet
  facet normal -0 0 1
    outer loop
      vertex 86.25 11.6913 3
      vertex 91.75 1.87081 3
      vertex 87.0291 12.1078 3
    endloop
  endfacet
  facet normal 0 0 1
    outer loop
      vertex 99.75 -11.6913 3
      vertex 94.25 -1.87081 3
      vertex 98.9709 -12.1078 3
    endloop
  endfacet
  facet normal -0 0 1
    outer loop
      vertex 93.861 -2.07873 3
      vertex 98.9709 -12.1078 3
      vertex 94.25 -1.87081 3
    endloop
  endfacet
  facet normal 0 0 1
    outer loop
      vertex 98.9709 -12.1078 3
      vertex 93.861 -2.07873 3
      vertex 98.1662 -12.4724 3
    endloop
  endfacet
  facet normal 0 0 1
    outer loop
      vertex 98.1662 -12.4724 3
      vertex 93.861 -2.07873 3
      vertex 97.3394 -12.7836 3
    endloop
  endfacet
  facet normal 0 0 1
    outer loop
      vertex 97.3394 -12.7836 3
      vertex 93.861 -2.07873 3
      vertex 96.4941 -13.04 3
    endloop
  endfacet
  facet normal -0 0 1
    outer loop
      vertex 93.4389 -2.20677 3
      vertex 96.4941 -13.04 3
      vertex 93.861 -2.07873 3
    endloop
  endfacet
  facet normal 0 0 1
    outer loop
      vertex 96.4941 -13.04 3
      vertex 93.4389 -2.20677 3
      vertex 95.6337 -13.2406 3
    endloop
  endfacet
  facet normal 0 0 1
    outer loop
      vertex 95.6337 -13.2406 3
      vertex 93.4389 -2.20677 3
      vertex 94.7621 -13.3845 3
    endloop
  endfacet
  facet normal 0 0 1
    outer loop
      vertex 94.7621 -13.3845 3
      vertex 93.4389 -2.20677 3
      vertex 93.8829 -13.4711 3
    endloop
  endfacet
  facet normal -0 0 1
    outer loop
      vertex 93 -2.25 3
      vertex 93.8829 -13.4711 3
      vertex 93.4389 -2.20677 3
    endloop
  endfacet
  facet normal 0 0 1
    outer loop
      vertex 93 -2.25 3
      vertex 93 -13.5 3
      vertex 93.8829 -13.4711 3
    endloop
  endfacet
  facet normal 0 0 1
    outer loop
      vertex 92.1171 -13.4711 3
      vertex 93 -2.25 3
      vertex 92.5611 -2.20677 3
    endloop
  endfacet
  facet normal 0 0 1
    outer loop
      vertex 89.5059 -13.04 3
      vertex 92.5611 -2.20677 3
      vertex 92.139 -2.07873 3
    endloop
  endfacet
  facet normal 0 0 1
    outer loop
      vertex 93 -2.25 3
      vertex 92.1171 -13.4711 3
      vertex 93 -13.5 3
    endloop
  endfacet
  facet normal 0 0 1
    outer loop
      vertex 87.0291 -12.1078 3
      vertex 92.139 -2.07873 3
      vertex 91.75 -1.87081 3
    endloop
  endfacet
  facet normal 0 0 1
    outer loop
      vertex 84.7817 -10.7103 3
      vertex 91.75 -1.87081 3
      vertex 91.409 -1.59099 3
    endloop
  endfacet
  facet normal 0 0 1
    outer loop
      vertex 92.5611 -2.20677 3
      vertex 91.2379 -13.3845 3
      vertex 92.1171 -13.4711 3
    endloop
  endfacet
  facet normal 0 0 1
    outer loop
      vertex 82.8502 -8.90117 3
      vertex 91.409 -1.59099 3
      vertex 91.1292 -1.25003 3
    endloop
  endfacet
  facet normal 0 0 1
    outer loop
      vertex 81.3087 -6.75 3
      vertex 91.1292 -1.25003 3
      vertex 90.9213 -0.861037 3
    endloop
  endfacet
  facet normal 0 0 1
    outer loop
      vertex 80.2164 -4.33943 3
      vertex 90.9213 -0.861037 3
      vertex 90.7932 -0.438952 3
    endloop
  endfacet
  facet normal 0 0 1
    outer loop
      vertex 79.6155 -1.7621 3
      vertex 90.7932 -0.438952 3
      vertex 90.75 0 3
    endloop
  endfacet
  facet normal 0 0 1
    outer loop
      vertex 92.5611 -2.20677 3
      vertex 90.3663 -13.2406 3
      vertex 91.2379 -13.3845 3
    endloop
  endfacet
  facet normal -0 0 1
    outer loop
      vertex 85.4998 11.2248 3
      vertex 91.75 1.87081 3
      vertex 86.25 11.6913 3
    endloop
  endfacet
  facet normal -0 0 1
    outer loop
      vertex 84.7817 10.7103 3
      vertex 91.75 1.87081 3
      vertex 85.4998 11.2248 3
    endloop
  endfacet
  facet normal 0 0 1
    outer loop
      vertex 92.5611 -2.20677 3
      vertex 89.5059 -13.04 3
      vertex 90.3663 -13.2406 3
    endloop
  endfacet
  facet normal 0 0 1
    outer loop
      vertex 91.75 1.87081 3
      vertex 84.7817 10.7103 3
      vertex 91.409 1.59099 3
    endloop
  endfacet
  facet normal 0 0 1
    outer loop
      vertex 92.139 -2.07873 3
      vertex 88.6606 -12.7836 3
      vertex 89.5059 -13.04 3
    endloop
  endfacet
  facet normal -0 0 1
    outer loop
      vertex 84.0988 10.1498 3
      vertex 91.409 1.59099 3
      vertex 84.7817 10.7103 3
    endloop
  endfacet
  facet normal 0 0 1
    outer loop
      vertex 92.139 -2.07873 3
      vertex 87.8338 -12.4724 3
      vertex 88.6606 -12.7836 3
    endloop
  endfacet
  facet normal -0 0 1
    outer loop
      vertex 83.4541 9.54594 3
      vertex 91.409 1.59099 3
      vertex 84.0988 10.1498 3
    endloop
  endfacet
  facet normal 0 0 1
    outer loop
      vertex 92.139 -2.07873 3
      vertex 87.0291 -12.1078 3
      vertex 87.8338 -12.4724 3
    endloop
  endfacet
  facet normal -0 0 1
    outer loop
      vertex 82.8502 8.90117 3
      vertex 91.409 1.59099 3
      vertex 83.4541 9.54594 3
    endloop
  endfacet
  facet normal 0 0 1
    outer loop
      vertex 91.75 -1.87081 3
      vertex 86.25 -11.6913 3
      vertex 87.0291 -12.1078 3
    endloop
  endfacet
  facet normal 0 0 1
    outer loop
      vertex 91.409 1.59099 3
      vertex 82.8502 8.90117 3
      vertex 91.1292 1.25003 3
    endloop
  endfacet
  facet normal 0 0 1
    outer loop
      vertex 91.75 -1.87081 3
      vertex 85.4998 -11.2248 3
      vertex 86.25 -11.6913 3
    endloop
  endfacet
  facet normal -0 0 1
    outer loop
      vertex 82.2897 8.21828 3
      vertex 91.1292 1.25003 3
      vertex 82.8502 8.90117 3
    endloop
  endfacet
  facet normal 0 0 1
    outer loop
      vertex 91.75 -1.87081 3
      vertex 84.7817 -10.7103 3
      vertex 85.4998 -11.2248 3
    endloop
  endfacet
  facet normal -0 0 1
    outer loop
      vertex 81.7752 7.5002 3
      vertex 91.1292 1.25003 3
      vertex 82.2897 8.21828 3
    endloop
  endfacet
  facet normal 0 0 1
    outer loop
      vertex 91.409 -1.59099 3
      vertex 84.0988 -10.1498 3
      vertex 84.7817 -10.7103 3
    endloop
  endfacet
  facet normal -0 0 1
    outer loop
      vertex 81.3087 6.75 3
      vertex 91.1292 1.25003 3
      vertex 81.7752 7.5002 3
    endloop
  endfacet
  facet normal 0 0 1
    outer loop
      vertex 91.409 -1.59099 3
      vertex 83.4541 -9.54594 3
      vertex 84.0988 -10.1498 3
    endloop
  endfacet
  facet normal 0 0 1
    outer loop
      vertex 91.1292 1.25003 3
      vertex 81.3087 6.75 3
      vertex 90.9213 0.861037 3
    endloop
  endfacet
  facet normal 0 0 1
    outer loop
      vertex 91.409 -1.59099 3
      vertex 82.8502 -8.90117 3
      vertex 83.4541 -9.54594 3
    endloop
  endfacet
  facet normal -0 0 1
    outer loop
      vertex 80.8922 5.9709 3
      vertex 90.9213 0.861037 3
      vertex 81.3087 6.75 3
    endloop
  endfacet
  facet normal 0 0 1
    outer loop
      vertex 91.1292 -1.25003 3
      vertex 82.2897 -8.21828 3
      vertex 82.8502 -8.90117 3
    endloop
  endfacet
  facet normal -0 0 1
    outer loop
      vertex 80.5276 5.16623 3
      vertex 90.9213 0.861037 3
      vertex 80.8922 5.9709 3
    endloop
  endfacet
  facet normal 0 0 1
    outer loop
      vertex 91.1292 -1.25003 3
      vertex 81.7752 -7.5002 3
      vertex 82.2897 -8.21828 3
    endloop
  endfacet
  facet normal -0 0 1
    outer loop
      vertex 80.2164 4.33943 3
      vertex 90.9213 0.861037 3
      vertex 80.5276 5.16623 3
    endloop
  endfacet
  facet normal 0 0 1
    outer loop
      vertex 91.1292 -1.25003 3
      vertex 81.3087 -6.75 3
      vertex 81.7752 -7.5002 3
    endloop
  endfacet
  facet normal 0 0 1
    outer loop
      vertex 90.9213 0.861037 3
      vertex 80.2164 4.33943 3
      vertex 90.7932 0.438952 3
    endloop
  endfacet
  facet normal 0 0 1
    outer loop
      vertex 90.9213 -0.861037 3
      vertex 80.8922 -5.9709 3
      vertex 81.3087 -6.75 3
    endloop
  endfacet
  facet normal -0 0 1
    outer loop
      vertex 79.96 3.49406 3
      vertex 90.7932 0.438952 3
      vertex 80.2164 4.33943 3
    endloop
  endfacet
  facet normal 0 0 1
    outer loop
      vertex 90.9213 -0.861037 3
      vertex 80.5276 -5.16623 3
      vertex 80.8922 -5.9709 3
    endloop
  endfacet
  facet normal -0 0 1
    outer loop
      vertex 79.7594 2.63372 3
      vertex 90.7932 0.438952 3
      vertex 79.96 3.49406 3
    endloop
  endfacet
  facet normal 0 0 1
    outer loop
      vertex 90.9213 -0.861037 3
      vertex 80.2164 -4.33943 3
      vertex 80.5276 -5.16623 3
    endloop
  endfacet
  facet normal -0 0 1
    outer loop
      vertex 79.6155 1.7621 3
      vertex 90.7932 0.438952 3
      vertex 79.7594 2.63372 3
    endloop
  endfacet
  facet normal 0 0 1
    outer loop
      vertex 90.7932 -0.438952 3
      vertex 79.96 -3.49406 3
      vertex 80.2164 -4.33943 3
    endloop
  endfacet
  facet normal 0 0 1
    outer loop
      vertex 90.7932 0.438952 3
      vertex 79.6155 1.7621 3
      vertex 90.75 0 3
    endloop
  endfacet
  facet normal 0 0 1
    outer loop
      vertex 90.7932 -0.438952 3
      vertex 79.7594 -2.63372 3
      vertex 79.96 -3.49406 3
    endloop
  endfacet
  facet normal -0 0 1
    outer loop
      vertex 79.5289 0.882942 3
      vertex 90.75 0 3
      vertex 79.6155 1.7621 3
    endloop
  endfacet
  facet normal 0 0 1
    outer loop
      vertex 90.7932 -0.438952 3
      vertex 79.6155 -1.7621 3
      vertex 79.7594 -2.63372 3
    endloop
  endfacet
  facet normal 0 0 1
    outer loop
      vertex 79.5 0 3
      vertex 90.75 0 3
      vertex 79.5289 0.882942 3
    endloop
  endfacet
  facet normal 0 0 1
    outer loop
      vertex 90.75 0 3
      vertex 79.5289 -0.882942 3
      vertex 79.6155 -1.7621 3
    endloop
  endfacet
  facet normal 0 0 1
    outer loop
      vertex 90.75 0 3
      vertex 79.5 0 3
      vertex 79.5289 -0.882942 3
    endloop
  endfacet
  facet normal 0 0 -1
    outer loop
      vertex 95.25 0 0
      vertex 106.5 0 0
      vertex 106.471 -0.882942 0
    endloop
  endfacet
  facet normal 0 0 -1
    outer loop
      vertex 95.25 0 0
      vertex 106.471 -0.882942 0
      vertex 106.385 -1.7621 0
    endloop
  endfacet
  facet normal 0 0 -1
    outer loop
      vertex 106.5 0 0
      vertex 95.25 0 0
      vertex 106.471 0.882942 0
    endloop
  endfacet
  facet normal 0 0 -1
    outer loop
      vertex 95.2068 -0.438952 0
      vertex 106.385 -1.7621 0
      vertex 106.241 -2.63372 0
    endloop
  endfacet
  facet normal -0 0 -1
    outer loop
      vertex 106.471 0.882942 0
      vertex 95.25 0 0
      vertex 106.385 1.7621 0
    endloop
  endfacet
  facet normal 0 0 -1
    outer loop
      vertex 95.2068 -0.438952 0
      vertex 106.241 -2.63372 0
      vertex 106.04 -3.49406 0
    endloop
  endfacet
  facet normal 0 0 -1
    outer loop
      vertex 95.2068 0.438952 0
      vertex 106.385 1.7621 0
      vertex 95.25 0 0
    endloop
  endfacet
  facet normal 0 0 -1
    outer loop
      vertex 95.2068 -0.438952 0
      vertex 106.04 -3.49406 0
      vertex 105.784 -4.33943 0
    endloop
  endfacet
  facet normal -0 0 -1
    outer loop
      vertex 106.385 1.7621 0
      vertex 95.2068 0.438952 0
      vertex 106.241 2.63372 0
    endloop
  endfacet
  facet normal 0 0 -1
    outer loop
      vertex 95.0787 -0.861037 0
      vertex 105.784 -4.33943 0
      vertex 105.472 -5.16623 0
    endloop
  endfacet
  facet normal -0 0 -1
    outer loop
      vertex 106.241 2.63372 0
      vertex 95.2068 0.438952 0
      vertex 106.04 3.49406 0
    endloop
  endfacet
  facet normal 0 0 -1
    outer loop
      vertex 95.0787 -0.861037 0
      vertex 105.472 -5.16623 0
      vertex 105.108 -5.9709 0
    endloop
  endfacet
  facet normal -0 0 -1
    outer loop
      vertex 106.04 3.49406 0
      vertex 95.2068 0.438952 0
      vertex 105.784 4.33943 0
    endloop
  endfacet
  facet normal 0 0 -1
    outer loop
      vertex 95.0787 -0.861037 0
      vertex 105.108 -5.9709 0
      vertex 104.691 -6.75 0
    endloop
  endfacet
  facet normal 0 0 -1
    outer loop
      vertex 95.0787 0.861037 0
      vertex 105.784 4.33943 0
      vertex 95.2068 0.438952 0
    endloop
  endfacet
  facet normal 0 0 -1
    outer loop
      vertex 94.8708 -1.25003 0
      vertex 104.691 -6.75 0
      vertex 104.225 -7.5002 0
    endloop
  endfacet
  facet normal -0 0 -1
    outer loop
      vertex 105.784 4.33943 0
      vertex 95.0787 0.861037 0
      vertex 105.472 5.16623 0
    endloop
  endfacet
  facet normal 0 0 -1
    outer loop
      vertex 94.8708 -1.25003 0
      vertex 104.225 -7.5002 0
      vertex 103.71 -8.21828 0
    endloop
  endfacet
  facet normal -0 0 -1
    outer loop
      vertex 105.472 5.16623 0
      vertex 95.0787 0.861037 0
      vertex 105.108 5.9709 0
    endloop
  endfacet
  facet normal 0 0 -1
    outer loop
      vertex 94.8708 -1.25003 0
      vertex 103.71 -8.21828 0
      vertex 103.15 -8.90117 0
    endloop
  endfacet
  facet normal -0 0 -1
    outer loop
      vertex 105.108 5.9709 0
      vertex 95.0787 0.861037 0
      vertex 104.691 6.75 0
    endloop
  endfacet
  facet normal 0 0 -1
    outer loop
      vertex 94.591 -1.59099 0
      vertex 103.15 -8.90117 0
      vertex 102.546 -9.54594 0
    endloop
  endfacet
  facet normal 0 0 -1
    outer loop
      vertex 94.8708 1.25003 0
      vertex 104.691 6.75 0
      vertex 95.0787 0.861037 0
    endloop
  endfacet
  facet normal 0 0 -1
    outer loop
      vertex 94.591 -1.59099 0
      vertex 102.546 -9.54594 0
      vertex 101.901 -10.1498 0
    endloop
  endfacet
  facet normal -0 0 -1
    outer loop
      vertex 104.691 6.75 0
      vertex 94.8708 1.25003 0
      vertex 104.225 7.5002 0
    endloop
  endfacet
  facet normal 0 0 -1
    outer loop
      vertex 94.591 -1.59099 0
      vertex 101.901 -10.1498 0
      vertex 101.218 -10.7103 0
    endloop
  endfacet
  facet normal -0 0 -1
    outer loop
      vertex 104.225 7.5002 0
      vertex 94.8708 1.25003 0
      vertex 103.71 8.21828 0
    endloop
  endfacet
  facet normal 0 0 -1
    outer loop
      vertex 94.25 -1.87081 0
      vertex 101.218 -10.7103 0
      vertex 100.5 -11.2248 0
    endloop
  endfacet
  facet normal -0 0 -1
    outer loop
      vertex 103.71 8.21828 0
      vertex 94.8708 1.25003 0
      vertex 103.15 8.90117 0
    endloop
  endfacet
  facet normal 0 0 -1
    outer loop
      vertex 94.25 -1.87081 0
      vertex 100.5 -11.2248 0
      vertex 99.75 -11.6913 0
    endloop
  endfacet
  facet normal 0 0 -1
    outer loop
      vertex 94.591 1.59099 0
      vertex 103.15 8.90117 0
      vertex 94.8708 1.25003 0
    endloop
  endfacet
  facet normal 0 0 -1
    outer loop
      vertex 94.25 -1.87081 0
      vertex 99.75 -11.6913 0
      vertex 98.9709 -12.1078 0
    endloop
  endfacet
  facet normal -0 0 -1
    outer loop
      vertex 103.15 8.90117 0
      vertex 94.591 1.59099 0
      vertex 102.546 9.54594 0
    endloop
  endfacet
  facet normal 0 0 -1
    outer loop
      vertex 93.861 -2.07873 0
      vertex 98.9709 -12.1078 0
      vertex 98.1662 -12.4724 0
    endloop
  endfacet
  facet normal -0 0 -1
    outer loop
      vertex 102.546 9.54594 0
      vertex 94.591 1.59099 0
      vertex 101.901 10.1498 0
    endloop
  endfacet
  facet normal 0 0 -1
    outer loop
      vertex 93.861 -2.07873 0
      vertex 98.1662 -12.4724 0
      vertex 97.3394 -12.7836 0
    endloop
  endfacet
  facet normal -0 0 -1
    outer loop
      vertex 101.901 10.1498 0
      vertex 94.591 1.59099 0
      vertex 101.218 10.7103 0
    endloop
  endfacet
  facet normal 0 0 -1
    outer loop
      vertex 93.861 -2.07873 0
      vertex 97.3394 -12.7836 0
      vertex 96.4941 -13.04 0
    endloop
  endfacet
  facet normal 0 0 -1
    outer loop
      vertex 94.25 1.87081 0
      vertex 101.218 10.7103 0
      vertex 94.591 1.59099 0
    endloop
  endfacet
  facet normal 0 0 -1
    outer loop
      vertex 93.4389 -2.20677 0
      vertex 96.4941 -13.04 0
      vertex 95.6337 -13.2406 0
    endloop
  endfacet
  facet normal -0 0 -1
    outer loop
      vertex 101.218 10.7103 0
      vertex 94.25 1.87081 0
      vertex 100.5 11.2248 0
    endloop
  endfacet
  facet normal -0 0 -1
    outer loop
      vertex 100.5 11.2248 0
      vertex 94.25 1.87081 0
      vertex 99.75 11.6913 0
    endloop
  endfacet
  facet normal 0 0 -1
    outer loop
      vertex 106.385 -1.7621 0
      vertex 95.2068 -0.438952 0
      vertex 95.25 0 0
    endloop
  endfacet
  facet normal 0 0 -1
    outer loop
      vertex 105.784 -4.33943 0
      vertex 95.0787 -0.861037 0
      vertex 95.2068 -0.438952 0
    endloop
  endfacet
  facet normal 0 0 -1
    outer loop
      vertex 104.691 -6.75 0
      vertex 94.8708 -1.25003 0
      vertex 95.0787 -0.861037 0
    endloop
  endfacet
  facet normal 0 0 -1
    outer loop
      vertex 93.4389 -2.20677 0
      vertex 95.6337 -13.2406 0
      vertex 94.7621 -13.3845 0
    endloop
  endfacet
  facet normal 0 0 -1
    outer loop
      vertex 103.15 -8.90117 0
      vertex 94.591 -1.59099 0
      vertex 94.8708 -1.25003 0
    endloop
  endfacet
  facet normal 0 0 -1
    outer loop
      vertex 101.218 -10.7103 0
      vertex 94.25 -1.87081 0
      vertex 94.591 -1.59099 0
    endloop
  endfacet
  facet normal 0 0 -1
    outer loop
      vertex 93.4389 -2.20677 0
      vertex 94.7621 -13.3845 0
      vertex 93.8829 -13.4711 0
    endloop
  endfacet
  facet normal 0 0 -1
    outer loop
      vertex 98.9709 -12.1078 0
      vertex 93.861 -2.07873 0
      vertex 94.25 -1.87081 0
    endloop
  endfacet
  facet normal 0 0 -1
    outer loop
      vertex 96.4941 -13.04 0
      vertex 93.4389 -2.20677 0
      vertex 93.861 -2.07873 0
    endloop
  endfacet
  facet normal 0 0 -1
    outer loop
      vertex 93 -2.25 0
      vertex 93.8829 -13.4711 0
      vertex 93 -13.5 0
    endloop
  endfacet
  facet normal 0 0 -1
    outer loop
      vertex 93.8829 -13.4711 0
      vertex 93 -2.25 0
      vertex 93.4389 -2.20677 0
    endloop
  endfacet
  facet normal 0 0 -1
    outer loop
      vertex 92.1171 -13.4711 0
      vertex 93 -2.25 0
      vertex 93 -13.5 0
    endloop
  endfacet
  facet normal -0 0 -1
    outer loop
      vertex 93 -2.25 0
      vertex 92.1171 -13.4711 0
      vertex 92.5611 -2.20677 0
    endloop
  endfacet
  facet normal 0 0 -1
    outer loop
      vertex 91.2379 -13.3845 0
      vertex 92.5611 -2.20677 0
      vertex 92.1171 -13.4711 0
    endloop
  endfacet
  facet normal 0 0 -1
    outer loop
      vertex 90.3663 -13.2406 0
      vertex 92.5611 -2.20677 0
      vertex 91.2379 -13.3845 0
    endloop
  endfacet
  facet normal 0 0 -1
    outer loop
      vertex 89.5059 -13.04 0
      vertex 92.5611 -2.20677 0
      vertex 90.3663 -13.2406 0
    endloop
  endfacet
  facet normal -0 0 -1
    outer loop
      vertex 92.5611 -2.20677 0
      vertex 89.5059 -13.04 0
      vertex 92.139 -2.07873 0
    endloop
  endfacet
  facet normal 0 0 -1
    outer loop
      vertex 88.6606 -12.7836 0
      vertex 92.139 -2.07873 0
      vertex 89.5059 -13.04 0
    endloop
  endfacet
  facet normal 0 0 -1
    outer loop
      vertex 87.8338 -12.4724 0
      vertex 92.139 -2.07873 0
      vertex 88.6606 -12.7836 0
    endloop
  endfacet
  facet normal 0 0 -1
    outer loop
      vertex 87.0291 -12.1078 0
      vertex 92.139 -2.07873 0
      vertex 87.8338 -12.4724 0
    endloop
  endfacet
  facet normal -0 0 -1
    outer loop
      vertex 92.139 -2.07873 0
      vertex 87.0291 -12.1078 0
      vertex 91.75 -1.87081 0
    endloop
  endfacet
  facet normal 0 0 -1
    outer loop
      vertex 86.25 -11.6913 0
      vertex 91.75 -1.87081 0
      vertex 87.0291 -12.1078 0
    endloop
  endfacet
  facet normal -0 0 -1
    outer loop
      vertex 99.75 11.6913 0
      vertex 94.25 1.87081 0
      vertex 98.9709 12.1078 0
    endloop
  endfacet
  facet normal 0 0 -1
    outer loop
      vertex 93.861 2.07873 0
      vertex 98.9709 12.1078 0
      vertex 94.25 1.87081 0
    endloop
  endfacet
  facet normal -0 0 -1
    outer loop
      vertex 98.9709 12.1078 0
      vertex 93.861 2.07873 0
      vertex 98.1662 12.4724 0
    endloop
  endfacet
  facet normal -0 0 -1
    outer loop
      vertex 98.1662 12.4724 0
      vertex 93.861 2.07873 0
      vertex 97.3394 12.7836 0
    endloop
  endfacet
  facet normal -0 0 -1
    outer loop
      vertex 97.3394 12.7836 0
      vertex 93.861 2.07873 0
      vertex 96.4941 13.04 0
    endloop
  endfacet
  facet normal 0 0 -1
    outer loop
      vertex 93.4389 2.20677 0
      vertex 96.4941 13.04 0
      vertex 93.861 2.07873 0
    endloop
  endfacet
  facet normal -0 0 -1
    outer loop
      vertex 96.4941 13.04 0
      vertex 93.4389 2.20677 0
      vertex 95.6337 13.2406 0
    endloop
  endfacet
  facet normal -0 0 -1
    outer loop
      vertex 95.6337 13.2406 0
      vertex 93.4389 2.20677 0
      vertex 94.7621 13.3845 0
    endloop
  endfacet
  facet normal -0 0 -1
    outer loop
      vertex 94.7621 13.3845 0
      vertex 93.4389 2.20677 0
      vertex 93.8829 13.4711 0
    endloop
  endfacet
  facet normal 0 0 -1
    outer loop
      vertex 93 2.25 0
      vertex 93.8829 13.4711 0
      vertex 93.4389 2.20677 0
    endloop
  endfacet
  facet normal 0 0 -1
    outer loop
      vertex 93 2.25 0
      vertex 93 13.5 0
      vertex 93.8829 13.4711 0
    endloop
  endfacet
  facet normal 0 0 -1
    outer loop
      vertex 92.1171 13.4711 0
      vertex 93 2.25 0
      vertex 92.5611 2.20677 0
    endloop
  endfacet
  facet normal 0 0 -1
    outer loop
      vertex 89.5059 13.04 0
      vertex 92.5611 2.20677 0
      vertex 92.139 2.07873 0
    endloop
  endfacet
  facet normal 0 0 -1
    outer loop
      vertex 93 2.25 0
      vertex 92.1171 13.4711 0
      vertex 93 13.5 0
    endloop
  endfacet
  facet normal 0 0 -1
    outer loop
      vertex 87.0291 12.1078 0
      vertex 92.139 2.07873 0
      vertex 91.75 1.87081 0
    endloop
  endfacet
  facet normal 0 0 -1
    outer loop
      vertex 84.7817 10.7103 0
      vertex 91.75 1.87081 0
      vertex 91.409 1.59099 0
    endloop
  endfacet
  facet normal 0 0 -1
    outer loop
      vertex 92.5611 2.20677 0
      vertex 91.2379 13.3845 0
      vertex 92.1171 13.4711 0
    endloop
  endfacet
  facet normal 0 0 -1
    outer loop
      vertex 82.8502 8.90117 0
      vertex 91.409 1.59099 0
      vertex 91.1292 1.25003 0
    endloop
  endfacet
  facet normal 0 0 -1
    outer loop
      vertex 81.3087 6.75 0
      vertex 91.1292 1.25003 0
      vertex 90.9213 0.861037 0
    endloop
  endfacet
  facet normal 0 0 -1
    outer loop
      vertex 80.2164 4.33943 0
      vertex 90.9213 0.861037 0
      vertex 90.7932 0.438952 0
    endloop
  endfacet
  facet normal 0 0 -1
    outer loop
      vertex 79.6155 1.7621 0
      vertex 90.7932 0.438952 0
      vertex 90.75 0 0
    endloop
  endfacet
  facet normal 0 0 -1
    outer loop
      vertex 92.5611 2.20677 0
      vertex 90.3663 13.2406 0
      vertex 91.2379 13.3845 0
    endloop
  endfacet
  facet normal 0 0 -1
    outer loop
      vertex 85.4998 -11.2248 0
      vertex 91.75 -1.87081 0
      vertex 86.25 -11.6913 0
    endloop
  endfacet
  facet normal 0 0 -1
    outer loop
      vertex 84.7817 -10.7103 0
      vertex 91.75 -1.87081 0
      vertex 85.4998 -11.2248 0
    endloop
  endfacet
  facet normal 0 0 -1
    outer loop
      vertex 92.5611 2.20677 0
      vertex 89.5059 13.04 0
      vertex 90.3663 13.2406 0
    endloop
  endfacet
  facet normal -0 0 -1
    outer loop
      vertex 91.75 -1.87081 0
      vertex 84.7817 -10.7103 0
      vertex 91.409 -1.59099 0
    endloop
  endfacet
  facet normal 0 0 -1
    outer loop
      vertex 92.139 2.07873 0
      vertex 88.6606 12.7836 0
      vertex 89.5059 13.04 0
    endloop
  endfacet
  facet normal 0 0 -1
    outer loop
      vertex 84.0988 -10.1498 0
      vertex 91.409 -1.59099 0
      vertex 84.7817 -10.7103 0
    endloop
  endfacet
  facet normal 0 0 -1
    outer loop
      vertex 92.139 2.07873 0
      vertex 87.8338 12.4724 0
      vertex 88.6606 12.7836 0
    endloop
  endfacet
  facet normal 0 0 -1
    outer loop
      vertex 83.4541 -9.54594 0
      vertex 91.409 -1.59099 0
      vertex 84.0988 -10.1498 0
    endloop
  endfacet
  facet normal 0 0 -1
    outer loop
      vertex 92.139 2.07873 0
      vertex 87.0291 12.1078 0
      vertex 87.8338 12.4724 0
    endloop
  endfacet
  facet normal 0 0 -1
    outer loop
      vertex 82.8502 -8.90117 0
      vertex 91.409 -1.59099 0
      vertex 83.4541 -9.54594 0
    endloop
  endfacet
  facet normal 0 0 -1
    outer loop
      vertex 91.75 1.87081 0
      vertex 86.25 11.6913 0
      vertex 87.0291 12.1078 0
    endloop
  endfacet
  facet normal -0 0 -1
    outer loop
      vertex 91.409 -1.59099 0
      vertex 82.8502 -8.90117 0
      vertex 91.1292 -1.25003 0
    endloop
  endfacet
  facet normal 0 0 -1
    outer loop
      vertex 91.75 1.87081 0
      vertex 85.4998 11.2248 0
      vertex 86.25 11.6913 0
    endloop
  endfacet
  facet normal 0 0 -1
    outer loop
      vertex 82.2897 -8.21828 0
      vertex 91.1292 -1.25003 0
      vertex 82.8502 -8.90117 0
    endloop
  endfacet
  facet normal 0 0 -1
    outer loop
      vertex 91.75 1.87081 0
      vertex 84.7817 10.7103 0
      vertex 85.4998 11.2248 0
    endloop
  endfacet
  facet normal 0 0 -1
    outer loop
      vertex 81.7752 -7.5002 0
      vertex 91.1292 -1.25003 0
      vertex 82.2897 -8.21828 0
    endloop
  endfacet
  facet normal 0 0 -1
    outer loop
      vertex 91.409 1.59099 0
      vertex 84.0988 10.1498 0
      vertex 84.7817 10.7103 0
    endloop
  endfacet
  facet normal 0 0 -1
    outer loop
      vertex 81.3087 -6.75 0
      vertex 91.1292 -1.25003 0
      vertex 81.7752 -7.5002 0
    endloop
  endfacet
  facet normal 0 0 -1
    outer loop
      vertex 91.409 1.59099 0
      vertex 83.4541 9.54594 0
      vertex 84.0988 10.1498 0
    endloop
  endfacet
  facet normal -0 0 -1
    outer loop
      vertex 91.1292 -1.25003 0
      vertex 81.3087 -6.75 0
      vertex 90.9213 -0.861037 0
    endloop
  endfacet
  facet normal 0 0 -1
    outer loop
      vertex 91.409 1.59099 0
      vertex 82.8502 8.90117 0
      vertex 83.4541 9.54594 0
    endloop
  endfacet
  facet normal 0 0 -1
    outer loop
      vertex 80.8922 -5.9709 0
      vertex 90.9213 -0.861037 0
      vertex 81.3087 -6.75 0
    endloop
  endfacet
  facet normal 0 0 -1
    outer loop
      vertex 91.1292 1.25003 0
      vertex 82.2897 8.21828 0
      vertex 82.8502 8.90117 0
    endloop
  endfacet
  facet normal 0 0 -1
    outer loop
      vertex 80.5276 -5.16623 0
      vertex 90.9213 -0.861037 0
      vertex 80.8922 -5.9709 0
    endloop
  endfacet
  facet normal 0 0 -1
    outer loop
      vertex 91.1292 1.25003 0
      vertex 81.7752 7.5002 0
      vertex 82.2897 8.21828 0
    endloop
  endfacet
  facet normal 0 0 -1
    outer loop
      vertex 80.2164 -4.33943 0
      vertex 90.9213 -0.861037 0
      vertex 80.5276 -5.16623 0
    endloop
  endfacet
  facet normal 0 0 -1
    outer loop
      vertex 91.1292 1.25003 0
      vertex 81.3087 6.75 0
      vertex 81.7752 7.5002 0
    endloop
  endfacet
  facet normal -0 0 -1
    outer loop
      vertex 90.9213 -0.861037 0
      vertex 80.2164 -4.33943 0
      vertex 90.7932 -0.438952 0
    endloop
  endfacet
  facet normal 0 0 -1
    outer loop
      vertex 90.9213 0.861037 0
      vertex 80.8922 5.9709 0
      vertex 81.3087 6.75 0
    endloop
  endfacet
  facet normal 0 0 -1
    outer loop
      vertex 79.96 -3.49406 0
      vertex 90.7932 -0.438952 0
      vertex 80.2164 -4.33943 0
    endloop
  endfacet
  facet normal 0 0 -1
    outer loop
      vertex 90.9213 0.861037 0
      vertex 80.5276 5.16623 0
      vertex 80.8922 5.9709 0
    endloop
  endfacet
  facet normal 0 0 -1
    outer loop
      vertex 79.7594 -2.63372 0
      vertex 90.7932 -0.438952 0
      vertex 79.96 -3.49406 0
    endloop
  endfacet
  facet normal 0 0 -1
    outer loop
      vertex 90.9213 0.861037 0
      vertex 80.2164 4.33943 0
      vertex 80.5276 5.16623 0
    endloop
  endfacet
  facet normal 0 0 -1
    outer loop
      vertex 79.6155 -1.7621 0
      vertex 90.7932 -0.438952 0
      vertex 79.7594 -2.63372 0
    endloop
  endfacet
  facet normal 0 0 -1
    outer loop
      vertex 90.7932 0.438952 0
      vertex 79.96 3.49406 0
      vertex 80.2164 4.33943 0
    endloop
  endfacet
  facet normal -0 0 -1
    outer loop
      vertex 90.7932 -0.438952 0
      vertex 79.6155 -1.7621 0
      vertex 90.75 0 0
    endloop
  endfacet
  facet normal 0 0 -1
    outer loop
      vertex 90.7932 0.438952 0
      vertex 79.7594 2.63372 0
      vertex 79.96 3.49406 0
    endloop
  endfacet
  facet normal 0 0 -1
    outer loop
      vertex 79.5289 -0.882942 0
      vertex 90.75 0 0
      vertex 79.6155 -1.7621 0
    endloop
  endfacet
  facet normal 0 0 -1
    outer loop
      vertex 90.7932 0.438952 0
      vertex 79.6155 1.7621 0
      vertex 79.7594 2.63372 0
    endloop
  endfacet
  facet normal 0 0 -1
    outer loop
      vertex 79.5 0 0
      vertex 90.75 0 0
      vertex 79.5289 -0.882942 0
    endloop
  endfacet
  facet normal 0 0 -1
    outer loop
      vertex 90.75 0 0
      vertex 79.5289 0.882942 0
      vertex 79.6155 1.7621 0
    endloop
  endfacet
  facet normal 0 0 -1
    outer loop
      vertex 90.75 0 0
      vertex 79.5 0 0
      vertex 79.5289 0.882942 0
    endloop
  endfacet
  facet normal -0.995184 0.0980289 0
    outer loop
      vertex 79.5289 0.882942 0
      vertex 79.6155 1.7621 3
      vertex 79.6155 1.7621 0
    endloop
  endfacet
  facet normal -0.995184 0.0980289 0
    outer loop
      vertex 79.6155 1.7621 3
      vertex 79.5289 0.882942 0
      vertex 79.5289 0.882942 3
    endloop
  endfacet
  facet normal -0.881892 -0.471452 0
    outer loop
      vertex 81.3087 -6.75 0
      vertex 80.8922 -5.9709 3
      vertex 80.8922 -5.9709 0
    endloop
  endfacet
  facet normal -0.881892 -0.471452 0
    outer loop
      vertex 80.8922 -5.9709 3
      vertex 81.3087 -6.75 0
      vertex 81.3087 -6.75 3
    endloop
  endfacet
  facet normal -0.999465 0.032714 0
    outer loop
      vertex 79.5 0 0
      vertex 79.5289 0.882942 3
      vertex 79.5289 0.882942 0
    endloop
  endfacet
  facet normal -0.999465 0.032714 0
    outer loop
      vertex 79.5289 0.882942 3
      vertex 79.5 0 0
      vertex 79.5 0 3
    endloop
  endfacet
  facet normal -0.528064 -0.849204 0
    outer loop
      vertex 85.4998 -11.2248 0
      vertex 86.25 -11.6913 3
      vertex 85.4998 -11.2248 3
    endloop
  endfacet
  facet normal -0.528064 -0.849204 -0
    outer loop
      vertex 86.25 -11.6913 3
      vertex 85.4998 -11.2248 0
      vertex 86.25 -11.6913 0
    endloop
  endfacet
  facet normal -0.849204 0.528064 0
    outer loop
      vertex 81.3087 6.75 0
      vertex 81.7752 7.5002 3
      vertex 81.7752 7.5002 0
    endloop
  endfacet
  facet normal -0.849204 0.528064 0
    outer loop
      vertex 81.7752 7.5002 3
      vertex 81.3087 6.75 0
      vertex 81.3087 6.75 3
    endloop
  endfacet
  facet normal -0.412702 -0.910866 0
    outer loop
      vertex 87.0291 -12.1078 0
      vertex 87.8338 -12.4724 3
      vertex 87.0291 -12.1078 3
    endloop
  endfacet
  facet normal -0.412702 -0.910866 -0
    outer loop
      vertex 87.8338 -12.4724 3
      vertex 87.0291 -12.1078 0
      vertex 87.8338 -12.4724 0
    endloop
  endfacet
  facet normal -0.881941 -0.47136 0
    outer loop
      vertex 95.0787 0.861037 0
      vertex 94.8708 1.25003 3
      vertex 94.8708 1.25003 0
    endloop
  endfacet
  facet normal -0.881941 -0.47136 0
    outer loop
      vertex 94.8708 1.25003 3
      vertex 95.0787 0.861037 0
      vertex 95.0787 0.861037 3
    endloop
  endfacet
  facet normal -0.471388 -0.881926 0
    outer loop
      vertex 93.861 2.07873 0
      vertex 94.25 1.87081 3
      vertex 93.861 2.07873 3
    endloop
  endfacet
  facet normal -0.471388 -0.881926 -0
    outer loop
      vertex 94.25 1.87081 3
      vertex 93.861 2.07873 0
      vertex 94.25 1.87081 0
    endloop
  endfacet
  facet normal -0.290279 0.956942 0
    outer loop
      vertex 93.861 -2.07873 0
      vertex 93.4389 -2.20677 3
      vertex 93.861 -2.07873 3
    endloop
  endfacet
  facet normal -0.290279 0.956942 0
    outer loop
      vertex 93.4389 -2.20677 3
      vertex 93.861 -2.07873 0
      vertex 93.4389 -2.20677 0
    endloop
  endfacet
  facet normal -0.995192 -0.097943 0
    outer loop
      vertex 95.25 0 0
      vertex 95.2068 0.438952 3
      vertex 95.2068 0.438952 0
    endloop
  endfacet
  facet normal -0.995192 -0.097943 0
    outer loop
      vertex 95.2068 0.438952 3
      vertex 95.25 0 0
      vertex 95.25 0 3
    endloop
  endfacet
  facet normal 0.290279 -0.956942 0
    outer loop
      vertex 92.139 2.07873 0
      vertex 92.5611 2.20677 3
      vertex 92.139 2.07873 3
    endloop
  endfacet
  facet normal 0.290279 -0.956942 0
    outer loop
      vertex 92.5611 2.20677 3
      vertex 92.139 2.07873 0
      vertex 92.5611 2.20677 0
    endloop
  endfacet
  facet normal -0.0980219 0.995184 0
    outer loop
      vertex 93.4389 -2.20677 0
      vertex 93 -2.25 3
      vertex 93.4389 -2.20677 3
    endloop
  endfacet
  facet normal -0.0980219 0.995184 0
    outer loop
      vertex 93 -2.25 3
      vertex 93.4389 -2.20677 0
      vertex 93 -2.25 0
    endloop
  endfacet
  facet normal 0.995192 -0.097943 0
    outer loop
      vertex 90.75 0 3
      vertex 90.7932 0.438952 0
      vertex 90.7932 0.438952 3
    endloop
  endfacet
  facet normal 0.995192 -0.097943 0
    outer loop
      vertex 90.7932 0.438952 0
      vertex 90.75 0 3
      vertex 90.75 0 0
    endloop
  endfacet
  facet normal 0.995192 0.097943 0
    outer loop
      vertex 90.7932 -0.438952 3
      vertex 90.75 0 0
      vertex 90.75 0 3
    endloop
  endfacet
  facet normal 0.995192 0.097943 0
    outer loop
      vertex 90.75 0 0
      vertex 90.7932 -0.438952 3
      vertex 90.7932 -0.438952 0
    endloop
  endfacet
  facet normal -0.956901 -0.290413 0
    outer loop
      vertex 95.2068 0.438952 0
      vertex 95.0787 0.861037 3
      vertex 95.0787 0.861037 0
    endloop
  endfacet
  facet normal -0.956901 -0.290413 0
    outer loop
      vertex 95.0787 0.861037 3
      vertex 95.2068 0.438952 0
      vertex 95.2068 0.438952 3
    endloop
  endfacet
  facet normal 0.634351 0.773045 -0
    outer loop
      vertex 91.75 -1.87081 0
      vertex 91.409 -1.59099 3
      vertex 91.75 -1.87081 3
    endloop
  endfacet
  facet normal 0.634351 0.773045 0
    outer loop
      vertex 91.409 -1.59099 3
      vertex 91.75 -1.87081 0
      vertex 91.409 -1.59099 0
    endloop
  endfacet
  facet normal 0.0980219 0.995184 -0
    outer loop
      vertex 93 -2.25 0
      vertex 92.5611 -2.20677 3
      vertex 93 -2.25 3
    endloop
  endfacet
  facet normal 0.0980219 0.995184 0
    outer loop
      vertex 92.5611 -2.20677 3
      vertex 93 -2.25 0
      vertex 92.5611 -2.20677 0
    endloop
  endfacet
  facet normal -0.0980219 -0.995184 0
    outer loop
      vertex 93 2.25 0
      vertex 93.4389 2.20677 3
      vertex 93 2.25 3
    endloop
  endfacet
  facet normal -0.0980219 -0.995184 -0
    outer loop
      vertex 93.4389 2.20677 3
      vertex 93 2.25 0
      vertex 93.4389 2.20677 0
    endloop
  endfacet
  facet normal 0.881941 0.47136 0
    outer loop
      vertex 91.1292 -1.25003 3
      vertex 90.9213 -0.861037 0
      vertex 90.9213 -0.861037 3
    endloop
  endfacet
  facet normal 0.881941 0.47136 0
    outer loop
      vertex 90.9213 -0.861037 0
      vertex 91.1292 -1.25003 3
      vertex 91.1292 -1.25003 0
    endloop
  endfacet
  facet normal 0.634351 -0.773045 0
    outer loop
      vertex 91.409 1.59099 0
      vertex 91.75 1.87081 3
      vertex 91.409 1.59099 3
    endloop
  endfacet
  facet normal 0.634351 -0.773045 0
    outer loop
      vertex 91.75 1.87081 3
      vertex 91.409 1.59099 0
      vertex 91.75 1.87081 0
    endloop
  endfacet
  facet normal 0.471388 -0.881926 0
    outer loop
      vertex 91.75 1.87081 0
      vertex 92.139 2.07873 3
      vertex 91.75 1.87081 3
    endloop
  endfacet
  facet normal 0.471388 -0.881926 0
    outer loop
      vertex 92.139 2.07873 3
      vertex 91.75 1.87081 0
      vertex 92.139 2.07873 0
    endloop
  endfacet
  facet normal 0.471388 0.881926 -0
    outer loop
      vertex 92.139 -2.07873 0
      vertex 91.75 -1.87081 3
      vertex 92.139 -2.07873 3
    endloop
  endfacet
  facet normal 0.471388 0.881926 0
    outer loop
      vertex 91.75 -1.87081 3
      vertex 92.139 -2.07873 0
      vertex 91.75 -1.87081 0
    endloop
  endfacet
  facet normal 0.290279 0.956942 -0
    outer loop
      vertex 92.5611 -2.20677 0
      vertex 92.139 -2.07873 3
      vertex 92.5611 -2.20677 3
    endloop
  endfacet
  facet normal 0.290279 0.956942 0
    outer loop
      vertex 92.139 -2.07873 3
      vertex 92.5611 -2.20677 0
      vertex 92.139 -2.07873 0
    endloop
  endfacet
  facet normal -0.773031 -0.634368 0
    outer loop
      vertex 94.8708 1.25003 0
      vertex 94.591 1.59099 3
      vertex 94.591 1.59099 0
    endloop
  endfacet
  facet normal -0.773031 -0.634368 0
    outer loop
      vertex 94.591 1.59099 3
      vertex 94.8708 1.25003 0
      vertex 94.8708 1.25003 3
    endloop
  endfacet
  facet normal -0.881941 0.47136 0
    outer loop
      vertex 94.8708 -1.25003 0
      vertex 95.0787 -0.861037 3
      vertex 95.0787 -0.861037 0
    endloop
  endfacet
  facet normal -0.881941 0.47136 0
    outer loop
      vertex 95.0787 -0.861037 3
      vertex 94.8708 -1.25003 0
      vertex 94.8708 -1.25003 3
    endloop
  endfacet
  facet normal 0.773031 0.634368 0
    outer loop
      vertex 91.409 -1.59099 3
      vertex 91.1292 -1.25003 0
      vertex 91.1292 -1.25003 3
    endloop
  endfacet
  facet normal 0.773031 0.634368 0
    outer loop
      vertex 91.1292 -1.25003 0
      vertex 91.409 -1.59099 3
      vertex 91.409 -1.59099 0
    endloop
  endfacet
  facet normal -0.471388 0.881926 0
    outer loop
      vertex 94.25 -1.87081 0
      vertex 93.861 -2.07873 3
      vertex 94.25 -1.87081 3
    endloop
  endfacet
  facet normal -0.471388 0.881926 0
    outer loop
      vertex 93.861 -2.07873 3
      vertex 94.25 -1.87081 0
      vertex 93.861 -2.07873 0
    endloop
  endfacet
  facet normal -0.634351 -0.773045 0
    outer loop
      vertex 94.25 1.87081 0
      vertex 94.591 1.59099 3
      vertex 94.25 1.87081 3
    endloop
  endfacet
  facet normal -0.634351 -0.773045 -0
    outer loop
      vertex 94.591 1.59099 3
      vertex 94.25 1.87081 0
      vertex 94.591 1.59099 0
    endloop
  endfacet
  facet normal -0.773031 0.634368 0
    outer loop
      vertex 94.591 -1.59099 0
      vertex 94.8708 -1.25003 3
      vertex 94.8708 -1.25003 0
    endloop
  endfacet
  facet normal -0.773031 0.634368 0
    outer loop
      vertex 94.8708 -1.25003 3
      vertex 94.591 -1.59099 0
      vertex 94.591 -1.59099 3
    endloop
  endfacet
  facet normal -0.995192 0.097943 0
    outer loop
      vertex 95.2068 -0.438952 0
      vertex 95.25 0 3
      vertex 95.25 0 0
    endloop
  endfacet
  facet normal -0.995192 0.097943 0
    outer loop
      vertex 95.25 0 3
      vertex 95.2068 -0.438952 0
      vertex 95.2068 -0.438952 3
    endloop
  endfacet
  facet normal 0.956901 0.290413 0
    outer loop
      vertex 90.9213 -0.861037 3
      vertex 90.7932 -0.438952 0
      vertex 90.7932 -0.438952 3
    endloop
  endfacet
  facet normal 0.956901 0.290413 0
    outer loop
      vertex 90.7932 -0.438952 0
      vertex 90.9213 -0.861037 3
      vertex 90.9213 -0.861037 0
    endloop
  endfacet
  facet normal 0.0980219 -0.995184 0
    outer loop
      vertex 92.5611 2.20677 0
      vertex 93 2.25 3
      vertex 92.5611 2.20677 3
    endloop
  endfacet
  facet normal 0.0980219 -0.995184 0
    outer loop
      vertex 93 2.25 3
      vertex 92.5611 2.20677 0
      vertex 93 2.25 0
    endloop
  endfacet
  facet normal 0.773031 -0.634368 0
    outer loop
      vertex 91.1292 1.25003 3
      vertex 91.409 1.59099 0
      vertex 91.409 1.59099 3
    endloop
  endfacet
  facet normal 0.773031 -0.634368 0
    outer loop
      vertex 91.409 1.59099 0
      vertex 91.1292 1.25003 3
      vertex 91.1292 1.25003 0
    endloop
  endfacet
  facet normal 0.881941 -0.47136 0
    outer loop
      vertex 90.9213 0.861037 3
      vertex 91.1292 1.25003 0
      vertex 91.1292 1.25003 3
    endloop
  endfacet
  facet normal 0.881941 -0.47136 0
    outer loop
      vertex 91.1292 1.25003 0
      vertex 90.9213 0.861037 3
      vertex 90.9213 0.861037 0
    endloop
  endfacet
  facet normal -0.956901 0.290413 0
    outer loop
      vertex 95.0787 -0.861037 0
      vertex 95.2068 -0.438952 3
      vertex 95.2068 -0.438952 0
    endloop
  endfacet
  facet normal -0.956901 0.290413 0
    outer loop
      vertex 95.2068 -0.438952 3
      vertex 95.0787 -0.861037 0
      vertex 95.0787 -0.861037 3
    endloop
  endfacet
  facet normal -0.634351 0.773045 0
    outer loop
      vertex 94.591 -1.59099 0
      vertex 94.25 -1.87081 3
      vertex 94.591 -1.59099 3
    endloop
  endfacet
  facet normal -0.634351 0.773045 0
    outer loop
      vertex 94.25 -1.87081 3
      vertex 94.591 -1.59099 0
      vertex 94.25 -1.87081 0
    endloop
  endfacet
  facet normal -0.290279 -0.956942 0
    outer loop
      vertex 93.4389 2.20677 0
      vertex 93.861 2.07873 3
      vertex 93.4389 2.20677 3
    endloop
  endfacet
  facet normal -0.290279 -0.956942 -0
    outer loop
      vertex 93.861 2.07873 3
      vertex 93.4389 2.20677 0
      vertex 93.861 2.07873 0
    endloop
  endfacet
  facet normal 0.956901 -0.290413 0
    outer loop
      vertex 90.7932 0.438952 3
      vertex 90.9213 0.861037 0
      vertex 90.9213 0.861037 3
    endloop
  endfacet
  facet normal 0.956901 -0.290413 0
    outer loop
      vertex 90.9213 0.861037 0
      vertex 90.7932 0.438952 3
      vertex 90.7932 0.438952 0
    endloop
  endfacet
  facet normal 0.99525 0.0973562 0
    outer loop
      vertex 137.471 0.882942 3
      vertex 137.385 1.7621 0
      vertex 137.385 1.7621 3
    endloop
  endfacet
  facet normal 0.99525 0.0973562 0
    outer loop
      vertex 137.385 1.7621 0
      vertex 137.471 0.882942 3
      vertex 137.471 0.882942 0
    endloop
  endfacet
  facet normal 0.999461 0.032827 0
    outer loop
      vertex 137.5 0 3
      vertex 137.471 0.882942 0
      vertex 137.471 0.882942 3
    endloop
  endfacet
  facet normal 0.999461 0.032827 0
    outer loop
      vertex 137.471 0.882942 0
      vertex 137.5 0 3
      vertex 137.5 0 0
    endloop
  endfacet
  facet normal 0.35219 -0.935929 0
    outer loop
      vertex 128.339 -12.7836 0
      vertex 129.166 -12.4724 3
      vertex 128.339 -12.7836 3
    endloop
  endfacet
  facet normal 0.35219 -0.935929 0
    outer loop
      vertex 129.166 -12.4724 3
      vertex 128.339 -12.7836 0
      vertex 129.166 -12.4724 0
    endloop
  endfacet
  facet normal 0.0980464 0.995182 -0
    outer loop
      vertex 125.762 13.3845 0
      vertex 124.883 13.4711 3
      vertex 125.762 13.3845 3
    endloop
  endfacet
  facet normal 0.0980464 0.995182 0
    outer loop
      vertex 124.883 13.4711 3
      vertex 125.762 13.3845 0
      vertex 124.883 13.4711 0
    endloop
  endfacet
  facet normal -0.935602 -0.353057 0
    outer loop
      vertex 111.528 -5.16623 0
      vertex 111.216 -4.33943 3
      vertex 111.216 -4.33943 0
    endloop
  endfacet
  facet normal -0.935602 -0.353057 0
    outer loop
      vertex 111.216 -4.33943 3
      vertex 111.528 -5.16623 0
      vertex 111.528 -5.16623 3
    endloop
  endfacet
  facet normal -0.162821 -0.986656 0
    outer loop
      vertex 121.366 -13.2406 0
      vertex 122.238 -13.3845 3
      vertex 121.366 -13.2406 3
    endloop
  endfacet
  facet normal -0.162821 -0.986656 -0
    outer loop
      vertex 122.238 -13.3845 3
      vertex 121.366 -13.2406 0
      vertex 122.238 -13.3845 0
    endloop
  endfacet
  facet normal 0.528166 -0.849141 0
    outer loop
      vertex 130.75 -11.6913 0
      vertex 131.5 -11.2248 3
      vertex 130.75 -11.6913 3
    endloop
  endfacet
  facet normal 0.528166 -0.849141 0
    outer loop
      vertex 131.5 -11.2248 3
      vertex 130.75 -11.6913 0
      vertex 131.5 -11.2248 0
    endloop
  endfacet
  facet normal 0.227158 -0.973858 0
    outer loop
      vertex 126.634 -13.2406 0
      vertex 127.494 -13.04 3
      vertex 126.634 -13.2406 3
    endloop
  endfacet
  facet normal 0.227158 -0.973858 0
    outer loop
      vertex 127.494 -13.04 3
      vertex 126.634 -13.2406 0
      vertex 127.494 -13.04 0
    endloop
  endfacet
  facet normal -0.849458 -0.527656 0
    outer loop
      vertex 112.775 -7.5002 0
      vertex 112.309 -6.75 3
      vertex 112.309 -6.75 0
    endloop
  endfacet
  facet normal -0.849458 -0.527656 0
    outer loop
      vertex 112.309 -6.75 3
      vertex 112.775 -7.5002 0
      vertex 112.775 -7.5002 3
    endloop
  endfacet
  facet normal -0.729804 0.683657 0
    outer loop
      vertex 113.85 8.90117 0
      vertex 114.454 9.54594 3
      vertex 114.454 9.54594 0
    endloop
  endfacet
  facet normal -0.729804 0.683657 0
    outer loop
      vertex 114.454 9.54594 3
      vertex 113.85 8.90117 0
      vertex 113.85 8.90117 3
    endloop
  endfacet
  facet normal 0.162821 -0.986656 0
    outer loop
      vertex 125.762 -13.3845 0
      vertex 126.634 -13.2406 3
      vertex 125.762 -13.3845 3
    endloop
  endfacet
  facet normal 0.162821 -0.986656 0
    outer loop
      vertex 126.634 -13.2406 3
      vertex 125.762 -13.3845 0
      vertex 126.634 -13.2406 0
    endloop
  endfacet
  facet normal -0.881657 0.471892 0
    outer loop
      vertex 111.892 5.9709 0
      vertex 112.309 6.75 3
      vertex 112.309 6.75 0
    endloop
  endfacet
  facet normal -0.881657 0.471892 0
    outer loop
      vertex 112.309 6.75 3
      vertex 111.892 5.9709 0
      vertex 111.892 5.9709 3
    endloop
  endfacet
  facet normal 0.973778 0.227502 0
    outer loop
      vertex 137.241 2.63372 3
      vertex 137.04 3.49406 0
      vertex 137.04 3.49406 3
    endloop
  endfacet
  facet normal 0.973778 0.227502 0
    outer loop
      vertex 137.04 3.49406 0
      vertex 137.241 2.63372 3
      vertex 137.241 2.63372 0
    endloop
  endfacet
  facet normal 0.162821 0.986656 -0
    outer loop
      vertex 126.634 13.2406 0
      vertex 125.762 13.3845 3
      vertex 126.634 13.2406 3
    endloop
  endfacet
  facet normal 0.162821 0.986656 0
    outer loop
      vertex 125.762 13.3845 3
      vertex 126.634 13.2406 0
      vertex 125.762 13.3845 0
    endloop
  endfacet
  facet normal 0.986626 -0.163 0
    outer loop
      vertex 137.241 -2.63372 3
      vertex 137.385 -1.7621 0
      vertex 137.385 -1.7621 3
    endloop
  endfacet
  facet normal 0.986626 -0.163 0
    outer loop
      vertex 137.385 -1.7621 0
      vertex 137.241 -2.63372 3
      vertex 137.241 -2.63372 0
    endloop
  endfacet
  facet normal 0.582469 0.812853 -0
    outer loop
      vertex 132.218 10.7103 0
      vertex 131.5 11.2248 3
      vertex 132.218 10.7103 3
    endloop
  endfacet
  facet normal 0.582469 0.812853 0
    outer loop
      vertex 131.5 11.2248 3
      vertex 132.218 10.7103 0
      vertex 131.5 11.2248 0
    endloop
  endfacet
  facet normal -0.973778 0.227502 0
    outer loop
      vertex 110.759 2.63372 0
      vertex 110.96 3.49406 3
      vertex 110.96 3.49406 0
    endloop
  endfacet
  facet normal -0.973778 0.227502 0
    outer loop
      vertex 110.96 3.49406 3
      vertex 110.759 2.63372 0
      vertex 110.759 2.63372 3
    endloop
  endfacet
  facet normal 0.471499 -0.881867 0
    outer loop
      vertex 129.971 -12.1078 0
      vertex 130.75 -11.6913 3
      vertex 129.971 -12.1078 3
    endloop
  endfacet
  facet normal 0.471499 -0.881867 0
    outer loop
      vertex 130.75 -11.6913 3
      vertex 129.971 -12.1078 0
      vertex 130.75 -11.6913 0
    endloop
  endfacet
  facet normal -0.412575 0.910924 0
    outer loop
      vertex 118.834 12.4724 0
      vertex 118.029 12.1078 3
      vertex 118.834 12.4724 3
    endloop
  endfacet
  facet normal -0.412575 0.910924 0
    outer loop
      vertex 118.029 12.1078 3
      vertex 118.834 12.4724 0
      vertex 118.029 12.1078 0
    endloop
  endfacet
  facet normal -0.0980464 0.995182 0
    outer loop
      vertex 123.117 13.4711 0
      vertex 122.238 13.3845 3
      vertex 123.117 13.4711 3
    endloop
  endfacet
  facet normal -0.0980464 0.995182 0
    outer loop
      vertex 122.238 13.3845 3
      vertex 123.117 13.4711 0
      vertex 122.238 13.3845 0
    endloop
  endfacet
  facet normal -0.471499 -0.881867 0
    outer loop
      vertex 117.25 -11.6913 0
      vertex 118.029 -12.1078 3
      vertex 117.25 -11.6913 3
    endloop
  endfacet
  facet normal -0.471499 -0.881867 -0
    outer loop
      vertex 118.029 -12.1078 3
      vertex 117.25 -11.6913 0
      vertex 118.029 -12.1078 0
    endloop
  endfacet
  facet normal 0.412575 0.910924 -0
    outer loop
      vertex 129.971 12.1078 0
      vertex 129.166 12.4724 3
      vertex 129.971 12.1078 3
    endloop
  endfacet
  facet normal 0.412575 0.910924 0
    outer loop
      vertex 129.166 12.4724 3
      vertex 129.971 12.1078 0
      vertex 129.166 12.4724 0
    endloop
  endfacet
  facet normal 0.528166 0.849141 -0
    outer loop
      vertex 131.5 11.2248 0
      vertex 130.75 11.6913 3
      vertex 131.5 11.2248 3
    endloop
  endfacet
  facet normal 0.528166 0.849141 0
    outer loop
      vertex 130.75 11.6913 3
      vertex 131.5 11.2248 0
      vertex 130.75 11.6913 0
    endloop
  endfacet
  facet normal 0.0327118 -0.999465 0
    outer loop
      vertex 124 -13.5 0
      vertex 124.883 -13.4711 3
      vertex 124 -13.5 3
    endloop
  endfacet
  facet normal 0.0327118 -0.999465 0
    outer loop
      vertex 124.883 -13.4711 3
      vertex 124 -13.5 0
      vertex 124.883 -13.4711 0
    endloop
  endfacet
  facet normal 0.957079 -0.289828 0
    outer loop
      vertex 136.784 -4.33943 3
      vertex 137.04 -3.49406 0
      vertex 137.04 -3.49406 3
    endloop
  endfacet
  facet normal 0.957079 -0.289828 0
    outer loop
      vertex 137.04 -3.49406 0
      vertex 136.784 -4.33943 3
      vertex 136.784 -4.33943 0
    endloop
  endfacet
  facet normal 0.471499 0.881867 -0
    outer loop
      vertex 130.75 11.6913 0
      vertex 129.971 12.1078 3
      vertex 130.75 11.6913 3
    endloop
  endfacet
  facet normal 0.471499 0.881867 0
    outer loop
      vertex 129.971 12.1078 3
      vertex 130.75 11.6913 0
      vertex 129.971 12.1078 0
    endloop
  endfacet
  facet normal -0.957079 -0.289828 0
    outer loop
      vertex 111.216 -4.33943 0
      vertex 110.96 -3.49406 3
      vertex 110.96 -3.49406 0
    endloop
  endfacet
  facet normal -0.957079 -0.289828 0
    outer loop
      vertex 110.96 -3.49406 3
      vertex 111.216 -4.33943 0
      vertex 111.216 -4.33943 3
    endloop
  endfacet
  facet normal 0.0980464 -0.995182 0
    outer loop
      vertex 124.883 -13.4711 0
      vertex 125.762 -13.3845 3
      vertex 124.883 -13.4711 3
    endloop
  endfacet
  facet normal 0.0980464 -0.995182 0
    outer loop
      vertex 125.762 -13.3845 3
      vertex 124.883 -13.4711 0
      vertex 125.762 -13.3845 0
    endloop
  endfacet
  facet normal 0.935602 0.353057 0
    outer loop
      vertex 136.784 4.33943 3
      vertex 136.472 5.16623 0
      vertex 136.472 5.16623 3
    endloop
  endfacet
  facet normal 0.935602 0.353057 0
    outer loop
      vertex 136.472 5.16623 0
      vertex 136.784 4.33943 3
      vertex 136.784 4.33943 0
    endloop
  endfacet
  facet normal -0.683443 0.730004 0
    outer loop
      vertex 115.099 10.1498 0
      vertex 114.454 9.54594 3
      vertex 115.099 10.1498 3
    endloop
  endfacet
  facet normal -0.683443 0.730004 0
    outer loop
      vertex 114.454 9.54594 3
      vertex 115.099 10.1498 0
      vertex 114.454 9.54594 0
    endloop
  endfacet
  facet normal -0.290359 0.956918 0
    outer loop
      vertex 120.506 13.04 0
      vertex 119.661 12.7836 3
      vertex 120.506 13.04 3
    endloop
  endfacet
  facet normal -0.290359 0.956918 0
    outer loop
      vertex 119.661 12.7836 3
      vertex 120.506 13.04 0
      vertex 119.661 12.7836 0
    endloop
  endfacet
  facet normal -0.227158 -0.973858 0
    outer loop
      vertex 120.506 -13.04 0
      vertex 121.366 -13.2406 3
      vertex 120.506 -13.04 3
    endloop
  endfacet
  facet normal -0.227158 -0.973858 -0
    outer loop
      vertex 121.366 -13.2406 3
      vertex 120.506 -13.04 0
      vertex 121.366 -13.2406 0
    endloop
  endfacet
  facet normal -0.162821 0.986656 0
    outer loop
      vertex 122.238 13.3845 0
      vertex 121.366 13.2406 3
      vertex 122.238 13.3845 3
    endloop
  endfacet
  facet normal -0.162821 0.986656 0
    outer loop
      vertex 121.366 13.2406 3
      vertex 122.238 13.3845 0
      vertex 121.366 13.2406 0
    endloop
  endfacet
  facet normal 0.773251 0.6341 0
    outer loop
      vertex 134.71 8.21828 3
      vertex 134.15 8.90117 0
      vertex 134.15 8.90117 3
    endloop
  endfacet
  facet normal 0.773251 0.6341 0
    outer loop
      vertex 134.15 8.90117 0
      vertex 134.71 8.21828 3
      vertex 134.71 8.21828 0
    endloop
  endfacet
  facet normal -0.986626 0.163 0
    outer loop
      vertex 110.615 1.7621 0
      vertex 110.759 2.63372 3
      vertex 110.759 2.63372 0
    endloop
  endfacet
  facet normal -0.986626 0.163 0
    outer loop
      vertex 110.759 2.63372 3
      vertex 110.615 1.7621 0
      vertex 110.615 1.7621 3
    endloop
  endfacet
  facet normal 0.729804 -0.683657 0
    outer loop
      vertex 133.546 -9.54594 3
      vertex 134.15 -8.90117 0
      vertex 134.15 -8.90117 3
    endloop
  endfacet
  facet normal 0.729804 -0.683657 0
    outer loop
      vertex 134.15 -8.90117 0
      vertex 133.546 -9.54594 3
      vertex 133.546 -9.54594 0
    endloop
  endfacet
  facet normal 0.227158 0.973858 -0
    outer loop
      vertex 127.494 13.04 0
      vertex 126.634 13.2406 3
      vertex 127.494 13.04 3
    endloop
  endfacet
  facet normal 0.227158 0.973858 0
    outer loop
      vertex 126.634 13.2406 3
      vertex 127.494 13.04 0
      vertex 126.634 13.2406 0
    endloop
  endfacet
  facet normal -0.0327118 -0.999465 0
    outer loop
      vertex 123.117 -13.4711 0
      vertex 124 -13.5 3
      vertex 123.117 -13.4711 3
    endloop
  endfacet
  facet normal -0.0327118 -0.999465 -0
    outer loop
      vertex 124 -13.5 3
      vertex 123.117 -13.4711 0
      vertex 124 -13.5 0
    endloop
  endfacet
  facet normal 0.881657 -0.471892 0
    outer loop
      vertex 135.691 -6.75 3
      vertex 136.108 -5.9709 0
      vertex 136.108 -5.9709 3
    endloop
  endfacet
  facet normal 0.881657 -0.471892 0
    outer loop
      vertex 136.108 -5.9709 0
      vertex 135.691 -6.75 3
      vertex 135.691 -6.75 0
    endloop
  endfacet
  facet normal 0.957079 0.289828 0
    outer loop
      vertex 137.04 3.49406 3
      vertex 136.784 4.33943 0
      vertex 136.784 4.33943 3
    endloop
  endfacet
  facet normal 0.957079 0.289828 0
    outer loop
      vertex 136.784 4.33943 0
      vertex 137.04 3.49406 3
      vertex 137.04 3.49406 0
    endloop
  endfacet
  facet normal 0.729804 0.683657 0
    outer loop
      vertex 134.15 8.90117 3
      vertex 133.546 9.54594 0
      vertex 133.546 9.54594 3
    endloop
  endfacet
  facet normal 0.729804 0.683657 0
    outer loop
      vertex 133.546 9.54594 0
      vertex 134.15 8.90117 3
      vertex 134.15 8.90117 0
    endloop
  endfacet
  facet normal 0.683443 0.730004 -0
    outer loop
      vertex 133.546 9.54594 0
      vertex 132.901 10.1498 3
      vertex 133.546 9.54594 3
    endloop
  endfacet
  facet normal 0.683443 0.730004 0
    outer loop
      vertex 132.901 10.1498 3
      vertex 133.546 9.54594 0
      vertex 132.901 10.1498 0
    endloop
  endfacet
  facet normal -0.582469 0.812853 0
    outer loop
      vertex 116.5 11.2248 0
      vertex 115.782 10.7103 3
      vertex 116.5 11.2248 3
    endloop
  endfacet
  facet normal -0.582469 0.812853 0
    outer loop
      vertex 115.782 10.7103 3
      vertex 116.5 11.2248 0
      vertex 115.782 10.7103 0
    endloop
  endfacet
  facet normal -0.528166 0.849141 0
    outer loop
      vertex 117.25 11.6913 0
      vertex 116.5 11.2248 3
      vertex 117.25 11.6913 3
    endloop
  endfacet
  facet normal -0.528166 0.849141 0
    outer loop
      vertex 116.5 11.2248 3
      vertex 117.25 11.6913 0
      vertex 116.5 11.2248 0
    endloop
  endfacet
  facet normal -0.911115 0.412152 0
    outer loop
      vertex 111.528 5.16623 0
      vertex 111.892 5.9709 3
      vertex 111.892 5.9709 0
    endloop
  endfacet
  facet normal -0.911115 0.412152 0
    outer loop
      vertex 111.892 5.9709 3
      vertex 111.528 5.16623 0
      vertex 111.528 5.16623 3
    endloop
  endfacet
  facet normal 0.290359 -0.956918 0
    outer loop
      vertex 127.494 -13.04 0
      vertex 128.339 -12.7836 3
      vertex 127.494 -13.04 3
    endloop
  endfacet
  facet normal 0.290359 -0.956918 0
    outer loop
      vertex 128.339 -12.7836 3
      vertex 127.494 -13.04 0
      vertex 128.339 -12.7836 0
    endloop
  endfacet
  facet normal 0.849458 0.527656 0
    outer loop
      vertex 135.691 6.75 3
      vertex 135.225 7.5002 0
      vertex 135.225 7.5002 3
    endloop
  endfacet
  facet normal 0.849458 0.527656 0
    outer loop
      vertex 135.225 7.5002 0
      vertex 135.691 6.75 3
      vertex 135.691 6.75 0
    endloop
  endfacet
  facet normal 0.634377 -0.773024 0
    outer loop
      vertex 132.218 -10.7103 0
      vertex 132.901 -10.1498 3
      vertex 132.218 -10.7103 3
    endloop
  endfacet
  facet normal 0.634377 -0.773024 0
    outer loop
      vertex 132.901 -10.1498 3
      vertex 132.218 -10.7103 0
      vertex 132.901 -10.1498 0
    endloop
  endfacet
  facet normal 0.911115 -0.412152 0
    outer loop
      vertex 136.108 -5.9709 3
      vertex 136.472 -5.16623 0
      vertex 136.472 -5.16623 3
    endloop
  endfacet
  facet normal 0.911115 -0.412152 0
    outer loop
      vertex 136.472 -5.16623 0
      vertex 136.108 -5.9709 3
      vertex 136.108 -5.9709 0
    endloop
  endfacet
  facet normal -0.986626 -0.163 0
    outer loop
      vertex 110.759 -2.63372 0
      vertex 110.615 -1.7621 3
      vertex 110.615 -1.7621 0
    endloop
  endfacet
  facet normal -0.986626 -0.163 0
    outer loop
      vertex 110.615 -1.7621 3
      vertex 110.759 -2.63372 0
      vertex 110.759 -2.63372 3
    endloop
  endfacet
  facet normal 0.881657 0.471892 0
    outer loop
      vertex 136.108 5.9709 3
      vertex 135.691 6.75 0
      vertex 135.691 6.75 3
    endloop
  endfacet
  facet normal 0.881657 0.471892 0
    outer loop
      vertex 135.691 6.75 0
      vertex 136.108 5.9709 3
      vertex 136.108 5.9709 0
    endloop
  endfacet
  facet normal 0.935602 -0.353057 0
    outer loop
      vertex 136.472 -5.16623 3
      vertex 136.784 -4.33943 0
      vertex 136.784 -4.33943 3
    endloop
  endfacet
  facet normal 0.935602 -0.353057 0
    outer loop
      vertex 136.784 -4.33943 0
      vertex 136.472 -5.16623 3
      vertex 136.472 -5.16623 0
    endloop
  endfacet
  facet normal -0.999461 -0.032827 0
    outer loop
      vertex 110.529 -0.882942 0
      vertex 110.5 0 3
      vertex 110.5 0 0
    endloop
  endfacet
  facet normal -0.999461 -0.032827 0
    outer loop
      vertex 110.5 0 3
      vertex 110.529 -0.882942 0
      vertex 110.529 -0.882942 3
    endloop
  endfacet
  facet normal 0.412575 -0.910924 0
    outer loop
      vertex 129.166 -12.4724 0
      vertex 129.971 -12.1078 3
      vertex 129.166 -12.4724 3
    endloop
  endfacet
  facet normal 0.412575 -0.910924 0
    outer loop
      vertex 129.971 -12.1078 3
      vertex 129.166 -12.4724 0
      vertex 129.971 -12.1078 0
    endloop
  endfacet
  facet normal 0.812616 -0.5828 0
    outer loop
      vertex 134.71 -8.21828 3
      vertex 135.225 -7.5002 0
      vertex 135.225 -7.5002 3
    endloop
  endfacet
  facet normal 0.812616 -0.5828 0
    outer loop
      vertex 135.225 -7.5002 0
      vertex 134.71 -8.21828 3
      vertex 134.71 -8.21828 0
    endloop
  endfacet
  facet normal -0.0980464 -0.995182 0
    outer loop
      vertex 122.238 -13.3845 0
      vertex 123.117 -13.4711 3
      vertex 122.238 -13.3845 3
    endloop
  endfacet
  facet normal -0.0980464 -0.995182 -0
    outer loop
      vertex 123.117 -13.4711 3
      vertex 122.238 -13.3845 0
      vertex 123.117 -13.4711 0
    endloop
  endfacet
  facet normal 0.773251 -0.6341 0
    outer loop
      vertex 134.15 -8.90117 3
      vertex 134.71 -8.21828 0
      vertex 134.71 -8.21828 3
    endloop
  endfacet
  facet normal 0.773251 -0.6341 0
    outer loop
      vertex 134.71 -8.21828 0
      vertex 134.15 -8.90117 3
      vertex 134.15 -8.90117 0
    endloop
  endfacet
  facet normal -0.35219 0.935929 0
    outer loop
      vertex 119.661 12.7836 0
      vertex 118.834 12.4724 3
      vertex 119.661 12.7836 3
    endloop
  endfacet
  facet normal -0.35219 0.935929 0
    outer loop
      vertex 118.834 12.4724 3
      vertex 119.661 12.7836 0
      vertex 118.834 12.4724 0
    endloop
  endfacet
  facet normal -0.227158 0.973858 0
    outer loop
      vertex 121.366 13.2406 0
      vertex 120.506 13.04 3
      vertex 121.366 13.2406 3
    endloop
  endfacet
  facet normal -0.227158 0.973858 0
    outer loop
      vertex 120.506 13.04 3
      vertex 121.366 13.2406 0
      vertex 120.506 13.04 0
    endloop
  endfacet
  facet normal 0.582469 -0.812853 0
    outer loop
      vertex 131.5 -11.2248 0
      vertex 132.218 -10.7103 3
      vertex 131.5 -11.2248 3
    endloop
  endfacet
  facet normal 0.582469 -0.812853 0
    outer loop
      vertex 132.218 -10.7103 3
      vertex 131.5 -11.2248 0
      vertex 132.218 -10.7103 0
    endloop
  endfacet
  facet normal -0.973778 -0.227502 0
    outer loop
      vertex 110.96 -3.49406 0
      vertex 110.759 -2.63372 3
      vertex 110.759 -2.63372 0
    endloop
  endfacet
  facet normal -0.973778 -0.227502 0
    outer loop
      vertex 110.759 -2.63372 3
      vertex 110.96 -3.49406 0
      vertex 110.96 -3.49406 3
    endloop
  endfacet
  facet normal -0.812616 -0.5828 0
    outer loop
      vertex 113.29 -8.21828 0
      vertex 112.775 -7.5002 3
      vertex 112.775 -7.5002 0
    endloop
  endfacet
  facet normal -0.812616 -0.5828 0
    outer loop
      vertex 112.775 -7.5002 3
      vertex 113.29 -8.21828 0
      vertex 113.29 -8.21828 3
    endloop
  endfacet
  facet normal -0.634377 -0.773024 0
    outer loop
      vertex 115.099 -10.1498 0
      vertex 115.782 -10.7103 3
      vertex 115.099 -10.1498 3
    endloop
  endfacet
  facet normal -0.634377 -0.773024 -0
    outer loop
      vertex 115.782 -10.7103 3
      vertex 115.099 -10.1498 0
      vertex 115.782 -10.7103 0
    endloop
  endfacet
  facet normal -0.0327118 0.999465 0
    outer loop
      vertex 124 13.5 0
      vertex 123.117 13.4711 3
      vertex 124 13.5 3
    endloop
  endfacet
  facet normal -0.0327118 0.999465 0
    outer loop
      vertex 123.117 13.4711 3
      vertex 124 13.5 0
      vertex 123.117 13.4711 0
    endloop
  endfacet
  facet normal 0.290359 0.956918 -0
    outer loop
      vertex 128.339 12.7836 0
      vertex 127.494 13.04 3
      vertex 128.339 12.7836 3
    endloop
  endfacet
  facet normal 0.290359 0.956918 0
    outer loop
      vertex 127.494 13.04 3
      vertex 128.339 12.7836 0
      vertex 127.494 13.04 0
    endloop
  endfacet
  facet normal 0.99525 -0.0973562 0
    outer loop
      vertex 137.385 -1.7621 3
      vertex 137.471 -0.882942 0
      vertex 137.471 -0.882942 3
    endloop
  endfacet
  facet normal 0.99525 -0.0973562 0
    outer loop
      vertex 137.471 -0.882942 0
      vertex 137.385 -1.7621 3
      vertex 137.385 -1.7621 0
    endloop
  endfacet
  facet normal 0.999461 -0.032827 0
    outer loop
      vertex 137.471 -0.882942 3
      vertex 137.5 0 0
      vertex 137.5 0 3
    endloop
  endfacet
  facet normal 0.999461 -0.032827 0
    outer loop
      vertex 137.5 0 0
      vertex 137.471 -0.882942 3
      vertex 137.471 -0.882942 0
    endloop
  endfacet
  facet normal -0.957079 0.289828 0
    outer loop
      vertex 110.96 3.49406 0
      vertex 111.216 4.33943 3
      vertex 111.216 4.33943 0
    endloop
  endfacet
  facet normal -0.957079 0.289828 0
    outer loop
      vertex 111.216 4.33943 3
      vertex 110.96 3.49406 0
      vertex 110.96 3.49406 3
    endloop
  endfacet
  facet normal -0.773251 0.6341 0
    outer loop
      vertex 113.29 8.21828 0
      vertex 113.85 8.90117 3
      vertex 113.85 8.90117 0
    endloop
  endfacet
  facet normal -0.773251 0.6341 0
    outer loop
      vertex 113.85 8.90117 3
      vertex 113.29 8.21828 0
      vertex 113.29 8.21828 3
    endloop
  endfacet
  facet normal 0.973778 -0.227502 0
    outer loop
      vertex 137.04 -3.49406 3
      vertex 137.241 -2.63372 0
      vertex 137.241 -2.63372 3
    endloop
  endfacet
  facet normal 0.973778 -0.227502 0
    outer loop
      vertex 137.241 -2.63372 0
      vertex 137.04 -3.49406 3
      vertex 137.04 -3.49406 0
    endloop
  endfacet
  facet normal -0.911115 -0.412152 0
    outer loop
      vertex 111.892 -5.9709 0
      vertex 111.528 -5.16623 3
      vertex 111.528 -5.16623 0
    endloop
  endfacet
  facet normal -0.911115 -0.412152 0
    outer loop
      vertex 111.528 -5.16623 3
      vertex 111.892 -5.9709 0
      vertex 111.892 -5.9709 3
    endloop
  endfacet
  facet normal -0.634377 0.773024 0
    outer loop
      vertex 115.782 10.7103 0
      vertex 115.099 10.1498 3
      vertex 115.782 10.7103 3
    endloop
  endfacet
  facet normal -0.634377 0.773024 0
    outer loop
      vertex 115.099 10.1498 3
      vertex 115.782 10.7103 0
      vertex 115.099 10.1498 0
    endloop
  endfacet
  facet normal 0.683443 -0.730004 0
    outer loop
      vertex 132.901 -10.1498 0
      vertex 133.546 -9.54594 3
      vertex 132.901 -10.1498 3
    endloop
  endfacet
  facet normal 0.683443 -0.730004 0
    outer loop
      vertex 133.546 -9.54594 3
      vertex 132.901 -10.1498 0
      vertex 133.546 -9.54594 0
    endloop
  endfacet
  facet normal 0.35219 0.935929 -0
    outer loop
      vertex 129.166 12.4724 0
      vertex 128.339 12.7836 3
      vertex 129.166 12.4724 3
    endloop
  endfacet
  facet normal 0.35219 0.935929 0
    outer loop
      vertex 128.339 12.7836 3
      vertex 129.166 12.4724 0
      vertex 128.339 12.7836 0
    endloop
  endfacet
  facet normal 0.634377 0.773024 -0
    outer loop
      vertex 132.901 10.1498 0
      vertex 132.218 10.7103 3
      vertex 132.901 10.1498 3
    endloop
  endfacet
  facet normal 0.634377 0.773024 0
    outer loop
      vertex 132.218 10.7103 3
      vertex 132.901 10.1498 0
      vertex 132.218 10.7103 0
    endloop
  endfacet
  facet normal 0.812616 0.5828 0
    outer loop
      vertex 135.225 7.5002 3
      vertex 134.71 8.21828 0
      vertex 134.71 8.21828 3
    endloop
  endfacet
  facet normal 0.812616 0.5828 0
    outer loop
      vertex 134.71 8.21828 0
      vertex 135.225 7.5002 3
      vertex 135.225 7.5002 0
    endloop
  endfacet
  facet normal 0.986626 0.163 0
    outer loop
      vertex 137.385 1.7621 3
      vertex 137.241 2.63372 0
      vertex 137.241 2.63372 3
    endloop
  endfacet
  facet normal 0.986626 0.163 0
    outer loop
      vertex 137.241 2.63372 0
      vertex 137.385 1.7621 3
      vertex 137.385 1.7621 0
    endloop
  endfacet
  facet normal -0.729804 -0.683657 0
    outer loop
      vertex 114.454 -9.54594 0
      vertex 113.85 -8.90117 3
      vertex 113.85 -8.90117 0
    endloop
  endfacet
  facet normal -0.729804 -0.683657 0
    outer loop
      vertex 113.85 -8.90117 3
      vertex 114.454 -9.54594 0
      vertex 114.454 -9.54594 3
    endloop
  endfacet
  facet normal 0.0327118 0.999465 -0
    outer loop
      vertex 124.883 13.4711 0
      vertex 124 13.5 3
      vertex 124.883 13.4711 3
    endloop
  endfacet
  facet normal 0.0327118 0.999465 0
    outer loop
      vertex 124 13.5 3
      vertex 124.883 13.4711 0
      vertex 124 13.5 0
    endloop
  endfacet
  facet normal -0.582469 -0.812853 0
    outer loop
      vertex 115.782 -10.7103 0
      vertex 116.5 -11.2248 3
      vertex 115.782 -10.7103 3
    endloop
  endfacet
  facet normal -0.582469 -0.812853 -0
    outer loop
      vertex 116.5 -11.2248 3
      vertex 115.782 -10.7103 0
      vertex 116.5 -11.2248 0
    endloop
  endfacet
  facet normal -0.99525 -0.0973562 0
    outer loop
      vertex 110.615 -1.7621 0
      vertex 110.529 -0.882942 3
      vertex 110.529 -0.882942 0
    endloop
  endfacet
  facet normal -0.99525 -0.0973562 0
    outer loop
      vertex 110.529 -0.882942 3
      vertex 110.615 -1.7621 0
      vertex 110.615 -1.7621 3
    endloop
  endfacet
  facet normal -0.35219 -0.935929 0
    outer loop
      vertex 118.834 -12.4724 0
      vertex 119.661 -12.7836 3
      vertex 118.834 -12.4724 3
    endloop
  endfacet
  facet normal -0.35219 -0.935929 -0
    outer loop
      vertex 119.661 -12.7836 3
      vertex 118.834 -12.4724 0
      vertex 119.661 -12.7836 0
    endloop
  endfacet
  facet normal -0.773251 -0.6341 0
    outer loop
      vertex 113.85 -8.90117 0
      vertex 113.29 -8.21828 3
      vertex 113.29 -8.21828 0
    endloop
  endfacet
  facet normal -0.773251 -0.6341 0
    outer loop
      vertex 113.29 -8.21828 3
      vertex 113.85 -8.90117 0
      vertex 113.85 -8.90117 3
    endloop
  endfacet
  facet normal -0.471499 0.881867 0
    outer loop
      vertex 118.029 12.1078 0
      vertex 117.25 11.6913 3
      vertex 118.029 12.1078 3
    endloop
  endfacet
  facet normal -0.471499 0.881867 0
    outer loop
      vertex 117.25 11.6913 3
      vertex 118.029 12.1078 0
      vertex 117.25 11.6913 0
    endloop
  endfacet
  facet normal 0.849458 -0.527656 0
    outer loop
      vertex 135.225 -7.5002 3
      vertex 135.691 -6.75 0
      vertex 135.691 -6.75 3
    endloop
  endfacet
  facet normal 0.849458 -0.527656 0
    outer loop
      vertex 135.691 -6.75 0
      vertex 135.225 -7.5002 3
      vertex 135.225 -7.5002 0
    endloop
  endfacet
  facet normal -0.812616 0.5828 0
    outer loop
      vertex 112.775 7.5002 0
      vertex 113.29 8.21828 3
      vertex 113.29 8.21828 0
    endloop
  endfacet
  facet normal -0.812616 0.5828 0
    outer loop
      vertex 113.29 8.21828 3
      vertex 112.775 7.5002 0
      vertex 112.775 7.5002 3
    endloop
  endfacet
  facet normal -0.935602 0.353057 0
    outer loop
      vertex 111.216 4.33943 0
      vertex 111.528 5.16623 3
      vertex 111.528 5.16623 0
    endloop
  endfacet
  facet normal -0.935602 0.353057 0
    outer loop
      vertex 111.528 5.16623 3
      vertex 111.216 4.33943 0
      vertex 111.216 4.33943 3
    endloop
  endfacet
  facet normal 0.911115 0.412152 0
    outer loop
      vertex 136.472 5.16623 3
      vertex 136.108 5.9709 0
      vertex 136.108 5.9709 3
    endloop
  endfacet
  facet normal 0.911115 0.412152 0
    outer loop
      vertex 136.108 5.9709 0
      vertex 136.472 5.16623 3
      vertex 136.472 5.16623 0
    endloop
  endfacet
  facet normal -0.290359 -0.956918 0
    outer loop
      vertex 119.661 -12.7836 0
      vertex 120.506 -13.04 3
      vertex 119.661 -12.7836 3
    endloop
  endfacet
  facet normal -0.290359 -0.956918 -0
    outer loop
      vertex 120.506 -13.04 3
      vertex 119.661 -12.7836 0
      vertex 120.506 -13.04 0
    endloop
  endfacet
  facet normal -0.683443 -0.730004 0
    outer loop
      vertex 114.454 -9.54594 0
      vertex 115.099 -10.1498 3
      vertex 114.454 -9.54594 3
    endloop
  endfacet
  facet normal -0.683443 -0.730004 -0
    outer loop
      vertex 115.099 -10.1498 3
      vertex 114.454 -9.54594 0
      vertex 115.099 -10.1498 0
    endloop
  endfacet
  facet normal 0 0 1
    outer loop
      vertex 126.25 0 3
      vertex 137.5 0 3
      vertex 137.471 0.882942 3
    endloop
  endfacet
  facet normal 0 0 1
    outer loop
      vertex 126.25 0 3
      vertex 137.471 0.882942 3
      vertex 137.385 1.7621 3
    endloop
  endfacet
  facet normal 0 0 1
    outer loop
      vertex 137.5 0 3
      vertex 126.25 0 3
      vertex 137.471 -0.882942 3
    endloop
  endfacet
  facet normal 0 0 1
    outer loop
      vertex 126.207 0.438952 3
      vertex 137.385 1.7621 3
      vertex 137.241 2.63372 3
    endloop
  endfacet
  facet normal 0 0 1
    outer loop
      vertex 137.471 -0.882942 3
      vertex 126.25 0 3
      vertex 137.385 -1.7621 3
    endloop
  endfacet
  facet normal 0 0 1
    outer loop
      vertex 126.207 0.438952 3
      vertex 137.241 2.63372 3
      vertex 137.04 3.49406 3
    endloop
  endfacet
  facet normal -0 0 1
    outer loop
      vertex 126.207 -0.438952 3
      vertex 137.385 -1.7621 3
      vertex 126.25 0 3
    endloop
  endfacet
  facet normal 0 0 1
    outer loop
      vertex 126.207 0.438952 3
      vertex 137.04 3.49406 3
      vertex 136.784 4.33943 3
    endloop
  endfacet
  facet normal 0 0 1
    outer loop
      vertex 137.385 -1.7621 3
      vertex 126.207 -0.438952 3
      vertex 137.241 -2.63372 3
    endloop
  endfacet
  facet normal 0 0 1
    outer loop
      vertex 126.079 0.861037 3
      vertex 136.784 4.33943 3
      vertex 136.472 5.16623 3
    endloop
  endfacet
  facet normal 0 0 1
    outer loop
      vertex 137.241 -2.63372 3
      vertex 126.207 -0.438952 3
      vertex 137.04 -3.49406 3
    endloop
  endfacet
  facet normal 0 0 1
    outer loop
      vertex 126.079 0.861037 3
      vertex 136.472 5.16623 3
      vertex 136.108 5.9709 3
    endloop
  endfacet
  facet normal 0 0 1
    outer loop
      vertex 137.04 -3.49406 3
      vertex 126.207 -0.438952 3
      vertex 136.784 -4.33943 3
    endloop
  endfacet
  facet normal 0 0 1
    outer loop
      vertex 126.079 0.861037 3
      vertex 136.108 5.9709 3
      vertex 135.691 6.75 3
    endloop
  endfacet
  facet normal -0 0 1
    outer loop
      vertex 126.079 -0.861037 3
      vertex 136.784 -4.33943 3
      vertex 126.207 -0.438952 3
    endloop
  endfacet
  facet normal 0 0 1
    outer loop
      vertex 125.871 1.25003 3
      vertex 135.691 6.75 3
      vertex 135.225 7.5002 3
    endloop
  endfacet
  facet normal 0 0 1
    outer loop
      vertex 136.784 -4.33943 3
      vertex 126.079 -0.861037 3
      vertex 136.472 -5.16623 3
    endloop
  endfacet
  facet normal 0 0 1
    outer loop
      vertex 125.871 1.25003 3
      vertex 135.225 7.5002 3
      vertex 134.71 8.21828 3
    endloop
  endfacet
  facet normal 0 0 1
    outer loop
      vertex 136.472 -5.16623 3
      vertex 126.079 -0.861037 3
      vertex 136.108 -5.9709 3
    endloop
  endfacet
  facet normal 0 0 1
    outer loop
      vertex 125.871 1.25003 3
      vertex 134.71 8.21828 3
      vertex 134.15 8.90117 3
    endloop
  endfacet
  facet normal 0 0 1
    outer loop
      vertex 136.108 -5.9709 3
      vertex 126.079 -0.861037 3
      vertex 135.691 -6.75 3
    endloop
  endfacet
  facet normal 0 0 1
    outer loop
      vertex 125.591 1.59099 3
      vertex 134.15 8.90117 3
      vertex 133.546 9.54594 3
    endloop
  endfacet
  facet normal -0 0 1
    outer loop
      vertex 125.871 -1.25003 3
      vertex 135.691 -6.75 3
      vertex 126.079 -0.861037 3
    endloop
  endfacet
  facet normal 0 0 1
    outer loop
      vertex 125.591 1.59099 3
      vertex 133.546 9.54594 3
      vertex 132.901 10.1498 3
    endloop
  endfacet
  facet normal 0 0 1
    outer loop
      vertex 135.691 -6.75 3
      vertex 125.871 -1.25003 3
      vertex 135.225 -7.5002 3
    endloop
  endfacet
  facet normal 0 0 1
    outer loop
      vertex 125.591 1.59099 3
      vertex 132.901 10.1498 3
      vertex 132.218 10.7103 3
    endloop
  endfacet
  facet normal 0 0 1
    outer loop
      vertex 135.225 -7.5002 3
      vertex 125.871 -1.25003 3
      vertex 134.71 -8.21828 3
    endloop
  endfacet
  facet normal 0 0 1
    outer loop
      vertex 125.25 1.87081 3
      vertex 132.218 10.7103 3
      vertex 131.5 11.2248 3
    endloop
  endfacet
  facet normal 0 0 1
    outer loop
      vertex 134.71 -8.21828 3
      vertex 125.871 -1.25003 3
      vertex 134.15 -8.90117 3
    endloop
  endfacet
  facet normal 0 0 1
    outer loop
      vertex 125.25 1.87081 3
      vertex 131.5 11.2248 3
      vertex 130.75 11.6913 3
    endloop
  endfacet
  facet normal -0 0 1
    outer loop
      vertex 125.591 -1.59099 3
      vertex 134.15 -8.90117 3
      vertex 125.871 -1.25003 3
    endloop
  endfacet
  facet normal 0 0 1
    outer loop
      vertex 125.25 1.87081 3
      vertex 130.75 11.6913 3
      vertex 129.971 12.1078 3
    endloop
  endfacet
  facet normal 0 0 1
    outer loop
      vertex 134.15 -8.90117 3
      vertex 125.591 -1.59099 3
      vertex 133.546 -9.54594 3
    endloop
  endfacet
  facet normal 0 0 1
    outer loop
      vertex 124.861 2.07873 3
      vertex 129.971 12.1078 3
      vertex 129.166 12.4724 3
    endloop
  endfacet
  facet normal 0 0 1
    outer loop
      vertex 133.546 -9.54594 3
      vertex 125.591 -1.59099 3
      vertex 132.901 -10.1498 3
    endloop
  endfacet
  facet normal 0 0 1
    outer loop
      vertex 124.861 2.07873 3
      vertex 129.166 12.4724 3
      vertex 128.339 12.7836 3
    endloop
  endfacet
  facet normal 0 0 1
    outer loop
      vertex 132.901 -10.1498 3
      vertex 125.591 -1.59099 3
      vertex 132.218 -10.7103 3
    endloop
  endfacet
  facet normal 0 0 1
    outer loop
      vertex 124.861 2.07873 3
      vertex 128.339 12.7836 3
      vertex 127.494 13.04 3
    endloop
  endfacet
  facet normal -0 0 1
    outer loop
      vertex 125.25 -1.87081 3
      vertex 132.218 -10.7103 3
      vertex 125.591 -1.59099 3
    endloop
  endfacet
  facet normal 0 0 1
    outer loop
      vertex 124.439 2.20677 3
      vertex 127.494 13.04 3
      vertex 126.634 13.2406 3
    endloop
  endfacet
  facet normal 0 0 1
    outer loop
      vertex 132.218 -10.7103 3
      vertex 125.25 -1.87081 3
      vertex 131.5 -11.2248 3
    endloop
  endfacet
  facet normal 0 0 1
    outer loop
      vertex 131.5 -11.2248 3
      vertex 125.25 -1.87081 3
      vertex 130.75 -11.6913 3
    endloop
  endfacet
  facet normal 0 0 1
    outer loop
      vertex 137.385 1.7621 3
      vertex 126.207 0.438952 3
      vertex 126.25 0 3
    endloop
  endfacet
  facet normal 0 0 1
    outer loop
      vertex 136.784 4.33943 3
      vertex 126.079 0.861037 3
      vertex 126.207 0.438952 3
    endloop
  endfacet
  facet normal 0 0 1
    outer loop
      vertex 135.691 6.75 3
      vertex 125.871 1.25003 3
      vertex 126.079 0.861037 3
    endloop
  endfacet
  facet normal 0 0 1
    outer loop
      vertex 124.439 2.20677 3
      vertex 126.634 13.2406 3
      vertex 125.762 13.3845 3
    endloop
  endfacet
  facet normal 0 0 1
    outer loop
      vertex 134.15 8.90117 3
      vertex 125.591 1.59099 3
      vertex 125.871 1.25003 3
    endloop
  endfacet
  facet normal 0 0 1
    outer loop
      vertex 132.218 10.7103 3
      vertex 125.25 1.87081 3
      vertex 125.591 1.59099 3
    endloop
  endfacet
  facet normal 0 0 1
    outer loop
      vertex 124.439 2.20677 3
      vertex 125.762 13.3845 3
      vertex 124.883 13.4711 3
    endloop
  endfacet
  facet normal 0 0 1
    outer loop
      vertex 129.971 12.1078 3
      vertex 124.861 2.07873 3
      vertex 125.25 1.87081 3
    endloop
  endfacet
  facet normal 0 0 1
    outer loop
      vertex 127.494 13.04 3
      vertex 124.439 2.20677 3
      vertex 124.861 2.07873 3
    endloop
  endfacet
  facet normal 0 0 1
    outer loop
      vertex 124 2.25 3
      vertex 124.883 13.4711 3
      vertex 124 13.5 3
    endloop
  endfacet
  facet normal 0 0 1
    outer loop
      vertex 124.883 13.4711 3
      vertex 124 2.25 3
      vertex 124.439 2.20677 3
    endloop
  endfacet
  facet normal -0 0 1
    outer loop
      vertex 123.117 13.4711 3
      vertex 124 2.25 3
      vertex 124 13.5 3
    endloop
  endfacet
  facet normal 0 0 1
    outer loop
      vertex 124 2.25 3
      vertex 123.117 13.4711 3
      vertex 123.561 2.20677 3
    endloop
  endfacet
  facet normal -0 0 1
    outer loop
      vertex 122.238 13.3845 3
      vertex 123.561 2.20677 3
      vertex 123.117 13.4711 3
    endloop
  endfacet
  facet normal -0 0 1
    outer loop
      vertex 121.366 13.2406 3
      vertex 123.561 2.20677 3
      vertex 122.238 13.3845 3
    endloop
  endfacet
  facet normal -0 0 1
    outer loop
      vertex 120.506 13.04 3
      vertex 123.561 2.20677 3
      vertex 121.366 13.2406 3
    endloop
  endfacet
  facet normal 0 0 1
    outer loop
      vertex 123.561 2.20677 3
      vertex 120.506 13.04 3
      vertex 123.139 2.07873 3
    endloop
  endfacet
  facet normal -0 0 1
    outer loop
      vertex 119.661 12.7836 3
      vertex 123.139 2.07873 3
      vertex 120.506 13.04 3
    endloop
  endfacet
  facet normal -0 0 1
    outer loop
      vertex 118.834 12.4724 3
      vertex 123.139 2.07873 3
      vertex 119.661 12.7836 3
    endloop
  endfacet
  facet normal -0 0 1
    outer loop
      vertex 118.029 12.1078 3
      vertex 123.139 2.07873 3
      vertex 118.834 12.4724 3
    endloop
  endfacet
  facet normal 0 0 1
    outer loop
      vertex 123.139 2.07873 3
      vertex 118.029 12.1078 3
      vertex 122.75 1.87081 3
    endloop
  endfacet
  facet normal -0 0 1
    outer loop
      vertex 117.25 11.6913 3
      vertex 122.75 1.87081 3
      vertex 118.029 12.1078 3
    endloop
  endfacet
  facet normal 0 0 1
    outer loop
      vertex 130.75 -11.6913 3
      vertex 125.25 -1.87081 3
      vertex 129.971 -12.1078 3
    endloop
  endfacet
  facet normal -0 0 1
    outer loop
      vertex 124.861 -2.07873 3
      vertex 129.971 -12.1078 3
      vertex 125.25 -1.87081 3
    endloop
  endfacet
  facet normal 0 0 1
    outer loop
      vertex 129.971 -12.1078 3
      vertex 124.861 -2.07873 3
      vertex 129.166 -12.4724 3
    endloop
  endfacet
  facet normal 0 0 1
    outer loop
      vertex 129.166 -12.4724 3
      vertex 124.861 -2.07873 3
      vertex 128.339 -12.7836 3
    endloop
  endfacet
  facet normal 0 0 1
    outer loop
      vertex 128.339 -12.7836 3
      vertex 124.861 -2.07873 3
      vertex 127.494 -13.04 3
    endloop
  endfacet
  facet normal -0 0 1
    outer loop
      vertex 124.439 -2.20677 3
      vertex 127.494 -13.04 3
      vertex 124.861 -2.07873 3
    endloop
  endfacet
  facet normal 0 0 1
    outer loop
      vertex 127.494 -13.04 3
      vertex 124.439 -2.20677 3
      vertex 126.634 -13.2406 3
    endloop
  endfacet
  facet normal 0 0 1
    outer loop
      vertex 126.634 -13.2406 3
      vertex 124.439 -2.20677 3
      vertex 125.762 -13.3845 3
    endloop
  endfacet
  facet normal 0 0 1
    outer loop
      vertex 125.762 -13.3845 3
      vertex 124.439 -2.20677 3
      vertex 124.883 -13.4711 3
    endloop
  endfacet
  facet normal -0 0 1
    outer loop
      vertex 124 -2.25 3
      vertex 124.883 -13.4711 3
      vertex 124.439 -2.20677 3
    endloop
  endfacet
  facet normal 0 0 1
    outer loop
      vertex 124 -2.25 3
      vertex 124 -13.5 3
      vertex 124.883 -13.4711 3
    endloop
  endfacet
  facet normal 0 0 1
    outer loop
      vertex 123.117 -13.4711 3
      vertex 124 -2.25 3
      vertex 123.561 -2.20677 3
    endloop
  endfacet
  facet normal 0 0 1
    outer loop
      vertex 120.506 -13.04 3
      vertex 123.561 -2.20677 3
      vertex 123.139 -2.07873 3
    endloop
  endfacet
  facet normal 0 0 1
    outer loop
      vertex 124 -2.25 3
      vertex 123.117 -13.4711 3
      vertex 124 -13.5 3
    endloop
  endfacet
  facet normal 0 0 1
    outer loop
      vertex 118.029 -12.1078 3
      vertex 123.139 -2.07873 3
      vertex 122.75 -1.87081 3
    endloop
  endfacet
  facet normal 0 0 1
    outer loop
      vertex 115.782 -10.7103 3
      vertex 122.75 -1.87081 3
      vertex 122.409 -1.59099 3
    endloop
  endfacet
  facet normal 0 0 1
    outer loop
      vertex 123.561 -2.20677 3
      vertex 122.238 -13.3845 3
      vertex 123.117 -13.4711 3
    endloop
  endfacet
  facet normal 0 0 1
    outer loop
      vertex 113.85 -8.90117 3
      vertex 122.409 -1.59099 3
      vertex 122.129 -1.25003 3
    endloop
  endfacet
  facet normal 0 0 1
    outer loop
      vertex 112.309 -6.75 3
      vertex 122.129 -1.25003 3
      vertex 121.921 -0.861037 3
    endloop
  endfacet
  facet normal 0 0 1
    outer loop
      vertex 111.216 -4.33943 3
      vertex 121.921 -0.861037 3
      vertex 121.793 -0.438952 3
    endloop
  endfacet
  facet normal 0 0 1
    outer loop
      vertex 110.615 -1.7621 3
      vertex 121.793 -0.438952 3
      vertex 121.75 0 3
    endloop
  endfacet
  facet normal 0 0 1
    outer loop
      vertex 123.561 -2.20677 3
      vertex 121.366 -13.2406 3
      vertex 122.238 -13.3845 3
    endloop
  endfacet
  facet normal -0 0 1
    outer loop
      vertex 116.5 11.2248 3
      vertex 122.75 1.87081 3
      vertex 117.25 11.6913 3
    endloop
  endfacet
  facet normal -0 0 1
    outer loop
      vertex 115.782 10.7103 3
      vertex 122.75 1.87081 3
      vertex 116.5 11.2248 3
    endloop
  endfacet
  facet normal 0 0 1
    outer loop
      vertex 123.561 -2.20677 3
      vertex 120.506 -13.04 3
      vertex 121.366 -13.2406 3
    endloop
  endfacet
  facet normal 0 0 1
    outer loop
      vertex 122.75 1.87081 3
      vertex 115.782 10.7103 3
      vertex 122.409 1.59099 3
    endloop
  endfacet
  facet normal 0 0 1
    outer loop
      vertex 123.139 -2.07873 3
      vertex 119.661 -12.7836 3
      vertex 120.506 -13.04 3
    endloop
  endfacet
  facet normal -0 0 1
    outer loop
      vertex 115.099 10.1498 3
      vertex 122.409 1.59099 3
      vertex 115.782 10.7103 3
    endloop
  endfacet
  facet normal 0 0 1
    outer loop
      vertex 123.139 -2.07873 3
      vertex 118.834 -12.4724 3
      vertex 119.661 -12.7836 3
    endloop
  endfacet
  facet normal -0 0 1
    outer loop
      vertex 114.454 9.54594 3
      vertex 122.409 1.59099 3
      vertex 115.099 10.1498 3
    endloop
  endfacet
  facet normal 0 0 1
    outer loop
      vertex 123.139 -2.07873 3
      vertex 118.029 -12.1078 3
      vertex 118.834 -12.4724 3
    endloop
  endfacet
  facet normal -0 0 1
    outer loop
      vertex 113.85 8.90117 3
      vertex 122.409 1.59099 3
      vertex 114.454 9.54594 3
    endloop
  endfacet
  facet normal 0 0 1
    outer loop
      vertex 122.75 -1.87081 3
      vertex 117.25 -11.6913 3
      vertex 118.029 -12.1078 3
    endloop
  endfacet
  facet normal 0 0 1
    outer loop
      vertex 122.409 1.59099 3
      vertex 113.85 8.90117 3
      vertex 122.129 1.25003 3
    endloop
  endfacet
  facet normal 0 0 1
    outer loop
      vertex 122.75 -1.87081 3
      vertex 116.5 -11.2248 3
      vertex 117.25 -11.6913 3
    endloop
  endfacet
  facet normal -0 0 1
    outer loop
      vertex 113.29 8.21828 3
      vertex 122.129 1.25003 3
      vertex 113.85 8.90117 3
    endloop
  endfacet
  facet normal 0 0 1
    outer loop
      vertex 122.75 -1.87081 3
      vertex 115.782 -10.7103 3
      vertex 116.5 -11.2248 3
    endloop
  endfacet
  facet normal -0 0 1
    outer loop
      vertex 112.775 7.5002 3
      vertex 122.129 1.25003 3
      vertex 113.29 8.21828 3
    endloop
  endfacet
  facet normal 0 0 1
    outer loop
      vertex 122.409 -1.59099 3
      vertex 115.099 -10.1498 3
      vertex 115.782 -10.7103 3
    endloop
  endfacet
  facet normal -0 0 1
    outer loop
      vertex 112.309 6.75 3
      vertex 122.129 1.25003 3
      vertex 112.775 7.5002 3
    endloop
  endfacet
  facet normal 0 0 1
    outer loop
      vertex 122.409 -1.59099 3
      vertex 114.454 -9.54594 3
      vertex 115.099 -10.1498 3
    endloop
  endfacet
  facet normal 0 0 1
    outer loop
      vertex 122.129 1.25003 3
      vertex 112.309 6.75 3
      vertex 121.921 0.861037 3
    endloop
  endfacet
  facet normal 0 0 1
    outer loop
      vertex 122.409 -1.59099 3
      vertex 113.85 -8.90117 3
      vertex 114.454 -9.54594 3
    endloop
  endfacet
  facet normal -0 0 1
    outer loop
      vertex 111.892 5.9709 3
      vertex 121.921 0.861037 3
      vertex 112.309 6.75 3
    endloop
  endfacet
  facet normal 0 0 1
    outer loop
      vertex 122.129 -1.25003 3
      vertex 113.29 -8.21828 3
      vertex 113.85 -8.90117 3
    endloop
  endfacet
  facet normal -0 0 1
    outer loop
      vertex 111.528 5.16623 3
      vertex 121.921 0.861037 3
      vertex 111.892 5.9709 3
    endloop
  endfacet
  facet normal 0 0 1
    outer loop
      vertex 122.129 -1.25003 3
      vertex 112.775 -7.5002 3
      vertex 113.29 -8.21828 3
    endloop
  endfacet
  facet normal -0 0 1
    outer loop
      vertex 111.216 4.33943 3
      vertex 121.921 0.861037 3
      vertex 111.528 5.16623 3
    endloop
  endfacet
  facet normal 0 0 1
    outer loop
      vertex 122.129 -1.25003 3
      vertex 112.309 -6.75 3
      vertex 112.775 -7.5002 3
    endloop
  endfacet
  facet normal 0 0 1
    outer loop
      vertex 121.921 0.861037 3
      vertex 111.216 4.33943 3
      vertex 121.793 0.438952 3
    endloop
  endfacet
  facet normal 0 0 1
    outer loop
      vertex 121.921 -0.861037 3
      vertex 111.892 -5.9709 3
      vertex 112.309 -6.75 3
    endloop
  endfacet
  facet normal -0 0 1
    outer loop
      vertex 110.96 3.49406 3
      vertex 121.793 0.438952 3
      vertex 111.216 4.33943 3
    endloop
  endfacet
  facet normal 0 0 1
    outer loop
      vertex 121.921 -0.861037 3
      vertex 111.528 -5.16623 3
      vertex 111.892 -5.9709 3
    endloop
  endfacet
  facet normal -0 0 1
    outer loop
      vertex 110.759 2.63372 3
      vertex 121.793 0.438952 3
      vertex 110.96 3.49406 3
    endloop
  endfacet
  facet normal 0 0 1
    outer loop
      vertex 121.921 -0.861037 3
      vertex 111.216 -4.33943 3
      vertex 111.528 -5.16623 3
    endloop
  endfacet
  facet normal -0 0 1
    outer loop
      vertex 110.615 1.7621 3
      vertex 121.793 0.438952 3
      vertex 110.759 2.63372 3
    endloop
  endfacet
  facet normal 0 0 1
    outer loop
      vertex 121.793 -0.438952 3
      vertex 110.96 -3.49406 3
      vertex 111.216 -4.33943 3
    endloop
  endfacet
  facet normal 0 0 1
    outer loop
      vertex 121.793 0.438952 3
      vertex 110.615 1.7621 3
      vertex 121.75 0 3
    endloop
  endfacet
  facet normal 0 0 1
    outer loop
      vertex 121.793 -0.438952 3
      vertex 110.759 -2.63372 3
      vertex 110.96 -3.49406 3
    endloop
  endfacet
  facet normal -0 0 1
    outer loop
      vertex 110.529 0.882942 3
      vertex 121.75 0 3
      vertex 110.615 1.7621 3
    endloop
  endfacet
  facet normal 0 0 1
    outer loop
      vertex 121.793 -0.438952 3
      vertex 110.615 -1.7621 3
      vertex 110.759 -2.63372 3
    endloop
  endfacet
  facet normal 0 0 1
    outer loop
      vertex 110.5 0 3
      vertex 121.75 0 3
      vertex 110.529 0.882942 3
    endloop
  endfacet
  facet normal 0 0 1
    outer loop
      vertex 121.75 0 3
      vertex 110.529 -0.882942 3
      vertex 110.615 -1.7621 3
    endloop
  endfacet
  facet normal 0 0 1
    outer loop
      vertex 121.75 0 3
      vertex 110.5 0 3
      vertex 110.529 -0.882942 3
    endloop
  endfacet
  facet normal 0 0 -1
    outer loop
      vertex 126.25 0 0
      vertex 137.5 0 0
      vertex 137.471 -0.882942 0
    endloop
  endfacet
  facet normal 0 0 -1
    outer loop
      vertex 126.25 0 0
      vertex 137.471 -0.882942 0
      vertex 137.385 -1.7621 0
    endloop
  endfacet
  facet normal 0 0 -1
    outer loop
      vertex 137.5 0 0
      vertex 126.25 0 0
      vertex 137.471 0.882942 0
    endloop
  endfacet
  facet normal 0 0 -1
    outer loop
      vertex 126.207 -0.438952 0
      vertex 137.385 -1.7621 0
      vertex 137.241 -2.63372 0
    endloop
  endfacet
  facet normal -0 0 -1
    outer loop
      vertex 137.471 0.882942 0
      vertex 126.25 0 0
      vertex 137.385 1.7621 0
    endloop
  endfacet
  facet normal 0 0 -1
    outer loop
      vertex 126.207 -0.438952 0
      vertex 137.241 -2.63372 0
      vertex 137.04 -3.49406 0
    endloop
  endfacet
  facet normal 0 0 -1
    outer loop
      vertex 126.207 0.438952 0
      vertex 137.385 1.7621 0
      vertex 126.25 0 0
    endloop
  endfacet
  facet normal 0 0 -1
    outer loop
      vertex 126.207 -0.438952 0
      vertex 137.04 -3.49406 0
      vertex 136.784 -4.33943 0
    endloop
  endfacet
  facet normal -0 0 -1
    outer loop
      vertex 137.385 1.7621 0
      vertex 126.207 0.438952 0
      vertex 137.241 2.63372 0
    endloop
  endfacet
  facet normal 0 0 -1
    outer loop
      vertex 126.079 -0.861037 0
      vertex 136.784 -4.33943 0
      vertex 136.472 -5.16623 0
    endloop
  endfacet
  facet normal -0 0 -1
    outer loop
      vertex 137.241 2.63372 0
      vertex 126.207 0.438952 0
      vertex 137.04 3.49406 0
    endloop
  endfacet
  facet normal 0 0 -1
    outer loop
      vertex 126.079 -0.861037 0
      vertex 136.472 -5.16623 0
      vertex 136.108 -5.9709 0
    endloop
  endfacet
  facet normal -0 0 -1
    outer loop
      vertex 137.04 3.49406 0
      vertex 126.207 0.438952 0
      vertex 136.784 4.33943 0
    endloop
  endfacet
  facet normal 0 0 -1
    outer loop
      vertex 126.079 -0.861037 0
      vertex 136.108 -5.9709 0
      vertex 135.691 -6.75 0
    endloop
  endfacet
  facet normal 0 0 -1
    outer loop
      vertex 126.079 0.861037 0
      vertex 136.784 4.33943 0
      vertex 126.207 0.438952 0
    endloop
  endfacet
  facet normal 0 0 -1
    outer loop
      vertex 125.871 -1.25003 0
      vertex 135.691 -6.75 0
      vertex 135.225 -7.5002 0
    endloop
  endfacet
  facet normal -0 0 -1
    outer loop
      vertex 136.784 4.33943 0
      vertex 126.079 0.861037 0
      vertex 136.472 5.16623 0
    endloop
  endfacet
  facet normal 0 0 -1
    outer loop
      vertex 125.871 -1.25003 0
      vertex 135.225 -7.5002 0
      vertex 134.71 -8.21828 0
    endloop
  endfacet
  facet normal -0 0 -1
    outer loop
      vertex 136.472 5.16623 0
      vertex 126.079 0.861037 0
      vertex 136.108 5.9709 0
    endloop
  endfacet
  facet normal 0 0 -1
    outer loop
      vertex 125.871 -1.25003 0
      vertex 134.71 -8.21828 0
      vertex 134.15 -8.90117 0
    endloop
  endfacet
  facet normal -0 0 -1
    outer loop
      vertex 136.108 5.9709 0
      vertex 126.079 0.861037 0
      vertex 135.691 6.75 0
    endloop
  endfacet
  facet normal 0 0 -1
    outer loop
      vertex 125.591 -1.59099 0
      vertex 134.15 -8.90117 0
      vertex 133.546 -9.54594 0
    endloop
  endfacet
  facet normal 0 0 -1
    outer loop
      vertex 125.871 1.25003 0
      vertex 135.691 6.75 0
      vertex 126.079 0.861037 0
    endloop
  endfacet
  facet normal 0 0 -1
    outer loop
      vertex 125.591 -1.59099 0
      vertex 133.546 -9.54594 0
      vertex 132.901 -10.1498 0
    endloop
  endfacet
  facet normal -0 0 -1
    outer loop
      vertex 135.691 6.75 0
      vertex 125.871 1.25003 0
      vertex 135.225 7.5002 0
    endloop
  endfacet
  facet normal 0 0 -1
    outer loop
      vertex 125.591 -1.59099 0
      vertex 132.901 -10.1498 0
      vertex 132.218 -10.7103 0
    endloop
  endfacet
  facet normal -0 0 -1
    outer loop
      vertex 135.225 7.5002 0
      vertex 125.871 1.25003 0
      vertex 134.71 8.21828 0
    endloop
  endfacet
  facet normal 0 0 -1
    outer loop
      vertex 125.25 -1.87081 0
      vertex 132.218 -10.7103 0
      vertex 131.5 -11.2248 0
    endloop
  endfacet
  facet normal -0 0 -1
    outer loop
      vertex 134.71 8.21828 0
      vertex 125.871 1.25003 0
      vertex 134.15 8.90117 0
    endloop
  endfacet
  facet normal 0 0 -1
    outer loop
      vertex 125.25 -1.87081 0
      vertex 131.5 -11.2248 0
      vertex 130.75 -11.6913 0
    endloop
  endfacet
  facet normal 0 0 -1
    outer loop
      vertex 125.591 1.59099 0
      vertex 134.15 8.90117 0
      vertex 125.871 1.25003 0
    endloop
  endfacet
  facet normal 0 0 -1
    outer loop
      vertex 125.25 -1.87081 0
      vertex 130.75 -11.6913 0
      vertex 129.971 -12.1078 0
    endloop
  endfacet
  facet normal -0 0 -1
    outer loop
      vertex 134.15 8.90117 0
      vertex 125.591 1.59099 0
      vertex 133.546 9.54594 0
    endloop
  endfacet
  facet normal 0 0 -1
    outer loop
      vertex 124.861 -2.07873 0
      vertex 129.971 -12.1078 0
      vertex 129.166 -12.4724 0
    endloop
  endfacet
  facet normal -0 0 -1
    outer loop
      vertex 133.546 9.54594 0
      vertex 125.591 1.59099 0
      vertex 132.901 10.1498 0
    endloop
  endfacet
  facet normal 0 0 -1
    outer loop
      vertex 124.861 -2.07873 0
      vertex 129.166 -12.4724 0
      vertex 128.339 -12.7836 0
    endloop
  endfacet
  facet normal -0 0 -1
    outer loop
      vertex 132.901 10.1498 0
      vertex 125.591 1.59099 0
      vertex 132.218 10.7103 0
    endloop
  endfacet
  facet normal 0 0 -1
    outer loop
      vertex 124.861 -2.07873 0
      vertex 128.339 -12.7836 0
      vertex 127.494 -13.04 0
    endloop
  endfacet
  facet normal 0 0 -1
    outer loop
      vertex 125.25 1.87081 0
      vertex 132.218 10.7103 0
      vertex 125.591 1.59099 0
    endloop
  endfacet
  facet normal 0 0 -1
    outer loop
      vertex 124.439 -2.20677 0
      vertex 127.494 -13.04 0
      vertex 126.634 -13.2406 0
    endloop
  endfacet
  facet normal -0 0 -1
    outer loop
      vertex 132.218 10.7103 0
      vertex 125.25 1.87081 0
      vertex 131.5 11.2248 0
    endloop
  endfacet
  facet normal -0 0 -1
    outer loop
      vertex 131.5 11.2248 0
      vertex 125.25 1.87081 0
      vertex 130.75 11.6913 0
    endloop
  endfacet
  facet normal 0 0 -1
    outer loop
      vertex 137.385 -1.7621 0
      vertex 126.207 -0.438952 0
      vertex 126.25 0 0
    endloop
  endfacet
  facet normal 0 0 -1
    outer loop
      vertex 136.784 -4.33943 0
      vertex 126.079 -0.861037 0
      vertex 126.207 -0.438952 0
    endloop
  endfacet
  facet normal 0 0 -1
    outer loop
      vertex 135.691 -6.75 0
      vertex 125.871 -1.25003 0
      vertex 126.079 -0.861037 0
    endloop
  endfacet
  facet normal 0 0 -1
    outer loop
      vertex 124.439 -2.20677 0
      vertex 126.634 -13.2406 0
      vertex 125.762 -13.3845 0
    endloop
  endfacet
  facet normal 0 0 -1
    outer loop
      vertex 134.15 -8.90117 0
      vertex 125.591 -1.59099 0
      vertex 125.871 -1.25003 0
    endloop
  endfacet
  facet normal 0 0 -1
    outer loop
      vertex 132.218 -10.7103 0
      vertex 125.25 -1.87081 0
      vertex 125.591 -1.59099 0
    endloop
  endfacet
  facet normal 0 0 -1
    outer loop
      vertex 124.439 -2.20677 0
      vertex 125.762 -13.3845 0
      vertex 124.883 -13.4711 0
    endloop
  endfacet
  facet normal 0 0 -1
    outer loop
      vertex 129.971 -12.1078 0
      vertex 124.861 -2.07873 0
      vertex 125.25 -1.87081 0
    endloop
  endfacet
  facet normal 0 0 -1
    outer loop
      vertex 127.494 -13.04 0
      vertex 124.439 -2.20677 0
      vertex 124.861 -2.07873 0
    endloop
  endfacet
  facet normal 0 0 -1
    outer loop
      vertex 124 -2.25 0
      vertex 124.883 -13.4711 0
      vertex 124 -13.5 0
    endloop
  endfacet
  facet normal 0 0 -1
    outer loop
      vertex 124.883 -13.4711 0
      vertex 124 -2.25 0
      vertex 124.439 -2.20677 0
    endloop
  endfacet
  facet normal 0 0 -1
    outer loop
      vertex 123.117 -13.4711 0
      vertex 124 -2.25 0
      vertex 124 -13.5 0
    endloop
  endfacet
  facet normal -0 0 -1
    outer loop
      vertex 124 -2.25 0
      vertex 123.117 -13.4711 0
      vertex 123.561 -2.20677 0
    endloop
  endfacet
  facet normal 0 0 -1
    outer loop
      vertex 122.238 -13.3845 0
      vertex 123.561 -2.20677 0
      vertex 123.117 -13.4711 0
    endloop
  endfacet
  facet normal 0 0 -1
    outer loop
      vertex 121.366 -13.2406 0
      vertex 123.561 -2.20677 0
      vertex 122.238 -13.3845 0
    endloop
  endfacet
  facet normal 0 0 -1
    outer loop
      vertex 120.506 -13.04 0
      vertex 123.561 -2.20677 0
      vertex 121.366 -13.2406 0
    endloop
  endfacet
  facet normal -0 0 -1
    outer loop
      vertex 123.561 -2.20677 0
      vertex 120.506 -13.04 0
      vertex 123.139 -2.07873 0
    endloop
  endfacet
  facet normal 0 0 -1
    outer loop
      vertex 119.661 -12.7836 0
      vertex 123.139 -2.07873 0
      vertex 120.506 -13.04 0
    endloop
  endfacet
  facet normal 0 0 -1
    outer loop
      vertex 118.834 -12.4724 0
      vertex 123.139 -2.07873 0
      vertex 119.661 -12.7836 0
    endloop
  endfacet
  facet normal 0 0 -1
    outer loop
      vertex 118.029 -12.1078 0
      vertex 123.139 -2.07873 0
      vertex 118.834 -12.4724 0
    endloop
  endfacet
  facet normal -0 0 -1
    outer loop
      vertex 123.139 -2.07873 0
      vertex 118.029 -12.1078 0
      vertex 122.75 -1.87081 0
    endloop
  endfacet
  facet normal 0 0 -1
    outer loop
      vertex 117.25 -11.6913 0
      vertex 122.75 -1.87081 0
      vertex 118.029 -12.1078 0
    endloop
  endfacet
  facet normal -0 0 -1
    outer loop
      vertex 130.75 11.6913 0
      vertex 125.25 1.87081 0
      vertex 129.971 12.1078 0
    endloop
  endfacet
  facet normal 0 0 -1
    outer loop
      vertex 124.861 2.07873 0
      vertex 129.971 12.1078 0
      vertex 125.25 1.87081 0
    endloop
  endfacet
  facet normal -0 0 -1
    outer loop
      vertex 129.971 12.1078 0
      vertex 124.861 2.07873 0
      vertex 129.166 12.4724 0
    endloop
  endfacet
  facet normal -0 0 -1
    outer loop
      vertex 129.166 12.4724 0
      vertex 124.861 2.07873 0
      vertex 128.339 12.7836 0
    endloop
  endfacet
  facet normal -0 0 -1
    outer loop
      vertex 128.339 12.7836 0
      vertex 124.861 2.07873 0
      vertex 127.494 13.04 0
    endloop
  endfacet
  facet normal 0 0 -1
    outer loop
      vertex 124.439 2.20677 0
      vertex 127.494 13.04 0
      vertex 124.861 2.07873 0
    endloop
  endfacet
  facet normal -0 0 -1
    outer loop
      vertex 127.494 13.04 0
      vertex 124.439 2.20677 0
      vertex 126.634 13.2406 0
    endloop
  endfacet
  facet normal -0 0 -1
    outer loop
      vertex 126.634 13.2406 0
      vertex 124.439 2.20677 0
      vertex 125.762 13.3845 0
    endloop
  endfacet
  facet normal -0 0 -1
    outer loop
      vertex 125.762 13.3845 0
      vertex 124.439 2.20677 0
      vertex 124.883 13.4711 0
    endloop
  endfacet
  facet normal 0 0 -1
    outer loop
      vertex 124 2.25 0
      vertex 124.883 13.4711 0
      vertex 124.439 2.20677 0
    endloop
  endfacet
  facet normal 0 0 -1
    outer loop
      vertex 124 2.25 0
      vertex 124 13.5 0
      vertex 124.883 13.4711 0
    endloop
  endfacet
  facet normal 0 0 -1
    outer loop
      vertex 123.117 13.4711 0
      vertex 124 2.25 0
      vertex 123.561 2.20677 0
    endloop
  endfacet
  facet normal 0 0 -1
    outer loop
      vertex 120.506 13.04 0
      vertex 123.561 2.20677 0
      vertex 123.139 2.07873 0
    endloop
  endfacet
  facet normal 0 0 -1
    outer loop
      vertex 124 2.25 0
      vertex 123.117 13.4711 0
      vertex 124 13.5 0
    endloop
  endfacet
  facet normal 0 0 -1
    outer loop
      vertex 118.029 12.1078 0
      vertex 123.139 2.07873 0
      vertex 122.75 1.87081 0
    endloop
  endfacet
  facet normal 0 0 -1
    outer loop
      vertex 115.782 10.7103 0
      vertex 122.75 1.87081 0
      vertex 122.409 1.59099 0
    endloop
  endfacet
  facet normal 0 0 -1
    outer loop
      vertex 123.561 2.20677 0
      vertex 122.238 13.3845 0
      vertex 123.117 13.4711 0
    endloop
  endfacet
  facet normal 0 0 -1
    outer loop
      vertex 113.85 8.90117 0
      vertex 122.409 1.59099 0
      vertex 122.129 1.25003 0
    endloop
  endfacet
  facet normal 0 0 -1
    outer loop
      vertex 112.309 6.75 0
      vertex 122.129 1.25003 0
      vertex 121.921 0.861037 0
    endloop
  endfacet
  facet normal 0 0 -1
    outer loop
      vertex 111.216 4.33943 0
      vertex 121.921 0.861037 0
      vertex 121.793 0.438952 0
    endloop
  endfacet
  facet normal 0 0 -1
    outer loop
      vertex 110.615 1.7621 0
      vertex 121.793 0.438952 0
      vertex 121.75 0 0
    endloop
  endfacet
  facet normal 0 0 -1
    outer loop
      vertex 123.561 2.20677 0
      vertex 121.366 13.2406 0
      vertex 122.238 13.3845 0
    endloop
  endfacet
  facet normal 0 0 -1
    outer loop
      vertex 116.5 -11.2248 0
      vertex 122.75 -1.87081 0
      vertex 117.25 -11.6913 0
    endloop
  endfacet
  facet normal 0 0 -1
    outer loop
      vertex 115.782 -10.7103 0
      vertex 122.75 -1.87081 0
      vertex 116.5 -11.2248 0
    endloop
  endfacet
  facet normal 0 0 -1
    outer loop
      vertex 123.561 2.20677 0
      vertex 120.506 13.04 0
      vertex 121.366 13.2406 0
    endloop
  endfacet
  facet normal -0 0 -1
    outer loop
      vertex 122.75 -1.87081 0
      vertex 115.782 -10.7103 0
      vertex 122.409 -1.59099 0
    endloop
  endfacet
  facet normal 0 0 -1
    outer loop
      vertex 123.139 2.07873 0
      vertex 119.661 12.7836 0
      vertex 120.506 13.04 0
    endloop
  endfacet
  facet normal 0 0 -1
    outer loop
      vertex 115.099 -10.1498 0
      vertex 122.409 -1.59099 0
      vertex 115.782 -10.7103 0
    endloop
  endfacet
  facet normal 0 0 -1
    outer loop
      vertex 123.139 2.07873 0
      vertex 118.834 12.4724 0
      vertex 119.661 12.7836 0
    endloop
  endfacet
  facet normal 0 0 -1
    outer loop
      vertex 114.454 -9.54594 0
      vertex 122.409 -1.59099 0
      vertex 115.099 -10.1498 0
    endloop
  endfacet
  facet normal 0 0 -1
    outer loop
      vertex 123.139 2.07873 0
      vertex 118.029 12.1078 0
      vertex 118.834 12.4724 0
    endloop
  endfacet
  facet normal 0 0 -1
    outer loop
      vertex 113.85 -8.90117 0
      vertex 122.409 -1.59099 0
      vertex 114.454 -9.54594 0
    endloop
  endfacet
  facet normal 0 0 -1
    outer loop
      vertex 122.75 1.87081 0
      vertex 117.25 11.6913 0
      vertex 118.029 12.1078 0
    endloop
  endfacet
  facet normal -0 0 -1
    outer loop
      vertex 122.409 -1.59099 0
      vertex 113.85 -8.90117 0
      vertex 122.129 -1.25003 0
    endloop
  endfacet
  facet normal 0 0 -1
    outer loop
      vertex 122.75 1.87081 0
      vertex 116.5 11.2248 0
      vertex 117.25 11.6913 0
    endloop
  endfacet
  facet normal 0 0 -1
    outer loop
      vertex 113.29 -8.21828 0
      vertex 122.129 -1.25003 0
      vertex 113.85 -8.90117 0
    endloop
  endfacet
  facet normal 0 0 -1
    outer loop
      vertex 122.75 1.87081 0
      vertex 115.782 10.7103 0
      vertex 116.5 11.2248 0
    endloop
  endfacet
  facet normal 0 0 -1
    outer loop
      vertex 112.775 -7.5002 0
      vertex 122.129 -1.25003 0
      vertex 113.29 -8.21828 0
    endloop
  endfacet
  facet normal 0 0 -1
    outer loop
      vertex 122.409 1.59099 0
      vertex 115.099 10.1498 0
      vertex 115.782 10.7103 0
    endloop
  endfacet
  facet normal 0 0 -1
    outer loop
      vertex 112.309 -6.75 0
      vertex 122.129 -1.25003 0
      vertex 112.775 -7.5002 0
    endloop
  endfacet
  facet normal 0 0 -1
    outer loop
      vertex 122.409 1.59099 0
      vertex 114.454 9.54594 0
      vertex 115.099 10.1498 0
    endloop
  endfacet
  facet normal -0 0 -1
    outer loop
      vertex 122.129 -1.25003 0
      vertex 112.309 -6.75 0
      vertex 121.921 -0.861037 0
    endloop
  endfacet
  facet normal 0 0 -1
    outer loop
      vertex 122.409 1.59099 0
      vertex 113.85 8.90117 0
      vertex 114.454 9.54594 0
    endloop
  endfacet
  facet normal 0 0 -1
    outer loop
      vertex 111.892 -5.9709 0
      vertex 121.921 -0.861037 0
      vertex 112.309 -6.75 0
    endloop
  endfacet
  facet normal 0 0 -1
    outer loop
      vertex 122.129 1.25003 0
      vertex 113.29 8.21828 0
      vertex 113.85 8.90117 0
    endloop
  endfacet
  facet normal 0 0 -1
    outer loop
      vertex 111.528 -5.16623 0
      vertex 121.921 -0.861037 0
      vertex 111.892 -5.9709 0
    endloop
  endfacet
  facet normal 0 0 -1
    outer loop
      vertex 122.129 1.25003 0
      vertex 112.775 7.5002 0
      vertex 113.29 8.21828 0
    endloop
  endfacet
  facet normal 0 0 -1
    outer loop
      vertex 111.216 -4.33943 0
      vertex 121.921 -0.861037 0
      vertex 111.528 -5.16623 0
    endloop
  endfacet
  facet normal 0 0 -1
    outer loop
      vertex 122.129 1.25003 0
      vertex 112.309 6.75 0
      vertex 112.775 7.5002 0
    endloop
  endfacet
  facet normal -0 0 -1
    outer loop
      vertex 121.921 -0.861037 0
      vertex 111.216 -4.33943 0
      vertex 121.793 -0.438952 0
    endloop
  endfacet
  facet normal 0 0 -1
    outer loop
      vertex 121.921 0.861037 0
      vertex 111.892 5.9709 0
      vertex 112.309 6.75 0
    endloop
  endfacet
  facet normal 0 0 -1
    outer loop
      vertex 110.96 -3.49406 0
      vertex 121.793 -0.438952 0
      vertex 111.216 -4.33943 0
    endloop
  endfacet
  facet normal 0 0 -1
    outer loop
      vertex 121.921 0.861037 0
      vertex 111.528 5.16623 0
      vertex 111.892 5.9709 0
    endloop
  endfacet
  facet normal 0 0 -1
    outer loop
      vertex 110.759 -2.63372 0
      vertex 121.793 -0.438952 0
      vertex 110.96 -3.49406 0
    endloop
  endfacet
  facet normal 0 0 -1
    outer loop
      vertex 121.921 0.861037 0
      vertex 111.216 4.33943 0
      vertex 111.528 5.16623 0
    endloop
  endfacet
  facet normal 0 0 -1
    outer loop
      vertex 110.615 -1.7621 0
      vertex 121.793 -0.438952 0
      vertex 110.759 -2.63372 0
    endloop
  endfacet
  facet normal 0 0 -1
    outer loop
      vertex 121.793 0.438952 0
      vertex 110.96 3.49406 0
      vertex 111.216 4.33943 0
    endloop
  endfacet
  facet normal -0 0 -1
    outer loop
      vertex 121.793 -0.438952 0
      vertex 110.615 -1.7621 0
      vertex 121.75 0 0
    endloop
  endfacet
  facet normal 0 0 -1
    outer loop
      vertex 121.793 0.438952 0
      vertex 110.759 2.63372 0
      vertex 110.96 3.49406 0
    endloop
  endfacet
  facet normal 0 0 -1
    outer loop
      vertex 110.529 -0.882942 0
      vertex 121.75 0 0
      vertex 110.615 -1.7621 0
    endloop
  endfacet
  facet normal 0 0 -1
    outer loop
      vertex 121.793 0.438952 0
      vertex 110.615 1.7621 0
      vertex 110.759 2.63372 0
    endloop
  endfacet
  facet normal 0 0 -1
    outer loop
      vertex 110.5 0 0
      vertex 121.75 0 0
      vertex 110.529 -0.882942 0
    endloop
  endfacet
  facet normal 0 0 -1
    outer loop
      vertex 121.75 0 0
      vertex 110.529 0.882942 0
      vertex 110.615 1.7621 0
    endloop
  endfacet
  facet normal 0 0 -1
    outer loop
      vertex 121.75 0 0
      vertex 110.5 0 0
      vertex 110.529 0.882942 0
    endloop
  endfacet
  facet normal -0.99525 0.0973562 0
    outer loop
      vertex 110.529 0.882942 0
      vertex 110.615 1.7621 3
      vertex 110.615 1.7621 0
    endloop
  endfacet
  facet normal -0.99525 0.0973562 0
    outer loop
      vertex 110.615 1.7621 3
      vertex 110.529 0.882942 0
      vertex 110.529 0.882942 3
    endloop
  endfacet
  facet normal -0.881657 -0.471892 0
    outer loop
      vertex 112.309 -6.75 0
      vertex 111.892 -5.9709 3
      vertex 111.892 -5.9709 0
    endloop
  endfacet
  facet normal -0.881657 -0.471892 0
    outer loop
      vertex 111.892 -5.9709 3
      vertex 112.309 -6.75 0
      vertex 112.309 -6.75 3
    endloop
  endfacet
  facet normal -0.999461 0.032827 0
    outer loop
      vertex 110.5 0 0
      vertex 110.529 0.882942 3
      vertex 110.529 0.882942 0
    endloop
  endfacet
  facet normal -0.999461 0.032827 0
    outer loop
      vertex 110.529 0.882942 3
      vertex 110.5 0 0
      vertex 110.5 0 3
    endloop
  endfacet
  facet normal -0.528166 -0.849141 0
    outer loop
      vertex 116.5 -11.2248 0
      vertex 117.25 -11.6913 3
      vertex 116.5 -11.2248 3
    endloop
  endfacet
  facet normal -0.528166 -0.849141 -0
    outer loop
      vertex 117.25 -11.6913 3
      vertex 116.5 -11.2248 0
      vertex 117.25 -11.6913 0
    endloop
  endfacet
  facet normal -0.849458 0.527656 0
    outer loop
      vertex 112.309 6.75 0
      vertex 112.775 7.5002 3
      vertex 112.775 7.5002 0
    endloop
  endfacet
  facet normal -0.849458 0.527656 0
    outer loop
      vertex 112.775 7.5002 3
      vertex 112.309 6.75 0
      vertex 112.309 6.75 3
    endloop
  endfacet
  facet normal -0.412575 -0.910924 0
    outer loop
      vertex 118.029 -12.1078 0
      vertex 118.834 -12.4724 3
      vertex 118.029 -12.1078 3
    endloop
  endfacet
  facet normal -0.412575 -0.910924 -0
    outer loop
      vertex 118.834 -12.4724 3
      vertex 118.029 -12.1078 0
      vertex 118.834 -12.4724 0
    endloop
  endfacet
  facet normal -0.881847 -0.471536 0
    outer loop
      vertex 126.079 0.861037 0
      vertex 125.871 1.25003 3
      vertex 125.871 1.25003 0
    endloop
  endfacet
  facet normal -0.881847 -0.471536 0
    outer loop
      vertex 125.871 1.25003 3
      vertex 126.079 0.861037 0
      vertex 126.079 0.861037 3
    endloop
  endfacet
  facet normal -0.471388 -0.881926 0
    outer loop
      vertex 124.861 2.07873 0
      vertex 125.25 1.87081 3
      vertex 124.861 2.07873 3
    endloop
  endfacet
  facet normal -0.471388 -0.881926 -0
    outer loop
      vertex 125.25 1.87081 3
      vertex 124.861 2.07873 0
      vertex 125.25 1.87081 0
    endloop
  endfacet
  facet normal -0.290342 0.956923 0
    outer loop
      vertex 124.861 -2.07873 0
      vertex 124.439 -2.20677 3
      vertex 124.861 -2.07873 3
    endloop
  endfacet
  facet normal -0.290342 0.956923 0
    outer loop
      vertex 124.439 -2.20677 3
      vertex 124.861 -2.07873 0
      vertex 124.439 -2.20677 0
    endloop
  endfacet
  facet normal -0.995236 -0.0974939 0
    outer loop
      vertex 126.25 0 0
      vertex 126.207 0.438952 3
      vertex 126.207 0.438952 0
    endloop
  endfacet
  facet normal -0.995236 -0.0974939 0
    outer loop
      vertex 126.207 0.438952 3
      vertex 126.25 0 0
      vertex 126.25 0 3
    endloop
  endfacet
  facet normal 0.290342 -0.956923 0
    outer loop
      vertex 123.139 2.07873 0
      vertex 123.561 2.20677 3
      vertex 123.139 2.07873 3
    endloop
  endfacet
  facet normal 0.290342 -0.956923 0
    outer loop
      vertex 123.561 2.20677 3
      vertex 123.139 2.07873 0
      vertex 123.561 2.20677 0
    endloop
  endfacet
  facet normal -0.0979998 0.995186 0
    outer loop
      vertex 124.439 -2.20677 0
      vertex 124 -2.25 3
      vertex 124.439 -2.20677 3
    endloop
  endfacet
  facet normal -0.0979998 0.995186 0
    outer loop
      vertex 124 -2.25 3
      vertex 124.439 -2.20677 0
      vertex 124 -2.25 0
    endloop
  endfacet
  facet normal 0.995236 -0.0974939 0
    outer loop
      vertex 121.75 0 3
      vertex 121.793 0.438952 0
      vertex 121.793 0.438952 3
    endloop
  endfacet
  facet normal 0.995236 -0.0974939 0
    outer loop
      vertex 121.793 0.438952 0
      vertex 121.75 0 3
      vertex 121.75 0 0
    endloop
  endfacet
  facet normal 0.995236 0.0974939 0
    outer loop
      vertex 121.793 -0.438952 3
      vertex 121.75 0 0
      vertex 121.75 0 3
    endloop
  endfacet
  facet normal 0.995236 0.0974939 0
    outer loop
      vertex 121.75 0 0
      vertex 121.793 -0.438952 3
      vertex 121.793 -0.438952 0
    endloop
  endfacet
  facet normal -0.956964 -0.290206 0
    outer loop
      vertex 126.207 0.438952 0
      vertex 126.079 0.861037 3
      vertex 126.079 0.861037 0
    endloop
  endfacet
  facet normal -0.956964 -0.290206 0
    outer loop
      vertex 126.079 0.861037 3
      vertex 126.207 0.438952 0
      vertex 126.207 0.438952 3
    endloop
  endfacet
  facet normal 0.634351 0.773045 -0
    outer loop
      vertex 122.75 -1.87081 0
      vertex 122.409 -1.59099 3
      vertex 122.75 -1.87081 3
    endloop
  endfacet
  facet normal 0.634351 0.773045 0
    outer loop
      vertex 122.409 -1.59099 3
      vertex 122.75 -1.87081 0
      vertex 122.409 -1.59099 0
    endloop
  endfacet
  facet normal 0.0979998 0.995186 -0
    outer loop
      vertex 124 -2.25 0
      vertex 123.561 -2.20677 3
      vertex 124 -2.25 3
    endloop
  endfacet
  facet normal 0.0979998 0.995186 0
    outer loop
      vertex 123.561 -2.20677 3
      vertex 124 -2.25 0
      vertex 123.561 -2.20677 0
    endloop
  endfacet
  facet normal -0.0979998 -0.995186 0
    outer loop
      vertex 124 2.25 0
      vertex 124.439 2.20677 3
      vertex 124 2.25 3
    endloop
  endfacet
  facet normal -0.0979998 -0.995186 -0
    outer loop
      vertex 124.439 2.20677 3
      vertex 124 2.25 0
      vertex 124.439 2.20677 0
    endloop
  endfacet
  facet normal 0.881847 0.471536 0
    outer loop
      vertex 122.129 -1.25003 3
      vertex 121.921 -0.861037 0
      vertex 121.921 -0.861037 3
    endloop
  endfacet
  facet normal 0.881847 0.471536 0
    outer loop
      vertex 121.921 -0.861037 0
      vertex 122.129 -1.25003 3
      vertex 122.129 -1.25003 0
    endloop
  endfacet
  facet normal 0.634351 -0.773045 0
    outer loop
      vertex 122.409 1.59099 0
      vertex 122.75 1.87081 3
      vertex 122.409 1.59099 3
    endloop
  endfacet
  facet normal 0.634351 -0.773045 0
    outer loop
      vertex 122.75 1.87081 3
      vertex 122.409 1.59099 0
      vertex 122.75 1.87081 0
    endloop
  endfacet
  facet normal 0.471388 -0.881926 0
    outer loop
      vertex 122.75 1.87081 0
      vertex 123.139 2.07873 3
      vertex 122.75 1.87081 3
    endloop
  endfacet
  facet normal 0.471388 -0.881926 0
    outer loop
      vertex 123.139 2.07873 3
      vertex 122.75 1.87081 0
      vertex 123.139 2.07873 0
    endloop
  endfacet
  facet normal 0.471388 0.881926 -0
    outer loop
      vertex 123.139 -2.07873 0
      vertex 122.75 -1.87081 3
      vertex 123.139 -2.07873 3
    endloop
  endfacet
  facet normal 0.471388 0.881926 0
    outer loop
      vertex 122.75 -1.87081 3
      vertex 123.139 -2.07873 0
      vertex 122.75 -1.87081 0
    endloop
  endfacet
  facet normal 0.290342 0.956923 -0
    outer loop
      vertex 123.561 -2.20677 0
      vertex 123.139 -2.07873 3
      vertex 123.561 -2.20677 3
    endloop
  endfacet
  facet normal 0.290342 0.956923 0
    outer loop
      vertex 123.139 -2.07873 3
      vertex 123.561 -2.20677 0
      vertex 123.139 -2.07873 0
    endloop
  endfacet
  facet normal -0.772809 -0.634639 0
    outer loop
      vertex 125.871 1.25003 0
      vertex 125.591 1.59099 3
      vertex 125.591 1.59099 0
    endloop
  endfacet
  facet normal -0.772809 -0.634639 0
    outer loop
      vertex 125.591 1.59099 3
      vertex 125.871 1.25003 0
      vertex 125.871 1.25003 3
    endloop
  endfacet
  facet normal -0.881847 0.471536 0
    outer loop
      vertex 125.871 -1.25003 0
      vertex 126.079 -0.861037 3
      vertex 126.079 -0.861037 0
    endloop
  endfacet
  facet normal -0.881847 0.471536 0
    outer loop
      vertex 126.079 -0.861037 3
      vertex 125.871 -1.25003 0
      vertex 125.871 -1.25003 3
    endloop
  endfacet
  facet normal 0.772809 0.634639 0
    outer loop
      vertex 122.409 -1.59099 3
      vertex 122.129 -1.25003 0
      vertex 122.129 -1.25003 3
    endloop
  endfacet
  facet normal 0.772809 0.634639 0
    outer loop
      vertex 122.129 -1.25003 0
      vertex 122.409 -1.59099 3
      vertex 122.409 -1.59099 0
    endloop
  endfacet
  facet normal -0.471388 0.881926 0
    outer loop
      vertex 125.25 -1.87081 0
      vertex 124.861 -2.07873 3
      vertex 125.25 -1.87081 3
    endloop
  endfacet
  facet normal -0.471388 0.881926 0
    outer loop
      vertex 124.861 -2.07873 3
      vertex 125.25 -1.87081 0
      vertex 124.861 -2.07873 0
    endloop
  endfacet
  facet normal -0.634351 -0.773045 0
    outer loop
      vertex 125.25 1.87081 0
      vertex 125.591 1.59099 3
      vertex 125.25 1.87081 3
    endloop
  endfacet
  facet normal -0.634351 -0.773045 -0
    outer loop
      vertex 125.591 1.59099 3
      vertex 125.25 1.87081 0
      vertex 125.591 1.59099 0
    endloop
  endfacet
  facet normal -0.772809 0.634639 0
    outer loop
      vertex 125.591 -1.59099 0
      vertex 125.871 -1.25003 3
      vertex 125.871 -1.25003 0
    endloop
  endfacet
  facet normal -0.772809 0.634639 0
    outer loop
      vertex 125.871 -1.25003 3
      vertex 125.591 -1.59099 0
      vertex 125.591 -1.59099 3
    endloop
  endfacet
  facet normal -0.995236 0.0974939 0
    outer loop
      vertex 126.207 -0.438952 0
      vertex 126.25 0 3
      vertex 126.25 0 0
    endloop
  endfacet
  facet normal -0.995236 0.0974939 0
    outer loop
      vertex 126.25 0 3
      vertex 126.207 -0.438952 0
      vertex 126.207 -0.438952 3
    endloop
  endfacet
  facet normal 0.956964 0.290206 0
    outer loop
      vertex 121.921 -0.861037 3
      vertex 121.793 -0.438952 0
      vertex 121.793 -0.438952 3
    endloop
  endfacet
  facet normal 0.956964 0.290206 0
    outer loop
      vertex 121.793 -0.438952 0
      vertex 121.921 -0.861037 3
      vertex 121.921 -0.861037 0
    endloop
  endfacet
  facet normal 0.0979998 -0.995186 0
    outer loop
      vertex 123.561 2.20677 0
      vertex 124 2.25 3
      vertex 123.561 2.20677 3
    endloop
  endfacet
  facet normal 0.0979998 -0.995186 0
    outer loop
      vertex 124 2.25 3
      vertex 123.561 2.20677 0
      vertex 124 2.25 0
    endloop
  endfacet
  facet normal 0.772809 -0.634639 0
    outer loop
      vertex 122.129 1.25003 3
      vertex 122.409 1.59099 0
      vertex 122.409 1.59099 3
    endloop
  endfacet
  facet normal 0.772809 -0.634639 0
    outer loop
      vertex 122.409 1.59099 0
      vertex 122.129 1.25003 3
      vertex 122.129 1.25003 0
    endloop
  endfacet
  facet normal 0.881847 -0.471536 0
    outer loop
      vertex 121.921 0.861037 3
      vertex 122.129 1.25003 0
      vertex 122.129 1.25003 3
    endloop
  endfacet
  facet normal 0.881847 -0.471536 0
    outer loop
      vertex 122.129 1.25003 0
      vertex 121.921 0.861037 3
      vertex 121.921 0.861037 0
    endloop
  endfacet
  facet normal -0.956964 0.290206 0
    outer loop
      vertex 126.079 -0.861037 0
      vertex 126.207 -0.438952 3
      vertex 126.207 -0.438952 0
    endloop
  endfacet
  facet normal -0.956964 0.290206 0
    outer loop
      vertex 126.207 -0.438952 3
      vertex 126.079 -0.861037 0
      vertex 126.079 -0.861037 3
    endloop
  endfacet
  facet normal -0.634351 0.773045 0
    outer loop
      vertex 125.591 -1.59099 0
      vertex 125.25 -1.87081 3
      vertex 125.591 -1.59099 3
    endloop
  endfacet
  facet normal -0.634351 0.773045 0
    outer loop
      vertex 125.25 -1.87081 3
      vertex 125.591 -1.59099 0
      vertex 125.25 -1.87081 0
    endloop
  endfacet
  facet normal -0.290342 -0.956923 0
    outer loop
      vertex 124.439 2.20677 0
      vertex 124.861 2.07873 3
      vertex 124.439 2.20677 3
    endloop
  endfacet
  facet normal -0.290342 -0.956923 -0
    outer loop
      vertex 124.861 2.07873 3
      vertex 124.439 2.20677 0
      vertex 124.861 2.07873 0
    endloop
  endfacet
  facet normal 0.956964 -0.290206 0
    outer loop
      vertex 121.793 0.438952 3
      vertex 121.921 0.861037 0
      vertex 121.921 0.861037 3
    endloop
  endfacet
  facet normal 0.956964 -0.290206 0
    outer loop
      vertex 121.921 0.861037 0
      vertex 121.793 0.438952 3
      vertex 121.793 0.438952 0
    endloop
  endfacet
  facet normal 0.995184 0.0980243 0
    outer loop
      vertex 13.4711 31.8829 3
      vertex 13.3845 32.7621 0
      vertex 13.3845 32.7621 3
    endloop
  endfacet
  facet normal 0.995184 0.0980243 0
    outer loop
      vertex 13.3845 32.7621 0
      vertex 13.4711 31.8829 3
      vertex 13.4711 31.8829 0
    endloop
  endfacet
  facet normal 0.999465 0.0327155 0
    outer loop
      vertex 13.5 31 3
      vertex 13.4711 31.8829 0
      vertex 13.4711 31.8829 3
    endloop
  endfacet
  facet normal 0.999465 0.0327155 0
    outer loop
      vertex 13.4711 31.8829 0
      vertex 13.5 31 3
      vertex 13.5 31 0
    endloop
  endfacet
  facet normal 0.352264 -0.935901 0
    outer loop
      vertex 4.33943 18.2164 0
      vertex 5.16623 18.5276 3
      vertex 4.33943 18.2164 3
    endloop
  endfacet
  facet normal 0.352264 -0.935901 0
    outer loop
      vertex 5.16623 18.5276 3
      vertex 4.33943 18.2164 0
      vertex 5.16623 18.5276 0
    endloop
  endfacet
  facet normal 0.0980289 0.995184 -0
    outer loop
      vertex 1.7621 44.3845 0
      vertex 0.882942 44.4711 3
      vertex 1.7621 44.3845 3
    endloop
  endfacet
  facet normal 0.0980289 0.995184 0
    outer loop
      vertex 0.882942 44.4711 3
      vertex 1.7621 44.3845 0
      vertex 0.882942 44.4711 0
    endloop
  endfacet
  facet normal -0.935901 -0.352264 0
    outer loop
      vertex -12.4724 25.8338 0
      vertex -12.7836 26.6606 3
      vertex -12.7836 26.6606 0
    endloop
  endfacet
  facet normal -0.935901 -0.352264 0
    outer loop
      vertex -12.7836 26.6606 3
      vertex -12.4724 25.8338 0
      vertex -12.4724 25.8338 3
    endloop
  endfacet
  facet normal -0.16289 -0.986644 0
    outer loop
      vertex -2.63372 17.7594 0
      vertex -1.7621 17.6155 3
      vertex -2.63372 17.7594 3
    endloop
  endfacet
  facet normal -0.16289 -0.986644 -0
    outer loop
      vertex -1.7621 17.6155 3
      vertex -2.63372 17.7594 0
      vertex -1.7621 17.6155 0
    endloop
  endfacet
  facet normal 0.528064 -0.849204 0
    outer loop
      vertex 6.75 19.3087 0
      vertex 7.5002 19.7752 3
      vertex 6.75 19.3087 3
    endloop
  endfacet
  facet normal 0.528064 -0.849204 0
    outer loop
      vertex 7.5002 19.7752 3
      vertex 6.75 19.3087 0
      vertex 7.5002 19.7752 0
    endloop
  endfacet
  facet normal 0.227073 -0.973878 0
    outer loop
      vertex 2.63372 17.7594 0
      vertex 3.49406 17.96 3
      vertex 2.63372 17.7594 3
    endloop
  endfacet
  facet normal 0.227073 -0.973878 0
    outer loop
      vertex 3.49406 17.96 3
      vertex 2.63372 17.7594 0
      vertex 3.49406 17.96 0
    endloop
  endfacet
  facet normal -0.849204 -0.528064 0
    outer loop
      vertex -11.2248 23.4998 0
      vertex -11.6913 24.25 3
      vertex -11.6913 24.25 0
    endloop
  endfacet
  facet normal -0.849204 -0.528064 0
    outer loop
      vertex -11.6913 24.25 3
      vertex -11.2248 23.4998 0
      vertex -11.2248 23.4998 3
    endloop
  endfacet
  facet normal -0.729846 0.683612 0
    outer loop
      vertex -10.1498 39.9012 0
      vertex -9.54594 40.5459 3
      vertex -9.54594 40.5459 0
    endloop
  endfacet
  facet normal -0.729846 0.683612 0
    outer loop
      vertex -9.54594 40.5459 3
      vertex -10.1498 39.9012 0
      vertex -10.1498 39.9012 3
    endloop
  endfacet
  facet normal 0.16289 -0.986644 0
    outer loop
      vertex 1.7621 17.6155 0
      vertex 2.63372 17.7594 3
      vertex 1.7621 17.6155 3
    endloop
  endfacet
  facet normal 0.16289 -0.986644 0
    outer loop
      vertex 2.63372 17.7594 3
      vertex 1.7621 17.6155 0
      vertex 2.63372 17.7594 0
    endloop
  endfacet
  facet normal -0.881892 0.471452 0
    outer loop
      vertex -12.1078 36.9709 0
      vertex -11.6913 37.75 3
      vertex -11.6913 37.75 0
    endloop
  endfacet
  facet normal -0.881892 0.471452 0
    outer loop
      vertex -11.6913 37.75 3
      vertex -12.1078 36.9709 0
      vertex -12.1078 36.9709 3
    endloop
  endfacet
  facet normal 0.973881 0.227058 0
    outer loop
      vertex 13.2406 33.6337 3
      vertex 13.04 34.4941 0
      vertex 13.04 34.4941 3
    endloop
  endfacet
  facet normal 0.973881 0.227058 0
    outer loop
      vertex 13.04 34.4941 0
      vertex 13.2406 33.6337 3
      vertex 13.2406 33.6337 0
    endloop
  endfacet
  facet normal 0.16289 0.986644 -0
    outer loop
      vertex 2.63372 44.2406 0
      vertex 1.7621 44.3845 3
      vertex 2.63372 44.2406 3
    endloop
  endfacet
  facet normal 0.16289 0.986644 0
    outer loop
      vertex 1.7621 44.3845 3
      vertex 2.63372 44.2406 0
      vertex 1.7621 44.3845 0
    endloop
  endfacet
  facet normal 0.986644 -0.162894 0
    outer loop
      vertex 13.2406 28.3663 3
      vertex 13.3845 29.2379 0
      vertex 13.3845 29.2379 3
    endloop
  endfacet
  facet normal 0.986644 -0.162894 0
    outer loop
      vertex 13.3845 29.2379 0
      vertex 13.2406 28.3663 3
      vertex 13.2406 28.3663 0
    endloop
  endfacet
  facet normal 0.582426 0.812884 -0
    outer loop
      vertex 8.21828 41.7103 0
      vertex 7.5002 42.2248 3
      vertex 8.21828 41.7103 3
    endloop
  endfacet
  facet normal 0.582426 0.812884 0
    outer loop
      vertex 7.5002 42.2248 3
      vertex 8.21828 41.7103 0
      vertex 7.5002 42.2248 0
    endloop
  endfacet
  facet normal -0.973881 0.227058 0
    outer loop
      vertex -13.2406 33.6337 0
      vertex -13.04 34.4941 3
      vertex -13.04 34.4941 0
    endloop
  endfacet
  facet normal -0.973881 0.227058 0
    outer loop
      vertex -13.04 34.4941 3
      vertex -13.2406 33.6337 0
      vertex -13.2406 33.6337 3
    endloop
  endfacet
  facet normal 0.471452 -0.881892 0
    outer loop
      vertex 5.9709 18.8922 0
      vertex 6.75 19.3087 3
      vertex 5.9709 18.8922 3
    endloop
  endfacet
  facet normal 0.471452 -0.881892 0
    outer loop
      vertex 6.75 19.3087 3
      vertex 5.9709 18.8922 0
      vertex 6.75 19.3087 0
    endloop
  endfacet
  facet normal -0.412715 0.91086 0
    outer loop
      vertex -5.16623 43.4724 0
      vertex -5.9709 43.1078 3
      vertex -5.16623 43.4724 3
    endloop
  endfacet
  facet normal -0.412715 0.91086 0
    outer loop
      vertex -5.9709 43.1078 3
      vertex -5.16623 43.4724 0
      vertex -5.9709 43.1078 0
    endloop
  endfacet
  facet normal -0.0980289 0.995184 0
    outer loop
      vertex -0.882942 44.4711 0
      vertex -1.7621 44.3845 3
      vertex -0.882942 44.4711 3
    endloop
  endfacet
  facet normal -0.0980289 0.995184 0
    outer loop
      vertex -1.7621 44.3845 3
      vertex -0.882942 44.4711 0
      vertex -1.7621 44.3845 0
    endloop
  endfacet
  facet normal -0.471452 -0.881892 0
    outer loop
      vertex -6.75 19.3087 0
      vertex -5.9709 18.8922 3
      vertex -6.75 19.3087 3
    endloop
  endfacet
  facet normal -0.471452 -0.881892 -0
    outer loop
      vertex -5.9709 18.8922 3
      vertex -6.75 19.3087 0
      vertex -5.9709 18.8922 0
    endloop
  endfacet
  facet normal 0.412715 0.91086 -0
    outer loop
      vertex 5.9709 43.1078 0
      vertex 5.16623 43.4724 3
      vertex 5.9709 43.1078 3
    endloop
  endfacet
  facet normal 0.412715 0.91086 0
    outer loop
      vertex 5.16623 43.4724 3
      vertex 5.9709 43.1078 0
      vertex 5.16623 43.4724 0
    endloop
  endfacet
  facet normal 0.528064 0.849204 -0
    outer loop
      vertex 7.5002 42.2248 0
      vertex 6.75 42.6913 3
      vertex 7.5002 42.2248 3
    endloop
  endfacet
  facet normal 0.528064 0.849204 0
    outer loop
      vertex 6.75 42.6913 3
      vertex 7.5002 42.2248 0
      vertex 6.75 42.6913 0
    endloop
  endfacet
  facet normal 0.032714 -0.999465 0
    outer loop
      vertex 0 17.5 0
      vertex 0.882942 17.5289 3
      vertex 0 17.5 3
    endloop
  endfacet
  facet normal 0.032714 -0.999465 0
    outer loop
      vertex 0.882942 17.5289 3
      vertex 0 17.5 0
      vertex 0.882942 17.5289 0
    endloop
  endfacet
  facet normal 0.956946 -0.290265 0
    outer loop
      vertex 12.7836 26.6606 3
      vertex 13.04 27.5059 0
      vertex 13.04 27.5059 3
    endloop
  endfacet
  facet normal 0.956946 -0.290265 0
    outer loop
      vertex 13.04 27.5059 0
      vertex 12.7836 26.6606 3
      vertex 12.7836 26.6606 0
    endloop
  endfacet
  facet normal 0.471452 0.881892 -0
    outer loop
      vertex 6.75 42.6913 0
      vertex 5.9709 43.1078 3
      vertex 6.75 42.6913 3
    endloop
  endfacet
  facet normal 0.471452 0.881892 0
    outer loop
      vertex 5.9709 43.1078 3
      vertex 6.75 42.6913 0
      vertex 5.9709 43.1078 0
    endloop
  endfacet
  facet normal -0.956946 -0.290265 0
    outer loop
      vertex -12.7836 26.6606 0
      vertex -13.04 27.5059 3
      vertex -13.04 27.5059 0
    endloop
  endfacet
  facet normal -0.956946 -0.290265 0
    outer loop
      vertex -13.04 27.5059 3
      vertex -12.7836 26.6606 0
      vertex -12.7836 26.6606 3
    endloop
  endfacet
  facet normal 0.0980289 -0.995184 0
    outer loop
      vertex 0.882942 17.5289 0
      vertex 1.7621 17.6155 3
      vertex 0.882942 17.5289 3
    endloop
  endfacet
  facet normal 0.0980289 -0.995184 0
    outer loop
      vertex 1.7621 17.6155 3
      vertex 0.882942 17.5289 0
      vertex 1.7621 17.6155 0
    endloop
  endfacet
  facet normal 0.935901 0.352264 0
    outer loop
      vertex 12.7836 35.3394 3
      vertex 12.4724 36.1662 0
      vertex 12.4724 36.1662 3
    endloop
  endfacet
  facet normal 0.935901 0.352264 0
    outer loop
      vertex 12.4724 36.1662 0
      vertex 12.7836 35.3394 3
      vertex 12.7836 35.3394 0
    endloop
  endfacet
  facet normal -0.683597 0.72986 0
    outer loop
      vertex -8.90117 41.1498 0
      vertex -9.54594 40.5459 3
      vertex -8.90117 41.1498 3
    endloop
  endfacet
  facet normal -0.683597 0.72986 0
    outer loop
      vertex -9.54594 40.5459 3
      vertex -8.90117 41.1498 0
      vertex -9.54594 40.5459 0
    endloop
  endfacet
  facet normal -0.290243 0.956953 0
    outer loop
      vertex -3.49406 44.04 0
      vertex -4.33943 43.7836 3
      vertex -3.49406 44.04 3
    endloop
  endfacet
  facet normal -0.290243 0.956953 0
    outer loop
      vertex -4.33943 43.7836 3
      vertex -3.49406 44.04 0
      vertex -4.33943 43.7836 0
    endloop
  endfacet
  facet normal -0.227073 -0.973878 0
    outer loop
      vertex -3.49406 17.96 0
      vertex -2.63372 17.7594 3
      vertex -3.49406 17.96 3
    endloop
  endfacet
  facet normal -0.227073 -0.973878 -0
    outer loop
      vertex -2.63372 17.7594 3
      vertex -3.49406 17.96 0
      vertex -2.63372 17.7594 0
    endloop
  endfacet
  facet normal -0.16289 0.986644 0
    outer loop
      vertex -1.7621 44.3845 0
      vertex -2.63372 44.2406 3
      vertex -1.7621 44.3845 3
    endloop
  endfacet
  facet normal -0.16289 0.986644 0
    outer loop
      vertex -2.63372 44.2406 3
      vertex -1.7621 44.3845 0
      vertex -2.63372 44.2406 0
    endloop
  endfacet
  facet normal 0.772978 0.634433 0
    outer loop
      vertex 10.7103 39.2183 3
      vertex 10.1498 39.9012 0
      vertex 10.1498 39.9012 3
    endloop
  endfacet
  facet normal 0.772978 0.634433 0
    outer loop
      vertex 10.1498 39.9012 0
      vertex 10.7103 39.2183 3
      vertex 10.7103 39.2183 0
    endloop
  endfacet
  facet normal -0.986644 0.162894 0
    outer loop
      vertex -13.3845 32.7621 0
      vertex -13.2406 33.6337 3
      vertex -13.2406 33.6337 0
    endloop
  endfacet
  facet normal -0.986644 0.162894 0
    outer loop
      vertex -13.2406 33.6337 3
      vertex -13.3845 32.7621 0
      vertex -13.3845 32.7621 3
    endloop
  endfacet
  facet normal 0.729846 -0.683612 0
    outer loop
      vertex 9.54594 21.4541 3
      vertex 10.1498 22.0988 0
      vertex 10.1498 22.0988 3
    endloop
  endfacet
  facet normal 0.729846 -0.683612 0
    outer loop
      vertex 10.1498 22.0988 0
      vertex 9.54594 21.4541 3
      vertex 9.54594 21.4541 0
    endloop
  endfacet
  facet normal 0.227073 0.973878 -0
    outer loop
      vertex 3.49406 44.04 0
      vertex 2.63372 44.2406 3
      vertex 3.49406 44.04 3
    endloop
  endfacet
  facet normal 0.227073 0.973878 0
    outer loop
      vertex 2.63372 44.2406 3
      vertex 3.49406 44.04 0
      vertex 2.63372 44.2406 0
    endloop
  endfacet
  facet normal -0.032714 -0.999465 0
    outer loop
      vertex -0.882942 17.5289 0
      vertex 0 17.5 3
      vertex -0.882942 17.5289 3
    endloop
  endfacet
  facet normal -0.032714 -0.999465 -0
    outer loop
      vertex 0 17.5 3
      vertex -0.882942 17.5289 0
      vertex 0 17.5 0
    endloop
  endfacet
  facet normal 0.881892 -0.471452 0
    outer loop
      vertex 11.6913 24.25 3
      vertex 12.1078 25.0291 0
      vertex 12.1078 25.0291 3
    endloop
  endfacet
  facet normal 0.881892 -0.471452 0
    outer loop
      vertex 12.1078 25.0291 0
      vertex 11.6913 24.25 3
      vertex 11.6913 24.25 0
    endloop
  endfacet
  facet normal 0.956946 0.290265 0
    outer loop
      vertex 13.04 34.4941 3
      vertex 12.7836 35.3394 0
      vertex 12.7836 35.3394 3
    endloop
  endfacet
  facet normal 0.956946 0.290265 0
    outer loop
      vertex 12.7836 35.3394 0
      vertex 13.04 34.4941 3
      vertex 13.04 34.4941 0
    endloop
  endfacet
  facet normal 0.729846 0.683612 0
    outer loop
      vertex 10.1498 39.9012 3
      vertex 9.54594 40.5459 0
      vertex 9.54594 40.5459 3
    endloop
  endfacet
  facet normal 0.729846 0.683612 0
    outer loop
      vertex 9.54594 40.5459 0
      vertex 10.1498 39.9012 3
      vertex 10.1498 39.9012 0
    endloop
  endfacet
  facet normal 0.683597 0.72986 -0
    outer loop
      vertex 9.54594 40.5459 0
      vertex 8.90117 41.1498 3
      vertex 9.54594 40.5459 3
    endloop
  endfacet
  facet normal 0.683597 0.72986 0
    outer loop
      vertex 8.90117 41.1498 3
      vertex 9.54594 40.5459 0
      vertex 8.90117 41.1498 0
    endloop
  endfacet
  facet normal -0.582426 0.812884 0
    outer loop
      vertex -7.5002 42.2248 0
      vertex -8.21828 41.7103 3
      vertex -7.5002 42.2248 3
    endloop
  endfacet
  facet normal -0.582426 0.812884 0
    outer loop
      vertex -8.21828 41.7103 3
      vertex -7.5002 42.2248 0
      vertex -8.21828 41.7103 0
    endloop
  endfacet
  facet normal -0.528064 0.849204 0
    outer loop
      vertex -6.75 42.6913 0
      vertex -7.5002 42.2248 3
      vertex -6.75 42.6913 3
    endloop
  endfacet
  facet normal -0.528064 0.849204 0
    outer loop
      vertex -7.5002 42.2248 3
      vertex -6.75 42.6913 0
      vertex -7.5002 42.2248 0
    endloop
  endfacet
  facet normal -0.910866 0.412702 0
    outer loop
      vertex -12.4724 36.1662 0
      vertex -12.1078 36.9709 3
      vertex -12.1078 36.9709 0
    endloop
  endfacet
  facet normal -0.910866 0.412702 0
    outer loop
      vertex -12.1078 36.9709 3
      vertex -12.4724 36.1662 0
      vertex -12.4724 36.1662 3
    endloop
  endfacet
  facet normal 0.290243 -0.956953 0
    outer loop
      vertex 3.49406 17.96 0
      vertex 4.33943 18.2164 3
      vertex 3.49406 17.96 3
    endloop
  endfacet
  facet normal 0.290243 -0.956953 0
    outer loop
      vertex 4.33943 18.2164 3
      vertex 3.49406 17.96 0
      vertex 4.33943 18.2164 0
    endloop
  endfacet
  facet normal 0.849204 0.528064 0
    outer loop
      vertex 11.6913 37.75 3
      vertex 11.2248 38.5002 0
      vertex 11.2248 38.5002 3
    endloop
  endfacet
  facet normal 0.849204 0.528064 0
    outer loop
      vertex 11.2248 38.5002 0
      vertex 11.6913 37.75 3
      vertex 11.6913 37.75 0
    endloop
  endfacet
  facet normal 0.634438 -0.772973 0
    outer loop
      vertex 8.21828 20.2897 0
      vertex 8.90117 20.8502 3
      vertex 8.21828 20.2897 3
    endloop
  endfacet
  facet normal 0.634438 -0.772973 0
    outer loop
      vertex 8.90117 20.8502 3
      vertex 8.21828 20.2897 0
      vertex 8.90117 20.8502 0
    endloop
  endfacet
  facet normal 0.910866 -0.412702 0
    outer loop
      vertex 12.1078 25.0291 3
      vertex 12.4724 25.8338 0
      vertex 12.4724 25.8338 3
    endloop
  endfacet
  facet normal 0.910866 -0.412702 0
    outer loop
      vertex 12.4724 25.8338 0
      vertex 12.1078 25.0291 3
      vertex 12.1078 25.0291 0
    endloop
  endfacet
  facet normal -0.986644 -0.162894 0
    outer loop
      vertex -13.2406 28.3663 0
      vertex -13.3845 29.2379 3
      vertex -13.3845 29.2379 0
    endloop
  endfacet
  facet normal -0.986644 -0.162894 0
    outer loop
      vertex -13.3845 29.2379 3
      vertex -13.2406 28.3663 0
      vertex -13.2406 28.3663 3
    endloop
  endfacet
  facet normal 0.881892 0.471452 0
    outer loop
      vertex 12.1078 36.9709 3
      vertex 11.6913 37.75 0
      vertex 11.6913 37.75 3
    endloop
  endfacet
  facet normal 0.881892 0.471452 0
    outer loop
      vertex 11.6913 37.75 0
      vertex 12.1078 36.9709 3
      vertex 12.1078 36.9709 0
    endloop
  endfacet
  facet normal 0.935901 -0.352264 0
    outer loop
      vertex 12.4724 25.8338 3
      vertex 12.7836 26.6606 0
      vertex 12.7836 26.6606 3
    endloop
  endfacet
  facet normal 0.935901 -0.352264 0
    outer loop
      vertex 12.7836 26.6606 0
      vertex 12.4724 25.8338 3
      vertex 12.4724 25.8338 0
    endloop
  endfacet
  facet normal -0.999465 -0.0327155 0
    outer loop
      vertex -13.4711 30.1171 0
      vertex -13.5 31 3
      vertex -13.5 31 0
    endloop
  endfacet
  facet normal -0.999465 -0.0327155 0
    outer loop
      vertex -13.5 31 3
      vertex -13.4711 30.1171 0
      vertex -13.4711 30.1171 3
    endloop
  endfacet
  facet normal 0.412715 -0.91086 0
    outer loop
      vertex 5.16623 18.5276 0
      vertex 5.9709 18.8922 3
      vertex 5.16623 18.5276 3
    endloop
  endfacet
  facet normal 0.412715 -0.91086 0
    outer loop
      vertex 5.9709 18.8922 3
      vertex 5.16623 18.5276 0
      vertex 5.9709 18.8922 0
    endloop
  endfacet
  facet normal 0.812891 -0.582415 0
    outer loop
      vertex 10.7103 22.7817 3
      vertex 11.2248 23.4998 0
      vertex 11.2248 23.4998 3
    endloop
  endfacet
  facet normal 0.812891 -0.582415 0
    outer loop
      vertex 11.2248 23.4998 0
      vertex 10.7103 22.7817 3
      vertex 10.7103 22.7817 0
    endloop
  endfacet
  facet normal -0.0980289 -0.995184 0
    outer loop
      vertex -1.7621 17.6155 0
      vertex -0.882942 17.5289 3
      vertex -1.7621 17.6155 3
    endloop
  endfacet
  facet normal -0.0980289 -0.995184 -0
    outer loop
      vertex -0.882942 17.5289 3
      vertex -1.7621 17.6155 0
      vertex -0.882942 17.5289 0
    endloop
  endfacet
  facet normal 0.772978 -0.634433 0
    outer loop
      vertex 10.1498 22.0988 3
      vertex 10.7103 22.7817 0
      vertex 10.7103 22.7817 3
    endloop
  endfacet
  facet normal 0.772978 -0.634433 0
    outer loop
      vertex 10.7103 22.7817 0
      vertex 10.1498 22.0988 3
      vertex 10.1498 22.0988 0
    endloop
  endfacet
  facet normal -0.352264 0.935901 0
    outer loop
      vertex -4.33943 43.7836 0
      vertex -5.16623 43.4724 3
      vertex -4.33943 43.7836 3
    endloop
  endfacet
  facet normal -0.352264 0.935901 0
    outer loop
      vertex -5.16623 43.4724 3
      vertex -4.33943 43.7836 0
      vertex -5.16623 43.4724 0
    endloop
  endfacet
  facet normal -0.227073 0.973878 0
    outer loop
      vertex -2.63372 44.2406 0
      vertex -3.49406 44.04 3
      vertex -2.63372 44.2406 3
    endloop
  endfacet
  facet normal -0.227073 0.973878 0
    outer loop
      vertex -3.49406 44.04 3
      vertex -2.63372 44.2406 0
      vertex -3.49406 44.04 0
    endloop
  endfacet
  facet normal 0.582426 -0.812884 0
    outer loop
      vertex 7.5002 19.7752 0
      vertex 8.21828 20.2897 3
      vertex 7.5002 19.7752 3
    endloop
  endfacet
  facet normal 0.582426 -0.812884 0
    outer loop
      vertex 8.21828 20.2897 3
      vertex 7.5002 19.7752 0
      vertex 8.21828 20.2897 0
    endloop
  endfacet
  facet normal -0.973881 -0.227058 0
    outer loop
      vertex -13.04 27.5059 0
      vertex -13.2406 28.3663 3
      vertex -13.2406 28.3663 0
    endloop
  endfacet
  facet normal -0.973881 -0.227058 0
    outer loop
      vertex -13.2406 28.3663 3
      vertex -13.04 27.5059 0
      vertex -13.04 27.5059 3
    endloop
  endfacet
  facet normal -0.812891 -0.582415 0
    outer loop
      vertex -10.7103 22.7817 0
      vertex -11.2248 23.4998 3
      vertex -11.2248 23.4998 0
    endloop
  endfacet
  facet normal -0.812891 -0.582415 0
    outer loop
      vertex -11.2248 23.4998 3
      vertex -10.7103 22.7817 0
      vertex -10.7103 22.7817 3
    endloop
  endfacet
  facet normal -0.634438 -0.772973 0
    outer loop
      vertex -8.90117 20.8502 0
      vertex -8.21828 20.2897 3
      vertex -8.90117 20.8502 3
    endloop
  endfacet
  facet normal -0.634438 -0.772973 -0
    outer loop
      vertex -8.21828 20.2897 3
      vertex -8.90117 20.8502 0
      vertex -8.21828 20.2897 0
    endloop
  endfacet
  facet normal -0.032714 0.999465 0
    outer loop
      vertex 0 44.5 0
      vertex -0.882942 44.4711 3
      vertex 0 44.5 3
    endloop
  endfacet
  facet normal -0.032714 0.999465 0
    outer loop
      vertex -0.882942 44.4711 3
      vertex 0 44.5 0
      vertex -0.882942 44.4711 0
    endloop
  endfacet
  facet normal 0.290243 0.956953 -0
    outer loop
      vertex 4.33943 43.7836 0
      vertex 3.49406 44.04 3
      vertex 4.33943 43.7836 3
    endloop
  endfacet
  facet normal 0.290243 0.956953 0
    outer loop
      vertex 3.49406 44.04 3
      vertex 4.33943 43.7836 0
      vertex 3.49406 44.04 0
    endloop
  endfacet
  facet normal 0.995184 -0.0980243 0
    outer loop
      vertex 13.3845 29.2379 3
      vertex 13.4711 30.1171 0
      vertex 13.4711 30.1171 3
    endloop
  endfacet
  facet normal 0.995184 -0.0980243 0
    outer loop
      vertex 13.4711 30.1171 0
      vertex 13.3845 29.2379 3
      vertex 13.3845 29.2379 0
    endloop
  endfacet
  facet normal 0.999465 -0.0327155 0
    outer loop
      vertex 13.4711 30.1171 3
      vertex 13.5 31 0
      vertex 13.5 31 3
    endloop
  endfacet
  facet normal 0.999465 -0.0327155 0
    outer loop
      vertex 13.5 31 0
      vertex 13.4711 30.1171 3
      vertex 13.4711 30.1171 0
    endloop
  endfacet
  facet normal -0.956946 0.290265 0
    outer loop
      vertex -13.04 34.4941 0
      vertex -12.7836 35.3394 3
      vertex -12.7836 35.3394 0
    endloop
  endfacet
  facet normal -0.956946 0.290265 0
    outer loop
      vertex -12.7836 35.3394 3
      vertex -13.04 34.4941 0
      vertex -13.04 34.4941 3
    endloop
  endfacet
  facet normal -0.772978 0.634433 0
    outer loop
      vertex -10.7103 39.2183 0
      vertex -10.1498 39.9012 3
      vertex -10.1498 39.9012 0
    endloop
  endfacet
  facet normal -0.772978 0.634433 0
    outer loop
      vertex -10.1498 39.9012 3
      vertex -10.7103 39.2183 0
      vertex -10.7103 39.2183 3
    endloop
  endfacet
  facet normal 0.973881 -0.227058 0
    outer loop
      vertex 13.04 27.5059 3
      vertex 13.2406 28.3663 0
      vertex 13.2406 28.3663 3
    endloop
  endfacet
  facet normal 0.973881 -0.227058 0
    outer loop
      vertex 13.2406 28.3663 0
      vertex 13.04 27.5059 3
      vertex 13.04 27.5059 0
    endloop
  endfacet
  facet normal -0.910866 -0.412702 0
    outer loop
      vertex -12.1078 25.0291 0
      vertex -12.4724 25.8338 3
      vertex -12.4724 25.8338 0
    endloop
  endfacet
  facet normal -0.910866 -0.412702 0
    outer loop
      vertex -12.4724 25.8338 3
      vertex -12.1078 25.0291 0
      vertex -12.1078 25.0291 3
    endloop
  endfacet
  facet normal -0.634438 0.772973 0
    outer loop
      vertex -8.21828 41.7103 0
      vertex -8.90117 41.1498 3
      vertex -8.21828 41.7103 3
    endloop
  endfacet
  facet normal -0.634438 0.772973 0
    outer loop
      vertex -8.90117 41.1498 3
      vertex -8.21828 41.7103 0
      vertex -8.90117 41.1498 0
    endloop
  endfacet
  facet normal 0.683597 -0.72986 0
    outer loop
      vertex 8.90117 20.8502 0
      vertex 9.54594 21.4541 3
      vertex 8.90117 20.8502 3
    endloop
  endfacet
  facet normal 0.683597 -0.72986 0
    outer loop
      vertex 9.54594 21.4541 3
      vertex 8.90117 20.8502 0
      vertex 9.54594 21.4541 0
    endloop
  endfacet
  facet normal 0.352264 0.935901 -0
    outer loop
      vertex 5.16623 43.4724 0
      vertex 4.33943 43.7836 3
      vertex 5.16623 43.4724 3
    endloop
  endfacet
  facet normal 0.352264 0.935901 0
    outer loop
      vertex 4.33943 43.7836 3
      vertex 5.16623 43.4724 0
      vertex 4.33943 43.7836 0
    endloop
  endfacet
  facet normal 0.634438 0.772973 -0
    outer loop
      vertex 8.90117 41.1498 0
      vertex 8.21828 41.7103 3
      vertex 8.90117 41.1498 3
    endloop
  endfacet
  facet normal 0.634438 0.772973 0
    outer loop
      vertex 8.21828 41.7103 3
      vertex 8.90117 41.1498 0
      vertex 8.21828 41.7103 0
    endloop
  endfacet
  facet normal 0.812891 0.582415 0
    outer loop
      vertex 11.2248 38.5002 3
      vertex 10.7103 39.2183 0
      vertex 10.7103 39.2183 3
    endloop
  endfacet
  facet normal 0.812891 0.582415 0
    outer loop
      vertex 10.7103 39.2183 0
      vertex 11.2248 38.5002 3
      vertex 11.2248 38.5002 0
    endloop
  endfacet
  facet normal 0.986644 0.162894 0
    outer loop
      vertex 13.3845 32.7621 3
      vertex 13.2406 33.6337 0
      vertex 13.2406 33.6337 3
    endloop
  endfacet
  facet normal 0.986644 0.162894 0
    outer loop
      vertex 13.2406 33.6337 0
      vertex 13.3845 32.7621 3
      vertex 13.3845 32.7621 0
    endloop
  endfacet
  facet normal -0.729846 -0.683612 0
    outer loop
      vertex -9.54594 21.4541 0
      vertex -10.1498 22.0988 3
      vertex -10.1498 22.0988 0
    endloop
  endfacet
  facet normal -0.729846 -0.683612 0
    outer loop
      vertex -10.1498 22.0988 3
      vertex -9.54594 21.4541 0
      vertex -9.54594 21.4541 3
    endloop
  endfacet
  facet normal 0.032714 0.999465 -0
    outer loop
      vertex 0.882942 44.4711 0
      vertex 0 44.5 3
      vertex 0.882942 44.4711 3
    endloop
  endfacet
  facet normal 0.032714 0.999465 0
    outer loop
      vertex 0 44.5 3
      vertex 0.882942 44.4711 0
      vertex 0 44.5 0
    endloop
  endfacet
  facet normal -0.582426 -0.812884 0
    outer loop
      vertex -8.21828 20.2897 0
      vertex -7.5002 19.7752 3
      vertex -8.21828 20.2897 3
    endloop
  endfacet
  facet normal -0.582426 -0.812884 -0
    outer loop
      vertex -7.5002 19.7752 3
      vertex -8.21828 20.2897 0
      vertex -7.5002 19.7752 0
    endloop
  endfacet
  facet normal -0.995184 -0.0980243 0
    outer loop
      vertex -13.3845 29.2379 0
      vertex -13.4711 30.1171 3
      vertex -13.4711 30.1171 0
    endloop
  endfacet
  facet normal -0.995184 -0.0980243 0
    outer loop
      vertex -13.4711 30.1171 3
      vertex -13.3845 29.2379 0
      vertex -13.3845 29.2379 3
    endloop
  endfacet
  facet normal -0.352264 -0.935901 0
    outer loop
      vertex -5.16623 18.5276 0
      vertex -4.33943 18.2164 3
      vertex -5.16623 18.5276 3
    endloop
  endfacet
  facet normal -0.352264 -0.935901 -0
    outer loop
      vertex -4.33943 18.2164 3
      vertex -5.16623 18.5276 0
      vertex -4.33943 18.2164 0
    endloop
  endfacet
  facet normal -0.772978 -0.634433 0
    outer loop
      vertex -10.1498 22.0988 0
      vertex -10.7103 22.7817 3
      vertex -10.7103 22.7817 0
    endloop
  endfacet
  facet normal -0.772978 -0.634433 0
    outer loop
      vertex -10.7103 22.7817 3
      vertex -10.1498 22.0988 0
      vertex -10.1498 22.0988 3
    endloop
  endfacet
  facet normal -0.471452 0.881892 0
    outer loop
      vertex -5.9709 43.1078 0
      vertex -6.75 42.6913 3
      vertex -5.9709 43.1078 3
    endloop
  endfacet
  facet normal -0.471452 0.881892 0
    outer loop
      vertex -6.75 42.6913 3
      vertex -5.9709 43.1078 0
      vertex -6.75 42.6913 0
    endloop
  endfacet
  facet normal 0.849204 -0.528064 0
    outer loop
      vertex 11.2248 23.4998 3
      vertex 11.6913 24.25 0
      vertex 11.6913 24.25 3
    endloop
  endfacet
  facet normal 0.849204 -0.528064 0
    outer loop
      vertex 11.6913 24.25 0
      vertex 11.2248 23.4998 3
      vertex 11.2248 23.4998 0
    endloop
  endfacet
  facet normal -0.812891 0.582415 0
    outer loop
      vertex -11.2248 38.5002 0
      vertex -10.7103 39.2183 3
      vertex -10.7103 39.2183 0
    endloop
  endfacet
  facet normal -0.812891 0.582415 0
    outer loop
      vertex -10.7103 39.2183 3
      vertex -11.2248 38.5002 0
      vertex -11.2248 38.5002 3
    endloop
  endfacet
  facet normal -0.935901 0.352264 0
    outer loop
      vertex -12.7836 35.3394 0
      vertex -12.4724 36.1662 3
      vertex -12.4724 36.1662 0
    endloop
  endfacet
  facet normal -0.935901 0.352264 0
    outer loop
      vertex -12.4724 36.1662 3
      vertex -12.7836 35.3394 0
      vertex -12.7836 35.3394 3
    endloop
  endfacet
  facet normal 0.910866 0.412702 0
    outer loop
      vertex 12.4724 36.1662 3
      vertex 12.1078 36.9709 0
      vertex 12.1078 36.9709 3
    endloop
  endfacet
  facet normal 0.910866 0.412702 0
    outer loop
      vertex 12.1078 36.9709 0
      vertex 12.4724 36.1662 3
      vertex 12.4724 36.1662 0
    endloop
  endfacet
  facet normal -0.290243 -0.956953 0
    outer loop
      vertex -4.33943 18.2164 0
      vertex -3.49406 17.96 3
      vertex -4.33943 18.2164 3
    endloop
  endfacet
  facet normal -0.290243 -0.956953 -0
    outer loop
      vertex -3.49406 17.96 3
      vertex -4.33943 18.2164 0
      vertex -3.49406 17.96 0
    endloop
  endfacet
  facet normal -0.683597 -0.72986 0
    outer loop
      vertex -9.54594 21.4541 0
      vertex -8.90117 20.8502 3
      vertex -9.54594 21.4541 3
    endloop
  endfacet
  facet normal -0.683597 -0.72986 -0
    outer loop
      vertex -8.90117 20.8502 3
      vertex -9.54594 21.4541 0
      vertex -8.90117 20.8502 0
    endloop
  endfacet
  facet normal 0 0 1
    outer loop
      vertex 2.25 31 3
      vertex 13.5 31 3
      vertex 13.4711 31.8829 3
    endloop
  endfacet
  facet normal 0 0 1
    outer loop
      vertex 2.25 31 3
      vertex 13.4711 31.8829 3
      vertex 13.3845 32.7621 3
    endloop
  endfacet
  facet normal 0 0 1
    outer loop
      vertex 13.5 31 3
      vertex 2.25 31 3
      vertex 13.4711 30.1171 3
    endloop
  endfacet
  facet normal 0 0 1
    outer loop
      vertex 2.20677 31.439 3
      vertex 13.3845 32.7621 3
      vertex 13.2406 33.6337 3
    endloop
  endfacet
  facet normal 0 0 1
    outer loop
      vertex 13.4711 30.1171 3
      vertex 2.25 31 3
      vertex 13.3845 29.2379 3
    endloop
  endfacet
  facet normal 0 0 1
    outer loop
      vertex 2.20677 31.439 3
      vertex 13.2406 33.6337 3
      vertex 13.04 34.4941 3
    endloop
  endfacet
  facet normal -0 0 1
    outer loop
      vertex 2.20677 30.561 3
      vertex 13.3845 29.2379 3
      vertex 2.25 31 3
    endloop
  endfacet
  facet normal 0 0 1
    outer loop
      vertex 2.20677 31.439 3
      vertex 13.04 34.4941 3
      vertex 12.7836 35.3394 3
    endloop
  endfacet
  facet normal 0 0 1
    outer loop
      vertex 13.3845 29.2379 3
      vertex 2.20677 30.561 3
      vertex 13.2406 28.3663 3
    endloop
  endfacet
  facet normal 0 0 1
    outer loop
      vertex 2.07873 31.861 3
      vertex 12.7836 35.3394 3
      vertex 12.4724 36.1662 3
    endloop
  endfacet
  facet normal 0 0 1
    outer loop
      vertex 13.2406 28.3663 3
      vertex 2.20677 30.561 3
      vertex 13.04 27.5059 3
    endloop
  endfacet
  facet normal 0 0 1
    outer loop
      vertex 2.07873 31.861 3
      vertex 12.4724 36.1662 3
      vertex 12.1078 36.9709 3
    endloop
  endfacet
  facet normal 0 0 1
    outer loop
      vertex 13.04 27.5059 3
      vertex 2.20677 30.561 3
      vertex 12.7836 26.6606 3
    endloop
  endfacet
  facet normal 0 0 1
    outer loop
      vertex 2.07873 31.861 3
      vertex 12.1078 36.9709 3
      vertex 11.6913 37.75 3
    endloop
  endfacet
  facet normal -0 0 1
    outer loop
      vertex 2.07873 30.139 3
      vertex 12.7836 26.6606 3
      vertex 2.20677 30.561 3
    endloop
  endfacet
  facet normal 0 0 1
    outer loop
      vertex 1.87081 32.25 3
      vertex 11.6913 37.75 3
      vertex 11.2248 38.5002 3
    endloop
  endfacet
  facet normal 0 0 1
    outer loop
      vertex 12.7836 26.6606 3
      vertex 2.07873 30.139 3
      vertex 12.4724 25.8338 3
    endloop
  endfacet
  facet normal 0 0 1
    outer loop
      vertex 1.87081 32.25 3
      vertex 11.2248 38.5002 3
      vertex 10.7103 39.2183 3
    endloop
  endfacet
  facet normal 0 0 1
    outer loop
      vertex 12.4724 25.8338 3
      vertex 2.07873 30.139 3
      vertex 12.1078 25.0291 3
    endloop
  endfacet
  facet normal 0 0 1
    outer loop
      vertex 1.87081 32.25 3
      vertex 10.7103 39.2183 3
      vertex 10.1498 39.9012 3
    endloop
  endfacet
  facet normal 0 0 1
    outer loop
      vertex 12.1078 25.0291 3
      vertex 2.07873 30.139 3
      vertex 11.6913 24.25 3
    endloop
  endfacet
  facet normal 0 0 1
    outer loop
      vertex 1.59099 32.591 3
      vertex 10.1498 39.9012 3
      vertex 9.54594 40.5459 3
    endloop
  endfacet
  facet normal -0 0 1
    outer loop
      vertex 1.87081 29.75 3
      vertex 11.6913 24.25 3
      vertex 2.07873 30.139 3
    endloop
  endfacet
  facet normal 0 0 1
    outer loop
      vertex 1.59099 32.591 3
      vertex 9.54594 40.5459 3
      vertex 8.90117 41.1498 3
    endloop
  endfacet
  facet normal 0 0 1
    outer loop
      vertex 11.6913 24.25 3
      vertex 1.87081 29.75 3
      vertex 11.2248 23.4998 3
    endloop
  endfacet
  facet normal 0 0 1
    outer loop
      vertex 1.59099 32.591 3
      vertex 8.90117 41.1498 3
      vertex 8.21828 41.7103 3
    endloop
  endfacet
  facet normal 0 0 1
    outer loop
      vertex 11.2248 23.4998 3
      vertex 1.87081 29.75 3
      vertex 10.7103 22.7817 3
    endloop
  endfacet
  facet normal 0 0 1
    outer loop
      vertex 1.25003 32.8708 3
      vertex 8.21828 41.7103 3
      vertex 7.5002 42.2248 3
    endloop
  endfacet
  facet normal 0 0 1
    outer loop
      vertex 10.7103 22.7817 3
      vertex 1.87081 29.75 3
      vertex 10.1498 22.0988 3
    endloop
  endfacet
  facet normal 0 0 1
    outer loop
      vertex 1.25003 32.8708 3
      vertex 7.5002 42.2248 3
      vertex 6.75 42.6913 3
    endloop
  endfacet
  facet normal -0 0 1
    outer loop
      vertex 1.59099 29.409 3
      vertex 10.1498 22.0988 3
      vertex 1.87081 29.75 3
    endloop
  endfacet
  facet normal 0 0 1
    outer loop
      vertex 1.25003 32.8708 3
      vertex 6.75 42.6913 3
      vertex 5.9709 43.1078 3
    endloop
  endfacet
  facet normal 0 0 1
    outer loop
      vertex 10.1498 22.0988 3
      vertex 1.59099 29.409 3
      vertex 9.54594 21.4541 3
    endloop
  endfacet
  facet normal 0 0 1
    outer loop
      vertex 0.861037 33.0787 3
      vertex 5.9709 43.1078 3
      vertex 5.16623 43.4724 3
    endloop
  endfacet
  facet normal 0 0 1
    outer loop
      vertex 9.54594 21.4541 3
      vertex 1.59099 29.409 3
      vertex 8.90117 20.8502 3
    endloop
  endfacet
  facet normal 0 0 1
    outer loop
      vertex 0.861037 33.0787 3
      vertex 5.16623 43.4724 3
      vertex 4.33943 43.7836 3
    endloop
  endfacet
  facet normal 0 0 1
    outer loop
      vertex 8.90117 20.8502 3
      vertex 1.59099 29.409 3
      vertex 8.21828 20.2897 3
    endloop
  endfacet
  facet normal 0 0 1
    outer loop
      vertex 0.861037 33.0787 3
      vertex 4.33943 43.7836 3
      vertex 3.49406 44.04 3
    endloop
  endfacet
  facet normal -0 0 1
    outer loop
      vertex 1.25003 29.1292 3
      vertex 8.21828 20.2897 3
      vertex 1.59099 29.409 3
    endloop
  endfacet
  facet normal 0 0 1
    outer loop
      vertex 0.438952 33.2068 3
      vertex 3.49406 44.04 3
      vertex 2.63372 44.2406 3
    endloop
  endfacet
  facet normal 0 0 1
    outer loop
      vertex 8.21828 20.2897 3
      vertex 1.25003 29.1292 3
      vertex 7.5002 19.7752 3
    endloop
  endfacet
  facet normal 0 0 1
    outer loop
      vertex 7.5002 19.7752 3
      vertex 1.25003 29.1292 3
      vertex 6.75 19.3087 3
    endloop
  endfacet
  facet normal 0 0 1
    outer loop
      vertex 13.3845 32.7621 3
      vertex 2.20677 31.439 3
      vertex 2.25 31 3
    endloop
  endfacet
  facet normal 0 0 1
    outer loop
      vertex 12.7836 35.3394 3
      vertex 2.07873 31.861 3
      vertex 2.20677 31.439 3
    endloop
  endfacet
  facet normal 0 0 1
    outer loop
      vertex 11.6913 37.75 3
      vertex 1.87081 32.25 3
      vertex 2.07873 31.861 3
    endloop
  endfacet
  facet normal 0 0 1
    outer loop
      vertex 0.438952 33.2068 3
      vertex 2.63372 44.2406 3
      vertex 1.7621 44.3845 3
    endloop
  endfacet
  facet normal 0 0 1
    outer loop
      vertex 10.1498 39.9012 3
      vertex 1.59099 32.591 3
      vertex 1.87081 32.25 3
    endloop
  endfacet
  facet normal 0 0 1
    outer loop
      vertex 8.21828 41.7103 3
      vertex 1.25003 32.8708 3
      vertex 1.59099 32.591 3
    endloop
  endfacet
  facet normal 0 0 1
    outer loop
      vertex 0.438952 33.2068 3
      vertex 1.7621 44.3845 3
      vertex 0.882942 44.4711 3
    endloop
  endfacet
  facet normal 0 0 1
    outer loop
      vertex 5.9709 43.1078 3
      vertex 0.861037 33.0787 3
      vertex 1.25003 32.8708 3
    endloop
  endfacet
  facet normal 0 0 1
    outer loop
      vertex 3.49406 44.04 3
      vertex 0.438952 33.2068 3
      vertex 0.861037 33.0787 3
    endloop
  endfacet
  facet normal 0 0 1
    outer loop
      vertex 0 33.25 3
      vertex 0.882942 44.4711 3
      vertex 0 44.5 3
    endloop
  endfacet
  facet normal 0 0 1
    outer loop
      vertex 0.882942 44.4711 3
      vertex 0 33.25 3
      vertex 0.438952 33.2068 3
    endloop
  endfacet
  facet normal -0 0 1
    outer loop
      vertex -0.882942 44.4711 3
      vertex 0 33.25 3
      vertex 0 44.5 3
    endloop
  endfacet
  facet normal 0 0 1
    outer loop
      vertex 0 33.25 3
      vertex -0.882942 44.4711 3
      vertex -0.438952 33.2068 3
    endloop
  endfacet
  facet normal -0 0 1
    outer loop
      vertex -1.7621 44.3845 3
      vertex -0.438952 33.2068 3
      vertex -0.882942 44.4711 3
    endloop
  endfacet
  facet normal -0 0 1
    outer loop
      vertex -2.63372 44.2406 3
      vertex -0.438952 33.2068 3
      vertex -1.7621 44.3845 3
    endloop
  endfacet
  facet normal -0 0 1
    outer loop
      vertex -3.49406 44.04 3
      vertex -0.438952 33.2068 3
      vertex -2.63372 44.2406 3
    endloop
  endfacet
  facet normal 0 0 1
    outer loop
      vertex -0.438952 33.2068 3
      vertex -3.49406 44.04 3
      vertex -0.861037 33.0787 3
    endloop
  endfacet
  facet normal -0 0 1
    outer loop
      vertex -4.33943 43.7836 3
      vertex -0.861037 33.0787 3
      vertex -3.49406 44.04 3
    endloop
  endfacet
  facet normal -0 0 1
    outer loop
      vertex -5.16623 43.4724 3
      vertex -0.861037 33.0787 3
      vertex -4.33943 43.7836 3
    endloop
  endfacet
  facet normal -0 0 1
    outer loop
      vertex -5.9709 43.1078 3
      vertex -0.861037 33.0787 3
      vertex -5.16623 43.4724 3
    endloop
  endfacet
  facet normal 0 0 1
    outer loop
      vertex -0.861037 33.0787 3
      vertex -5.9709 43.1078 3
      vertex -1.25003 32.8708 3
    endloop
  endfacet
  facet normal -0 0 1
    outer loop
      vertex -6.75 42.6913 3
      vertex -1.25003 32.8708 3
      vertex -5.9709 43.1078 3
    endloop
  endfacet
  facet normal 0 0 1
    outer loop
      vertex 6.75 19.3087 3
      vertex 1.25003 29.1292 3
      vertex 5.9709 18.8922 3
    endloop
  endfacet
  facet normal -0 0 1
    outer loop
      vertex 0.861037 28.9213 3
      vertex 5.9709 18.8922 3
      vertex 1.25003 29.1292 3
    endloop
  endfacet
  facet normal 0 0 1
    outer loop
      vertex 5.9709 18.8922 3
      vertex 0.861037 28.9213 3
      vertex 5.16623 18.5276 3
    endloop
  endfacet
  facet normal 0 0 1
    outer loop
      vertex 5.16623 18.5276 3
      vertex 0.861037 28.9213 3
      vertex 4.33943 18.2164 3
    endloop
  endfacet
  facet normal 0 0 1
    outer loop
      vertex 4.33943 18.2164 3
      vertex 0.861037 28.9213 3
      vertex 3.49406 17.96 3
    endloop
  endfacet
  facet normal -0 0 1
    outer loop
      vertex 0.438952 28.7932 3
      vertex 3.49406 17.96 3
      vertex 0.861037 28.9213 3
    endloop
  endfacet
  facet normal 0 0 1
    outer loop
      vertex 3.49406 17.96 3
      vertex 0.438952 28.7932 3
      vertex 2.63372 17.7594 3
    endloop
  endfacet
  facet normal 0 0 1
    outer loop
      vertex 2.63372 17.7594 3
      vertex 0.438952 28.7932 3
      vertex 1.7621 17.6155 3
    endloop
  endfacet
  facet normal 0 0 1
    outer loop
      vertex 1.7621 17.6155 3
      vertex 0.438952 28.7932 3
      vertex 0.882942 17.5289 3
    endloop
  endfacet
  facet normal -0 0 1
    outer loop
      vertex 0 28.75 3
      vertex 0.882942 17.5289 3
      vertex 0.438952 28.7932 3
    endloop
  endfacet
  facet normal 0 0 1
    outer loop
      vertex 0 28.75 3
      vertex 0 17.5 3
      vertex 0.882942 17.5289 3
    endloop
  endfacet
  facet normal 0 0 1
    outer loop
      vertex -0.882942 17.5289 3
      vertex 0 28.75 3
      vertex -0.438952 28.7932 3
    endloop
  endfacet
  facet normal 0 0 1
    outer loop
      vertex -3.49406 17.96 3
      vertex -0.438952 28.7932 3
      vertex -0.861037 28.9213 3
    endloop
  endfacet
  facet normal 0 0 1
    outer loop
      vertex 0 28.75 3
      vertex -0.882942 17.5289 3
      vertex 0 17.5 3
    endloop
  endfacet
  facet normal 0 0 1
    outer loop
      vertex -5.9709 18.8922 3
      vertex -0.861037 28.9213 3
      vertex -1.25003 29.1292 3
    endloop
  endfacet
  facet normal 0 0 1
    outer loop
      vertex -8.21828 20.2897 3
      vertex -1.25003 29.1292 3
      vertex -1.59099 29.409 3
    endloop
  endfacet
  facet normal 0 0 1
    outer loop
      vertex -0.438952 28.7932 3
      vertex -1.7621 17.6155 3
      vertex -0.882942 17.5289 3
    endloop
  endfacet
  facet normal 0 0 1
    outer loop
      vertex -10.1498 22.0988 3
      vertex -1.59099 29.409 3
      vertex -1.87081 29.75 3
    endloop
  endfacet
  facet normal 0 0 1
    outer loop
      vertex -11.6913 24.25 3
      vertex -1.87081 29.75 3
      vertex -2.07873 30.139 3
    endloop
  endfacet
  facet normal 0 0 1
    outer loop
      vertex -12.7836 26.6606 3
      vertex -2.07873 30.139 3
      vertex -2.20677 30.561 3
    endloop
  endfacet
  facet normal 0 0 1
    outer loop
      vertex -13.3845 29.2379 3
      vertex -2.20677 30.561 3
      vertex -2.25 31 3
    endloop
  endfacet
  facet normal 0 0 1
    outer loop
      vertex -0.438952 28.7932 3
      vertex -2.63372 17.7594 3
      vertex -1.7621 17.6155 3
    endloop
  endfacet
  facet normal -0 0 1
    outer loop
      vertex -7.5002 42.2248 3
      vertex -1.25003 32.8708 3
      vertex -6.75 42.6913 3
    endloop
  endfacet
  facet normal -0 0 1
    outer loop
      vertex -8.21828 41.7103 3
      vertex -1.25003 32.8708 3
      vertex -7.5002 42.2248 3
    endloop
  endfacet
  facet normal 0 0 1
    outer loop
      vertex -0.438952 28.7932 3
      vertex -3.49406 17.96 3
      vertex -2.63372 17.7594 3
    endloop
  endfacet
  facet normal 0 0 1
    outer loop
      vertex -1.25003 32.8708 3
      vertex -8.21828 41.7103 3
      vertex -1.59099 32.591 3
    endloop
  endfacet
  facet normal 0 0 1
    outer loop
      vertex -0.861037 28.9213 3
      vertex -4.33943 18.2164 3
      vertex -3.49406 17.96 3
    endloop
  endfacet
  facet normal -0 0 1
    outer loop
      vertex -8.90117 41.1498 3
      vertex -1.59099 32.591 3
      vertex -8.21828 41.7103 3
    endloop
  endfacet
  facet normal 0 0 1
    outer loop
      vertex -0.861037 28.9213 3
      vertex -5.16623 18.5276 3
      vertex -4.33943 18.2164 3
    endloop
  endfacet
  facet normal -0 0 1
    outer loop
      vertex -9.54594 40.5459 3
      vertex -1.59099 32.591 3
      vertex -8.90117 41.1498 3
    endloop
  endfacet
  facet normal 0 0 1
    outer loop
      vertex -0.861037 28.9213 3
      vertex -5.9709 18.8922 3
      vertex -5.16623 18.5276 3
    endloop
  endfacet
  facet normal -0 0 1
    outer loop
      vertex -10.1498 39.9012 3
      vertex -1.59099 32.591 3
      vertex -9.54594 40.5459 3
    endloop
  endfacet
  facet normal 0 0 1
    outer loop
      vertex -1.25003 29.1292 3
      vertex -6.75 19.3087 3
      vertex -5.9709 18.8922 3
    endloop
  endfacet
  facet normal 0 0 1
    outer loop
      vertex -1.59099 32.591 3
      vertex -10.1498 39.9012 3
      vertex -1.87081 32.25 3
    endloop
  endfacet
  facet normal 0 0 1
    outer loop
      vertex -1.25003 29.1292 3
      vertex -7.5002 19.7752 3
      vertex -6.75 19.3087 3
    endloop
  endfacet
  facet normal -0 0 1
    outer loop
      vertex -10.7103 39.2183 3
      vertex -1.87081 32.25 3
      vertex -10.1498 39.9012 3
    endloop
  endfacet
  facet normal 0 0 1
    outer loop
      vertex -1.25003 29.1292 3
      vertex -8.21828 20.2897 3
      vertex -7.5002 19.7752 3
    endloop
  endfacet
  facet normal -0 0 1
    outer loop
      vertex -11.2248 38.5002 3
      vertex -1.87081 32.25 3
      vertex -10.7103 39.2183 3
    endloop
  endfacet
  facet normal 0 0 1
    outer loop
      vertex -1.59099 29.409 3
      vertex -8.90117 20.8502 3
      vertex -8.21828 20.2897 3
    endloop
  endfacet
  facet normal -0 0 1
    outer loop
      vertex -11.6913 37.75 3
      vertex -1.87081 32.25 3
      vertex -11.2248 38.5002 3
    endloop
  endfacet
  facet normal 0 0 1
    outer loop
      vertex -1.59099 29.409 3
      vertex -9.54594 21.4541 3
      vertex -8.90117 20.8502 3
    endloop
  endfacet
  facet normal 0 0 1
    outer loop
      vertex -1.87081 32.25 3
      vertex -11.6913 37.75 3
      vertex -2.07873 31.861 3
    endloop
  endfacet
  facet normal 0 0 1
    outer loop
      vertex -1.59099 29.409 3
      vertex -10.1498 22.0988 3
      vertex -9.54594 21.4541 3
    endloop
  endfacet
  facet normal -0 0 1
    outer loop
      vertex -12.1078 36.9709 3
      vertex -2.07873 31.861 3
      vertex -11.6913 37.75 3
    endloop
  endfacet
  facet normal 0 0 1
    outer loop
      vertex -1.87081 29.75 3
      vertex -10.7103 22.7817 3
      vertex -10.1498 22.0988 3
    endloop
  endfacet
  facet normal -0 0 1
    outer loop
      vertex -12.4724 36.1662 3
      vertex -2.07873 31.861 3
      vertex -12.1078 36.9709 3
    endloop
  endfacet
  facet normal 0 0 1
    outer loop
      vertex -1.87081 29.75 3
      vertex -11.2248 23.4998 3
      vertex -10.7103 22.7817 3
    endloop
  endfacet
  facet normal -0 0 1
    outer loop
      vertex -12.7836 35.3394 3
      vertex -2.07873 31.861 3
      vertex -12.4724 36.1662 3
    endloop
  endfacet
  facet normal 0 0 1
    outer loop
      vertex -1.87081 29.75 3
      vertex -11.6913 24.25 3
      vertex -11.2248 23.4998 3
    endloop
  endfacet
  facet normal 0 0 1
    outer loop
      vertex -2.07873 31.861 3
      vertex -12.7836 35.3394 3
      vertex -2.20677 31.439 3
    endloop
  endfacet
  facet normal 0 0 1
    outer loop
      vertex -2.07873 30.139 3
      vertex -12.1078 25.0291 3
      vertex -11.6913 24.25 3
    endloop
  endfacet
  facet normal -0 0 1
    outer loop
      vertex -13.04 34.4941 3
      vertex -2.20677 31.439 3
      vertex -12.7836 35.3394 3
    endloop
  endfacet
  facet normal 0 0 1
    outer loop
      vertex -2.07873 30.139 3
      vertex -12.4724 25.8338 3
      vertex -12.1078 25.0291 3
    endloop
  endfacet
  facet normal -0 0 1
    outer loop
      vertex -13.2406 33.6337 3
      vertex -2.20677 31.439 3
      vertex -13.04 34.4941 3
    endloop
  endfacet
  facet normal 0 0 1
    outer loop
      vertex -2.07873 30.139 3
      vertex -12.7836 26.6606 3
      vertex -12.4724 25.8338 3
    endloop
  endfacet
  facet normal -0 0 1
    outer loop
      vertex -13.3845 32.7621 3
      vertex -2.20677 31.439 3
      vertex -13.2406 33.6337 3
    endloop
  endfacet
  facet normal 0 0 1
    outer loop
      vertex -2.20677 30.561 3
      vertex -13.04 27.5059 3
      vertex -12.7836 26.6606 3
    endloop
  endfacet
  facet normal 0 0 1
    outer loop
      vertex -2.20677 31.439 3
      vertex -13.3845 32.7621 3
      vertex -2.25 31 3
    endloop
  endfacet
  facet normal 0 0 1
    outer loop
      vertex -2.20677 30.561 3
      vertex -13.2406 28.3663 3
      vertex -13.04 27.5059 3
    endloop
  endfacet
  facet normal -0 0 1
    outer loop
      vertex -13.4711 31.8829 3
      vertex -2.25 31 3
      vertex -13.3845 32.7621 3
    endloop
  endfacet
  facet normal 0 0 1
    outer loop
      vertex -2.20677 30.561 3
      vertex -13.3845 29.2379 3
      vertex -13.2406 28.3663 3
    endloop
  endfacet
  facet normal 0 0 1
    outer loop
      vertex -13.5 31 3
      vertex -2.25 31 3
      vertex -13.4711 31.8829 3
    endloop
  endfacet
  facet normal 0 0 1
    outer loop
      vertex -2.25 31 3
      vertex -13.4711 30.1171 3
      vertex -13.3845 29.2379 3
    endloop
  endfacet
  facet normal 0 0 1
    outer loop
      vertex -2.25 31 3
      vertex -13.5 31 3
      vertex -13.4711 30.1171 3
    endloop
  endfacet
  facet normal 0 0 -1
    outer loop
      vertex 2.25 31 0
      vertex 13.5 31 0
      vertex 13.4711 30.1171 0
    endloop
  endfacet
  facet normal 0 0 -1
    outer loop
      vertex 2.25 31 0
      vertex 13.4711 30.1171 0
      vertex 13.3845 29.2379 0
    endloop
  endfacet
  facet normal 0 0 -1
    outer loop
      vertex 13.5 31 0
      vertex 2.25 31 0
      vertex 13.4711 31.8829 0
    endloop
  endfacet
  facet normal 0 0 -1
    outer loop
      vertex 2.20677 30.561 0
      vertex 13.3845 29.2379 0
      vertex 13.2406 28.3663 0
    endloop
  endfacet
  facet normal -0 0 -1
    outer loop
      vertex 13.4711 31.8829 0
      vertex 2.25 31 0
      vertex 13.3845 32.7621 0
    endloop
  endfacet
  facet normal 0 0 -1
    outer loop
      vertex 2.20677 30.561 0
      vertex 13.2406 28.3663 0
      vertex 13.04 27.5059 0
    endloop
  endfacet
  facet normal 0 0 -1
    outer loop
      vertex 2.20677 31.439 0
      vertex 13.3845 32.7621 0
      vertex 2.25 31 0
    endloop
  endfacet
  facet normal 0 0 -1
    outer loop
      vertex 2.20677 30.561 0
      vertex 13.04 27.5059 0
      vertex 12.7836 26.6606 0
    endloop
  endfacet
  facet normal -0 0 -1
    outer loop
      vertex 13.3845 32.7621 0
      vertex 2.20677 31.439 0
      vertex 13.2406 33.6337 0
    endloop
  endfacet
  facet normal 0 0 -1
    outer loop
      vertex 2.07873 30.139 0
      vertex 12.7836 26.6606 0
      vertex 12.4724 25.8338 0
    endloop
  endfacet
  facet normal -0 0 -1
    outer loop
      vertex 13.2406 33.6337 0
      vertex 2.20677 31.439 0
      vertex 13.04 34.4941 0
    endloop
  endfacet
  facet normal 0 0 -1
    outer loop
      vertex 2.07873 30.139 0
      vertex 12.4724 25.8338 0
      vertex 12.1078 25.0291 0
    endloop
  endfacet
  facet normal -0 0 -1
    outer loop
      vertex 13.04 34.4941 0
      vertex 2.20677 31.439 0
      vertex 12.7836 35.3394 0
    endloop
  endfacet
  facet normal 0 0 -1
    outer loop
      vertex 2.07873 30.139 0
      vertex 12.1078 25.0291 0
      vertex 11.6913 24.25 0
    endloop
  endfacet
  facet normal 0 0 -1
    outer loop
      vertex 2.07873 31.861 0
      vertex 12.7836 35.3394 0
      vertex 2.20677 31.439 0
    endloop
  endfacet
  facet normal 0 0 -1
    outer loop
      vertex 1.87081 29.75 0
      vertex 11.6913 24.25 0
      vertex 11.2248 23.4998 0
    endloop
  endfacet
  facet normal -0 0 -1
    outer loop
      vertex 12.7836 35.3394 0
      vertex 2.07873 31.861 0
      vertex 12.4724 36.1662 0
    endloop
  endfacet
  facet normal 0 0 -1
    outer loop
      vertex 1.87081 29.75 0
      vertex 11.2248 23.4998 0
      vertex 10.7103 22.7817 0
    endloop
  endfacet
  facet normal -0 0 -1
    outer loop
      vertex 12.4724 36.1662 0
      vertex 2.07873 31.861 0
      vertex 12.1078 36.9709 0
    endloop
  endfacet
  facet normal 0 0 -1
    outer loop
      vertex 1.87081 29.75 0
      vertex 10.7103 22.7817 0
      vertex 10.1498 22.0988 0
    endloop
  endfacet
  facet normal -0 0 -1
    outer loop
      vertex 12.1078 36.9709 0
      vertex 2.07873 31.861 0
      vertex 11.6913 37.75 0
    endloop
  endfacet
  facet normal 0 0 -1
    outer loop
      vertex 1.59099 29.409 0
      vertex 10.1498 22.0988 0
      vertex 9.54594 21.4541 0
    endloop
  endfacet
  facet normal 0 0 -1
    outer loop
      vertex 1.87081 32.25 0
      vertex 11.6913 37.75 0
      vertex 2.07873 31.861 0
    endloop
  endfacet
  facet normal 0 0 -1
    outer loop
      vertex 1.59099 29.409 0
      vertex 9.54594 21.4541 0
      vertex 8.90117 20.8502 0
    endloop
  endfacet
  facet normal -0 0 -1
    outer loop
      vertex 11.6913 37.75 0
      vertex 1.87081 32.25 0
      vertex 11.2248 38.5002 0
    endloop
  endfacet
  facet normal 0 0 -1
    outer loop
      vertex 1.59099 29.409 0
      vertex 8.90117 20.8502 0
      vertex 8.21828 20.2897 0
    endloop
  endfacet
  facet normal -0 0 -1
    outer loop
      vertex 11.2248 38.5002 0
      vertex 1.87081 32.25 0
      vertex 10.7103 39.2183 0
    endloop
  endfacet
  facet normal 0 0 -1
    outer loop
      vertex 1.25003 29.1292 0
      vertex 8.21828 20.2897 0
      vertex 7.5002 19.7752 0
    endloop
  endfacet
  facet normal -0 0 -1
    outer loop
      vertex 10.7103 39.2183 0
      vertex 1.87081 32.25 0
      vertex 10.1498 39.9012 0
    endloop
  endfacet
  facet normal 0 0 -1
    outer loop
      vertex 1.25003 29.1292 0
      vertex 7.5002 19.7752 0
      vertex 6.75 19.3087 0
    endloop
  endfacet
  facet normal 0 0 -1
    outer loop
      vertex 1.59099 32.591 0
      vertex 10.1498 39.9012 0
      vertex 1.87081 32.25 0
    endloop
  endfacet
  facet normal 0 0 -1
    outer loop
      vertex 1.25003 29.1292 0
      vertex 6.75 19.3087 0
      vertex 5.9709 18.8922 0
    endloop
  endfacet
  facet normal -0 0 -1
    outer loop
      vertex 10.1498 39.9012 0
      vertex 1.59099 32.591 0
      vertex 9.54594 40.5459 0
    endloop
  endfacet
  facet normal 0 0 -1
    outer loop
      vertex 0.861037 28.9213 0
      vertex 5.9709 18.8922 0
      vertex 5.16623 18.5276 0
    endloop
  endfacet
  facet normal -0 0 -1
    outer loop
      vertex 9.54594 40.5459 0
      vertex 1.59099 32.591 0
      vertex 8.90117 41.1498 0
    endloop
  endfacet
  facet normal 0 0 -1
    outer loop
      vertex 0.861037 28.9213 0
      vertex 5.16623 18.5276 0
      vertex 4.33943 18.2164 0
    endloop
  endfacet
  facet normal -0 0 -1
    outer loop
      vertex 8.90117 41.1498 0
      vertex 1.59099 32.591 0
      vertex 8.21828 41.7103 0
    endloop
  endfacet
  facet normal 0 0 -1
    outer loop
      vertex 0.861037 28.9213 0
      vertex 4.33943 18.2164 0
      vertex 3.49406 17.96 0
    endloop
  endfacet
  facet normal 0 0 -1
    outer loop
      vertex 1.25003 32.8708 0
      vertex 8.21828 41.7103 0
      vertex 1.59099 32.591 0
    endloop
  endfacet
  facet normal 0 0 -1
    outer loop
      vertex 0.438952 28.7932 0
      vertex 3.49406 17.96 0
      vertex 2.63372 17.7594 0
    endloop
  endfacet
  facet normal -0 0 -1
    outer loop
      vertex 8.21828 41.7103 0
      vertex 1.25003 32.8708 0
      vertex 7.5002 42.2248 0
    endloop
  endfacet
  facet normal -0 0 -1
    outer loop
      vertex 7.5002 42.2248 0
      vertex 1.25003 32.8708 0
      vertex 6.75 42.6913 0
    endloop
  endfacet
  facet normal 0 0 -1
    outer loop
      vertex 13.3845 29.2379 0
      vertex 2.20677 30.561 0
      vertex 2.25 31 0
    endloop
  endfacet
  facet normal 0 0 -1
    outer loop
      vertex 12.7836 26.6606 0
      vertex 2.07873 30.139 0
      vertex 2.20677 30.561 0
    endloop
  endfacet
  facet normal 0 0 -1
    outer loop
      vertex 11.6913 24.25 0
      vertex 1.87081 29.75 0
      vertex 2.07873 30.139 0
    endloop
  endfacet
  facet normal 0 0 -1
    outer loop
      vertex 0.438952 28.7932 0
      vertex 2.63372 17.7594 0
      vertex 1.7621 17.6155 0
    endloop
  endfacet
  facet normal 0 0 -1
    outer loop
      vertex 10.1498 22.0988 0
      vertex 1.59099 29.409 0
      vertex 1.87081 29.75 0
    endloop
  endfacet
  facet normal 0 0 -1
    outer loop
      vertex 8.21828 20.2897 0
      vertex 1.25003 29.1292 0
      vertex 1.59099 29.409 0
    endloop
  endfacet
  facet normal 0 0 -1
    outer loop
      vertex 0.438952 28.7932 0
      vertex 1.7621 17.6155 0
      vertex 0.882942 17.5289 0
    endloop
  endfacet
  facet normal 0 0 -1
    outer loop
      vertex 5.9709 18.8922 0
      vertex 0.861037 28.9213 0
      vertex 1.25003 29.1292 0
    endloop
  endfacet
  facet normal 0 0 -1
    outer loop
      vertex 3.49406 17.96 0
      vertex 0.438952 28.7932 0
      vertex 0.861037 28.9213 0
    endloop
  endfacet
  facet normal 0 0 -1
    outer loop
      vertex 0 28.75 0
      vertex 0.882942 17.5289 0
      vertex 0 17.5 0
    endloop
  endfacet
  facet normal 0 0 -1
    outer loop
      vertex 0.882942 17.5289 0
      vertex 0 28.75 0
      vertex 0.438952 28.7932 0
    endloop
  endfacet
  facet normal 0 0 -1
    outer loop
      vertex -0.882942 17.5289 0
      vertex 0 28.75 0
      vertex 0 17.5 0
    endloop
  endfacet
  facet normal -0 0 -1
    outer loop
      vertex 0 28.75 0
      vertex -0.882942 17.5289 0
      vertex -0.438952 28.7932 0
    endloop
  endfacet
  facet normal 0 0 -1
    outer loop
      vertex -1.7621 17.6155 0
      vertex -0.438952 28.7932 0
      vertex -0.882942 17.5289 0
    endloop
  endfacet
  facet normal 0 0 -1
    outer loop
      vertex -2.63372 17.7594 0
      vertex -0.438952 28.7932 0
      vertex -1.7621 17.6155 0
    endloop
  endfacet
  facet normal 0 0 -1
    outer loop
      vertex -3.49406 17.96 0
      vertex -0.438952 28.7932 0
      vertex -2.63372 17.7594 0
    endloop
  endfacet
  facet normal -0 0 -1
    outer loop
      vertex -0.438952 28.7932 0
      vertex -3.49406 17.96 0
      vertex -0.861037 28.9213 0
    endloop
  endfacet
  facet normal 0 0 -1
    outer loop
      vertex -4.33943 18.2164 0
      vertex -0.861037 28.9213 0
      vertex -3.49406 17.96 0
    endloop
  endfacet
  facet normal 0 0 -1
    outer loop
      vertex -5.16623 18.5276 0
      vertex -0.861037 28.9213 0
      vertex -4.33943 18.2164 0
    endloop
  endfacet
  facet normal 0 0 -1
    outer loop
      vertex -5.9709 18.8922 0
      vertex -0.861037 28.9213 0
      vertex -5.16623 18.5276 0
    endloop
  endfacet
  facet normal -0 0 -1
    outer loop
      vertex -0.861037 28.9213 0
      vertex -5.9709 18.8922 0
      vertex -1.25003 29.1292 0
    endloop
  endfacet
  facet normal 0 0 -1
    outer loop
      vertex -6.75 19.3087 0
      vertex -1.25003 29.1292 0
      vertex -5.9709 18.8922 0
    endloop
  endfacet
  facet normal -0 0 -1
    outer loop
      vertex 6.75 42.6913 0
      vertex 1.25003 32.8708 0
      vertex 5.9709 43.1078 0
    endloop
  endfacet
  facet normal 0 0 -1
    outer loop
      vertex 0.861037 33.0787 0
      vertex 5.9709 43.1078 0
      vertex 1.25003 32.8708 0
    endloop
  endfacet
  facet normal -0 0 -1
    outer loop
      vertex 5.9709 43.1078 0
      vertex 0.861037 33.0787 0
      vertex 5.16623 43.4724 0
    endloop
  endfacet
  facet normal -0 0 -1
    outer loop
      vertex 5.16623 43.4724 0
      vertex 0.861037 33.0787 0
      vertex 4.33943 43.7836 0
    endloop
  endfacet
  facet normal -0 0 -1
    outer loop
      vertex 4.33943 43.7836 0
      vertex 0.861037 33.0787 0
      vertex 3.49406 44.04 0
    endloop
  endfacet
  facet normal 0 0 -1
    outer loop
      vertex 0.438952 33.2068 0
      vertex 3.49406 44.04 0
      vertex 0.861037 33.0787 0
    endloop
  endfacet
  facet normal -0 0 -1
    outer loop
      vertex 3.49406 44.04 0
      vertex 0.438952 33.2068 0
      vertex 2.63372 44.2406 0
    endloop
  endfacet
  facet normal -0 0 -1
    outer loop
      vertex 2.63372 44.2406 0
      vertex 0.438952 33.2068 0
      vertex 1.7621 44.3845 0
    endloop
  endfacet
  facet normal -0 0 -1
    outer loop
      vertex 1.7621 44.3845 0
      vertex 0.438952 33.2068 0
      vertex 0.882942 44.4711 0
    endloop
  endfacet
  facet normal 0 0 -1
    outer loop
      vertex 0 33.25 0
      vertex 0.882942 44.4711 0
      vertex 0.438952 33.2068 0
    endloop
  endfacet
  facet normal 0 0 -1
    outer loop
      vertex 0 33.25 0
      vertex 0 44.5 0
      vertex 0.882942 44.4711 0
    endloop
  endfacet
  facet normal 0 0 -1
    outer loop
      vertex -0.882942 44.4711 0
      vertex 0 33.25 0
      vertex -0.438952 33.2068 0
    endloop
  endfacet
  facet normal 0 0 -1
    outer loop
      vertex -3.49406 44.04 0
      vertex -0.438952 33.2068 0
      vertex -0.861037 33.0787 0
    endloop
  endfacet
  facet normal 0 0 -1
    outer loop
      vertex 0 33.25 0
      vertex -0.882942 44.4711 0
      vertex 0 44.5 0
    endloop
  endfacet
  facet normal 0 0 -1
    outer loop
      vertex -5.9709 43.1078 0
      vertex -0.861037 33.0787 0
      vertex -1.25003 32.8708 0
    endloop
  endfacet
  facet normal 0 0 -1
    outer loop
      vertex -8.21828 41.7103 0
      vertex -1.25003 32.8708 0
      vertex -1.59099 32.591 0
    endloop
  endfacet
  facet normal 0 0 -1
    outer loop
      vertex -0.438952 33.2068 0
      vertex -1.7621 44.3845 0
      vertex -0.882942 44.4711 0
    endloop
  endfacet
  facet normal 0 0 -1
    outer loop
      vertex -10.1498 39.9012 0
      vertex -1.59099 32.591 0
      vertex -1.87081 32.25 0
    endloop
  endfacet
  facet normal 0 0 -1
    outer loop
      vertex -11.6913 37.75 0
      vertex -1.87081 32.25 0
      vertex -2.07873 31.861 0
    endloop
  endfacet
  facet normal 0 0 -1
    outer loop
      vertex -12.7836 35.3394 0
      vertex -2.07873 31.861 0
      vertex -2.20677 31.439 0
    endloop
  endfacet
  facet normal 0 0 -1
    outer loop
      vertex -13.3845 32.7621 0
      vertex -2.20677 31.439 0
      vertex -2.25 31 0
    endloop
  endfacet
  facet normal 0 0 -1
    outer loop
      vertex -0.438952 33.2068 0
      vertex -2.63372 44.2406 0
      vertex -1.7621 44.3845 0
    endloop
  endfacet
  facet normal 0 0 -1
    outer loop
      vertex -7.5002 19.7752 0
      vertex -1.25003 29.1292 0
      vertex -6.75 19.3087 0
    endloop
  endfacet
  facet normal 0 0 -1
    outer loop
      vertex -8.21828 20.2897 0
      vertex -1.25003 29.1292 0
      vertex -7.5002 19.7752 0
    endloop
  endfacet
  facet normal 0 0 -1
    outer loop
      vertex -0.438952 33.2068 0
      vertex -3.49406 44.04 0
      vertex -2.63372 44.2406 0
    endloop
  endfacet
  facet normal -0 0 -1
    outer loop
      vertex -1.25003 29.1292 0
      vertex -8.21828 20.2897 0
      vertex -1.59099 29.409 0
    endloop
  endfacet
  facet normal 0 0 -1
    outer loop
      vertex -0.861037 33.0787 0
      vertex -4.33943 43.7836 0
      vertex -3.49406 44.04 0
    endloop
  endfacet
  facet normal 0 0 -1
    outer loop
      vertex -8.90117 20.8502 0
      vertex -1.59099 29.409 0
      vertex -8.21828 20.2897 0
    endloop
  endfacet
  facet normal 0 0 -1
    outer loop
      vertex -0.861037 33.0787 0
      vertex -5.16623 43.4724 0
      vertex -4.33943 43.7836 0
    endloop
  endfacet
  facet normal 0 0 -1
    outer loop
      vertex -9.54594 21.4541 0
      vertex -1.59099 29.409 0
      vertex -8.90117 20.8502 0
    endloop
  endfacet
  facet normal 0 0 -1
    outer loop
      vertex -0.861037 33.0787 0
      vertex -5.9709 43.1078 0
      vertex -5.16623 43.4724 0
    endloop
  endfacet
  facet normal 0 0 -1
    outer loop
      vertex -10.1498 22.0988 0
      vertex -1.59099 29.409 0
      vertex -9.54594 21.4541 0
    endloop
  endfacet
  facet normal 0 0 -1
    outer loop
      vertex -1.25003 32.8708 0
      vertex -6.75 42.6913 0
      vertex -5.9709 43.1078 0
    endloop
  endfacet
  facet normal -0 0 -1
    outer loop
      vertex -1.59099 29.409 0
      vertex -10.1498 22.0988 0
      vertex -1.87081 29.75 0
    endloop
  endfacet
  facet normal 0 0 -1
    outer loop
      vertex -1.25003 32.8708 0
      vertex -7.5002 42.2248 0
      vertex -6.75 42.6913 0
    endloop
  endfacet
  facet normal 0 0 -1
    outer loop
      vertex -10.7103 22.7817 0
      vertex -1.87081 29.75 0
      vertex -10.1498 22.0988 0
    endloop
  endfacet
  facet normal 0 0 -1
    outer loop
      vertex -1.25003 32.8708 0
      vertex -8.21828 41.7103 0
      vertex -7.5002 42.2248 0
    endloop
  endfacet
  facet normal 0 0 -1
    outer loop
      vertex -11.2248 23.4998 0
      vertex -1.87081 29.75 0
      vertex -10.7103 22.7817 0
    endloop
  endfacet
  facet normal 0 0 -1
    outer loop
      vertex -1.59099 32.591 0
      vertex -8.90117 41.1498 0
      vertex -8.21828 41.7103 0
    endloop
  endfacet
  facet normal 0 0 -1
    outer loop
      vertex -11.6913 24.25 0
      vertex -1.87081 29.75 0
      vertex -11.2248 23.4998 0
    endloop
  endfacet
  facet normal 0 0 -1
    outer loop
      vertex -1.59099 32.591 0
      vertex -9.54594 40.5459 0
      vertex -8.90117 41.1498 0
    endloop
  endfacet
  facet normal -0 0 -1
    outer loop
      vertex -1.87081 29.75 0
      vertex -11.6913 24.25 0
      vertex -2.07873 30.139 0
    endloop
  endfacet
  facet normal 0 0 -1
    outer loop
      vertex -1.59099 32.591 0
      vertex -10.1498 39.9012 0
      vertex -9.54594 40.5459 0
    endloop
  endfacet
  facet normal 0 0 -1
    outer loop
      vertex -12.1078 25.0291 0
      vertex -2.07873 30.139 0
      vertex -11.6913 24.25 0
    endloop
  endfacet
  facet normal 0 0 -1
    outer loop
      vertex -1.87081 32.25 0
      vertex -10.7103 39.2183 0
      vertex -10.1498 39.9012 0
    endloop
  endfacet
  facet normal 0 0 -1
    outer loop
      vertex -12.4724 25.8338 0
      vertex -2.07873 30.139 0
      vertex -12.1078 25.0291 0
    endloop
  endfacet
  facet normal 0 0 -1
    outer loop
      vertex -1.87081 32.25 0
      vertex -11.2248 38.5002 0
      vertex -10.7103 39.2183 0
    endloop
  endfacet
  facet normal 0 0 -1
    outer loop
      vertex -12.7836 26.6606 0
      vertex -2.07873 30.139 0
      vertex -12.4724 25.8338 0
    endloop
  endfacet
  facet normal 0 0 -1
    outer loop
      vertex -1.87081 32.25 0
      vertex -11.6913 37.75 0
      vertex -11.2248 38.5002 0
    endloop
  endfacet
  facet normal -0 0 -1
    outer loop
      vertex -2.07873 30.139 0
      vertex -12.7836 26.6606 0
      vertex -2.20677 30.561 0
    endloop
  endfacet
  facet normal 0 0 -1
    outer loop
      vertex -2.07873 31.861 0
      vertex -12.1078 36.9709 0
      vertex -11.6913 37.75 0
    endloop
  endfacet
  facet normal 0 0 -1
    outer loop
      vertex -13.04 27.5059 0
      vertex -2.20677 30.561 0
      vertex -12.7836 26.6606 0
    endloop
  endfacet
  facet normal 0 0 -1
    outer loop
      vertex -2.07873 31.861 0
      vertex -12.4724 36.1662 0
      vertex -12.1078 36.9709 0
    endloop
  endfacet
  facet normal 0 0 -1
    outer loop
      vertex -13.2406 28.3663 0
      vertex -2.20677 30.561 0
      vertex -13.04 27.5059 0
    endloop
  endfacet
  facet normal 0 0 -1
    outer loop
      vertex -2.07873 31.861 0
      vertex -12.7836 35.3394 0
      vertex -12.4724 36.1662 0
    endloop
  endfacet
  facet normal 0 0 -1
    outer loop
      vertex -13.3845 29.2379 0
      vertex -2.20677 30.561 0
      vertex -13.2406 28.3663 0
    endloop
  endfacet
  facet normal 0 0 -1
    outer loop
      vertex -2.20677 31.439 0
      vertex -13.04 34.4941 0
      vertex -12.7836 35.3394 0
    endloop
  endfacet
  facet normal -0 0 -1
    outer loop
      vertex -2.20677 30.561 0
      vertex -13.3845 29.2379 0
      vertex -2.25 31 0
    endloop
  endfacet
  facet normal 0 0 -1
    outer loop
      vertex -2.20677 31.439 0
      vertex -13.2406 33.6337 0
      vertex -13.04 34.4941 0
    endloop
  endfacet
  facet normal 0 0 -1
    outer loop
      vertex -13.4711 30.1171 0
      vertex -2.25 31 0
      vertex -13.3845 29.2379 0
    endloop
  endfacet
  facet normal 0 0 -1
    outer loop
      vertex -2.20677 31.439 0
      vertex -13.3845 32.7621 0
      vertex -13.2406 33.6337 0
    endloop
  endfacet
  facet normal 0 0 -1
    outer loop
      vertex -13.5 31 0
      vertex -2.25 31 0
      vertex -13.4711 30.1171 0
    endloop
  endfacet
  facet normal 0 0 -1
    outer loop
      vertex -2.25 31 0
      vertex -13.4711 31.8829 0
      vertex -13.3845 32.7621 0
    endloop
  endfacet
  facet normal 0 0 -1
    outer loop
      vertex -2.25 31 0
      vertex -13.5 31 0
      vertex -13.4711 31.8829 0
    endloop
  endfacet
  facet normal -0.995184 0.0980243 0
    outer loop
      vertex -13.4711 31.8829 0
      vertex -13.3845 32.7621 3
      vertex -13.3845 32.7621 0
    endloop
  endfacet
  facet normal -0.995184 0.0980243 0
    outer loop
      vertex -13.3845 32.7621 3
      vertex -13.4711 31.8829 0
      vertex -13.4711 31.8829 3
    endloop
  endfacet
  facet normal -0.881892 -0.471452 0
    outer loop
      vertex -11.6913 24.25 0
      vertex -12.1078 25.0291 3
      vertex -12.1078 25.0291 0
    endloop
  endfacet
  facet normal -0.881892 -0.471452 0
    outer loop
      vertex -12.1078 25.0291 3
      vertex -11.6913 24.25 0
      vertex -11.6913 24.25 3
    endloop
  endfacet
  facet normal -0.999465 0.0327155 0
    outer loop
      vertex -13.5 31 0
      vertex -13.4711 31.8829 3
      vertex -13.4711 31.8829 0
    endloop
  endfacet
  facet normal -0.999465 0.0327155 0
    outer loop
      vertex -13.4711 31.8829 3
      vertex -13.5 31 0
      vertex -13.5 31 3
    endloop
  endfacet
  facet normal -0.528064 -0.849204 0
    outer loop
      vertex -7.5002 19.7752 0
      vertex -6.75 19.3087 3
      vertex -7.5002 19.7752 3
    endloop
  endfacet
  facet normal -0.528064 -0.849204 -0
    outer loop
      vertex -6.75 19.3087 3
      vertex -7.5002 19.7752 0
      vertex -6.75 19.3087 0
    endloop
  endfacet
  facet normal -0.849204 0.528064 0
    outer loop
      vertex -11.6913 37.75 0
      vertex -11.2248 38.5002 3
      vertex -11.2248 38.5002 0
    endloop
  endfacet
  facet normal -0.849204 0.528064 0
    outer loop
      vertex -11.2248 38.5002 3
      vertex -11.6913 37.75 0
      vertex -11.6913 37.75 3
    endloop
  endfacet
  facet normal -0.412715 -0.91086 0
    outer loop
      vertex -5.9709 18.8922 0
      vertex -5.16623 18.5276 3
      vertex -5.9709 18.8922 3
    endloop
  endfacet
  facet normal -0.412715 -0.91086 -0
    outer loop
      vertex -5.16623 18.5276 3
      vertex -5.9709 18.8922 0
      vertex -5.16623 18.5276 0
    endloop
  endfacet
  facet normal -0.881926 -0.471388 0
    outer loop
      vertex 2.07873 31.861 0
      vertex 1.87081 32.25 3
      vertex 1.87081 32.25 0
    endloop
  endfacet
  facet normal -0.881926 -0.471388 0
    outer loop
      vertex 1.87081 32.25 3
      vertex 2.07873 31.861 0
      vertex 2.07873 31.861 3
    endloop
  endfacet
  facet normal -0.47136 -0.881941 0
    outer loop
      vertex 0.861037 33.0787 0
      vertex 1.25003 32.8708 3
      vertex 0.861037 33.0787 3
    endloop
  endfacet
  facet normal -0.47136 -0.881941 -0
    outer loop
      vertex 1.25003 32.8708 3
      vertex 0.861037 33.0787 0
      vertex 1.25003 32.8708 0
    endloop
  endfacet
  facet normal -0.290413 0.956901 0
    outer loop
      vertex 0.861037 28.9213 0
      vertex 0.438952 28.7932 3
      vertex 0.861037 28.9213 3
    endloop
  endfacet
  facet normal -0.290413 0.956901 0
    outer loop
      vertex 0.438952 28.7932 3
      vertex 0.861037 28.9213 0
      vertex 0.438952 28.7932 0
    endloop
  endfacet
  facet normal -0.995186 -0.0979998 0
    outer loop
      vertex 2.25 31 0
      vertex 2.20677 31.439 3
      vertex 2.20677 31.439 0
    endloop
  endfacet
  facet normal -0.995186 -0.0979998 0
    outer loop
      vertex 2.20677 31.439 3
      vertex 2.25 31 0
      vertex 2.25 31 3
    endloop
  endfacet
  facet normal 0.290413 -0.956901 0
    outer loop
      vertex -0.861037 33.0787 0
      vertex -0.438952 33.2068 3
      vertex -0.861037 33.0787 3
    endloop
  endfacet
  facet normal 0.290413 -0.956901 0
    outer loop
      vertex -0.438952 33.2068 3
      vertex -0.861037 33.0787 0
      vertex -0.438952 33.2068 0
    endloop
  endfacet
  facet normal -0.097943 0.995192 0
    outer loop
      vertex 0.438952 28.7932 0
      vertex 0 28.75 3
      vertex 0.438952 28.7932 3
    endloop
  endfacet
  facet normal -0.097943 0.995192 0
    outer loop
      vertex 0 28.75 3
      vertex 0.438952 28.7932 0
      vertex 0 28.75 0
    endloop
  endfacet
  facet normal 0.995186 -0.0979998 0
    outer loop
      vertex -2.25 31 3
      vertex -2.20677 31.439 0
      vertex -2.20677 31.439 3
    endloop
  endfacet
  facet normal 0.995186 -0.0979998 0
    outer loop
      vertex -2.20677 31.439 0
      vertex -2.25 31 3
      vertex -2.25 31 0
    endloop
  endfacet
  facet normal 0.995186 0.0979998 0
    outer loop
      vertex -2.20677 30.561 3
      vertex -2.25 31 0
      vertex -2.25 31 3
    endloop
  endfacet
  facet normal 0.995186 0.0979998 0
    outer loop
      vertex -2.25 31 0
      vertex -2.20677 30.561 3
      vertex -2.20677 30.561 0
    endloop
  endfacet
  facet normal -0.956923 -0.290342 0
    outer loop
      vertex 2.20677 31.439 0
      vertex 2.07873 31.861 3
      vertex 2.07873 31.861 0
    endloop
  endfacet
  facet normal -0.956923 -0.290342 0
    outer loop
      vertex 2.07873 31.861 3
      vertex 2.20677 31.439 0
      vertex 2.20677 31.439 3
    endloop
  endfacet
  facet normal 0.634368 0.773031 -0
    outer loop
      vertex -1.25003 29.1292 0
      vertex -1.59099 29.409 3
      vertex -1.25003 29.1292 3
    endloop
  endfacet
  facet normal 0.634368 0.773031 0
    outer loop
      vertex -1.59099 29.409 3
      vertex -1.25003 29.1292 0
      vertex -1.59099 29.409 0
    endloop
  endfacet
  facet normal 0.097943 0.995192 -0
    outer loop
      vertex 0 28.75 0
      vertex -0.438952 28.7932 3
      vertex 0 28.75 3
    endloop
  endfacet
  facet normal 0.097943 0.995192 0
    outer loop
      vertex -0.438952 28.7932 3
      vertex 0 28.75 0
      vertex -0.438952 28.7932 0
    endloop
  endfacet
  facet normal -0.097943 -0.995192 0
    outer loop
      vertex 0 33.25 0
      vertex 0.438952 33.2068 3
      vertex 0 33.25 3
    endloop
  endfacet
  facet normal -0.097943 -0.995192 -0
    outer loop
      vertex 0.438952 33.2068 3
      vertex 0 33.25 0
      vertex 0.438952 33.2068 0
    endloop
  endfacet
  facet normal 0.881926 0.471388 0
    outer loop
      vertex -1.87081 29.75 3
      vertex -2.07873 30.139 0
      vertex -2.07873 30.139 3
    endloop
  endfacet
  facet normal 0.881926 0.471388 0
    outer loop
      vertex -2.07873 30.139 0
      vertex -1.87081 29.75 3
      vertex -1.87081 29.75 0
    endloop
  endfacet
  facet normal 0.634368 -0.773031 0
    outer loop
      vertex -1.59099 32.591 0
      vertex -1.25003 32.8708 3
      vertex -1.59099 32.591 3
    endloop
  endfacet
  facet normal 0.634368 -0.773031 0
    outer loop
      vertex -1.25003 32.8708 3
      vertex -1.59099 32.591 0
      vertex -1.25003 32.8708 0
    endloop
  endfacet
  facet normal 0.47136 -0.881941 0
    outer loop
      vertex -1.25003 32.8708 0
      vertex -0.861037 33.0787 3
      vertex -1.25003 32.8708 3
    endloop
  endfacet
  facet normal 0.47136 -0.881941 0
    outer loop
      vertex -0.861037 33.0787 3
      vertex -1.25003 32.8708 0
      vertex -0.861037 33.0787 0
    endloop
  endfacet
  facet normal 0.47136 0.881941 -0
    outer loop
      vertex -0.861037 28.9213 0
      vertex -1.25003 29.1292 3
      vertex -0.861037 28.9213 3
    endloop
  endfacet
  facet normal 0.47136 0.881941 0
    outer loop
      vertex -1.25003 29.1292 3
      vertex -0.861037 28.9213 0
      vertex -1.25003 29.1292 0
    endloop
  endfacet
  facet normal 0.290413 0.956901 -0
    outer loop
      vertex -0.438952 28.7932 0
      vertex -0.861037 28.9213 3
      vertex -0.438952 28.7932 3
    endloop
  endfacet
  facet normal 0.290413 0.956901 0
    outer loop
      vertex -0.861037 28.9213 3
      vertex -0.438952 28.7932 0
      vertex -0.861037 28.9213 0
    endloop
  endfacet
  facet normal -0.773045 -0.634351 0
    outer loop
      vertex 1.87081 32.25 0
      vertex 1.59099 32.591 3
      vertex 1.59099 32.591 0
    endloop
  endfacet
  facet normal -0.773045 -0.634351 0
    outer loop
      vertex 1.59099 32.591 3
      vertex 1.87081 32.25 0
      vertex 1.87081 32.25 3
    endloop
  endfacet
  facet normal -0.881926 0.471388 0
    outer loop
      vertex 1.87081 29.75 0
      vertex 2.07873 30.139 3
      vertex 2.07873 30.139 0
    endloop
  endfacet
  facet normal -0.881926 0.471388 0
    outer loop
      vertex 2.07873 30.139 3
      vertex 1.87081 29.75 0
      vertex 1.87081 29.75 3
    endloop
  endfacet
  facet normal 0.773045 0.634351 0
    outer loop
      vertex -1.59099 29.409 3
      vertex -1.87081 29.75 0
      vertex -1.87081 29.75 3
    endloop
  endfacet
  facet normal 0.773045 0.634351 0
    outer loop
      vertex -1.87081 29.75 0
      vertex -1.59099 29.409 3
      vertex -1.59099 29.409 0
    endloop
  endfacet
  facet normal -0.47136 0.881941 0
    outer loop
      vertex 1.25003 29.1292 0
      vertex 0.861037 28.9213 3
      vertex 1.25003 29.1292 3
    endloop
  endfacet
  facet normal -0.47136 0.881941 0
    outer loop
      vertex 0.861037 28.9213 3
      vertex 1.25003 29.1292 0
      vertex 0.861037 28.9213 0
    endloop
  endfacet
  facet normal -0.634368 -0.773031 0
    outer loop
      vertex 1.25003 32.8708 0
      vertex 1.59099 32.591 3
      vertex 1.25003 32.8708 3
    endloop
  endfacet
  facet normal -0.634368 -0.773031 -0
    outer loop
      vertex 1.59099 32.591 3
      vertex 1.25003 32.8708 0
      vertex 1.59099 32.591 0
    endloop
  endfacet
  facet normal -0.773045 0.634351 0
    outer loop
      vertex 1.59099 29.409 0
      vertex 1.87081 29.75 3
      vertex 1.87081 29.75 0
    endloop
  endfacet
  facet normal -0.773045 0.634351 0
    outer loop
      vertex 1.87081 29.75 3
      vertex 1.59099 29.409 0
      vertex 1.59099 29.409 3
    endloop
  endfacet
  facet normal -0.995186 0.0979998 0
    outer loop
      vertex 2.20677 30.561 0
      vertex 2.25 31 3
      vertex 2.25 31 0
    endloop
  endfacet
  facet normal -0.995186 0.0979998 0
    outer loop
      vertex 2.25 31 3
      vertex 2.20677 30.561 0
      vertex 2.20677 30.561 3
    endloop
  endfacet
  facet normal 0.956923 0.290342 0
    outer loop
      vertex -2.07873 30.139 3
      vertex -2.20677 30.561 0
      vertex -2.20677 30.561 3
    endloop
  endfacet
  facet normal 0.956923 0.290342 0
    outer loop
      vertex -2.20677 30.561 0
      vertex -2.07873 30.139 3
      vertex -2.07873 30.139 0
    endloop
  endfacet
  facet normal 0.097943 -0.995192 0
    outer loop
      vertex -0.438952 33.2068 0
      vertex 0 33.25 3
      vertex -0.438952 33.2068 3
    endloop
  endfacet
  facet normal 0.097943 -0.995192 0
    outer loop
      vertex 0 33.25 3
      vertex -0.438952 33.2068 0
      vertex 0 33.25 0
    endloop
  endfacet
  facet normal 0.773045 -0.634351 0
    outer loop
      vertex -1.87081 32.25 3
      vertex -1.59099 32.591 0
      vertex -1.59099 32.591 3
    endloop
  endfacet
  facet normal 0.773045 -0.634351 0
    outer loop
      vertex -1.59099 32.591 0
      vertex -1.87081 32.25 3
      vertex -1.87081 32.25 0
    endloop
  endfacet
  facet normal 0.881926 -0.471388 0
    outer loop
      vertex -2.07873 31.861 3
      vertex -1.87081 32.25 0
      vertex -1.87081 32.25 3
    endloop
  endfacet
  facet normal 0.881926 -0.471388 0
    outer loop
      vertex -1.87081 32.25 0
      vertex -2.07873 31.861 3
      vertex -2.07873 31.861 0
    endloop
  endfacet
  facet normal -0.956923 0.290342 0
    outer loop
      vertex 2.07873 30.139 0
      vertex 2.20677 30.561 3
      vertex 2.20677 30.561 0
    endloop
  endfacet
  facet normal -0.956923 0.290342 0
    outer loop
      vertex 2.20677 30.561 3
      vertex 2.07873 30.139 0
      vertex 2.07873 30.139 3
    endloop
  endfacet
  facet normal -0.634368 0.773031 0
    outer loop
      vertex 1.59099 29.409 0
      vertex 1.25003 29.1292 3
      vertex 1.59099 29.409 3
    endloop
  endfacet
  facet normal -0.634368 0.773031 0
    outer loop
      vertex 1.25003 29.1292 3
      vertex 1.59099 29.409 0
      vertex 1.25003 29.1292 0
    endloop
  endfacet
  facet normal -0.290413 -0.956901 0
    outer loop
      vertex 0.438952 33.2068 0
      vertex 0.861037 33.0787 3
      vertex 0.438952 33.2068 3
    endloop
  endfacet
  facet normal -0.290413 -0.956901 -0
    outer loop
      vertex 0.861037 33.0787 3
      vertex 0.438952 33.2068 0
      vertex 0.861037 33.0787 0
    endloop
  endfacet
  facet normal 0.956923 -0.290342 0
    outer loop
      vertex -2.20677 31.439 3
      vertex -2.07873 31.861 0
      vertex -2.07873 31.861 3
    endloop
  endfacet
  facet normal 0.956923 -0.290342 0
    outer loop
      vertex -2.07873 31.861 0
      vertex -2.20677 31.439 3
      vertex -2.20677 31.439 0
    endloop
  endfacet
  facet normal 0.995184 0.0980243 0
    outer loop
      vertex 44.4711 31.8829 3
      vertex 44.3845 32.7621 0
      vertex 44.3845 32.7621 3
    endloop
  endfacet
  facet normal 0.995184 0.0980243 0
    outer loop
      vertex 44.3845 32.7621 0
      vertex 44.4711 31.8829 3
      vertex 44.4711 31.8829 0
    endloop
  endfacet
  facet normal 0.999465 0.0327155 0
    outer loop
      vertex 44.5 31 3
      vertex 44.4711 31.8829 0
      vertex 44.4711 31.8829 3
    endloop
  endfacet
  facet normal 0.999465 0.0327155 0
    outer loop
      vertex 44.4711 31.8829 0
      vertex 44.5 31 3
      vertex 44.5 31 0
    endloop
  endfacet
  facet normal 0.352264 -0.935901 0
    outer loop
      vertex 35.3394 18.2164 0
      vertex 36.1662 18.5276 3
      vertex 35.3394 18.2164 3
    endloop
  endfacet
  facet normal 0.352264 -0.935901 0
    outer loop
      vertex 36.1662 18.5276 3
      vertex 35.3394 18.2164 0
      vertex 36.1662 18.5276 0
    endloop
  endfacet
  facet normal 0.0980243 0.995184 -0
    outer loop
      vertex 32.7621 44.3845 0
      vertex 31.8829 44.4711 3
      vertex 32.7621 44.3845 3
    endloop
  endfacet
  facet normal 0.0980243 0.995184 0
    outer loop
      vertex 31.8829 44.4711 3
      vertex 32.7621 44.3845 0
      vertex 31.8829 44.4711 0
    endloop
  endfacet
  facet normal -0.935901 -0.352264 0
    outer loop
      vertex 18.5276 25.8338 0
      vertex 18.2164 26.6606 3
      vertex 18.2164 26.6606 0
    endloop
  endfacet
  facet normal -0.935901 -0.352264 0
    outer loop
      vertex 18.2164 26.6606 3
      vertex 18.5276 25.8338 0
      vertex 18.5276 25.8338 3
    endloop
  endfacet
  facet normal -0.162894 -0.986644 0
    outer loop
      vertex 28.3663 17.7594 0
      vertex 29.2379 17.6155 3
      vertex 28.3663 17.7594 3
    endloop
  endfacet
  facet normal -0.162894 -0.986644 -0
    outer loop
      vertex 29.2379 17.6155 3
      vertex 28.3663 17.7594 0
      vertex 29.2379 17.6155 0
    endloop
  endfacet
  facet normal 0.528064 -0.849204 0
    outer loop
      vertex 37.75 19.3087 0
      vertex 38.5002 19.7752 3
      vertex 37.75 19.3087 3
    endloop
  endfacet
  facet normal 0.528064 -0.849204 0
    outer loop
      vertex 38.5002 19.7752 3
      vertex 37.75 19.3087 0
      vertex 38.5002 19.7752 0
    endloop
  endfacet
  facet normal 0.227058 -0.973881 0
    outer loop
      vertex 33.6337 17.7594 0
      vertex 34.4941 17.96 3
      vertex 33.6337 17.7594 3
    endloop
  endfacet
  facet normal 0.227058 -0.973881 0
    outer loop
      vertex 34.4941 17.96 3
      vertex 33.6337 17.7594 0
      vertex 34.4941 17.96 0
    endloop
  endfacet
  facet normal -0.849204 -0.528064 0
    outer loop
      vertex 19.7752 23.4998 0
      vertex 19.3087 24.25 3
      vertex 19.3087 24.25 0
    endloop
  endfacet
  facet normal -0.849204 -0.528064 0
    outer loop
      vertex 19.3087 24.25 3
      vertex 19.7752 23.4998 0
      vertex 19.7752 23.4998 3
    endloop
  endfacet
  facet normal -0.729823 0.683636 0
    outer loop
      vertex 20.8502 39.9012 0
      vertex 21.4541 40.5459 3
      vertex 21.4541 40.5459 0
    endloop
  endfacet
  facet normal -0.729823 0.683636 0
    outer loop
      vertex 21.4541 40.5459 3
      vertex 20.8502 39.9012 0
      vertex 20.8502 39.9012 3
    endloop
  endfacet
  facet normal 0.162894 -0.986644 0
    outer loop
      vertex 32.7621 17.6155 0
      vertex 33.6337 17.7594 3
      vertex 32.7621 17.6155 3
    endloop
  endfacet
  facet normal 0.162894 -0.986644 0
    outer loop
      vertex 33.6337 17.7594 3
      vertex 32.7621 17.6155 0
      vertex 33.6337 17.7594 0
    endloop
  endfacet
  facet normal -0.881892 0.471452 0
    outer loop
      vertex 18.8922 36.9709 0
      vertex 19.3087 37.75 3
      vertex 19.3087 37.75 0
    endloop
  endfacet
  facet normal -0.881892 0.471452 0
    outer loop
      vertex 19.3087 37.75 3
      vertex 18.8922 36.9709 0
      vertex 18.8922 36.9709 3
    endloop
  endfacet
  facet normal 0.973881 0.227058 0
    outer loop
      vertex 44.2406 33.6337 3
      vertex 44.04 34.4941 0
      vertex 44.04 34.4941 3
    endloop
  endfacet
  facet normal 0.973881 0.227058 0
    outer loop
      vertex 44.04 34.4941 0
      vertex 44.2406 33.6337 3
      vertex 44.2406 33.6337 0
    endloop
  endfacet
  facet normal 0.162894 0.986644 -0
    outer loop
      vertex 33.6337 44.2406 0
      vertex 32.7621 44.3845 3
      vertex 33.6337 44.2406 3
    endloop
  endfacet
  facet normal 0.162894 0.986644 0
    outer loop
      vertex 32.7621 44.3845 3
      vertex 33.6337 44.2406 0
      vertex 32.7621 44.3845 0
    endloop
  endfacet
  facet normal 0.986644 -0.162894 0
    outer loop
      vertex 44.2406 28.3663 3
      vertex 44.3845 29.2379 0
      vertex 44.3845 29.2379 3
    endloop
  endfacet
  facet normal 0.986644 -0.162894 0
    outer loop
      vertex 44.3845 29.2379 0
      vertex 44.2406 28.3663 3
      vertex 44.2406 28.3663 0
    endloop
  endfacet
  facet normal 0.582415 0.812891 -0
    outer loop
      vertex 39.2183 41.7103 0
      vertex 38.5002 42.2248 3
      vertex 39.2183 41.7103 3
    endloop
  endfacet
  facet normal 0.582415 0.812891 0
    outer loop
      vertex 38.5002 42.2248 3
      vertex 39.2183 41.7103 0
      vertex 38.5002 42.2248 0
    endloop
  endfacet
  facet normal -0.973881 0.227058 0
    outer loop
      vertex 17.7594 33.6337 0
      vertex 17.96 34.4941 3
      vertex 17.96 34.4941 0
    endloop
  endfacet
  facet normal -0.973881 0.227058 0
    outer loop
      vertex 17.96 34.4941 3
      vertex 17.7594 33.6337 0
      vertex 17.7594 33.6337 3
    endloop
  endfacet
  facet normal 0.471452 -0.881892 0
    outer loop
      vertex 36.9709 18.8922 0
      vertex 37.75 19.3087 3
      vertex 36.9709 18.8922 3
    endloop
  endfacet
  facet normal 0.471452 -0.881892 0
    outer loop
      vertex 37.75 19.3087 3
      vertex 36.9709 18.8922 0
      vertex 37.75 19.3087 0
    endloop
  endfacet
  facet normal -0.412702 0.910866 0
    outer loop
      vertex 25.8338 43.4724 0
      vertex 25.0291 43.1078 3
      vertex 25.8338 43.4724 3
    endloop
  endfacet
  facet normal -0.412702 0.910866 0
    outer loop
      vertex 25.0291 43.1078 3
      vertex 25.8338 43.4724 0
      vertex 25.0291 43.1078 0
    endloop
  endfacet
  facet normal -0.0980243 0.995184 0
    outer loop
      vertex 30.1171 44.4711 0
      vertex 29.2379 44.3845 3
      vertex 30.1171 44.4711 3
    endloop
  endfacet
  facet normal -0.0980243 0.995184 0
    outer loop
      vertex 29.2379 44.3845 3
      vertex 30.1171 44.4711 0
      vertex 29.2379 44.3845 0
    endloop
  endfacet
  facet normal -0.471452 -0.881892 0
    outer loop
      vertex 24.25 19.3087 0
      vertex 25.0291 18.8922 3
      vertex 24.25 19.3087 3
    endloop
  endfacet
  facet normal -0.471452 -0.881892 -0
    outer loop
      vertex 25.0291 18.8922 3
      vertex 24.25 19.3087 0
      vertex 25.0291 18.8922 0
    endloop
  endfacet
  facet normal 0.412702 0.910866 -0
    outer loop
      vertex 36.9709 43.1078 0
      vertex 36.1662 43.4724 3
      vertex 36.9709 43.1078 3
    endloop
  endfacet
  facet normal 0.412702 0.910866 0
    outer loop
      vertex 36.1662 43.4724 3
      vertex 36.9709 43.1078 0
      vertex 36.1662 43.4724 0
    endloop
  endfacet
  facet normal 0.528064 0.849204 -0
    outer loop
      vertex 38.5002 42.2248 0
      vertex 37.75 42.6913 3
      vertex 38.5002 42.2248 3
    endloop
  endfacet
  facet normal 0.528064 0.849204 0
    outer loop
      vertex 37.75 42.6913 3
      vertex 38.5002 42.2248 0
      vertex 37.75 42.6913 0
    endloop
  endfacet
  facet normal 0.0327155 -0.999465 0
    outer loop
      vertex 31 17.5 0
      vertex 31.8829 17.5289 3
      vertex 31 17.5 3
    endloop
  endfacet
  facet normal 0.0327155 -0.999465 0
    outer loop
      vertex 31.8829 17.5289 3
      vertex 31 17.5 0
      vertex 31.8829 17.5289 0
    endloop
  endfacet
  facet normal 0.956946 -0.290265 0
    outer loop
      vertex 43.7836 26.6606 3
      vertex 44.04 27.5059 0
      vertex 44.04 27.5059 3
    endloop
  endfacet
  facet normal 0.956946 -0.290265 0
    outer loop
      vertex 44.04 27.5059 0
      vertex 43.7836 26.6606 3
      vertex 43.7836 26.6606 0
    endloop
  endfacet
  facet normal 0.471452 0.881892 -0
    outer loop
      vertex 37.75 42.6913 0
      vertex 36.9709 43.1078 3
      vertex 37.75 42.6913 3
    endloop
  endfacet
  facet normal 0.471452 0.881892 0
    outer loop
      vertex 36.9709 43.1078 3
      vertex 37.75 42.6913 0
      vertex 36.9709 43.1078 0
    endloop
  endfacet
  facet normal -0.956946 -0.290265 0
    outer loop
      vertex 18.2164 26.6606 0
      vertex 17.96 27.5059 3
      vertex 17.96 27.5059 0
    endloop
  endfacet
  facet normal -0.956946 -0.290265 0
    outer loop
      vertex 17.96 27.5059 3
      vertex 18.2164 26.6606 0
      vertex 18.2164 26.6606 3
    endloop
  endfacet
  facet normal 0.0980243 -0.995184 0
    outer loop
      vertex 31.8829 17.5289 0
      vertex 32.7621 17.6155 3
      vertex 31.8829 17.5289 3
    endloop
  endfacet
  facet normal 0.0980243 -0.995184 0
    outer loop
      vertex 32.7621 17.6155 3
      vertex 31.8829 17.5289 0
      vertex 32.7621 17.6155 0
    endloop
  endfacet
  facet normal 0.935901 0.352264 0
    outer loop
      vertex 43.7836 35.3394 3
      vertex 43.4724 36.1662 0
      vertex 43.4724 36.1662 3
    endloop
  endfacet
  facet normal 0.935901 0.352264 0
    outer loop
      vertex 43.4724 36.1662 0
      vertex 43.7836 35.3394 3
      vertex 43.7836 35.3394 0
    endloop
  endfacet
  facet normal -0.683636 0.729823 0
    outer loop
      vertex 22.0988 41.1498 0
      vertex 21.4541 40.5459 3
      vertex 22.0988 41.1498 3
    endloop
  endfacet
  facet normal -0.683636 0.729823 0
    outer loop
      vertex 21.4541 40.5459 3
      vertex 22.0988 41.1498 0
      vertex 21.4541 40.5459 0
    endloop
  endfacet
  facet normal -0.290265 0.956946 0
    outer loop
      vertex 27.5059 44.04 0
      vertex 26.6606 43.7836 3
      vertex 27.5059 44.04 3
    endloop
  endfacet
  facet normal -0.290265 0.956946 0
    outer loop
      vertex 26.6606 43.7836 3
      vertex 27.5059 44.04 0
      vertex 26.6606 43.7836 0
    endloop
  endfacet
  facet normal -0.227058 -0.973881 0
    outer loop
      vertex 27.5059 17.96 0
      vertex 28.3663 17.7594 3
      vertex 27.5059 17.96 3
    endloop
  endfacet
  facet normal -0.227058 -0.973881 -0
    outer loop
      vertex 28.3663 17.7594 3
      vertex 27.5059 17.96 0
      vertex 28.3663 17.7594 0
    endloop
  endfacet
  facet normal -0.162894 0.986644 0
    outer loop
      vertex 29.2379 44.3845 0
      vertex 28.3663 44.2406 3
      vertex 29.2379 44.3845 3
    endloop
  endfacet
  facet normal -0.162894 0.986644 0
    outer loop
      vertex 28.3663 44.2406 3
      vertex 29.2379 44.3845 0
      vertex 28.3663 44.2406 0
    endloop
  endfacet
  facet normal 0.772978 0.634433 0
    outer loop
      vertex 41.7103 39.2183 3
      vertex 41.1498 39.9012 0
      vertex 41.1498 39.9012 3
    endloop
  endfacet
  facet normal 0.772978 0.634433 0
    outer loop
      vertex 41.1498 39.9012 0
      vertex 41.7103 39.2183 3
      vertex 41.7103 39.2183 0
    endloop
  endfacet
  facet normal -0.986644 0.162894 0
    outer loop
      vertex 17.6155 32.7621 0
      vertex 17.7594 33.6337 3
      vertex 17.7594 33.6337 0
    endloop
  endfacet
  facet normal -0.986644 0.162894 0
    outer loop
      vertex 17.7594 33.6337 3
      vertex 17.6155 32.7621 0
      vertex 17.6155 32.7621 3
    endloop
  endfacet
  facet normal 0.729823 -0.683636 0
    outer loop
      vertex 40.5459 21.4541 3
      vertex 41.1498 22.0988 0
      vertex 41.1498 22.0988 3
    endloop
  endfacet
  facet normal 0.729823 -0.683636 0
    outer loop
      vertex 41.1498 22.0988 0
      vertex 40.5459 21.4541 3
      vertex 40.5459 21.4541 0
    endloop
  endfacet
  facet normal 0.227058 0.973881 -0
    outer loop
      vertex 34.4941 44.04 0
      vertex 33.6337 44.2406 3
      vertex 34.4941 44.04 3
    endloop
  endfacet
  facet normal 0.227058 0.973881 0
    outer loop
      vertex 33.6337 44.2406 3
      vertex 34.4941 44.04 0
      vertex 33.6337 44.2406 0
    endloop
  endfacet
  facet normal -0.0327155 -0.999465 0
    outer loop
      vertex 30.1171 17.5289 0
      vertex 31 17.5 3
      vertex 30.1171 17.5289 3
    endloop
  endfacet
  facet normal -0.0327155 -0.999465 -0
    outer loop
      vertex 31 17.5 3
      vertex 30.1171 17.5289 0
      vertex 31 17.5 0
    endloop
  endfacet
  facet normal 0.881892 -0.471452 0
    outer loop
      vertex 42.6913 24.25 3
      vertex 43.1078 25.0291 0
      vertex 43.1078 25.0291 3
    endloop
  endfacet
  facet normal 0.881892 -0.471452 0
    outer loop
      vertex 43.1078 25.0291 0
      vertex 42.6913 24.25 3
      vertex 42.6913 24.25 0
    endloop
  endfacet
  facet normal 0.956946 0.290265 0
    outer loop
      vertex 44.04 34.4941 3
      vertex 43.7836 35.3394 0
      vertex 43.7836 35.3394 3
    endloop
  endfacet
  facet normal 0.956946 0.290265 0
    outer loop
      vertex 43.7836 35.3394 0
      vertex 44.04 34.4941 3
      vertex 44.04 34.4941 0
    endloop
  endfacet
  facet normal 0.729823 0.683636 0
    outer loop
      vertex 41.1498 39.9012 3
      vertex 40.5459 40.5459 0
      vertex 40.5459 40.5459 3
    endloop
  endfacet
  facet normal 0.729823 0.683636 0
    outer loop
      vertex 40.5459 40.5459 0
      vertex 41.1498 39.9012 3
      vertex 41.1498 39.9012 0
    endloop
  endfacet
  facet normal 0.683636 0.729823 -0
    outer loop
      vertex 40.5459 40.5459 0
      vertex 39.9012 41.1498 3
      vertex 40.5459 40.5459 3
    endloop
  endfacet
  facet normal 0.683636 0.729823 0
    outer loop
      vertex 39.9012 41.1498 3
      vertex 40.5459 40.5459 0
      vertex 39.9012 41.1498 0
    endloop
  endfacet
  facet normal -0.582415 0.812891 0
    outer loop
      vertex 23.4998 42.2248 0
      vertex 22.7817 41.7103 3
      vertex 23.4998 42.2248 3
    endloop
  endfacet
  facet normal -0.582415 0.812891 0
    outer loop
      vertex 22.7817 41.7103 3
      vertex 23.4998 42.2248 0
      vertex 22.7817 41.7103 0
    endloop
  endfacet
  facet normal -0.528064 0.849204 0
    outer loop
      vertex 24.25 42.6913 0
      vertex 23.4998 42.2248 3
      vertex 24.25 42.6913 3
    endloop
  endfacet
  facet normal -0.528064 0.849204 0
    outer loop
      vertex 23.4998 42.2248 3
      vertex 24.25 42.6913 0
      vertex 23.4998 42.2248 0
    endloop
  endfacet
  facet normal -0.910866 0.412702 0
    outer loop
      vertex 18.5276 36.1662 0
      vertex 18.8922 36.9709 3
      vertex 18.8922 36.9709 0
    endloop
  endfacet
  facet normal -0.910866 0.412702 0
    outer loop
      vertex 18.8922 36.9709 3
      vertex 18.5276 36.1662 0
      vertex 18.5276 36.1662 3
    endloop
  endfacet
  facet normal 0.290265 -0.956946 0
    outer loop
      vertex 34.4941 17.96 0
      vertex 35.3394 18.2164 3
      vertex 34.4941 17.96 3
    endloop
  endfacet
  facet normal 0.290265 -0.956946 0
    outer loop
      vertex 35.3394 18.2164 3
      vertex 34.4941 17.96 0
      vertex 35.3394 18.2164 0
    endloop
  endfacet
  facet normal 0.849204 0.528064 0
    outer loop
      vertex 42.6913 37.75 3
      vertex 42.2248 38.5002 0
      vertex 42.2248 38.5002 3
    endloop
  endfacet
  facet normal 0.849204 0.528064 0
    outer loop
      vertex 42.2248 38.5002 0
      vertex 42.6913 37.75 3
      vertex 42.6913 37.75 0
    endloop
  endfacet
  facet normal 0.634433 -0.772978 0
    outer loop
      vertex 39.2183 20.2897 0
      vertex 39.9012 20.8502 3
      vertex 39.2183 20.2897 3
    endloop
  endfacet
  facet normal 0.634433 -0.772978 0
    outer loop
      vertex 39.9012 20.8502 3
      vertex 39.2183 20.2897 0
      vertex 39.9012 20.8502 0
    endloop
  endfacet
  facet normal 0.910866 -0.412702 0
    outer loop
      vertex 43.1078 25.0291 3
      vertex 43.4724 25.8338 0
      vertex 43.4724 25.8338 3
    endloop
  endfacet
  facet normal 0.910866 -0.412702 0
    outer loop
      vertex 43.4724 25.8338 0
      vertex 43.1078 25.0291 3
      vertex 43.1078 25.0291 0
    endloop
  endfacet
  facet normal -0.986644 -0.162894 0
    outer loop
      vertex 17.7594 28.3663 0
      vertex 17.6155 29.2379 3
      vertex 17.6155 29.2379 0
    endloop
  endfacet
  facet normal -0.986644 -0.162894 0
    outer loop
      vertex 17.6155 29.2379 3
      vertex 17.7594 28.3663 0
      vertex 17.7594 28.3663 3
    endloop
  endfacet
  facet normal 0.881892 0.471452 0
    outer loop
      vertex 43.1078 36.9709 3
      vertex 42.6913 37.75 0
      vertex 42.6913 37.75 3
    endloop
  endfacet
  facet normal 0.881892 0.471452 0
    outer loop
      vertex 42.6913 37.75 0
      vertex 43.1078 36.9709 3
      vertex 43.1078 36.9709 0
    endloop
  endfacet
  facet normal 0.935901 -0.352264 0
    outer loop
      vertex 43.4724 25.8338 3
      vertex 43.7836 26.6606 0
      vertex 43.7836 26.6606 3
    endloop
  endfacet
  facet normal 0.935901 -0.352264 0
    outer loop
      vertex 43.7836 26.6606 0
      vertex 43.4724 25.8338 3
      vertex 43.4724 25.8338 0
    endloop
  endfacet
  facet normal -0.999465 -0.0327155 0
    outer loop
      vertex 17.5289 30.1171 0
      vertex 17.5 31 3
      vertex 17.5 31 0
    endloop
  endfacet
  facet normal -0.999465 -0.0327155 0
    outer loop
      vertex 17.5 31 3
      vertex 17.5289 30.1171 0
      vertex 17.5289 30.1171 3
    endloop
  endfacet
  facet normal 0.412702 -0.910866 0
    outer loop
      vertex 36.1662 18.5276 0
      vertex 36.9709 18.8922 3
      vertex 36.1662 18.5276 3
    endloop
  endfacet
  facet normal 0.412702 -0.910866 0
    outer loop
      vertex 36.9709 18.8922 3
      vertex 36.1662 18.5276 0
      vertex 36.9709 18.8922 0
    endloop
  endfacet
  facet normal 0.812891 -0.582415 0
    outer loop
      vertex 41.7103 22.7817 3
      vertex 42.2248 23.4998 0
      vertex 42.2248 23.4998 3
    endloop
  endfacet
  facet normal 0.812891 -0.582415 0
    outer loop
      vertex 42.2248 23.4998 0
      vertex 41.7103 22.7817 3
      vertex 41.7103 22.7817 0
    endloop
  endfacet
  facet normal -0.0980243 -0.995184 0
    outer loop
      vertex 29.2379 17.6155 0
      vertex 30.1171 17.5289 3
      vertex 29.2379 17.6155 3
    endloop
  endfacet
  facet normal -0.0980243 -0.995184 -0
    outer loop
      vertex 30.1171 17.5289 3
      vertex 29.2379 17.6155 0
      vertex 30.1171 17.5289 0
    endloop
  endfacet
  facet normal 0.772978 -0.634433 0
    outer loop
      vertex 41.1498 22.0988 3
      vertex 41.7103 22.7817 0
      vertex 41.7103 22.7817 3
    endloop
  endfacet
  facet normal 0.772978 -0.634433 0
    outer loop
      vertex 41.7103 22.7817 0
      vertex 41.1498 22.0988 3
      vertex 41.1498 22.0988 0
    endloop
  endfacet
  facet normal -0.352264 0.935901 0
    outer loop
      vertex 26.6606 43.7836 0
      vertex 25.8338 43.4724 3
      vertex 26.6606 43.7836 3
    endloop
  endfacet
  facet normal -0.352264 0.935901 0
    outer loop
      vertex 25.8338 43.4724 3
      vertex 26.6606 43.7836 0
      vertex 25.8338 43.4724 0
    endloop
  endfacet
  facet normal -0.227058 0.973881 0
    outer loop
      vertex 28.3663 44.2406 0
      vertex 27.5059 44.04 3
      vertex 28.3663 44.2406 3
    endloop
  endfacet
  facet normal -0.227058 0.973881 0
    outer loop
      vertex 27.5059 44.04 3
      vertex 28.3663 44.2406 0
      vertex 27.5059 44.04 0
    endloop
  endfacet
  facet normal 0.582415 -0.812891 0
    outer loop
      vertex 38.5002 19.7752 0
      vertex 39.2183 20.2897 3
      vertex 38.5002 19.7752 3
    endloop
  endfacet
  facet normal 0.582415 -0.812891 0
    outer loop
      vertex 39.2183 20.2897 3
      vertex 38.5002 19.7752 0
      vertex 39.2183 20.2897 0
    endloop
  endfacet
  facet normal -0.973881 -0.227058 0
    outer loop
      vertex 17.96 27.5059 0
      vertex 17.7594 28.3663 3
      vertex 17.7594 28.3663 0
    endloop
  endfacet
  facet normal -0.973881 -0.227058 0
    outer loop
      vertex 17.7594 28.3663 3
      vertex 17.96 27.5059 0
      vertex 17.96 27.5059 3
    endloop
  endfacet
  facet normal -0.812891 -0.582415 0
    outer loop
      vertex 20.2897 22.7817 0
      vertex 19.7752 23.4998 3
      vertex 19.7752 23.4998 0
    endloop
  endfacet
  facet normal -0.812891 -0.582415 0
    outer loop
      vertex 19.7752 23.4998 3
      vertex 20.2897 22.7817 0
      vertex 20.2897 22.7817 3
    endloop
  endfacet
  facet normal -0.634433 -0.772978 0
    outer loop
      vertex 22.0988 20.8502 0
      vertex 22.7817 20.2897 3
      vertex 22.0988 20.8502 3
    endloop
  endfacet
  facet normal -0.634433 -0.772978 -0
    outer loop
      vertex 22.7817 20.2897 3
      vertex 22.0988 20.8502 0
      vertex 22.7817 20.2897 0
    endloop
  endfacet
  facet normal -0.0327155 0.999465 0
    outer loop
      vertex 31 44.5 0
      vertex 30.1171 44.4711 3
      vertex 31 44.5 3
    endloop
  endfacet
  facet normal -0.0327155 0.999465 0
    outer loop
      vertex 30.1171 44.4711 3
      vertex 31 44.5 0
      vertex 30.1171 44.4711 0
    endloop
  endfacet
  facet normal 0.290265 0.956946 -0
    outer loop
      vertex 35.3394 43.7836 0
      vertex 34.4941 44.04 3
      vertex 35.3394 43.7836 3
    endloop
  endfacet
  facet normal 0.290265 0.956946 0
    outer loop
      vertex 34.4941 44.04 3
      vertex 35.3394 43.7836 0
      vertex 34.4941 44.04 0
    endloop
  endfacet
  facet normal 0.995184 -0.0980243 0
    outer loop
      vertex 44.3845 29.2379 3
      vertex 44.4711 30.1171 0
      vertex 44.4711 30.1171 3
    endloop
  endfacet
  facet normal 0.995184 -0.0980243 0
    outer loop
      vertex 44.4711 30.1171 0
      vertex 44.3845 29.2379 3
      vertex 44.3845 29.2379 0
    endloop
  endfacet
  facet normal 0.999465 -0.0327155 0
    outer loop
      vertex 44.4711 30.1171 3
      vertex 44.5 31 0
      vertex 44.5 31 3
    endloop
  endfacet
  facet normal 0.999465 -0.0327155 0
    outer loop
      vertex 44.5 31 0
      vertex 44.4711 30.1171 3
      vertex 44.4711 30.1171 0
    endloop
  endfacet
  facet normal -0.956946 0.290265 0
    outer loop
      vertex 17.96 34.4941 0
      vertex 18.2164 35.3394 3
      vertex 18.2164 35.3394 0
    endloop
  endfacet
  facet normal -0.956946 0.290265 0
    outer loop
      vertex 18.2164 35.3394 3
      vertex 17.96 34.4941 0
      vertex 17.96 34.4941 3
    endloop
  endfacet
  facet normal -0.772978 0.634433 0
    outer loop
      vertex 20.2897 39.2183 0
      vertex 20.8502 39.9012 3
      vertex 20.8502 39.9012 0
    endloop
  endfacet
  facet normal -0.772978 0.634433 0
    outer loop
      vertex 20.8502 39.9012 3
      vertex 20.2897 39.2183 0
      vertex 20.2897 39.2183 3
    endloop
  endfacet
  facet normal 0.973881 -0.227058 0
    outer loop
      vertex 44.04 27.5059 3
      vertex 44.2406 28.3663 0
      vertex 44.2406 28.3663 3
    endloop
  endfacet
  facet normal 0.973881 -0.227058 0
    outer loop
      vertex 44.2406 28.3663 0
      vertex 44.04 27.5059 3
      vertex 44.04 27.5059 0
    endloop
  endfacet
  facet normal -0.910866 -0.412702 0
    outer loop
      vertex 18.8922 25.0291 0
      vertex 18.5276 25.8338 3
      vertex 18.5276 25.8338 0
    endloop
  endfacet
  facet normal -0.910866 -0.412702 0
    outer loop
      vertex 18.5276 25.8338 3
      vertex 18.8922 25.0291 0
      vertex 18.8922 25.0291 3
    endloop
  endfacet
  facet normal -0.634433 0.772978 0
    outer loop
      vertex 22.7817 41.7103 0
      vertex 22.0988 41.1498 3
      vertex 22.7817 41.7103 3
    endloop
  endfacet
  facet normal -0.634433 0.772978 0
    outer loop
      vertex 22.0988 41.1498 3
      vertex 22.7817 41.7103 0
      vertex 22.0988 41.1498 0
    endloop
  endfacet
  facet normal 0.683636 -0.729823 0
    outer loop
      vertex 39.9012 20.8502 0
      vertex 40.5459 21.4541 3
      vertex 39.9012 20.8502 3
    endloop
  endfacet
  facet normal 0.683636 -0.729823 0
    outer loop
      vertex 40.5459 21.4541 3
      vertex 39.9012 20.8502 0
      vertex 40.5459 21.4541 0
    endloop
  endfacet
  facet normal 0.352264 0.935901 -0
    outer loop
      vertex 36.1662 43.4724 0
      vertex 35.3394 43.7836 3
      vertex 36.1662 43.4724 3
    endloop
  endfacet
  facet normal 0.352264 0.935901 0
    outer loop
      vertex 35.3394 43.7836 3
      vertex 36.1662 43.4724 0
      vertex 35.3394 43.7836 0
    endloop
  endfacet
  facet normal 0.634433 0.772978 -0
    outer loop
      vertex 39.9012 41.1498 0
      vertex 39.2183 41.7103 3
      vertex 39.9012 41.1498 3
    endloop
  endfacet
  facet normal 0.634433 0.772978 0
    outer loop
      vertex 39.2183 41.7103 3
      vertex 39.9012 41.1498 0
      vertex 39.2183 41.7103 0
    endloop
  endfacet
  facet normal 0.812891 0.582415 0
    outer loop
      vertex 42.2248 38.5002 3
      vertex 41.7103 39.2183 0
      vertex 41.7103 39.2183 3
    endloop
  endfacet
  facet normal 0.812891 0.582415 0
    outer loop
      vertex 41.7103 39.2183 0
      vertex 42.2248 38.5002 3
      vertex 42.2248 38.5002 0
    endloop
  endfacet
  facet normal 0.986644 0.162894 0
    outer loop
      vertex 44.3845 32.7621 3
      vertex 44.2406 33.6337 0
      vertex 44.2406 33.6337 3
    endloop
  endfacet
  facet normal 0.986644 0.162894 0
    outer loop
      vertex 44.2406 33.6337 0
      vertex 44.3845 32.7621 3
      vertex 44.3845 32.7621 0
    endloop
  endfacet
  facet normal -0.729823 -0.683636 0
    outer loop
      vertex 21.4541 21.4541 0
      vertex 20.8502 22.0988 3
      vertex 20.8502 22.0988 0
    endloop
  endfacet
  facet normal -0.729823 -0.683636 0
    outer loop
      vertex 20.8502 22.0988 3
      vertex 21.4541 21.4541 0
      vertex 21.4541 21.4541 3
    endloop
  endfacet
  facet normal 0.0327155 0.999465 -0
    outer loop
      vertex 31.8829 44.4711 0
      vertex 31 44.5 3
      vertex 31.8829 44.4711 3
    endloop
  endfacet
  facet normal 0.0327155 0.999465 0
    outer loop
      vertex 31 44.5 3
      vertex 31.8829 44.4711 0
      vertex 31 44.5 0
    endloop
  endfacet
  facet normal -0.582415 -0.812891 0
    outer loop
      vertex 22.7817 20.2897 0
      vertex 23.4998 19.7752 3
      vertex 22.7817 20.2897 3
    endloop
  endfacet
  facet normal -0.582415 -0.812891 -0
    outer loop
      vertex 23.4998 19.7752 3
      vertex 22.7817 20.2897 0
      vertex 23.4998 19.7752 0
    endloop
  endfacet
  facet normal -0.995184 -0.0980243 0
    outer loop
      vertex 17.6155 29.2379 0
      vertex 17.5289 30.1171 3
      vertex 17.5289 30.1171 0
    endloop
  endfacet
  facet normal -0.995184 -0.0980243 0
    outer loop
      vertex 17.5289 30.1171 3
      vertex 17.6155 29.2379 0
      vertex 17.6155 29.2379 3
    endloop
  endfacet
  facet normal -0.352264 -0.935901 0
    outer loop
      vertex 25.8338 18.5276 0
      vertex 26.6606 18.2164 3
      vertex 25.8338 18.5276 3
    endloop
  endfacet
  facet normal -0.352264 -0.935901 -0
    outer loop
      vertex 26.6606 18.2164 3
      vertex 25.8338 18.5276 0
      vertex 26.6606 18.2164 0
    endloop
  endfacet
  facet normal -0.772978 -0.634433 0
    outer loop
      vertex 20.8502 22.0988 0
      vertex 20.2897 22.7817 3
      vertex 20.2897 22.7817 0
    endloop
  endfacet
  facet normal -0.772978 -0.634433 0
    outer loop
      vertex 20.2897 22.7817 3
      vertex 20.8502 22.0988 0
      vertex 20.8502 22.0988 3
    endloop
  endfacet
  facet normal -0.471452 0.881892 0
    outer loop
      vertex 25.0291 43.1078 0
      vertex 24.25 42.6913 3
      vertex 25.0291 43.1078 3
    endloop
  endfacet
  facet normal -0.471452 0.881892 0
    outer loop
      vertex 24.25 42.6913 3
      vertex 25.0291 43.1078 0
      vertex 24.25 42.6913 0
    endloop
  endfacet
  facet normal 0.849204 -0.528064 0
    outer loop
      vertex 42.2248 23.4998 3
      vertex 42.6913 24.25 0
      vertex 42.6913 24.25 3
    endloop
  endfacet
  facet normal 0.849204 -0.528064 0
    outer loop
      vertex 42.6913 24.25 0
      vertex 42.2248 23.4998 3
      vertex 42.2248 23.4998 0
    endloop
  endfacet
  facet normal -0.812891 0.582415 0
    outer loop
      vertex 19.7752 38.5002 0
      vertex 20.2897 39.2183 3
      vertex 20.2897 39.2183 0
    endloop
  endfacet
  facet normal -0.812891 0.582415 0
    outer loop
      vertex 20.2897 39.2183 3
      vertex 19.7752 38.5002 0
      vertex 19.7752 38.5002 3
    endloop
  endfacet
  facet normal -0.935901 0.352264 0
    outer loop
      vertex 18.2164 35.3394 0
      vertex 18.5276 36.1662 3
      vertex 18.5276 36.1662 0
    endloop
  endfacet
  facet normal -0.935901 0.352264 0
    outer loop
      vertex 18.5276 36.1662 3
      vertex 18.2164 35.3394 0
      vertex 18.2164 35.3394 3
    endloop
  endfacet
  facet normal 0.910866 0.412702 0
    outer loop
      vertex 43.4724 36.1662 3
      vertex 43.1078 36.9709 0
      vertex 43.1078 36.9709 3
    endloop
  endfacet
  facet normal 0.910866 0.412702 0
    outer loop
      vertex 43.1078 36.9709 0
      vertex 43.4724 36.1662 3
      vertex 43.4724 36.1662 0
    endloop
  endfacet
  facet normal -0.290265 -0.956946 0
    outer loop
      vertex 26.6606 18.2164 0
      vertex 27.5059 17.96 3
      vertex 26.6606 18.2164 3
    endloop
  endfacet
  facet normal -0.290265 -0.956946 -0
    outer loop
      vertex 27.5059 17.96 3
      vertex 26.6606 18.2164 0
      vertex 27.5059 17.96 0
    endloop
  endfacet
  facet normal -0.683636 -0.729823 0
    outer loop
      vertex 21.4541 21.4541 0
      vertex 22.0988 20.8502 3
      vertex 21.4541 21.4541 3
    endloop
  endfacet
  facet normal -0.683636 -0.729823 -0
    outer loop
      vertex 22.0988 20.8502 3
      vertex 21.4541 21.4541 0
      vertex 22.0988 20.8502 0
    endloop
  endfacet
  facet normal 0 0 1
    outer loop
      vertex 33.25 31 3
      vertex 44.5 31 3
      vertex 44.4711 31.8829 3
    endloop
  endfacet
  facet normal 0 0 1
    outer loop
      vertex 33.25 31 3
      vertex 44.4711 31.8829 3
      vertex 44.3845 32.7621 3
    endloop
  endfacet
  facet normal 0 0 1
    outer loop
      vertex 44.5 31 3
      vertex 33.25 31 3
      vertex 44.4711 30.1171 3
    endloop
  endfacet
  facet normal 0 0 1
    outer loop
      vertex 33.2068 31.439 3
      vertex 44.3845 32.7621 3
      vertex 44.2406 33.6337 3
    endloop
  endfacet
  facet normal 0 0 1
    outer loop
      vertex 44.4711 30.1171 3
      vertex 33.25 31 3
      vertex 44.3845 29.2379 3
    endloop
  endfacet
  facet normal 0 0 1
    outer loop
      vertex 33.2068 31.439 3
      vertex 44.2406 33.6337 3
      vertex 44.04 34.4941 3
    endloop
  endfacet
  facet normal -0 0 1
    outer loop
      vertex 33.2068 30.561 3
      vertex 44.3845 29.2379 3
      vertex 33.25 31 3
    endloop
  endfacet
  facet normal 0 0 1
    outer loop
      vertex 33.2068 31.439 3
      vertex 44.04 34.4941 3
      vertex 43.7836 35.3394 3
    endloop
  endfacet
  facet normal 0 0 1
    outer loop
      vertex 44.3845 29.2379 3
      vertex 33.2068 30.561 3
      vertex 44.2406 28.3663 3
    endloop
  endfacet
  facet normal 0 0 1
    outer loop
      vertex 33.0787 31.861 3
      vertex 43.7836 35.3394 3
      vertex 43.4724 36.1662 3
    endloop
  endfacet
  facet normal 0 0 1
    outer loop
      vertex 44.2406 28.3663 3
      vertex 33.2068 30.561 3
      vertex 44.04 27.5059 3
    endloop
  endfacet
  facet normal 0 0 1
    outer loop
      vertex 33.0787 31.861 3
      vertex 43.4724 36.1662 3
      vertex 43.1078 36.9709 3
    endloop
  endfacet
  facet normal 0 0 1
    outer loop
      vertex 44.04 27.5059 3
      vertex 33.2068 30.561 3
      vertex 43.7836 26.6606 3
    endloop
  endfacet
  facet normal 0 0 1
    outer loop
      vertex 33.0787 31.861 3
      vertex 43.1078 36.9709 3
      vertex 42.6913 37.75 3
    endloop
  endfacet
  facet normal -0 0 1
    outer loop
      vertex 33.0787 30.139 3
      vertex 43.7836 26.6606 3
      vertex 33.2068 30.561 3
    endloop
  endfacet
  facet normal 0 0 1
    outer loop
      vertex 32.8708 32.25 3
      vertex 42.6913 37.75 3
      vertex 42.2248 38.5002 3
    endloop
  endfacet
  facet normal 0 0 1
    outer loop
      vertex 43.7836 26.6606 3
      vertex 33.0787 30.139 3
      vertex 43.4724 25.8338 3
    endloop
  endfacet
  facet normal 0 0 1
    outer loop
      vertex 32.8708 32.25 3
      vertex 42.2248 38.5002 3
      vertex 41.7103 39.2183 3
    endloop
  endfacet
  facet normal 0 0 1
    outer loop
      vertex 43.4724 25.8338 3
      vertex 33.0787 30.139 3
      vertex 43.1078 25.0291 3
    endloop
  endfacet
  facet normal 0 0 1
    outer loop
      vertex 32.8708 32.25 3
      vertex 41.7103 39.2183 3
      vertex 41.1498 39.9012 3
    endloop
  endfacet
  facet normal 0 0 1
    outer loop
      vertex 43.1078 25.0291 3
      vertex 33.0787 30.139 3
      vertex 42.6913 24.25 3
    endloop
  endfacet
  facet normal 0 0 1
    outer loop
      vertex 32.591 32.591 3
      vertex 41.1498 39.9012 3
      vertex 40.5459 40.5459 3
    endloop
  endfacet
  facet normal -0 0 1
    outer loop
      vertex 32.8708 29.75 3
      vertex 42.6913 24.25 3
      vertex 33.0787 30.139 3
    endloop
  endfacet
  facet normal 0 0 1
    outer loop
      vertex 32.591 32.591 3
      vertex 40.5459 40.5459 3
      vertex 39.9012 41.1498 3
    endloop
  endfacet
  facet normal 0 0 1
    outer loop
      vertex 42.6913 24.25 3
      vertex 32.8708 29.75 3
      vertex 42.2248 23.4998 3
    endloop
  endfacet
  facet normal 0 0 1
    outer loop
      vertex 32.591 32.591 3
      vertex 39.9012 41.1498 3
      vertex 39.2183 41.7103 3
    endloop
  endfacet
  facet normal 0 0 1
    outer loop
      vertex 42.2248 23.4998 3
      vertex 32.8708 29.75 3
      vertex 41.7103 22.7817 3
    endloop
  endfacet
  facet normal 0 0 1
    outer loop
      vertex 32.25 32.8708 3
      vertex 39.2183 41.7103 3
      vertex 38.5002 42.2248 3
    endloop
  endfacet
  facet normal 0 0 1
    outer loop
      vertex 41.7103 22.7817 3
      vertex 32.8708 29.75 3
      vertex 41.1498 22.0988 3
    endloop
  endfacet
  facet normal 0 0 1
    outer loop
      vertex 32.25 32.8708 3
      vertex 38.5002 42.2248 3
      vertex 37.75 42.6913 3
    endloop
  endfacet
  facet normal -0 0 1
    outer loop
      vertex 32.591 29.409 3
      vertex 41.1498 22.0988 3
      vertex 32.8708 29.75 3
    endloop
  endfacet
  facet normal 0 0 1
    outer loop
      vertex 32.25 32.8708 3
      vertex 37.75 42.6913 3
      vertex 36.9709 43.1078 3
    endloop
  endfacet
  facet normal 0 0 1
    outer loop
      vertex 41.1498 22.0988 3
      vertex 32.591 29.409 3
      vertex 40.5459 21.4541 3
    endloop
  endfacet
  facet normal 0 0 1
    outer loop
      vertex 31.861 33.0787 3
      vertex 36.9709 43.1078 3
      vertex 36.1662 43.4724 3
    endloop
  endfacet
  facet normal 0 0 1
    outer loop
      vertex 40.5459 21.4541 3
      vertex 32.591 29.409 3
      vertex 39.9012 20.8502 3
    endloop
  endfacet
  facet normal 0 0 1
    outer loop
      vertex 31.861 33.0787 3
      vertex 36.1662 43.4724 3
      vertex 35.3394 43.7836 3
    endloop
  endfacet
  facet normal 0 0 1
    outer loop
      vertex 39.9012 20.8502 3
      vertex 32.591 29.409 3
      vertex 39.2183 20.2897 3
    endloop
  endfacet
  facet normal 0 0 1
    outer loop
      vertex 31.861 33.0787 3
      vertex 35.3394 43.7836 3
      vertex 34.4941 44.04 3
    endloop
  endfacet
  facet normal -0 0 1
    outer loop
      vertex 32.25 29.1292 3
      vertex 39.2183 20.2897 3
      vertex 32.591 29.409 3
    endloop
  endfacet
  facet normal 0 0 1
    outer loop
      vertex 31.439 33.2068 3
      vertex 34.4941 44.04 3
      vertex 33.6337 44.2406 3
    endloop
  endfacet
  facet normal 0 0 1
    outer loop
      vertex 39.2183 20.2897 3
      vertex 32.25 29.1292 3
      vertex 38.5002 19.7752 3
    endloop
  endfacet
  facet normal 0 0 1
    outer loop
      vertex 38.5002 19.7752 3
      vertex 32.25 29.1292 3
      vertex 37.75 19.3087 3
    endloop
  endfacet
  facet normal 0 0 1
    outer loop
      vertex 44.3845 32.7621 3
      vertex 33.2068 31.439 3
      vertex 33.25 31 3
    endloop
  endfacet
  facet normal 0 0 1
    outer loop
      vertex 43.7836 35.3394 3
      vertex 33.0787 31.861 3
      vertex 33.2068 31.439 3
    endloop
  endfacet
  facet normal 0 0 1
    outer loop
      vertex 42.6913 37.75 3
      vertex 32.8708 32.25 3
      vertex 33.0787 31.861 3
    endloop
  endfacet
  facet normal 0 0 1
    outer loop
      vertex 31.439 33.2068 3
      vertex 33.6337 44.2406 3
      vertex 32.7621 44.3845 3
    endloop
  endfacet
  facet normal 0 0 1
    outer loop
      vertex 41.1498 39.9012 3
      vertex 32.591 32.591 3
      vertex 32.8708 32.25 3
    endloop
  endfacet
  facet normal 0 0 1
    outer loop
      vertex 39.2183 41.7103 3
      vertex 32.25 32.8708 3
      vertex 32.591 32.591 3
    endloop
  endfacet
  facet normal 0 0 1
    outer loop
      vertex 31.439 33.2068 3
      vertex 32.7621 44.3845 3
      vertex 31.8829 44.4711 3
    endloop
  endfacet
  facet normal 0 0 1
    outer loop
      vertex 36.9709 43.1078 3
      vertex 31.861 33.0787 3
      vertex 32.25 32.8708 3
    endloop
  endfacet
  facet normal 0 0 1
    outer loop
      vertex 34.4941 44.04 3
      vertex 31.439 33.2068 3
      vertex 31.861 33.0787 3
    endloop
  endfacet
  facet normal 0 0 1
    outer loop
      vertex 31 33.25 3
      vertex 31.8829 44.4711 3
      vertex 31 44.5 3
    endloop
  endfacet
  facet normal 0 0 1
    outer loop
      vertex 31.8829 44.4711 3
      vertex 31 33.25 3
      vertex 31.439 33.2068 3
    endloop
  endfacet
  facet normal -0 0 1
    outer loop
      vertex 30.1171 44.4711 3
      vertex 31 33.25 3
      vertex 31 44.5 3
    endloop
  endfacet
  facet normal 0 0 1
    outer loop
      vertex 31 33.25 3
      vertex 30.1171 44.4711 3
      vertex 30.561 33.2068 3
    endloop
  endfacet
  facet normal -0 0 1
    outer loop
      vertex 29.2379 44.3845 3
      vertex 30.561 33.2068 3
      vertex 30.1171 44.4711 3
    endloop
  endfacet
  facet normal -0 0 1
    outer loop
      vertex 28.3663 44.2406 3
      vertex 30.561 33.2068 3
      vertex 29.2379 44.3845 3
    endloop
  endfacet
  facet normal -0 0 1
    outer loop
      vertex 27.5059 44.04 3
      vertex 30.561 33.2068 3
      vertex 28.3663 44.2406 3
    endloop
  endfacet
  facet normal 0 0 1
    outer loop
      vertex 30.561 33.2068 3
      vertex 27.5059 44.04 3
      vertex 30.139 33.0787 3
    endloop
  endfacet
  facet normal -0 0 1
    outer loop
      vertex 26.6606 43.7836 3
      vertex 30.139 33.0787 3
      vertex 27.5059 44.04 3
    endloop
  endfacet
  facet normal -0 0 1
    outer loop
      vertex 25.8338 43.4724 3
      vertex 30.139 33.0787 3
      vertex 26.6606 43.7836 3
    endloop
  endfacet
  facet normal -0 0 1
    outer loop
      vertex 25.0291 43.1078 3
      vertex 30.139 33.0787 3
      vertex 25.8338 43.4724 3
    endloop
  endfacet
  facet normal 0 0 1
    outer loop
      vertex 30.139 33.0787 3
      vertex 25.0291 43.1078 3
      vertex 29.75 32.8708 3
    endloop
  endfacet
  facet normal -0 0 1
    outer loop
      vertex 24.25 42.6913 3
      vertex 29.75 32.8708 3
      vertex 25.0291 43.1078 3
    endloop
  endfacet
  facet normal 0 0 1
    outer loop
      vertex 37.75 19.3087 3
      vertex 32.25 29.1292 3
      vertex 36.9709 18.8922 3
    endloop
  endfacet
  facet normal -0 0 1
    outer loop
      vertex 31.861 28.9213 3
      vertex 36.9709 18.8922 3
      vertex 32.25 29.1292 3
    endloop
  endfacet
  facet normal 0 0 1
    outer loop
      vertex 36.9709 18.8922 3
      vertex 31.861 28.9213 3
      vertex 36.1662 18.5276 3
    endloop
  endfacet
  facet normal 0 0 1
    outer loop
      vertex 36.1662 18.5276 3
      vertex 31.861 28.9213 3
      vertex 35.3394 18.2164 3
    endloop
  endfacet
  facet normal 0 0 1
    outer loop
      vertex 35.3394 18.2164 3
      vertex 31.861 28.9213 3
      vertex 34.4941 17.96 3
    endloop
  endfacet
  facet normal -0 0 1
    outer loop
      vertex 31.439 28.7932 3
      vertex 34.4941 17.96 3
      vertex 31.861 28.9213 3
    endloop
  endfacet
  facet normal 0 0 1
    outer loop
      vertex 34.4941 17.96 3
      vertex 31.439 28.7932 3
      vertex 33.6337 17.7594 3
    endloop
  endfacet
  facet normal 0 0 1
    outer loop
      vertex 33.6337 17.7594 3
      vertex 31.439 28.7932 3
      vertex 32.7621 17.6155 3
    endloop
  endfacet
  facet normal 0 0 1
    outer loop
      vertex 32.7621 17.6155 3
      vertex 31.439 28.7932 3
      vertex 31.8829 17.5289 3
    endloop
  endfacet
  facet normal -0 0 1
    outer loop
      vertex 31 28.75 3
      vertex 31.8829 17.5289 3
      vertex 31.439 28.7932 3
    endloop
  endfacet
  facet normal 0 0 1
    outer loop
      vertex 31 28.75 3
      vertex 31 17.5 3
      vertex 31.8829 17.5289 3
    endloop
  endfacet
  facet normal 0 0 1
    outer loop
      vertex 30.1171 17.5289 3
      vertex 31 28.75 3
      vertex 30.561 28.7932 3
    endloop
  endfacet
  facet normal 0 0 1
    outer loop
      vertex 27.5059 17.96 3
      vertex 30.561 28.7932 3
      vertex 30.139 28.9213 3
    endloop
  endfacet
  facet normal 0 0 1
    outer loop
      vertex 31 28.75 3
      vertex 30.1171 17.5289 3
      vertex 31 17.5 3
    endloop
  endfacet
  facet normal 0 0 1
    outer loop
      vertex 25.0291 18.8922 3
      vertex 30.139 28.9213 3
      vertex 29.75 29.1292 3
    endloop
  endfacet
  facet normal 0 0 1
    outer loop
      vertex 22.7817 20.2897 3
      vertex 29.75 29.1292 3
      vertex 29.409 29.409 3
    endloop
  endfacet
  facet normal 0 0 1
    outer loop
      vertex 30.561 28.7932 3
      vertex 29.2379 17.6155 3
      vertex 30.1171 17.5289 3
    endloop
  endfacet
  facet normal 0 0 1
    outer loop
      vertex 20.8502 22.0988 3
      vertex 29.409 29.409 3
      vertex 29.1292 29.75 3
    endloop
  endfacet
  facet normal 0 0 1
    outer loop
      vertex 19.3087 24.25 3
      vertex 29.1292 29.75 3
      vertex 28.9213 30.139 3
    endloop
  endfacet
  facet normal 0 0 1
    outer loop
      vertex 18.2164 26.6606 3
      vertex 28.9213 30.139 3
      vertex 28.7932 30.561 3
    endloop
  endfacet
  facet normal 0 0 1
    outer loop
      vertex 17.6155 29.2379 3
      vertex 28.7932 30.561 3
      vertex 28.75 31 3
    endloop
  endfacet
  facet normal 0 0 1
    outer loop
      vertex 30.561 28.7932 3
      vertex 28.3663 17.7594 3
      vertex 29.2379 17.6155 3
    endloop
  endfacet
  facet normal -0 0 1
    outer loop
      vertex 23.4998 42.2248 3
      vertex 29.75 32.8708 3
      vertex 24.25 42.6913 3
    endloop
  endfacet
  facet normal -0 0 1
    outer loop
      vertex 22.7817 41.7103 3
      vertex 29.75 32.8708 3
      vertex 23.4998 42.2248 3
    endloop
  endfacet
  facet normal 0 0 1
    outer loop
      vertex 30.561 28.7932 3
      vertex 27.5059 17.96 3
      vertex 28.3663 17.7594 3
    endloop
  endfacet
  facet normal 0 0 1
    outer loop
      vertex 29.75 32.8708 3
      vertex 22.7817 41.7103 3
      vertex 29.409 32.591 3
    endloop
  endfacet
  facet normal 0 0 1
    outer loop
      vertex 30.139 28.9213 3
      vertex 26.6606 18.2164 3
      vertex 27.5059 17.96 3
    endloop
  endfacet
  facet normal -0 0 1
    outer loop
      vertex 22.0988 41.1498 3
      vertex 29.409 32.591 3
      vertex 22.7817 41.7103 3
    endloop
  endfacet
  facet normal 0 0 1
    outer loop
      vertex 30.139 28.9213 3
      vertex 25.8338 18.5276 3
      vertex 26.6606 18.2164 3
    endloop
  endfacet
  facet normal -0 0 1
    outer loop
      vertex 21.4541 40.5459 3
      vertex 29.409 32.591 3
      vertex 22.0988 41.1498 3
    endloop
  endfacet
  facet normal 0 0 1
    outer loop
      vertex 30.139 28.9213 3
      vertex 25.0291 18.8922 3
      vertex 25.8338 18.5276 3
    endloop
  endfacet
  facet normal -0 0 1
    outer loop
      vertex 20.8502 39.9012 3
      vertex 29.409 32.591 3
      vertex 21.4541 40.5459 3
    endloop
  endfacet
  facet normal 0 0 1
    outer loop
      vertex 29.75 29.1292 3
      vertex 24.25 19.3087 3
      vertex 25.0291 18.8922 3
    endloop
  endfacet
  facet normal 0 0 1
    outer loop
      vertex 29.409 32.591 3
      vertex 20.8502 39.9012 3
      vertex 29.1292 32.25 3
    endloop
  endfacet
  facet normal 0 0 1
    outer loop
      vertex 29.75 29.1292 3
      vertex 23.4998 19.7752 3
      vertex 24.25 19.3087 3
    endloop
  endfacet
  facet normal -0 0 1
    outer loop
      vertex 20.2897 39.2183 3
      vertex 29.1292 32.25 3
      vertex 20.8502 39.9012 3
    endloop
  endfacet
  facet normal 0 0 1
    outer loop
      vertex 29.75 29.1292 3
      vertex 22.7817 20.2897 3
      vertex 23.4998 19.7752 3
    endloop
  endfacet
  facet normal -0 0 1
    outer loop
      vertex 19.7752 38.5002 3
      vertex 29.1292 32.25 3
      vertex 20.2897 39.2183 3
    endloop
  endfacet
  facet normal 0 0 1
    outer loop
      vertex 29.409 29.409 3
      vertex 22.0988 20.8502 3
      vertex 22.7817 20.2897 3
    endloop
  endfacet
  facet normal -0 0 1
    outer loop
      vertex 19.3087 37.75 3
      vertex 29.1292 32.25 3
      vertex 19.7752 38.5002 3
    endloop
  endfacet
  facet normal 0 0 1
    outer loop
      vertex 29.409 29.409 3
      vertex 21.4541 21.4541 3
      vertex 22.0988 20.8502 3
    endloop
  endfacet
  facet normal 0 0 1
    outer loop
      vertex 29.1292 32.25 3
      vertex 19.3087 37.75 3
      vertex 28.9213 31.861 3
    endloop
  endfacet
  facet normal 0 0 1
    outer loop
      vertex 29.409 29.409 3
      vertex 20.8502 22.0988 3
      vertex 21.4541 21.4541 3
    endloop
  endfacet
  facet normal -0 0 1
    outer loop
      vertex 18.8922 36.9709 3
      vertex 28.9213 31.861 3
      vertex 19.3087 37.75 3
    endloop
  endfacet
  facet normal 0 0 1
    outer loop
      vertex 29.1292 29.75 3
      vertex 20.2897 22.7817 3
      vertex 20.8502 22.0988 3
    endloop
  endfacet
  facet normal -0 0 1
    outer loop
      vertex 18.5276 36.1662 3
      vertex 28.9213 31.861 3
      vertex 18.8922 36.9709 3
    endloop
  endfacet
  facet normal 0 0 1
    outer loop
      vertex 29.1292 29.75 3
      vertex 19.7752 23.4998 3
      vertex 20.2897 22.7817 3
    endloop
  endfacet
  facet normal -0 0 1
    outer loop
      vertex 18.2164 35.3394 3
      vertex 28.9213 31.861 3
      vertex 18.5276 36.1662 3
    endloop
  endfacet
  facet normal 0 0 1
    outer loop
      vertex 29.1292 29.75 3
      vertex 19.3087 24.25 3
      vertex 19.7752 23.4998 3
    endloop
  endfacet
  facet normal 0 0 1
    outer loop
      vertex 28.9213 31.861 3
      vertex 18.2164 35.3394 3
      vertex 28.7932 31.439 3
    endloop
  endfacet
  facet normal 0 0 1
    outer loop
      vertex 28.9213 30.139 3
      vertex 18.8922 25.0291 3
      vertex 19.3087 24.25 3
    endloop
  endfacet
  facet normal -0 0 1
    outer loop
      vertex 17.96 34.4941 3
      vertex 28.7932 31.439 3
      vertex 18.2164 35.3394 3
    endloop
  endfacet
  facet normal 0 0 1
    outer loop
      vertex 28.9213 30.139 3
      vertex 18.5276 25.8338 3
      vertex 18.8922 25.0291 3
    endloop
  endfacet
  facet normal -0 0 1
    outer loop
      vertex 17.7594 33.6337 3
      vertex 28.7932 31.439 3
      vertex 17.96 34.4941 3
    endloop
  endfacet
  facet normal 0 0 1
    outer loop
      vertex 28.9213 30.139 3
      vertex 18.2164 26.6606 3
      vertex 18.5276 25.8338 3
    endloop
  endfacet
  facet normal -0 0 1
    outer loop
      vertex 17.6155 32.7621 3
      vertex 28.7932 31.439 3
      vertex 17.7594 33.6337 3
    endloop
  endfacet
  facet normal 0 0 1
    outer loop
      vertex 28.7932 30.561 3
      vertex 17.96 27.5059 3
      vertex 18.2164 26.6606 3
    endloop
  endfacet
  facet normal 0 0 1
    outer loop
      vertex 28.7932 31.439 3
      vertex 17.6155 32.7621 3
      vertex 28.75 31 3
    endloop
  endfacet
  facet normal 0 0 1
    outer loop
      vertex 28.7932 30.561 3
      vertex 17.7594 28.3663 3
      vertex 17.96 27.5059 3
    endloop
  endfacet
  facet normal -0 0 1
    outer loop
      vertex 17.5289 31.8829 3
      vertex 28.75 31 3
      vertex 17.6155 32.7621 3
    endloop
  endfacet
  facet normal 0 0 1
    outer loop
      vertex 28.7932 30.561 3
      vertex 17.6155 29.2379 3
      vertex 17.7594 28.3663 3
    endloop
  endfacet
  facet normal 0 0 1
    outer loop
      vertex 17.5 31 3
      vertex 28.75 31 3
      vertex 17.5289 31.8829 3
    endloop
  endfacet
  facet normal 0 0 1
    outer loop
      vertex 28.75 31 3
      vertex 17.5289 30.1171 3
      vertex 17.6155 29.2379 3
    endloop
  endfacet
  facet normal 0 0 1
    outer loop
      vertex 28.75 31 3
      vertex 17.5 31 3
      vertex 17.5289 30.1171 3
    endloop
  endfacet
  facet normal 0 0 -1
    outer loop
      vertex 33.25 31 0
      vertex 44.5 31 0
      vertex 44.4711 30.1171 0
    endloop
  endfacet
  facet normal 0 0 -1
    outer loop
      vertex 33.25 31 0
      vertex 44.4711 30.1171 0
      vertex 44.3845 29.2379 0
    endloop
  endfacet
  facet normal 0 0 -1
    outer loop
      vertex 44.5 31 0
      vertex 33.25 31 0
      vertex 44.4711 31.8829 0
    endloop
  endfacet
  facet normal 0 0 -1
    outer loop
      vertex 33.2068 30.561 0
      vertex 44.3845 29.2379 0
      vertex 44.2406 28.3663 0
    endloop
  endfacet
  facet normal -0 0 -1
    outer loop
      vertex 44.4711 31.8829 0
      vertex 33.25 31 0
      vertex 44.3845 32.7621 0
    endloop
  endfacet
  facet normal 0 0 -1
    outer loop
      vertex 33.2068 30.561 0
      vertex 44.2406 28.3663 0
      vertex 44.04 27.5059 0
    endloop
  endfacet
  facet normal 0 0 -1
    outer loop
      vertex 33.2068 31.439 0
      vertex 44.3845 32.7621 0
      vertex 33.25 31 0
    endloop
  endfacet
  facet normal 0 0 -1
    outer loop
      vertex 33.2068 30.561 0
      vertex 44.04 27.5059 0
      vertex 43.7836 26.6606 0
    endloop
  endfacet
  facet normal -0 0 -1
    outer loop
      vertex 44.3845 32.7621 0
      vertex 33.2068 31.439 0
      vertex 44.2406 33.6337 0
    endloop
  endfacet
  facet normal 0 0 -1
    outer loop
      vertex 33.0787 30.139 0
      vertex 43.7836 26.6606 0
      vertex 43.4724 25.8338 0
    endloop
  endfacet
  facet normal -0 0 -1
    outer loop
      vertex 44.2406 33.6337 0
      vertex 33.2068 31.439 0
      vertex 44.04 34.4941 0
    endloop
  endfacet
  facet normal 0 0 -1
    outer loop
      vertex 33.0787 30.139 0
      vertex 43.4724 25.8338 0
      vertex 43.1078 25.0291 0
    endloop
  endfacet
  facet normal -0 0 -1
    outer loop
      vertex 44.04 34.4941 0
      vertex 33.2068 31.439 0
      vertex 43.7836 35.3394 0
    endloop
  endfacet
  facet normal 0 0 -1
    outer loop
      vertex 33.0787 30.139 0
      vertex 43.1078 25.0291 0
      vertex 42.6913 24.25 0
    endloop
  endfacet
  facet normal 0 0 -1
    outer loop
      vertex 33.0787 31.861 0
      vertex 43.7836 35.3394 0
      vertex 33.2068 31.439 0
    endloop
  endfacet
  facet normal 0 0 -1
    outer loop
      vertex 32.8708 29.75 0
      vertex 42.6913 24.25 0
      vertex 42.2248 23.4998 0
    endloop
  endfacet
  facet normal -0 0 -1
    outer loop
      vertex 43.7836 35.3394 0
      vertex 33.0787 31.861 0
      vertex 43.4724 36.1662 0
    endloop
  endfacet
  facet normal 0 0 -1
    outer loop
      vertex 32.8708 29.75 0
      vertex 42.2248 23.4998 0
      vertex 41.7103 22.7817 0
    endloop
  endfacet
  facet normal -0 0 -1
    outer loop
      vertex 43.4724 36.1662 0
      vertex 33.0787 31.861 0
      vertex 43.1078 36.9709 0
    endloop
  endfacet
  facet normal 0 0 -1
    outer loop
      vertex 32.8708 29.75 0
      vertex 41.7103 22.7817 0
      vertex 41.1498 22.0988 0
    endloop
  endfacet
  facet normal -0 0 -1
    outer loop
      vertex 43.1078 36.9709 0
      vertex 33.0787 31.861 0
      vertex 42.6913 37.75 0
    endloop
  endfacet
  facet normal 0 0 -1
    outer loop
      vertex 32.591 29.409 0
      vertex 41.1498 22.0988 0
      vertex 40.5459 21.4541 0
    endloop
  endfacet
  facet normal 0 0 -1
    outer loop
      vertex 32.8708 32.25 0
      vertex 42.6913 37.75 0
      vertex 33.0787 31.861 0
    endloop
  endfacet
  facet normal 0 0 -1
    outer loop
      vertex 32.591 29.409 0
      vertex 40.5459 21.4541 0
      vertex 39.9012 20.8502 0
    endloop
  endfacet
  facet normal -0 0 -1
    outer loop
      vertex 42.6913 37.75 0
      vertex 32.8708 32.25 0
      vertex 42.2248 38.5002 0
    endloop
  endfacet
  facet normal 0 0 -1
    outer loop
      vertex 32.591 29.409 0
      vertex 39.9012 20.8502 0
      vertex 39.2183 20.2897 0
    endloop
  endfacet
  facet normal -0 0 -1
    outer loop
      vertex 42.2248 38.5002 0
      vertex 32.8708 32.25 0
      vertex 41.7103 39.2183 0
    endloop
  endfacet
  facet normal 0 0 -1
    outer loop
      vertex 32.25 29.1292 0
      vertex 39.2183 20.2897 0
      vertex 38.5002 19.7752 0
    endloop
  endfacet
  facet normal -0 0 -1
    outer loop
      vertex 41.7103 39.2183 0
      vertex 32.8708 32.25 0
      vertex 41.1498 39.9012 0
    endloop
  endfacet
  facet normal 0 0 -1
    outer loop
      vertex 32.25 29.1292 0
      vertex 38.5002 19.7752 0
      vertex 37.75 19.3087 0
    endloop
  endfacet
  facet normal 0 0 -1
    outer loop
      vertex 32.591 32.591 0
      vertex 41.1498 39.9012 0
      vertex 32.8708 32.25 0
    endloop
  endfacet
  facet normal 0 0 -1
    outer loop
      vertex 32.25 29.1292 0
      vertex 37.75 19.3087 0
      vertex 36.9709 18.8922 0
    endloop
  endfacet
  facet normal -0 0 -1
    outer loop
      vertex 41.1498 39.9012 0
      vertex 32.591 32.591 0
      vertex 40.5459 40.5459 0
    endloop
  endfacet
  facet normal 0 0 -1
    outer loop
      vertex 31.861 28.9213 0
      vertex 36.9709 18.8922 0
      vertex 36.1662 18.5276 0
    endloop
  endfacet
  facet normal -0 0 -1
    outer loop
      vertex 40.5459 40.5459 0
      vertex 32.591 32.591 0
      vertex 39.9012 41.1498 0
    endloop
  endfacet
  facet normal 0 0 -1
    outer loop
      vertex 31.861 28.9213 0
      vertex 36.1662 18.5276 0
      vertex 35.3394 18.2164 0
    endloop
  endfacet
  facet normal -0 0 -1
    outer loop
      vertex 39.9012 41.1498 0
      vertex 32.591 32.591 0
      vertex 39.2183 41.7103 0
    endloop
  endfacet
  facet normal 0 0 -1
    outer loop
      vertex 31.861 28.9213 0
      vertex 35.3394 18.2164 0
      vertex 34.4941 17.96 0
    endloop
  endfacet
  facet normal 0 0 -1
    outer loop
      vertex 32.25 32.8708 0
      vertex 39.2183 41.7103 0
      vertex 32.591 32.591 0
    endloop
  endfacet
  facet normal 0 0 -1
    outer loop
      vertex 31.439 28.7932 0
      vertex 34.4941 17.96 0
      vertex 33.6337 17.7594 0
    endloop
  endfacet
  facet normal -0 0 -1
    outer loop
      vertex 39.2183 41.7103 0
      vertex 32.25 32.8708 0
      vertex 38.5002 42.2248 0
    endloop
  endfacet
  facet normal -0 0 -1
    outer loop
      vertex 38.5002 42.2248 0
      vertex 32.25 32.8708 0
      vertex 37.75 42.6913 0
    endloop
  endfacet
  facet normal 0 0 -1
    outer loop
      vertex 44.3845 29.2379 0
      vertex 33.2068 30.561 0
      vertex 33.25 31 0
    endloop
  endfacet
  facet normal 0 0 -1
    outer loop
      vertex 43.7836 26.6606 0
      vertex 33.0787 30.139 0
      vertex 33.2068 30.561 0
    endloop
  endfacet
  facet normal 0 0 -1
    outer loop
      vertex 42.6913 24.25 0
      vertex 32.8708 29.75 0
      vertex 33.0787 30.139 0
    endloop
  endfacet
  facet normal 0 0 -1
    outer loop
      vertex 31.439 28.7932 0
      vertex 33.6337 17.7594 0
      vertex 32.7621 17.6155 0
    endloop
  endfacet
  facet normal 0 0 -1
    outer loop
      vertex 41.1498 22.0988 0
      vertex 32.591 29.409 0
      vertex 32.8708 29.75 0
    endloop
  endfacet
  facet normal 0 0 -1
    outer loop
      vertex 39.2183 20.2897 0
      vertex 32.25 29.1292 0
      vertex 32.591 29.409 0
    endloop
  endfacet
  facet normal 0 0 -1
    outer loop
      vertex 31.439 28.7932 0
      vertex 32.7621 17.6155 0
      vertex 31.8829 17.5289 0
    endloop
  endfacet
  facet normal 0 0 -1
    outer loop
      vertex 36.9709 18.8922 0
      vertex 31.861 28.9213 0
      vertex 32.25 29.1292 0
    endloop
  endfacet
  facet normal 0 0 -1
    outer loop
      vertex 34.4941 17.96 0
      vertex 31.439 28.7932 0
      vertex 31.861 28.9213 0
    endloop
  endfacet
  facet normal 0 0 -1
    outer loop
      vertex 31 28.75 0
      vertex 31.8829 17.5289 0
      vertex 31 17.5 0
    endloop
  endfacet
  facet normal 0 0 -1
    outer loop
      vertex 31.8829 17.5289 0
      vertex 31 28.75 0
      vertex 31.439 28.7932 0
    endloop
  endfacet
  facet normal 0 0 -1
    outer loop
      vertex 30.1171 17.5289 0
      vertex 31 28.75 0
      vertex 31 17.5 0
    endloop
  endfacet
  facet normal -0 0 -1
    outer loop
      vertex 31 28.75 0
      vertex 30.1171 17.5289 0
      vertex 30.561 28.7932 0
    endloop
  endfacet
  facet normal 0 0 -1
    outer loop
      vertex 29.2379 17.6155 0
      vertex 30.561 28.7932 0
      vertex 30.1171 17.5289 0
    endloop
  endfacet
  facet normal 0 0 -1
    outer loop
      vertex 28.3663 17.7594 0
      vertex 30.561 28.7932 0
      vertex 29.2379 17.6155 0
    endloop
  endfacet
  facet normal 0 0 -1
    outer loop
      vertex 27.5059 17.96 0
      vertex 30.561 28.7932 0
      vertex 28.3663 17.7594 0
    endloop
  endfacet
  facet normal -0 0 -1
    outer loop
      vertex 30.561 28.7932 0
      vertex 27.5059 17.96 0
      vertex 30.139 28.9213 0
    endloop
  endfacet
  facet normal 0 0 -1
    outer loop
      vertex 26.6606 18.2164 0
      vertex 30.139 28.9213 0
      vertex 27.5059 17.96 0
    endloop
  endfacet
  facet normal 0 0 -1
    outer loop
      vertex 25.8338 18.5276 0
      vertex 30.139 28.9213 0
      vertex 26.6606 18.2164 0
    endloop
  endfacet
  facet normal 0 0 -1
    outer loop
      vertex 25.0291 18.8922 0
      vertex 30.139 28.9213 0
      vertex 25.8338 18.5276 0
    endloop
  endfacet
  facet normal -0 0 -1
    outer loop
      vertex 30.139 28.9213 0
      vertex 25.0291 18.8922 0
      vertex 29.75 29.1292 0
    endloop
  endfacet
  facet normal 0 0 -1
    outer loop
      vertex 24.25 19.3087 0
      vertex 29.75 29.1292 0
      vertex 25.0291 18.8922 0
    endloop
  endfacet
  facet normal -0 0 -1
    outer loop
      vertex 37.75 42.6913 0
      vertex 32.25 32.8708 0
      vertex 36.9709 43.1078 0
    endloop
  endfacet
  facet normal 0 0 -1
    outer loop
      vertex 31.861 33.0787 0
      vertex 36.9709 43.1078 0
      vertex 32.25 32.8708 0
    endloop
  endfacet
  facet normal -0 0 -1
    outer loop
      vertex 36.9709 43.1078 0
      vertex 31.861 33.0787 0
      vertex 36.1662 43.4724 0
    endloop
  endfacet
  facet normal -0 0 -1
    outer loop
      vertex 36.1662 43.4724 0
      vertex 31.861 33.0787 0
      vertex 35.3394 43.7836 0
    endloop
  endfacet
  facet normal -0 0 -1
    outer loop
      vertex 35.3394 43.7836 0
      vertex 31.861 33.0787 0
      vertex 34.4941 44.04 0
    endloop
  endfacet
  facet normal 0 0 -1
    outer loop
      vertex 31.439 33.2068 0
      vertex 34.4941 44.04 0
      vertex 31.861 33.0787 0
    endloop
  endfacet
  facet normal -0 0 -1
    outer loop
      vertex 34.4941 44.04 0
      vertex 31.439 33.2068 0
      vertex 33.6337 44.2406 0
    endloop
  endfacet
  facet normal -0 0 -1
    outer loop
      vertex 33.6337 44.2406 0
      vertex 31.439 33.2068 0
      vertex 32.7621 44.3845 0
    endloop
  endfacet
  facet normal -0 0 -1
    outer loop
      vertex 32.7621 44.3845 0
      vertex 31.439 33.2068 0
      vertex 31.8829 44.4711 0
    endloop
  endfacet
  facet normal 0 0 -1
    outer loop
      vertex 31 33.25 0
      vertex 31.8829 44.4711 0
      vertex 31.439 33.2068 0
    endloop
  endfacet
  facet normal 0 0 -1
    outer loop
      vertex 31 33.25 0
      vertex 31 44.5 0
      vertex 31.8829 44.4711 0
    endloop
  endfacet
  facet normal 0 0 -1
    outer loop
      vertex 30.1171 44.4711 0
      vertex 31 33.25 0
      vertex 30.561 33.2068 0
    endloop
  endfacet
  facet normal 0 0 -1
    outer loop
      vertex 27.5059 44.04 0
      vertex 30.561 33.2068 0
      vertex 30.139 33.0787 0
    endloop
  endfacet
  facet normal 0 0 -1
    outer loop
      vertex 31 33.25 0
      vertex 30.1171 44.4711 0
      vertex 31 44.5 0
    endloop
  endfacet
  facet normal 0 0 -1
    outer loop
      vertex 25.0291 43.1078 0
      vertex 30.139 33.0787 0
      vertex 29.75 32.8708 0
    endloop
  endfacet
  facet normal 0 0 -1
    outer loop
      vertex 22.7817 41.7103 0
      vertex 29.75 32.8708 0
      vertex 29.409 32.591 0
    endloop
  endfacet
  facet normal 0 0 -1
    outer loop
      vertex 30.561 33.2068 0
      vertex 29.2379 44.3845 0
      vertex 30.1171 44.4711 0
    endloop
  endfacet
  facet normal 0 0 -1
    outer loop
      vertex 20.8502 39.9012 0
      vertex 29.409 32.591 0
      vertex 29.1292 32.25 0
    endloop
  endfacet
  facet normal 0 0 -1
    outer loop
      vertex 19.3087 37.75 0
      vertex 29.1292 32.25 0
      vertex 28.9213 31.861 0
    endloop
  endfacet
  facet normal 0 0 -1
    outer loop
      vertex 18.2164 35.3394 0
      vertex 28.9213 31.861 0
      vertex 28.7932 31.439 0
    endloop
  endfacet
  facet normal 0 0 -1
    outer loop
      vertex 17.6155 32.7621 0
      vertex 28.7932 31.439 0
      vertex 28.75 31 0
    endloop
  endfacet
  facet normal 0 0 -1
    outer loop
      vertex 30.561 33.2068 0
      vertex 28.3663 44.2406 0
      vertex 29.2379 44.3845 0
    endloop
  endfacet
  facet normal 0 0 -1
    outer loop
      vertex 23.4998 19.7752 0
      vertex 29.75 29.1292 0
      vertex 24.25 19.3087 0
    endloop
  endfacet
  facet normal 0 0 -1
    outer loop
      vertex 22.7817 20.2897 0
      vertex 29.75 29.1292 0
      vertex 23.4998 19.7752 0
    endloop
  endfacet
  facet normal 0 0 -1
    outer loop
      vertex 30.561 33.2068 0
      vertex 27.5059 44.04 0
      vertex 28.3663 44.2406 0
    endloop
  endfacet
  facet normal -0 0 -1
    outer loop
      vertex 29.75 29.1292 0
      vertex 22.7817 20.2897 0
      vertex 29.409 29.409 0
    endloop
  endfacet
  facet normal 0 0 -1
    outer loop
      vertex 30.139 33.0787 0
      vertex 26.6606 43.7836 0
      vertex 27.5059 44.04 0
    endloop
  endfacet
  facet normal 0 0 -1
    outer loop
      vertex 22.0988 20.8502 0
      vertex 29.409 29.409 0
      vertex 22.7817 20.2897 0
    endloop
  endfacet
  facet normal 0 0 -1
    outer loop
      vertex 30.139 33.0787 0
      vertex 25.8338 43.4724 0
      vertex 26.6606 43.7836 0
    endloop
  endfacet
  facet normal 0 0 -1
    outer loop
      vertex 21.4541 21.4541 0
      vertex 29.409 29.409 0
      vertex 22.0988 20.8502 0
    endloop
  endfacet
  facet normal 0 0 -1
    outer loop
      vertex 30.139 33.0787 0
      vertex 25.0291 43.1078 0
      vertex 25.8338 43.4724 0
    endloop
  endfacet
  facet normal 0 0 -1
    outer loop
      vertex 20.8502 22.0988 0
      vertex 29.409 29.409 0
      vertex 21.4541 21.4541 0
    endloop
  endfacet
  facet normal 0 0 -1
    outer loop
      vertex 29.75 32.8708 0
      vertex 24.25 42.6913 0
      vertex 25.0291 43.1078 0
    endloop
  endfacet
  facet normal -0 0 -1
    outer loop
      vertex 29.409 29.409 0
      vertex 20.8502 22.0988 0
      vertex 29.1292 29.75 0
    endloop
  endfacet
  facet normal 0 0 -1
    outer loop
      vertex 29.75 32.8708 0
      vertex 23.4998 42.2248 0
      vertex 24.25 42.6913 0
    endloop
  endfacet
  facet normal 0 0 -1
    outer loop
      vertex 20.2897 22.7817 0
      vertex 29.1292 29.75 0
      vertex 20.8502 22.0988 0
    endloop
  endfacet
  facet normal 0 0 -1
    outer loop
      vertex 29.75 32.8708 0
      vertex 22.7817 41.7103 0
      vertex 23.4998 42.2248 0
    endloop
  endfacet
  facet normal 0 0 -1
    outer loop
      vertex 19.7752 23.4998 0
      vertex 29.1292 29.75 0
      vertex 20.2897 22.7817 0
    endloop
  endfacet
  facet normal 0 0 -1
    outer loop
      vertex 29.409 32.591 0
      vertex 22.0988 41.1498 0
      vertex 22.7817 41.7103 0
    endloop
  endfacet
  facet normal 0 0 -1
    outer loop
      vertex 19.3087 24.25 0
      vertex 29.1292 29.75 0
      vertex 19.7752 23.4998 0
    endloop
  endfacet
  facet normal 0 0 -1
    outer loop
      vertex 29.409 32.591 0
      vertex 21.4541 40.5459 0
      vertex 22.0988 41.1498 0
    endloop
  endfacet
  facet normal -0 0 -1
    outer loop
      vertex 29.1292 29.75 0
      vertex 19.3087 24.25 0
      vertex 28.9213 30.139 0
    endloop
  endfacet
  facet normal 0 0 -1
    outer loop
      vertex 29.409 32.591 0
      vertex 20.8502 39.9012 0
      vertex 21.4541 40.5459 0
    endloop
  endfacet
  facet normal 0 0 -1
    outer loop
      vertex 18.8922 25.0291 0
      vertex 28.9213 30.139 0
      vertex 19.3087 24.25 0
    endloop
  endfacet
  facet normal 0 0 -1
    outer loop
      vertex 29.1292 32.25 0
      vertex 20.2897 39.2183 0
      vertex 20.8502 39.9012 0
    endloop
  endfacet
  facet normal 0 0 -1
    outer loop
      vertex 18.5276 25.8338 0
      vertex 28.9213 30.139 0
      vertex 18.8922 25.0291 0
    endloop
  endfacet
  facet normal 0 0 -1
    outer loop
      vertex 29.1292 32.25 0
      vertex 19.7752 38.5002 0
      vertex 20.2897 39.2183 0
    endloop
  endfacet
  facet normal 0 0 -1
    outer loop
      vertex 18.2164 26.6606 0
      vertex 28.9213 30.139 0
      vertex 18.5276 25.8338 0
    endloop
  endfacet
  facet normal 0 0 -1
    outer loop
      vertex 29.1292 32.25 0
      vertex 19.3087 37.75 0
      vertex 19.7752 38.5002 0
    endloop
  endfacet
  facet normal -0 0 -1
    outer loop
      vertex 28.9213 30.139 0
      vertex 18.2164 26.6606 0
      vertex 28.7932 30.561 0
    endloop
  endfacet
  facet normal 0 0 -1
    outer loop
      vertex 28.9213 31.861 0
      vertex 18.8922 36.9709 0
      vertex 19.3087 37.75 0
    endloop
  endfacet
  facet normal 0 0 -1
    outer loop
      vertex 17.96 27.5059 0
      vertex 28.7932 30.561 0
      vertex 18.2164 26.6606 0
    endloop
  endfacet
  facet normal 0 0 -1
    outer loop
      vertex 28.9213 31.861 0
      vertex 18.5276 36.1662 0
      vertex 18.8922 36.9709 0
    endloop
  endfacet
  facet normal 0 0 -1
    outer loop
      vertex 17.7594 28.3663 0
      vertex 28.7932 30.561 0
      vertex 17.96 27.5059 0
    endloop
  endfacet
  facet normal 0 0 -1
    outer loop
      vertex 28.9213 31.861 0
      vertex 18.2164 35.3394 0
      vertex 18.5276 36.1662 0
    endloop
  endfacet
  facet normal 0 0 -1
    outer loop
      vertex 17.6155 29.2379 0
      vertex 28.7932 30.561 0
      vertex 17.7594 28.3663 0
    endloop
  endfacet
  facet normal 0 0 -1
    outer loop
      vertex 28.7932 31.439 0
      vertex 17.96 34.4941 0
      vertex 18.2164 35.3394 0
    endloop
  endfacet
  facet normal -0 0 -1
    outer loop
      vertex 28.7932 30.561 0
      vertex 17.6155 29.2379 0
      vertex 28.75 31 0
    endloop
  endfacet
  facet normal 0 0 -1
    outer loop
      vertex 28.7932 31.439 0
      vertex 17.7594 33.6337 0
      vertex 17.96 34.4941 0
    endloop
  endfacet
  facet normal 0 0 -1
    outer loop
      vertex 17.5289 30.1171 0
      vertex 28.75 31 0
      vertex 17.6155 29.2379 0
    endloop
  endfacet
  facet normal 0 0 -1
    outer loop
      vertex 28.7932 31.439 0
      vertex 17.6155 32.7621 0
      vertex 17.7594 33.6337 0
    endloop
  endfacet
  facet normal 0 0 -1
    outer loop
      vertex 17.5 31 0
      vertex 28.75 31 0
      vertex 17.5289 30.1171 0
    endloop
  endfacet
  facet normal 0 0 -1
    outer loop
      vertex 28.75 31 0
      vertex 17.5289 31.8829 0
      vertex 17.6155 32.7621 0
    endloop
  endfacet
  facet normal 0 0 -1
    outer loop
      vertex 28.75 31 0
      vertex 17.5 31 0
      vertex 17.5289 31.8829 0
    endloop
  endfacet
  facet normal -0.995184 0.0980243 0
    outer loop
      vertex 17.5289 31.8829 0
      vertex 17.6155 32.7621 3
      vertex 17.6155 32.7621 0
    endloop
  endfacet
  facet normal -0.995184 0.0980243 0
    outer loop
      vertex 17.6155 32.7621 3
      vertex 17.5289 31.8829 0
      vertex 17.5289 31.8829 3
    endloop
  endfacet
  facet normal -0.881892 -0.471452 0
    outer loop
      vertex 19.3087 24.25 0
      vertex 18.8922 25.0291 3
      vertex 18.8922 25.0291 0
    endloop
  endfacet
  facet normal -0.881892 -0.471452 0
    outer loop
      vertex 18.8922 25.0291 3
      vertex 19.3087 24.25 0
      vertex 19.3087 24.25 3
    endloop
  endfacet
  facet normal -0.999465 0.0327155 0
    outer loop
      vertex 17.5 31 0
      vertex 17.5289 31.8829 3
      vertex 17.5289 31.8829 0
    endloop
  endfacet
  facet normal -0.999465 0.0327155 0
    outer loop
      vertex 17.5289 31.8829 3
      vertex 17.5 31 0
      vertex 17.5 31 3
    endloop
  endfacet
  facet normal -0.528064 -0.849204 0
    outer loop
      vertex 23.4998 19.7752 0
      vertex 24.25 19.3087 3
      vertex 23.4998 19.7752 3
    endloop
  endfacet
  facet normal -0.528064 -0.849204 -0
    outer loop
      vertex 24.25 19.3087 3
      vertex 23.4998 19.7752 0
      vertex 24.25 19.3087 0
    endloop
  endfacet
  facet normal -0.849204 0.528064 0
    outer loop
      vertex 19.3087 37.75 0
      vertex 19.7752 38.5002 3
      vertex 19.7752 38.5002 0
    endloop
  endfacet
  facet normal -0.849204 0.528064 0
    outer loop
      vertex 19.7752 38.5002 3
      vertex 19.3087 37.75 0
      vertex 19.3087 37.75 3
    endloop
  endfacet
  facet normal -0.412702 -0.910866 0
    outer loop
      vertex 25.0291 18.8922 0
      vertex 25.8338 18.5276 3
      vertex 25.0291 18.8922 3
    endloop
  endfacet
  facet normal -0.412702 -0.910866 -0
    outer loop
      vertex 25.8338 18.5276 3
      vertex 25.0291 18.8922 0
      vertex 25.8338 18.5276 0
    endloop
  endfacet
  facet normal -0.881945 -0.471353 0
    outer loop
      vertex 33.0787 31.861 0
      vertex 32.8708 32.25 3
      vertex 32.8708 32.25 0
    endloop
  endfacet
  facet normal -0.881945 -0.471353 0
    outer loop
      vertex 32.8708 32.25 3
      vertex 33.0787 31.861 0
      vertex 33.0787 31.861 3
    endloop
  endfacet
  facet normal -0.471353 -0.881945 0
    outer loop
      vertex 31.861 33.0787 0
      vertex 32.25 32.8708 3
      vertex 31.861 33.0787 3
    endloop
  endfacet
  facet normal -0.471353 -0.881945 -0
    outer loop
      vertex 32.25 32.8708 3
      vertex 31.861 33.0787 0
      vertex 32.25 32.8708 0
    endloop
  endfacet
  facet normal -0.290467 0.956885 0
    outer loop
      vertex 31.861 28.9213 0
      vertex 31.439 28.7932 3
      vertex 31.861 28.9213 3
    endloop
  endfacet
  facet normal -0.290467 0.956885 0
    outer loop
      vertex 31.439 28.7932 3
      vertex 31.861 28.9213 0
      vertex 31.439 28.7932 0
    endloop
  endfacet
  facet normal -0.995193 -0.0979324 0
    outer loop
      vertex 33.25 31 0
      vertex 33.2068 31.439 3
      vertex 33.2068 31.439 0
    endloop
  endfacet
  facet normal -0.995193 -0.0979324 0
    outer loop
      vertex 33.2068 31.439 3
      vertex 33.25 31 0
      vertex 33.25 31 3
    endloop
  endfacet
  facet normal 0.290467 -0.956885 0
    outer loop
      vertex 30.139 33.0787 0
      vertex 30.561 33.2068 3
      vertex 30.139 33.0787 3
    endloop
  endfacet
  facet normal 0.290467 -0.956885 0
    outer loop
      vertex 30.561 33.2068 3
      vertex 30.139 33.0787 0
      vertex 30.561 33.2068 0
    endloop
  endfacet
  facet normal -0.0979324 0.995193 0
    outer loop
      vertex 31.439 28.7932 0
      vertex 31 28.75 3
      vertex 31.439 28.7932 3
    endloop
  endfacet
  facet normal -0.0979324 0.995193 0
    outer loop
      vertex 31 28.75 3
      vertex 31.439 28.7932 0
      vertex 31 28.75 0
    endloop
  endfacet
  facet normal 0.995193 -0.0979324 0
    outer loop
      vertex 28.75 31 3
      vertex 28.7932 31.439 0
      vertex 28.7932 31.439 3
    endloop
  endfacet
  facet normal 0.995193 -0.0979324 0
    outer loop
      vertex 28.7932 31.439 0
      vertex 28.75 31 3
      vertex 28.75 31 0
    endloop
  endfacet
  facet normal 0.995193 0.0979324 0
    outer loop
      vertex 28.7932 30.561 3
      vertex 28.75 31 0
      vertex 28.75 31 3
    endloop
  endfacet
  facet normal 0.995193 0.0979324 0
    outer loop
      vertex 28.75 31 0
      vertex 28.7932 30.561 3
      vertex 28.7932 30.561 0
    endloop
  endfacet
  facet normal -0.956885 -0.290467 0
    outer loop
      vertex 33.2068 31.439 0
      vertex 33.0787 31.861 3
      vertex 33.0787 31.861 0
    endloop
  endfacet
  facet normal -0.956885 -0.290467 0
    outer loop
      vertex 33.0787 31.861 3
      vertex 33.2068 31.439 0
      vertex 33.2068 31.439 3
    endloop
  endfacet
  facet normal 0.634324 0.773068 -0
    outer loop
      vertex 29.75 29.1292 0
      vertex 29.409 29.409 3
      vertex 29.75 29.1292 3
    endloop
  endfacet
  facet normal 0.634324 0.773068 0
    outer loop
      vertex 29.409 29.409 3
      vertex 29.75 29.1292 0
      vertex 29.409 29.409 0
    endloop
  endfacet
  facet normal 0.0979324 0.995193 -0
    outer loop
      vertex 31 28.75 0
      vertex 30.561 28.7932 3
      vertex 31 28.75 3
    endloop
  endfacet
  facet normal 0.0979324 0.995193 0
    outer loop
      vertex 30.561 28.7932 3
      vertex 31 28.75 0
      vertex 30.561 28.7932 0
    endloop
  endfacet
  facet normal -0.0979324 -0.995193 0
    outer loop
      vertex 31 33.25 0
      vertex 31.439 33.2068 3
      vertex 31 33.25 3
    endloop
  endfacet
  facet normal -0.0979324 -0.995193 -0
    outer loop
      vertex 31.439 33.2068 3
      vertex 31 33.25 0
      vertex 31.439 33.2068 0
    endloop
  endfacet
  facet normal 0.881945 0.471353 0
    outer loop
      vertex 29.1292 29.75 3
      vertex 28.9213 30.139 0
      vertex 28.9213 30.139 3
    endloop
  endfacet
  facet normal 0.881945 0.471353 0
    outer loop
      vertex 28.9213 30.139 0
      vertex 29.1292 29.75 3
      vertex 29.1292 29.75 0
    endloop
  endfacet
  facet normal 0.634324 -0.773068 0
    outer loop
      vertex 29.409 32.591 0
      vertex 29.75 32.8708 3
      vertex 29.409 32.591 3
    endloop
  endfacet
  facet normal 0.634324 -0.773068 0
    outer loop
      vertex 29.75 32.8708 3
      vertex 29.409 32.591 0
      vertex 29.75 32.8708 0
    endloop
  endfacet
  facet normal 0.471353 -0.881945 0
    outer loop
      vertex 29.75 32.8708 0
      vertex 30.139 33.0787 3
      vertex 29.75 32.8708 3
    endloop
  endfacet
  facet normal 0.471353 -0.881945 0
    outer loop
      vertex 30.139 33.0787 3
      vertex 29.75 32.8708 0
      vertex 30.139 33.0787 0
    endloop
  endfacet
  facet normal 0.471353 0.881945 -0
    outer loop
      vertex 30.139 28.9213 0
      vertex 29.75 29.1292 3
      vertex 30.139 28.9213 3
    endloop
  endfacet
  facet normal 0.471353 0.881945 0
    outer loop
      vertex 29.75 29.1292 3
      vertex 30.139 28.9213 0
      vertex 29.75 29.1292 0
    endloop
  endfacet
  facet normal 0.290467 0.956885 -0
    outer loop
      vertex 30.561 28.7932 0
      vertex 30.139 28.9213 3
      vertex 30.561 28.7932 3
    endloop
  endfacet
  facet normal 0.290467 0.956885 0
    outer loop
      vertex 30.139 28.9213 3
      vertex 30.561 28.7932 0
      vertex 30.139 28.9213 0
    endloop
  endfacet
  facet normal -0.773068 -0.634324 0
    outer loop
      vertex 32.8708 32.25 0
      vertex 32.591 32.591 3
      vertex 32.591 32.591 0
    endloop
  endfacet
  facet normal -0.773068 -0.634324 0
    outer loop
      vertex 32.591 32.591 3
      vertex 32.8708 32.25 0
      vertex 32.8708 32.25 3
    endloop
  endfacet
  facet normal -0.881945 0.471353 0
    outer loop
      vertex 32.8708 29.75 0
      vertex 33.0787 30.139 3
      vertex 33.0787 30.139 0
    endloop
  endfacet
  facet normal -0.881945 0.471353 0
    outer loop
      vertex 33.0787 30.139 3
      vertex 32.8708 29.75 0
      vertex 32.8708 29.75 3
    endloop
  endfacet
  facet normal 0.773068 0.634324 0
    outer loop
      vertex 29.409 29.409 3
      vertex 29.1292 29.75 0
      vertex 29.1292 29.75 3
    endloop
  endfacet
  facet normal 0.773068 0.634324 0
    outer loop
      vertex 29.1292 29.75 0
      vertex 29.409 29.409 3
      vertex 29.409 29.409 0
    endloop
  endfacet
  facet normal -0.471353 0.881945 0
    outer loop
      vertex 32.25 29.1292 0
      vertex 31.861 28.9213 3
      vertex 32.25 29.1292 3
    endloop
  endfacet
  facet normal -0.471353 0.881945 0
    outer loop
      vertex 31.861 28.9213 3
      vertex 32.25 29.1292 0
      vertex 31.861 28.9213 0
    endloop
  endfacet
  facet normal -0.634324 -0.773068 0
    outer loop
      vertex 32.25 32.8708 0
      vertex 32.591 32.591 3
      vertex 32.25 32.8708 3
    endloop
  endfacet
  facet normal -0.634324 -0.773068 -0
    outer loop
      vertex 32.591 32.591 3
      vertex 32.25 32.8708 0
      vertex 32.591 32.591 0
    endloop
  endfacet
  facet normal -0.773068 0.634324 0
    outer loop
      vertex 32.591 29.409 0
      vertex 32.8708 29.75 3
      vertex 32.8708 29.75 0
    endloop
  endfacet
  facet normal -0.773068 0.634324 0
    outer loop
      vertex 32.8708 29.75 3
      vertex 32.591 29.409 0
      vertex 32.591 29.409 3
    endloop
  endfacet
  facet normal -0.995193 0.0979324 0
    outer loop
      vertex 33.2068 30.561 0
      vertex 33.25 31 3
      vertex 33.25 31 0
    endloop
  endfacet
  facet normal -0.995193 0.0979324 0
    outer loop
      vertex 33.25 31 3
      vertex 33.2068 30.561 0
      vertex 33.2068 30.561 3
    endloop
  endfacet
  facet normal 0.956885 0.290467 0
    outer loop
      vertex 28.9213 30.139 3
      vertex 28.7932 30.561 0
      vertex 28.7932 30.561 3
    endloop
  endfacet
  facet normal 0.956885 0.290467 0
    outer loop
      vertex 28.7932 30.561 0
      vertex 28.9213 30.139 3
      vertex 28.9213 30.139 0
    endloop
  endfacet
  facet normal 0.0979324 -0.995193 0
    outer loop
      vertex 30.561 33.2068 0
      vertex 31 33.25 3
      vertex 30.561 33.2068 3
    endloop
  endfacet
  facet normal 0.0979324 -0.995193 0
    outer loop
      vertex 31 33.25 3
      vertex 30.561 33.2068 0
      vertex 31 33.25 0
    endloop
  endfacet
  facet normal 0.773068 -0.634324 0
    outer loop
      vertex 29.1292 32.25 3
      vertex 29.409 32.591 0
      vertex 29.409 32.591 3
    endloop
  endfacet
  facet normal 0.773068 -0.634324 0
    outer loop
      vertex 29.409 32.591 0
      vertex 29.1292 32.25 3
      vertex 29.1292 32.25 0
    endloop
  endfacet
  facet normal 0.881945 -0.471353 0
    outer loop
      vertex 28.9213 31.861 3
      vertex 29.1292 32.25 0
      vertex 29.1292 32.25 3
    endloop
  endfacet
  facet normal 0.881945 -0.471353 0
    outer loop
      vertex 29.1292 32.25 0
      vertex 28.9213 31.861 3
      vertex 28.9213 31.861 0
    endloop
  endfacet
  facet normal -0.956885 0.290467 0
    outer loop
      vertex 33.0787 30.139 0
      vertex 33.2068 30.561 3
      vertex 33.2068 30.561 0
    endloop
  endfacet
  facet normal -0.956885 0.290467 0
    outer loop
      vertex 33.2068 30.561 3
      vertex 33.0787 30.139 0
      vertex 33.0787 30.139 3
    endloop
  endfacet
  facet normal -0.634324 0.773068 0
    outer loop
      vertex 32.591 29.409 0
      vertex 32.25 29.1292 3
      vertex 32.591 29.409 3
    endloop
  endfacet
  facet normal -0.634324 0.773068 0
    outer loop
      vertex 32.25 29.1292 3
      vertex 32.591 29.409 0
      vertex 32.25 29.1292 0
    endloop
  endfacet
  facet normal -0.290467 -0.956885 0
    outer loop
      vertex 31.439 33.2068 0
      vertex 31.861 33.0787 3
      vertex 31.439 33.2068 3
    endloop
  endfacet
  facet normal -0.290467 -0.956885 -0
    outer loop
      vertex 31.861 33.0787 3
      vertex 31.439 33.2068 0
      vertex 31.861 33.0787 0
    endloop
  endfacet
  facet normal 0.956885 -0.290467 0
    outer loop
      vertex 28.7932 31.439 3
      vertex 28.9213 31.861 0
      vertex 28.9213 31.861 3
    endloop
  endfacet
  facet normal 0.956885 -0.290467 0
    outer loop
      vertex 28.9213 31.861 0
      vertex 28.7932 31.439 3
      vertex 28.7932 31.439 0
    endloop
  endfacet
  facet normal 0.995184 0.0980243 0
    outer loop
      vertex 75.4711 31.8829 3
      vertex 75.3845 32.7621 0
      vertex 75.3845 32.7621 3
    endloop
  endfacet
  facet normal 0.995184 0.0980243 0
    outer loop
      vertex 75.3845 32.7621 0
      vertex 75.4711 31.8829 3
      vertex 75.4711 31.8829 0
    endloop
  endfacet
  facet normal 0.999465 0.0327155 0
    outer loop
      vertex 75.5 31 3
      vertex 75.4711 31.8829 0
      vertex 75.4711 31.8829 3
    endloop
  endfacet
  facet normal 0.999465 0.0327155 0
    outer loop
      vertex 75.4711 31.8829 0
      vertex 75.5 31 3
      vertex 75.5 31 0
    endloop
  endfacet
  facet normal 0.352264 -0.935901 0
    outer loop
      vertex 66.3394 18.2164 0
      vertex 67.1662 18.5276 3
      vertex 66.3394 18.2164 3
    endloop
  endfacet
  facet normal 0.352264 -0.935901 0
    outer loop
      vertex 67.1662 18.5276 3
      vertex 66.3394 18.2164 0
      vertex 67.1662 18.5276 0
    endloop
  endfacet
  facet normal 0.0980243 0.995184 -0
    outer loop
      vertex 63.7621 44.3845 0
      vertex 62.8829 44.4711 3
      vertex 63.7621 44.3845 3
    endloop
  endfacet
  facet normal 0.0980243 0.995184 0
    outer loop
      vertex 62.8829 44.4711 3
      vertex 63.7621 44.3845 0
      vertex 62.8829 44.4711 0
    endloop
  endfacet
  facet normal -0.935901 -0.352264 0
    outer loop
      vertex 49.5276 25.8338 0
      vertex 49.2164 26.6606 3
      vertex 49.2164 26.6606 0
    endloop
  endfacet
  facet normal -0.935901 -0.352264 0
    outer loop
      vertex 49.2164 26.6606 3
      vertex 49.5276 25.8338 0
      vertex 49.5276 25.8338 3
    endloop
  endfacet
  facet normal -0.162894 -0.986644 0
    outer loop
      vertex 59.3663 17.7594 0
      vertex 60.2379 17.6155 3
      vertex 59.3663 17.7594 3
    endloop
  endfacet
  facet normal -0.162894 -0.986644 -0
    outer loop
      vertex 60.2379 17.6155 3
      vertex 59.3663 17.7594 0
      vertex 60.2379 17.6155 0
    endloop
  endfacet
  facet normal 0.528064 -0.849204 0
    outer loop
      vertex 68.75 19.3087 0
      vertex 69.5002 19.7752 3
      vertex 68.75 19.3087 3
    endloop
  endfacet
  facet normal 0.528064 -0.849204 0
    outer loop
      vertex 69.5002 19.7752 3
      vertex 68.75 19.3087 0
      vertex 69.5002 19.7752 0
    endloop
  endfacet
  facet normal 0.227058 -0.973881 0
    outer loop
      vertex 64.6337 17.7594 0
      vertex 65.4941 17.96 3
      vertex 64.6337 17.7594 3
    endloop
  endfacet
  facet normal 0.227058 -0.973881 0
    outer loop
      vertex 65.4941 17.96 3
      vertex 64.6337 17.7594 0
      vertex 65.4941 17.96 0
    endloop
  endfacet
  facet normal -0.849204 -0.528064 0
    outer loop
      vertex 50.7752 23.4998 0
      vertex 50.3087 24.25 3
      vertex 50.3087 24.25 0
    endloop
  endfacet
  facet normal -0.849204 -0.528064 0
    outer loop
      vertex 50.3087 24.25 3
      vertex 50.7752 23.4998 0
      vertex 50.7752 23.4998 3
    endloop
  endfacet
  facet normal -0.729823 0.683636 0
    outer loop
      vertex 51.8502 39.9012 0
      vertex 52.4541 40.5459 3
      vertex 52.4541 40.5459 0
    endloop
  endfacet
  facet normal -0.729823 0.683636 0
    outer loop
      vertex 52.4541 40.5459 3
      vertex 51.8502 39.9012 0
      vertex 51.8502 39.9012 3
    endloop
  endfacet
  facet normal 0.162894 -0.986644 0
    outer loop
      vertex 63.7621 17.6155 0
      vertex 64.6337 17.7594 3
      vertex 63.7621 17.6155 3
    endloop
  endfacet
  facet normal 0.162894 -0.986644 0
    outer loop
      vertex 64.6337 17.7594 3
      vertex 63.7621 17.6155 0
      vertex 64.6337 17.7594 0
    endloop
  endfacet
  facet normal -0.881892 0.471452 0
    outer loop
      vertex 49.8922 36.9709 0
      vertex 50.3087 37.75 3
      vertex 50.3087 37.75 0
    endloop
  endfacet
  facet normal -0.881892 0.471452 0
    outer loop
      vertex 50.3087 37.75 3
      vertex 49.8922 36.9709 0
      vertex 49.8922 36.9709 3
    endloop
  endfacet
  facet normal 0.973881 0.227058 0
    outer loop
      vertex 75.2406 33.6337 3
      vertex 75.04 34.4941 0
      vertex 75.04 34.4941 3
    endloop
  endfacet
  facet normal 0.973881 0.227058 0
    outer loop
      vertex 75.04 34.4941 0
      vertex 75.2406 33.6337 3
      vertex 75.2406 33.6337 0
    endloop
  endfacet
  facet normal 0.162894 0.986644 -0
    outer loop
      vertex 64.6337 44.2406 0
      vertex 63.7621 44.3845 3
      vertex 64.6337 44.2406 3
    endloop
  endfacet
  facet normal 0.162894 0.986644 0
    outer loop
      vertex 63.7621 44.3845 3
      vertex 64.6337 44.2406 0
      vertex 63.7621 44.3845 0
    endloop
  endfacet
  facet normal 0.986644 -0.162894 0
    outer loop
      vertex 75.2406 28.3663 3
      vertex 75.3845 29.2379 0
      vertex 75.3845 29.2379 3
    endloop
  endfacet
  facet normal 0.986644 -0.162894 0
    outer loop
      vertex 75.3845 29.2379 0
      vertex 75.2406 28.3663 3
      vertex 75.2406 28.3663 0
    endloop
  endfacet
  facet normal 0.582415 0.812891 -0
    outer loop
      vertex 70.2183 41.7103 0
      vertex 69.5002 42.2248 3
      vertex 70.2183 41.7103 3
    endloop
  endfacet
  facet normal 0.582415 0.812891 0
    outer loop
      vertex 69.5002 42.2248 3
      vertex 70.2183 41.7103 0
      vertex 69.5002 42.2248 0
    endloop
  endfacet
  facet normal -0.973881 0.227058 0
    outer loop
      vertex 48.7594 33.6337 0
      vertex 48.96 34.4941 3
      vertex 48.96 34.4941 0
    endloop
  endfacet
  facet normal -0.973881 0.227058 0
    outer loop
      vertex 48.96 34.4941 3
      vertex 48.7594 33.6337 0
      vertex 48.7594 33.6337 3
    endloop
  endfacet
  facet normal 0.471452 -0.881892 0
    outer loop
      vertex 67.9709 18.8922 0
      vertex 68.75 19.3087 3
      vertex 67.9709 18.8922 3
    endloop
  endfacet
  facet normal 0.471452 -0.881892 0
    outer loop
      vertex 68.75 19.3087 3
      vertex 67.9709 18.8922 0
      vertex 68.75 19.3087 0
    endloop
  endfacet
  facet normal -0.412702 0.910866 0
    outer loop
      vertex 56.8338 43.4724 0
      vertex 56.0291 43.1078 3
      vertex 56.8338 43.4724 3
    endloop
  endfacet
  facet normal -0.412702 0.910866 0
    outer loop
      vertex 56.0291 43.1078 3
      vertex 56.8338 43.4724 0
      vertex 56.0291 43.1078 0
    endloop
  endfacet
  facet normal -0.0980243 0.995184 0
    outer loop
      vertex 61.1171 44.4711 0
      vertex 60.2379 44.3845 3
      vertex 61.1171 44.4711 3
    endloop
  endfacet
  facet normal -0.0980243 0.995184 0
    outer loop
      vertex 60.2379 44.3845 3
      vertex 61.1171 44.4711 0
      vertex 60.2379 44.3845 0
    endloop
  endfacet
  facet normal -0.471452 -0.881892 0
    outer loop
      vertex 55.25 19.3087 0
      vertex 56.0291 18.8922 3
      vertex 55.25 19.3087 3
    endloop
  endfacet
  facet normal -0.471452 -0.881892 -0
    outer loop
      vertex 56.0291 18.8922 3
      vertex 55.25 19.3087 0
      vertex 56.0291 18.8922 0
    endloop
  endfacet
  facet normal 0.412702 0.910866 -0
    outer loop
      vertex 67.9709 43.1078 0
      vertex 67.1662 43.4724 3
      vertex 67.9709 43.1078 3
    endloop
  endfacet
  facet normal 0.412702 0.910866 0
    outer loop
      vertex 67.1662 43.4724 3
      vertex 67.9709 43.1078 0
      vertex 67.1662 43.4724 0
    endloop
  endfacet
  facet normal 0.528064 0.849204 -0
    outer loop
      vertex 69.5002 42.2248 0
      vertex 68.75 42.6913 3
      vertex 69.5002 42.2248 3
    endloop
  endfacet
  facet normal 0.528064 0.849204 0
    outer loop
      vertex 68.75 42.6913 3
      vertex 69.5002 42.2248 0
      vertex 68.75 42.6913 0
    endloop
  endfacet
  facet normal 0.0327155 -0.999465 0
    outer loop
      vertex 62 17.5 0
      vertex 62.8829 17.5289 3
      vertex 62 17.5 3
    endloop
  endfacet
  facet normal 0.0327155 -0.999465 0
    outer loop
      vertex 62.8829 17.5289 3
      vertex 62 17.5 0
      vertex 62.8829 17.5289 0
    endloop
  endfacet
  facet normal 0.956946 -0.290265 0
    outer loop
      vertex 74.7836 26.6606 3
      vertex 75.04 27.5059 0
      vertex 75.04 27.5059 3
    endloop
  endfacet
  facet normal 0.956946 -0.290265 0
    outer loop
      vertex 75.04 27.5059 0
      vertex 74.7836 26.6606 3
      vertex 74.7836 26.6606 0
    endloop
  endfacet
  facet normal 0.471452 0.881892 -0
    outer loop
      vertex 68.75 42.6913 0
      vertex 67.9709 43.1078 3
      vertex 68.75 42.6913 3
    endloop
  endfacet
  facet normal 0.471452 0.881892 0
    outer loop
      vertex 67.9709 43.1078 3
      vertex 68.75 42.6913 0
      vertex 67.9709 43.1078 0
    endloop
  endfacet
  facet normal -0.956946 -0.290265 0
    outer loop
      vertex 49.2164 26.6606 0
      vertex 48.96 27.5059 3
      vertex 48.96 27.5059 0
    endloop
  endfacet
  facet normal -0.956946 -0.290265 0
    outer loop
      vertex 48.96 27.5059 3
      vertex 49.2164 26.6606 0
      vertex 49.2164 26.6606 3
    endloop
  endfacet
  facet normal 0.0980243 -0.995184 0
    outer loop
      vertex 62.8829 17.5289 0
      vertex 63.7621 17.6155 3
      vertex 62.8829 17.5289 3
    endloop
  endfacet
  facet normal 0.0980243 -0.995184 0
    outer loop
      vertex 63.7621 17.6155 3
      vertex 62.8829 17.5289 0
      vertex 63.7621 17.6155 0
    endloop
  endfacet
  facet normal 0.935901 0.352264 0
    outer loop
      vertex 74.7836 35.3394 3
      vertex 74.4724 36.1662 0
      vertex 74.4724 36.1662 3
    endloop
  endfacet
  facet normal 0.935901 0.352264 0
    outer loop
      vertex 74.4724 36.1662 0
      vertex 74.7836 35.3394 3
      vertex 74.7836 35.3394 0
    endloop
  endfacet
  facet normal -0.683636 0.729823 0
    outer loop
      vertex 53.0988 41.1498 0
      vertex 52.4541 40.5459 3
      vertex 53.0988 41.1498 3
    endloop
  endfacet
  facet normal -0.683636 0.729823 0
    outer loop
      vertex 52.4541 40.5459 3
      vertex 53.0988 41.1498 0
      vertex 52.4541 40.5459 0
    endloop
  endfacet
  facet normal -0.290265 0.956946 0
    outer loop
      vertex 58.5059 44.04 0
      vertex 57.6606 43.7836 3
      vertex 58.5059 44.04 3
    endloop
  endfacet
  facet normal -0.290265 0.956946 0
    outer loop
      vertex 57.6606 43.7836 3
      vertex 58.5059 44.04 0
      vertex 57.6606 43.7836 0
    endloop
  endfacet
  facet normal -0.227058 -0.973881 0
    outer loop
      vertex 58.5059 17.96 0
      vertex 59.3663 17.7594 3
      vertex 58.5059 17.96 3
    endloop
  endfacet
  facet normal -0.227058 -0.973881 -0
    outer loop
      vertex 59.3663 17.7594 3
      vertex 58.5059 17.96 0
      vertex 59.3663 17.7594 0
    endloop
  endfacet
  facet normal -0.162894 0.986644 0
    outer loop
      vertex 60.2379 44.3845 0
      vertex 59.3663 44.2406 3
      vertex 60.2379 44.3845 3
    endloop
  endfacet
  facet normal -0.162894 0.986644 0
    outer loop
      vertex 59.3663 44.2406 3
      vertex 60.2379 44.3845 0
      vertex 59.3663 44.2406 0
    endloop
  endfacet
  facet normal 0.772978 0.634433 0
    outer loop
      vertex 72.7103 39.2183 3
      vertex 72.1498 39.9012 0
      vertex 72.1498 39.9012 3
    endloop
  endfacet
  facet normal 0.772978 0.634433 0
    outer loop
      vertex 72.1498 39.9012 0
      vertex 72.7103 39.2183 3
      vertex 72.7103 39.2183 0
    endloop
  endfacet
  facet normal -0.986644 0.162894 0
    outer loop
      vertex 48.6155 32.7621 0
      vertex 48.7594 33.6337 3
      vertex 48.7594 33.6337 0
    endloop
  endfacet
  facet normal -0.986644 0.162894 0
    outer loop
      vertex 48.7594 33.6337 3
      vertex 48.6155 32.7621 0
      vertex 48.6155 32.7621 3
    endloop
  endfacet
  facet normal 0.729823 -0.683636 0
    outer loop
      vertex 71.5459 21.4541 3
      vertex 72.1498 22.0988 0
      vertex 72.1498 22.0988 3
    endloop
  endfacet
  facet normal 0.729823 -0.683636 0
    outer loop
      vertex 72.1498 22.0988 0
      vertex 71.5459 21.4541 3
      vertex 71.5459 21.4541 0
    endloop
  endfacet
  facet normal 0.227058 0.973881 -0
    outer loop
      vertex 65.4941 44.04 0
      vertex 64.6337 44.2406 3
      vertex 65.4941 44.04 3
    endloop
  endfacet
  facet normal 0.227058 0.973881 0
    outer loop
      vertex 64.6337 44.2406 3
      vertex 65.4941 44.04 0
      vertex 64.6337 44.2406 0
    endloop
  endfacet
  facet normal -0.0327155 -0.999465 0
    outer loop
      vertex 61.1171 17.5289 0
      vertex 62 17.5 3
      vertex 61.1171 17.5289 3
    endloop
  endfacet
  facet normal -0.0327155 -0.999465 -0
    outer loop
      vertex 62 17.5 3
      vertex 61.1171 17.5289 0
      vertex 62 17.5 0
    endloop
  endfacet
  facet normal 0.881892 -0.471452 0
    outer loop
      vertex 73.6913 24.25 3
      vertex 74.1078 25.0291 0
      vertex 74.1078 25.0291 3
    endloop
  endfacet
  facet normal 0.881892 -0.471452 0
    outer loop
      vertex 74.1078 25.0291 0
      vertex 73.6913 24.25 3
      vertex 73.6913 24.25 0
    endloop
  endfacet
  facet normal 0.956946 0.290265 0
    outer loop
      vertex 75.04 34.4941 3
      vertex 74.7836 35.3394 0
      vertex 74.7836 35.3394 3
    endloop
  endfacet
  facet normal 0.956946 0.290265 0
    outer loop
      vertex 74.7836 35.3394 0
      vertex 75.04 34.4941 3
      vertex 75.04 34.4941 0
    endloop
  endfacet
  facet normal 0.729823 0.683636 0
    outer loop
      vertex 72.1498 39.9012 3
      vertex 71.5459 40.5459 0
      vertex 71.5459 40.5459 3
    endloop
  endfacet
  facet normal 0.729823 0.683636 0
    outer loop
      vertex 71.5459 40.5459 0
      vertex 72.1498 39.9012 3
      vertex 72.1498 39.9012 0
    endloop
  endfacet
  facet normal 0.683636 0.729823 -0
    outer loop
      vertex 71.5459 40.5459 0
      vertex 70.9012 41.1498 3
      vertex 71.5459 40.5459 3
    endloop
  endfacet
  facet normal 0.683636 0.729823 0
    outer loop
      vertex 70.9012 41.1498 3
      vertex 71.5459 40.5459 0
      vertex 70.9012 41.1498 0
    endloop
  endfacet
  facet normal -0.582415 0.812891 0
    outer loop
      vertex 54.4998 42.2248 0
      vertex 53.7817 41.7103 3
      vertex 54.4998 42.2248 3
    endloop
  endfacet
  facet normal -0.582415 0.812891 0
    outer loop
      vertex 53.7817 41.7103 3
      vertex 54.4998 42.2248 0
      vertex 53.7817 41.7103 0
    endloop
  endfacet
  facet normal -0.528064 0.849204 0
    outer loop
      vertex 55.25 42.6913 0
      vertex 54.4998 42.2248 3
      vertex 55.25 42.6913 3
    endloop
  endfacet
  facet normal -0.528064 0.849204 0
    outer loop
      vertex 54.4998 42.2248 3
      vertex 55.25 42.6913 0
      vertex 54.4998 42.2248 0
    endloop
  endfacet
  facet normal -0.910866 0.412702 0
    outer loop
      vertex 49.5276 36.1662 0
      vertex 49.8922 36.9709 3
      vertex 49.8922 36.9709 0
    endloop
  endfacet
  facet normal -0.910866 0.412702 0
    outer loop
      vertex 49.8922 36.9709 3
      vertex 49.5276 36.1662 0
      vertex 49.5276 36.1662 3
    endloop
  endfacet
  facet normal 0.290265 -0.956946 0
    outer loop
      vertex 65.4941 17.96 0
      vertex 66.3394 18.2164 3
      vertex 65.4941 17.96 3
    endloop
  endfacet
  facet normal 0.290265 -0.956946 0
    outer loop
      vertex 66.3394 18.2164 3
      vertex 65.4941 17.96 0
      vertex 66.3394 18.2164 0
    endloop
  endfacet
  facet normal 0.849204 0.528064 0
    outer loop
      vertex 73.6913 37.75 3
      vertex 73.2248 38.5002 0
      vertex 73.2248 38.5002 3
    endloop
  endfacet
  facet normal 0.849204 0.528064 0
    outer loop
      vertex 73.2248 38.5002 0
      vertex 73.6913 37.75 3
      vertex 73.6913 37.75 0
    endloop
  endfacet
  facet normal 0.634433 -0.772978 0
    outer loop
      vertex 70.2183 20.2897 0
      vertex 70.9012 20.8502 3
      vertex 70.2183 20.2897 3
    endloop
  endfacet
  facet normal 0.634433 -0.772978 0
    outer loop
      vertex 70.9012 20.8502 3
      vertex 70.2183 20.2897 0
      vertex 70.9012 20.8502 0
    endloop
  endfacet
  facet normal 0.910866 -0.412702 0
    outer loop
      vertex 74.1078 25.0291 3
      vertex 74.4724 25.8338 0
      vertex 74.4724 25.8338 3
    endloop
  endfacet
  facet normal 0.910866 -0.412702 0
    outer loop
      vertex 74.4724 25.8338 0
      vertex 74.1078 25.0291 3
      vertex 74.1078 25.0291 0
    endloop
  endfacet
  facet normal -0.986644 -0.162894 0
    outer loop
      vertex 48.7594 28.3663 0
      vertex 48.6155 29.2379 3
      vertex 48.6155 29.2379 0
    endloop
  endfacet
  facet normal -0.986644 -0.162894 0
    outer loop
      vertex 48.6155 29.2379 3
      vertex 48.7594 28.3663 0
      vertex 48.7594 28.3663 3
    endloop
  endfacet
  facet normal 0.881892 0.471452 0
    outer loop
      vertex 74.1078 36.9709 3
      vertex 73.6913 37.75 0
      vertex 73.6913 37.75 3
    endloop
  endfacet
  facet normal 0.881892 0.471452 0
    outer loop
      vertex 73.6913 37.75 0
      vertex 74.1078 36.9709 3
      vertex 74.1078 36.9709 0
    endloop
  endfacet
  facet normal 0.935901 -0.352264 0
    outer loop
      vertex 74.4724 25.8338 3
      vertex 74.7836 26.6606 0
      vertex 74.7836 26.6606 3
    endloop
  endfacet
  facet normal 0.935901 -0.352264 0
    outer loop
      vertex 74.7836 26.6606 0
      vertex 74.4724 25.8338 3
      vertex 74.4724 25.8338 0
    endloop
  endfacet
  facet normal -0.999465 -0.0327155 0
    outer loop
      vertex 48.5289 30.1171 0
      vertex 48.5 31 3
      vertex 48.5 31 0
    endloop
  endfacet
  facet normal -0.999465 -0.0327155 0
    outer loop
      vertex 48.5 31 3
      vertex 48.5289 30.1171 0
      vertex 48.5289 30.1171 3
    endloop
  endfacet
  facet normal 0.412702 -0.910866 0
    outer loop
      vertex 67.1662 18.5276 0
      vertex 67.9709 18.8922 3
      vertex 67.1662 18.5276 3
    endloop
  endfacet
  facet normal 0.412702 -0.910866 0
    outer loop
      vertex 67.9709 18.8922 3
      vertex 67.1662 18.5276 0
      vertex 67.9709 18.8922 0
    endloop
  endfacet
  facet normal 0.812891 -0.582415 0
    outer loop
      vertex 72.7103 22.7817 3
      vertex 73.2248 23.4998 0
      vertex 73.2248 23.4998 3
    endloop
  endfacet
  facet normal 0.812891 -0.582415 0
    outer loop
      vertex 73.2248 23.4998 0
      vertex 72.7103 22.7817 3
      vertex 72.7103 22.7817 0
    endloop
  endfacet
  facet normal -0.0980243 -0.995184 0
    outer loop
      vertex 60.2379 17.6155 0
      vertex 61.1171 17.5289 3
      vertex 60.2379 17.6155 3
    endloop
  endfacet
  facet normal -0.0980243 -0.995184 -0
    outer loop
      vertex 61.1171 17.5289 3
      vertex 60.2379 17.6155 0
      vertex 61.1171 17.5289 0
    endloop
  endfacet
  facet normal 0.772978 -0.634433 0
    outer loop
      vertex 72.1498 22.0988 3
      vertex 72.7103 22.7817 0
      vertex 72.7103 22.7817 3
    endloop
  endfacet
  facet normal 0.772978 -0.634433 0
    outer loop
      vertex 72.7103 22.7817 0
      vertex 72.1498 22.0988 3
      vertex 72.1498 22.0988 0
    endloop
  endfacet
  facet normal -0.352264 0.935901 0
    outer loop
      vertex 57.6606 43.7836 0
      vertex 56.8338 43.4724 3
      vertex 57.6606 43.7836 3
    endloop
  endfacet
  facet normal -0.352264 0.935901 0
    outer loop
      vertex 56.8338 43.4724 3
      vertex 57.6606 43.7836 0
      vertex 56.8338 43.4724 0
    endloop
  endfacet
  facet normal -0.227058 0.973881 0
    outer loop
      vertex 59.3663 44.2406 0
      vertex 58.5059 44.04 3
      vertex 59.3663 44.2406 3
    endloop
  endfacet
  facet normal -0.227058 0.973881 0
    outer loop
      vertex 58.5059 44.04 3
      vertex 59.3663 44.2406 0
      vertex 58.5059 44.04 0
    endloop
  endfacet
  facet normal 0.582415 -0.812891 0
    outer loop
      vertex 69.5002 19.7752 0
      vertex 70.2183 20.2897 3
      vertex 69.5002 19.7752 3
    endloop
  endfacet
  facet normal 0.582415 -0.812891 0
    outer loop
      vertex 70.2183 20.2897 3
      vertex 69.5002 19.7752 0
      vertex 70.2183 20.2897 0
    endloop
  endfacet
  facet normal -0.973881 -0.227058 0
    outer loop
      vertex 48.96 27.5059 0
      vertex 48.7594 28.3663 3
      vertex 48.7594 28.3663 0
    endloop
  endfacet
  facet normal -0.973881 -0.227058 0
    outer loop
      vertex 48.7594 28.3663 3
      vertex 48.96 27.5059 0
      vertex 48.96 27.5059 3
    endloop
  endfacet
  facet normal -0.812891 -0.582415 0
    outer loop
      vertex 51.2897 22.7817 0
      vertex 50.7752 23.4998 3
      vertex 50.7752 23.4998 0
    endloop
  endfacet
  facet normal -0.812891 -0.582415 0
    outer loop
      vertex 50.7752 23.4998 3
      vertex 51.2897 22.7817 0
      vertex 51.2897 22.7817 3
    endloop
  endfacet
  facet normal -0.634433 -0.772978 0
    outer loop
      vertex 53.0988 20.8502 0
      vertex 53.7817 20.2897 3
      vertex 53.0988 20.8502 3
    endloop
  endfacet
  facet normal -0.634433 -0.772978 -0
    outer loop
      vertex 53.7817 20.2897 3
      vertex 53.0988 20.8502 0
      vertex 53.7817 20.2897 0
    endloop
  endfacet
  facet normal -0.0327155 0.999465 0
    outer loop
      vertex 62 44.5 0
      vertex 61.1171 44.4711 3
      vertex 62 44.5 3
    endloop
  endfacet
  facet normal -0.0327155 0.999465 0
    outer loop
      vertex 61.1171 44.4711 3
      vertex 62 44.5 0
      vertex 61.1171 44.4711 0
    endloop
  endfacet
  facet normal 0.290265 0.956946 -0
    outer loop
      vertex 66.3394 43.7836 0
      vertex 65.4941 44.04 3
      vertex 66.3394 43.7836 3
    endloop
  endfacet
  facet normal 0.290265 0.956946 0
    outer loop
      vertex 65.4941 44.04 3
      vertex 66.3394 43.7836 0
      vertex 65.4941 44.04 0
    endloop
  endfacet
  facet normal 0.995184 -0.0980243 0
    outer loop
      vertex 75.3845 29.2379 3
      vertex 75.4711 30.1171 0
      vertex 75.4711 30.1171 3
    endloop
  endfacet
  facet normal 0.995184 -0.0980243 0
    outer loop
      vertex 75.4711 30.1171 0
      vertex 75.3845 29.2379 3
      vertex 75.3845 29.2379 0
    endloop
  endfacet
  facet normal 0.999465 -0.0327155 0
    outer loop
      vertex 75.4711 30.1171 3
      vertex 75.5 31 0
      vertex 75.5 31 3
    endloop
  endfacet
  facet normal 0.999465 -0.0327155 0
    outer loop
      vertex 75.5 31 0
      vertex 75.4711 30.1171 3
      vertex 75.4711 30.1171 0
    endloop
  endfacet
  facet normal -0.956946 0.290265 0
    outer loop
      vertex 48.96 34.4941 0
      vertex 49.2164 35.3394 3
      vertex 49.2164 35.3394 0
    endloop
  endfacet
  facet normal -0.956946 0.290265 0
    outer loop
      vertex 49.2164 35.3394 3
      vertex 48.96 34.4941 0
      vertex 48.96 34.4941 3
    endloop
  endfacet
  facet normal -0.772978 0.634433 0
    outer loop
      vertex 51.2897 39.2183 0
      vertex 51.8502 39.9012 3
      vertex 51.8502 39.9012 0
    endloop
  endfacet
  facet normal -0.772978 0.634433 0
    outer loop
      vertex 51.8502 39.9012 3
      vertex 51.2897 39.2183 0
      vertex 51.2897 39.2183 3
    endloop
  endfacet
  facet normal 0.973881 -0.227058 0
    outer loop
      vertex 75.04 27.5059 3
      vertex 75.2406 28.3663 0
      vertex 75.2406 28.3663 3
    endloop
  endfacet
  facet normal 0.973881 -0.227058 0
    outer loop
      vertex 75.2406 28.3663 0
      vertex 75.04 27.5059 3
      vertex 75.04 27.5059 0
    endloop
  endfacet
  facet normal -0.910866 -0.412702 0
    outer loop
      vertex 49.8922 25.0291 0
      vertex 49.5276 25.8338 3
      vertex 49.5276 25.8338 0
    endloop
  endfacet
  facet normal -0.910866 -0.412702 0
    outer loop
      vertex 49.5276 25.8338 3
      vertex 49.8922 25.0291 0
      vertex 49.8922 25.0291 3
    endloop
  endfacet
  facet normal -0.634433 0.772978 0
    outer loop
      vertex 53.7817 41.7103 0
      vertex 53.0988 41.1498 3
      vertex 53.7817 41.7103 3
    endloop
  endfacet
  facet normal -0.634433 0.772978 0
    outer loop
      vertex 53.0988 41.1498 3
      vertex 53.7817 41.7103 0
      vertex 53.0988 41.1498 0
    endloop
  endfacet
  facet normal 0.683636 -0.729823 0
    outer loop
      vertex 70.9012 20.8502 0
      vertex 71.5459 21.4541 3
      vertex 70.9012 20.8502 3
    endloop
  endfacet
  facet normal 0.683636 -0.729823 0
    outer loop
      vertex 71.5459 21.4541 3
      vertex 70.9012 20.8502 0
      vertex 71.5459 21.4541 0
    endloop
  endfacet
  facet normal 0.352264 0.935901 -0
    outer loop
      vertex 67.1662 43.4724 0
      vertex 66.3394 43.7836 3
      vertex 67.1662 43.4724 3
    endloop
  endfacet
  facet normal 0.352264 0.935901 0
    outer loop
      vertex 66.3394 43.7836 3
      vertex 67.1662 43.4724 0
      vertex 66.3394 43.7836 0
    endloop
  endfacet
  facet normal 0.634433 0.772978 -0
    outer loop
      vertex 70.9012 41.1498 0
      vertex 70.2183 41.7103 3
      vertex 70.9012 41.1498 3
    endloop
  endfacet
  facet normal 0.634433 0.772978 0
    outer loop
      vertex 70.2183 41.7103 3
      vertex 70.9012 41.1498 0
      vertex 70.2183 41.7103 0
    endloop
  endfacet
  facet normal 0.812891 0.582415 0
    outer loop
      vertex 73.2248 38.5002 3
      vertex 72.7103 39.2183 0
      vertex 72.7103 39.2183 3
    endloop
  endfacet
  facet normal 0.812891 0.582415 0
    outer loop
      vertex 72.7103 39.2183 0
      vertex 73.2248 38.5002 3
      vertex 73.2248 38.5002 0
    endloop
  endfacet
  facet normal 0.986644 0.162894 0
    outer loop
      vertex 75.3845 32.7621 3
      vertex 75.2406 33.6337 0
      vertex 75.2406 33.6337 3
    endloop
  endfacet
  facet normal 0.986644 0.162894 0
    outer loop
      vertex 75.2406 33.6337 0
      vertex 75.3845 32.7621 3
      vertex 75.3845 32.7621 0
    endloop
  endfacet
  facet normal -0.729823 -0.683636 0
    outer loop
      vertex 52.4541 21.4541 0
      vertex 51.8502 22.0988 3
      vertex 51.8502 22.0988 0
    endloop
  endfacet
  facet normal -0.729823 -0.683636 0
    outer loop
      vertex 51.8502 22.0988 3
      vertex 52.4541 21.4541 0
      vertex 52.4541 21.4541 3
    endloop
  endfacet
  facet normal 0.0327155 0.999465 -0
    outer loop
      vertex 62.8829 44.4711 0
      vertex 62 44.5 3
      vertex 62.8829 44.4711 3
    endloop
  endfacet
  facet normal 0.0327155 0.999465 0
    outer loop
      vertex 62 44.5 3
      vertex 62.8829 44.4711 0
      vertex 62 44.5 0
    endloop
  endfacet
  facet normal -0.582415 -0.812891 0
    outer loop
      vertex 53.7817 20.2897 0
      vertex 54.4998 19.7752 3
      vertex 53.7817 20.2897 3
    endloop
  endfacet
  facet normal -0.582415 -0.812891 -0
    outer loop
      vertex 54.4998 19.7752 3
      vertex 53.7817 20.2897 0
      vertex 54.4998 19.7752 0
    endloop
  endfacet
  facet normal -0.995184 -0.0980243 0
    outer loop
      vertex 48.6155 29.2379 0
      vertex 48.5289 30.1171 3
      vertex 48.5289 30.1171 0
    endloop
  endfacet
  facet normal -0.995184 -0.0980243 0
    outer loop
      vertex 48.5289 30.1171 3
      vertex 48.6155 29.2379 0
      vertex 48.6155 29.2379 3
    endloop
  endfacet
  facet normal -0.352264 -0.935901 0
    outer loop
      vertex 56.8338 18.5276 0
      vertex 57.6606 18.2164 3
      vertex 56.8338 18.5276 3
    endloop
  endfacet
  facet normal -0.352264 -0.935901 -0
    outer loop
      vertex 57.6606 18.2164 3
      vertex 56.8338 18.5276 0
      vertex 57.6606 18.2164 0
    endloop
  endfacet
  facet normal -0.772978 -0.634433 0
    outer loop
      vertex 51.8502 22.0988 0
      vertex 51.2897 22.7817 3
      vertex 51.2897 22.7817 0
    endloop
  endfacet
  facet normal -0.772978 -0.634433 0
    outer loop
      vertex 51.2897 22.7817 3
      vertex 51.8502 22.0988 0
      vertex 51.8502 22.0988 3
    endloop
  endfacet
  facet normal -0.471452 0.881892 0
    outer loop
      vertex 56.0291 43.1078 0
      vertex 55.25 42.6913 3
      vertex 56.0291 43.1078 3
    endloop
  endfacet
  facet normal -0.471452 0.881892 0
    outer loop
      vertex 55.25 42.6913 3
      vertex 56.0291 43.1078 0
      vertex 55.25 42.6913 0
    endloop
  endfacet
  facet normal 0.849204 -0.528064 0
    outer loop
      vertex 73.2248 23.4998 3
      vertex 73.6913 24.25 0
      vertex 73.6913 24.25 3
    endloop
  endfacet
  facet normal 0.849204 -0.528064 0
    outer loop
      vertex 73.6913 24.25 0
      vertex 73.2248 23.4998 3
      vertex 73.2248 23.4998 0
    endloop
  endfacet
  facet normal -0.812891 0.582415 0
    outer loop
      vertex 50.7752 38.5002 0
      vertex 51.2897 39.2183 3
      vertex 51.2897 39.2183 0
    endloop
  endfacet
  facet normal -0.812891 0.582415 0
    outer loop
      vertex 51.2897 39.2183 3
      vertex 50.7752 38.5002 0
      vertex 50.7752 38.5002 3
    endloop
  endfacet
  facet normal -0.935901 0.352264 0
    outer loop
      vertex 49.2164 35.3394 0
      vertex 49.5276 36.1662 3
      vertex 49.5276 36.1662 0
    endloop
  endfacet
  facet normal -0.935901 0.352264 0
    outer loop
      vertex 49.5276 36.1662 3
      vertex 49.2164 35.3394 0
      vertex 49.2164 35.3394 3
    endloop
  endfacet
  facet normal 0.910866 0.412702 0
    outer loop
      vertex 74.4724 36.1662 3
      vertex 74.1078 36.9709 0
      vertex 74.1078 36.9709 3
    endloop
  endfacet
  facet normal 0.910866 0.412702 0
    outer loop
      vertex 74.1078 36.9709 0
      vertex 74.4724 36.1662 3
      vertex 74.4724 36.1662 0
    endloop
  endfacet
  facet normal -0.290265 -0.956946 0
    outer loop
      vertex 57.6606 18.2164 0
      vertex 58.5059 17.96 3
      vertex 57.6606 18.2164 3
    endloop
  endfacet
  facet normal -0.290265 -0.956946 -0
    outer loop
      vertex 58.5059 17.96 3
      vertex 57.6606 18.2164 0
      vertex 58.5059 17.96 0
    endloop
  endfacet
  facet normal -0.683636 -0.729823 0
    outer loop
      vertex 52.4541 21.4541 0
      vertex 53.0988 20.8502 3
      vertex 52.4541 21.4541 3
    endloop
  endfacet
  facet normal -0.683636 -0.729823 -0
    outer loop
      vertex 53.0988 20.8502 3
      vertex 52.4541 21.4541 0
      vertex 53.0988 20.8502 0
    endloop
  endfacet
  facet normal 0 0 1
    outer loop
      vertex 64.25 31 3
      vertex 75.5 31 3
      vertex 75.4711 31.8829 3
    endloop
  endfacet
  facet normal 0 0 1
    outer loop
      vertex 64.25 31 3
      vertex 75.4711 31.8829 3
      vertex 75.3845 32.7621 3
    endloop
  endfacet
  facet normal 0 0 1
    outer loop
      vertex 75.5 31 3
      vertex 64.25 31 3
      vertex 75.4711 30.1171 3
    endloop
  endfacet
  facet normal 0 0 1
    outer loop
      vertex 64.2068 31.439 3
      vertex 75.3845 32.7621 3
      vertex 75.2406 33.6337 3
    endloop
  endfacet
  facet normal 0 0 1
    outer loop
      vertex 75.4711 30.1171 3
      vertex 64.25 31 3
      vertex 75.3845 29.2379 3
    endloop
  endfacet
  facet normal 0 0 1
    outer loop
      vertex 64.2068 31.439 3
      vertex 75.2406 33.6337 3
      vertex 75.04 34.4941 3
    endloop
  endfacet
  facet normal -0 0 1
    outer loop
      vertex 64.2068 30.561 3
      vertex 75.3845 29.2379 3
      vertex 64.25 31 3
    endloop
  endfacet
  facet normal 0 0 1
    outer loop
      vertex 64.2068 31.439 3
      vertex 75.04 34.4941 3
      vertex 74.7836 35.3394 3
    endloop
  endfacet
  facet normal 0 0 1
    outer loop
      vertex 75.3845 29.2379 3
      vertex 64.2068 30.561 3
      vertex 75.2406 28.3663 3
    endloop
  endfacet
  facet normal 0 0 1
    outer loop
      vertex 64.0787 31.861 3
      vertex 74.7836 35.3394 3
      vertex 74.4724 36.1662 3
    endloop
  endfacet
  facet normal 0 0 1
    outer loop
      vertex 75.2406 28.3663 3
      vertex 64.2068 30.561 3
      vertex 75.04 27.5059 3
    endloop
  endfacet
  facet normal 0 0 1
    outer loop
      vertex 64.0787 31.861 3
      vertex 74.4724 36.1662 3
      vertex 74.1078 36.9709 3
    endloop
  endfacet
  facet normal 0 0 1
    outer loop
      vertex 75.04 27.5059 3
      vertex 64.2068 30.561 3
      vertex 74.7836 26.6606 3
    endloop
  endfacet
  facet normal 0 0 1
    outer loop
      vertex 64.0787 31.861 3
      vertex 74.1078 36.9709 3
      vertex 73.6913 37.75 3
    endloop
  endfacet
  facet normal -0 0 1
    outer loop
      vertex 64.0787 30.139 3
      vertex 74.7836 26.6606 3
      vertex 64.2068 30.561 3
    endloop
  endfacet
  facet normal 0 0 1
    outer loop
      vertex 63.8708 32.25 3
      vertex 73.6913 37.75 3
      vertex 73.2248 38.5002 3
    endloop
  endfacet
  facet normal 0 0 1
    outer loop
      vertex 74.7836 26.6606 3
      vertex 64.0787 30.139 3
      vertex 74.4724 25.8338 3
    endloop
  endfacet
  facet normal 0 0 1
    outer loop
      vertex 63.8708 32.25 3
      vertex 73.2248 38.5002 3
      vertex 72.7103 39.2183 3
    endloop
  endfacet
  facet normal 0 0 1
    outer loop
      vertex 74.4724 25.8338 3
      vertex 64.0787 30.139 3
      vertex 74.1078 25.0291 3
    endloop
  endfacet
  facet normal 0 0 1
    outer loop
      vertex 63.8708 32.25 3
      vertex 72.7103 39.2183 3
      vertex 72.1498 39.9012 3
    endloop
  endfacet
  facet normal 0 0 1
    outer loop
      vertex 74.1078 25.0291 3
      vertex 64.0787 30.139 3
      vertex 73.6913 24.25 3
    endloop
  endfacet
  facet normal 0 0 1
    outer loop
      vertex 63.591 32.591 3
      vertex 72.1498 39.9012 3
      vertex 71.5459 40.5459 3
    endloop
  endfacet
  facet normal -0 0 1
    outer loop
      vertex 63.8708 29.75 3
      vertex 73.6913 24.25 3
      vertex 64.0787 30.139 3
    endloop
  endfacet
  facet normal 0 0 1
    outer loop
      vertex 63.591 32.591 3
      vertex 71.5459 40.5459 3
      vertex 70.9012 41.1498 3
    endloop
  endfacet
  facet normal 0 0 1
    outer loop
      vertex 73.6913 24.25 3
      vertex 63.8708 29.75 3
      vertex 73.2248 23.4998 3
    endloop
  endfacet
  facet normal 0 0 1
    outer loop
      vertex 63.591 32.591 3
      vertex 70.9012 41.1498 3
      vertex 70.2183 41.7103 3
    endloop
  endfacet
  facet normal 0 0 1
    outer loop
      vertex 73.2248 23.4998 3
      vertex 63.8708 29.75 3
      vertex 72.7103 22.7817 3
    endloop
  endfacet
  facet normal 0 0 1
    outer loop
      vertex 63.25 32.8708 3
      vertex 70.2183 41.7103 3
      vertex 69.5002 42.2248 3
    endloop
  endfacet
  facet normal 0 0 1
    outer loop
      vertex 72.7103 22.7817 3
      vertex 63.8708 29.75 3
      vertex 72.1498 22.0988 3
    endloop
  endfacet
  facet normal 0 0 1
    outer loop
      vertex 63.25 32.8708 3
      vertex 69.5002 42.2248 3
      vertex 68.75 42.6913 3
    endloop
  endfacet
  facet normal -0 0 1
    outer loop
      vertex 63.591 29.409 3
      vertex 72.1498 22.0988 3
      vertex 63.8708 29.75 3
    endloop
  endfacet
  facet normal 0 0 1
    outer loop
      vertex 63.25 32.8708 3
      vertex 68.75 42.6913 3
      vertex 67.9709 43.1078 3
    endloop
  endfacet
  facet normal 0 0 1
    outer loop
      vertex 72.1498 22.0988 3
      vertex 63.591 29.409 3
      vertex 71.5459 21.4541 3
    endloop
  endfacet
  facet normal 0 0 1
    outer loop
      vertex 62.861 33.0787 3
      vertex 67.9709 43.1078 3
      vertex 67.1662 43.4724 3
    endloop
  endfacet
  facet normal 0 0 1
    outer loop
      vertex 71.5459 21.4541 3
      vertex 63.591 29.409 3
      vertex 70.9012 20.8502 3
    endloop
  endfacet
  facet normal 0 0 1
    outer loop
      vertex 62.861 33.0787 3
      vertex 67.1662 43.4724 3
      vertex 66.3394 43.7836 3
    endloop
  endfacet
  facet normal 0 0 1
    outer loop
      vertex 70.9012 20.8502 3
      vertex 63.591 29.409 3
      vertex 70.2183 20.2897 3
    endloop
  endfacet
  facet normal 0 0 1
    outer loop
      vertex 62.861 33.0787 3
      vertex 66.3394 43.7836 3
      vertex 65.4941 44.04 3
    endloop
  endfacet
  facet normal -0 0 1
    outer loop
      vertex 63.25 29.1292 3
      vertex 70.2183 20.2897 3
      vertex 63.591 29.409 3
    endloop
  endfacet
  facet normal 0 0 1
    outer loop
      vertex 62.439 33.2068 3
      vertex 65.4941 44.04 3
      vertex 64.6337 44.2406 3
    endloop
  endfacet
  facet normal 0 0 1
    outer loop
      vertex 70.2183 20.2897 3
      vertex 63.25 29.1292 3
      vertex 69.5002 19.7752 3
    endloop
  endfacet
  facet normal 0 0 1
    outer loop
      vertex 69.5002 19.7752 3
      vertex 63.25 29.1292 3
      vertex 68.75 19.3087 3
    endloop
  endfacet
  facet normal 0 0 1
    outer loop
      vertex 75.3845 32.7621 3
      vertex 64.2068 31.439 3
      vertex 64.25 31 3
    endloop
  endfacet
  facet normal 0 0 1
    outer loop
      vertex 74.7836 35.3394 3
      vertex 64.0787 31.861 3
      vertex 64.2068 31.439 3
    endloop
  endfacet
  facet normal 0 0 1
    outer loop
      vertex 73.6913 37.75 3
      vertex 63.8708 32.25 3
      vertex 64.0787 31.861 3
    endloop
  endfacet
  facet normal 0 0 1
    outer loop
      vertex 62.439 33.2068 3
      vertex 64.6337 44.2406 3
      vertex 63.7621 44.3845 3
    endloop
  endfacet
  facet normal 0 0 1
    outer loop
      vertex 72.1498 39.9012 3
      vertex 63.591 32.591 3
      vertex 63.8708 32.25 3
    endloop
  endfacet
  facet normal 0 0 1
    outer loop
      vertex 70.2183 41.7103 3
      vertex 63.25 32.8708 3
      vertex 63.591 32.591 3
    endloop
  endfacet
  facet normal 0 0 1
    outer loop
      vertex 62.439 33.2068 3
      vertex 63.7621 44.3845 3
      vertex 62.8829 44.4711 3
    endloop
  endfacet
  facet normal 0 0 1
    outer loop
      vertex 67.9709 43.1078 3
      vertex 62.861 33.0787 3
      vertex 63.25 32.8708 3
    endloop
  endfacet
  facet normal 0 0 1
    outer loop
      vertex 65.4941 44.04 3
      vertex 62.439 33.2068 3
      vertex 62.861 33.0787 3
    endloop
  endfacet
  facet normal 0 0 1
    outer loop
      vertex 62 33.25 3
      vertex 62.8829 44.4711 3
      vertex 62 44.5 3
    endloop
  endfacet
  facet normal 0 0 1
    outer loop
      vertex 62.8829 44.4711 3
      vertex 62 33.25 3
      vertex 62.439 33.2068 3
    endloop
  endfacet
  facet normal -0 0 1
    outer loop
      vertex 61.1171 44.4711 3
      vertex 62 33.25 3
      vertex 62 44.5 3
    endloop
  endfacet
  facet normal 0 0 1
    outer loop
      vertex 62 33.25 3
      vertex 61.1171 44.4711 3
      vertex 61.561 33.2068 3
    endloop
  endfacet
  facet normal -0 0 1
    outer loop
      vertex 60.2379 44.3845 3
      vertex 61.561 33.2068 3
      vertex 61.1171 44.4711 3
    endloop
  endfacet
  facet normal -0 0 1
    outer loop
      vertex 59.3663 44.2406 3
      vertex 61.561 33.2068 3
      vertex 60.2379 44.3845 3
    endloop
  endfacet
  facet normal -0 0 1
    outer loop
      vertex 58.5059 44.04 3
      vertex 61.561 33.2068 3
      vertex 59.3663 44.2406 3
    endloop
  endfacet
  facet normal 0 0 1
    outer loop
      vertex 61.561 33.2068 3
      vertex 58.5059 44.04 3
      vertex 61.139 33.0787 3
    endloop
  endfacet
  facet normal -0 0 1
    outer loop
      vertex 57.6606 43.7836 3
      vertex 61.139 33.0787 3
      vertex 58.5059 44.04 3
    endloop
  endfacet
  facet normal -0 0 1
    outer loop
      vertex 56.8338 43.4724 3
      vertex 61.139 33.0787 3
      vertex 57.6606 43.7836 3
    endloop
  endfacet
  facet normal -0 0 1
    outer loop
      vertex 56.0291 43.1078 3
      vertex 61.139 33.0787 3
      vertex 56.8338 43.4724 3
    endloop
  endfacet
  facet normal 0 0 1
    outer loop
      vertex 61.139 33.0787 3
      vertex 56.0291 43.1078 3
      vertex 60.75 32.8708 3
    endloop
  endfacet
  facet normal -0 0 1
    outer loop
      vertex 55.25 42.6913 3
      vertex 60.75 32.8708 3
      vertex 56.0291 43.1078 3
    endloop
  endfacet
  facet normal 0 0 1
    outer loop
      vertex 68.75 19.3087 3
      vertex 63.25 29.1292 3
      vertex 67.9709 18.8922 3
    endloop
  endfacet
  facet normal -0 0 1
    outer loop
      vertex 62.861 28.9213 3
      vertex 67.9709 18.8922 3
      vertex 63.25 29.1292 3
    endloop
  endfacet
  facet normal 0 0 1
    outer loop
      vertex 67.9709 18.8922 3
      vertex 62.861 28.9213 3
      vertex 67.1662 18.5276 3
    endloop
  endfacet
  facet normal 0 0 1
    outer loop
      vertex 67.1662 18.5276 3
      vertex 62.861 28.9213 3
      vertex 66.3394 18.2164 3
    endloop
  endfacet
  facet normal 0 0 1
    outer loop
      vertex 66.3394 18.2164 3
      vertex 62.861 28.9213 3
      vertex 65.4941 17.96 3
    endloop
  endfacet
  facet normal -0 0 1
    outer loop
      vertex 62.439 28.7932 3
      vertex 65.4941 17.96 3
      vertex 62.861 28.9213 3
    endloop
  endfacet
  facet normal 0 0 1
    outer loop
      vertex 65.4941 17.96 3
      vertex 62.439 28.7932 3
      vertex 64.6337 17.7594 3
    endloop
  endfacet
  facet normal 0 0 1
    outer loop
      vertex 64.6337 17.7594 3
      vertex 62.439 28.7932 3
      vertex 63.7621 17.6155 3
    endloop
  endfacet
  facet normal 0 0 1
    outer loop
      vertex 63.7621 17.6155 3
      vertex 62.439 28.7932 3
      vertex 62.8829 17.5289 3
    endloop
  endfacet
  facet normal -0 0 1
    outer loop
      vertex 62 28.75 3
      vertex 62.8829 17.5289 3
      vertex 62.439 28.7932 3
    endloop
  endfacet
  facet normal 0 0 1
    outer loop
      vertex 62 28.75 3
      vertex 62 17.5 3
      vertex 62.8829 17.5289 3
    endloop
  endfacet
  facet normal 0 0 1
    outer loop
      vertex 61.1171 17.5289 3
      vertex 62 28.75 3
      vertex 61.561 28.7932 3
    endloop
  endfacet
  facet normal 0 0 1
    outer loop
      vertex 58.5059 17.96 3
      vertex 61.561 28.7932 3
      vertex 61.139 28.9213 3
    endloop
  endfacet
  facet normal 0 0 1
    outer loop
      vertex 62 28.75 3
      vertex 61.1171 17.5289 3
      vertex 62 17.5 3
    endloop
  endfacet
  facet normal 0 0 1
    outer loop
      vertex 56.0291 18.8922 3
      vertex 61.139 28.9213 3
      vertex 60.75 29.1292 3
    endloop
  endfacet
  facet normal 0 0 1
    outer loop
      vertex 53.7817 20.2897 3
      vertex 60.75 29.1292 3
      vertex 60.409 29.409 3
    endloop
  endfacet
  facet normal 0 0 1
    outer loop
      vertex 61.561 28.7932 3
      vertex 60.2379 17.6155 3
      vertex 61.1171 17.5289 3
    endloop
  endfacet
  facet normal 0 0 1
    outer loop
      vertex 51.8502 22.0988 3
      vertex 60.409 29.409 3
      vertex 60.1292 29.75 3
    endloop
  endfacet
  facet normal 0 0 1
    outer loop
      vertex 50.3087 24.25 3
      vertex 60.1292 29.75 3
      vertex 59.9213 30.139 3
    endloop
  endfacet
  facet normal 0 0 1
    outer loop
      vertex 49.2164 26.6606 3
      vertex 59.9213 30.139 3
      vertex 59.7932 30.561 3
    endloop
  endfacet
  facet normal 0 0 1
    outer loop
      vertex 48.6155 29.2379 3
      vertex 59.7932 30.561 3
      vertex 59.75 31 3
    endloop
  endfacet
  facet normal 0 0 1
    outer loop
      vertex 61.561 28.7932 3
      vertex 59.3663 17.7594 3
      vertex 60.2379 17.6155 3
    endloop
  endfacet
  facet normal -0 0 1
    outer loop
      vertex 54.4998 42.2248 3
      vertex 60.75 32.8708 3
      vertex 55.25 42.6913 3
    endloop
  endfacet
  facet normal -0 0 1
    outer loop
      vertex 53.7817 41.7103 3
      vertex 60.75 32.8708 3
      vertex 54.4998 42.2248 3
    endloop
  endfacet
  facet normal 0 0 1
    outer loop
      vertex 61.561 28.7932 3
      vertex 58.5059 17.96 3
      vertex 59.3663 17.7594 3
    endloop
  endfacet
  facet normal 0 0 1
    outer loop
      vertex 60.75 32.8708 3
      vertex 53.7817 41.7103 3
      vertex 60.409 32.591 3
    endloop
  endfacet
  facet normal 0 0 1
    outer loop
      vertex 61.139 28.9213 3
      vertex 57.6606 18.2164 3
      vertex 58.5059 17.96 3
    endloop
  endfacet
  facet normal -0 0 1
    outer loop
      vertex 53.0988 41.1498 3
      vertex 60.409 32.591 3
      vertex 53.7817 41.7103 3
    endloop
  endfacet
  facet normal 0 0 1
    outer loop
      vertex 61.139 28.9213 3
      vertex 56.8338 18.5276 3
      vertex 57.6606 18.2164 3
    endloop
  endfacet
  facet normal -0 0 1
    outer loop
      vertex 52.4541 40.5459 3
      vertex 60.409 32.591 3
      vertex 53.0988 41.1498 3
    endloop
  endfacet
  facet normal 0 0 1
    outer loop
      vertex 61.139 28.9213 3
      vertex 56.0291 18.8922 3
      vertex 56.8338 18.5276 3
    endloop
  endfacet
  facet normal -0 0 1
    outer loop
      vertex 51.8502 39.9012 3
      vertex 60.409 32.591 3
      vertex 52.4541 40.5459 3
    endloop
  endfacet
  facet normal 0 0 1
    outer loop
      vertex 60.75 29.1292 3
      vertex 55.25 19.3087 3
      vertex 56.0291 18.8922 3
    endloop
  endfacet
  facet normal 0 0 1
    outer loop
      vertex 60.409 32.591 3
      vertex 51.8502 39.9012 3
      vertex 60.1292 32.25 3
    endloop
  endfacet
  facet normal 0 0 1
    outer loop
      vertex 60.75 29.1292 3
      vertex 54.4998 19.7752 3
      vertex 55.25 19.3087 3
    endloop
  endfacet
  facet normal -0 0 1
    outer loop
      vertex 51.2897 39.2183 3
      vertex 60.1292 32.25 3
      vertex 51.8502 39.9012 3
    endloop
  endfacet
  facet normal 0 0 1
    outer loop
      vertex 60.75 29.1292 3
      vertex 53.7817 20.2897 3
      vertex 54.4998 19.7752 3
    endloop
  endfacet
  facet normal -0 0 1
    outer loop
      vertex 50.7752 38.5002 3
      vertex 60.1292 32.25 3
      vertex 51.2897 39.2183 3
    endloop
  endfacet
  facet normal 0 0 1
    outer loop
      vertex 60.409 29.409 3
      vertex 53.0988 20.8502 3
      vertex 53.7817 20.2897 3
    endloop
  endfacet
  facet normal -0 0 1
    outer loop
      vertex 50.3087 37.75 3
      vertex 60.1292 32.25 3
      vertex 50.7752 38.5002 3
    endloop
  endfacet
  facet normal 0 0 1
    outer loop
      vertex 60.409 29.409 3
      vertex 52.4541 21.4541 3
      vertex 53.0988 20.8502 3
    endloop
  endfacet
  facet normal 0 0 1
    outer loop
      vertex 60.1292 32.25 3
      vertex 50.3087 37.75 3
      vertex 59.9213 31.861 3
    endloop
  endfacet
  facet normal 0 0 1
    outer loop
      vertex 60.409 29.409 3
      vertex 51.8502 22.0988 3
      vertex 52.4541 21.4541 3
    endloop
  endfacet
  facet normal -0 0 1
    outer loop
      vertex 49.8922 36.9709 3
      vertex 59.9213 31.861 3
      vertex 50.3087 37.75 3
    endloop
  endfacet
  facet normal 0 0 1
    outer loop
      vertex 60.1292 29.75 3
      vertex 51.2897 22.7817 3
      vertex 51.8502 22.0988 3
    endloop
  endfacet
  facet normal -0 0 1
    outer loop
      vertex 49.5276 36.1662 3
      vertex 59.9213 31.861 3
      vertex 49.8922 36.9709 3
    endloop
  endfacet
  facet normal 0 0 1
    outer loop
      vertex 60.1292 29.75 3
      vertex 50.7752 23.4998 3
      vertex 51.2897 22.7817 3
    endloop
  endfacet
  facet normal -0 0 1
    outer loop
      vertex 49.2164 35.3394 3
      vertex 59.9213 31.861 3
      vertex 49.5276 36.1662 3
    endloop
  endfacet
  facet normal 0 0 1
    outer loop
      vertex 60.1292 29.75 3
      vertex 50.3087 24.25 3
      vertex 50.7752 23.4998 3
    endloop
  endfacet
  facet normal 0 0 1
    outer loop
      vertex 59.9213 31.861 3
      vertex 49.2164 35.3394 3
      vertex 59.7932 31.439 3
    endloop
  endfacet
  facet normal 0 0 1
    outer loop
      vertex 59.9213 30.139 3
      vertex 49.8922 25.0291 3
      vertex 50.3087 24.25 3
    endloop
  endfacet
  facet normal -0 0 1
    outer loop
      vertex 48.96 34.4941 3
      vertex 59.7932 31.439 3
      vertex 49.2164 35.3394 3
    endloop
  endfacet
  facet normal 0 0 1
    outer loop
      vertex 59.9213 30.139 3
      vertex 49.5276 25.8338 3
      vertex 49.8922 25.0291 3
    endloop
  endfacet
  facet normal -0 0 1
    outer loop
      vertex 48.7594 33.6337 3
      vertex 59.7932 31.439 3
      vertex 48.96 34.4941 3
    endloop
  endfacet
  facet normal 0 0 1
    outer loop
      vertex 59.9213 30.139 3
      vertex 49.2164 26.6606 3
      vertex 49.5276 25.8338 3
    endloop
  endfacet
  facet normal -0 0 1
    outer loop
      vertex 48.6155 32.7621 3
      vertex 59.7932 31.439 3
      vertex 48.7594 33.6337 3
    endloop
  endfacet
  facet normal 0 0 1
    outer loop
      vertex 59.7932 30.561 3
      vertex 48.96 27.5059 3
      vertex 49.2164 26.6606 3
    endloop
  endfacet
  facet normal 0 0 1
    outer loop
      vertex 59.7932 31.439 3
      vertex 48.6155 32.7621 3
      vertex 59.75 31 3
    endloop
  endfacet
  facet normal 0 0 1
    outer loop
      vertex 59.7932 30.561 3
      vertex 48.7594 28.3663 3
      vertex 48.96 27.5059 3
    endloop
  endfacet
  facet normal -0 0 1
    outer loop
      vertex 48.5289 31.8829 3
      vertex 59.75 31 3
      vertex 48.6155 32.7621 3
    endloop
  endfacet
  facet normal 0 0 1
    outer loop
      vertex 59.7932 30.561 3
      vertex 48.6155 29.2379 3
      vertex 48.7594 28.3663 3
    endloop
  endfacet
  facet normal 0 0 1
    outer loop
      vertex 48.5 31 3
      vertex 59.75 31 3
      vertex 48.5289 31.8829 3
    endloop
  endfacet
  facet normal 0 0 1
    outer loop
      vertex 59.75 31 3
      vertex 48.5289 30.1171 3
      vertex 48.6155 29.2379 3
    endloop
  endfacet
  facet normal 0 0 1
    outer loop
      vertex 59.75 31 3
      vertex 48.5 31 3
      vertex 48.5289 30.1171 3
    endloop
  endfacet
  facet normal 0 0 -1
    outer loop
      vertex 64.25 31 0
      vertex 75.5 31 0
      vertex 75.4711 30.1171 0
    endloop
  endfacet
  facet normal 0 0 -1
    outer loop
      vertex 64.25 31 0
      vertex 75.4711 30.1171 0
      vertex 75.3845 29.2379 0
    endloop
  endfacet
  facet normal 0 0 -1
    outer loop
      vertex 75.5 31 0
      vertex 64.25 31 0
      vertex 75.4711 31.8829 0
    endloop
  endfacet
  facet normal 0 0 -1
    outer loop
      vertex 64.2068 30.561 0
      vertex 75.3845 29.2379 0
      vertex 75.2406 28.3663 0
    endloop
  endfacet
  facet normal -0 0 -1
    outer loop
      vertex 75.4711 31.8829 0
      vertex 64.25 31 0
      vertex 75.3845 32.7621 0
    endloop
  endfacet
  facet normal 0 0 -1
    outer loop
      vertex 64.2068 30.561 0
      vertex 75.2406 28.3663 0
      vertex 75.04 27.5059 0
    endloop
  endfacet
  facet normal 0 0 -1
    outer loop
      vertex 64.2068 31.439 0
      vertex 75.3845 32.7621 0
      vertex 64.25 31 0
    endloop
  endfacet
  facet normal 0 0 -1
    outer loop
      vertex 64.2068 30.561 0
      vertex 75.04 27.5059 0
      vertex 74.7836 26.6606 0
    endloop
  endfacet
  facet normal -0 0 -1
    outer loop
      vertex 75.3845 32.7621 0
      vertex 64.2068 31.439 0
      vertex 75.2406 33.6337 0
    endloop
  endfacet
  facet normal 0 0 -1
    outer loop
      vertex 64.0787 30.139 0
      vertex 74.7836 26.6606 0
      vertex 74.4724 25.8338 0
    endloop
  endfacet
  facet normal -0 0 -1
    outer loop
      vertex 75.2406 33.6337 0
      vertex 64.2068 31.439 0
      vertex 75.04 34.4941 0
    endloop
  endfacet
  facet normal 0 0 -1
    outer loop
      vertex 64.0787 30.139 0
      vertex 74.4724 25.8338 0
      vertex 74.1078 25.0291 0
    endloop
  endfacet
  facet normal -0 0 -1
    outer loop
      vertex 75.04 34.4941 0
      vertex 64.2068 31.439 0
      vertex 74.7836 35.3394 0
    endloop
  endfacet
  facet normal 0 0 -1
    outer loop
      vertex 64.0787 30.139 0
      vertex 74.1078 25.0291 0
      vertex 73.6913 24.25 0
    endloop
  endfacet
  facet normal 0 0 -1
    outer loop
      vertex 64.0787 31.861 0
      vertex 74.7836 35.3394 0
      vertex 64.2068 31.439 0
    endloop
  endfacet
  facet normal 0 0 -1
    outer loop
      vertex 63.8708 29.75 0
      vertex 73.6913 24.25 0
      vertex 73.2248 23.4998 0
    endloop
  endfacet
  facet normal -0 0 -1
    outer loop
      vertex 74.7836 35.3394 0
      vertex 64.0787 31.861 0
      vertex 74.4724 36.1662 0
    endloop
  endfacet
  facet normal 0 0 -1
    outer loop
      vertex 63.8708 29.75 0
      vertex 73.2248 23.4998 0
      vertex 72.7103 22.7817 0
    endloop
  endfacet
  facet normal -0 0 -1
    outer loop
      vertex 74.4724 36.1662 0
      vertex 64.0787 31.861 0
      vertex 74.1078 36.9709 0
    endloop
  endfacet
  facet normal 0 0 -1
    outer loop
      vertex 63.8708 29.75 0
      vertex 72.7103 22.7817 0
      vertex 72.1498 22.0988 0
    endloop
  endfacet
  facet normal -0 0 -1
    outer loop
      vertex 74.1078 36.9709 0
      vertex 64.0787 31.861 0
      vertex 73.6913 37.75 0
    endloop
  endfacet
  facet normal 0 0 -1
    outer loop
      vertex 63.591 29.409 0
      vertex 72.1498 22.0988 0
      vertex 71.5459 21.4541 0
    endloop
  endfacet
  facet normal 0 0 -1
    outer loop
      vertex 63.8708 32.25 0
      vertex 73.6913 37.75 0
      vertex 64.0787 31.861 0
    endloop
  endfacet
  facet normal 0 0 -1
    outer loop
      vertex 63.591 29.409 0
      vertex 71.5459 21.4541 0
      vertex 70.9012 20.8502 0
    endloop
  endfacet
  facet normal -0 0 -1
    outer loop
      vertex 73.6913 37.75 0
      vertex 63.8708 32.25 0
      vertex 73.2248 38.5002 0
    endloop
  endfacet
  facet normal 0 0 -1
    outer loop
      vertex 63.591 29.409 0
      vertex 70.9012 20.8502 0
      vertex 70.2183 20.2897 0
    endloop
  endfacet
  facet normal -0 0 -1
    outer loop
      vertex 73.2248 38.5002 0
      vertex 63.8708 32.25 0
      vertex 72.7103 39.2183 0
    endloop
  endfacet
  facet normal 0 0 -1
    outer loop
      vertex 63.25 29.1292 0
      vertex 70.2183 20.2897 0
      vertex 69.5002 19.7752 0
    endloop
  endfacet
  facet normal -0 0 -1
    outer loop
      vertex 72.7103 39.2183 0
      vertex 63.8708 32.25 0
      vertex 72.1498 39.9012 0
    endloop
  endfacet
  facet normal 0 0 -1
    outer loop
      vertex 63.25 29.1292 0
      vertex 69.5002 19.7752 0
      vertex 68.75 19.3087 0
    endloop
  endfacet
  facet normal 0 0 -1
    outer loop
      vertex 63.591 32.591 0
      vertex 72.1498 39.9012 0
      vertex 63.8708 32.25 0
    endloop
  endfacet
  facet normal 0 0 -1
    outer loop
      vertex 63.25 29.1292 0
      vertex 68.75 19.3087 0
      vertex 67.9709 18.8922 0
    endloop
  endfacet
  facet normal -0 0 -1
    outer loop
      vertex 72.1498 39.9012 0
      vertex 63.591 32.591 0
      vertex 71.5459 40.5459 0
    endloop
  endfacet
  facet normal 0 0 -1
    outer loop
      vertex 62.861 28.9213 0
      vertex 67.9709 18.8922 0
      vertex 67.1662 18.5276 0
    endloop
  endfacet
  facet normal -0 0 -1
    outer loop
      vertex 71.5459 40.5459 0
      vertex 63.591 32.591 0
      vertex 70.9012 41.1498 0
    endloop
  endfacet
  facet normal 0 0 -1
    outer loop
      vertex 62.861 28.9213 0
      vertex 67.1662 18.5276 0
      vertex 66.3394 18.2164 0
    endloop
  endfacet
  facet normal -0 0 -1
    outer loop
      vertex 70.9012 41.1498 0
      vertex 63.591 32.591 0
      vertex 70.2183 41.7103 0
    endloop
  endfacet
  facet normal 0 0 -1
    outer loop
      vertex 62.861 28.9213 0
      vertex 66.3394 18.2164 0
      vertex 65.4941 17.96 0
    endloop
  endfacet
  facet normal 0 0 -1
    outer loop
      vertex 63.25 32.8708 0
      vertex 70.2183 41.7103 0
      vertex 63.591 32.591 0
    endloop
  endfacet
  facet normal 0 0 -1
    outer loop
      vertex 62.439 28.7932 0
      vertex 65.4941 17.96 0
      vertex 64.6337 17.7594 0
    endloop
  endfacet
  facet normal -0 0 -1
    outer loop
      vertex 70.2183 41.7103 0
      vertex 63.25 32.8708 0
      vertex 69.5002 42.2248 0
    endloop
  endfacet
  facet normal -0 0 -1
    outer loop
      vertex 69.5002 42.2248 0
      vertex 63.25 32.8708 0
      vertex 68.75 42.6913 0
    endloop
  endfacet
  facet normal 0 0 -1
    outer loop
      vertex 75.3845 29.2379 0
      vertex 64.2068 30.561 0
      vertex 64.25 31 0
    endloop
  endfacet
  facet normal 0 0 -1
    outer loop
      vertex 74.7836 26.6606 0
      vertex 64.0787 30.139 0
      vertex 64.2068 30.561 0
    endloop
  endfacet
  facet normal 0 0 -1
    outer loop
      vertex 73.6913 24.25 0
      vertex 63.8708 29.75 0
      vertex 64.0787 30.139 0
    endloop
  endfacet
  facet normal 0 0 -1
    outer loop
      vertex 62.439 28.7932 0
      vertex 64.6337 17.7594 0
      vertex 63.7621 17.6155 0
    endloop
  endfacet
  facet normal 0 0 -1
    outer loop
      vertex 72.1498 22.0988 0
      vertex 63.591 29.409 0
      vertex 63.8708 29.75 0
    endloop
  endfacet
  facet normal 0 0 -1
    outer loop
      vertex 70.2183 20.2897 0
      vertex 63.25 29.1292 0
      vertex 63.591 29.409 0
    endloop
  endfacet
  facet normal 0 0 -1
    outer loop
      vertex 62.439 28.7932 0
      vertex 63.7621 17.6155 0
      vertex 62.8829 17.5289 0
    endloop
  endfacet
  facet normal 0 0 -1
    outer loop
      vertex 67.9709 18.8922 0
      vertex 62.861 28.9213 0
      vertex 63.25 29.1292 0
    endloop
  endfacet
  facet normal 0 0 -1
    outer loop
      vertex 65.4941 17.96 0
      vertex 62.439 28.7932 0
      vertex 62.861 28.9213 0
    endloop
  endfacet
  facet normal 0 0 -1
    outer loop
      vertex 62 28.75 0
      vertex 62.8829 17.5289 0
      vertex 62 17.5 0
    endloop
  endfacet
  facet normal 0 0 -1
    outer loop
      vertex 62.8829 17.5289 0
      vertex 62 28.75 0
      vertex 62.439 28.7932 0
    endloop
  endfacet
  facet normal 0 0 -1
    outer loop
      vertex 61.1171 17.5289 0
      vertex 62 28.75 0
      vertex 62 17.5 0
    endloop
  endfacet
  facet normal -0 0 -1
    outer loop
      vertex 62 28.75 0
      vertex 61.1171 17.5289 0
      vertex 61.561 28.7932 0
    endloop
  endfacet
  facet normal 0 0 -1
    outer loop
      vertex 60.2379 17.6155 0
      vertex 61.561 28.7932 0
      vertex 61.1171 17.5289 0
    endloop
  endfacet
  facet normal 0 0 -1
    outer loop
      vertex 59.3663 17.7594 0
      vertex 61.561 28.7932 0
      vertex 60.2379 17.6155 0
    endloop
  endfacet
  facet normal 0 0 -1
    outer loop
      vertex 58.5059 17.96 0
      vertex 61.561 28.7932 0
      vertex 59.3663 17.7594 0
    endloop
  endfacet
  facet normal -0 0 -1
    outer loop
      vertex 61.561 28.7932 0
      vertex 58.5059 17.96 0
      vertex 61.139 28.9213 0
    endloop
  endfacet
  facet normal 0 0 -1
    outer loop
      vertex 57.6606 18.2164 0
      vertex 61.139 28.9213 0
      vertex 58.5059 17.96 0
    endloop
  endfacet
  facet normal 0 0 -1
    outer loop
      vertex 56.8338 18.5276 0
      vertex 61.139 28.9213 0
      vertex 57.6606 18.2164 0
    endloop
  endfacet
  facet normal 0 0 -1
    outer loop
      vertex 56.0291 18.8922 0
      vertex 61.139 28.9213 0
      vertex 56.8338 18.5276 0
    endloop
  endfacet
  facet normal -0 0 -1
    outer loop
      vertex 61.139 28.9213 0
      vertex 56.0291 18.8922 0
      vertex 60.75 29.1292 0
    endloop
  endfacet
  facet normal 0 0 -1
    outer loop
      vertex 55.25 19.3087 0
      vertex 60.75 29.1292 0
      vertex 56.0291 18.8922 0
    endloop
  endfacet
  facet normal -0 0 -1
    outer loop
      vertex 68.75 42.6913 0
      vertex 63.25 32.8708 0
      vertex 67.9709 43.1078 0
    endloop
  endfacet
  facet normal 0 0 -1
    outer loop
      vertex 62.861 33.0787 0
      vertex 67.9709 43.1078 0
      vertex 63.25 32.8708 0
    endloop
  endfacet
  facet normal -0 0 -1
    outer loop
      vertex 67.9709 43.1078 0
      vertex 62.861 33.0787 0
      vertex 67.1662 43.4724 0
    endloop
  endfacet
  facet normal -0 0 -1
    outer loop
      vertex 67.1662 43.4724 0
      vertex 62.861 33.0787 0
      vertex 66.3394 43.7836 0
    endloop
  endfacet
  facet normal -0 0 -1
    outer loop
      vertex 66.3394 43.7836 0
      vertex 62.861 33.0787 0
      vertex 65.4941 44.04 0
    endloop
  endfacet
  facet normal 0 0 -1
    outer loop
      vertex 62.439 33.2068 0
      vertex 65.4941 44.04 0
      vertex 62.861 33.0787 0
    endloop
  endfacet
  facet normal -0 0 -1
    outer loop
      vertex 65.4941 44.04 0
      vertex 62.439 33.2068 0
      vertex 64.6337 44.2406 0
    endloop
  endfacet
  facet normal -0 0 -1
    outer loop
      vertex 64.6337 44.2406 0
      vertex 62.439 33.2068 0
      vertex 63.7621 44.3845 0
    endloop
  endfacet
  facet normal -0 0 -1
    outer loop
      vertex 63.7621 44.3845 0
      vertex 62.439 33.2068 0
      vertex 62.8829 44.4711 0
    endloop
  endfacet
  facet normal 0 0 -1
    outer loop
      vertex 62 33.25 0
      vertex 62.8829 44.4711 0
      vertex 62.439 33.2068 0
    endloop
  endfacet
  facet normal 0 0 -1
    outer loop
      vertex 62 33.25 0
      vertex 62 44.5 0
      vertex 62.8829 44.4711 0
    endloop
  endfacet
  facet normal 0 0 -1
    outer loop
      vertex 61.1171 44.4711 0
      vertex 62 33.25 0
      vertex 61.561 33.2068 0
    endloop
  endfacet
  facet normal 0 0 -1
    outer loop
      vertex 58.5059 44.04 0
      vertex 61.561 33.2068 0
      vertex 61.139 33.0787 0
    endloop
  endfacet
  facet normal 0 0 -1
    outer loop
      vertex 62 33.25 0
      vertex 61.1171 44.4711 0
      vertex 62 44.5 0
    endloop
  endfacet
  facet normal 0 0 -1
    outer loop
      vertex 56.0291 43.1078 0
      vertex 61.139 33.0787 0
      vertex 60.75 32.8708 0
    endloop
  endfacet
  facet normal 0 0 -1
    outer loop
      vertex 53.7817 41.7103 0
      vertex 60.75 32.8708 0
      vertex 60.409 32.591 0
    endloop
  endfacet
  facet normal 0 0 -1
    outer loop
      vertex 61.561 33.2068 0
      vertex 60.2379 44.3845 0
      vertex 61.1171 44.4711 0
    endloop
  endfacet
  facet normal 0 0 -1
    outer loop
      vertex 51.8502 39.9012 0
      vertex 60.409 32.591 0
      vertex 60.1292 32.25 0
    endloop
  endfacet
  facet normal 0 0 -1
    outer loop
      vertex 50.3087 37.75 0
      vertex 60.1292 32.25 0
      vertex 59.9213 31.861 0
    endloop
  endfacet
  facet normal 0 0 -1
    outer loop
      vertex 49.2164 35.3394 0
      vertex 59.9213 31.861 0
      vertex 59.7932 31.439 0
    endloop
  endfacet
  facet normal 0 0 -1
    outer loop
      vertex 48.6155 32.7621 0
      vertex 59.7932 31.439 0
      vertex 59.75 31 0
    endloop
  endfacet
  facet normal 0 0 -1
    outer loop
      vertex 61.561 33.2068 0
      vertex 59.3663 44.2406 0
      vertex 60.2379 44.3845 0
    endloop
  endfacet
  facet normal 0 0 -1
    outer loop
      vertex 54.4998 19.7752 0
      vertex 60.75 29.1292 0
      vertex 55.25 19.3087 0
    endloop
  endfacet
  facet normal 0 0 -1
    outer loop
      vertex 53.7817 20.2897 0
      vertex 60.75 29.1292 0
      vertex 54.4998 19.7752 0
    endloop
  endfacet
  facet normal 0 0 -1
    outer loop
      vertex 61.561 33.2068 0
      vertex 58.5059 44.04 0
      vertex 59.3663 44.2406 0
    endloop
  endfacet
  facet normal -0 0 -1
    outer loop
      vertex 60.75 29.1292 0
      vertex 53.7817 20.2897 0
      vertex 60.409 29.409 0
    endloop
  endfacet
  facet normal 0 0 -1
    outer loop
      vertex 61.139 33.0787 0
      vertex 57.6606 43.7836 0
      vertex 58.5059 44.04 0
    endloop
  endfacet
  facet normal 0 0 -1
    outer loop
      vertex 53.0988 20.8502 0
      vertex 60.409 29.409 0
      vertex 53.7817 20.2897 0
    endloop
  endfacet
  facet normal 0 0 -1
    outer loop
      vertex 61.139 33.0787 0
      vertex 56.8338 43.4724 0
      vertex 57.6606 43.7836 0
    endloop
  endfacet
  facet normal 0 0 -1
    outer loop
      vertex 52.4541 21.4541 0
      vertex 60.409 29.409 0
      vertex 53.0988 20.8502 0
    endloop
  endfacet
  facet normal 0 0 -1
    outer loop
      vertex 61.139 33.0787 0
      vertex 56.0291 43.1078 0
      vertex 56.8338 43.4724 0
    endloop
  endfacet
  facet normal 0 0 -1
    outer loop
      vertex 51.8502 22.0988 0
      vertex 60.409 29.409 0
      vertex 52.4541 21.4541 0
    endloop
  endfacet
  facet normal 0 0 -1
    outer loop
      vertex 60.75 32.8708 0
      vertex 55.25 42.6913 0
      vertex 56.0291 43.1078 0
    endloop
  endfacet
  facet normal -0 0 -1
    outer loop
      vertex 60.409 29.409 0
      vertex 51.8502 22.0988 0
      vertex 60.1292 29.75 0
    endloop
  endfacet
  facet normal 0 0 -1
    outer loop
      vertex 60.75 32.8708 0
      vertex 54.4998 42.2248 0
      vertex 55.25 42.6913 0
    endloop
  endfacet
  facet normal 0 0 -1
    outer loop
      vertex 51.2897 22.7817 0
      vertex 60.1292 29.75 0
      vertex 51.8502 22.0988 0
    endloop
  endfacet
  facet normal 0 0 -1
    outer loop
      vertex 60.75 32.8708 0
      vertex 53.7817 41.7103 0
      vertex 54.4998 42.2248 0
    endloop
  endfacet
  facet normal 0 0 -1
    outer loop
      vertex 50.7752 23.4998 0
      vertex 60.1292 29.75 0
      vertex 51.2897 22.7817 0
    endloop
  endfacet
  facet normal 0 0 -1
    outer loop
      vertex 60.409 32.591 0
      vertex 53.0988 41.1498 0
      vertex 53.7817 41.7103 0
    endloop
  endfacet
  facet normal 0 0 -1
    outer loop
      vertex 50.3087 24.25 0
      vertex 60.1292 29.75 0
      vertex 50.7752 23.4998 0
    endloop
  endfacet
  facet normal 0 0 -1
    outer loop
      vertex 60.409 32.591 0
      vertex 52.4541 40.5459 0
      vertex 53.0988 41.1498 0
    endloop
  endfacet
  facet normal -0 0 -1
    outer loop
      vertex 60.1292 29.75 0
      vertex 50.3087 24.25 0
      vertex 59.9213 30.139 0
    endloop
  endfacet
  facet normal 0 0 -1
    outer loop
      vertex 60.409 32.591 0
      vertex 51.8502 39.9012 0
      vertex 52.4541 40.5459 0
    endloop
  endfacet
  facet normal 0 0 -1
    outer loop
      vertex 49.8922 25.0291 0
      vertex 59.9213 30.139 0
      vertex 50.3087 24.25 0
    endloop
  endfacet
  facet normal 0 0 -1
    outer loop
      vertex 60.1292 32.25 0
      vertex 51.2897 39.2183 0
      vertex 51.8502 39.9012 0
    endloop
  endfacet
  facet normal 0 0 -1
    outer loop
      vertex 49.5276 25.8338 0
      vertex 59.9213 30.139 0
      vertex 49.8922 25.0291 0
    endloop
  endfacet
  facet normal 0 0 -1
    outer loop
      vertex 60.1292 32.25 0
      vertex 50.7752 38.5002 0
      vertex 51.2897 39.2183 0
    endloop
  endfacet
  facet normal 0 0 -1
    outer loop
      vertex 49.2164 26.6606 0
      vertex 59.9213 30.139 0
      vertex 49.5276 25.8338 0
    endloop
  endfacet
  facet normal 0 0 -1
    outer loop
      vertex 60.1292 32.25 0
      vertex 50.3087 37.75 0
      vertex 50.7752 38.5002 0
    endloop
  endfacet
  facet normal -0 0 -1
    outer loop
      vertex 59.9213 30.139 0
      vertex 49.2164 26.6606 0
      vertex 59.7932 30.561 0
    endloop
  endfacet
  facet normal 0 0 -1
    outer loop
      vertex 59.9213 31.861 0
      vertex 49.8922 36.9709 0
      vertex 50.3087 37.75 0
    endloop
  endfacet
  facet normal 0 0 -1
    outer loop
      vertex 48.96 27.5059 0
      vertex 59.7932 30.561 0
      vertex 49.2164 26.6606 0
    endloop
  endfacet
  facet normal 0 0 -1
    outer loop
      vertex 59.9213 31.861 0
      vertex 49.5276 36.1662 0
      vertex 49.8922 36.9709 0
    endloop
  endfacet
  facet normal 0 0 -1
    outer loop
      vertex 48.7594 28.3663 0
      vertex 59.7932 30.561 0
      vertex 48.96 27.5059 0
    endloop
  endfacet
  facet normal 0 0 -1
    outer loop
      vertex 59.9213 31.861 0
      vertex 49.2164 35.3394 0
      vertex 49.5276 36.1662 0
    endloop
  endfacet
  facet normal 0 0 -1
    outer loop
      vertex 48.6155 29.2379 0
      vertex 59.7932 30.561 0
      vertex 48.7594 28.3663 0
    endloop
  endfacet
  facet normal 0 0 -1
    outer loop
      vertex 59.7932 31.439 0
      vertex 48.96 34.4941 0
      vertex 49.2164 35.3394 0
    endloop
  endfacet
  facet normal -0 0 -1
    outer loop
      vertex 59.7932 30.561 0
      vertex 48.6155 29.2379 0
      vertex 59.75 31 0
    endloop
  endfacet
  facet normal 0 0 -1
    outer loop
      vertex 59.7932 31.439 0
      vertex 48.7594 33.6337 0
      vertex 48.96 34.4941 0
    endloop
  endfacet
  facet normal 0 0 -1
    outer loop
      vertex 48.5289 30.1171 0
      vertex 59.75 31 0
      vertex 48.6155 29.2379 0
    endloop
  endfacet
  facet normal 0 0 -1
    outer loop
      vertex 59.7932 31.439 0
      vertex 48.6155 32.7621 0
      vertex 48.7594 33.6337 0
    endloop
  endfacet
  facet normal 0 0 -1
    outer loop
      vertex 48.5 31 0
      vertex 59.75 31 0
      vertex 48.5289 30.1171 0
    endloop
  endfacet
  facet normal 0 0 -1
    outer loop
      vertex 59.75 31 0
      vertex 48.5289 31.8829 0
      vertex 48.6155 32.7621 0
    endloop
  endfacet
  facet normal 0 0 -1
    outer loop
      vertex 59.75 31 0
      vertex 48.5 31 0
      vertex 48.5289 31.8829 0
    endloop
  endfacet
  facet normal -0.995184 0.0980243 0
    outer loop
      vertex 48.5289 31.8829 0
      vertex 48.6155 32.7621 3
      vertex 48.6155 32.7621 0
    endloop
  endfacet
  facet normal -0.995184 0.0980243 0
    outer loop
      vertex 48.6155 32.7621 3
      vertex 48.5289 31.8829 0
      vertex 48.5289 31.8829 3
    endloop
  endfacet
  facet normal -0.881892 -0.471452 0
    outer loop
      vertex 50.3087 24.25 0
      vertex 49.8922 25.0291 3
      vertex 49.8922 25.0291 0
    endloop
  endfacet
  facet normal -0.881892 -0.471452 0
    outer loop
      vertex 49.8922 25.0291 3
      vertex 50.3087 24.25 0
      vertex 50.3087 24.25 3
    endloop
  endfacet
  facet normal -0.999465 0.0327155 0
    outer loop
      vertex 48.5 31 0
      vertex 48.5289 31.8829 3
      vertex 48.5289 31.8829 0
    endloop
  endfacet
  facet normal -0.999465 0.0327155 0
    outer loop
      vertex 48.5289 31.8829 3
      vertex 48.5 31 0
      vertex 48.5 31 3
    endloop
  endfacet
  facet normal -0.528064 -0.849204 0
    outer loop
      vertex 54.4998 19.7752 0
      vertex 55.25 19.3087 3
      vertex 54.4998 19.7752 3
    endloop
  endfacet
  facet normal -0.528064 -0.849204 -0
    outer loop
      vertex 55.25 19.3087 3
      vertex 54.4998 19.7752 0
      vertex 55.25 19.3087 0
    endloop
  endfacet
  facet normal -0.849204 0.528064 0
    outer loop
      vertex 50.3087 37.75 0
      vertex 50.7752 38.5002 3
      vertex 50.7752 38.5002 0
    endloop
  endfacet
  facet normal -0.849204 0.528064 0
    outer loop
      vertex 50.7752 38.5002 3
      vertex 50.3087 37.75 0
      vertex 50.3087 37.75 3
    endloop
  endfacet
  facet normal -0.412702 -0.910866 0
    outer loop
      vertex 56.0291 18.8922 0
      vertex 56.8338 18.5276 3
      vertex 56.0291 18.8922 3
    endloop
  endfacet
  facet normal -0.412702 -0.910866 -0
    outer loop
      vertex 56.8338 18.5276 3
      vertex 56.0291 18.8922 0
      vertex 56.8338 18.5276 0
    endloop
  endfacet
  facet normal -0.881945 -0.471353 0
    outer loop
      vertex 64.0787 31.861 0
      vertex 63.8708 32.25 3
      vertex 63.8708 32.25 0
    endloop
  endfacet
  facet normal -0.881945 -0.471353 0
    outer loop
      vertex 63.8708 32.25 3
      vertex 64.0787 31.861 0
      vertex 64.0787 31.861 3
    endloop
  endfacet
  facet normal -0.471353 -0.881945 0
    outer loop
      vertex 62.861 33.0787 0
      vertex 63.25 32.8708 3
      vertex 62.861 33.0787 3
    endloop
  endfacet
  facet normal -0.471353 -0.881945 -0
    outer loop
      vertex 63.25 32.8708 3
      vertex 62.861 33.0787 0
      vertex 63.25 32.8708 0
    endloop
  endfacet
  facet normal -0.290467 0.956885 0
    outer loop
      vertex 62.861 28.9213 0
      vertex 62.439 28.7932 3
      vertex 62.861 28.9213 3
    endloop
  endfacet
  facet normal -0.290467 0.956885 0
    outer loop
      vertex 62.439 28.7932 3
      vertex 62.861 28.9213 0
      vertex 62.439 28.7932 0
    endloop
  endfacet
  facet normal -0.995193 -0.0979324 0
    outer loop
      vertex 64.25 31 0
      vertex 64.2068 31.439 3
      vertex 64.2068 31.439 0
    endloop
  endfacet
  facet normal -0.995193 -0.0979324 0
    outer loop
      vertex 64.2068 31.439 3
      vertex 64.25 31 0
      vertex 64.25 31 3
    endloop
  endfacet
  facet normal 0.290467 -0.956885 0
    outer loop
      vertex 61.139 33.0787 0
      vertex 61.561 33.2068 3
      vertex 61.139 33.0787 3
    endloop
  endfacet
  facet normal 0.290467 -0.956885 0
    outer loop
      vertex 61.561 33.2068 3
      vertex 61.139 33.0787 0
      vertex 61.561 33.2068 0
    endloop
  endfacet
  facet normal -0.0979324 0.995193 0
    outer loop
      vertex 62.439 28.7932 0
      vertex 62 28.75 3
      vertex 62.439 28.7932 3
    endloop
  endfacet
  facet normal -0.0979324 0.995193 0
    outer loop
      vertex 62 28.75 3
      vertex 62.439 28.7932 0
      vertex 62 28.75 0
    endloop
  endfacet
  facet normal 0.995193 -0.0979324 0
    outer loop
      vertex 59.75 31 3
      vertex 59.7932 31.439 0
      vertex 59.7932 31.439 3
    endloop
  endfacet
  facet normal 0.995193 -0.0979324 0
    outer loop
      vertex 59.7932 31.439 0
      vertex 59.75 31 3
      vertex 59.75 31 0
    endloop
  endfacet
  facet normal 0.995193 0.0979324 0
    outer loop
      vertex 59.7932 30.561 3
      vertex 59.75 31 0
      vertex 59.75 31 3
    endloop
  endfacet
  facet normal 0.995193 0.0979324 0
    outer loop
      vertex 59.75 31 0
      vertex 59.7932 30.561 3
      vertex 59.7932 30.561 0
    endloop
  endfacet
  facet normal -0.956885 -0.290467 0
    outer loop
      vertex 64.2068 31.439 0
      vertex 64.0787 31.861 3
      vertex 64.0787 31.861 0
    endloop
  endfacet
  facet normal -0.956885 -0.290467 0
    outer loop
      vertex 64.0787 31.861 3
      vertex 64.2068 31.439 0
      vertex 64.2068 31.439 3
    endloop
  endfacet
  facet normal 0.634324 0.773068 -0
    outer loop
      vertex 60.75 29.1292 0
      vertex 60.409 29.409 3
      vertex 60.75 29.1292 3
    endloop
  endfacet
  facet normal 0.634324 0.773068 0
    outer loop
      vertex 60.409 29.409 3
      vertex 60.75 29.1292 0
      vertex 60.409 29.409 0
    endloop
  endfacet
  facet normal 0.0979324 0.995193 -0
    outer loop
      vertex 62 28.75 0
      vertex 61.561 28.7932 3
      vertex 62 28.75 3
    endloop
  endfacet
  facet normal 0.0979324 0.995193 0
    outer loop
      vertex 61.561 28.7932 3
      vertex 62 28.75 0
      vertex 61.561 28.7932 0
    endloop
  endfacet
  facet normal -0.0979324 -0.995193 0
    outer loop
      vertex 62 33.25 0
      vertex 62.439 33.2068 3
      vertex 62 33.25 3
    endloop
  endfacet
  facet normal -0.0979324 -0.995193 -0
    outer loop
      vertex 62.439 33.2068 3
      vertex 62 33.25 0
      vertex 62.439 33.2068 0
    endloop
  endfacet
  facet normal 0.881945 0.471353 0
    outer loop
      vertex 60.1292 29.75 3
      vertex 59.9213 30.139 0
      vertex 59.9213 30.139 3
    endloop
  endfacet
  facet normal 0.881945 0.471353 0
    outer loop
      vertex 59.9213 30.139 0
      vertex 60.1292 29.75 3
      vertex 60.1292 29.75 0
    endloop
  endfacet
  facet normal 0.634324 -0.773068 0
    outer loop
      vertex 60.409 32.591 0
      vertex 60.75 32.8708 3
      vertex 60.409 32.591 3
    endloop
  endfacet
  facet normal 0.634324 -0.773068 0
    outer loop
      vertex 60.75 32.8708 3
      vertex 60.409 32.591 0
      vertex 60.75 32.8708 0
    endloop
  endfacet
  facet normal 0.471353 -0.881945 0
    outer loop
      vertex 60.75 32.8708 0
      vertex 61.139 33.0787 3
      vertex 60.75 32.8708 3
    endloop
  endfacet
  facet normal 0.471353 -0.881945 0
    outer loop
      vertex 61.139 33.0787 3
      vertex 60.75 32.8708 0
      vertex 61.139 33.0787 0
    endloop
  endfacet
  facet normal 0.471353 0.881945 -0
    outer loop
      vertex 61.139 28.9213 0
      vertex 60.75 29.1292 3
      vertex 61.139 28.9213 3
    endloop
  endfacet
  facet normal 0.471353 0.881945 0
    outer loop
      vertex 60.75 29.1292 3
      vertex 61.139 28.9213 0
      vertex 60.75 29.1292 0
    endloop
  endfacet
  facet normal 0.290467 0.956885 -0
    outer loop
      vertex 61.561 28.7932 0
      vertex 61.139 28.9213 3
      vertex 61.561 28.7932 3
    endloop
  endfacet
  facet normal 0.290467 0.956885 0
    outer loop
      vertex 61.139 28.9213 3
      vertex 61.561 28.7932 0
      vertex 61.139 28.9213 0
    endloop
  endfacet
  facet normal -0.773068 -0.634324 0
    outer loop
      vertex 63.8708 32.25 0
      vertex 63.591 32.591 3
      vertex 63.591 32.591 0
    endloop
  endfacet
  facet normal -0.773068 -0.634324 0
    outer loop
      vertex 63.591 32.591 3
      vertex 63.8708 32.25 0
      vertex 63.8708 32.25 3
    endloop
  endfacet
  facet normal -0.881945 0.471353 0
    outer loop
      vertex 63.8708 29.75 0
      vertex 64.0787 30.139 3
      vertex 64.0787 30.139 0
    endloop
  endfacet
  facet normal -0.881945 0.471353 0
    outer loop
      vertex 64.0787 30.139 3
      vertex 63.8708 29.75 0
      vertex 63.8708 29.75 3
    endloop
  endfacet
  facet normal 0.773068 0.634324 0
    outer loop
      vertex 60.409 29.409 3
      vertex 60.1292 29.75 0
      vertex 60.1292 29.75 3
    endloop
  endfacet
  facet normal 0.773068 0.634324 0
    outer loop
      vertex 60.1292 29.75 0
      vertex 60.409 29.409 3
      vertex 60.409 29.409 0
    endloop
  endfacet
  facet normal -0.471353 0.881945 0
    outer loop
      vertex 63.25 29.1292 0
      vertex 62.861 28.9213 3
      vertex 63.25 29.1292 3
    endloop
  endfacet
  facet normal -0.471353 0.881945 0
    outer loop
      vertex 62.861 28.9213 3
      vertex 63.25 29.1292 0
      vertex 62.861 28.9213 0
    endloop
  endfacet
  facet normal -0.634324 -0.773068 0
    outer loop
      vertex 63.25 32.8708 0
      vertex 63.591 32.591 3
      vertex 63.25 32.8708 3
    endloop
  endfacet
  facet normal -0.634324 -0.773068 -0
    outer loop
      vertex 63.591 32.591 3
      vertex 63.25 32.8708 0
      vertex 63.591 32.591 0
    endloop
  endfacet
  facet normal -0.773068 0.634324 0
    outer loop
      vertex 63.591 29.409 0
      vertex 63.8708 29.75 3
      vertex 63.8708 29.75 0
    endloop
  endfacet
  facet normal -0.773068 0.634324 0
    outer loop
      vertex 63.8708 29.75 3
      vertex 63.591 29.409 0
      vertex 63.591 29.409 3
    endloop
  endfacet
  facet normal -0.995193 0.0979324 0
    outer loop
      vertex 64.2068 30.561 0
      vertex 64.25 31 3
      vertex 64.25 31 0
    endloop
  endfacet
  facet normal -0.995193 0.0979324 0
    outer loop
      vertex 64.25 31 3
      vertex 64.2068 30.561 0
      vertex 64.2068 30.561 3
    endloop
  endfacet
  facet normal 0.956885 0.290467 0
    outer loop
      vertex 59.9213 30.139 3
      vertex 59.7932 30.561 0
      vertex 59.7932 30.561 3
    endloop
  endfacet
  facet normal 0.956885 0.290467 0
    outer loop
      vertex 59.7932 30.561 0
      vertex 59.9213 30.139 3
      vertex 59.9213 30.139 0
    endloop
  endfacet
  facet normal 0.0979324 -0.995193 0
    outer loop
      vertex 61.561 33.2068 0
      vertex 62 33.25 3
      vertex 61.561 33.2068 3
    endloop
  endfacet
  facet normal 0.0979324 -0.995193 0
    outer loop
      vertex 62 33.25 3
      vertex 61.561 33.2068 0
      vertex 62 33.25 0
    endloop
  endfacet
  facet normal 0.773068 -0.634324 0
    outer loop
      vertex 60.1292 32.25 3
      vertex 60.409 32.591 0
      vertex 60.409 32.591 3
    endloop
  endfacet
  facet normal 0.773068 -0.634324 0
    outer loop
      vertex 60.409 32.591 0
      vertex 60.1292 32.25 3
      vertex 60.1292 32.25 0
    endloop
  endfacet
  facet normal 0.881945 -0.471353 0
    outer loop
      vertex 59.9213 31.861 3
      vertex 60.1292 32.25 0
      vertex 60.1292 32.25 3
    endloop
  endfacet
  facet normal 0.881945 -0.471353 0
    outer loop
      vertex 60.1292 32.25 0
      vertex 59.9213 31.861 3
      vertex 59.9213 31.861 0
    endloop
  endfacet
  facet normal -0.956885 0.290467 0
    outer loop
      vertex 64.0787 30.139 0
      vertex 64.2068 30.561 3
      vertex 64.2068 30.561 0
    endloop
  endfacet
  facet normal -0.956885 0.290467 0
    outer loop
      vertex 64.2068 30.561 3
      vertex 64.0787 30.139 0
      vertex 64.0787 30.139 3
    endloop
  endfacet
  facet normal -0.634324 0.773068 0
    outer loop
      vertex 63.591 29.409 0
      vertex 63.25 29.1292 3
      vertex 63.591 29.409 3
    endloop
  endfacet
  facet normal -0.634324 0.773068 0
    outer loop
      vertex 63.25 29.1292 3
      vertex 63.591 29.409 0
      vertex 63.25 29.1292 0
    endloop
  endfacet
  facet normal -0.290467 -0.956885 0
    outer loop
      vertex 62.439 33.2068 0
      vertex 62.861 33.0787 3
      vertex 62.439 33.2068 3
    endloop
  endfacet
  facet normal -0.290467 -0.956885 -0
    outer loop
      vertex 62.861 33.0787 3
      vertex 62.439 33.2068 0
      vertex 62.861 33.0787 0
    endloop
  endfacet
  facet normal 0.956885 -0.290467 0
    outer loop
      vertex 59.7932 31.439 3
      vertex 59.9213 31.861 0
      vertex 59.9213 31.861 3
    endloop
  endfacet
  facet normal 0.956885 -0.290467 0
    outer loop
      vertex 59.9213 31.861 0
      vertex 59.7932 31.439 3
      vertex 59.7932 31.439 0
    endloop
  endfacet
  facet normal 0.99525 0.0973516 0
    outer loop
      vertex 106.471 31.8829 3
      vertex 106.385 32.7621 0
      vertex 106.385 32.7621 3
    endloop
  endfacet
  facet normal 0.99525 0.0973516 0
    outer loop
      vertex 106.385 32.7621 0
      vertex 106.471 31.8829 3
      vertex 106.471 31.8829 0
    endloop
  endfacet
  facet normal 0.999461 0.0328286 0
    outer loop
      vertex 106.5 31 3
      vertex 106.471 31.8829 0
      vertex 106.471 31.8829 3
    endloop
  endfacet
  facet normal 0.999461 0.0328286 0
    outer loop
      vertex 106.471 31.8829 0
      vertex 106.5 31 3
      vertex 106.5 31 0
    endloop
  endfacet
  facet normal 0.352264 -0.935901 0
    outer loop
      vertex 97.3394 18.2164 0
      vertex 98.1662 18.5276 3
      vertex 97.3394 18.2164 3
    endloop
  endfacet
  facet normal 0.352264 -0.935901 0
    outer loop
      vertex 98.1662 18.5276 3
      vertex 97.3394 18.2164 0
      vertex 98.1662 18.5276 0
    endloop
  endfacet
  facet normal 0.0980243 0.995184 -0
    outer loop
      vertex 94.7621 44.3845 0
      vertex 93.8829 44.4711 3
      vertex 94.7621 44.3845 3
    endloop
  endfacet
  facet normal 0.0980243 0.995184 0
    outer loop
      vertex 93.8829 44.4711 3
      vertex 94.7621 44.3845 0
      vertex 93.8829 44.4711 0
    endloop
  endfacet
  facet normal -0.935901 -0.352264 0
    outer loop
      vertex 80.5276 25.8338 0
      vertex 80.2164 26.6606 3
      vertex 80.2164 26.6606 0
    endloop
  endfacet
  facet normal -0.935901 -0.352264 0
    outer loop
      vertex 80.2164 26.6606 3
      vertex 80.5276 25.8338 0
      vertex 80.5276 25.8338 3
    endloop
  endfacet
  facet normal -0.162894 -0.986644 0
    outer loop
      vertex 90.3663 17.7594 0
      vertex 91.2379 17.6155 3
      vertex 90.3663 17.7594 3
    endloop
  endfacet
  facet normal -0.162894 -0.986644 -0
    outer loop
      vertex 91.2379 17.6155 3
      vertex 90.3663 17.7594 0
      vertex 91.2379 17.6155 0
    endloop
  endfacet
  facet normal 0.528166 -0.849141 0
    outer loop
      vertex 99.75 19.3087 0
      vertex 100.5 19.7752 3
      vertex 99.75 19.3087 3
    endloop
  endfacet
  facet normal 0.528166 -0.849141 0
    outer loop
      vertex 100.5 19.7752 3
      vertex 99.75 19.3087 0
      vertex 100.5 19.7752 0
    endloop
  endfacet
  facet normal 0.227058 -0.973881 0
    outer loop
      vertex 95.6337 17.7594 0
      vertex 96.4941 17.96 3
      vertex 95.6337 17.7594 3
    endloop
  endfacet
  facet normal 0.227058 -0.973881 0
    outer loop
      vertex 96.4941 17.96 3
      vertex 95.6337 17.7594 0
      vertex 96.4941 17.96 0
    endloop
  endfacet
  facet normal -0.849204 -0.528064 0
    outer loop
      vertex 81.7752 23.4998 0
      vertex 81.3087 24.25 3
      vertex 81.3087 24.25 0
    endloop
  endfacet
  facet normal -0.849204 -0.528064 0
    outer loop
      vertex 81.3087 24.25 3
      vertex 81.7752 23.4998 0
      vertex 81.7752 23.4998 3
    endloop
  endfacet
  facet normal -0.729823 0.683636 0
    outer loop
      vertex 82.8502 39.9012 0
      vertex 83.4541 40.5459 3
      vertex 83.4541 40.5459 0
    endloop
  endfacet
  facet normal -0.729823 0.683636 0
    outer loop
      vertex 83.4541 40.5459 3
      vertex 82.8502 39.9012 0
      vertex 82.8502 39.9012 3
    endloop
  endfacet
  facet normal 0.162894 -0.986644 0
    outer loop
      vertex 94.7621 17.6155 0
      vertex 95.6337 17.7594 3
      vertex 94.7621 17.6155 3
    endloop
  endfacet
  facet normal 0.162894 -0.986644 0
    outer loop
      vertex 95.6337 17.7594 3
      vertex 94.7621 17.6155 0
      vertex 95.6337 17.7594 0
    endloop
  endfacet
  facet normal -0.881892 0.471452 0
    outer loop
      vertex 80.8922 36.9709 0
      vertex 81.3087 37.75 3
      vertex 81.3087 37.75 0
    endloop
  endfacet
  facet normal -0.881892 0.471452 0
    outer loop
      vertex 81.3087 37.75 3
      vertex 80.8922 36.9709 0
      vertex 80.8922 36.9709 3
    endloop
  endfacet
  facet normal 0.973781 0.227487 0
    outer loop
      vertex 106.241 33.6337 3
      vertex 106.04 34.4941 0
      vertex 106.04 34.4941 3
    endloop
  endfacet
  facet normal 0.973781 0.227487 0
    outer loop
      vertex 106.04 34.4941 0
      vertex 106.241 33.6337 3
      vertex 106.241 33.6337 0
    endloop
  endfacet
  facet normal 0.162894 0.986644 -0
    outer loop
      vertex 95.6337 44.2406 0
      vertex 94.7621 44.3845 3
      vertex 95.6337 44.2406 3
    endloop
  endfacet
  facet normal 0.162894 0.986644 0
    outer loop
      vertex 94.7621 44.3845 3
      vertex 95.6337 44.2406 0
      vertex 94.7621 44.3845 0
    endloop
  endfacet
  facet normal 0.986625 -0.163004 0
    outer loop
      vertex 106.241 28.3663 3
      vertex 106.385 29.2379 0
      vertex 106.385 29.2379 3
    endloop
  endfacet
  facet normal 0.986625 -0.163004 0
    outer loop
      vertex 106.385 29.2379 0
      vertex 106.241 28.3663 3
      vertex 106.241 28.3663 0
    endloop
  endfacet
  facet normal 0.582469 0.812853 -0
    outer loop
      vertex 101.218 41.7103 0
      vertex 100.5 42.2248 3
      vertex 101.218 41.7103 3
    endloop
  endfacet
  facet normal 0.582469 0.812853 0
    outer loop
      vertex 100.5 42.2248 3
      vertex 101.218 41.7103 0
      vertex 100.5 42.2248 0
    endloop
  endfacet
  facet normal -0.973881 0.227058 0
    outer loop
      vertex 79.7594 33.6337 0
      vertex 79.96 34.4941 3
      vertex 79.96 34.4941 0
    endloop
  endfacet
  facet normal -0.973881 0.227058 0
    outer loop
      vertex 79.96 34.4941 3
      vertex 79.7594 33.6337 0
      vertex 79.7594 33.6337 3
    endloop
  endfacet
  facet normal 0.471452 -0.881892 0
    outer loop
      vertex 98.9709 18.8922 0
      vertex 99.75 19.3087 3
      vertex 98.9709 18.8922 3
    endloop
  endfacet
  facet normal 0.471452 -0.881892 0
    outer loop
      vertex 99.75 19.3087 3
      vertex 98.9709 18.8922 0
      vertex 99.75 19.3087 0
    endloop
  endfacet
  facet normal -0.412702 0.910866 0
    outer loop
      vertex 87.8338 43.4724 0
      vertex 87.0291 43.1078 3
      vertex 87.8338 43.4724 3
    endloop
  endfacet
  facet normal -0.412702 0.910866 0
    outer loop
      vertex 87.0291 43.1078 3
      vertex 87.8338 43.4724 0
      vertex 87.0291 43.1078 0
    endloop
  endfacet
  facet normal -0.0980243 0.995184 0
    outer loop
      vertex 92.1171 44.4711 0
      vertex 91.2379 44.3845 3
      vertex 92.1171 44.4711 3
    endloop
  endfacet
  facet normal -0.0980243 0.995184 0
    outer loop
      vertex 91.2379 44.3845 3
      vertex 92.1171 44.4711 0
      vertex 91.2379 44.3845 0
    endloop
  endfacet
  facet normal -0.471452 -0.881892 0
    outer loop
      vertex 86.25 19.3087 0
      vertex 87.0291 18.8922 3
      vertex 86.25 19.3087 3
    endloop
  endfacet
  facet normal -0.471452 -0.881892 -0
    outer loop
      vertex 87.0291 18.8922 3
      vertex 86.25 19.3087 0
      vertex 87.0291 18.8922 0
    endloop
  endfacet
  facet normal 0.412702 0.910866 -0
    outer loop
      vertex 98.9709 43.1078 0
      vertex 98.1662 43.4724 3
      vertex 98.9709 43.1078 3
    endloop
  endfacet
  facet normal 0.412702 0.910866 0
    outer loop
      vertex 98.1662 43.4724 3
      vertex 98.9709 43.1078 0
      vertex 98.1662 43.4724 0
    endloop
  endfacet
  facet normal 0.528166 0.849141 -0
    outer loop
      vertex 100.5 42.2248 0
      vertex 99.75 42.6913 3
      vertex 100.5 42.2248 3
    endloop
  endfacet
  facet normal 0.528166 0.849141 0
    outer loop
      vertex 99.75 42.6913 3
      vertex 100.5 42.2248 0
      vertex 99.75 42.6913 0
    endloop
  endfacet
  facet normal 0.0327155 -0.999465 0
    outer loop
      vertex 93 17.5 0
      vertex 93.8829 17.5289 3
      vertex 93 17.5 3
    endloop
  endfacet
  facet normal 0.0327155 -0.999465 0
    outer loop
      vertex 93.8829 17.5289 3
      vertex 93 17.5 0
      vertex 93.8829 17.5289 0
    endloop
  endfacet
  facet normal 0.957072 -0.28985 0
    outer loop
      vertex 105.784 26.6606 3
      vertex 106.04 27.5059 0
      vertex 106.04 27.5059 3
    endloop
  endfacet
  facet normal 0.957072 -0.28985 0
    outer loop
      vertex 106.04 27.5059 0
      vertex 105.784 26.6606 3
      vertex 105.784 26.6606 0
    endloop
  endfacet
  facet normal 0.471452 0.881892 -0
    outer loop
      vertex 99.75 42.6913 0
      vertex 98.9709 43.1078 3
      vertex 99.75 42.6913 3
    endloop
  endfacet
  facet normal 0.471452 0.881892 0
    outer loop
      vertex 98.9709 43.1078 3
      vertex 99.75 42.6913 0
      vertex 98.9709 43.1078 0
    endloop
  endfacet
  facet normal -0.956946 -0.290265 0
    outer loop
      vertex 80.2164 26.6606 0
      vertex 79.96 27.5059 3
      vertex 79.96 27.5059 0
    endloop
  endfacet
  facet normal -0.956946 -0.290265 0
    outer loop
      vertex 79.96 27.5059 3
      vertex 80.2164 26.6606 0
      vertex 80.2164 26.6606 3
    endloop
  endfacet
  facet normal 0.0980243 -0.995184 0
    outer loop
      vertex 93.8829 17.5289 0
      vertex 94.7621 17.6155 3
      vertex 93.8829 17.5289 3
    endloop
  endfacet
  facet normal 0.0980243 -0.995184 0
    outer loop
      vertex 94.7621 17.6155 3
      vertex 93.8829 17.5289 0
      vertex 94.7621 17.6155 0
    endloop
  endfacet
  facet normal 0.935602 0.353057 0
    outer loop
      vertex 105.784 35.3394 3
      vertex 105.472 36.1662 0
      vertex 105.472 36.1662 3
    endloop
  endfacet
  facet normal 0.935602 0.353057 0
    outer loop
      vertex 105.472 36.1662 0
      vertex 105.784 35.3394 3
      vertex 105.784 35.3394 0
    endloop
  endfacet
  facet normal -0.683636 0.729823 0
    outer loop
      vertex 84.0988 41.1498 0
      vertex 83.4541 40.5459 3
      vertex 84.0988 41.1498 3
    endloop
  endfacet
  facet normal -0.683636 0.729823 0
    outer loop
      vertex 83.4541 40.5459 3
      vertex 84.0988 41.1498 0
      vertex 83.4541 40.5459 0
    endloop
  endfacet
  facet normal -0.290265 0.956946 0
    outer loop
      vertex 89.5059 44.04 0
      vertex 88.6606 43.7836 3
      vertex 89.5059 44.04 3
    endloop
  endfacet
  facet normal -0.290265 0.956946 0
    outer loop
      vertex 88.6606 43.7836 3
      vertex 89.5059 44.04 0
      vertex 88.6606 43.7836 0
    endloop
  endfacet
  facet normal -0.227058 -0.973881 0
    outer loop
      vertex 89.5059 17.96 0
      vertex 90.3663 17.7594 3
      vertex 89.5059 17.96 3
    endloop
  endfacet
  facet normal -0.227058 -0.973881 -0
    outer loop
      vertex 90.3663 17.7594 3
      vertex 89.5059 17.96 0
      vertex 90.3663 17.7594 0
    endloop
  endfacet
  facet normal -0.162894 0.986644 0
    outer loop
      vertex 91.2379 44.3845 0
      vertex 90.3663 44.2406 3
      vertex 91.2379 44.3845 3
    endloop
  endfacet
  facet normal -0.162894 0.986644 0
    outer loop
      vertex 90.3663 44.2406 3
      vertex 91.2379 44.3845 0
      vertex 90.3663 44.2406 0
    endloop
  endfacet
  facet normal 0.773256 0.634094 0
    outer loop
      vertex 103.71 39.2183 3
      vertex 103.15 39.9012 0
      vertex 103.15 39.9012 3
    endloop
  endfacet
  facet normal 0.773256 0.634094 0
    outer loop
      vertex 103.15 39.9012 0
      vertex 103.71 39.2183 3
      vertex 103.71 39.2183 0
    endloop
  endfacet
  facet normal -0.986644 0.162894 0
    outer loop
      vertex 79.6155 32.7621 0
      vertex 79.7594 33.6337 3
      vertex 79.7594 33.6337 0
    endloop
  endfacet
  facet normal -0.986644 0.162894 0
    outer loop
      vertex 79.7594 33.6337 3
      vertex 79.6155 32.7621 0
      vertex 79.6155 32.7621 3
    endloop
  endfacet
  facet normal 0.729767 -0.683696 0
    outer loop
      vertex 102.546 21.4541 3
      vertex 103.15 22.0988 0
      vertex 103.15 22.0988 3
    endloop
  endfacet
  facet normal 0.729767 -0.683696 0
    outer loop
      vertex 103.15 22.0988 0
      vertex 102.546 21.4541 3
      vertex 102.546 21.4541 0
    endloop
  endfacet
  facet normal 0.227058 0.973881 -0
    outer loop
      vertex 96.4941 44.04 0
      vertex 95.6337 44.2406 3
      vertex 96.4941 44.04 3
    endloop
  endfacet
  facet normal 0.227058 0.973881 0
    outer loop
      vertex 95.6337 44.2406 3
      vertex 96.4941 44.04 0
      vertex 95.6337 44.2406 0
    endloop
  endfacet
  facet normal -0.0327155 -0.999465 0
    outer loop
      vertex 92.1171 17.5289 0
      vertex 93 17.5 3
      vertex 92.1171 17.5289 3
    endloop
  endfacet
  facet normal -0.0327155 -0.999465 -0
    outer loop
      vertex 93 17.5 3
      vertex 92.1171 17.5289 0
      vertex 93 17.5 0
    endloop
  endfacet
  facet normal 0.881657 -0.471892 0
    outer loop
      vertex 104.691 24.25 3
      vertex 105.108 25.0291 0
      vertex 105.108 25.0291 3
    endloop
  endfacet
  facet normal 0.881657 -0.471892 0
    outer loop
      vertex 105.108 25.0291 0
      vertex 104.691 24.25 3
      vertex 104.691 24.25 0
    endloop
  endfacet
  facet normal 0.957072 0.28985 0
    outer loop
      vertex 106.04 34.4941 3
      vertex 105.784 35.3394 0
      vertex 105.784 35.3394 3
    endloop
  endfacet
  facet normal 0.957072 0.28985 0
    outer loop
      vertex 105.784 35.3394 0
      vertex 106.04 34.4941 3
      vertex 106.04 34.4941 0
    endloop
  endfacet
  facet normal 0.729767 0.683696 0
    outer loop
      vertex 103.15 39.9012 3
      vertex 102.546 40.5459 0
      vertex 102.546 40.5459 3
    endloop
  endfacet
  facet normal 0.729767 0.683696 0
    outer loop
      vertex 102.546 40.5459 0
      vertex 103.15 39.9012 3
      vertex 103.15 39.9012 0
    endloop
  endfacet
  facet normal 0.683467 0.729982 -0
    outer loop
      vertex 102.546 40.5459 0
      vertex 101.901 41.1498 3
      vertex 102.546 40.5459 3
    endloop
  endfacet
  facet normal 0.683467 0.729982 0
    outer loop
      vertex 101.901 41.1498 3
      vertex 102.546 40.5459 0
      vertex 101.901 41.1498 0
    endloop
  endfacet
  facet normal -0.582415 0.812891 0
    outer loop
      vertex 85.4998 42.2248 0
      vertex 84.7817 41.7103 3
      vertex 85.4998 42.2248 3
    endloop
  endfacet
  facet normal -0.582415 0.812891 0
    outer loop
      vertex 84.7817 41.7103 3
      vertex 85.4998 42.2248 0
      vertex 84.7817 41.7103 0
    endloop
  endfacet
  facet normal -0.528064 0.849204 0
    outer loop
      vertex 86.25 42.6913 0
      vertex 85.4998 42.2248 3
      vertex 86.25 42.6913 3
    endloop
  endfacet
  facet normal -0.528064 0.849204 0
    outer loop
      vertex 85.4998 42.2248 3
      vertex 86.25 42.6913 0
      vertex 85.4998 42.2248 0
    endloop
  endfacet
  facet normal -0.910866 0.412702 0
    outer loop
      vertex 80.5276 36.1662 0
      vertex 80.8922 36.9709 3
      vertex 80.8922 36.9709 0
    endloop
  endfacet
  facet normal -0.910866 0.412702 0
    outer loop
      vertex 80.8922 36.9709 3
      vertex 80.5276 36.1662 0
      vertex 80.5276 36.1662 3
    endloop
  endfacet
  facet normal 0.290265 -0.956946 0
    outer loop
      vertex 96.4941 17.96 0
      vertex 97.3394 18.2164 3
      vertex 96.4941 17.96 3
    endloop
  endfacet
  facet normal 0.290265 -0.956946 0
    outer loop
      vertex 97.3394 18.2164 3
      vertex 96.4941 17.96 0
      vertex 97.3394 18.2164 0
    endloop
  endfacet
  facet normal 0.849458 0.527656 0
    outer loop
      vertex 104.691 37.75 3
      vertex 104.225 38.5002 0
      vertex 104.225 38.5002 3
    endloop
  endfacet
  facet normal 0.849458 0.527656 0
    outer loop
      vertex 104.225 38.5002 0
      vertex 104.691 37.75 3
      vertex 104.691 37.75 0
    endloop
  endfacet
  facet normal 0.634377 -0.773024 0
    outer loop
      vertex 101.218 20.2897 0
      vertex 101.901 20.8502 3
      vertex 101.218 20.2897 3
    endloop
  endfacet
  facet normal 0.634377 -0.773024 0
    outer loop
      vertex 101.901 20.8502 3
      vertex 101.218 20.2897 0
      vertex 101.901 20.8502 0
    endloop
  endfacet
  facet normal 0.911121 -0.412139 0
    outer loop
      vertex 105.108 25.0291 3
      vertex 105.472 25.8338 0
      vertex 105.472 25.8338 3
    endloop
  endfacet
  facet normal 0.911121 -0.412139 0
    outer loop
      vertex 105.472 25.8338 0
      vertex 105.108 25.0291 3
      vertex 105.108 25.0291 0
    endloop
  endfacet
  facet normal -0.986644 -0.162894 0
    outer loop
      vertex 79.7594 28.3663 0
      vertex 79.6155 29.2379 3
      vertex 79.6155 29.2379 0
    endloop
  endfacet
  facet normal -0.986644 -0.162894 0
    outer loop
      vertex 79.6155 29.2379 3
      vertex 79.7594 28.3663 0
      vertex 79.7594 28.3663 3
    endloop
  endfacet
  facet normal 0.881657 0.471892 0
    outer loop
      vertex 105.108 36.9709 3
      vertex 104.691 37.75 0
      vertex 104.691 37.75 3
    endloop
  endfacet
  facet normal 0.881657 0.471892 0
    outer loop
      vertex 104.691 37.75 0
      vertex 105.108 36.9709 3
      vertex 105.108 36.9709 0
    endloop
  endfacet
  facet normal 0.935602 -0.353057 0
    outer loop
      vertex 105.472 25.8338 3
      vertex 105.784 26.6606 0
      vertex 105.784 26.6606 3
    endloop
  endfacet
  facet normal 0.935602 -0.353057 0
    outer loop
      vertex 105.784 26.6606 0
      vertex 105.472 25.8338 3
      vertex 105.472 25.8338 0
    endloop
  endfacet
  facet normal -0.999465 -0.0327155 0
    outer loop
      vertex 79.5289 30.1171 0
      vertex 79.5 31 3
      vertex 79.5 31 0
    endloop
  endfacet
  facet normal -0.999465 -0.0327155 0
    outer loop
      vertex 79.5 31 3
      vertex 79.5289 30.1171 0
      vertex 79.5289 30.1171 3
    endloop
  endfacet
  facet normal 0.412702 -0.910866 0
    outer loop
      vertex 98.1662 18.5276 0
      vertex 98.9709 18.8922 3
      vertex 98.1662 18.5276 3
    endloop
  endfacet
  facet normal 0.412702 -0.910866 0
    outer loop
      vertex 98.9709 18.8922 3
      vertex 98.1662 18.5276 0
      vertex 98.9709 18.8922 0
    endloop
  endfacet
  facet normal 0.812623 -0.582789 0
    outer loop
      vertex 103.71 22.7817 3
      vertex 104.225 23.4998 0
      vertex 104.225 23.4998 3
    endloop
  endfacet
  facet normal 0.812623 -0.582789 0
    outer loop
      vertex 104.225 23.4998 0
      vertex 103.71 22.7817 3
      vertex 103.71 22.7817 0
    endloop
  endfacet
  facet normal -0.0980243 -0.995184 0
    outer loop
      vertex 91.2379 17.6155 0
      vertex 92.1171 17.5289 3
      vertex 91.2379 17.6155 3
    endloop
  endfacet
  facet normal -0.0980243 -0.995184 -0
    outer loop
      vertex 92.1171 17.5289 3
      vertex 91.2379 17.6155 0
      vertex 92.1171 17.5289 0
    endloop
  endfacet
  facet normal 0.773256 -0.634094 0
    outer loop
      vertex 103.15 22.0988 3
      vertex 103.71 22.7817 0
      vertex 103.71 22.7817 3
    endloop
  endfacet
  facet normal 0.773256 -0.634094 0
    outer loop
      vertex 103.71 22.7817 0
      vertex 103.15 22.0988 3
      vertex 103.15 22.0988 0
    endloop
  endfacet
  facet normal -0.352264 0.935901 0
    outer loop
      vertex 88.6606 43.7836 0
      vertex 87.8338 43.4724 3
      vertex 88.6606 43.7836 3
    endloop
  endfacet
  facet normal -0.352264 0.935901 0
    outer loop
      vertex 87.8338 43.4724 3
      vertex 88.6606 43.7836 0
      vertex 87.8338 43.4724 0
    endloop
  endfacet
  facet normal -0.227058 0.973881 0
    outer loop
      vertex 90.3663 44.2406 0
      vertex 89.5059 44.04 3
      vertex 90.3663 44.2406 3
    endloop
  endfacet
  facet normal -0.227058 0.973881 0
    outer loop
      vertex 89.5059 44.04 3
      vertex 90.3663 44.2406 0
      vertex 89.5059 44.04 0
    endloop
  endfacet
  facet normal 0.582469 -0.812853 0
    outer loop
      vertex 100.5 19.7752 0
      vertex 101.218 20.2897 3
      vertex 100.5 19.7752 3
    endloop
  endfacet
  facet normal 0.582469 -0.812853 0
    outer loop
      vertex 101.218 20.2897 3
      vertex 100.5 19.7752 0
      vertex 101.218 20.2897 0
    endloop
  endfacet
  facet normal -0.973881 -0.227058 0
    outer loop
      vertex 79.96 27.5059 0
      vertex 79.7594 28.3663 3
      vertex 79.7594 28.3663 0
    endloop
  endfacet
  facet normal -0.973881 -0.227058 0
    outer loop
      vertex 79.7594 28.3663 3
      vertex 79.96 27.5059 0
      vertex 79.96 27.5059 3
    endloop
  endfacet
  facet normal -0.812891 -0.582415 0
    outer loop
      vertex 82.2897 22.7817 0
      vertex 81.7752 23.4998 3
      vertex 81.7752 23.4998 0
    endloop
  endfacet
  facet normal -0.812891 -0.582415 0
    outer loop
      vertex 81.7752 23.4998 3
      vertex 82.2897 22.7817 0
      vertex 82.2897 22.7817 3
    endloop
  endfacet
  facet normal -0.634433 -0.772978 0
    outer loop
      vertex 84.0988 20.8502 0
      vertex 84.7817 20.2897 3
      vertex 84.0988 20.8502 3
    endloop
  endfacet
  facet normal -0.634433 -0.772978 -0
    outer loop
      vertex 84.7817 20.2897 3
      vertex 84.0988 20.8502 0
      vertex 84.7817 20.2897 0
    endloop
  endfacet
  facet normal -0.0327155 0.999465 0
    outer loop
      vertex 93 44.5 0
      vertex 92.1171 44.4711 3
      vertex 93 44.5 3
    endloop
  endfacet
  facet normal -0.0327155 0.999465 0
    outer loop
      vertex 92.1171 44.4711 3
      vertex 93 44.5 0
      vertex 92.1171 44.4711 0
    endloop
  endfacet
  facet normal 0.290265 0.956946 -0
    outer loop
      vertex 97.3394 43.7836 0
      vertex 96.4941 44.04 3
      vertex 97.3394 43.7836 3
    endloop
  endfacet
  facet normal 0.290265 0.956946 0
    outer loop
      vertex 96.4941 44.04 3
      vertex 97.3394 43.7836 0
      vertex 96.4941 44.04 0
    endloop
  endfacet
  facet normal 0.99525 -0.0973516 0
    outer loop
      vertex 106.385 29.2379 3
      vertex 106.471 30.1171 0
      vertex 106.471 30.1171 3
    endloop
  endfacet
  facet normal 0.99525 -0.0973516 0
    outer loop
      vertex 106.471 30.1171 0
      vertex 106.385 29.2379 3
      vertex 106.385 29.2379 0
    endloop
  endfacet
  facet normal 0.999461 -0.0328286 0
    outer loop
      vertex 106.471 30.1171 3
      vertex 106.5 31 0
      vertex 106.5 31 3
    endloop
  endfacet
  facet normal 0.999461 -0.0328286 0
    outer loop
      vertex 106.5 31 0
      vertex 106.471 30.1171 3
      vertex 106.471 30.1171 0
    endloop
  endfacet
  facet normal -0.956946 0.290265 0
    outer loop
      vertex 79.96 34.4941 0
      vertex 80.2164 35.3394 3
      vertex 80.2164 35.3394 0
    endloop
  endfacet
  facet normal -0.956946 0.290265 0
    outer loop
      vertex 80.2164 35.3394 3
      vertex 79.96 34.4941 0
      vertex 79.96 34.4941 3
    endloop
  endfacet
  facet normal -0.772978 0.634433 0
    outer loop
      vertex 82.2897 39.2183 0
      vertex 82.8502 39.9012 3
      vertex 82.8502 39.9012 0
    endloop
  endfacet
  facet normal -0.772978 0.634433 0
    outer loop
      vertex 82.8502 39.9012 3
      vertex 82.2897 39.2183 0
      vertex 82.2897 39.2183 3
    endloop
  endfacet
  facet normal 0.973781 -0.227487 0
    outer loop
      vertex 106.04 27.5059 3
      vertex 106.241 28.3663 0
      vertex 106.241 28.3663 3
    endloop
  endfacet
  facet normal 0.973781 -0.227487 0
    outer loop
      vertex 106.241 28.3663 0
      vertex 106.04 27.5059 3
      vertex 106.04 27.5059 0
    endloop
  endfacet
  facet normal -0.910866 -0.412702 0
    outer loop
      vertex 80.8922 25.0291 0
      vertex 80.5276 25.8338 3
      vertex 80.5276 25.8338 0
    endloop
  endfacet
  facet normal -0.910866 -0.412702 0
    outer loop
      vertex 80.5276 25.8338 3
      vertex 80.8922 25.0291 0
      vertex 80.8922 25.0291 3
    endloop
  endfacet
  facet normal -0.634433 0.772978 0
    outer loop
      vertex 84.7817 41.7103 0
      vertex 84.0988 41.1498 3
      vertex 84.7817 41.7103 3
    endloop
  endfacet
  facet normal -0.634433 0.772978 0
    outer loop
      vertex 84.0988 41.1498 3
      vertex 84.7817 41.7103 0
      vertex 84.0988 41.1498 0
    endloop
  endfacet
  facet normal 0.683467 -0.729982 0
    outer loop
      vertex 101.901 20.8502 0
      vertex 102.546 21.4541 3
      vertex 101.901 20.8502 3
    endloop
  endfacet
  facet normal 0.683467 -0.729982 0
    outer loop
      vertex 102.546 21.4541 3
      vertex 101.901 20.8502 0
      vertex 102.546 21.4541 0
    endloop
  endfacet
  facet normal 0.352264 0.935901 -0
    outer loop
      vertex 98.1662 43.4724 0
      vertex 97.3394 43.7836 3
      vertex 98.1662 43.4724 3
    endloop
  endfacet
  facet normal 0.352264 0.935901 0
    outer loop
      vertex 97.3394 43.7836 3
      vertex 98.1662 43.4724 0
      vertex 97.3394 43.7836 0
    endloop
  endfacet
  facet normal 0.634377 0.773024 -0
    outer loop
      vertex 101.901 41.1498 0
      vertex 101.218 41.7103 3
      vertex 101.901 41.1498 3
    endloop
  endfacet
  facet normal 0.634377 0.773024 0
    outer loop
      vertex 101.218 41.7103 3
      vertex 101.901 41.1498 0
      vertex 101.218 41.7103 0
    endloop
  endfacet
  facet normal 0.812623 0.582789 0
    outer loop
      vertex 104.225 38.5002 3
      vertex 103.71 39.2183 0
      vertex 103.71 39.2183 3
    endloop
  endfacet
  facet normal 0.812623 0.582789 0
    outer loop
      vertex 103.71 39.2183 0
      vertex 104.225 38.5002 3
      vertex 104.225 38.5002 0
    endloop
  endfacet
  facet normal 0.986625 0.163004 0
    outer loop
      vertex 106.385 32.7621 3
      vertex 106.241 33.6337 0
      vertex 106.241 33.6337 3
    endloop
  endfacet
  facet normal 0.986625 0.163004 0
    outer loop
      vertex 106.241 33.6337 0
      vertex 106.385 32.7621 3
      vertex 106.385 32.7621 0
    endloop
  endfacet
  facet normal -0.729823 -0.683636 0
    outer loop
      vertex 83.4541 21.4541 0
      vertex 82.8502 22.0988 3
      vertex 82.8502 22.0988 0
    endloop
  endfacet
  facet normal -0.729823 -0.683636 0
    outer loop
      vertex 82.8502 22.0988 3
      vertex 83.4541 21.4541 0
      vertex 83.4541 21.4541 3
    endloop
  endfacet
  facet normal 0.0327155 0.999465 -0
    outer loop
      vertex 93.8829 44.4711 0
      vertex 93 44.5 3
      vertex 93.8829 44.4711 3
    endloop
  endfacet
  facet normal 0.0327155 0.999465 0
    outer loop
      vertex 93 44.5 3
      vertex 93.8829 44.4711 0
      vertex 93 44.5 0
    endloop
  endfacet
  facet normal -0.582415 -0.812891 0
    outer loop
      vertex 84.7817 20.2897 0
      vertex 85.4998 19.7752 3
      vertex 84.7817 20.2897 3
    endloop
  endfacet
  facet normal -0.582415 -0.812891 -0
    outer loop
      vertex 85.4998 19.7752 3
      vertex 84.7817 20.2897 0
      vertex 85.4998 19.7752 0
    endloop
  endfacet
  facet normal -0.995184 -0.0980243 0
    outer loop
      vertex 79.6155 29.2379 0
      vertex 79.5289 30.1171 3
      vertex 79.5289 30.1171 0
    endloop
  endfacet
  facet normal -0.995184 -0.0980243 0
    outer loop
      vertex 79.5289 30.1171 3
      vertex 79.6155 29.2379 0
      vertex 79.6155 29.2379 3
    endloop
  endfacet
  facet normal -0.352264 -0.935901 0
    outer loop
      vertex 87.8338 18.5276 0
      vertex 88.6606 18.2164 3
      vertex 87.8338 18.5276 3
    endloop
  endfacet
  facet normal -0.352264 -0.935901 -0
    outer loop
      vertex 88.6606 18.2164 3
      vertex 87.8338 18.5276 0
      vertex 88.6606 18.2164 0
    endloop
  endfacet
  facet normal -0.772978 -0.634433 0
    outer loop
      vertex 82.8502 22.0988 0
      vertex 82.2897 22.7817 3
      vertex 82.2897 22.7817 0
    endloop
  endfacet
  facet normal -0.772978 -0.634433 0
    outer loop
      vertex 82.2897 22.7817 3
      vertex 82.8502 22.0988 0
      vertex 82.8502 22.0988 3
    endloop
  endfacet
  facet normal -0.471452 0.881892 0
    outer loop
      vertex 87.0291 43.1078 0
      vertex 86.25 42.6913 3
      vertex 87.0291 43.1078 3
    endloop
  endfacet
  facet normal -0.471452 0.881892 0
    outer loop
      vertex 86.25 42.6913 3
      vertex 87.0291 43.1078 0
      vertex 86.25 42.6913 0
    endloop
  endfacet
  facet normal 0.849458 -0.527656 0
    outer loop
      vertex 104.225 23.4998 3
      vertex 104.691 24.25 0
      vertex 104.691 24.25 3
    endloop
  endfacet
  facet normal 0.849458 -0.527656 0
    outer loop
      vertex 104.691 24.25 0
      vertex 104.225 23.4998 3
      vertex 104.225 23.4998 0
    endloop
  endfacet
  facet normal -0.812891 0.582415 0
    outer loop
      vertex 81.7752 38.5002 0
      vertex 82.2897 39.2183 3
      vertex 82.2897 39.2183 0
    endloop
  endfacet
  facet normal -0.812891 0.582415 0
    outer loop
      vertex 82.2897 39.2183 3
      vertex 81.7752 38.5002 0
      vertex 81.7752 38.5002 3
    endloop
  endfacet
  facet normal -0.935901 0.352264 0
    outer loop
      vertex 80.2164 35.3394 0
      vertex 80.5276 36.1662 3
      vertex 80.5276 36.1662 0
    endloop
  endfacet
  facet normal -0.935901 0.352264 0
    outer loop
      vertex 80.5276 36.1662 3
      vertex 80.2164 35.3394 0
      vertex 80.2164 35.3394 3
    endloop
  endfacet
  facet normal 0.911121 0.412139 0
    outer loop
      vertex 105.472 36.1662 3
      vertex 105.108 36.9709 0
      vertex 105.108 36.9709 3
    endloop
  endfacet
  facet normal 0.911121 0.412139 0
    outer loop
      vertex 105.108 36.9709 0
      vertex 105.472 36.1662 3
      vertex 105.472 36.1662 0
    endloop
  endfacet
  facet normal -0.290265 -0.956946 0
    outer loop
      vertex 88.6606 18.2164 0
      vertex 89.5059 17.96 3
      vertex 88.6606 18.2164 3
    endloop
  endfacet
  facet normal -0.290265 -0.956946 -0
    outer loop
      vertex 89.5059 17.96 3
      vertex 88.6606 18.2164 0
      vertex 89.5059 17.96 0
    endloop
  endfacet
  facet normal -0.683636 -0.729823 0
    outer loop
      vertex 83.4541 21.4541 0
      vertex 84.0988 20.8502 3
      vertex 83.4541 21.4541 3
    endloop
  endfacet
  facet normal -0.683636 -0.729823 -0
    outer loop
      vertex 84.0988 20.8502 3
      vertex 83.4541 21.4541 0
      vertex 84.0988 20.8502 0
    endloop
  endfacet
  facet normal 0 0 1
    outer loop
      vertex 95.25 31 3
      vertex 106.5 31 3
      vertex 106.471 31.8829 3
    endloop
  endfacet
  facet normal 0 0 1
    outer loop
      vertex 95.25 31 3
      vertex 106.471 31.8829 3
      vertex 106.385 32.7621 3
    endloop
  endfacet
  facet normal 0 0 1
    outer loop
      vertex 106.5 31 3
      vertex 95.25 31 3
      vertex 106.471 30.1171 3
    endloop
  endfacet
  facet normal 0 0 1
    outer loop
      vertex 95.2068 31.439 3
      vertex 106.385 32.7621 3
      vertex 106.241 33.6337 3
    endloop
  endfacet
  facet normal 0 0 1
    outer loop
      vertex 106.471 30.1171 3
      vertex 95.25 31 3
      vertex 106.385 29.2379 3
    endloop
  endfacet
  facet normal 0 0 1
    outer loop
      vertex 95.2068 31.439 3
      vertex 106.241 33.6337 3
      vertex 106.04 34.4941 3
    endloop
  endfacet
  facet normal -0 0 1
    outer loop
      vertex 95.2068 30.561 3
      vertex 106.385 29.2379 3
      vertex 95.25 31 3
    endloop
  endfacet
  facet normal 0 0 1
    outer loop
      vertex 95.2068 31.439 3
      vertex 106.04 34.4941 3
      vertex 105.784 35.3394 3
    endloop
  endfacet
  facet normal 0 0 1
    outer loop
      vertex 106.385 29.2379 3
      vertex 95.2068 30.561 3
      vertex 106.241 28.3663 3
    endloop
  endfacet
  facet normal 0 0 1
    outer loop
      vertex 95.0787 31.861 3
      vertex 105.784 35.3394 3
      vertex 105.472 36.1662 3
    endloop
  endfacet
  facet normal 0 0 1
    outer loop
      vertex 106.241 28.3663 3
      vertex 95.2068 30.561 3
      vertex 106.04 27.5059 3
    endloop
  endfacet
  facet normal 0 0 1
    outer loop
      vertex 95.0787 31.861 3
      vertex 105.472 36.1662 3
      vertex 105.108 36.9709 3
    endloop
  endfacet
  facet normal 0 0 1
    outer loop
      vertex 106.04 27.5059 3
      vertex 95.2068 30.561 3
      vertex 105.784 26.6606 3
    endloop
  endfacet
  facet normal 0 0 1
    outer loop
      vertex 95.0787 31.861 3
      vertex 105.108 36.9709 3
      vertex 104.691 37.75 3
    endloop
  endfacet
  facet normal -0 0 1
    outer loop
      vertex 95.0787 30.139 3
      vertex 105.784 26.6606 3
      vertex 95.2068 30.561 3
    endloop
  endfacet
  facet normal 0 0 1
    outer loop
      vertex 94.8708 32.25 3
      vertex 104.691 37.75 3
      vertex 104.225 38.5002 3
    endloop
  endfacet
  facet normal 0 0 1
    outer loop
      vertex 105.784 26.6606 3
      vertex 95.0787 30.139 3
      vertex 105.472 25.8338 3
    endloop
  endfacet
  facet normal 0 0 1
    outer loop
      vertex 94.8708 32.25 3
      vertex 104.225 38.5002 3
      vertex 103.71 39.2183 3
    endloop
  endfacet
  facet normal 0 0 1
    outer loop
      vertex 105.472 25.8338 3
      vertex 95.0787 30.139 3
      vertex 105.108 25.0291 3
    endloop
  endfacet
  facet normal 0 0 1
    outer loop
      vertex 94.8708 32.25 3
      vertex 103.71 39.2183 3
      vertex 103.15 39.9012 3
    endloop
  endfacet
  facet normal 0 0 1
    outer loop
      vertex 105.108 25.0291 3
      vertex 95.0787 30.139 3
      vertex 104.691 24.25 3
    endloop
  endfacet
  facet normal 0 0 1
    outer loop
      vertex 94.591 32.591 3
      vertex 103.15 39.9012 3
      vertex 102.546 40.5459 3
    endloop
  endfacet
  facet normal -0 0 1
    outer loop
      vertex 94.8708 29.75 3
      vertex 104.691 24.25 3
      vertex 95.0787 30.139 3
    endloop
  endfacet
  facet normal 0 0 1
    outer loop
      vertex 94.591 32.591 3
      vertex 102.546 40.5459 3
      vertex 101.901 41.1498 3
    endloop
  endfacet
  facet normal 0 0 1
    outer loop
      vertex 104.691 24.25 3
      vertex 94.8708 29.75 3
      vertex 104.225 23.4998 3
    endloop
  endfacet
  facet normal 0 0 1
    outer loop
      vertex 94.591 32.591 3
      vertex 101.901 41.1498 3
      vertex 101.218 41.7103 3
    endloop
  endfacet
  facet normal 0 0 1
    outer loop
      vertex 104.225 23.4998 3
      vertex 94.8708 29.75 3
      vertex 103.71 22.7817 3
    endloop
  endfacet
  facet normal 0 0 1
    outer loop
      vertex 94.25 32.8708 3
      vertex 101.218 41.7103 3
      vertex 100.5 42.2248 3
    endloop
  endfacet
  facet normal 0 0 1
    outer loop
      vertex 103.71 22.7817 3
      vertex 94.8708 29.75 3
      vertex 103.15 22.0988 3
    endloop
  endfacet
  facet normal 0 0 1
    outer loop
      vertex 94.25 32.8708 3
      vertex 100.5 42.2248 3
      vertex 99.75 42.6913 3
    endloop
  endfacet
  facet normal -0 0 1
    outer loop
      vertex 94.591 29.409 3
      vertex 103.15 22.0988 3
      vertex 94.8708 29.75 3
    endloop
  endfacet
  facet normal 0 0 1
    outer loop
      vertex 94.25 32.8708 3
      vertex 99.75 42.6913 3
      vertex 98.9709 43.1078 3
    endloop
  endfacet
  facet normal 0 0 1
    outer loop
      vertex 103.15 22.0988 3
      vertex 94.591 29.409 3
      vertex 102.546 21.4541 3
    endloop
  endfacet
  facet normal 0 0 1
    outer loop
      vertex 93.861 33.0787 3
      vertex 98.9709 43.1078 3
      vertex 98.1662 43.4724 3
    endloop
  endfacet
  facet normal 0 0 1
    outer loop
      vertex 102.546 21.4541 3
      vertex 94.591 29.409 3
      vertex 101.901 20.8502 3
    endloop
  endfacet
  facet normal 0 0 1
    outer loop
      vertex 93.861 33.0787 3
      vertex 98.1662 43.4724 3
      vertex 97.3394 43.7836 3
    endloop
  endfacet
  facet normal 0 0 1
    outer loop
      vertex 101.901 20.8502 3
      vertex 94.591 29.409 3
      vertex 101.218 20.2897 3
    endloop
  endfacet
  facet normal 0 0 1
    outer loop
      vertex 93.861 33.0787 3
      vertex 97.3394 43.7836 3
      vertex 96.4941 44.04 3
    endloop
  endfacet
  facet normal -0 0 1
    outer loop
      vertex 94.25 29.1292 3
      vertex 101.218 20.2897 3
      vertex 94.591 29.409 3
    endloop
  endfacet
  facet normal 0 0 1
    outer loop
      vertex 93.4389 33.2068 3
      vertex 96.4941 44.04 3
      vertex 95.6337 44.2406 3
    endloop
  endfacet
  facet normal 0 0 1
    outer loop
      vertex 101.218 20.2897 3
      vertex 94.25 29.1292 3
      vertex 100.5 19.7752 3
    endloop
  endfacet
  facet normal 0 0 1
    outer loop
      vertex 100.5 19.7752 3
      vertex 94.25 29.1292 3
      vertex 99.75 19.3087 3
    endloop
  endfacet
  facet normal 0 0 1
    outer loop
      vertex 106.385 32.7621 3
      vertex 95.2068 31.439 3
      vertex 95.25 31 3
    endloop
  endfacet
  facet normal 0 0 1
    outer loop
      vertex 105.784 35.3394 3
      vertex 95.0787 31.861 3
      vertex 95.2068 31.439 3
    endloop
  endfacet
  facet normal 0 0 1
    outer loop
      vertex 104.691 37.75 3
      vertex 94.8708 32.25 3
      vertex 95.0787 31.861 3
    endloop
  endfacet
  facet normal 0 0 1
    outer loop
      vertex 93.4389 33.2068 3
      vertex 95.6337 44.2406 3
      vertex 94.7621 44.3845 3
    endloop
  endfacet
  facet normal 0 0 1
    outer loop
      vertex 103.15 39.9012 3
      vertex 94.591 32.591 3
      vertex 94.8708 32.25 3
    endloop
  endfacet
  facet normal 0 0 1
    outer loop
      vertex 101.218 41.7103 3
      vertex 94.25 32.8708 3
      vertex 94.591 32.591 3
    endloop
  endfacet
  facet normal 0 0 1
    outer loop
      vertex 93.4389 33.2068 3
      vertex 94.7621 44.3845 3
      vertex 93.8829 44.4711 3
    endloop
  endfacet
  facet normal 0 0 1
    outer loop
      vertex 98.9709 43.1078 3
      vertex 93.861 33.0787 3
      vertex 94.25 32.8708 3
    endloop
  endfacet
  facet normal 0 0 1
    outer loop
      vertex 96.4941 44.04 3
      vertex 93.4389 33.2068 3
      vertex 93.861 33.0787 3
    endloop
  endfacet
  facet normal 0 0 1
    outer loop
      vertex 93 33.25 3
      vertex 93.8829 44.4711 3
      vertex 93 44.5 3
    endloop
  endfacet
  facet normal 0 0 1
    outer loop
      vertex 93.8829 44.4711 3
      vertex 93 33.25 3
      vertex 93.4389 33.2068 3
    endloop
  endfacet
  facet normal -0 0 1
    outer loop
      vertex 92.1171 44.4711 3
      vertex 93 33.25 3
      vertex 93 44.5 3
    endloop
  endfacet
  facet normal 0 0 1
    outer loop
      vertex 93 33.25 3
      vertex 92.1171 44.4711 3
      vertex 92.5611 33.2068 3
    endloop
  endfacet
  facet normal -0 0 1
    outer loop
      vertex 91.2379 44.3845 3
      vertex 92.5611 33.2068 3
      vertex 92.1171 44.4711 3
    endloop
  endfacet
  facet normal -0 0 1
    outer loop
      vertex 90.3663 44.2406 3
      vertex 92.5611 33.2068 3
      vertex 91.2379 44.3845 3
    endloop
  endfacet
  facet normal -0 0 1
    outer loop
      vertex 89.5059 44.04 3
      vertex 92.5611 33.2068 3
      vertex 90.3663 44.2406 3
    endloop
  endfacet
  facet normal 0 0 1
    outer loop
      vertex 92.5611 33.2068 3
      vertex 89.5059 44.04 3
      vertex 92.139 33.0787 3
    endloop
  endfacet
  facet normal -0 0 1
    outer loop
      vertex 88.6606 43.7836 3
      vertex 92.139 33.0787 3
      vertex 89.5059 44.04 3
    endloop
  endfacet
  facet normal -0 0 1
    outer loop
      vertex 87.8338 43.4724 3
      vertex 92.139 33.0787 3
      vertex 88.6606 43.7836 3
    endloop
  endfacet
  facet normal -0 0 1
    outer loop
      vertex 87.0291 43.1078 3
      vertex 92.139 33.0787 3
      vertex 87.8338 43.4724 3
    endloop
  endfacet
  facet normal 0 0 1
    outer loop
      vertex 92.139 33.0787 3
      vertex 87.0291 43.1078 3
      vertex 91.75 32.8708 3
    endloop
  endfacet
  facet normal -0 0 1
    outer loop
      vertex 86.25 42.6913 3
      vertex 91.75 32.8708 3
      vertex 87.0291 43.1078 3
    endloop
  endfacet
  facet normal 0 0 1
    outer loop
      vertex 99.75 19.3087 3
      vertex 94.25 29.1292 3
      vertex 98.9709 18.8922 3
    endloop
  endfacet
  facet normal -0 0 1
    outer loop
      vertex 93.861 28.9213 3
      vertex 98.9709 18.8922 3
      vertex 94.25 29.1292 3
    endloop
  endfacet
  facet normal 0 0 1
    outer loop
      vertex 98.9709 18.8922 3
      vertex 93.861 28.9213 3
      vertex 98.1662 18.5276 3
    endloop
  endfacet
  facet normal 0 0 1
    outer loop
      vertex 98.1662 18.5276 3
      vertex 93.861 28.9213 3
      vertex 97.3394 18.2164 3
    endloop
  endfacet
  facet normal 0 0 1
    outer loop
      vertex 97.3394 18.2164 3
      vertex 93.861 28.9213 3
      vertex 96.4941 17.96 3
    endloop
  endfacet
  facet normal -0 0 1
    outer loop
      vertex 93.4389 28.7932 3
      vertex 96.4941 17.96 3
      vertex 93.861 28.9213 3
    endloop
  endfacet
  facet normal 0 0 1
    outer loop
      vertex 96.4941 17.96 3
      vertex 93.4389 28.7932 3
      vertex 95.6337 17.7594 3
    endloop
  endfacet
  facet normal 0 0 1
    outer loop
      vertex 95.6337 17.7594 3
      vertex 93.4389 28.7932 3
      vertex 94.7621 17.6155 3
    endloop
  endfacet
  facet normal 0 0 1
    outer loop
      vertex 94.7621 17.6155 3
      vertex 93.4389 28.7932 3
      vertex 93.8829 17.5289 3
    endloop
  endfacet
  facet normal -0 0 1
    outer loop
      vertex 93 28.75 3
      vertex 93.8829 17.5289 3
      vertex 93.4389 28.7932 3
    endloop
  endfacet
  facet normal 0 0 1
    outer loop
      vertex 93 28.75 3
      vertex 93 17.5 3
      vertex 93.8829 17.5289 3
    endloop
  endfacet
  facet normal 0 0 1
    outer loop
      vertex 92.1171 17.5289 3
      vertex 93 28.75 3
      vertex 92.5611 28.7932 3
    endloop
  endfacet
  facet normal 0 0 1
    outer loop
      vertex 89.5059 17.96 3
      vertex 92.5611 28.7932 3
      vertex 92.139 28.9213 3
    endloop
  endfacet
  facet normal 0 0 1
    outer loop
      vertex 93 28.75 3
      vertex 92.1171 17.5289 3
      vertex 93 17.5 3
    endloop
  endfacet
  facet normal 0 0 1
    outer loop
      vertex 87.0291 18.8922 3
      vertex 92.139 28.9213 3
      vertex 91.75 29.1292 3
    endloop
  endfacet
  facet normal 0 0 1
    outer loop
      vertex 84.7817 20.2897 3
      vertex 91.75 29.1292 3
      vertex 91.409 29.409 3
    endloop
  endfacet
  facet normal 0 0 1
    outer loop
      vertex 92.5611 28.7932 3
      vertex 91.2379 17.6155 3
      vertex 92.1171 17.5289 3
    endloop
  endfacet
  facet normal 0 0 1
    outer loop
      vertex 82.8502 22.0988 3
      vertex 91.409 29.409 3
      vertex 91.1292 29.75 3
    endloop
  endfacet
  facet normal 0 0 1
    outer loop
      vertex 81.3087 24.25 3
      vertex 91.1292 29.75 3
      vertex 90.9213 30.139 3
    endloop
  endfacet
  facet normal 0 0 1
    outer loop
      vertex 80.2164 26.6606 3
      vertex 90.9213 30.139 3
      vertex 90.7932 30.561 3
    endloop
  endfacet
  facet normal 0 0 1
    outer loop
      vertex 79.6155 29.2379 3
      vertex 90.7932 30.561 3
      vertex 90.75 31 3
    endloop
  endfacet
  facet normal 0 0 1
    outer loop
      vertex 92.5611 28.7932 3
      vertex 90.3663 17.7594 3
      vertex 91.2379 17.6155 3
    endloop
  endfacet
  facet normal -0 0 1
    outer loop
      vertex 85.4998 42.2248 3
      vertex 91.75 32.8708 3
      vertex 86.25 42.6913 3
    endloop
  endfacet
  facet normal -0 0 1
    outer loop
      vertex 84.7817 41.7103 3
      vertex 91.75 32.8708 3
      vertex 85.4998 42.2248 3
    endloop
  endfacet
  facet normal 0 0 1
    outer loop
      vertex 92.5611 28.7932 3
      vertex 89.5059 17.96 3
      vertex 90.3663 17.7594 3
    endloop
  endfacet
  facet normal 0 0 1
    outer loop
      vertex 91.75 32.8708 3
      vertex 84.7817 41.7103 3
      vertex 91.409 32.591 3
    endloop
  endfacet
  facet normal 0 0 1
    outer loop
      vertex 92.139 28.9213 3
      vertex 88.6606 18.2164 3
      vertex 89.5059 17.96 3
    endloop
  endfacet
  facet normal -0 0 1
    outer loop
      vertex 84.0988 41.1498 3
      vertex 91.409 32.591 3
      vertex 84.7817 41.7103 3
    endloop
  endfacet
  facet normal 0 0 1
    outer loop
      vertex 92.139 28.9213 3
      vertex 87.8338 18.5276 3
      vertex 88.6606 18.2164 3
    endloop
  endfacet
  facet normal -0 0 1
    outer loop
      vertex 83.4541 40.5459 3
      vertex 91.409 32.591 3
      vertex 84.0988 41.1498 3
    endloop
  endfacet
  facet normal 0 0 1
    outer loop
      vertex 92.139 28.9213 3
      vertex 87.0291 18.8922 3
      vertex 87.8338 18.5276 3
    endloop
  endfacet
  facet normal -0 0 1
    outer loop
      vertex 82.8502 39.9012 3
      vertex 91.409 32.591 3
      vertex 83.4541 40.5459 3
    endloop
  endfacet
  facet normal 0 0 1
    outer loop
      vertex 91.75 29.1292 3
      vertex 86.25 19.3087 3
      vertex 87.0291 18.8922 3
    endloop
  endfacet
  facet normal 0 0 1
    outer loop
      vertex 91.409 32.591 3
      vertex 82.8502 39.9012 3
      vertex 91.1292 32.25 3
    endloop
  endfacet
  facet normal 0 0 1
    outer loop
      vertex 91.75 29.1292 3
      vertex 85.4998 19.7752 3
      vertex 86.25 19.3087 3
    endloop
  endfacet
  facet normal -0 0 1
    outer loop
      vertex 82.2897 39.2183 3
      vertex 91.1292 32.25 3
      vertex 82.8502 39.9012 3
    endloop
  endfacet
  facet normal 0 0 1
    outer loop
      vertex 91.75 29.1292 3
      vertex 84.7817 20.2897 3
      vertex 85.4998 19.7752 3
    endloop
  endfacet
  facet normal -0 0 1
    outer loop
      vertex 81.7752 38.5002 3
      vertex 91.1292 32.25 3
      vertex 82.2897 39.2183 3
    endloop
  endfacet
  facet normal 0 0 1
    outer loop
      vertex 91.409 29.409 3
      vertex 84.0988 20.8502 3
      vertex 84.7817 20.2897 3
    endloop
  endfacet
  facet normal -0 0 1
    outer loop
      vertex 81.3087 37.75 3
      vertex 91.1292 32.25 3
      vertex 81.7752 38.5002 3
    endloop
  endfacet
  facet normal 0 0 1
    outer loop
      vertex 91.409 29.409 3
      vertex 83.4541 21.4541 3
      vertex 84.0988 20.8502 3
    endloop
  endfacet
  facet normal 0 0 1
    outer loop
      vertex 91.1292 32.25 3
      vertex 81.3087 37.75 3
      vertex 90.9213 31.861 3
    endloop
  endfacet
  facet normal 0 0 1
    outer loop
      vertex 91.409 29.409 3
      vertex 82.8502 22.0988 3
      vertex 83.4541 21.4541 3
    endloop
  endfacet
  facet normal -0 0 1
    outer loop
      vertex 80.8922 36.9709 3
      vertex 90.9213 31.861 3
      vertex 81.3087 37.75 3
    endloop
  endfacet
  facet normal 0 0 1
    outer loop
      vertex 91.1292 29.75 3
      vertex 82.2897 22.7817 3
      vertex 82.8502 22.0988 3
    endloop
  endfacet
  facet normal -0 0 1
    outer loop
      vertex 80.5276 36.1662 3
      vertex 90.9213 31.861 3
      vertex 80.8922 36.9709 3
    endloop
  endfacet
  facet normal 0 0 1
    outer loop
      vertex 91.1292 29.75 3
      vertex 81.7752 23.4998 3
      vertex 82.2897 22.7817 3
    endloop
  endfacet
  facet normal -0 0 1
    outer loop
      vertex 80.2164 35.3394 3
      vertex 90.9213 31.861 3
      vertex 80.5276 36.1662 3
    endloop
  endfacet
  facet normal 0 0 1
    outer loop
      vertex 91.1292 29.75 3
      vertex 81.3087 24.25 3
      vertex 81.7752 23.4998 3
    endloop
  endfacet
  facet normal 0 0 1
    outer loop
      vertex 90.9213 31.861 3
      vertex 80.2164 35.3394 3
      vertex 90.7932 31.439 3
    endloop
  endfacet
  facet normal 0 0 1
    outer loop
      vertex 90.9213 30.139 3
      vertex 80.8922 25.0291 3
      vertex 81.3087 24.25 3
    endloop
  endfacet
  facet normal -0 0 1
    outer loop
      vertex 79.96 34.4941 3
      vertex 90.7932 31.439 3
      vertex 80.2164 35.3394 3
    endloop
  endfacet
  facet normal 0 0 1
    outer loop
      vertex 90.9213 30.139 3
      vertex 80.5276 25.8338 3
      vertex 80.8922 25.0291 3
    endloop
  endfacet
  facet normal -0 0 1
    outer loop
      vertex 79.7594 33.6337 3
      vertex 90.7932 31.439 3
      vertex 79.96 34.4941 3
    endloop
  endfacet
  facet normal 0 0 1
    outer loop
      vertex 90.9213 30.139 3
      vertex 80.2164 26.6606 3
      vertex 80.5276 25.8338 3
    endloop
  endfacet
  facet normal -0 0 1
    outer loop
      vertex 79.6155 32.7621 3
      vertex 90.7932 31.439 3
      vertex 79.7594 33.6337 3
    endloop
  endfacet
  facet normal 0 0 1
    outer loop
      vertex 90.7932 30.561 3
      vertex 79.96 27.5059 3
      vertex 80.2164 26.6606 3
    endloop
  endfacet
  facet normal 0 0 1
    outer loop
      vertex 90.7932 31.439 3
      vertex 79.6155 32.7621 3
      vertex 90.75 31 3
    endloop
  endfacet
  facet normal 0 0 1
    outer loop
      vertex 90.7932 30.561 3
      vertex 79.7594 28.3663 3
      vertex 79.96 27.5059 3
    endloop
  endfacet
  facet normal -0 0 1
    outer loop
      vertex 79.5289 31.8829 3
      vertex 90.75 31 3
      vertex 79.6155 32.7621 3
    endloop
  endfacet
  facet normal 0 0 1
    outer loop
      vertex 90.7932 30.561 3
      vertex 79.6155 29.2379 3
      vertex 79.7594 28.3663 3
    endloop
  endfacet
  facet normal 0 0 1
    outer loop
      vertex 79.5 31 3
      vertex 90.75 31 3
      vertex 79.5289 31.8829 3
    endloop
  endfacet
  facet normal 0 0 1
    outer loop
      vertex 90.75 31 3
      vertex 79.5289 30.1171 3
      vertex 79.6155 29.2379 3
    endloop
  endfacet
  facet normal 0 0 1
    outer loop
      vertex 90.75 31 3
      vertex 79.5 31 3
      vertex 79.5289 30.1171 3
    endloop
  endfacet
  facet normal 0 0 -1
    outer loop
      vertex 95.25 31 0
      vertex 106.5 31 0
      vertex 106.471 30.1171 0
    endloop
  endfacet
  facet normal 0 0 -1
    outer loop
      vertex 95.25 31 0
      vertex 106.471 30.1171 0
      vertex 106.385 29.2379 0
    endloop
  endfacet
  facet normal 0 0 -1
    outer loop
      vertex 106.5 31 0
      vertex 95.25 31 0
      vertex 106.471 31.8829 0
    endloop
  endfacet
  facet normal 0 0 -1
    outer loop
      vertex 95.2068 30.561 0
      vertex 106.385 29.2379 0
      vertex 106.241 28.3663 0
    endloop
  endfacet
  facet normal -0 0 -1
    outer loop
      vertex 106.471 31.8829 0
      vertex 95.25 31 0
      vertex 106.385 32.7621 0
    endloop
  endfacet
  facet normal 0 0 -1
    outer loop
      vertex 95.2068 30.561 0
      vertex 106.241 28.3663 0
      vertex 106.04 27.5059 0
    endloop
  endfacet
  facet normal 0 0 -1
    outer loop
      vertex 95.2068 31.439 0
      vertex 106.385 32.7621 0
      vertex 95.25 31 0
    endloop
  endfacet
  facet normal 0 0 -1
    outer loop
      vertex 95.2068 30.561 0
      vertex 106.04 27.5059 0
      vertex 105.784 26.6606 0
    endloop
  endfacet
  facet normal -0 0 -1
    outer loop
      vertex 106.385 32.7621 0
      vertex 95.2068 31.439 0
      vertex 106.241 33.6337 0
    endloop
  endfacet
  facet normal 0 0 -1
    outer loop
      vertex 95.0787 30.139 0
      vertex 105.784 26.6606 0
      vertex 105.472 25.8338 0
    endloop
  endfacet
  facet normal -0 0 -1
    outer loop
      vertex 106.241 33.6337 0
      vertex 95.2068 31.439 0
      vertex 106.04 34.4941 0
    endloop
  endfacet
  facet normal 0 0 -1
    outer loop
      vertex 95.0787 30.139 0
      vertex 105.472 25.8338 0
      vertex 105.108 25.0291 0
    endloop
  endfacet
  facet normal -0 0 -1
    outer loop
      vertex 106.04 34.4941 0
      vertex 95.2068 31.439 0
      vertex 105.784 35.3394 0
    endloop
  endfacet
  facet normal 0 0 -1
    outer loop
      vertex 95.0787 30.139 0
      vertex 105.108 25.0291 0
      vertex 104.691 24.25 0
    endloop
  endfacet
  facet normal 0 0 -1
    outer loop
      vertex 95.0787 31.861 0
      vertex 105.784 35.3394 0
      vertex 95.2068 31.439 0
    endloop
  endfacet
  facet normal 0 0 -1
    outer loop
      vertex 94.8708 29.75 0
      vertex 104.691 24.25 0
      vertex 104.225 23.4998 0
    endloop
  endfacet
  facet normal -0 0 -1
    outer loop
      vertex 105.784 35.3394 0
      vertex 95.0787 31.861 0
      vertex 105.472 36.1662 0
    endloop
  endfacet
  facet normal 0 0 -1
    outer loop
      vertex 94.8708 29.75 0
      vertex 104.225 23.4998 0
      vertex 103.71 22.7817 0
    endloop
  endfacet
  facet normal -0 0 -1
    outer loop
      vertex 105.472 36.1662 0
      vertex 95.0787 31.861 0
      vertex 105.108 36.9709 0
    endloop
  endfacet
  facet normal 0 0 -1
    outer loop
      vertex 94.8708 29.75 0
      vertex 103.71 22.7817 0
      vertex 103.15 22.0988 0
    endloop
  endfacet
  facet normal -0 0 -1
    outer loop
      vertex 105.108 36.9709 0
      vertex 95.0787 31.861 0
      vertex 104.691 37.75 0
    endloop
  endfacet
  facet normal 0 0 -1
    outer loop
      vertex 94.591 29.409 0
      vertex 103.15 22.0988 0
      vertex 102.546 21.4541 0
    endloop
  endfacet
  facet normal 0 0 -1
    outer loop
      vertex 94.8708 32.25 0
      vertex 104.691 37.75 0
      vertex 95.0787 31.861 0
    endloop
  endfacet
  facet normal 0 0 -1
    outer loop
      vertex 94.591 29.409 0
      vertex 102.546 21.4541 0
      vertex 101.901 20.8502 0
    endloop
  endfacet
  facet normal -0 0 -1
    outer loop
      vertex 104.691 37.75 0
      vertex 94.8708 32.25 0
      vertex 104.225 38.5002 0
    endloop
  endfacet
  facet normal 0 0 -1
    outer loop
      vertex 94.591 29.409 0
      vertex 101.901 20.8502 0
      vertex 101.218 20.2897 0
    endloop
  endfacet
  facet normal -0 0 -1
    outer loop
      vertex 104.225 38.5002 0
      vertex 94.8708 32.25 0
      vertex 103.71 39.2183 0
    endloop
  endfacet
  facet normal 0 0 -1
    outer loop
      vertex 94.25 29.1292 0
      vertex 101.218 20.2897 0
      vertex 100.5 19.7752 0
    endloop
  endfacet
  facet normal -0 0 -1
    outer loop
      vertex 103.71 39.2183 0
      vertex 94.8708 32.25 0
      vertex 103.15 39.9012 0
    endloop
  endfacet
  facet normal 0 0 -1
    outer loop
      vertex 94.25 29.1292 0
      vertex 100.5 19.7752 0
      vertex 99.75 19.3087 0
    endloop
  endfacet
  facet normal 0 0 -1
    outer loop
      vertex 94.591 32.591 0
      vertex 103.15 39.9012 0
      vertex 94.8708 32.25 0
    endloop
  endfacet
  facet normal 0 0 -1
    outer loop
      vertex 94.25 29.1292 0
      vertex 99.75 19.3087 0
      vertex 98.9709 18.8922 0
    endloop
  endfacet
  facet normal -0 0 -1
    outer loop
      vertex 103.15 39.9012 0
      vertex 94.591 32.591 0
      vertex 102.546 40.5459 0
    endloop
  endfacet
  facet normal 0 0 -1
    outer loop
      vertex 93.861 28.9213 0
      vertex 98.9709 18.8922 0
      vertex 98.1662 18.5276 0
    endloop
  endfacet
  facet normal -0 0 -1
    outer loop
      vertex 102.546 40.5459 0
      vertex 94.591 32.591 0
      vertex 101.901 41.1498 0
    endloop
  endfacet
  facet normal 0 0 -1
    outer loop
      vertex 93.861 28.9213 0
      vertex 98.1662 18.5276 0
      vertex 97.3394 18.2164 0
    endloop
  endfacet
  facet normal -0 0 -1
    outer loop
      vertex 101.901 41.1498 0
      vertex 94.591 32.591 0
      vertex 101.218 41.7103 0
    endloop
  endfacet
  facet normal 0 0 -1
    outer loop
      vertex 93.861 28.9213 0
      vertex 97.3394 18.2164 0
      vertex 96.4941 17.96 0
    endloop
  endfacet
  facet normal 0 0 -1
    outer loop
      vertex 94.25 32.8708 0
      vertex 101.218 41.7103 0
      vertex 94.591 32.591 0
    endloop
  endfacet
  facet normal 0 0 -1
    outer loop
      vertex 93.4389 28.7932 0
      vertex 96.4941 17.96 0
      vertex 95.6337 17.7594 0
    endloop
  endfacet
  facet normal -0 0 -1
    outer loop
      vertex 101.218 41.7103 0
      vertex 94.25 32.8708 0
      vertex 100.5 42.2248 0
    endloop
  endfacet
  facet normal -0 0 -1
    outer loop
      vertex 100.5 42.2248 0
      vertex 94.25 32.8708 0
      vertex 99.75 42.6913 0
    endloop
  endfacet
  facet normal 0 0 -1
    outer loop
      vertex 106.385 29.2379 0
      vertex 95.2068 30.561 0
      vertex 95.25 31 0
    endloop
  endfacet
  facet normal 0 0 -1
    outer loop
      vertex 105.784 26.6606 0
      vertex 95.0787 30.139 0
      vertex 95.2068 30.561 0
    endloop
  endfacet
  facet normal 0 0 -1
    outer loop
      vertex 104.691 24.25 0
      vertex 94.8708 29.75 0
      vertex 95.0787 30.139 0
    endloop
  endfacet
  facet normal 0 0 -1
    outer loop
      vertex 93.4389 28.7932 0
      vertex 95.6337 17.7594 0
      vertex 94.7621 17.6155 0
    endloop
  endfacet
  facet normal 0 0 -1
    outer loop
      vertex 103.15 22.0988 0
      vertex 94.591 29.409 0
      vertex 94.8708 29.75 0
    endloop
  endfacet
  facet normal 0 0 -1
    outer loop
      vertex 101.218 20.2897 0
      vertex 94.25 29.1292 0
      vertex 94.591 29.409 0
    endloop
  endfacet
  facet normal 0 0 -1
    outer loop
      vertex 93.4389 28.7932 0
      vertex 94.7621 17.6155 0
      vertex 93.8829 17.5289 0
    endloop
  endfacet
  facet normal 0 0 -1
    outer loop
      vertex 98.9709 18.8922 0
      vertex 93.861 28.9213 0
      vertex 94.25 29.1292 0
    endloop
  endfacet
  facet normal 0 0 -1
    outer loop
      vertex 96.4941 17.96 0
      vertex 93.4389 28.7932 0
      vertex 93.861 28.9213 0
    endloop
  endfacet
  facet normal 0 0 -1
    outer loop
      vertex 93 28.75 0
      vertex 93.8829 17.5289 0
      vertex 93 17.5 0
    endloop
  endfacet
  facet normal 0 0 -1
    outer loop
      vertex 93.8829 17.5289 0
      vertex 93 28.75 0
      vertex 93.4389 28.7932 0
    endloop
  endfacet
  facet normal 0 0 -1
    outer loop
      vertex 92.1171 17.5289 0
      vertex 93 28.75 0
      vertex 93 17.5 0
    endloop
  endfacet
  facet normal -0 0 -1
    outer loop
      vertex 93 28.75 0
      vertex 92.1171 17.5289 0
      vertex 92.5611 28.7932 0
    endloop
  endfacet
  facet normal 0 0 -1
    outer loop
      vertex 91.2379 17.6155 0
      vertex 92.5611 28.7932 0
      vertex 92.1171 17.5289 0
    endloop
  endfacet
  facet normal 0 0 -1
    outer loop
      vertex 90.3663 17.7594 0
      vertex 92.5611 28.7932 0
      vertex 91.2379 17.6155 0
    endloop
  endfacet
  facet normal 0 0 -1
    outer loop
      vertex 89.5059 17.96 0
      vertex 92.5611 28.7932 0
      vertex 90.3663 17.7594 0
    endloop
  endfacet
  facet normal -0 0 -1
    outer loop
      vertex 92.5611 28.7932 0
      vertex 89.5059 17.96 0
      vertex 92.139 28.9213 0
    endloop
  endfacet
  facet normal 0 0 -1
    outer loop
      vertex 88.6606 18.2164 0
      vertex 92.139 28.9213 0
      vertex 89.5059 17.96 0
    endloop
  endfacet
  facet normal 0 0 -1
    outer loop
      vertex 87.8338 18.5276 0
      vertex 92.139 28.9213 0
      vertex 88.6606 18.2164 0
    endloop
  endfacet
  facet normal 0 0 -1
    outer loop
      vertex 87.0291 18.8922 0
      vertex 92.139 28.9213 0
      vertex 87.8338 18.5276 0
    endloop
  endfacet
  facet normal -0 0 -1
    outer loop
      vertex 92.139 28.9213 0
      vertex 87.0291 18.8922 0
      vertex 91.75 29.1292 0
    endloop
  endfacet
  facet normal 0 0 -1
    outer loop
      vertex 86.25 19.3087 0
      vertex 91.75 29.1292 0
      vertex 87.0291 18.8922 0
    endloop
  endfacet
  facet normal -0 0 -1
    outer loop
      vertex 99.75 42.6913 0
      vertex 94.25 32.8708 0
      vertex 98.9709 43.1078 0
    endloop
  endfacet
  facet normal 0 0 -1
    outer loop
      vertex 93.861 33.0787 0
      vertex 98.9709 43.1078 0
      vertex 94.25 32.8708 0
    endloop
  endfacet
  facet normal -0 0 -1
    outer loop
      vertex 98.9709 43.1078 0
      vertex 93.861 33.0787 0
      vertex 98.1662 43.4724 0
    endloop
  endfacet
  facet normal -0 0 -1
    outer loop
      vertex 98.1662 43.4724 0
      vertex 93.861 33.0787 0
      vertex 97.3394 43.7836 0
    endloop
  endfacet
  facet normal -0 0 -1
    outer loop
      vertex 97.3394 43.7836 0
      vertex 93.861 33.0787 0
      vertex 96.4941 44.04 0
    endloop
  endfacet
  facet normal 0 0 -1
    outer loop
      vertex 93.4389 33.2068 0
      vertex 96.4941 44.04 0
      vertex 93.861 33.0787 0
    endloop
  endfacet
  facet normal -0 0 -1
    outer loop
      vertex 96.4941 44.04 0
      vertex 93.4389 33.2068 0
      vertex 95.6337 44.2406 0
    endloop
  endfacet
  facet normal -0 0 -1
    outer loop
      vertex 95.6337 44.2406 0
      vertex 93.4389 33.2068 0
      vertex 94.7621 44.3845 0
    endloop
  endfacet
  facet normal -0 0 -1
    outer loop
      vertex 94.7621 44.3845 0
      vertex 93.4389 33.2068 0
      vertex 93.8829 44.4711 0
    endloop
  endfacet
  facet normal 0 0 -1
    outer loop
      vertex 93 33.25 0
      vertex 93.8829 44.4711 0
      vertex 93.4389 33.2068 0
    endloop
  endfacet
  facet normal 0 0 -1
    outer loop
      vertex 93 33.25 0
      vertex 93 44.5 0
      vertex 93.8829 44.4711 0
    endloop
  endfacet
  facet normal 0 0 -1
    outer loop
      vertex 92.1171 44.4711 0
      vertex 93 33.25 0
      vertex 92.5611 33.2068 0
    endloop
  endfacet
  facet normal 0 0 -1
    outer loop
      vertex 89.5059 44.04 0
      vertex 92.5611 33.2068 0
      vertex 92.139 33.0787 0
    endloop
  endfacet
  facet normal 0 0 -1
    outer loop
      vertex 93 33.25 0
      vertex 92.1171 44.4711 0
      vertex 93 44.5 0
    endloop
  endfacet
  facet normal 0 0 -1
    outer loop
      vertex 87.0291 43.1078 0
      vertex 92.139 33.0787 0
      vertex 91.75 32.8708 0
    endloop
  endfacet
  facet normal 0 0 -1
    outer loop
      vertex 84.7817 41.7103 0
      vertex 91.75 32.8708 0
      vertex 91.409 32.591 0
    endloop
  endfacet
  facet normal 0 0 -1
    outer loop
      vertex 92.5611 33.2068 0
      vertex 91.2379 44.3845 0
      vertex 92.1171 44.4711 0
    endloop
  endfacet
  facet normal 0 0 -1
    outer loop
      vertex 82.8502 39.9012 0
      vertex 91.409 32.591 0
      vertex 91.1292 32.25 0
    endloop
  endfacet
  facet normal 0 0 -1
    outer loop
      vertex 81.3087 37.75 0
      vertex 91.1292 32.25 0
      vertex 90.9213 31.861 0
    endloop
  endfacet
  facet normal 0 0 -1
    outer loop
      vertex 80.2164 35.3394 0
      vertex 90.9213 31.861 0
      vertex 90.7932 31.439 0
    endloop
  endfacet
  facet normal 0 0 -1
    outer loop
      vertex 79.6155 32.7621 0
      vertex 90.7932 31.439 0
      vertex 90.75 31 0
    endloop
  endfacet
  facet normal 0 0 -1
    outer loop
      vertex 92.5611 33.2068 0
      vertex 90.3663 44.2406 0
      vertex 91.2379 44.3845 0
    endloop
  endfacet
  facet normal 0 0 -1
    outer loop
      vertex 85.4998 19.7752 0
      vertex 91.75 29.1292 0
      vertex 86.25 19.3087 0
    endloop
  endfacet
  facet normal 0 0 -1
    outer loop
      vertex 84.7817 20.2897 0
      vertex 91.75 29.1292 0
      vertex 85.4998 19.7752 0
    endloop
  endfacet
  facet normal 0 0 -1
    outer loop
      vertex 92.5611 33.2068 0
      vertex 89.5059 44.04 0
      vertex 90.3663 44.2406 0
    endloop
  endfacet
  facet normal -0 0 -1
    outer loop
      vertex 91.75 29.1292 0
      vertex 84.7817 20.2897 0
      vertex 91.409 29.409 0
    endloop
  endfacet
  facet normal 0 0 -1
    outer loop
      vertex 92.139 33.0787 0
      vertex 88.6606 43.7836 0
      vertex 89.5059 44.04 0
    endloop
  endfacet
  facet normal 0 0 -1
    outer loop
      vertex 84.0988 20.8502 0
      vertex 91.409 29.409 0
      vertex 84.7817 20.2897 0
    endloop
  endfacet
  facet normal 0 0 -1
    outer loop
      vertex 92.139 33.0787 0
      vertex 87.8338 43.4724 0
      vertex 88.6606 43.7836 0
    endloop
  endfacet
  facet normal 0 0 -1
    outer loop
      vertex 83.4541 21.4541 0
      vertex 91.409 29.409 0
      vertex 84.0988 20.8502 0
    endloop
  endfacet
  facet normal 0 0 -1
    outer loop
      vertex 92.139 33.0787 0
      vertex 87.0291 43.1078 0
      vertex 87.8338 43.4724 0
    endloop
  endfacet
  facet normal 0 0 -1
    outer loop
      vertex 82.8502 22.0988 0
      vertex 91.409 29.409 0
      vertex 83.4541 21.4541 0
    endloop
  endfacet
  facet normal 0 0 -1
    outer loop
      vertex 91.75 32.8708 0
      vertex 86.25 42.6913 0
      vertex 87.0291 43.1078 0
    endloop
  endfacet
  facet normal -0 0 -1
    outer loop
      vertex 91.409 29.409 0
      vertex 82.8502 22.0988 0
      vertex 91.1292 29.75 0
    endloop
  endfacet
  facet normal 0 0 -1
    outer loop
      vertex 91.75 32.8708 0
      vertex 85.4998 42.2248 0
      vertex 86.25 42.6913 0
    endloop
  endfacet
  facet normal 0 0 -1
    outer loop
      vertex 82.2897 22.7817 0
      vertex 91.1292 29.75 0
      vertex 82.8502 22.0988 0
    endloop
  endfacet
  facet normal 0 0 -1
    outer loop
      vertex 91.75 32.8708 0
      vertex 84.7817 41.7103 0
      vertex 85.4998 42.2248 0
    endloop
  endfacet
  facet normal 0 0 -1
    outer loop
      vertex 81.7752 23.4998 0
      vertex 91.1292 29.75 0
      vertex 82.2897 22.7817 0
    endloop
  endfacet
  facet normal 0 0 -1
    outer loop
      vertex 91.409 32.591 0
      vertex 84.0988 41.1498 0
      vertex 84.7817 41.7103 0
    endloop
  endfacet
  facet normal 0 0 -1
    outer loop
      vertex 81.3087 24.25 0
      vertex 91.1292 29.75 0
      vertex 81.7752 23.4998 0
    endloop
  endfacet
  facet normal 0 0 -1
    outer loop
      vertex 91.409 32.591 0
      vertex 83.4541 40.5459 0
      vertex 84.0988 41.1498 0
    endloop
  endfacet
  facet normal -0 0 -1
    outer loop
      vertex 91.1292 29.75 0
      vertex 81.3087 24.25 0
      vertex 90.9213 30.139 0
    endloop
  endfacet
  facet normal 0 0 -1
    outer loop
      vertex 91.409 32.591 0
      vertex 82.8502 39.9012 0
      vertex 83.4541 40.5459 0
    endloop
  endfacet
  facet normal 0 0 -1
    outer loop
      vertex 80.8922 25.0291 0
      vertex 90.9213 30.139 0
      vertex 81.3087 24.25 0
    endloop
  endfacet
  facet normal 0 0 -1
    outer loop
      vertex 91.1292 32.25 0
      vertex 82.2897 39.2183 0
      vertex 82.8502 39.9012 0
    endloop
  endfacet
  facet normal 0 0 -1
    outer loop
      vertex 80.5276 25.8338 0
      vertex 90.9213 30.139 0
      vertex 80.8922 25.0291 0
    endloop
  endfacet
  facet normal 0 0 -1
    outer loop
      vertex 91.1292 32.25 0
      vertex 81.7752 38.5002 0
      vertex 82.2897 39.2183 0
    endloop
  endfacet
  facet normal 0 0 -1
    outer loop
      vertex 80.2164 26.6606 0
      vertex 90.9213 30.139 0
      vertex 80.5276 25.8338 0
    endloop
  endfacet
  facet normal 0 0 -1
    outer loop
      vertex 91.1292 32.25 0
      vertex 81.3087 37.75 0
      vertex 81.7752 38.5002 0
    endloop
  endfacet
  facet normal -0 0 -1
    outer loop
      vertex 90.9213 30.139 0
      vertex 80.2164 26.6606 0
      vertex 90.7932 30.561 0
    endloop
  endfacet
  facet normal 0 0 -1
    outer loop
      vertex 90.9213 31.861 0
      vertex 80.8922 36.9709 0
      vertex 81.3087 37.75 0
    endloop
  endfacet
  facet normal 0 0 -1
    outer loop
      vertex 79.96 27.5059 0
      vertex 90.7932 30.561 0
      vertex 80.2164 26.6606 0
    endloop
  endfacet
  facet normal 0 0 -1
    outer loop
      vertex 90.9213 31.861 0
      vertex 80.5276 36.1662 0
      vertex 80.8922 36.9709 0
    endloop
  endfacet
  facet normal 0 0 -1
    outer loop
      vertex 79.7594 28.3663 0
      vertex 90.7932 30.561 0
      vertex 79.96 27.5059 0
    endloop
  endfacet
  facet normal 0 0 -1
    outer loop
      vertex 90.9213 31.861 0
      vertex 80.2164 35.3394 0
      vertex 80.5276 36.1662 0
    endloop
  endfacet
  facet normal 0 0 -1
    outer loop
      vertex 79.6155 29.2379 0
      vertex 90.7932 30.561 0
      vertex 79.7594 28.3663 0
    endloop
  endfacet
  facet normal 0 0 -1
    outer loop
      vertex 90.7932 31.439 0
      vertex 79.96 34.4941 0
      vertex 80.2164 35.3394 0
    endloop
  endfacet
  facet normal -0 0 -1
    outer loop
      vertex 90.7932 30.561 0
      vertex 79.6155 29.2379 0
      vertex 90.75 31 0
    endloop
  endfacet
  facet normal 0 0 -1
    outer loop
      vertex 90.7932 31.439 0
      vertex 79.7594 33.6337 0
      vertex 79.96 34.4941 0
    endloop
  endfacet
  facet normal 0 0 -1
    outer loop
      vertex 79.5289 30.1171 0
      vertex 90.75 31 0
      vertex 79.6155 29.2379 0
    endloop
  endfacet
  facet normal 0 0 -1
    outer loop
      vertex 90.7932 31.439 0
      vertex 79.6155 32.7621 0
      vertex 79.7594 33.6337 0
    endloop
  endfacet
  facet normal 0 0 -1
    outer loop
      vertex 79.5 31 0
      vertex 90.75 31 0
      vertex 79.5289 30.1171 0
    endloop
  endfacet
  facet normal 0 0 -1
    outer loop
      vertex 90.75 31 0
      vertex 79.5289 31.8829 0
      vertex 79.6155 32.7621 0
    endloop
  endfacet
  facet normal 0 0 -1
    outer loop
      vertex 90.75 31 0
      vertex 79.5 31 0
      vertex 79.5289 31.8829 0
    endloop
  endfacet
  facet normal -0.995184 0.0980243 0
    outer loop
      vertex 79.5289 31.8829 0
      vertex 79.6155 32.7621 3
      vertex 79.6155 32.7621 0
    endloop
  endfacet
  facet normal -0.995184 0.0980243 0
    outer loop
      vertex 79.6155 32.7621 3
      vertex 79.5289 31.8829 0
      vertex 79.5289 31.8829 3
    endloop
  endfacet
  facet normal -0.881892 -0.471452 0
    outer loop
      vertex 81.3087 24.25 0
      vertex 80.8922 25.0291 3
      vertex 80.8922 25.0291 0
    endloop
  endfacet
  facet normal -0.881892 -0.471452 0
    outer loop
      vertex 80.8922 25.0291 3
      vertex 81.3087 24.25 0
      vertex 81.3087 24.25 3
    endloop
  endfacet
  facet normal -0.999465 0.0327155 0
    outer loop
      vertex 79.5 31 0
      vertex 79.5289 31.8829 3
      vertex 79.5289 31.8829 0
    endloop
  endfacet
  facet normal -0.999465 0.0327155 0
    outer loop
      vertex 79.5289 31.8829 3
      vertex 79.5 31 0
      vertex 79.5 31 3
    endloop
  endfacet
  facet normal -0.528064 -0.849204 0
    outer loop
      vertex 85.4998 19.7752 0
      vertex 86.25 19.3087 3
      vertex 85.4998 19.7752 3
    endloop
  endfacet
  facet normal -0.528064 -0.849204 -0
    outer loop
      vertex 86.25 19.3087 3
      vertex 85.4998 19.7752 0
      vertex 86.25 19.3087 0
    endloop
  endfacet
  facet normal -0.849204 0.528064 0
    outer loop
      vertex 81.3087 37.75 0
      vertex 81.7752 38.5002 3
      vertex 81.7752 38.5002 0
    endloop
  endfacet
  facet normal -0.849204 0.528064 0
    outer loop
      vertex 81.7752 38.5002 3
      vertex 81.3087 37.75 0
      vertex 81.3087 37.75 3
    endloop
  endfacet
  facet normal -0.412702 -0.910866 0
    outer loop
      vertex 87.0291 18.8922 0
      vertex 87.8338 18.5276 3
      vertex 87.0291 18.8922 3
    endloop
  endfacet
  facet normal -0.412702 -0.910866 -0
    outer loop
      vertex 87.8338 18.5276 3
      vertex 87.0291 18.8922 0
      vertex 87.8338 18.5276 0
    endloop
  endfacet
  facet normal -0.881945 -0.471353 0
    outer loop
      vertex 95.0787 31.861 0
      vertex 94.8708 32.25 3
      vertex 94.8708 32.25 0
    endloop
  endfacet
  facet normal -0.881945 -0.471353 0
    outer loop
      vertex 94.8708 32.25 3
      vertex 95.0787 31.861 0
      vertex 95.0787 31.861 3
    endloop
  endfacet
  facet normal -0.471353 -0.881945 0
    outer loop
      vertex 93.861 33.0787 0
      vertex 94.25 32.8708 3
      vertex 93.861 33.0787 3
    endloop
  endfacet
  facet normal -0.471353 -0.881945 -0
    outer loop
      vertex 94.25 32.8708 3
      vertex 93.861 33.0787 0
      vertex 94.25 32.8708 0
    endloop
  endfacet
  facet normal -0.290404 0.956904 0
    outer loop
      vertex 93.861 28.9213 0
      vertex 93.4389 28.7932 3
      vertex 93.861 28.9213 3
    endloop
  endfacet
  facet normal -0.290404 0.956904 0
    outer loop
      vertex 93.4389 28.7932 3
      vertex 93.861 28.9213 0
      vertex 93.4389 28.7932 0
    endloop
  endfacet
  facet normal -0.995193 -0.0979324 0
    outer loop
      vertex 95.25 31 0
      vertex 95.2068 31.439 3
      vertex 95.2068 31.439 0
    endloop
  endfacet
  facet normal -0.995193 -0.0979324 0
    outer loop
      vertex 95.2068 31.439 3
      vertex 95.25 31 0
      vertex 95.25 31 3
    endloop
  endfacet
  facet normal 0.290404 -0.956904 0
    outer loop
      vertex 92.139 33.0787 0
      vertex 92.5611 33.2068 3
      vertex 92.139 33.0787 3
    endloop
  endfacet
  facet normal 0.290404 -0.956904 0
    outer loop
      vertex 92.5611 33.2068 3
      vertex 92.139 33.0787 0
      vertex 92.5611 33.2068 0
    endloop
  endfacet
  facet normal -0.0979545 0.995191 0
    outer loop
      vertex 93.4389 28.7932 0
      vertex 93 28.75 3
      vertex 93.4389 28.7932 3
    endloop
  endfacet
  facet normal -0.0979545 0.995191 0
    outer loop
      vertex 93 28.75 3
      vertex 93.4389 28.7932 0
      vertex 93 28.75 0
    endloop
  endfacet
  facet normal 0.995193 -0.0979324 0
    outer loop
      vertex 90.75 31 3
      vertex 90.7932 31.439 0
      vertex 90.7932 31.439 3
    endloop
  endfacet
  facet normal 0.995193 -0.0979324 0
    outer loop
      vertex 90.7932 31.439 0
      vertex 90.75 31 3
      vertex 90.75 31 0
    endloop
  endfacet
  facet normal 0.995193 0.0979324 0
    outer loop
      vertex 90.7932 30.561 3
      vertex 90.75 31 0
      vertex 90.75 31 3
    endloop
  endfacet
  facet normal 0.995193 0.0979324 0
    outer loop
      vertex 90.75 31 0
      vertex 90.7932 30.561 3
      vertex 90.7932 30.561 0
    endloop
  endfacet
  facet normal -0.956885 -0.290467 0
    outer loop
      vertex 95.2068 31.439 0
      vertex 95.0787 31.861 3
      vertex 95.0787 31.861 0
    endloop
  endfacet
  facet normal -0.956885 -0.290467 0
    outer loop
      vertex 95.0787 31.861 3
      vertex 95.2068 31.439 0
      vertex 95.2068 31.439 3
    endloop
  endfacet
  facet normal 0.634324 0.773068 -0
    outer loop
      vertex 91.75 29.1292 0
      vertex 91.409 29.409 3
      vertex 91.75 29.1292 3
    endloop
  endfacet
  facet normal 0.634324 0.773068 0
    outer loop
      vertex 91.409 29.409 3
      vertex 91.75 29.1292 0
      vertex 91.409 29.409 0
    endloop
  endfacet
  facet normal 0.0979545 0.995191 -0
    outer loop
      vertex 93 28.75 0
      vertex 92.5611 28.7932 3
      vertex 93 28.75 3
    endloop
  endfacet
  facet normal 0.0979545 0.995191 0
    outer loop
      vertex 92.5611 28.7932 3
      vertex 93 28.75 0
      vertex 92.5611 28.7932 0
    endloop
  endfacet
  facet normal -0.0979545 -0.995191 0
    outer loop
      vertex 93 33.25 0
      vertex 93.4389 33.2068 3
      vertex 93 33.25 3
    endloop
  endfacet
  facet normal -0.0979545 -0.995191 -0
    outer loop
      vertex 93.4389 33.2068 3
      vertex 93 33.25 0
      vertex 93.4389 33.2068 0
    endloop
  endfacet
  facet normal 0.881945 0.471353 0
    outer loop
      vertex 91.1292 29.75 3
      vertex 90.9213 30.139 0
      vertex 90.9213 30.139 3
    endloop
  endfacet
  facet normal 0.881945 0.471353 0
    outer loop
      vertex 90.9213 30.139 0
      vertex 91.1292 29.75 3
      vertex 91.1292 29.75 0
    endloop
  endfacet
  facet normal 0.634324 -0.773068 0
    outer loop
      vertex 91.409 32.591 0
      vertex 91.75 32.8708 3
      vertex 91.409 32.591 3
    endloop
  endfacet
  facet normal 0.634324 -0.773068 0
    outer loop
      vertex 91.75 32.8708 3
      vertex 91.409 32.591 0
      vertex 91.75 32.8708 0
    endloop
  endfacet
  facet normal 0.471353 -0.881945 0
    outer loop
      vertex 91.75 32.8708 0
      vertex 92.139 33.0787 3
      vertex 91.75 32.8708 3
    endloop
  endfacet
  facet normal 0.471353 -0.881945 0
    outer loop
      vertex 92.139 33.0787 3
      vertex 91.75 32.8708 0
      vertex 92.139 33.0787 0
    endloop
  endfacet
  facet normal 0.471353 0.881945 -0
    outer loop
      vertex 92.139 28.9213 0
      vertex 91.75 29.1292 3
      vertex 92.139 28.9213 3
    endloop
  endfacet
  facet normal 0.471353 0.881945 0
    outer loop
      vertex 91.75 29.1292 3
      vertex 92.139 28.9213 0
      vertex 91.75 29.1292 0
    endloop
  endfacet
  facet normal 0.290404 0.956904 -0
    outer loop
      vertex 92.5611 28.7932 0
      vertex 92.139 28.9213 3
      vertex 92.5611 28.7932 3
    endloop
  endfacet
  facet normal 0.290404 0.956904 0
    outer loop
      vertex 92.139 28.9213 3
      vertex 92.5611 28.7932 0
      vertex 92.139 28.9213 0
    endloop
  endfacet
  facet normal -0.773068 -0.634324 0
    outer loop
      vertex 94.8708 32.25 0
      vertex 94.591 32.591 3
      vertex 94.591 32.591 0
    endloop
  endfacet
  facet normal -0.773068 -0.634324 0
    outer loop
      vertex 94.591 32.591 3
      vertex 94.8708 32.25 0
      vertex 94.8708 32.25 3
    endloop
  endfacet
  facet normal -0.881945 0.471353 0
    outer loop
      vertex 94.8708 29.75 0
      vertex 95.0787 30.139 3
      vertex 95.0787 30.139 0
    endloop
  endfacet
  facet normal -0.881945 0.471353 0
    outer loop
      vertex 95.0787 30.139 3
      vertex 94.8708 29.75 0
      vertex 94.8708 29.75 3
    endloop
  endfacet
  facet normal 0.773068 0.634324 0
    outer loop
      vertex 91.409 29.409 3
      vertex 91.1292 29.75 0
      vertex 91.1292 29.75 3
    endloop
  endfacet
  facet normal 0.773068 0.634324 0
    outer loop
      vertex 91.1292 29.75 0
      vertex 91.409 29.409 3
      vertex 91.409 29.409 0
    endloop
  endfacet
  facet normal -0.471353 0.881945 0
    outer loop
      vertex 94.25 29.1292 0
      vertex 93.861 28.9213 3
      vertex 94.25 29.1292 3
    endloop
  endfacet
  facet normal -0.471353 0.881945 0
    outer loop
      vertex 93.861 28.9213 3
      vertex 94.25 29.1292 0
      vertex 93.861 28.9213 0
    endloop
  endfacet
  facet normal -0.634324 -0.773068 0
    outer loop
      vertex 94.25 32.8708 0
      vertex 94.591 32.591 3
      vertex 94.25 32.8708 3
    endloop
  endfacet
  facet normal -0.634324 -0.773068 -0
    outer loop
      vertex 94.591 32.591 3
      vertex 94.25 32.8708 0
      vertex 94.591 32.591 0
    endloop
  endfacet
  facet normal -0.773068 0.634324 0
    outer loop
      vertex 94.591 29.409 0
      vertex 94.8708 29.75 3
      vertex 94.8708 29.75 0
    endloop
  endfacet
  facet normal -0.773068 0.634324 0
    outer loop
      vertex 94.8708 29.75 3
      vertex 94.591 29.409 0
      vertex 94.591 29.409 3
    endloop
  endfacet
  facet normal -0.995193 0.0979324 0
    outer loop
      vertex 95.2068 30.561 0
      vertex 95.25 31 3
      vertex 95.25 31 0
    endloop
  endfacet
  facet normal -0.995193 0.0979324 0
    outer loop
      vertex 95.25 31 3
      vertex 95.2068 30.561 0
      vertex 95.2068 30.561 3
    endloop
  endfacet
  facet normal 0.956885 0.290467 0
    outer loop
      vertex 90.9213 30.139 3
      vertex 90.7932 30.561 0
      vertex 90.7932 30.561 3
    endloop
  endfacet
  facet normal 0.956885 0.290467 0
    outer loop
      vertex 90.7932 30.561 0
      vertex 90.9213 30.139 3
      vertex 90.9213 30.139 0
    endloop
  endfacet
  facet normal 0.0979545 -0.995191 0
    outer loop
      vertex 92.5611 33.2068 0
      vertex 93 33.25 3
      vertex 92.5611 33.2068 3
    endloop
  endfacet
  facet normal 0.0979545 -0.995191 0
    outer loop
      vertex 93 33.25 3
      vertex 92.5611 33.2068 0
      vertex 93 33.25 0
    endloop
  endfacet
  facet normal 0.773068 -0.634324 0
    outer loop
      vertex 91.1292 32.25 3
      vertex 91.409 32.591 0
      vertex 91.409 32.591 3
    endloop
  endfacet
  facet normal 0.773068 -0.634324 0
    outer loop
      vertex 91.409 32.591 0
      vertex 91.1292 32.25 3
      vertex 91.1292 32.25 0
    endloop
  endfacet
  facet normal 0.881945 -0.471353 0
    outer loop
      vertex 90.9213 31.861 3
      vertex 91.1292 32.25 0
      vertex 91.1292 32.25 3
    endloop
  endfacet
  facet normal 0.881945 -0.471353 0
    outer loop
      vertex 91.1292 32.25 0
      vertex 90.9213 31.861 3
      vertex 90.9213 31.861 0
    endloop
  endfacet
  facet normal -0.956885 0.290467 0
    outer loop
      vertex 95.0787 30.139 0
      vertex 95.2068 30.561 3
      vertex 95.2068 30.561 0
    endloop
  endfacet
  facet normal -0.956885 0.290467 0
    outer loop
      vertex 95.2068 30.561 3
      vertex 95.0787 30.139 0
      vertex 95.0787 30.139 3
    endloop
  endfacet
  facet normal -0.634324 0.773068 0
    outer loop
      vertex 94.591 29.409 0
      vertex 94.25 29.1292 3
      vertex 94.591 29.409 3
    endloop
  endfacet
  facet normal -0.634324 0.773068 0
    outer loop
      vertex 94.25 29.1292 3
      vertex 94.591 29.409 0
      vertex 94.25 29.1292 0
    endloop
  endfacet
  facet normal -0.290404 -0.956904 0
    outer loop
      vertex 93.4389 33.2068 0
      vertex 93.861 33.0787 3
      vertex 93.4389 33.2068 3
    endloop
  endfacet
  facet normal -0.290404 -0.956904 -0
    outer loop
      vertex 93.861 33.0787 3
      vertex 93.4389 33.2068 0
      vertex 93.861 33.0787 0
    endloop
  endfacet
  facet normal 0.956885 -0.290467 0
    outer loop
      vertex 90.7932 31.439 3
      vertex 90.9213 31.861 0
      vertex 90.9213 31.861 3
    endloop
  endfacet
  facet normal 0.956885 -0.290467 0
    outer loop
      vertex 90.9213 31.861 0
      vertex 90.7932 31.439 3
      vertex 90.7932 31.439 0
    endloop
  endfacet
  facet normal 0.99525 0.0973516 0
    outer loop
      vertex 137.471 31.8829 3
      vertex 137.385 32.7621 0
      vertex 137.385 32.7621 3
    endloop
  endfacet
  facet normal 0.99525 0.0973516 0
    outer loop
      vertex 137.385 32.7621 0
      vertex 137.471 31.8829 3
      vertex 137.471 31.8829 0
    endloop
  endfacet
  facet normal 0.999461 0.0328286 0
    outer loop
      vertex 137.5 31 3
      vertex 137.471 31.8829 0
      vertex 137.471 31.8829 3
    endloop
  endfacet
  facet normal 0.999461 0.0328286 0
    outer loop
      vertex 137.471 31.8829 0
      vertex 137.5 31 3
      vertex 137.5 31 0
    endloop
  endfacet
  facet normal 0.35219 -0.935929 0
    outer loop
      vertex 128.339 18.2164 0
      vertex 129.166 18.5276 3
      vertex 128.339 18.2164 3
    endloop
  endfacet
  facet normal 0.35219 -0.935929 0
    outer loop
      vertex 129.166 18.5276 3
      vertex 128.339 18.2164 0
      vertex 129.166 18.5276 0
    endloop
  endfacet
  facet normal 0.0980464 0.995182 -0
    outer loop
      vertex 125.762 44.3845 0
      vertex 124.883 44.4711 3
      vertex 125.762 44.3845 3
    endloop
  endfacet
  facet normal 0.0980464 0.995182 0
    outer loop
      vertex 124.883 44.4711 3
      vertex 125.762 44.3845 0
      vertex 124.883 44.4711 0
    endloop
  endfacet
  facet normal -0.935602 -0.353057 0
    outer loop
      vertex 111.528 25.8338 0
      vertex 111.216 26.6606 3
      vertex 111.216 26.6606 0
    endloop
  endfacet
  facet normal -0.935602 -0.353057 0
    outer loop
      vertex 111.216 26.6606 3
      vertex 111.528 25.8338 0
      vertex 111.528 25.8338 3
    endloop
  endfacet
  facet normal -0.162821 -0.986656 0
    outer loop
      vertex 121.366 17.7594 0
      vertex 122.238 17.6155 3
      vertex 121.366 17.7594 3
    endloop
  endfacet
  facet normal -0.162821 -0.986656 -0
    outer loop
      vertex 122.238 17.6155 3
      vertex 121.366 17.7594 0
      vertex 122.238 17.6155 0
    endloop
  endfacet
  facet normal 0.528166 -0.849141 0
    outer loop
      vertex 130.75 19.3087 0
      vertex 131.5 19.7752 3
      vertex 130.75 19.3087 3
    endloop
  endfacet
  facet normal 0.528166 -0.849141 0
    outer loop
      vertex 131.5 19.7752 3
      vertex 130.75 19.3087 0
      vertex 131.5 19.7752 0
    endloop
  endfacet
  facet normal 0.227158 -0.973858 0
    outer loop
      vertex 126.634 17.7594 0
      vertex 127.494 17.96 3
      vertex 126.634 17.7594 3
    endloop
  endfacet
  facet normal 0.227158 -0.973858 0
    outer loop
      vertex 127.494 17.96 3
      vertex 126.634 17.7594 0
      vertex 127.494 17.96 0
    endloop
  endfacet
  facet normal -0.849458 -0.527656 0
    outer loop
      vertex 112.775 23.4998 0
      vertex 112.309 24.25 3
      vertex 112.309 24.25 0
    endloop
  endfacet
  facet normal -0.849458 -0.527656 0
    outer loop
      vertex 112.309 24.25 3
      vertex 112.775 23.4998 0
      vertex 112.775 23.4998 3
    endloop
  endfacet
  facet normal -0.729767 0.683696 0
    outer loop
      vertex 113.85 39.9012 0
      vertex 114.454 40.5459 3
      vertex 114.454 40.5459 0
    endloop
  endfacet
  facet normal -0.729767 0.683696 0
    outer loop
      vertex 114.454 40.5459 3
      vertex 113.85 39.9012 0
      vertex 113.85 39.9012 3
    endloop
  endfacet
  facet normal 0.162821 -0.986656 0
    outer loop
      vertex 125.762 17.6155 0
      vertex 126.634 17.7594 3
      vertex 125.762 17.6155 3
    endloop
  endfacet
  facet normal 0.162821 -0.986656 0
    outer loop
      vertex 126.634 17.7594 3
      vertex 125.762 17.6155 0
      vertex 126.634 17.7594 0
    endloop
  endfacet
  facet normal -0.881657 0.471892 0
    outer loop
      vertex 111.892 36.9709 0
      vertex 112.309 37.75 3
      vertex 112.309 37.75 0
    endloop
  endfacet
  facet normal -0.881657 0.471892 0
    outer loop
      vertex 112.309 37.75 3
      vertex 111.892 36.9709 0
      vertex 111.892 36.9709 3
    endloop
  endfacet
  facet normal 0.973781 0.227487 0
    outer loop
      vertex 137.241 33.6337 3
      vertex 137.04 34.4941 0
      vertex 137.04 34.4941 3
    endloop
  endfacet
  facet normal 0.973781 0.227487 0
    outer loop
      vertex 137.04 34.4941 0
      vertex 137.241 33.6337 3
      vertex 137.241 33.6337 0
    endloop
  endfacet
  facet normal 0.162821 0.986656 -0
    outer loop
      vertex 126.634 44.2406 0
      vertex 125.762 44.3845 3
      vertex 126.634 44.2406 3
    endloop
  endfacet
  facet normal 0.162821 0.986656 0
    outer loop
      vertex 125.762 44.3845 3
      vertex 126.634 44.2406 0
      vertex 125.762 44.3845 0
    endloop
  endfacet
  facet normal 0.986625 -0.163004 0
    outer loop
      vertex 137.241 28.3663 3
      vertex 137.385 29.2379 0
      vertex 137.385 29.2379 3
    endloop
  endfacet
  facet normal 0.986625 -0.163004 0
    outer loop
      vertex 137.385 29.2379 0
      vertex 137.241 28.3663 3
      vertex 137.241 28.3663 0
    endloop
  endfacet
  facet normal 0.582469 0.812853 -0
    outer loop
      vertex 132.218 41.7103 0
      vertex 131.5 42.2248 3
      vertex 132.218 41.7103 3
    endloop
  endfacet
  facet normal 0.582469 0.812853 0
    outer loop
      vertex 131.5 42.2248 3
      vertex 132.218 41.7103 0
      vertex 131.5 42.2248 0
    endloop
  endfacet
  facet normal -0.973781 0.227487 0
    outer loop
      vertex 110.759 33.6337 0
      vertex 110.96 34.4941 3
      vertex 110.96 34.4941 0
    endloop
  endfacet
  facet normal -0.973781 0.227487 0
    outer loop
      vertex 110.96 34.4941 3
      vertex 110.759 33.6337 0
      vertex 110.759 33.6337 3
    endloop
  endfacet
  facet normal 0.471499 -0.881867 0
    outer loop
      vertex 129.971 18.8922 0
      vertex 130.75 19.3087 3
      vertex 129.971 18.8922 3
    endloop
  endfacet
  facet normal 0.471499 -0.881867 0
    outer loop
      vertex 130.75 19.3087 3
      vertex 129.971 18.8922 0
      vertex 130.75 19.3087 0
    endloop
  endfacet
  facet normal -0.412575 0.910924 0
    outer loop
      vertex 118.834 43.4724 0
      vertex 118.029 43.1078 3
      vertex 118.834 43.4724 3
    endloop
  endfacet
  facet normal -0.412575 0.910924 0
    outer loop
      vertex 118.029 43.1078 3
      vertex 118.834 43.4724 0
      vertex 118.029 43.1078 0
    endloop
  endfacet
  facet normal -0.0980464 0.995182 0
    outer loop
      vertex 123.117 44.4711 0
      vertex 122.238 44.3845 3
      vertex 123.117 44.4711 3
    endloop
  endfacet
  facet normal -0.0980464 0.995182 0
    outer loop
      vertex 122.238 44.3845 3
      vertex 123.117 44.4711 0
      vertex 122.238 44.3845 0
    endloop
  endfacet
  facet normal -0.471499 -0.881867 0
    outer loop
      vertex 117.25 19.3087 0
      vertex 118.029 18.8922 3
      vertex 117.25 19.3087 3
    endloop
  endfacet
  facet normal -0.471499 -0.881867 -0
    outer loop
      vertex 118.029 18.8922 3
      vertex 117.25 19.3087 0
      vertex 118.029 18.8922 0
    endloop
  endfacet
  facet normal 0.412575 0.910924 -0
    outer loop
      vertex 129.971 43.1078 0
      vertex 129.166 43.4724 3
      vertex 129.971 43.1078 3
    endloop
  endfacet
  facet normal 0.412575 0.910924 0
    outer loop
      vertex 129.166 43.4724 3
      vertex 129.971 43.1078 0
      vertex 129.166 43.4724 0
    endloop
  endfacet
  facet normal 0.528166 0.849141 -0
    outer loop
      vertex 131.5 42.2248 0
      vertex 130.75 42.6913 3
      vertex 131.5 42.2248 3
    endloop
  endfacet
  facet normal 0.528166 0.849141 0
    outer loop
      vertex 130.75 42.6913 3
      vertex 131.5 42.2248 0
      vertex 130.75 42.6913 0
    endloop
  endfacet
  facet normal 0.0327118 -0.999465 0
    outer loop
      vertex 124 17.5 0
      vertex 124.883 17.5289 3
      vertex 124 17.5 3
    endloop
  endfacet
  facet normal 0.0327118 -0.999465 0
    outer loop
      vertex 124.883 17.5289 3
      vertex 124 17.5 0
      vertex 124.883 17.5289 0
    endloop
  endfacet
  facet normal 0.957072 -0.28985 0
    outer loop
      vertex 136.784 26.6606 3
      vertex 137.04 27.5059 0
      vertex 137.04 27.5059 3
    endloop
  endfacet
  facet normal 0.957072 -0.28985 0
    outer loop
      vertex 137.04 27.5059 0
      vertex 136.784 26.6606 3
      vertex 136.784 26.6606 0
    endloop
  endfacet
  facet normal 0.471499 0.881867 -0
    outer loop
      vertex 130.75 42.6913 0
      vertex 129.971 43.1078 3
      vertex 130.75 42.6913 3
    endloop
  endfacet
  facet normal 0.471499 0.881867 0
    outer loop
      vertex 129.971 43.1078 3
      vertex 130.75 42.6913 0
      vertex 129.971 43.1078 0
    endloop
  endfacet
  facet normal -0.957072 -0.28985 0
    outer loop
      vertex 111.216 26.6606 0
      vertex 110.96 27.5059 3
      vertex 110.96 27.5059 0
    endloop
  endfacet
  facet normal -0.957072 -0.28985 0
    outer loop
      vertex 110.96 27.5059 3
      vertex 111.216 26.6606 0
      vertex 111.216 26.6606 3
    endloop
  endfacet
  facet normal 0.0980464 -0.995182 0
    outer loop
      vertex 124.883 17.5289 0
      vertex 125.762 17.6155 3
      vertex 124.883 17.5289 3
    endloop
  endfacet
  facet normal 0.0980464 -0.995182 0
    outer loop
      vertex 125.762 17.6155 3
      vertex 124.883 17.5289 0
      vertex 125.762 17.6155 0
    endloop
  endfacet
  facet normal 0.935602 0.353057 0
    outer loop
      vertex 136.784 35.3394 3
      vertex 136.472 36.1662 0
      vertex 136.472 36.1662 3
    endloop
  endfacet
  facet normal 0.935602 0.353057 0
    outer loop
      vertex 136.472 36.1662 0
      vertex 136.784 35.3394 3
      vertex 136.784 35.3394 0
    endloop
  endfacet
  facet normal -0.683467 0.729982 0
    outer loop
      vertex 115.099 41.1498 0
      vertex 114.454 40.5459 3
      vertex 115.099 41.1498 3
    endloop
  endfacet
  facet normal -0.683467 0.729982 0
    outer loop
      vertex 114.454 40.5459 3
      vertex 115.099 41.1498 0
      vertex 114.454 40.5459 0
    endloop
  endfacet
  facet normal -0.290359 0.956918 0
    outer loop
      vertex 120.506 44.04 0
      vertex 119.661 43.7836 3
      vertex 120.506 44.04 3
    endloop
  endfacet
  facet normal -0.290359 0.956918 0
    outer loop
      vertex 119.661 43.7836 3
      vertex 120.506 44.04 0
      vertex 119.661 43.7836 0
    endloop
  endfacet
  facet normal -0.227158 -0.973858 0
    outer loop
      vertex 120.506 17.96 0
      vertex 121.366 17.7594 3
      vertex 120.506 17.96 3
    endloop
  endfacet
  facet normal -0.227158 -0.973858 -0
    outer loop
      vertex 121.366 17.7594 3
      vertex 120.506 17.96 0
      vertex 121.366 17.7594 0
    endloop
  endfacet
  facet normal -0.162821 0.986656 0
    outer loop
      vertex 122.238 44.3845 0
      vertex 121.366 44.2406 3
      vertex 122.238 44.3845 3
    endloop
  endfacet
  facet normal -0.162821 0.986656 0
    outer loop
      vertex 121.366 44.2406 3
      vertex 122.238 44.3845 0
      vertex 121.366 44.2406 0
    endloop
  endfacet
  facet normal 0.773256 0.634094 0
    outer loop
      vertex 134.71 39.2183 3
      vertex 134.15 39.9012 0
      vertex 134.15 39.9012 3
    endloop
  endfacet
  facet normal 0.773256 0.634094 0
    outer loop
      vertex 134.15 39.9012 0
      vertex 134.71 39.2183 3
      vertex 134.71 39.2183 0
    endloop
  endfacet
  facet normal -0.986625 0.163004 0
    outer loop
      vertex 110.615 32.7621 0
      vertex 110.759 33.6337 3
      vertex 110.759 33.6337 0
    endloop
  endfacet
  facet normal -0.986625 0.163004 0
    outer loop
      vertex 110.759 33.6337 3
      vertex 110.615 32.7621 0
      vertex 110.615 32.7621 3
    endloop
  endfacet
  facet normal 0.729767 -0.683696 0
    outer loop
      vertex 133.546 21.4541 3
      vertex 134.15 22.0988 0
      vertex 134.15 22.0988 3
    endloop
  endfacet
  facet normal 0.729767 -0.683696 0
    outer loop
      vertex 134.15 22.0988 0
      vertex 133.546 21.4541 3
      vertex 133.546 21.4541 0
    endloop
  endfacet
  facet normal 0.227158 0.973858 -0
    outer loop
      vertex 127.494 44.04 0
      vertex 126.634 44.2406 3
      vertex 127.494 44.04 3
    endloop
  endfacet
  facet normal 0.227158 0.973858 0
    outer loop
      vertex 126.634 44.2406 3
      vertex 127.494 44.04 0
      vertex 126.634 44.2406 0
    endloop
  endfacet
  facet normal -0.0327118 -0.999465 0
    outer loop
      vertex 123.117 17.5289 0
      vertex 124 17.5 3
      vertex 123.117 17.5289 3
    endloop
  endfacet
  facet normal -0.0327118 -0.999465 -0
    outer loop
      vertex 124 17.5 3
      vertex 123.117 17.5289 0
      vertex 124 17.5 0
    endloop
  endfacet
  facet normal 0.881657 -0.471892 0
    outer loop
      vertex 135.691 24.25 3
      vertex 136.108 25.0291 0
      vertex 136.108 25.0291 3
    endloop
  endfacet
  facet normal 0.881657 -0.471892 0
    outer loop
      vertex 136.108 25.0291 0
      vertex 135.691 24.25 3
      vertex 135.691 24.25 0
    endloop
  endfacet
  facet normal 0.957072 0.28985 0
    outer loop
      vertex 137.04 34.4941 3
      vertex 136.784 35.3394 0
      vertex 136.784 35.3394 3
    endloop
  endfacet
  facet normal 0.957072 0.28985 0
    outer loop
      vertex 136.784 35.3394 0
      vertex 137.04 34.4941 3
      vertex 137.04 34.4941 0
    endloop
  endfacet
  facet normal 0.729767 0.683696 0
    outer loop
      vertex 134.15 39.9012 3
      vertex 133.546 40.5459 0
      vertex 133.546 40.5459 3
    endloop
  endfacet
  facet normal 0.729767 0.683696 0
    outer loop
      vertex 133.546 40.5459 0
      vertex 134.15 39.9012 3
      vertex 134.15 39.9012 0
    endloop
  endfacet
  facet normal 0.683467 0.729982 -0
    outer loop
      vertex 133.546 40.5459 0
      vertex 132.901 41.1498 3
      vertex 133.546 40.5459 3
    endloop
  endfacet
  facet normal 0.683467 0.729982 0
    outer loop
      vertex 132.901 41.1498 3
      vertex 133.546 40.5459 0
      vertex 132.901 41.1498 0
    endloop
  endfacet
  facet normal -0.582469 0.812853 0
    outer loop
      vertex 116.5 42.2248 0
      vertex 115.782 41.7103 3
      vertex 116.5 42.2248 3
    endloop
  endfacet
  facet normal -0.582469 0.812853 0
    outer loop
      vertex 115.782 41.7103 3
      vertex 116.5 42.2248 0
      vertex 115.782 41.7103 0
    endloop
  endfacet
  facet normal -0.528166 0.849141 0
    outer loop
      vertex 117.25 42.6913 0
      vertex 116.5 42.2248 3
      vertex 117.25 42.6913 3
    endloop
  endfacet
  facet normal -0.528166 0.849141 0
    outer loop
      vertex 116.5 42.2248 3
      vertex 117.25 42.6913 0
      vertex 116.5 42.2248 0
    endloop
  endfacet
  facet normal -0.911121 0.412139 0
    outer loop
      vertex 111.528 36.1662 0
      vertex 111.892 36.9709 3
      vertex 111.892 36.9709 0
    endloop
  endfacet
  facet normal -0.911121 0.412139 0
    outer loop
      vertex 111.892 36.9709 3
      vertex 111.528 36.1662 0
      vertex 111.528 36.1662 3
    endloop
  endfacet
  facet normal 0.290359 -0.956918 0
    outer loop
      vertex 127.494 17.96 0
      vertex 128.339 18.2164 3
      vertex 127.494 17.96 3
    endloop
  endfacet
  facet normal 0.290359 -0.956918 0
    outer loop
      vertex 128.339 18.2164 3
      vertex 127.494 17.96 0
      vertex 128.339 18.2164 0
    endloop
  endfacet
  facet normal 0.849458 0.527656 0
    outer loop
      vertex 135.691 37.75 3
      vertex 135.225 38.5002 0
      vertex 135.225 38.5002 3
    endloop
  endfacet
  facet normal 0.849458 0.527656 0
    outer loop
      vertex 135.225 38.5002 0
      vertex 135.691 37.75 3
      vertex 135.691 37.75 0
    endloop
  endfacet
  facet normal 0.634377 -0.773024 0
    outer loop
      vertex 132.218 20.2897 0
      vertex 132.901 20.8502 3
      vertex 132.218 20.2897 3
    endloop
  endfacet
  facet normal 0.634377 -0.773024 0
    outer loop
      vertex 132.901 20.8502 3
      vertex 132.218 20.2897 0
      vertex 132.901 20.8502 0
    endloop
  endfacet
  facet normal 0.911121 -0.412139 0
    outer loop
      vertex 136.108 25.0291 3
      vertex 136.472 25.8338 0
      vertex 136.472 25.8338 3
    endloop
  endfacet
  facet normal 0.911121 -0.412139 0
    outer loop
      vertex 136.472 25.8338 0
      vertex 136.108 25.0291 3
      vertex 136.108 25.0291 0
    endloop
  endfacet
  facet normal -0.986625 -0.163004 0
    outer loop
      vertex 110.759 28.3663 0
      vertex 110.615 29.2379 3
      vertex 110.615 29.2379 0
    endloop
  endfacet
  facet normal -0.986625 -0.163004 0
    outer loop
      vertex 110.615 29.2379 3
      vertex 110.759 28.3663 0
      vertex 110.759 28.3663 3
    endloop
  endfacet
  facet normal 0.881657 0.471892 0
    outer loop
      vertex 136.108 36.9709 3
      vertex 135.691 37.75 0
      vertex 135.691 37.75 3
    endloop
  endfacet
  facet normal 0.881657 0.471892 0
    outer loop
      vertex 135.691 37.75 0
      vertex 136.108 36.9709 3
      vertex 136.108 36.9709 0
    endloop
  endfacet
  facet normal 0.935602 -0.353057 0
    outer loop
      vertex 136.472 25.8338 3
      vertex 136.784 26.6606 0
      vertex 136.784 26.6606 3
    endloop
  endfacet
  facet normal 0.935602 -0.353057 0
    outer loop
      vertex 136.784 26.6606 0
      vertex 136.472 25.8338 3
      vertex 136.472 25.8338 0
    endloop
  endfacet
  facet normal -0.999461 -0.0328286 0
    outer loop
      vertex 110.529 30.1171 0
      vertex 110.5 31 3
      vertex 110.5 31 0
    endloop
  endfacet
  facet normal -0.999461 -0.0328286 0
    outer loop
      vertex 110.5 31 3
      vertex 110.529 30.1171 0
      vertex 110.529 30.1171 3
    endloop
  endfacet
  facet normal 0.412575 -0.910924 0
    outer loop
      vertex 129.166 18.5276 0
      vertex 129.971 18.8922 3
      vertex 129.166 18.5276 3
    endloop
  endfacet
  facet normal 0.412575 -0.910924 0
    outer loop
      vertex 129.971 18.8922 3
      vertex 129.166 18.5276 0
      vertex 129.971 18.8922 0
    endloop
  endfacet
  facet normal 0.812623 -0.582789 0
    outer loop
      vertex 134.71 22.7817 3
      vertex 135.225 23.4998 0
      vertex 135.225 23.4998 3
    endloop
  endfacet
  facet normal 0.812623 -0.582789 0
    outer loop
      vertex 135.225 23.4998 0
      vertex 134.71 22.7817 3
      vertex 134.71 22.7817 0
    endloop
  endfacet
  facet normal -0.0980464 -0.995182 0
    outer loop
      vertex 122.238 17.6155 0
      vertex 123.117 17.5289 3
      vertex 122.238 17.6155 3
    endloop
  endfacet
  facet normal -0.0980464 -0.995182 -0
    outer loop
      vertex 123.117 17.5289 3
      vertex 122.238 17.6155 0
      vertex 123.117 17.5289 0
    endloop
  endfacet
  facet normal 0.773256 -0.634094 0
    outer loop
      vertex 134.15 22.0988 3
      vertex 134.71 22.7817 0
      vertex 134.71 22.7817 3
    endloop
  endfacet
  facet normal 0.773256 -0.634094 0
    outer loop
      vertex 134.71 22.7817 0
      vertex 134.15 22.0988 3
      vertex 134.15 22.0988 0
    endloop
  endfacet
  facet normal -0.35219 0.935929 0
    outer loop
      vertex 119.661 43.7836 0
      vertex 118.834 43.4724 3
      vertex 119.661 43.7836 3
    endloop
  endfacet
  facet normal -0.35219 0.935929 0
    outer loop
      vertex 118.834 43.4724 3
      vertex 119.661 43.7836 0
      vertex 118.834 43.4724 0
    endloop
  endfacet
  facet normal -0.227158 0.973858 0
    outer loop
      vertex 121.366 44.2406 0
      vertex 120.506 44.04 3
      vertex 121.366 44.2406 3
    endloop
  endfacet
  facet normal -0.227158 0.973858 0
    outer loop
      vertex 120.506 44.04 3
      vertex 121.366 44.2406 0
      vertex 120.506 44.04 0
    endloop
  endfacet
  facet normal 0.582469 -0.812853 0
    outer loop
      vertex 131.5 19.7752 0
      vertex 132.218 20.2897 3
      vertex 131.5 19.7752 3
    endloop
  endfacet
  facet normal 0.582469 -0.812853 0
    outer loop
      vertex 132.218 20.2897 3
      vertex 131.5 19.7752 0
      vertex 132.218 20.2897 0
    endloop
  endfacet
  facet normal -0.973781 -0.227487 0
    outer loop
      vertex 110.96 27.5059 0
      vertex 110.759 28.3663 3
      vertex 110.759 28.3663 0
    endloop
  endfacet
  facet normal -0.973781 -0.227487 0
    outer loop
      vertex 110.759 28.3663 3
      vertex 110.96 27.5059 0
      vertex 110.96 27.5059 3
    endloop
  endfacet
  facet normal -0.812623 -0.582789 0
    outer loop
      vertex 113.29 22.7817 0
      vertex 112.775 23.4998 3
      vertex 112.775 23.4998 0
    endloop
  endfacet
  facet normal -0.812623 -0.582789 0
    outer loop
      vertex 112.775 23.4998 3
      vertex 113.29 22.7817 0
      vertex 113.29 22.7817 3
    endloop
  endfacet
  facet normal -0.634377 -0.773024 0
    outer loop
      vertex 115.099 20.8502 0
      vertex 115.782 20.2897 3
      vertex 115.099 20.8502 3
    endloop
  endfacet
  facet normal -0.634377 -0.773024 -0
    outer loop
      vertex 115.782 20.2897 3
      vertex 115.099 20.8502 0
      vertex 115.782 20.2897 0
    endloop
  endfacet
  facet normal -0.0327118 0.999465 0
    outer loop
      vertex 124 44.5 0
      vertex 123.117 44.4711 3
      vertex 124 44.5 3
    endloop
  endfacet
  facet normal -0.0327118 0.999465 0
    outer loop
      vertex 123.117 44.4711 3
      vertex 124 44.5 0
      vertex 123.117 44.4711 0
    endloop
  endfacet
  facet normal 0.290359 0.956918 -0
    outer loop
      vertex 128.339 43.7836 0
      vertex 127.494 44.04 3
      vertex 128.339 43.7836 3
    endloop
  endfacet
  facet normal 0.290359 0.956918 0
    outer loop
      vertex 127.494 44.04 3
      vertex 128.339 43.7836 0
      vertex 127.494 44.04 0
    endloop
  endfacet
  facet normal 0.99525 -0.0973516 0
    outer loop
      vertex 137.385 29.2379 3
      vertex 137.471 30.1171 0
      vertex 137.471 30.1171 3
    endloop
  endfacet
  facet normal 0.99525 -0.0973516 0
    outer loop
      vertex 137.471 30.1171 0
      vertex 137.385 29.2379 3
      vertex 137.385 29.2379 0
    endloop
  endfacet
  facet normal 0.999461 -0.0328286 0
    outer loop
      vertex 137.471 30.1171 3
      vertex 137.5 31 0
      vertex 137.5 31 3
    endloop
  endfacet
  facet normal 0.999461 -0.0328286 0
    outer loop
      vertex 137.5 31 0
      vertex 137.471 30.1171 3
      vertex 137.471 30.1171 0
    endloop
  endfacet
  facet normal -0.957072 0.28985 0
    outer loop
      vertex 110.96 34.4941 0
      vertex 111.216 35.3394 3
      vertex 111.216 35.3394 0
    endloop
  endfacet
  facet normal -0.957072 0.28985 0
    outer loop
      vertex 111.216 35.3394 3
      vertex 110.96 34.4941 0
      vertex 110.96 34.4941 3
    endloop
  endfacet
  facet normal -0.773256 0.634094 0
    outer loop
      vertex 113.29 39.2183 0
      vertex 113.85 39.9012 3
      vertex 113.85 39.9012 0
    endloop
  endfacet
  facet normal -0.773256 0.634094 0
    outer loop
      vertex 113.85 39.9012 3
      vertex 113.29 39.2183 0
      vertex 113.29 39.2183 3
    endloop
  endfacet
  facet normal 0.973781 -0.227487 0
    outer loop
      vertex 137.04 27.5059 3
      vertex 137.241 28.3663 0
      vertex 137.241 28.3663 3
    endloop
  endfacet
  facet normal 0.973781 -0.227487 0
    outer loop
      vertex 137.241 28.3663 0
      vertex 137.04 27.5059 3
      vertex 137.04 27.5059 0
    endloop
  endfacet
  facet normal -0.911121 -0.412139 0
    outer loop
      vertex 111.892 25.0291 0
      vertex 111.528 25.8338 3
      vertex 111.528 25.8338 0
    endloop
  endfacet
  facet normal -0.911121 -0.412139 0
    outer loop
      vertex 111.528 25.8338 3
      vertex 111.892 25.0291 0
      vertex 111.892 25.0291 3
    endloop
  endfacet
  facet normal -0.634377 0.773024 0
    outer loop
      vertex 115.782 41.7103 0
      vertex 115.099 41.1498 3
      vertex 115.782 41.7103 3
    endloop
  endfacet
  facet normal -0.634377 0.773024 0
    outer loop
      vertex 115.099 41.1498 3
      vertex 115.782 41.7103 0
      vertex 115.099 41.1498 0
    endloop
  endfacet
  facet normal 0.683467 -0.729982 0
    outer loop
      vertex 132.901 20.8502 0
      vertex 133.546 21.4541 3
      vertex 132.901 20.8502 3
    endloop
  endfacet
  facet normal 0.683467 -0.729982 0
    outer loop
      vertex 133.546 21.4541 3
      vertex 132.901 20.8502 0
      vertex 133.546 21.4541 0
    endloop
  endfacet
  facet normal 0.35219 0.935929 -0
    outer loop
      vertex 129.166 43.4724 0
      vertex 128.339 43.7836 3
      vertex 129.166 43.4724 3
    endloop
  endfacet
  facet normal 0.35219 0.935929 0
    outer loop
      vertex 128.339 43.7836 3
      vertex 129.166 43.4724 0
      vertex 128.339 43.7836 0
    endloop
  endfacet
  facet normal 0.634377 0.773024 -0
    outer loop
      vertex 132.901 41.1498 0
      vertex 132.218 41.7103 3
      vertex 132.901 41.1498 3
    endloop
  endfacet
  facet normal 0.634377 0.773024 0
    outer loop
      vertex 132.218 41.7103 3
      vertex 132.901 41.1498 0
      vertex 132.218 41.7103 0
    endloop
  endfacet
  facet normal 0.812623 0.582789 0
    outer loop
      vertex 135.225 38.5002 3
      vertex 134.71 39.2183 0
      vertex 134.71 39.2183 3
    endloop
  endfacet
  facet normal 0.812623 0.582789 0
    outer loop
      vertex 134.71 39.2183 0
      vertex 135.225 38.5002 3
      vertex 135.225 38.5002 0
    endloop
  endfacet
  facet normal 0.986625 0.163004 0
    outer loop
      vertex 137.385 32.7621 3
      vertex 137.241 33.6337 0
      vertex 137.241 33.6337 3
    endloop
  endfacet
  facet normal 0.986625 0.163004 0
    outer loop
      vertex 137.241 33.6337 0
      vertex 137.385 32.7621 3
      vertex 137.385 32.7621 0
    endloop
  endfacet
  facet normal -0.729767 -0.683696 0
    outer loop
      vertex 114.454 21.4541 0
      vertex 113.85 22.0988 3
      vertex 113.85 22.0988 0
    endloop
  endfacet
  facet normal -0.729767 -0.683696 0
    outer loop
      vertex 113.85 22.0988 3
      vertex 114.454 21.4541 0
      vertex 114.454 21.4541 3
    endloop
  endfacet
  facet normal 0.0327118 0.999465 -0
    outer loop
      vertex 124.883 44.4711 0
      vertex 124 44.5 3
      vertex 124.883 44.4711 3
    endloop
  endfacet
  facet normal 0.0327118 0.999465 0
    outer loop
      vertex 124 44.5 3
      vertex 124.883 44.4711 0
      vertex 124 44.5 0
    endloop
  endfacet
  facet normal -0.582469 -0.812853 0
    outer loop
      vertex 115.782 20.2897 0
      vertex 116.5 19.7752 3
      vertex 115.782 20.2897 3
    endloop
  endfacet
  facet normal -0.582469 -0.812853 -0
    outer loop
      vertex 116.5 19.7752 3
      vertex 115.782 20.2897 0
      vertex 116.5 19.7752 0
    endloop
  endfacet
  facet normal -0.99525 -0.0973516 0
    outer loop
      vertex 110.615 29.2379 0
      vertex 110.529 30.1171 3
      vertex 110.529 30.1171 0
    endloop
  endfacet
  facet normal -0.99525 -0.0973516 0
    outer loop
      vertex 110.529 30.1171 3
      vertex 110.615 29.2379 0
      vertex 110.615 29.2379 3
    endloop
  endfacet
  facet normal -0.35219 -0.935929 0
    outer loop
      vertex 118.834 18.5276 0
      vertex 119.661 18.2164 3
      vertex 118.834 18.5276 3
    endloop
  endfacet
  facet normal -0.35219 -0.935929 -0
    outer loop
      vertex 119.661 18.2164 3
      vertex 118.834 18.5276 0
      vertex 119.661 18.2164 0
    endloop
  endfacet
  facet normal -0.773256 -0.634094 0
    outer loop
      vertex 113.85 22.0988 0
      vertex 113.29 22.7817 3
      vertex 113.29 22.7817 0
    endloop
  endfacet
  facet normal -0.773256 -0.634094 0
    outer loop
      vertex 113.29 22.7817 3
      vertex 113.85 22.0988 0
      vertex 113.85 22.0988 3
    endloop
  endfacet
  facet normal -0.471499 0.881867 0
    outer loop
      vertex 118.029 43.1078 0
      vertex 117.25 42.6913 3
      vertex 118.029 43.1078 3
    endloop
  endfacet
  facet normal -0.471499 0.881867 0
    outer loop
      vertex 117.25 42.6913 3
      vertex 118.029 43.1078 0
      vertex 117.25 42.6913 0
    endloop
  endfacet
  facet normal 0.849458 -0.527656 0
    outer loop
      vertex 135.225 23.4998 3
      vertex 135.691 24.25 0
      vertex 135.691 24.25 3
    endloop
  endfacet
  facet normal 0.849458 -0.527656 0
    outer loop
      vertex 135.691 24.25 0
      vertex 135.225 23.4998 3
      vertex 135.225 23.4998 0
    endloop
  endfacet
  facet normal -0.812623 0.582789 0
    outer loop
      vertex 112.775 38.5002 0
      vertex 113.29 39.2183 3
      vertex 113.29 39.2183 0
    endloop
  endfacet
  facet normal -0.812623 0.582789 0
    outer loop
      vertex 113.29 39.2183 3
      vertex 112.775 38.5002 0
      vertex 112.775 38.5002 3
    endloop
  endfacet
  facet normal -0.935602 0.353057 0
    outer loop
      vertex 111.216 35.3394 0
      vertex 111.528 36.1662 3
      vertex 111.528 36.1662 0
    endloop
  endfacet
  facet normal -0.935602 0.353057 0
    outer loop
      vertex 111.528 36.1662 3
      vertex 111.216 35.3394 0
      vertex 111.216 35.3394 3
    endloop
  endfacet
  facet normal 0.911121 0.412139 0
    outer loop
      vertex 136.472 36.1662 3
      vertex 136.108 36.9709 0
      vertex 136.108 36.9709 3
    endloop
  endfacet
  facet normal 0.911121 0.412139 0
    outer loop
      vertex 136.108 36.9709 0
      vertex 136.472 36.1662 3
      vertex 136.472 36.1662 0
    endloop
  endfacet
  facet normal -0.290359 -0.956918 0
    outer loop
      vertex 119.661 18.2164 0
      vertex 120.506 17.96 3
      vertex 119.661 18.2164 3
    endloop
  endfacet
  facet normal -0.290359 -0.956918 -0
    outer loop
      vertex 120.506 17.96 3
      vertex 119.661 18.2164 0
      vertex 120.506 17.96 0
    endloop
  endfacet
  facet normal -0.683467 -0.729982 0
    outer loop
      vertex 114.454 21.4541 0
      vertex 115.099 20.8502 3
      vertex 114.454 21.4541 3
    endloop
  endfacet
  facet normal -0.683467 -0.729982 -0
    outer loop
      vertex 115.099 20.8502 3
      vertex 114.454 21.4541 0
      vertex 115.099 20.8502 0
    endloop
  endfacet
  facet normal 0 0 1
    outer loop
      vertex 126.25 31 3
      vertex 137.5 31 3
      vertex 137.471 31.8829 3
    endloop
  endfacet
  facet normal 0 0 1
    outer loop
      vertex 126.25 31 3
      vertex 137.471 31.8829 3
      vertex 137.385 32.7621 3
    endloop
  endfacet
  facet normal 0 0 1
    outer loop
      vertex 137.5 31 3
      vertex 126.25 31 3
      vertex 137.471 30.1171 3
    endloop
  endfacet
  facet normal 0 0 1
    outer loop
      vertex 126.207 31.439 3
      vertex 137.385 32.7621 3
      vertex 137.241 33.6337 3
    endloop
  endfacet
  facet normal 0 0 1
    outer loop
      vertex 137.471 30.1171 3
      vertex 126.25 31 3
      vertex 137.385 29.2379 3
    endloop
  endfacet
  facet normal 0 0 1
    outer loop
      vertex 126.207 31.439 3
      vertex 137.241 33.6337 3
      vertex 137.04 34.4941 3
    endloop
  endfacet
  facet normal -0 0 1
    outer loop
      vertex 126.207 30.561 3
      vertex 137.385 29.2379 3
      vertex 126.25 31 3
    endloop
  endfacet
  facet normal 0 0 1
    outer loop
      vertex 126.207 31.439 3
      vertex 137.04 34.4941 3
      vertex 136.784 35.3394 3
    endloop
  endfacet
  facet normal 0 0 1
    outer loop
      vertex 137.385 29.2379 3
      vertex 126.207 30.561 3
      vertex 137.241 28.3663 3
    endloop
  endfacet
  facet normal 0 0 1
    outer loop
      vertex 126.079 31.861 3
      vertex 136.784 35.3394 3
      vertex 136.472 36.1662 3
    endloop
  endfacet
  facet normal 0 0 1
    outer loop
      vertex 137.241 28.3663 3
      vertex 126.207 30.561 3
      vertex 137.04 27.5059 3
    endloop
  endfacet
  facet normal 0 0 1
    outer loop
      vertex 126.079 31.861 3
      vertex 136.472 36.1662 3
      vertex 136.108 36.9709 3
    endloop
  endfacet
  facet normal 0 0 1
    outer loop
      vertex 137.04 27.5059 3
      vertex 126.207 30.561 3
      vertex 136.784 26.6606 3
    endloop
  endfacet
  facet normal 0 0 1
    outer loop
      vertex 126.079 31.861 3
      vertex 136.108 36.9709 3
      vertex 135.691 37.75 3
    endloop
  endfacet
  facet normal -0 0 1
    outer loop
      vertex 126.079 30.139 3
      vertex 136.784 26.6606 3
      vertex 126.207 30.561 3
    endloop
  endfacet
  facet normal 0 0 1
    outer loop
      vertex 125.871 32.25 3
      vertex 135.691 37.75 3
      vertex 135.225 38.5002 3
    endloop
  endfacet
  facet normal 0 0 1
    outer loop
      vertex 136.784 26.6606 3
      vertex 126.079 30.139 3
      vertex 136.472 25.8338 3
    endloop
  endfacet
  facet normal 0 0 1
    outer loop
      vertex 125.871 32.25 3
      vertex 135.225 38.5002 3
      vertex 134.71 39.2183 3
    endloop
  endfacet
  facet normal 0 0 1
    outer loop
      vertex 136.472 25.8338 3
      vertex 126.079 30.139 3
      vertex 136.108 25.0291 3
    endloop
  endfacet
  facet normal 0 0 1
    outer loop
      vertex 125.871 32.25 3
      vertex 134.71 39.2183 3
      vertex 134.15 39.9012 3
    endloop
  endfacet
  facet normal 0 0 1
    outer loop
      vertex 136.108 25.0291 3
      vertex 126.079 30.139 3
      vertex 135.691 24.25 3
    endloop
  endfacet
  facet normal 0 0 1
    outer loop
      vertex 125.591 32.591 3
      vertex 134.15 39.9012 3
      vertex 133.546 40.5459 3
    endloop
  endfacet
  facet normal -0 0 1
    outer loop
      vertex 125.871 29.75 3
      vertex 135.691 24.25 3
      vertex 126.079 30.139 3
    endloop
  endfacet
  facet normal 0 0 1
    outer loop
      vertex 125.591 32.591 3
      vertex 133.546 40.5459 3
      vertex 132.901 41.1498 3
    endloop
  endfacet
  facet normal 0 0 1
    outer loop
      vertex 135.691 24.25 3
      vertex 125.871 29.75 3
      vertex 135.225 23.4998 3
    endloop
  endfacet
  facet normal 0 0 1
    outer loop
      vertex 125.591 32.591 3
      vertex 132.901 41.1498 3
      vertex 132.218 41.7103 3
    endloop
  endfacet
  facet normal 0 0 1
    outer loop
      vertex 135.225 23.4998 3
      vertex 125.871 29.75 3
      vertex 134.71 22.7817 3
    endloop
  endfacet
  facet normal 0 0 1
    outer loop
      vertex 125.25 32.8708 3
      vertex 132.218 41.7103 3
      vertex 131.5 42.2248 3
    endloop
  endfacet
  facet normal 0 0 1
    outer loop
      vertex 134.71 22.7817 3
      vertex 125.871 29.75 3
      vertex 134.15 22.0988 3
    endloop
  endfacet
  facet normal 0 0 1
    outer loop
      vertex 125.25 32.8708 3
      vertex 131.5 42.2248 3
      vertex 130.75 42.6913 3
    endloop
  endfacet
  facet normal -0 0 1
    outer loop
      vertex 125.591 29.409 3
      vertex 134.15 22.0988 3
      vertex 125.871 29.75 3
    endloop
  endfacet
  facet normal 0 0 1
    outer loop
      vertex 125.25 32.8708 3
      vertex 130.75 42.6913 3
      vertex 129.971 43.1078 3
    endloop
  endfacet
  facet normal 0 0 1
    outer loop
      vertex 134.15 22.0988 3
      vertex 125.591 29.409 3
      vertex 133.546 21.4541 3
    endloop
  endfacet
  facet normal 0 0 1
    outer loop
      vertex 124.861 33.0787 3
      vertex 129.971 43.1078 3
      vertex 129.166 43.4724 3
    endloop
  endfacet
  facet normal 0 0 1
    outer loop
      vertex 133.546 21.4541 3
      vertex 125.591 29.409 3
      vertex 132.901 20.8502 3
    endloop
  endfacet
  facet normal 0 0 1
    outer loop
      vertex 124.861 33.0787 3
      vertex 129.166 43.4724 3
      vertex 128.339 43.7836 3
    endloop
  endfacet
  facet normal 0 0 1
    outer loop
      vertex 132.901 20.8502 3
      vertex 125.591 29.409 3
      vertex 132.218 20.2897 3
    endloop
  endfacet
  facet normal 0 0 1
    outer loop
      vertex 124.861 33.0787 3
      vertex 128.339 43.7836 3
      vertex 127.494 44.04 3
    endloop
  endfacet
  facet normal -0 0 1
    outer loop
      vertex 125.25 29.1292 3
      vertex 132.218 20.2897 3
      vertex 125.591 29.409 3
    endloop
  endfacet
  facet normal 0 0 1
    outer loop
      vertex 124.439 33.2068 3
      vertex 127.494 44.04 3
      vertex 126.634 44.2406 3
    endloop
  endfacet
  facet normal 0 0 1
    outer loop
      vertex 132.218 20.2897 3
      vertex 125.25 29.1292 3
      vertex 131.5 19.7752 3
    endloop
  endfacet
  facet normal 0 0 1
    outer loop
      vertex 131.5 19.7752 3
      vertex 125.25 29.1292 3
      vertex 130.75 19.3087 3
    endloop
  endfacet
  facet normal 0 0 1
    outer loop
      vertex 137.385 32.7621 3
      vertex 126.207 31.439 3
      vertex 126.25 31 3
    endloop
  endfacet
  facet normal 0 0 1
    outer loop
      vertex 136.784 35.3394 3
      vertex 126.079 31.861 3
      vertex 126.207 31.439 3
    endloop
  endfacet
  facet normal 0 0 1
    outer loop
      vertex 135.691 37.75 3
      vertex 125.871 32.25 3
      vertex 126.079 31.861 3
    endloop
  endfacet
  facet normal 0 0 1
    outer loop
      vertex 124.439 33.2068 3
      vertex 126.634 44.2406 3
      vertex 125.762 44.3845 3
    endloop
  endfacet
  facet normal 0 0 1
    outer loop
      vertex 134.15 39.9012 3
      vertex 125.591 32.591 3
      vertex 125.871 32.25 3
    endloop
  endfacet
  facet normal 0 0 1
    outer loop
      vertex 132.218 41.7103 3
      vertex 125.25 32.8708 3
      vertex 125.591 32.591 3
    endloop
  endfacet
  facet normal 0 0 1
    outer loop
      vertex 124.439 33.2068 3
      vertex 125.762 44.3845 3
      vertex 124.883 44.4711 3
    endloop
  endfacet
  facet normal 0 0 1
    outer loop
      vertex 129.971 43.1078 3
      vertex 124.861 33.0787 3
      vertex 125.25 32.8708 3
    endloop
  endfacet
  facet normal 0 0 1
    outer loop
      vertex 127.494 44.04 3
      vertex 124.439 33.2068 3
      vertex 124.861 33.0787 3
    endloop
  endfacet
  facet normal 0 0 1
    outer loop
      vertex 124 33.25 3
      vertex 124.883 44.4711 3
      vertex 124 44.5 3
    endloop
  endfacet
  facet normal 0 0 1
    outer loop
      vertex 124.883 44.4711 3
      vertex 124 33.25 3
      vertex 124.439 33.2068 3
    endloop
  endfacet
  facet normal -0 0 1
    outer loop
      vertex 123.117 44.4711 3
      vertex 124 33.25 3
      vertex 124 44.5 3
    endloop
  endfacet
  facet normal 0 0 1
    outer loop
      vertex 124 33.25 3
      vertex 123.117 44.4711 3
      vertex 123.561 33.2068 3
    endloop
  endfacet
  facet normal -0 0 1
    outer loop
      vertex 122.238 44.3845 3
      vertex 123.561 33.2068 3
      vertex 123.117 44.4711 3
    endloop
  endfacet
  facet normal -0 0 1
    outer loop
      vertex 121.366 44.2406 3
      vertex 123.561 33.2068 3
      vertex 122.238 44.3845 3
    endloop
  endfacet
  facet normal -0 0 1
    outer loop
      vertex 120.506 44.04 3
      vertex 123.561 33.2068 3
      vertex 121.366 44.2406 3
    endloop
  endfacet
  facet normal 0 0 1
    outer loop
      vertex 123.561 33.2068 3
      vertex 120.506 44.04 3
      vertex 123.139 33.0787 3
    endloop
  endfacet
  facet normal -0 0 1
    outer loop
      vertex 119.661 43.7836 3
      vertex 123.139 33.0787 3
      vertex 120.506 44.04 3
    endloop
  endfacet
  facet normal -0 0 1
    outer loop
      vertex 118.834 43.4724 3
      vertex 123.139 33.0787 3
      vertex 119.661 43.7836 3
    endloop
  endfacet
  facet normal -0 0 1
    outer loop
      vertex 118.029 43.1078 3
      vertex 123.139 33.0787 3
      vertex 118.834 43.4724 3
    endloop
  endfacet
  facet normal 0 0 1
    outer loop
      vertex 123.139 33.0787 3
      vertex 118.029 43.1078 3
      vertex 122.75 32.8708 3
    endloop
  endfacet
  facet normal -0 0 1
    outer loop
      vertex 117.25 42.6913 3
      vertex 122.75 32.8708 3
      vertex 118.029 43.1078 3
    endloop
  endfacet
  facet normal 0 0 1
    outer loop
      vertex 130.75 19.3087 3
      vertex 125.25 29.1292 3
      vertex 129.971 18.8922 3
    endloop
  endfacet
  facet normal -0 0 1
    outer loop
      vertex 124.861 28.9213 3
      vertex 129.971 18.8922 3
      vertex 125.25 29.1292 3
    endloop
  endfacet
  facet normal 0 0 1
    outer loop
      vertex 129.971 18.8922 3
      vertex 124.861 28.9213 3
      vertex 129.166 18.5276 3
    endloop
  endfacet
  facet normal 0 0 1
    outer loop
      vertex 129.166 18.5276 3
      vertex 124.861 28.9213 3
      vertex 128.339 18.2164 3
    endloop
  endfacet
  facet normal 0 0 1
    outer loop
      vertex 128.339 18.2164 3
      vertex 124.861 28.9213 3
      vertex 127.494 17.96 3
    endloop
  endfacet
  facet normal -0 0 1
    outer loop
      vertex 124.439 28.7932 3
      vertex 127.494 17.96 3
      vertex 124.861 28.9213 3
    endloop
  endfacet
  facet normal 0 0 1
    outer loop
      vertex 127.494 17.96 3
      vertex 124.439 28.7932 3
      vertex 126.634 17.7594 3
    endloop
  endfacet
  facet normal 0 0 1
    outer loop
      vertex 126.634 17.7594 3
      vertex 124.439 28.7932 3
      vertex 125.762 17.6155 3
    endloop
  endfacet
  facet normal 0 0 1
    outer loop
      vertex 125.762 17.6155 3
      vertex 124.439 28.7932 3
      vertex 124.883 17.5289 3
    endloop
  endfacet
  facet normal -0 0 1
    outer loop
      vertex 124 28.75 3
      vertex 124.883 17.5289 3
      vertex 124.439 28.7932 3
    endloop
  endfacet
  facet normal 0 0 1
    outer loop
      vertex 124 28.75 3
      vertex 124 17.5 3
      vertex 124.883 17.5289 3
    endloop
  endfacet
  facet normal 0 0 1
    outer loop
      vertex 123.117 17.5289 3
      vertex 124 28.75 3
      vertex 123.561 28.7932 3
    endloop
  endfacet
  facet normal 0 0 1
    outer loop
      vertex 120.506 17.96 3
      vertex 123.561 28.7932 3
      vertex 123.139 28.9213 3
    endloop
  endfacet
  facet normal 0 0 1
    outer loop
      vertex 124 28.75 3
      vertex 123.117 17.5289 3
      vertex 124 17.5 3
    endloop
  endfacet
  facet normal 0 0 1
    outer loop
      vertex 118.029 18.8922 3
      vertex 123.139 28.9213 3
      vertex 122.75 29.1292 3
    endloop
  endfacet
  facet normal 0 0 1
    outer loop
      vertex 115.782 20.2897 3
      vertex 122.75 29.1292 3
      vertex 122.409 29.409 3
    endloop
  endfacet
  facet normal 0 0 1
    outer loop
      vertex 123.561 28.7932 3
      vertex 122.238 17.6155 3
      vertex 123.117 17.5289 3
    endloop
  endfacet
  facet normal 0 0 1
    outer loop
      vertex 113.85 22.0988 3
      vertex 122.409 29.409 3
      vertex 122.129 29.75 3
    endloop
  endfacet
  facet normal 0 0 1
    outer loop
      vertex 112.309 24.25 3
      vertex 122.129 29.75 3
      vertex 121.921 30.139 3
    endloop
  endfacet
  facet normal 0 0 1
    outer loop
      vertex 111.216 26.6606 3
      vertex 121.921 30.139 3
      vertex 121.793 30.561 3
    endloop
  endfacet
  facet normal 0 0 1
    outer loop
      vertex 110.615 29.2379 3
      vertex 121.793 30.561 3
      vertex 121.75 31 3
    endloop
  endfacet
  facet normal 0 0 1
    outer loop
      vertex 123.561 28.7932 3
      vertex 121.366 17.7594 3
      vertex 122.238 17.6155 3
    endloop
  endfacet
  facet normal -0 0 1
    outer loop
      vertex 116.5 42.2248 3
      vertex 122.75 32.8708 3
      vertex 117.25 42.6913 3
    endloop
  endfacet
  facet normal -0 0 1
    outer loop
      vertex 115.782 41.7103 3
      vertex 122.75 32.8708 3
      vertex 116.5 42.2248 3
    endloop
  endfacet
  facet normal 0 0 1
    outer loop
      vertex 123.561 28.7932 3
      vertex 120.506 17.96 3
      vertex 121.366 17.7594 3
    endloop
  endfacet
  facet normal 0 0 1
    outer loop
      vertex 122.75 32.8708 3
      vertex 115.782 41.7103 3
      vertex 122.409 32.591 3
    endloop
  endfacet
  facet normal 0 0 1
    outer loop
      vertex 123.139 28.9213 3
      vertex 119.661 18.2164 3
      vertex 120.506 17.96 3
    endloop
  endfacet
  facet normal -0 0 1
    outer loop
      vertex 115.099 41.1498 3
      vertex 122.409 32.591 3
      vertex 115.782 41.7103 3
    endloop
  endfacet
  facet normal 0 0 1
    outer loop
      vertex 123.139 28.9213 3
      vertex 118.834 18.5276 3
      vertex 119.661 18.2164 3
    endloop
  endfacet
  facet normal -0 0 1
    outer loop
      vertex 114.454 40.5459 3
      vertex 122.409 32.591 3
      vertex 115.099 41.1498 3
    endloop
  endfacet
  facet normal 0 0 1
    outer loop
      vertex 123.139 28.9213 3
      vertex 118.029 18.8922 3
      vertex 118.834 18.5276 3
    endloop
  endfacet
  facet normal -0 0 1
    outer loop
      vertex 113.85 39.9012 3
      vertex 122.409 32.591 3
      vertex 114.454 40.5459 3
    endloop
  endfacet
  facet normal 0 0 1
    outer loop
      vertex 122.75 29.1292 3
      vertex 117.25 19.3087 3
      vertex 118.029 18.8922 3
    endloop
  endfacet
  facet normal 0 0 1
    outer loop
      vertex 122.409 32.591 3
      vertex 113.85 39.9012 3
      vertex 122.129 32.25 3
    endloop
  endfacet
  facet normal 0 0 1
    outer loop
      vertex 122.75 29.1292 3
      vertex 116.5 19.7752 3
      vertex 117.25 19.3087 3
    endloop
  endfacet
  facet normal -0 0 1
    outer loop
      vertex 113.29 39.2183 3
      vertex 122.129 32.25 3
      vertex 113.85 39.9012 3
    endloop
  endfacet
  facet normal 0 0 1
    outer loop
      vertex 122.75 29.1292 3
      vertex 115.782 20.2897 3
      vertex 116.5 19.7752 3
    endloop
  endfacet
  facet normal -0 0 1
    outer loop
      vertex 112.775 38.5002 3
      vertex 122.129 32.25 3
      vertex 113.29 39.2183 3
    endloop
  endfacet
  facet normal 0 0 1
    outer loop
      vertex 122.409 29.409 3
      vertex 115.099 20.8502 3
      vertex 115.782 20.2897 3
    endloop
  endfacet
  facet normal -0 0 1
    outer loop
      vertex 112.309 37.75 3
      vertex 122.129 32.25 3
      vertex 112.775 38.5002 3
    endloop
  endfacet
  facet normal 0 0 1
    outer loop
      vertex 122.409 29.409 3
      vertex 114.454 21.4541 3
      vertex 115.099 20.8502 3
    endloop
  endfacet
  facet normal 0 0 1
    outer loop
      vertex 122.129 32.25 3
      vertex 112.309 37.75 3
      vertex 121.921 31.861 3
    endloop
  endfacet
  facet normal 0 0 1
    outer loop
      vertex 122.409 29.409 3
      vertex 113.85 22.0988 3
      vertex 114.454 21.4541 3
    endloop
  endfacet
  facet normal -0 0 1
    outer loop
      vertex 111.892 36.9709 3
      vertex 121.921 31.861 3
      vertex 112.309 37.75 3
    endloop
  endfacet
  facet normal 0 0 1
    outer loop
      vertex 122.129 29.75 3
      vertex 113.29 22.7817 3
      vertex 113.85 22.0988 3
    endloop
  endfacet
  facet normal -0 0 1
    outer loop
      vertex 111.528 36.1662 3
      vertex 121.921 31.861 3
      vertex 111.892 36.9709 3
    endloop
  endfacet
  facet normal 0 0 1
    outer loop
      vertex 122.129 29.75 3
      vertex 112.775 23.4998 3
      vertex 113.29 22.7817 3
    endloop
  endfacet
  facet normal -0 0 1
    outer loop
      vertex 111.216 35.3394 3
      vertex 121.921 31.861 3
      vertex 111.528 36.1662 3
    endloop
  endfacet
  facet normal 0 0 1
    outer loop
      vertex 122.129 29.75 3
      vertex 112.309 24.25 3
      vertex 112.775 23.4998 3
    endloop
  endfacet
  facet normal 0 0 1
    outer loop
      vertex 121.921 31.861 3
      vertex 111.216 35.3394 3
      vertex 121.793 31.439 3
    endloop
  endfacet
  facet normal 0 0 1
    outer loop
      vertex 121.921 30.139 3
      vertex 111.892 25.0291 3
      vertex 112.309 24.25 3
    endloop
  endfacet
  facet normal -0 0 1
    outer loop
      vertex 110.96 34.4941 3
      vertex 121.793 31.439 3
      vertex 111.216 35.3394 3
    endloop
  endfacet
  facet normal 0 0 1
    outer loop
      vertex 121.921 30.139 3
      vertex 111.528 25.8338 3
      vertex 111.892 25.0291 3
    endloop
  endfacet
  facet normal -0 0 1
    outer loop
      vertex 110.759 33.6337 3
      vertex 121.793 31.439 3
      vertex 110.96 34.4941 3
    endloop
  endfacet
  facet normal 0 0 1
    outer loop
      vertex 121.921 30.139 3
      vertex 111.216 26.6606 3
      vertex 111.528 25.8338 3
    endloop
  endfacet
  facet normal -0 0 1
    outer loop
      vertex 110.615 32.7621 3
      vertex 121.793 31.439 3
      vertex 110.759 33.6337 3
    endloop
  endfacet
  facet normal 0 0 1
    outer loop
      vertex 121.793 30.561 3
      vertex 110.96 27.5059 3
      vertex 111.216 26.6606 3
    endloop
  endfacet
  facet normal 0 0 1
    outer loop
      vertex 121.793 31.439 3
      vertex 110.615 32.7621 3
      vertex 121.75 31 3
    endloop
  endfacet
  facet normal 0 0 1
    outer loop
      vertex 121.793 30.561 3
      vertex 110.759 28.3663 3
      vertex 110.96 27.5059 3
    endloop
  endfacet
  facet normal -0 0 1
    outer loop
      vertex 110.529 31.8829 3
      vertex 121.75 31 3
      vertex 110.615 32.7621 3
    endloop
  endfacet
  facet normal 0 0 1
    outer loop
      vertex 121.793 30.561 3
      vertex 110.615 29.2379 3
      vertex 110.759 28.3663 3
    endloop
  endfacet
  facet normal 0 0 1
    outer loop
      vertex 110.5 31 3
      vertex 121.75 31 3
      vertex 110.529 31.8829 3
    endloop
  endfacet
  facet normal 0 0 1
    outer loop
      vertex 121.75 31 3
      vertex 110.529 30.1171 3
      vertex 110.615 29.2379 3
    endloop
  endfacet
  facet normal 0 0 1
    outer loop
      vertex 121.75 31 3
      vertex 110.5 31 3
      vertex 110.529 30.1171 3
    endloop
  endfacet
  facet normal 0 0 -1
    outer loop
      vertex 126.25 31 0
      vertex 137.5 31 0
      vertex 137.471 30.1171 0
    endloop
  endfacet
  facet normal 0 0 -1
    outer loop
      vertex 126.25 31 0
      vertex 137.471 30.1171 0
      vertex 137.385 29.2379 0
    endloop
  endfacet
  facet normal 0 0 -1
    outer loop
      vertex 137.5 31 0
      vertex 126.25 31 0
      vertex 137.471 31.8829 0
    endloop
  endfacet
  facet normal 0 0 -1
    outer loop
      vertex 126.207 30.561 0
      vertex 137.385 29.2379 0
      vertex 137.241 28.3663 0
    endloop
  endfacet
  facet normal -0 0 -1
    outer loop
      vertex 137.471 31.8829 0
      vertex 126.25 31 0
      vertex 137.385 32.7621 0
    endloop
  endfacet
  facet normal 0 0 -1
    outer loop
      vertex 126.207 30.561 0
      vertex 137.241 28.3663 0
      vertex 137.04 27.5059 0
    endloop
  endfacet
  facet normal 0 0 -1
    outer loop
      vertex 126.207 31.439 0
      vertex 137.385 32.7621 0
      vertex 126.25 31 0
    endloop
  endfacet
  facet normal 0 0 -1
    outer loop
      vertex 126.207 30.561 0
      vertex 137.04 27.5059 0
      vertex 136.784 26.6606 0
    endloop
  endfacet
  facet normal -0 0 -1
    outer loop
      vertex 137.385 32.7621 0
      vertex 126.207 31.439 0
      vertex 137.241 33.6337 0
    endloop
  endfacet
  facet normal 0 0 -1
    outer loop
      vertex 126.079 30.139 0
      vertex 136.784 26.6606 0
      vertex 136.472 25.8338 0
    endloop
  endfacet
  facet normal -0 0 -1
    outer loop
      vertex 137.241 33.6337 0
      vertex 126.207 31.439 0
      vertex 137.04 34.4941 0
    endloop
  endfacet
  facet normal 0 0 -1
    outer loop
      vertex 126.079 30.139 0
      vertex 136.472 25.8338 0
      vertex 136.108 25.0291 0
    endloop
  endfacet
  facet normal -0 0 -1
    outer loop
      vertex 137.04 34.4941 0
      vertex 126.207 31.439 0
      vertex 136.784 35.3394 0
    endloop
  endfacet
  facet normal 0 0 -1
    outer loop
      vertex 126.079 30.139 0
      vertex 136.108 25.0291 0
      vertex 135.691 24.25 0
    endloop
  endfacet
  facet normal 0 0 -1
    outer loop
      vertex 126.079 31.861 0
      vertex 136.784 35.3394 0
      vertex 126.207 31.439 0
    endloop
  endfacet
  facet normal 0 0 -1
    outer loop
      vertex 125.871 29.75 0
      vertex 135.691 24.25 0
      vertex 135.225 23.4998 0
    endloop
  endfacet
  facet normal -0 0 -1
    outer loop
      vertex 136.784 35.3394 0
      vertex 126.079 31.861 0
      vertex 136.472 36.1662 0
    endloop
  endfacet
  facet normal 0 0 -1
    outer loop
      vertex 125.871 29.75 0
      vertex 135.225 23.4998 0
      vertex 134.71 22.7817 0
    endloop
  endfacet
  facet normal -0 0 -1
    outer loop
      vertex 136.472 36.1662 0
      vertex 126.079 31.861 0
      vertex 136.108 36.9709 0
    endloop
  endfacet
  facet normal 0 0 -1
    outer loop
      vertex 125.871 29.75 0
      vertex 134.71 22.7817 0
      vertex 134.15 22.0988 0
    endloop
  endfacet
  facet normal -0 0 -1
    outer loop
      vertex 136.108 36.9709 0
      vertex 126.079 31.861 0
      vertex 135.691 37.75 0
    endloop
  endfacet
  facet normal 0 0 -1
    outer loop
      vertex 125.591 29.409 0
      vertex 134.15 22.0988 0
      vertex 133.546 21.4541 0
    endloop
  endfacet
  facet normal 0 0 -1
    outer loop
      vertex 125.871 32.25 0
      vertex 135.691 37.75 0
      vertex 126.079 31.861 0
    endloop
  endfacet
  facet normal 0 0 -1
    outer loop
      vertex 125.591 29.409 0
      vertex 133.546 21.4541 0
      vertex 132.901 20.8502 0
    endloop
  endfacet
  facet normal -0 0 -1
    outer loop
      vertex 135.691 37.75 0
      vertex 125.871 32.25 0
      vertex 135.225 38.5002 0
    endloop
  endfacet
  facet normal 0 0 -1
    outer loop
      vertex 125.591 29.409 0
      vertex 132.901 20.8502 0
      vertex 132.218 20.2897 0
    endloop
  endfacet
  facet normal -0 0 -1
    outer loop
      vertex 135.225 38.5002 0
      vertex 125.871 32.25 0
      vertex 134.71 39.2183 0
    endloop
  endfacet
  facet normal 0 0 -1
    outer loop
      vertex 125.25 29.1292 0
      vertex 132.218 20.2897 0
      vertex 131.5 19.7752 0
    endloop
  endfacet
  facet normal -0 0 -1
    outer loop
      vertex 134.71 39.2183 0
      vertex 125.871 32.25 0
      vertex 134.15 39.9012 0
    endloop
  endfacet
  facet normal 0 0 -1
    outer loop
      vertex 125.25 29.1292 0
      vertex 131.5 19.7752 0
      vertex 130.75 19.3087 0
    endloop
  endfacet
  facet normal 0 0 -1
    outer loop
      vertex 125.591 32.591 0
      vertex 134.15 39.9012 0
      vertex 125.871 32.25 0
    endloop
  endfacet
  facet normal 0 0 -1
    outer loop
      vertex 125.25 29.1292 0
      vertex 130.75 19.3087 0
      vertex 129.971 18.8922 0
    endloop
  endfacet
  facet normal -0 0 -1
    outer loop
      vertex 134.15 39.9012 0
      vertex 125.591 32.591 0
      vertex 133.546 40.5459 0
    endloop
  endfacet
  facet normal 0 0 -1
    outer loop
      vertex 124.861 28.9213 0
      vertex 129.971 18.8922 0
      vertex 129.166 18.5276 0
    endloop
  endfacet
  facet normal -0 0 -1
    outer loop
      vertex 133.546 40.5459 0
      vertex 125.591 32.591 0
      vertex 132.901 41.1498 0
    endloop
  endfacet
  facet normal 0 0 -1
    outer loop
      vertex 124.861 28.9213 0
      vertex 129.166 18.5276 0
      vertex 128.339 18.2164 0
    endloop
  endfacet
  facet normal -0 0 -1
    outer loop
      vertex 132.901 41.1498 0
      vertex 125.591 32.591 0
      vertex 132.218 41.7103 0
    endloop
  endfacet
  facet normal 0 0 -1
    outer loop
      vertex 124.861 28.9213 0
      vertex 128.339 18.2164 0
      vertex 127.494 17.96 0
    endloop
  endfacet
  facet normal 0 0 -1
    outer loop
      vertex 125.25 32.8708 0
      vertex 132.218 41.7103 0
      vertex 125.591 32.591 0
    endloop
  endfacet
  facet normal 0 0 -1
    outer loop
      vertex 124.439 28.7932 0
      vertex 127.494 17.96 0
      vertex 126.634 17.7594 0
    endloop
  endfacet
  facet normal -0 0 -1
    outer loop
      vertex 132.218 41.7103 0
      vertex 125.25 32.8708 0
      vertex 131.5 42.2248 0
    endloop
  endfacet
  facet normal -0 0 -1
    outer loop
      vertex 131.5 42.2248 0
      vertex 125.25 32.8708 0
      vertex 130.75 42.6913 0
    endloop
  endfacet
  facet normal 0 0 -1
    outer loop
      vertex 137.385 29.2379 0
      vertex 126.207 30.561 0
      vertex 126.25 31 0
    endloop
  endfacet
  facet normal 0 0 -1
    outer loop
      vertex 136.784 26.6606 0
      vertex 126.079 30.139 0
      vertex 126.207 30.561 0
    endloop
  endfacet
  facet normal 0 0 -1
    outer loop
      vertex 135.691 24.25 0
      vertex 125.871 29.75 0
      vertex 126.079 30.139 0
    endloop
  endfacet
  facet normal 0 0 -1
    outer loop
      vertex 124.439 28.7932 0
      vertex 126.634 17.7594 0
      vertex 125.762 17.6155 0
    endloop
  endfacet
  facet normal 0 0 -1
    outer loop
      vertex 134.15 22.0988 0
      vertex 125.591 29.409 0
      vertex 125.871 29.75 0
    endloop
  endfacet
  facet normal 0 0 -1
    outer loop
      vertex 132.218 20.2897 0
      vertex 125.25 29.1292 0
      vertex 125.591 29.409 0
    endloop
  endfacet
  facet normal 0 0 -1
    outer loop
      vertex 124.439 28.7932 0
      vertex 125.762 17.6155 0
      vertex 124.883 17.5289 0
    endloop
  endfacet
  facet normal 0 0 -1
    outer loop
      vertex 129.971 18.8922 0
      vertex 124.861 28.9213 0
      vertex 125.25 29.1292 0
    endloop
  endfacet
  facet normal 0 0 -1
    outer loop
      vertex 127.494 17.96 0
      vertex 124.439 28.7932 0
      vertex 124.861 28.9213 0
    endloop
  endfacet
  facet normal 0 0 -1
    outer loop
      vertex 124 28.75 0
      vertex 124.883 17.5289 0
      vertex 124 17.5 0
    endloop
  endfacet
  facet normal 0 0 -1
    outer loop
      vertex 124.883 17.5289 0
      vertex 124 28.75 0
      vertex 124.439 28.7932 0
    endloop
  endfacet
  facet normal 0 0 -1
    outer loop
      vertex 123.117 17.5289 0
      vertex 124 28.75 0
      vertex 124 17.5 0
    endloop
  endfacet
  facet normal -0 0 -1
    outer loop
      vertex 124 28.75 0
      vertex 123.117 17.5289 0
      vertex 123.561 28.7932 0
    endloop
  endfacet
  facet normal 0 0 -1
    outer loop
      vertex 122.238 17.6155 0
      vertex 123.561 28.7932 0
      vertex 123.117 17.5289 0
    endloop
  endfacet
  facet normal 0 0 -1
    outer loop
      vertex 121.366 17.7594 0
      vertex 123.561 28.7932 0
      vertex 122.238 17.6155 0
    endloop
  endfacet
  facet normal 0 0 -1
    outer loop
      vertex 120.506 17.96 0
      vertex 123.561 28.7932 0
      vertex 121.366 17.7594 0
    endloop
  endfacet
  facet normal -0 0 -1
    outer loop
      vertex 123.561 28.7932 0
      vertex 120.506 17.96 0
      vertex 123.139 28.9213 0
    endloop
  endfacet
  facet normal 0 0 -1
    outer loop
      vertex 119.661 18.2164 0
      vertex 123.139 28.9213 0
      vertex 120.506 17.96 0
    endloop
  endfacet
  facet normal 0 0 -1
    outer loop
      vertex 118.834 18.5276 0
      vertex 123.139 28.9213 0
      vertex 119.661 18.2164 0
    endloop
  endfacet
  facet normal 0 0 -1
    outer loop
      vertex 118.029 18.8922 0
      vertex 123.139 28.9213 0
      vertex 118.834 18.5276 0
    endloop
  endfacet
  facet normal -0 0 -1
    outer loop
      vertex 123.139 28.9213 0
      vertex 118.029 18.8922 0
      vertex 122.75 29.1292 0
    endloop
  endfacet
  facet normal 0 0 -1
    outer loop
      vertex 117.25 19.3087 0
      vertex 122.75 29.1292 0
      vertex 118.029 18.8922 0
    endloop
  endfacet
  facet normal -0 0 -1
    outer loop
      vertex 130.75 42.6913 0
      vertex 125.25 32.8708 0
      vertex 129.971 43.1078 0
    endloop
  endfacet
  facet normal 0 0 -1
    outer loop
      vertex 124.861 33.0787 0
      vertex 129.971 43.1078 0
      vertex 125.25 32.8708 0
    endloop
  endfacet
  facet normal -0 0 -1
    outer loop
      vertex 129.971 43.1078 0
      vertex 124.861 33.0787 0
      vertex 129.166 43.4724 0
    endloop
  endfacet
  facet normal -0 0 -1
    outer loop
      vertex 129.166 43.4724 0
      vertex 124.861 33.0787 0
      vertex 128.339 43.7836 0
    endloop
  endfacet
  facet normal -0 0 -1
    outer loop
      vertex 128.339 43.7836 0
      vertex 124.861 33.0787 0
      vertex 127.494 44.04 0
    endloop
  endfacet
  facet normal 0 0 -1
    outer loop
      vertex 124.439 33.2068 0
      vertex 127.494 44.04 0
      vertex 124.861 33.0787 0
    endloop
  endfacet
  facet normal -0 0 -1
    outer loop
      vertex 127.494 44.04 0
      vertex 124.439 33.2068 0
      vertex 126.634 44.2406 0
    endloop
  endfacet
  facet normal -0 0 -1
    outer loop
      vertex 126.634 44.2406 0
      vertex 124.439 33.2068 0
      vertex 125.762 44.3845 0
    endloop
  endfacet
  facet normal -0 0 -1
    outer loop
      vertex 125.762 44.3845 0
      vertex 124.439 33.2068 0
      vertex 124.883 44.4711 0
    endloop
  endfacet
  facet normal 0 0 -1
    outer loop
      vertex 124 33.25 0
      vertex 124.883 44.4711 0
      vertex 124.439 33.2068 0
    endloop
  endfacet
  facet normal 0 0 -1
    outer loop
      vertex 124 33.25 0
      vertex 124 44.5 0
      vertex 124.883 44.4711 0
    endloop
  endfacet
  facet normal 0 0 -1
    outer loop
      vertex 123.117 44.4711 0
      vertex 124 33.25 0
      vertex 123.561 33.2068 0
    endloop
  endfacet
  facet normal 0 0 -1
    outer loop
      vertex 120.506 44.04 0
      vertex 123.561 33.2068 0
      vertex 123.139 33.0787 0
    endloop
  endfacet
  facet normal 0 0 -1
    outer loop
      vertex 124 33.25 0
      vertex 123.117 44.4711 0
      vertex 124 44.5 0
    endloop
  endfacet
  facet normal 0 0 -1
    outer loop
      vertex 118.029 43.1078 0
      vertex 123.139 33.0787 0
      vertex 122.75 32.8708 0
    endloop
  endfacet
  facet normal 0 0 -1
    outer loop
      vertex 115.782 41.7103 0
      vertex 122.75 32.8708 0
      vertex 122.409 32.591 0
    endloop
  endfacet
  facet normal 0 0 -1
    outer loop
      vertex 123.561 33.2068 0
      vertex 122.238 44.3845 0
      vertex 123.117 44.4711 0
    endloop
  endfacet
  facet normal 0 0 -1
    outer loop
      vertex 113.85 39.9012 0
      vertex 122.409 32.591 0
      vertex 122.129 32.25 0
    endloop
  endfacet
  facet normal 0 0 -1
    outer loop
      vertex 112.309 37.75 0
      vertex 122.129 32.25 0
      vertex 121.921 31.861 0
    endloop
  endfacet
  facet normal 0 0 -1
    outer loop
      vertex 111.216 35.3394 0
      vertex 121.921 31.861 0
      vertex 121.793 31.439 0
    endloop
  endfacet
  facet normal 0 0 -1
    outer loop
      vertex 110.615 32.7621 0
      vertex 121.793 31.439 0
      vertex 121.75 31 0
    endloop
  endfacet
  facet normal 0 0 -1
    outer loop
      vertex 123.561 33.2068 0
      vertex 121.366 44.2406 0
      vertex 122.238 44.3845 0
    endloop
  endfacet
  facet normal 0 0 -1
    outer loop
      vertex 116.5 19.7752 0
      vertex 122.75 29.1292 0
      vertex 117.25 19.3087 0
    endloop
  endfacet
  facet normal 0 0 -1
    outer loop
      vertex 115.782 20.2897 0
      vertex 122.75 29.1292 0
      vertex 116.5 19.7752 0
    endloop
  endfacet
  facet normal 0 0 -1
    outer loop
      vertex 123.561 33.2068 0
      vertex 120.506 44.04 0
      vertex 121.366 44.2406 0
    endloop
  endfacet
  facet normal -0 0 -1
    outer loop
      vertex 122.75 29.1292 0
      vertex 115.782 20.2897 0
      vertex 122.409 29.409 0
    endloop
  endfacet
  facet normal 0 0 -1
    outer loop
      vertex 123.139 33.0787 0
      vertex 119.661 43.7836 0
      vertex 120.506 44.04 0
    endloop
  endfacet
  facet normal 0 0 -1
    outer loop
      vertex 115.099 20.8502 0
      vertex 122.409 29.409 0
      vertex 115.782 20.2897 0
    endloop
  endfacet
  facet normal 0 0 -1
    outer loop
      vertex 123.139 33.0787 0
      vertex 118.834 43.4724 0
      vertex 119.661 43.7836 0
    endloop
  endfacet
  facet normal 0 0 -1
    outer loop
      vertex 114.454 21.4541 0
      vertex 122.409 29.409 0
      vertex 115.099 20.8502 0
    endloop
  endfacet
  facet normal 0 0 -1
    outer loop
      vertex 123.139 33.0787 0
      vertex 118.029 43.1078 0
      vertex 118.834 43.4724 0
    endloop
  endfacet
  facet normal 0 0 -1
    outer loop
      vertex 113.85 22.0988 0
      vertex 122.409 29.409 0
      vertex 114.454 21.4541 0
    endloop
  endfacet
  facet normal 0 0 -1
    outer loop
      vertex 122.75 32.8708 0
      vertex 117.25 42.6913 0
      vertex 118.029 43.1078 0
    endloop
  endfacet
  facet normal -0 0 -1
    outer loop
      vertex 122.409 29.409 0
      vertex 113.85 22.0988 0
      vertex 122.129 29.75 0
    endloop
  endfacet
  facet normal 0 0 -1
    outer loop
      vertex 122.75 32.8708 0
      vertex 116.5 42.2248 0
      vertex 117.25 42.6913 0
    endloop
  endfacet
  facet normal 0 0 -1
    outer loop
      vertex 113.29 22.7817 0
      vertex 122.129 29.75 0
      vertex 113.85 22.0988 0
    endloop
  endfacet
  facet normal 0 0 -1
    outer loop
      vertex 122.75 32.8708 0
      vertex 115.782 41.7103 0
      vertex 116.5 42.2248 0
    endloop
  endfacet
  facet normal 0 0 -1
    outer loop
      vertex 112.775 23.4998 0
      vertex 122.129 29.75 0
      vertex 113.29 22.7817 0
    endloop
  endfacet
  facet normal 0 0 -1
    outer loop
      vertex 122.409 32.591 0
      vertex 115.099 41.1498 0
      vertex 115.782 41.7103 0
    endloop
  endfacet
  facet normal 0 0 -1
    outer loop
      vertex 112.309 24.25 0
      vertex 122.129 29.75 0
      vertex 112.775 23.4998 0
    endloop
  endfacet
  facet normal 0 0 -1
    outer loop
      vertex 122.409 32.591 0
      vertex 114.454 40.5459 0
      vertex 115.099 41.1498 0
    endloop
  endfacet
  facet normal -0 0 -1
    outer loop
      vertex 122.129 29.75 0
      vertex 112.309 24.25 0
      vertex 121.921 30.139 0
    endloop
  endfacet
  facet normal 0 0 -1
    outer loop
      vertex 122.409 32.591 0
      vertex 113.85 39.9012 0
      vertex 114.454 40.5459 0
    endloop
  endfacet
  facet normal 0 0 -1
    outer loop
      vertex 111.892 25.0291 0
      vertex 121.921 30.139 0
      vertex 112.309 24.25 0
    endloop
  endfacet
  facet normal 0 0 -1
    outer loop
      vertex 122.129 32.25 0
      vertex 113.29 39.2183 0
      vertex 113.85 39.9012 0
    endloop
  endfacet
  facet normal 0 0 -1
    outer loop
      vertex 111.528 25.8338 0
      vertex 121.921 30.139 0
      vertex 111.892 25.0291 0
    endloop
  endfacet
  facet normal 0 0 -1
    outer loop
      vertex 122.129 32.25 0
      vertex 112.775 38.5002 0
      vertex 113.29 39.2183 0
    endloop
  endfacet
  facet normal 0 0 -1
    outer loop
      vertex 111.216 26.6606 0
      vertex 121.921 30.139 0
      vertex 111.528 25.8338 0
    endloop
  endfacet
  facet normal 0 0 -1
    outer loop
      vertex 122.129 32.25 0
      vertex 112.309 37.75 0
      vertex 112.775 38.5002 0
    endloop
  endfacet
  facet normal -0 0 -1
    outer loop
      vertex 121.921 30.139 0
      vertex 111.216 26.6606 0
      vertex 121.793 30.561 0
    endloop
  endfacet
  facet normal 0 0 -1
    outer loop
      vertex 121.921 31.861 0
      vertex 111.892 36.9709 0
      vertex 112.309 37.75 0
    endloop
  endfacet
  facet normal 0 0 -1
    outer loop
      vertex 110.96 27.5059 0
      vertex 121.793 30.561 0
      vertex 111.216 26.6606 0
    endloop
  endfacet
  facet normal 0 0 -1
    outer loop
      vertex 121.921 31.861 0
      vertex 111.528 36.1662 0
      vertex 111.892 36.9709 0
    endloop
  endfacet
  facet normal 0 0 -1
    outer loop
      vertex 110.759 28.3663 0
      vertex 121.793 30.561 0
      vertex 110.96 27.5059 0
    endloop
  endfacet
  facet normal 0 0 -1
    outer loop
      vertex 121.921 31.861 0
      vertex 111.216 35.3394 0
      vertex 111.528 36.1662 0
    endloop
  endfacet
  facet normal 0 0 -1
    outer loop
      vertex 110.615 29.2379 0
      vertex 121.793 30.561 0
      vertex 110.759 28.3663 0
    endloop
  endfacet
  facet normal 0 0 -1
    outer loop
      vertex 121.793 31.439 0
      vertex 110.96 34.4941 0
      vertex 111.216 35.3394 0
    endloop
  endfacet
  facet normal -0 0 -1
    outer loop
      vertex 121.793 30.561 0
      vertex 110.615 29.2379 0
      vertex 121.75 31 0
    endloop
  endfacet
  facet normal 0 0 -1
    outer loop
      vertex 121.793 31.439 0
      vertex 110.759 33.6337 0
      vertex 110.96 34.4941 0
    endloop
  endfacet
  facet normal 0 0 -1
    outer loop
      vertex 110.529 30.1171 0
      vertex 121.75 31 0
      vertex 110.615 29.2379 0
    endloop
  endfacet
  facet normal 0 0 -1
    outer loop
      vertex 121.793 31.439 0
      vertex 110.615 32.7621 0
      vertex 110.759 33.6337 0
    endloop
  endfacet
  facet normal 0 0 -1
    outer loop
      vertex 110.5 31 0
      vertex 121.75 31 0
      vertex 110.529 30.1171 0
    endloop
  endfacet
  facet normal 0 0 -1
    outer loop
      vertex 121.75 31 0
      vertex 110.529 31.8829 0
      vertex 110.615 32.7621 0
    endloop
  endfacet
  facet normal 0 0 -1
    outer loop
      vertex 121.75 31 0
      vertex 110.5 31 0
      vertex 110.529 31.8829 0
    endloop
  endfacet
  facet normal -0.99525 0.0973516 0
    outer loop
      vertex 110.529 31.8829 0
      vertex 110.615 32.7621 3
      vertex 110.615 32.7621 0
    endloop
  endfacet
  facet normal -0.99525 0.0973516 0
    outer loop
      vertex 110.615 32.7621 3
      vertex 110.529 31.8829 0
      vertex 110.529 31.8829 3
    endloop
  endfacet
  facet normal -0.881657 -0.471892 0
    outer loop
      vertex 112.309 24.25 0
      vertex 111.892 25.0291 3
      vertex 111.892 25.0291 0
    endloop
  endfacet
  facet normal -0.881657 -0.471892 0
    outer loop
      vertex 111.892 25.0291 3
      vertex 112.309 24.25 0
      vertex 112.309 24.25 3
    endloop
  endfacet
  facet normal -0.999461 0.0328286 0
    outer loop
      vertex 110.5 31 0
      vertex 110.529 31.8829 3
      vertex 110.529 31.8829 0
    endloop
  endfacet
  facet normal -0.999461 0.0328286 0
    outer loop
      vertex 110.529 31.8829 3
      vertex 110.5 31 0
      vertex 110.5 31 3
    endloop
  endfacet
  facet normal -0.528166 -0.849141 0
    outer loop
      vertex 116.5 19.7752 0
      vertex 117.25 19.3087 3
      vertex 116.5 19.7752 3
    endloop
  endfacet
  facet normal -0.528166 -0.849141 -0
    outer loop
      vertex 117.25 19.3087 3
      vertex 116.5 19.7752 0
      vertex 117.25 19.3087 0
    endloop
  endfacet
  facet normal -0.849458 0.527656 0
    outer loop
      vertex 112.309 37.75 0
      vertex 112.775 38.5002 3
      vertex 112.775 38.5002 0
    endloop
  endfacet
  facet normal -0.849458 0.527656 0
    outer loop
      vertex 112.775 38.5002 3
      vertex 112.309 37.75 0
      vertex 112.309 37.75 3
    endloop
  endfacet
  facet normal -0.412575 -0.910924 0
    outer loop
      vertex 118.029 18.8922 0
      vertex 118.834 18.5276 3
      vertex 118.029 18.8922 3
    endloop
  endfacet
  facet normal -0.412575 -0.910924 -0
    outer loop
      vertex 118.834 18.5276 3
      vertex 118.029 18.8922 0
      vertex 118.834 18.5276 0
    endloop
  endfacet
  facet normal -0.88185 -0.471529 0
    outer loop
      vertex 126.079 31.861 0
      vertex 125.871 32.25 3
      vertex 125.871 32.25 0
    endloop
  endfacet
  facet normal -0.88185 -0.471529 0
    outer loop
      vertex 125.871 32.25 3
      vertex 126.079 31.861 0
      vertex 126.079 31.861 3
    endloop
  endfacet
  facet normal -0.471353 -0.881945 0
    outer loop
      vertex 124.861 33.0787 0
      vertex 125.25 32.8708 3
      vertex 124.861 33.0787 3
    endloop
  endfacet
  facet normal -0.471353 -0.881945 -0
    outer loop
      vertex 125.25 32.8708 3
      vertex 124.861 33.0787 0
      vertex 125.25 32.8708 0
    endloop
  endfacet
  facet normal -0.290467 0.956885 0
    outer loop
      vertex 124.861 28.9213 0
      vertex 124.439 28.7932 3
      vertex 124.861 28.9213 3
    endloop
  endfacet
  facet normal -0.290467 0.956885 0
    outer loop
      vertex 124.439 28.7932 3
      vertex 124.861 28.9213 0
      vertex 124.439 28.7932 0
    endloop
  endfacet
  facet normal -0.995237 -0.0974834 0
    outer loop
      vertex 126.25 31 0
      vertex 126.207 31.439 3
      vertex 126.207 31.439 0
    endloop
  endfacet
  facet normal -0.995237 -0.0974834 0
    outer loop
      vertex 126.207 31.439 3
      vertex 126.25 31 0
      vertex 126.25 31 3
    endloop
  endfacet
  facet normal 0.290467 -0.956885 0
    outer loop
      vertex 123.139 33.0787 0
      vertex 123.561 33.2068 3
      vertex 123.139 33.0787 3
    endloop
  endfacet
  facet normal 0.290467 -0.956885 0
    outer loop
      vertex 123.561 33.2068 3
      vertex 123.139 33.0787 0
      vertex 123.561 33.2068 0
    endloop
  endfacet
  facet normal -0.0979324 0.995193 0
    outer loop
      vertex 124.439 28.7932 0
      vertex 124 28.75 3
      vertex 124.439 28.7932 3
    endloop
  endfacet
  facet normal -0.0979324 0.995193 0
    outer loop
      vertex 124 28.75 3
      vertex 124.439 28.7932 0
      vertex 124 28.75 0
    endloop
  endfacet
  facet normal 0.995237 -0.0974834 0
    outer loop
      vertex 121.75 31 3
      vertex 121.793 31.439 0
      vertex 121.793 31.439 3
    endloop
  endfacet
  facet normal 0.995237 -0.0974834 0
    outer loop
      vertex 121.793 31.439 0
      vertex 121.75 31 3
      vertex 121.75 31 0
    endloop
  endfacet
  facet normal 0.995237 0.0974834 0
    outer loop
      vertex 121.793 30.561 3
      vertex 121.75 31 0
      vertex 121.75 31 3
    endloop
  endfacet
  facet normal 0.995237 0.0974834 0
    outer loop
      vertex 121.75 31 0
      vertex 121.793 30.561 3
      vertex 121.793 30.561 0
    endloop
  endfacet
  facet normal -0.956948 -0.290259 0
    outer loop
      vertex 126.207 31.439 0
      vertex 126.079 31.861 3
      vertex 126.079 31.861 0
    endloop
  endfacet
  facet normal -0.956948 -0.290259 0
    outer loop
      vertex 126.079 31.861 3
      vertex 126.207 31.439 0
      vertex 126.207 31.439 3
    endloop
  endfacet
  facet normal 0.634324 0.773068 -0
    outer loop
      vertex 122.75 29.1292 0
      vertex 122.409 29.409 3
      vertex 122.75 29.1292 3
    endloop
  endfacet
  facet normal 0.634324 0.773068 0
    outer loop
      vertex 122.409 29.409 3
      vertex 122.75 29.1292 0
      vertex 122.409 29.409 0
    endloop
  endfacet
  facet normal 0.0979324 0.995193 -0
    outer loop
      vertex 124 28.75 0
      vertex 123.561 28.7932 3
      vertex 124 28.75 3
    endloop
  endfacet
  facet normal 0.0979324 0.995193 0
    outer loop
      vertex 123.561 28.7932 3
      vertex 124 28.75 0
      vertex 123.561 28.7932 0
    endloop
  endfacet
  facet normal -0.0979324 -0.995193 0
    outer loop
      vertex 124 33.25 0
      vertex 124.439 33.2068 3
      vertex 124 33.25 3
    endloop
  endfacet
  facet normal -0.0979324 -0.995193 -0
    outer loop
      vertex 124.439 33.2068 3
      vertex 124 33.25 0
      vertex 124.439 33.2068 0
    endloop
  endfacet
  facet normal 0.88185 0.471529 0
    outer loop
      vertex 122.129 29.75 3
      vertex 121.921 30.139 0
      vertex 121.921 30.139 3
    endloop
  endfacet
  facet normal 0.88185 0.471529 0
    outer loop
      vertex 121.921 30.139 0
      vertex 122.129 29.75 3
      vertex 122.129 29.75 0
    endloop
  endfacet
  facet normal 0.634324 -0.773068 0
    outer loop
      vertex 122.409 32.591 0
      vertex 122.75 32.8708 3
      vertex 122.409 32.591 3
    endloop
  endfacet
  facet normal 0.634324 -0.773068 0
    outer loop
      vertex 122.75 32.8708 3
      vertex 122.409 32.591 0
      vertex 122.75 32.8708 0
    endloop
  endfacet
  facet normal 0.471353 -0.881945 0
    outer loop
      vertex 122.75 32.8708 0
      vertex 123.139 33.0787 3
      vertex 122.75 32.8708 3
    endloop
  endfacet
  facet normal 0.471353 -0.881945 0
    outer loop
      vertex 123.139 33.0787 3
      vertex 122.75 32.8708 0
      vertex 123.139 33.0787 0
    endloop
  endfacet
  facet normal 0.471353 0.881945 -0
    outer loop
      vertex 123.139 28.9213 0
      vertex 122.75 29.1292 3
      vertex 123.139 28.9213 3
    endloop
  endfacet
  facet normal 0.471353 0.881945 0
    outer loop
      vertex 122.75 29.1292 3
      vertex 123.139 28.9213 0
      vertex 122.75 29.1292 0
    endloop
  endfacet
  facet normal 0.290467 0.956885 -0
    outer loop
      vertex 123.561 28.7932 0
      vertex 123.139 28.9213 3
      vertex 123.561 28.7932 3
    endloop
  endfacet
  facet normal 0.290467 0.956885 0
    outer loop
      vertex 123.139 28.9213 3
      vertex 123.561 28.7932 0
      vertex 123.139 28.9213 0
    endloop
  endfacet
  facet normal -0.772845 -0.634594 0
    outer loop
      vertex 125.871 32.25 0
      vertex 125.591 32.591 3
      vertex 125.591 32.591 0
    endloop
  endfacet
  facet normal -0.772845 -0.634594 0
    outer loop
      vertex 125.591 32.591 3
      vertex 125.871 32.25 0
      vertex 125.871 32.25 3
    endloop
  endfacet
  facet normal -0.88185 0.471529 0
    outer loop
      vertex 125.871 29.75 0
      vertex 126.079 30.139 3
      vertex 126.079 30.139 0
    endloop
  endfacet
  facet normal -0.88185 0.471529 0
    outer loop
      vertex 126.079 30.139 3
      vertex 125.871 29.75 0
      vertex 125.871 29.75 3
    endloop
  endfacet
  facet normal 0.772845 0.634594 0
    outer loop
      vertex 122.409 29.409 3
      vertex 122.129 29.75 0
      vertex 122.129 29.75 3
    endloop
  endfacet
  facet normal 0.772845 0.634594 0
    outer loop
      vertex 122.129 29.75 0
      vertex 122.409 29.409 3
      vertex 122.409 29.409 0
    endloop
  endfacet
  facet normal -0.471353 0.881945 0
    outer loop
      vertex 125.25 29.1292 0
      vertex 124.861 28.9213 3
      vertex 125.25 29.1292 3
    endloop
  endfacet
  facet normal -0.471353 0.881945 0
    outer loop
      vertex 124.861 28.9213 3
      vertex 125.25 29.1292 0
      vertex 124.861 28.9213 0
    endloop
  endfacet
  facet normal -0.634324 -0.773068 0
    outer loop
      vertex 125.25 32.8708 0
      vertex 125.591 32.591 3
      vertex 125.25 32.8708 3
    endloop
  endfacet
  facet normal -0.634324 -0.773068 -0
    outer loop
      vertex 125.591 32.591 3
      vertex 125.25 32.8708 0
      vertex 125.591 32.591 0
    endloop
  endfacet
  facet normal -0.772845 0.634594 0
    outer loop
      vertex 125.591 29.409 0
      vertex 125.871 29.75 3
      vertex 125.871 29.75 0
    endloop
  endfacet
  facet normal -0.772845 0.634594 0
    outer loop
      vertex 125.871 29.75 3
      vertex 125.591 29.409 0
      vertex 125.591 29.409 3
    endloop
  endfacet
  facet normal -0.995237 0.0974834 0
    outer loop
      vertex 126.207 30.561 0
      vertex 126.25 31 3
      vertex 126.25 31 0
    endloop
  endfacet
  facet normal -0.995237 0.0974834 0
    outer loop
      vertex 126.25 31 3
      vertex 126.207 30.561 0
      vertex 126.207 30.561 3
    endloop
  endfacet
  facet normal 0.956948 0.290259 0
    outer loop
      vertex 121.921 30.139 3
      vertex 121.793 30.561 0
      vertex 121.793 30.561 3
    endloop
  endfacet
  facet normal 0.956948 0.290259 0
    outer loop
      vertex 121.793 30.561 0
      vertex 121.921 30.139 3
      vertex 121.921 30.139 0
    endloop
  endfacet
  facet normal 0.0979324 -0.995193 0
    outer loop
      vertex 123.561 33.2068 0
      vertex 124 33.25 3
      vertex 123.561 33.2068 3
    endloop
  endfacet
  facet normal 0.0979324 -0.995193 0
    outer loop
      vertex 124 33.25 3
      vertex 123.561 33.2068 0
      vertex 124 33.25 0
    endloop
  endfacet
  facet normal 0.772845 -0.634594 0
    outer loop
      vertex 122.129 32.25 3
      vertex 122.409 32.591 0
      vertex 122.409 32.591 3
    endloop
  endfacet
  facet normal 0.772845 -0.634594 0
    outer loop
      vertex 122.409 32.591 0
      vertex 122.129 32.25 3
      vertex 122.129 32.25 0
    endloop
  endfacet
  facet normal 0.88185 -0.471529 0
    outer loop
      vertex 121.921 31.861 3
      vertex 122.129 32.25 0
      vertex 122.129 32.25 3
    endloop
  endfacet
  facet normal 0.88185 -0.471529 0
    outer loop
      vertex 122.129 32.25 0
      vertex 121.921 31.861 3
      vertex 121.921 31.861 0
    endloop
  endfacet
  facet normal -0.956948 0.290259 0
    outer loop
      vertex 126.079 30.139 0
      vertex 126.207 30.561 3
      vertex 126.207 30.561 0
    endloop
  endfacet
  facet normal -0.956948 0.290259 0
    outer loop
      vertex 126.207 30.561 3
      vertex 126.079 30.139 0
      vertex 126.079 30.139 3
    endloop
  endfacet
  facet normal -0.634324 0.773068 0
    outer loop
      vertex 125.591 29.409 0
      vertex 125.25 29.1292 3
      vertex 125.591 29.409 3
    endloop
  endfacet
  facet normal -0.634324 0.773068 0
    outer loop
      vertex 125.25 29.1292 3
      vertex 125.591 29.409 0
      vertex 125.25 29.1292 0
    endloop
  endfacet
  facet normal -0.290467 -0.956885 0
    outer loop
      vertex 124.439 33.2068 0
      vertex 124.861 33.0787 3
      vertex 124.439 33.2068 3
    endloop
  endfacet
  facet normal -0.290467 -0.956885 -0
    outer loop
      vertex 124.861 33.0787 3
      vertex 124.439 33.2068 0
      vertex 124.861 33.0787 0
    endloop
  endfacet
  facet normal 0.956948 -0.290259 0
    outer loop
      vertex 121.793 31.439 3
      vertex 121.921 31.861 0
      vertex 121.921 31.861 3
    endloop
  endfacet
  facet normal 0.956948 -0.290259 0
    outer loop
      vertex 121.921 31.861 0
      vertex 121.793 31.439 3
      vertex 121.793 31.439 0
    endloop
  endfacet
endsolid OpenSCAD_Model
